index,paper_run_id,event_time_utc,entered_at_utc,settled_at_utc,market_start_utc,market_slug,selected_outcome,entry_price,stake_usd,size_shares,settlement_value_usd,pnl_usd,cumulative_pnl_usd
1,f162f9af-a8c7-4854-a68d-3fe2ee84c6ab,2026-07-03 06:50:21,2026-07-03 06:39:42,2026-07-03 06:50:21,2026-07-03 06:40:00,eth-updown-5m-1783060800,Up,0.53029301,6.00930003,11.33203704,11.33203704,5.32273701,5.32273701
2,b601bcae-b29d-4a2d-a789-9f731e6f3c90,2026-07-03 06:55:36,2026-07-03 06:44:36,2026-07-03 06:55:36,2026-07-03 06:45:00,eth-updown-5m-1783061100,Up,0.52000000,6.00930000,11.55634615,11.55634615,5.54704615,10.86978316
3,9e15d7fa-ba99-473b-890d-ce88e40cf5f4,2026-07-03 06:58:06,2026-07-03 06:49:33,2026-07-03 06:58:06,2026-07-03 06:50:00,eth-updown-5m-1783061400,Up,0.51000000,6.00930000,11.78294118,11.78294118,5.77364118,16.64342434
4,aa31e433-ae81-44c5-accd-3dddd7b03c4f,2026-07-03 07:15:15,2026-07-03 07:04:34,2026-07-03 07:15:15,2026-07-03 07:05:00,eth-updown-5m-1783062300,Up,0.50000000,6.00930000,12.01860000,12.01860000,6.00930000,22.65272434
5,3af6efbf-15db-4ada-bc67-cf5798c48143,2026-07-03 07:25:22,2026-07-03 07:14:31,2026-07-03 07:25:22,2026-07-03 07:15:00,eth-updown-5m-1783062900,Up,0.50000000,6.00930000,12.01860000,12.01860000,6.00930000,28.66202434
6,edfb1319-afdb-4639-9bde-5efef6107eb9,2026-07-03 07:50:04,2026-07-03 07:39:30,2026-07-03 07:50:04,2026-07-03 07:40:00,eth-updown-5m-1783064400,Up,0.50165207,6.00929998,11.97901961,11.97901961,5.96971963,34.63174397
7,b6581e54-218a-46ef-9bac-19f6f2aad8cf,2026-07-03 08:09:23,2026-07-03 07:59:34,2026-07-03 08:09:23,2026-07-03 08:00:00,eth-updown-5m-1783065600,Up,0.50000000,6.00930000,12.01860000,12.01860000,6.00930000,40.64104397
8,80a2810e-d7ee-4a13-ba4b-603f53aa109c,2026-07-03 08:12:56,2026-07-03 08:04:30,2026-07-03 08:12:56,2026-07-03 08:05:00,eth-updown-5m-1783065900,Up,0.50000000,6.00930000,12.01860000,0.00000000,-6.00930000,34.63174397
9,5eaf7232-0f79-489b-9613-f40e5a7881bf,2026-07-03 08:20:05,2026-07-03 08:09:33,2026-07-03 08:20:05,2026-07-03 08:10:00,eth-updown-5m-1783066200,Up,0.51000000,6.00930000,11.78294118,0.00000000,-6.00930000,28.62244397
10,0e156a4a-3ea1-48d0-a7e8-ed1ca2b7a2d7,2026-07-03 08:25:10,2026-07-03 08:14:30,2026-07-03 08:25:10,2026-07-03 08:15:00,eth-updown-5m-1783066500,Up,0.50000000,6.00930000,12.01860000,0.00000000,-6.00930000,22.61314397
11,7a48b957-5b25-45a9-bfc4-a1496a33fabc,2026-07-03 08:28:50,2026-07-03 08:19:34,2026-07-03 08:28:50,2026-07-03 08:20:00,eth-updown-5m-1783066800,Up,0.51000000,6.00930000,11.78294118,11.78294118,5.77364118,28.38678515
12,22e7e85f-ae79-4e75-9072-b486d61d558f,2026-07-03 08:35:17,2026-07-03 08:24:35,2026-07-03 08:35:17,2026-07-03 08:25:00,eth-updown-5m-1783067100,Up,0.51000000,6.00930000,11.78294118,11.78294118,5.77364118,34.16042633
13,184d1af0-4d4e-4971-a803-53b32249f627,2026-07-03 09:04:14,2026-07-03 08:54:34,2026-07-03 09:04:14,2026-07-03 08:55:00,eth-updown-5m-1783068900,Up,0.51000000,6.00930000,11.78294118,11.78294118,5.77364118,39.93406751
14,1cf354bc-5593-4524-96fe-6a3d85026407,2026-07-03 09:10:03,2026-07-03 08:59:33,2026-07-03 09:10:03,2026-07-03 09:00:00,eth-updown-5m-1783069200,Up,0.51000000,6.00930000,11.78294118,11.78294118,5.77364118,45.70770869
15,6109dbfb-cd1f-415f-bfc2-3d38c65fd0ad,2026-07-03 09:27:37,2026-07-03 09:19:34,2026-07-03 09:27:37,2026-07-03 09:20:00,eth-updown-5m-1783070400,Up,0.49000000,6.00930000,12.26387755,12.26387755,6.25457755,51.96228624
16,9ce87a23-ae4b-4b7e-b890-6812f72fcebc,2026-07-03 10:42:45,2026-07-03 10:34:30,2026-07-03 10:42:45,2026-07-03 10:35:00,eth-updown-5m-1783074900,Up,0.51000000,6.00930000,11.78294118,11.78294118,5.77364118,57.73592742
17,611e28c7-7ef2-4e34-ae6e-a6510612a749,2026-07-03 11:09:33,2026-07-03 10:59:30,2026-07-03 11:09:33,2026-07-03 11:00:00,eth-updown-5m-1783076400,Up,0.49000000,6.00930000,12.26387755,12.26387755,6.25457755,63.99050497
18,eb7aa0e7-e2ec-4f74-bef9-4259395ef51c,2026-07-03 11:15:05,2026-07-03 11:04:30,2026-07-03 11:15:05,2026-07-03 11:05:00,eth-updown-5m-1783076700,Up,0.50000000,6.00930000,12.01860000,12.01860000,6.00930000,69.99980497
19,e0625420-87cc-4c4b-84af-c8ce794a762e,2026-07-03 11:25:09,2026-07-03 11:14:30,2026-07-03 11:25:09,2026-07-03 11:15:00,eth-updown-5m-1783077300,Up,0.50000000,6.00930000,12.01860000,0.00000000,-6.00930000,63.99050497
20,ec43d52e-bd68-4611-9169-225e912578b9,2026-07-03 11:40:04,2026-07-03 11:29:33,2026-07-03 11:40:04,2026-07-03 11:30:00,eth-updown-5m-1783078200,Up,0.49000000,6.00930000,12.26387755,12.26387755,6.25457755,70.24508252
21,db822fa1-639c-4d7c-97fb-73575d0f8ede,2026-07-03 11:45:17,2026-07-03 11:34:33,2026-07-03 11:45:17,2026-07-03 11:35:00,eth-updown-5m-1783078500,Up,0.49011500,6.00930002,12.26100000,0.00000000,-6.00930002,64.23578250
22,cb72e4af-6ade-4ef2-9005-8f92d1d4adc7,2026-07-03 11:50:05,2026-07-03 11:39:34,2026-07-03 11:50:05,2026-07-03 11:40:00,eth-updown-5m-1783078800,Up,0.51000000,6.00930000,11.78294118,0.00000000,-6.00930000,58.22648250
23,90a3bef7-4841-426e-853f-0107145176b2,2026-07-03 11:55:05,2026-07-03 11:44:34,2026-07-03 11:55:05,2026-07-03 11:45:00,eth-updown-5m-1783079100,Up,0.51000000,6.00930000,11.78294118,11.78294118,5.77364118,64.00012368
24,6a246356-b115-42c4-b392-9724a2759e0f,2026-07-03 12:00:10,2026-07-03 11:49:30,2026-07-03 12:00:10,2026-07-03 11:50:00,eth-updown-5m-1783079400,Up,0.51000000,6.00930000,11.78294118,11.78294118,5.77364118,69.77376486
25,1f278f11-1ee6-4c7b-a8d3-f8903bde714d,2026-07-03 12:20:20,2026-07-03 12:09:33,2026-07-03 12:20:20,2026-07-03 12:10:00,eth-updown-5m-1783080600,Up,0.51000000,6.00930000,11.78294118,0.00000000,-6.00930000,63.76446486
26,022b1a8d-7831-4ac1-b864-9fcd1af5a974,2026-07-03 12:25:12,2026-07-03 12:14:30,2026-07-03 12:25:12,2026-07-03 12:15:00,eth-updown-5m-1783080900,Up,0.51553891,6.00929999,11.65634615,0.00000000,-6.00929999,57.75516487
27,71f2add2-05ec-4b42-b7b7-fbae6ca507f1,2026-07-03 12:27:12,2026-07-03 12:19:35,2026-07-03 12:27:12,2026-07-03 12:20:00,eth-updown-5m-1783081200,Up,0.55000000,6.00930000,10.92600000,10.92600000,4.91670000,62.67186487
28,7622a436-e17b-4963-8104-75accced6fd2,2026-07-03 12:34:17,2026-07-03 12:24:34,2026-07-03 12:34:17,2026-07-03 12:25:00,eth-updown-5m-1783081500,Up,0.53000000,6.00930000,11.33830189,0.00000000,-6.00930000,56.66256487
29,cb239175-cc1e-40b9-bbd4-2de23d85d2f0,2026-07-03 12:40:13,2026-07-03 12:29:34,2026-07-03 12:40:13,2026-07-03 12:30:00,eth-updown-5m-1783081800,Up,0.52000000,6.00930000,11.55634615,11.55634615,5.54704615,62.20961102
30,5c2ea151-1614-4f96-b667-81c4b6b6df6a,2026-07-03 12:42:11,2026-07-03 12:34:32,2026-07-03 12:42:11,2026-07-03 12:35:00,eth-updown-5m-1783082100,Up,0.52000000,6.00930000,11.55634615,0.00000000,-6.00930000,56.20031102
31,a61a2d2f-4479-4155-86ee-adfe917693f9,2026-07-03 12:49:12,2026-07-03 12:39:34,2026-07-03 12:49:12,2026-07-03 12:40:00,eth-updown-5m-1783082400,Up,0.53000000,6.00930000,11.33830189,11.33830189,5.32900189,61.52931291
32,72fcca54-9050-4bd3-955a-75db4c26cda4,2026-07-03 12:55:14,2026-07-03 12:44:34,2026-07-03 12:55:14,2026-07-03 12:45:00,eth-updown-5m-1783082700,Up,0.52000000,6.00930000,11.55634615,11.55634615,5.54704615,67.07635906
33,1b17d612-3940-4617-9e5f-7f409a1b281d,2026-07-03 12:58:19,2026-07-03 12:49:30,2026-07-03 12:58:19,2026-07-03 12:50:00,eth-updown-5m-1783083000,Up,0.50000000,6.00930000,12.01860000,12.01860000,6.00930000,73.08565906
34,02b6fede-8df4-4191-8649-a266a29ccb2a,2026-07-03 13:03:46,2026-07-03 12:54:30,2026-07-03 13:03:46,2026-07-03 12:55:00,eth-updown-5m-1783083300,Up,0.51000000,6.00930000,11.78294118,11.78294118,5.77364118,78.85930024
35,1231fcdc-de64-4936-93d2-f0b3c91d8943,2026-07-03 13:08:05,2026-07-03 12:59:30,2026-07-03 13:08:05,2026-07-03 13:00:00,eth-updown-5m-1783083600,Up,0.49000000,6.00930000,12.26387755,12.26387755,6.25457755,85.11387779
36,447bd9a6-aa2a-4e77-90a5-cc07b3ff0d0b,2026-07-03 13:15:18,2026-07-03 13:04:30,2026-07-03 13:15:18,2026-07-03 13:05:00,eth-updown-5m-1783083900,Up,0.49000000,6.00930000,12.26387755,0.00000000,-6.00930000,79.10457779
37,d7431e67-e241-4d78-813d-b464e4c8e1e8,2026-07-03 13:18:15,2026-07-03 13:09:32,2026-07-03 13:18:15,2026-07-03 13:10:00,eth-updown-5m-1783084200,Up,0.47000000,6.00930000,12.78574468,12.78574468,6.77644468,85.88102247
38,31ce0cfd-ed11-4cb1-8b65-4207b116066c,2026-07-03 13:23:29,2026-07-03 13:14:30,2026-07-03 13:23:29,2026-07-03 13:15:00,eth-updown-5m-1783084500,Up,0.49000000,6.00930000,12.26387755,12.26387755,6.25457755,92.13560002
39,c7368cda-c3af-4885-8b7e-e5206ad7672f,2026-07-03 13:47:22,2026-07-03 13:39:35,2026-07-03 13:47:22,2026-07-03 13:40:00,eth-updown-5m-1783086000,Up,0.50000000,6.00930000,12.01860000,12.01860000,6.00930000,98.14490002
40,bb1f8caa-bc49-44c1-aee6-5a9ca45e0b54,2026-07-03 14:00:24,2026-07-03 13:49:34,2026-07-03 14:00:24,2026-07-03 13:50:00,eth-updown-5m-1783086600,Up,0.49000000,6.00930000,12.26387755,12.26387755,6.25457755,104.39947757
41,b12e70a8-26c2-47a4-b894-225520b21a02,2026-07-03 14:01:53,2026-07-03 13:54:31,2026-07-03 14:01:53,2026-07-03 13:55:00,eth-updown-5m-1783086900,Up,0.48000000,6.00930000,12.51937500,12.51937500,6.51007500,110.90955257
42,addf8649-9d08-4cce-8f50-1e370598139e,2026-07-03 14:15:07,2026-07-03 14:04:34,2026-07-03 14:15:07,2026-07-03 14:05:00,eth-updown-5m-1783087500,Up,0.52000000,6.00930000,11.55634615,0.00000000,-6.00930000,104.90025257
43,7c2b3ac1-35f9-455c-9487-e2043c9b4e6c,2026-07-03 14:20:05,2026-07-03 14:09:34,2026-07-03 14:20:05,2026-07-03 14:10:00,eth-updown-5m-1783087800,Up,0.53000000,6.00930000,11.33830189,0.00000000,-6.00930000,98.89095257
44,873d099a-484d-4a2d-befb-5677d7087155,2026-07-03 14:23:45,2026-07-03 14:14:35,2026-07-03 14:23:45,2026-07-03 14:15:00,eth-updown-5m-1783088100,Up,0.56000000,6.00930000,10.73089286,0.00000000,-6.00930000,92.88165257
45,782da2f0-c692-482d-b314-d6e133e6af66,2026-07-03 14:29:25,2026-07-03 14:19:35,2026-07-03 14:29:25,2026-07-03 14:20:00,eth-updown-5m-1783088400,Up,0.52000000,6.00930000,11.55634615,0.00000000,-6.00930000,86.87235257
46,610b6108-cf6c-4382-93ca-7d7c1f207744,2026-07-03 14:33:46,2026-07-03 14:24:35,2026-07-03 14:33:46,2026-07-03 14:25:00,eth-updown-5m-1783088700,Up,0.53000000,6.00930000,11.33830189,11.33830189,5.32900189,92.20135446
47,b16f1181-c5d3-49aa-958f-65616f3f1fce,2026-07-03 14:37:53,2026-07-03 14:29:33,2026-07-03 14:37:53,2026-07-03 14:30:00,eth-updown-5m-1783089000,Up,0.52000000,6.00930000,11.55634615,0.00000000,-6.00930000,86.19205446
48,7b0be272-6d7e-4e0b-9c69-fed4a3e7fe59,2026-07-03 14:45:14,2026-07-03 14:34:34,2026-07-03 14:45:14,2026-07-03 14:35:00,eth-updown-5m-1783089300,Up,0.52000000,6.00930000,11.55634615,11.55634615,5.54704615,91.73910061
49,c315ac7d-8446-4248-a74e-0a2f52b62322,2026-07-03 14:50:16,2026-07-03 14:39:33,2026-07-03 14:50:16,2026-07-03 14:40:00,eth-updown-5m-1783089600,Up,0.52000000,6.00930000,11.55634615,11.55634615,5.54704615,97.28614676
50,8432c947-1e0b-4d91-9b31-5b70653ad77b,2026-07-03 14:54:19,2026-07-03 14:44:31,2026-07-03 14:54:19,2026-07-03 14:45:00,eth-updown-5m-1783089900,Up,0.50000000,6.00930000,12.01860000,0.00000000,-6.00930000,91.27684676
51,15f2c467-55db-4dca-b6ff-9aeb113f8585,2026-07-03 14:59:42,2026-07-03 14:49:30,2026-07-03 14:59:42,2026-07-03 14:50:00,eth-updown-5m-1783090200,Up,0.50000000,6.00930000,12.01860000,12.01860000,6.00930000,97.28614676
52,65407495-4dc9-43b5-9b5a-c3e6a6c6bf1c,2026-07-03 15:02:46,2026-07-03 14:54:30,2026-07-03 15:02:46,2026-07-03 14:55:00,eth-updown-5m-1783090500,Up,0.50000000,6.00930000,12.01860000,0.00000000,-6.00930000,91.27684676
53,1302287c-964e-45db-a8b9-c2f7349be5a5,2026-07-03 15:07:41,2026-07-03 14:59:30,2026-07-03 15:07:41,2026-07-03 15:00:00,eth-updown-5m-1783090800,Up,0.50000000,6.00930000,12.01860000,0.00000000,-6.00930000,85.26754676
54,7a7454ae-8c22-430c-a13e-2480ac8e2a0d,2026-07-03 15:12:48,2026-07-03 15:04:30,2026-07-03 15:12:48,2026-07-03 15:05:00,eth-updown-5m-1783091100,Up,0.51000000,6.00930000,11.78294118,11.78294118,5.77364118,91.04118794
55,c5df27df-d2fe-4aca-b560-50710a261d4e,2026-07-03 15:22:02,2026-07-03 15:14:34,2026-07-03 15:22:02,2026-07-03 15:15:00,eth-updown-5m-1783091700,Up,0.51000000,6.00930000,11.78294118,11.78294118,5.77364118,96.81482912
56,c55406d3-bb67-41d2-bcea-e686d1625413,2026-07-03 16:01:56,2026-07-03 15:24:34,2026-07-03 16:01:56,2026-07-03 15:25:00,eth-updown-5m-1783092300,Up,0.51062749,6.00929998,11.76846154,0.00000000,-6.00929998,90.80552914
57,2c88e6af-cd3d-453e-8e2f-5796bc77d194,2026-07-03 16:01:57,2026-07-03 15:29:35,2026-07-03 16:01:57,2026-07-03 15:30:00,eth-updown-5m-1783092600,Up,0.52000000,6.00930000,11.55634615,11.55634615,5.54704615,96.35257529
58,840ed9ba-ae3b-43ae-8243-38237bb7e39f,2026-07-03 16:02:07,2026-07-03 15:34:34,2026-07-03 16:02:07,2026-07-03 15:35:00,eth-updown-5m-1783092900,Up,0.51000000,6.00930000,11.78294118,11.78294118,5.77364118,102.12621647
59,dd9c8fcc-aea1-4ee2-a117-cdc92adf4725,2026-07-03 16:43:03,2026-07-03 16:34:30,2026-07-03 16:43:03,2026-07-03 16:35:00,eth-updown-5m-1783096500,Up,0.51000000,6.00930000,11.78294118,11.78294118,5.77364118,107.89985765
60,3b2114d7-eb26-4310-8b31-9a9802fbc935,2026-07-03 16:50:05,2026-07-03 16:39:30,2026-07-03 16:50:05,2026-07-03 16:40:00,eth-updown-5m-1783096800,Up,0.51000000,6.00930000,11.78294118,11.78294118,5.77364118,113.67349883
61,f76b21f9-7380-4d65-9660-7e935721b69c,2026-07-03 17:00:05,2026-07-03 16:49:30,2026-07-03 17:00:05,2026-07-03 16:50:00,eth-updown-5m-1783097400,Up,0.51000000,6.00930000,11.78294118,11.78294118,5.77364118,119.44714001
62,71bc29c2-7374-47d0-9b82-f406ed7bb805,2026-07-03 17:45:11,2026-07-03 17:34:30,2026-07-03 17:45:11,2026-07-03 17:35:00,eth-updown-5m-1783100100,Up,0.51000000,6.00930000,11.78294118,11.78294118,5.77364118,125.22078119
63,0b524dc3-4b7f-4f50-8996-ca17fe1007f5,2026-07-03 18:00:25,2026-07-03 17:49:30,2026-07-03 18:00:25,2026-07-03 17:50:00,eth-updown-5m-1783101000,Up,0.50000000,6.00930000,12.01860000,12.01860000,6.00930000,131.23008119
64,440692f6-866e-4c47-a47d-b35adc159389,2026-07-03 18:05:03,2026-07-03 17:54:30,2026-07-03 18:05:03,2026-07-03 17:55:00,eth-updown-5m-1783101300,Up,0.51000000,6.00930000,11.78294118,0.00000000,-6.00930000,125.22078119
65,98cff576-c9c6-486e-96a7-41a75b9913c2,2026-07-03 18:07:59,2026-07-03 17:59:30,2026-07-03 18:07:59,2026-07-03 18:00:00,eth-updown-5m-1783101600,Up,0.52000000,6.00930000,11.55634615,0.00000000,-6.00930000,119.21148119
66,66d82a94-25fc-4559-a9e8-0c947fbb6558,2026-07-03 18:14:51,2026-07-03 18:04:34,2026-07-03 18:14:51,2026-07-03 18:05:00,eth-updown-5m-1783101900,Up,0.51000000,6.00930000,11.78294118,0.00000000,-6.00930000,113.20218119
67,1df1bef3-3a8c-4407-97a7-77e0bea1fed3,2026-07-03 18:18:12,2026-07-03 18:09:32,2026-07-03 18:18:12,2026-07-03 18:10:00,eth-updown-5m-1783102200,Up,0.52000000,6.00930000,11.55634615,0.00000000,-6.00930000,107.19288119
68,fd1b6f21-1b07-4541-8580-4ed10b577d87,2026-07-03 18:25:15,2026-07-03 18:14:30,2026-07-03 18:25:15,2026-07-03 18:15:00,eth-updown-5m-1783102500,Up,0.51570908,6.00930005,11.65250000,11.65250000,5.64319995,112.83608114
69,86e40730-9c9f-4ee5-9ba0-05ad993c4ebe,2026-07-03 18:30:14,2026-07-03 18:19:31,2026-07-03 18:30:14,2026-07-03 18:20:00,eth-updown-5m-1783102800,Up,0.51000000,6.00930000,11.78294118,0.00000000,-6.00930000,106.82678114
70,debcba85-43ab-4198-b9fe-be8687aaa423,2026-07-03 18:32:48,2026-07-03 18:24:30,2026-07-03 18:32:48,2026-07-03 18:25:00,eth-updown-5m-1783103100,Up,0.51000000,6.00930000,11.78294118,11.78294118,5.77364118,112.60042232
71,ea3dc20e-4dc9-4ea0-a474-743ab7f0336e,2026-07-03 19:00:02,2026-07-03 18:49:30,2026-07-03 19:00:02,2026-07-03 18:50:00,eth-updown-5m-1783104600,Up,0.51000000,6.00930000,11.78294118,11.78294118,5.77364118,118.37406350
72,9d2b21a0-8aa7-48ce-8d51-1abd577c5c67,2026-07-03 19:25:16,2026-07-03 19:14:30,2026-07-03 19:25:16,2026-07-03 19:15:00,eth-updown-5m-1783106100,Up,0.52000000,6.00930000,11.55634615,11.55634615,5.54704615,123.92110965
73,0ea896e8-deee-4927-9c31-647da564e025,2026-07-03 20:00:15,2026-07-03 19:49:35,2026-07-03 20:00:15,2026-07-03 19:50:00,eth-updown-5m-1783108200,Up,0.50413591,6.00930005,11.92000000,0.00000000,-6.00930005,117.91180960
74,494929e9-1d7e-48a4-9173-6aca21a4d913,2026-07-03 20:05:06,2026-07-03 19:54:33,2026-07-03 20:05:06,2026-07-03 19:55:00,eth-updown-5m-1783108500,Up,0.51000000,6.00930000,11.78294118,0.00000000,-6.00930000,111.90250960
75,cc697a29-dca9-4597-aa81-4e360e2a6544,2026-07-03 20:15:05,2026-07-03 20:04:33,2026-07-03 20:15:05,2026-07-03 20:05:00,eth-updown-5m-1783109100,Up,0.52000000,6.00930000,11.55634615,11.55634615,5.54704615,117.44955575
76,0310b305-0f9f-4be2-90c6-914dd23a71d2,2026-07-03 20:43:16,2026-07-03 20:34:35,2026-07-03 20:43:16,2026-07-03 20:35:00,eth-updown-5m-1783110900,Up,0.47000000,6.00930000,12.78574468,12.78574468,6.77644468,124.22600043
77,a4589933-14d2-4cde-8a0d-9cbd120f9e8e,2026-07-03 21:40:01,2026-07-03 21:29:30,2026-07-03 21:40:01,2026-07-03 21:30:00,eth-updown-5m-1783114200,Up,0.50579159,6.00929996,11.88098039,0.00000000,-6.00929996,118.21670047
78,d3b3f3c2-621f-4087-b83b-8e2ff654980b,2026-07-03 21:44:10,2026-07-03 21:34:33,2026-07-03 21:44:10,2026-07-03 21:35:00,eth-updown-5m-1783114500,Up,0.54000000,6.00930000,11.12833333,0.00000000,-6.00930000,112.20740047
79,9d1f9059-eee9-4319-9523-a5ab1dd8e704,2026-07-03 21:47:53,2026-07-03 21:39:38,2026-07-03 21:47:53,2026-07-03 21:40:00,eth-updown-5m-1783114800,Up,0.52041324,6.00930005,11.54716981,11.54716981,5.53786976,117.74527023
80,ee82171a-4fd9-4116-9488-10aee0a8205b,2026-07-03 21:55:18,2026-07-03 21:44:30,2026-07-03 21:55:18,2026-07-03 21:45:00,eth-updown-5m-1783115100,Up,0.52562656,6.00930003,11.43264151,11.43264151,5.42334148,123.16861171
81,7784d4e0-11d6-4cb4-8d34-37ecd35656ff,2026-07-03 22:13:22,2026-07-03 22:04:35,2026-07-03 22:13:22,2026-07-03 22:05:00,eth-updown-5m-1783116300,Up,0.51000000,6.00930000,11.78294118,0.00000000,-6.00930000,117.15931171
82,dc55147c-1713-4eb6-92a7-a1b401bb2300,2026-07-03 22:16:40,2026-07-03 22:09:36,2026-07-03 22:16:40,2026-07-03 22:10:00,eth-updown-5m-1783116600,Up,0.53000000,6.00930000,11.33830189,11.33830189,5.32900189,122.48831360
83,61565f82-fdc3-435b-91c0-9ea824a3db3b,2026-07-03 22:22:49,2026-07-03 22:14:34,2026-07-03 22:22:49,2026-07-03 22:15:00,eth-updown-5m-1783116900,Up,0.53368561,6.00929997,11.26000000,11.26000000,5.25070003,127.73901363
84,3413b209-6eb3-44aa-b0d2-59ffaaa101fc,2026-07-03 22:26:28,2026-07-03 22:19:31,2026-07-03 22:26:28,2026-07-03 22:20:00,eth-updown-5m-1783117200,Up,0.52000000,6.00930000,11.55634615,11.55634615,5.54704615,133.28605978
85,21cf0e07-efc2-4e13-bb1c-10b857100442,2026-07-03 22:36:15,2026-07-03 22:24:30,2026-07-03 22:36:15,2026-07-03 22:25:00,eth-updown-5m-1783117500,Up,0.52000000,6.00930000,11.55634615,11.55634615,5.54704615,138.83310593
86,81a5ec3c-352f-48a8-be57-93390a90ccb8,2026-07-03 22:38:14,2026-07-03 22:29:34,2026-07-03 22:38:14,2026-07-03 22:30:00,eth-updown-5m-1783117800,Up,0.51000000,6.00930000,11.78294118,0.00000000,-6.00930000,132.82380593
87,21afd8fd-39de-4c5c-9f31-853f6c1ce4d9,2026-07-03 22:43:10,2026-07-03 22:34:35,2026-07-03 22:43:10,2026-07-03 22:35:00,eth-updown-5m-1783118100,Up,0.52000000,6.00930000,11.55634615,0.00000000,-6.00930000,126.81450593
88,58844f5f-daab-4459-a36d-6a6cc5059e0f,2026-07-03 22:47:46,2026-07-03 22:39:34,2026-07-03 22:47:46,2026-07-03 22:40:00,eth-updown-5m-1783118400,Up,0.52000000,6.00930000,11.55634615,11.55634615,5.54704615,132.36155208
89,b5469947-cff8-41ee-b420-ec28d6d30616,2026-07-03 22:53:37,2026-07-03 22:44:30,2026-07-03 22:53:37,2026-07-03 22:45:00,eth-updown-5m-1783118700,Up,0.52000000,6.00930000,11.55634615,0.00000000,-6.00930000,126.35225208
90,dfc66080-7533-48d8-83df-b2e14e24a73f,2026-07-03 23:00:22,2026-07-03 22:49:36,2026-07-03 23:00:22,2026-07-03 22:50:00,eth-updown-5m-1783119000,Up,0.51000000,6.00930000,11.78294118,0.00000000,-6.00930000,120.34295208
91,cbda38a8-81c0-430a-a84d-6f8531f5ad6d,2026-07-03 23:05:01,2026-07-03 22:54:35,2026-07-03 23:05:01,2026-07-03 22:55:00,eth-updown-5m-1783119300,Up,0.52000000,6.00930000,11.55634615,11.55634615,5.54704615,125.88999823
92,e3225f0c-47fd-4eb2-98b5-3fa2c26f13f2,2026-07-03 23:07:39,2026-07-03 22:59:34,2026-07-03 23:07:39,2026-07-03 23:00:00,eth-updown-5m-1783119600,Up,0.52000000,6.00930000,11.55634615,11.55634615,5.54704615,131.43704438
93,1ab802df-7614-4f0d-a76e-3b5ab7e5ce14,2026-07-03 23:13:59,2026-07-03 23:04:30,2026-07-03 23:13:59,2026-07-03 23:05:00,eth-updown-5m-1783119900,Up,0.51000000,6.00930000,11.78294118,0.00000000,-6.00930000,125.42774438
94,fccb37cd-c233-440f-b3d3-0229ed09b553,2026-07-03 23:20:11,2026-07-03 23:09:35,2026-07-03 23:20:11,2026-07-03 23:10:00,eth-updown-5m-1783120200,Up,0.53000000,6.00930000,11.33830189,11.33830189,5.32900189,130.75674627
95,0abf53d3-f1d1-4b22-9400-2a18220e5d75,2026-07-03 23:22:17,2026-07-03 23:14:34,2026-07-03 23:22:17,2026-07-03 23:15:00,eth-updown-5m-1783120500,Up,0.51000000,6.00930000,11.78294118,11.78294118,5.77364118,136.53038745
96,ff7b19c6-5a07-48f4-a2bc-872862707beb,2026-07-03 23:36:49,2026-07-03 23:29:34,2026-07-03 23:36:49,2026-07-03 23:30:00,eth-updown-5m-1783121400,Up,0.51000000,6.00930000,11.78294118,11.78294118,5.77364118,142.30402863
97,f53cd50a-6911-4165-aab8-8bbdffe92c6d,2026-07-04 00:05:09,2026-07-03 23:54:30,2026-07-04 00:05:09,2026-07-03 23:55:00,eth-updown-5m-1783122900,Up,0.52000000,6.00930000,11.55634615,11.55634615,5.54704615,147.85107478
98,603e10eb-10a3-4a18-9f4b-ad364e6bab9f,2026-07-04 00:09:26,2026-07-03 23:59:30,2026-07-04 00:09:26,2026-07-04 00:00:00,eth-updown-5m-1783123200,Up,0.52000000,6.00930000,11.55634615,11.55634615,5.54704615,153.39812093
99,328cbf86-4e6f-448b-b7ea-0af7670e9957,2026-07-04 00:12:36,2026-07-04 00:04:30,2026-07-04 00:12:36,2026-07-04 00:05:00,eth-updown-5m-1783123500,Up,0.51000000,6.00930000,11.78294118,11.78294118,5.77364118,159.17176211
100,cede96e2-49df-4703-b038-0a046e600dbb,2026-07-04 00:35:13,2026-07-04 00:24:34,2026-07-04 00:35:13,2026-07-04 00:25:00,eth-updown-5m-1783124700,Up,0.52000000,6.00930000,11.55634615,11.55634615,5.54704615,164.71880826
101,a4cf18f4-4588-4d7b-a28d-a1d9230e916a,2026-07-04 00:37:24,2026-07-04 00:29:30,2026-07-04 00:37:24,2026-07-04 00:30:00,eth-updown-5m-1783125000,Up,0.53000000,6.00930000,11.33830189,11.33830189,5.32900189,170.04781015
102,ef49e96f-9f9a-4b9d-8bbb-16fdbb46cf1a,2026-07-04 00:45:17,2026-07-04 00:34:31,2026-07-04 00:45:17,2026-07-04 00:35:00,eth-updown-5m-1783125300,Up,0.51000000,6.00930000,11.78294118,0.00000000,-6.00930000,164.03851015
103,c73a0acc-cd50-4c6f-9e36-9cc0a3ffd006,2026-07-04 00:50:33,2026-07-04 00:39:30,2026-07-04 00:50:33,2026-07-04 00:40:00,eth-updown-5m-1783125600,Up,0.52000000,6.00930000,11.55634615,11.55634615,5.54704615,169.58555630
104,03e4c398-c31d-47e4-ad32-ad19404124e9,2026-07-04 00:58:15,2026-07-04 00:49:30,2026-07-04 00:58:15,2026-07-04 00:50:00,eth-updown-5m-1783126200,Up,0.50000000,6.00930000,12.01860000,0.00000000,-6.00930000,163.57625630
105,651c18ec-de66-4305-b33b-0ca16dca1c4c,2026-07-04 01:05:07,2026-07-04 00:54:36,2026-07-04 01:05:07,2026-07-04 00:55:00,eth-updown-5m-1783126500,Up,0.54000000,6.00930000,11.12833333,11.12833333,5.11903333,168.69528963
106,f37d19f0-b1a7-435a-96a2-992af0135e1b,2026-07-04 01:10:12,2026-07-04 00:59:33,2026-07-04 01:10:12,2026-07-04 01:00:00,eth-updown-5m-1783126800,Up,0.52000000,6.00930000,11.55634615,0.00000000,-6.00930000,162.68598963
107,340eb316-0fe3-4355-af07-f7438d5e6ba8,2026-07-04 01:14:15,2026-07-04 01:04:34,2026-07-04 01:14:15,2026-07-04 01:05:00,eth-updown-5m-1783127100,Up,0.60000000,6.00930000,10.01550000,0.00000000,-6.00930000,156.67668963
108,61279600-6d57-4eb9-9533-708df06e7a65,2026-07-04 01:20:23,2026-07-04 01:09:34,2026-07-04 01:20:23,2026-07-04 01:10:00,eth-updown-5m-1783127400,Up,0.54447309,6.00930000,11.03690909,0.00000000,-6.00930000,150.66738963
109,698117f2-b69e-45ca-bfe9-9cd19ce2cdf6,2026-07-04 01:25:20,2026-07-04 01:14:35,2026-07-04 01:25:20,2026-07-04 01:15:00,eth-updown-5m-1783127700,Up,0.54255146,6.00929997,11.07600000,11.07600000,5.06670003,155.73408966
110,49ddecca-0ba6-4e21-a709-74467392d5e5,2026-07-04 01:30:14,2026-07-04 01:19:34,2026-07-04 01:30:14,2026-07-04 01:20:00,eth-updown-5m-1783128000,Up,0.52000000,6.00930000,11.55634615,0.00000000,-6.00930000,149.72478966
111,78e1a5e1-3ff4-4ee6-9e52-a0f33f715665,2026-07-04 01:35:10,2026-07-04 01:24:34,2026-07-04 01:35:10,2026-07-04 01:25:00,eth-updown-5m-1783128300,Up,0.54000000,6.00930000,11.12833333,11.12833333,5.11903333,154.84382299
112,8102fe79-3ea5-41aa-b125-98c44fc2ae1c,2026-07-04 01:37:55,2026-07-04 01:29:31,2026-07-04 01:37:55,2026-07-04 01:30:00,eth-updown-5m-1783128600,Up,0.55000000,6.00930000,10.92600000,10.92600000,4.91670000,159.76052299
113,efeca572-ea14-4431-8ab0-f862e1e73a5c,2026-07-04 01:43:07,2026-07-04 01:34:35,2026-07-04 01:43:07,2026-07-04 01:35:00,eth-updown-5m-1783128900,Up,0.51000000,6.00930000,11.78294118,0.00000000,-6.00930000,153.75122299
114,fe9f859e-0258-495c-9f4d-8c7719b3e42c,2026-07-04 01:50:30,2026-07-04 01:39:35,2026-07-04 01:50:30,2026-07-04 01:40:00,eth-updown-5m-1783129200,Up,0.54000000,6.00930000,11.12833333,0.00000000,-6.00930000,147.74192299
115,8e91d141-95e4-4b8d-91eb-08b491b1165f,2026-07-04 01:54:19,2026-07-04 01:44:35,2026-07-04 01:54:19,2026-07-04 01:45:00,eth-updown-5m-1783129500,Up,0.55000000,6.00930000,10.92600000,0.00000000,-6.00930000,141.73262299
116,d331d22f-b4e8-4540-90ea-fb9916e5bc81,2026-07-04 02:00:04,2026-07-04 01:49:35,2026-07-04 02:00:04,2026-07-04 01:50:00,eth-updown-5m-1783129800,Up,0.52841720,6.00929998,11.37226415,11.37226415,5.36296417,147.09558716
117,ce6a0939-8c34-4fa1-bde6-c71df658b6bf,2026-07-04 02:05:07,2026-07-04 01:54:34,2026-07-04 02:05:07,2026-07-04 01:55:00,eth-updown-5m-1783130100,Up,0.52047277,6.00930004,11.54584906,11.54584906,5.53654902,152.63213618
118,844306b9-4c7e-4a3e-9f85-89885c33d636,2026-07-04 02:09:38,2026-07-04 01:59:35,2026-07-04 02:09:38,2026-07-04 02:00:00,eth-updown-5m-1783130400,Up,0.52000000,6.00930000,11.55634615,0.00000000,-6.00930000,146.62283618
119,b1af0cbd-fbee-411e-b25a-977c55f1e062,2026-07-04 02:13:11,2026-07-04 02:04:35,2026-07-04 02:13:11,2026-07-04 02:05:00,eth-updown-5m-1783130700,Up,0.53000000,6.00930000,11.33830189,11.33830189,5.32900189,151.95183807
120,65e25635-fd4a-4bd4-9019-1cdcf4c0a66a,2026-07-04 02:20:18,2026-07-04 02:09:34,2026-07-04 02:20:18,2026-07-04 02:10:00,eth-updown-5m-1783131000,Up,0.51000000,6.00930000,11.78294118,0.00000000,-6.00930000,145.94253807
121,350c3ee0-f0b7-4580-a33f-977cfffc9c9d,2026-07-04 02:25:07,2026-07-04 02:14:35,2026-07-04 02:25:07,2026-07-04 02:15:00,eth-updown-5m-1783131300,Up,0.51000000,6.00930000,11.78294118,0.00000000,-6.00930000,139.93323807
122,bcd4130b-a0c4-47ca-9f06-216bf83feb1e,2026-07-04 02:30:02,2026-07-04 02:19:34,2026-07-04 02:30:02,2026-07-04 02:20:00,eth-updown-5m-1783131600,Up,0.52387147,6.00929998,11.47094340,11.47094340,5.46164342,145.39488149
123,79cfeff7-4060-40bc-84b2-8e949a192996,2026-07-04 02:35:05,2026-07-04 02:24:34,2026-07-04 02:35:05,2026-07-04 02:25:00,eth-updown-5m-1783131900,Up,0.52000000,6.00930000,11.55634615,11.55634615,5.54704615,150.94192764
124,642a8119-2c42-4c6a-bfff-d4da4f7c8e3c,2026-07-04 02:40:06,2026-07-04 02:29:34,2026-07-04 02:40:06,2026-07-04 02:30:00,eth-updown-5m-1783132200,Up,0.54000000,6.00930000,11.12833333,0.00000000,-6.00930000,144.93262764
125,fd74fa9b-097e-4e1e-8109-e989985c84db,2026-07-04 02:42:31,2026-07-04 02:34:35,2026-07-04 02:42:31,2026-07-04 02:35:00,eth-updown-5m-1783132500,Up,0.50000000,6.00930000,12.01860000,12.01860000,6.00930000,150.94192764
126,fcd8424d-f4b8-4e72-a223-bb99d442430e,2026-07-04 02:50:21,2026-07-04 02:39:33,2026-07-04 02:50:21,2026-07-04 02:40:00,eth-updown-5m-1783132800,Up,0.51000000,6.00930000,11.78294118,11.78294118,5.77364118,156.71556882
127,0a0a7eb2-123b-4970-a73f-7e117725003f,2026-07-04 02:53:59,2026-07-04 02:44:30,2026-07-04 02:53:59,2026-07-04 02:45:00,eth-updown-5m-1783133100,Up,0.50000000,6.00930000,12.01860000,0.00000000,-6.00930000,150.70626882
128,8d24c9f2-0a4e-4d8a-a3c8-e418bfb8ea42,2026-07-04 03:00:18,2026-07-04 02:49:30,2026-07-04 03:00:18,2026-07-04 02:50:00,eth-updown-5m-1783133400,Up,0.51000000,6.00930000,11.78294118,11.78294118,5.77364118,156.47991000
129,3c56546e-5de7-4958-aff1-7fa318236fe7,2026-07-04 03:05:06,2026-07-04 02:54:30,2026-07-04 03:05:06,2026-07-04 02:55:00,eth-updown-5m-1783133700,Up,0.49000000,6.00930000,12.26387755,0.00000000,-6.00930000,150.47061000
130,a7b419b6-0c89-4d2c-b58a-f6c7b876d4dc,2026-07-04 03:09:35,2026-07-04 02:59:30,2026-07-04 03:09:35,2026-07-04 03:00:00,eth-updown-5m-1783134000,Up,0.49000000,6.00930000,12.26387755,0.00000000,-6.00930000,144.46131000
131,29a60277-6218-4ccd-b050-9aae50fcee12,2026-07-04 03:15:19,2026-07-04 03:04:30,2026-07-04 03:15:19,2026-07-04 03:05:00,eth-updown-5m-1783134300,Up,0.48000000,6.00930000,12.51937500,0.00000000,-6.00930000,138.45201000
132,ae56cb36-9670-48ed-b89b-c4ed36f4ccd5,2026-07-04 03:17:23,2026-07-04 03:09:34,2026-07-04 03:17:23,2026-07-04 03:10:00,eth-updown-5m-1783134600,Up,0.49000000,6.00930000,12.26387755,12.26387755,6.25457755,144.70658755
133,7856bc82-6efd-4548-92ca-714e54af2135,2026-07-04 03:25:21,2026-07-04 03:14:30,2026-07-04 03:25:21,2026-07-04 03:15:00,eth-updown-5m-1783134900,Up,0.49000000,6.00930000,12.26387755,0.00000000,-6.00930000,138.69728755
134,197afea4-0e40-4140-a667-f9a78f38fe13,2026-07-04 03:30:09,2026-07-04 03:19:30,2026-07-04 03:30:09,2026-07-04 03:20:00,eth-updown-5m-1783135200,Up,0.49000000,6.00930000,12.26387755,12.26387755,6.25457755,144.95186510
135,0bf785b1-fbf3-4b5b-bec6-5e0284ee35ee,2026-07-04 03:36:02,2026-07-04 03:24:30,2026-07-04 03:36:02,2026-07-04 03:25:00,eth-updown-5m-1783135500,Up,0.49000000,6.00930000,12.26387755,0.00000000,-6.00930000,138.94256510
136,4a4652a1-a4a1-4bfa-924b-a2495ee57c37,2026-07-04 03:38:16,2026-07-04 03:29:32,2026-07-04 03:38:16,2026-07-04 03:30:00,eth-updown-5m-1783135800,Up,0.51000000,6.00930000,11.78294118,11.78294118,5.77364118,144.71620628
137,b9d7c679-c5b7-4436-8fbd-07c81b6a6bda,2026-07-04 03:42:52,2026-07-04 03:34:30,2026-07-04 03:42:52,2026-07-04 03:35:00,eth-updown-5m-1783136100,Up,0.51000000,6.00930000,11.78294118,11.78294118,5.77364118,150.48984746
138,42cbe343-f6cc-4dc0-942e-5ec144f8cc71,2026-07-04 03:50:18,2026-07-04 03:39:30,2026-07-04 03:50:18,2026-07-04 03:40:00,eth-updown-5m-1783136400,Up,0.46000000,6.00930000,13.06369565,13.06369565,7.05439565,157.54424311
139,61cc442a-f96a-4ec5-8743-46a7cd13b4b1,2026-07-04 04:05:13,2026-07-04 03:54:30,2026-07-04 04:05:13,2026-07-04 03:55:00,eth-updown-5m-1783137300,Up,0.50000000,6.00930000,12.01860000,12.01860000,6.00930000,163.55354311
140,74d22850-20c0-49f6-8c6e-118054b0f2e3,2026-07-04 04:10:27,2026-07-04 03:59:30,2026-07-04 04:10:27,2026-07-04 04:00:00,eth-updown-5m-1783137600,Up,0.51000000,6.00930000,11.78294118,0.00000000,-6.00930000,157.54424311
141,ee290bcf-591a-4d39-8e61-c088582265e4,2026-07-04 04:26:45,2026-07-04 04:19:34,2026-07-04 04:26:45,2026-07-04 04:20:00,eth-updown-5m-1783138800,Up,0.52000000,6.00930000,11.55634615,11.55634615,5.54704615,163.09128926
142,8b0b55a9-c396-4c98-b762-c0b6cb51bd2e,2026-07-04 05:15:22,2026-07-04 05:04:35,2026-07-04 05:15:22,2026-07-04 05:05:00,eth-updown-5m-1783141500,Up,0.51000000,6.00930000,11.78294118,0.00000000,-6.00930000,157.08198926
143,2a8fb172-8235-4ee0-849c-64b2d28fd9c9,2026-07-04 05:18:52,2026-07-04 05:09:35,2026-07-04 05:18:52,2026-07-04 05:10:00,eth-updown-5m-1783141800,Up,0.52000000,6.00930000,11.55634615,11.55634615,5.54704615,162.62903541
144,59a61fb0-2543-4abd-a2bd-82aaf1ffdd6d,2026-07-04 05:23:48,2026-07-04 05:14:35,2026-07-04 05:23:48,2026-07-04 05:15:00,eth-updown-5m-1783142100,Up,0.53000000,6.00930000,11.33830189,0.00000000,-6.00930000,156.61973541
145,2b47f07e-a2c6-400c-9c28-66181bd728be,2026-07-04 05:30:20,2026-07-04 05:19:34,2026-07-04 05:30:20,2026-07-04 05:20:00,eth-updown-5m-1783142400,Up,0.54000000,6.00930000,11.12833333,0.00000000,-6.00930000,150.61043541
146,df588fb6-7ea1-4c36-9c61-24ce219e0eae,2026-07-04 05:35:17,2026-07-04 05:24:34,2026-07-04 05:35:17,2026-07-04 05:25:00,eth-updown-5m-1783142700,Up,0.55000000,6.00930000,10.92600000,10.92600000,4.91670000,155.52713541
147,edc308cc-633e-4ac5-a12d-b79d14259102,2026-07-04 05:36:36,2026-07-04 05:29:34,2026-07-04 05:36:36,2026-07-04 05:30:00,eth-updown-5m-1783143000,Up,0.52000000,6.00930000,11.55634615,11.55634615,5.54704615,161.07418156
148,e3aef0a7-492a-465d-ad87-68bf922e13d5,2026-07-04 05:47:12,2026-07-04 05:39:30,2026-07-04 05:47:12,2026-07-04 05:40:00,eth-updown-5m-1783143600,Up,0.51000000,6.00930000,11.78294118,11.78294118,5.77364118,166.84782274
149,5476336f-370f-495a-834a-3b06f07b066d,2026-07-04 06:05:19,2026-07-04 05:54:35,2026-07-04 06:05:19,2026-07-04 05:55:00,eth-updown-5m-1783144500,Up,0.52000000,6.00930000,11.55634615,11.55634615,5.54704615,172.39486889
150,f1ada680-a939-4976-a80c-5fcd93634686,2026-07-04 06:07:30,2026-07-04 05:59:30,2026-07-04 06:07:30,2026-07-04 06:00:00,eth-updown-5m-1783144800,Up,0.53000000,6.00930000,11.33830189,11.33830189,5.32900189,177.72387078
151,43dac337-ad04-4d70-b48d-6376ef02d196,2026-07-04 06:13:45,2026-07-04 06:04:30,2026-07-04 06:13:45,2026-07-04 06:05:00,eth-updown-5m-1783145100,Up,0.50000000,6.00930000,12.01860000,12.01860000,6.00930000,183.73317078
152,8163da3b-2765-4f95-bcce-b1e093640216,2026-07-04 06:26:36,2026-07-04 06:14:36,2026-07-04 06:26:36,2026-07-04 06:15:00,eth-updown-5m-1783145700,Up,0.52000000,6.00930000,11.55634615,11.55634615,5.54704615,189.28021693
153,0f9e2fa5-4227-4136-8ce1-cf3e68216ef2,2026-07-04 06:36:34,2026-07-04 06:24:34,2026-07-04 06:36:34,2026-07-04 06:25:00,eth-updown-5m-1783146300,Up,0.55000000,6.00930000,10.92600000,10.92600000,4.91670000,194.19691693
154,ad76e8f2-7f87-4b7a-891e-f20a2dfa01df,2026-07-04 06:40:01,2026-07-04 06:29:35,2026-07-04 06:40:01,2026-07-04 06:30:00,eth-updown-5m-1783146600,Up,0.54000000,6.00930000,11.12833333,11.12833333,5.11903333,199.31595026
155,93b4d811-ece8-48cb-ac3b-1a11972fc878,2026-07-04 06:42:02,2026-07-04 06:34:34,2026-07-04 06:42:02,2026-07-04 06:35:00,eth-updown-5m-1783146900,Up,0.50000000,6.00930000,12.01860000,12.01860000,6.00930000,205.32525026
156,4058d3ee-0520-4e7c-a3d4-2c8f63bcc4d3,2026-07-04 06:55:29,2026-07-04 06:44:35,2026-07-04 06:55:29,2026-07-04 06:45:00,eth-updown-5m-1783147500,Up,0.53000000,6.00930000,11.33830189,11.33830189,5.32900189,210.65425215
157,1e87436d-4c91-4964-810c-02ba469d3cab,2026-07-04 06:57:30,2026-07-04 06:49:34,2026-07-04 06:57:30,2026-07-04 06:50:00,eth-updown-5m-1783147800,Up,0.51000000,6.00930000,11.78294118,11.78294118,5.77364118,216.42789333
158,d4aff22e-2e00-45a7-8185-1cacda0ef852,2026-07-04 07:02:19,2026-07-04 06:54:35,2026-07-04 07:02:19,2026-07-04 06:55:00,eth-updown-5m-1783148100,Up,0.51000000,6.00930000,11.78294118,0.00000000,-6.00930000,210.41859333
159,ac41cdac-f876-460a-a752-63630c643c1e,2026-07-04 07:07:29,2026-07-04 06:59:36,2026-07-04 07:07:29,2026-07-04 07:00:00,eth-updown-5m-1783148400,Up,0.51000000,6.00930000,11.78294118,0.00000000,-6.00930000,204.40929333
160,0226e583-9144-45f5-a4c9-a593ef65412a,2026-07-04 07:14:39,2026-07-04 07:04:32,2026-07-04 07:14:39,2026-07-04 07:05:00,eth-updown-5m-1783148700,Up,0.51999998,5.99999900,11.53846000,11.53846000,5.53846100,209.94775433
161,6edf59ba-4851-4498-b135-fea47e05c027,2026-07-04 07:19:45,2026-07-04 07:09:33,2026-07-04 07:19:45,2026-07-04 07:10:00,eth-updown-5m-1783149000,Up,0.52999999,5.99999900,11.32075300,11.32075300,5.32075400,215.26850833
162,f8364819-5d04-464f-b030-230204a17af2,2026-07-04 07:24:49,2026-07-04 07:14:33,2026-07-04 07:24:49,2026-07-04 07:15:00,eth-updown-5m-1783149300,Up,0.50000000,6.00000000,12.00000000,12.00000000,6.00000000,221.26850833
163,fe38e1e7-da48-4752-a9ef-c2a309abf22a,2026-07-04 07:29:51,2026-07-04 07:19:32,2026-07-04 07:29:51,2026-07-04 07:20:00,eth-updown-5m-1783149600,Up,0.99000000,6.00930000,6.07000000,6.07000000,0.06070000,221.32920833
164,6b7722ff-c547-49f5-a1ec-2780b30f178c,2026-07-04 07:39:37,2026-07-04 07:29:32,2026-07-04 07:39:37,2026-07-04 07:30:00,eth-updown-5m-1783150200,Up,0.48000000,6.00000000,12.50000000,0.00000000,-6.00000000,215.32920833
165,2b1ad93c-2278-4163-9735-dc1035befcd4,2026-07-04 07:44:42,2026-07-04 07:34:32,2026-07-04 07:44:42,2026-07-04 07:35:00,eth-updown-5m-1783150500,Up,0.51000000,5.99999900,11.76470400,11.76470400,5.76470500,221.09391333
166,f77d6cb7-869d-42ab-a523-cb7a96fc1e99,2026-07-04 07:49:44,2026-07-04 07:39:32,2026-07-04 07:49:44,2026-07-04 07:40:00,eth-updown-5m-1783150800,Up,0.51000000,5.99999900,11.76470400,11.76470400,5.76470500,226.85861833
167,37fce02d-04af-4cf0-8871-96c81e2092a9,2026-07-04 08:39:38,2026-07-04 08:29:32,2026-07-04 08:39:38,2026-07-04 08:30:00,eth-updown-5m-1783153800,Up,0.50000000,6.00000000,12.00000000,12.00000000,6.00000000,232.85861833
168,3b2861ae-7751-41df-bffb-5c8b292bbbd6,2026-07-04 08:54:40,2026-07-04 08:44:34,2026-07-04 08:54:40,2026-07-04 08:45:00,eth-updown-5m-1783154700,Up,0.49000000,5.99999900,12.24489600,12.24489600,6.24489700,239.10351533
169,a665119c-ac8c-4635-bb9b-53961715ba33,2026-07-04 09:09:41,2026-07-04 08:59:32,2026-07-04 09:09:41,2026-07-04 09:00:00,eth-updown-5m-1783155600,Up,0.51000000,5.99999900,11.76470400,0.00000000,-5.99999900,233.10351633
170,0d6455b0-7ee5-4e0f-aee6-6e2243ec087c,2026-07-04 09:14:42,2026-07-04 09:04:32,2026-07-04 09:14:42,2026-07-04 09:05:00,eth-updown-5m-1783155900,Up,0.52999999,5.99999900,11.32075300,11.32075300,5.32075400,238.42427033
171,909f70eb-5428-42b5-a6a5-6445d7d8b0a6,2026-07-04 09:19:38,2026-07-04 09:09:34,2026-07-04 09:19:38,2026-07-04 09:10:00,eth-updown-5m-1783156200,Up,0.51000000,5.99999900,11.76470400,11.76470400,5.76470500,244.18897533
172,8c126d6e-fcf8-4e4e-a9ae-26c12d61b7e1,2026-07-04 09:24:44,2026-07-04 09:14:32,2026-07-04 09:24:44,2026-07-04 09:15:00,eth-updown-5m-1783156500,Up,0.51000000,5.99999900,11.76470400,11.76470400,5.76470500,249.95368033
173,ac3c48ea-91eb-46b1-8b63-77b18e100a46,2026-07-04 09:27:25,2026-07-04 09:19:31,2026-07-04 09:27:25,2026-07-04 09:20:00,eth-updown-5m-1783156800,Up,0.51000000,5.99999900,11.76470400,0.00000000,-5.99999900,243.95368133
174,29328174-f92a-42a1-9408-a207990697c2,2026-07-04 09:34:49,2026-07-04 09:24:33,2026-07-04 09:34:49,2026-07-04 09:25:00,eth-updown-5m-1783157100,Up,0.52999999,5.99999900,11.32075300,11.32075300,5.32075400,249.27443533
175,9988205f-ed8a-41a7-92f3-1160785c9c9a,2026-07-04 09:39:44,2026-07-04 09:29:32,2026-07-04 09:39:44,2026-07-04 09:30:00,eth-updown-5m-1783157400,Up,0.52999999,5.99999900,11.32075300,0.00000000,-5.99999900,243.27443633
176,89e63ae3-d5f3-4178-9732-5a3177b982db,2026-07-04 09:44:44,2026-07-04 09:34:32,2026-07-04 09:44:44,2026-07-04 09:35:00,eth-updown-5m-1783157700,Up,0.54999996,5.99999800,10.90908800,0.00000000,-5.99999800,237.27443833
177,ba3ae487-eb22-443f-ae3d-010293017885,2026-07-04 09:48:56,2026-07-04 09:39:33,2026-07-04 09:48:56,2026-07-04 09:40:00,eth-updown-5m-1783158000,Up,0.55537188,5.99999900,10.80357000,10.80357000,4.80357100,242.07800933
178,f485f3da-95bc-4d2a-abe4-c729a63bfc08,2026-07-04 09:54:45,2026-07-04 09:44:34,2026-07-04 09:54:45,2026-07-04 09:45:00,eth-updown-5m-1783158300,Up,0.53553718,5.99999900,11.20370200,11.20370200,5.20370300,247.28171233
179,9658453f-96bb-450e-8308-5f0e5b4bc215,2026-07-04 09:59:47,2026-07-04 09:49:31,2026-07-04 09:59:47,2026-07-04 09:50:00,eth-updown-5m-1783158600,Up,0.99000000,6.00930000,6.07000000,6.07000000,0.06070000,247.34241233
180,16f0ce38-4cbe-448b-9f0b-4fddb11ddcde,2026-07-04 10:03:47,2026-07-04 09:54:32,2026-07-04 10:03:47,2026-07-04 09:55:00,eth-updown-5m-1783158900,Up,0.51999998,5.99999900,11.53846000,0.00000000,-5.99999900,241.34241333
181,bd3d1135-82f2-46a1-a037-e7715eb8b450,2026-07-04 10:09:45,2026-07-04 09:59:33,2026-07-04 10:09:45,2026-07-04 10:00:00,eth-updown-5m-1783159200,Up,0.50000000,6.00000000,12.00000000,0.00000000,-6.00000000,235.34241333
182,1f1f8b9a-e468-4c0c-85e8-7a59c9b4043c,2026-07-04 10:14:44,2026-07-04 10:04:32,2026-07-04 10:14:44,2026-07-04 10:05:00,eth-updown-5m-1783159500,Up,0.50000000,6.00000000,12.00000000,12.00000000,6.00000000,241.34241333
183,e840e604-0e1a-4169-8ea4-e8e8fb1807cc,2026-07-04 10:34:42,2026-07-04 10:24:33,2026-07-04 10:34:42,2026-07-04 10:25:00,eth-updown-5m-1783160700,Up,0.50000000,6.00000000,12.00000000,0.00000000,-6.00000000,235.34241333
184,d58b037a-bfbf-4f1d-ac29-8db9e4a68b15,2026-07-04 10:39:47,2026-07-04 10:29:33,2026-07-04 10:39:47,2026-07-04 10:30:00,eth-updown-5m-1783161000,Up,0.50000000,6.00000000,12.00000000,12.00000000,6.00000000,241.34241333
185,b5b3fb07-6e49-430e-921a-dd7d8d10c644,2026-07-04 10:44:41,2026-07-04 10:34:32,2026-07-04 10:44:41,2026-07-04 10:35:00,eth-updown-5m-1783161300,Up,0.51000000,5.99999900,11.76470400,0.00000000,-5.99999900,235.34241433
186,05df4e9b-54f8-46d3-ac58-664deca74a9c,2026-07-04 10:49:46,2026-07-04 10:39:32,2026-07-04 10:49:46,2026-07-04 10:40:00,eth-updown-5m-1783161600,Up,0.51873772,5.99999900,11.56653700,11.56653700,5.56653800,240.90895233
187,190fcfa8-0884-4f65-9d60-2face27e8a20,2026-07-04 10:54:41,2026-07-04 10:44:32,2026-07-04 10:54:41,2026-07-04 10:45:00,eth-updown-5m-1783161900,Up,0.51999998,5.99999900,11.53846000,11.53846000,5.53846100,246.44741333
188,26224d9c-eb87-4621-a6e6-87dbd8a46b86,2026-07-04 11:14:38,2026-07-04 11:04:33,2026-07-04 11:14:38,2026-07-04 11:05:00,eth-updown-5m-1783163100,Up,0.51000000,5.99999900,11.76470400,11.76470400,5.76470500,252.21211833
189,cbc83d10-cf88-472b-9de2-67d97f77ede1,2026-07-04 11:19:40,2026-07-04 11:09:33,2026-07-04 11:19:40,2026-07-04 11:10:00,eth-updown-5m-1783163400,Up,0.51999998,5.99999900,11.53846000,0.00000000,-5.99999900,246.21211933
190,25c4fd1b-e6a8-42f9-a809-521203ddaf83,2026-07-04 11:24:47,2026-07-04 11:14:33,2026-07-04 11:24:47,2026-07-04 11:15:00,eth-updown-5m-1783163700,Up,0.51000000,5.99999900,11.76470400,0.00000000,-5.99999900,240.21212033
191,5e266e77-efc4-4acb-870a-58d9bb5e4b0a,2026-07-04 11:30:12,2026-07-04 11:19:33,2026-07-04 11:30:12,2026-07-04 11:20:00,eth-updown-5m-1783164000,Up,0.52561981,5.99999900,11.41509300,11.41509300,5.41509400,245.62721433
192,9f519c51-7ba1-4b12-95e0-fcf97a723ca3,2026-07-04 11:34:46,2026-07-04 11:24:33,2026-07-04 11:34:46,2026-07-04 11:25:00,eth-updown-5m-1783164300,Up,0.99000000,6.00930000,6.07000000,6.07000000,0.06070000,245.68791433
193,aa2b85aa-9803-4a4f-b2bb-41c817c1aedb,2026-07-04 11:39:40,2026-07-04 11:29:34,2026-07-04 11:39:40,2026-07-04 11:30:00,eth-updown-5m-1783164600,Up,0.52999999,5.99999900,11.32075300,11.32075300,5.32075400,251.00866833
194,bc7c83fb-a2f6-4a49-8937-23ac4d1964aa,2026-07-04 11:54:41,2026-07-04 11:44:33,2026-07-04 11:54:41,2026-07-04 11:45:00,eth-updown-5m-1783165500,Up,0.52999999,5.99999900,11.32075300,0.00000000,-5.99999900,245.00866933
195,8f90c2fa-fca0-4a94-8542-6af0815814dc,2026-07-04 11:59:40,2026-07-04 11:49:33,2026-07-04 11:59:40,2026-07-04 11:50:00,eth-updown-5m-1783165800,Up,0.52327588,5.99999900,11.46622500,11.46622500,5.46622600,250.47489533
196,43f121c5-5dcf-4318-bbf9-f7b375bc95d2,2026-07-04 12:04:43,2026-07-04 11:54:33,2026-07-04 12:04:43,2026-07-04 11:55:00,eth-updown-5m-1783166100,Up,0.52999999,5.99999900,11.32075300,11.32075300,5.32075400,255.79564933
197,02eb9a61-23dc-46df-b657-c2f6469ef2c2,2026-07-04 12:09:38,2026-07-04 11:59:32,2026-07-04 12:09:38,2026-07-04 12:00:00,eth-updown-5m-1783166400,Up,0.51000000,5.99999900,11.76470400,11.76470400,5.76470500,261.56035433
198,9d086fe3-d777-4e80-a95e-bf22c3051f4e,2026-07-04 12:59:47,2026-07-04 12:49:33,2026-07-04 12:59:47,2026-07-04 12:50:00,eth-updown-5m-1783169400,Up,0.51000000,5.99999900,11.76470400,11.76470400,5.76470500,267.32505933
199,0a633c7f-8c74-4bc5-a8ff-e151ad6f4318,2026-07-04 13:19:40,2026-07-04 13:09:33,2026-07-04 13:19:40,2026-07-04 13:10:00,eth-updown-5m-1783170600,Up,0.51000000,5.99999900,11.76470400,0.00000000,-5.99999900,261.32506033
200,bdbf62d7-7cd2-4c1b-8a88-d96ba196717b,2026-07-04 13:39:39,2026-07-04 13:29:33,2026-07-04 13:39:39,2026-07-04 13:30:00,eth-updown-5m-1783171800,Up,0.51365633,5.99999900,11.68096000,0.00000000,-5.99999900,255.32506133
201,708ea774-a248-4340-a2b3-b3a932808f7c,2026-07-04 13:44:47,2026-07-04 13:34:33,2026-07-04 13:44:47,2026-07-04 13:35:00,eth-updown-5m-1783172100,Up,0.51999998,5.99999900,11.53846000,0.00000000,-5.99999900,249.32506233
202,abd859d0-99da-4839-b314-e67000489a1f,2026-07-04 13:49:50,2026-07-04 13:39:33,2026-07-04 13:49:50,2026-07-04 13:40:00,eth-updown-5m-1783172400,Up,0.52999999,5.99999900,11.32075300,0.00000000,-5.99999900,243.32506333
203,f3614554-e587-48af-afca-a1c953d1bddc,2026-07-04 13:53:34,2026-07-04 13:44:33,2026-07-04 13:53:34,2026-07-04 13:45:00,eth-updown-5m-1783172700,Up,0.52561981,5.99999900,11.41509300,0.00000000,-5.99999900,237.32506433
204,93e8033b-9e60-4fbc-b3c2-cee52cd6e223,2026-07-04 13:59:45,2026-07-04 13:49:32,2026-07-04 13:59:45,2026-07-04 13:50:00,eth-updown-5m-1783173000,Up,0.53999996,5.99999900,11.11111000,0.00000000,-5.99999900,231.32506533
205,42c04be7-8ebb-45d5-8be5-879a1412fa61,2026-07-04 14:05:02,2026-07-04 13:54:36,2026-07-04 14:05:02,2026-07-04 13:55:00,eth-updown-5m-1783173300,Up,0.54000000,6.00930000,11.12833333,11.12833333,5.11903333,236.44409866
206,8cd552a1-6b5c-4107-b479-b0f7fd3fab9d,2026-07-04 14:09:45,2026-07-04 13:59:35,2026-07-04 14:09:45,2026-07-04 14:00:00,eth-updown-5m-1783173600,Up,0.52000000,6.00930000,11.55634615,11.55634615,5.54704615,241.99114481
207,266c2492-2a8c-4955-9b69-42bfad5ac7a5,2026-07-04 14:49:55,2026-07-04 14:39:35,2026-07-04 14:49:55,2026-07-04 14:40:00,eth-updown-5m-1783176000,Up,0.51000000,6.00930000,11.78294118,11.78294118,5.77364118,247.76478599
208,27bc9907-34ef-4bcc-9ef1-c7b6b01773b3,2026-07-04 14:59:57,2026-07-04 14:49:35,2026-07-04 14:59:57,2026-07-04 14:50:00,eth-updown-5m-1783176600,Up,0.50000000,6.00930000,12.01860000,12.01860000,6.00930000,253.77408599
209,9eaf0a27-a63e-4861-a879-64058d1af604,2026-07-04 15:04:41,2026-07-04 14:54:36,2026-07-04 15:04:41,2026-07-04 14:55:00,eth-updown-5m-1783176900,Up,0.50000000,6.00930000,12.01860000,12.01860000,6.00930000,259.78338599
210,fb105835-70ac-45c6-a1ef-dd0de049528f,2026-07-04 15:49:53,2026-07-04 15:39:36,2026-07-04 15:49:53,2026-07-04 15:40:00,eth-updown-5m-1783179600,Up,0.49000000,6.00930000,12.26387755,12.26387755,6.25457755,266.03796354
211,40365f5f-ae55-4d63-bcce-bd94c1c5146b,2026-07-04 15:54:46,2026-07-04 15:44:37,2026-07-04 15:54:46,2026-07-04 15:45:00,eth-updown-5m-1783179900,Up,0.47000000,6.00930000,12.78574468,12.78574468,6.77644468,272.81440822
212,b8d144ed-6113-4ec6-a5d8-24d37577d5c9,2026-07-04 16:09:45,2026-07-04 15:59:35,2026-07-04 16:09:45,2026-07-04 16:00:00,eth-updown-5m-1783180800,Up,0.50000000,6.00930000,12.01860000,0.00000000,-6.00930000,266.80510822
213,112665fe-42a8-4de1-9167-e3c366988132,2026-07-04 16:54:53,2026-07-04 16:44:36,2026-07-04 16:54:53,2026-07-04 16:45:00,eth-updown-5m-1783183500,Up,0.51000000,6.00930000,11.78294118,0.00000000,-6.00930000,260.79580822
214,1bfc968b-c8a3-4b28-b97b-fca8d352cd5d,2026-07-04 16:59:47,2026-07-04 16:49:35,2026-07-04 16:59:47,2026-07-04 16:50:00,eth-updown-5m-1783183800,Up,0.51000000,6.00930000,11.78294118,11.78294118,5.77364118,266.56944940
215,29b94cd0-f22a-448d-bce1-a3eb25e4eb8b,2026-07-04 17:04:43,2026-07-04 16:54:35,2026-07-04 17:04:43,2026-07-04 16:55:00,eth-updown-5m-1783184100,Up,0.50000000,6.00930000,12.01860000,0.00000000,-6.00930000,260.56014940
216,7363fbcc-8f28-4281-8b74-41c72f6f7233,2026-07-04 17:09:41,2026-07-04 16:59:30,2026-07-04 17:09:41,2026-07-04 17:00:00,eth-updown-5m-1783184400,Up,0.51000000,6.00930000,11.78294118,0.00000000,-6.00930000,254.55084940
217,4a2a2372-c95f-4e75-bd53-5a6897c8dcc5,2026-07-04 17:14:56,2026-07-04 17:04:35,2026-07-04 17:14:56,2026-07-04 17:05:00,eth-updown-5m-1783184700,Up,0.54000000,6.00930000,11.12833333,11.12833333,5.11903333,259.66988273
218,08c9b213-66e3-4dab-815d-130488f58f66,2026-07-04 17:19:55,2026-07-04 17:09:36,2026-07-04 17:19:55,2026-07-04 17:10:00,eth-updown-5m-1783185000,Up,0.53000000,6.00930000,11.33830189,0.00000000,-6.00930000,253.66058273
219,2c3cb388-46de-4aa5-b566-fe9114854241,2026-07-04 17:22:08,2026-07-04 17:14:36,2026-07-04 17:22:08,2026-07-04 17:15:00,eth-updown-5m-1783185300,Up,0.54000000,6.00930000,11.12833333,11.12833333,5.11903333,258.77961606
220,4f093b25-10c4-4ef5-9c38-18a08b57bcb3,2026-07-04 17:29:57,2026-07-04 17:19:36,2026-07-04 17:29:57,2026-07-04 17:20:00,eth-updown-5m-1783185600,Up,0.51000000,6.00930000,11.78294118,11.78294118,5.77364118,264.55325724
221,0505b901-c8fe-4195-a83e-ba54664335d1,2026-07-04 17:34:42,2026-07-04 17:24:37,2026-07-04 17:34:42,2026-07-04 17:25:00,eth-updown-5m-1783185900,Up,0.50000000,6.00930000,12.01860000,12.01860000,6.00930000,270.56255724
222,86a4af00-9fcc-4f93-98c2-2502bc68aca7,2026-07-04 18:09:45,2026-07-04 17:59:33,2026-07-04 18:09:45,2026-07-04 18:00:00,eth-updown-5m-1783188000,Up,0.49586435,5.99500000,12.09000000,0.00000000,-5.99500000,264.56755724
223,77d69d4d-eebd-4c9d-a415-890f2cf04fbc,2026-07-04 18:13:43,2026-07-04 18:04:33,2026-07-04 18:13:43,2026-07-04 18:05:00,eth-updown-5m-1783188300,Up,0.48196719,5.99999900,12.44897800,0.00000000,-5.99999900,258.56755824
224,982bb5b2-cfd4-499e-9c36-401c3e7bca16,2026-07-04 18:19:37,2026-07-04 18:09:32,2026-07-04 18:19:37,2026-07-04 18:10:00,eth-updown-5m-1783188600,Up,0.49000000,5.99999900,12.24489600,12.24489600,6.24489700,264.81245524
225,333c34b0-b961-445b-be44-5648b5ecca81,2026-07-04 18:29:34,2026-07-04 18:19:33,2026-07-04 18:29:34,2026-07-04 18:20:00,eth-updown-5m-1783189200,Up,0.46999997,5.99999900,12.76595600,0.00000000,-5.99999900,258.81245624
226,c1b4567d-b2f3-4f45-b5d4-e70317751df8,2026-07-04 18:39:40,2026-07-04 18:29:32,2026-07-04 18:39:40,2026-07-04 18:30:00,eth-updown-5m-1783189800,Up,0.50328946,5.99999900,11.92156700,0.00000000,-5.99999900,252.81245724
227,66b0cc28-4f63-4325-ad14-042dedd19897,2026-07-04 18:44:37,2026-07-04 18:34:33,2026-07-04 18:44:37,2026-07-04 18:35:00,eth-updown-5m-1783190100,Up,0.52999999,5.99999900,11.32075300,0.00000000,-5.99999900,246.81245824
228,ad0b7843-6f4e-43b1-97b7-847538f10800,2026-07-04 18:49:42,2026-07-04 18:39:33,2026-07-04 18:49:42,2026-07-04 18:40:00,eth-updown-5m-1783190400,Up,0.52999999,5.99999900,11.32075300,11.32075300,5.32075400,252.13321224
229,c418f982-2582-4318-983f-f5f5cb25f1d4,2026-07-04 18:54:46,2026-07-04 18:44:32,2026-07-04 18:54:46,2026-07-04 18:45:00,eth-updown-5m-1783190700,Up,0.51999998,5.99999900,11.53846000,0.00000000,-5.99999900,246.13321324
230,1cb4041f-b922-477c-986c-4aa5d0d5ca8b,2026-07-04 18:59:45,2026-07-04 18:49:32,2026-07-04 18:59:45,2026-07-04 18:50:00,eth-updown-5m-1783191000,Up,0.51999998,5.99999900,11.53846000,11.53846000,5.53846100,251.67167424
231,7032fcbf-4375-49fe-af3c-7e99a4352022,2026-07-04 19:04:51,2026-07-04 18:54:34,2026-07-04 19:04:51,2026-07-04 18:55:00,eth-updown-5m-1783191300,Up,0.51000000,5.99999900,11.76470400,0.00000000,-5.99999900,245.67167524
232,ab423152-e865-4832-83e7-ae7b079ebe15,2026-07-04 19:09:42,2026-07-04 18:59:32,2026-07-04 19:09:42,2026-07-04 19:00:00,eth-updown-5m-1783191600,Up,0.51000000,5.99999900,11.76470400,11.76470400,5.76470500,251.43638024
233,7e474347-a4a4-4704-aaa6-4f312c201e7b,2026-07-04 19:14:58,2026-07-04 19:04:43,2026-07-04 19:14:58,2026-07-04 19:05:00,eth-updown-5m-1783191900,Up,0.51000000,5.99999900,11.76470400,0.00000000,-5.99999900,245.43638124
234,d28f9587-1688-489a-9c40-33b7d591586d,2026-07-04 19:24:46,2026-07-04 19:14:33,2026-07-04 19:24:46,2026-07-04 19:15:00,eth-updown-5m-1783192500,Up,0.52999999,5.99999900,11.32075300,11.32075300,5.32075400,250.75713524
235,2787b27f-70d8-443e-9fe4-b5dd18c61cb5,2026-07-04 19:28:24,2026-07-04 19:19:35,2026-07-04 19:28:24,2026-07-04 19:20:00,eth-updown-5m-1783192800,Up,0.51999998,5.99999900,11.53846000,11.53846000,5.53846100,256.29559624
236,125a78b6-2583-40d6-8a79-ff7413f7f502,2026-07-04 19:33:19,2026-07-04 19:24:34,2026-07-04 19:33:19,2026-07-04 19:25:00,eth-updown-5m-1783193100,Up,0.49000000,5.99999900,12.24489600,0.00000000,-5.99999900,250.29559724
237,26205fa3-cf74-4371-8327-241a2f775f73,2026-07-04 19:39:37,2026-07-04 19:29:33,2026-07-04 19:39:37,2026-07-04 19:30:00,eth-updown-5m-1783193400,Up,0.46999997,5.99999900,12.76595600,12.76595600,6.76595700,257.06155424
238,ca7a5a13-3254-442c-af92-419dc8419ff5,2026-07-04 19:49:34,2026-07-04 19:39:33,2026-07-04 19:49:34,2026-07-04 19:40:00,eth-updown-5m-1783194000,Up,0.51000000,5.99999900,11.76470400,11.76470400,5.76470500,262.82625924
239,5484cc8b-7793-4b4a-8238-693f5dea12eb,2026-07-04 20:04:40,2026-07-04 19:54:32,2026-07-04 20:04:40,2026-07-04 19:55:00,eth-updown-5m-1783194900,Up,0.51999998,5.99999900,11.53846000,11.53846000,5.53846100,268.36472024
240,e8108b98-9148-4e52-becd-5e5df34a115f,2026-07-04 20:09:19,2026-07-04 19:59:32,2026-07-04 20:09:19,2026-07-04 20:00:00,eth-updown-5m-1783195200,Up,0.51999998,5.99999900,11.53846000,11.53846000,5.53846100,273.90318124
241,34bb518d-f6b1-46d7-ab6e-cf91f05f6ab0,2026-07-04 20:14:38,2026-07-04 20:04:33,2026-07-04 20:14:38,2026-07-04 20:05:00,eth-updown-5m-1783195500,Up,0.51000000,5.99999900,11.76470400,0.00000000,-5.99999900,267.90318224
242,8a49c413-120d-4aae-bc49-45506bfa410c,2026-07-04 20:29:39,2026-07-04 20:19:32,2026-07-04 20:29:39,2026-07-04 20:20:00,eth-updown-5m-1783196400,Up,0.52131144,5.99999800,11.50943100,0.00000000,-5.99999800,261.90318424
243,fe5b4e57-6c51-4594-ab41-757574948392,2026-07-04 20:34:41,2026-07-04 20:24:32,2026-07-04 20:34:41,2026-07-04 20:25:00,eth-updown-5m-1783196700,Up,0.53534252,5.99999900,11.20777600,0.00000000,-5.99999900,255.90318524
244,fda3aba8-650f-42a8-8373-2b6c07497eb2,2026-07-04 20:39:40,2026-07-04 20:29:33,2026-07-04 20:39:40,2026-07-04 20:30:00,eth-updown-5m-1783197000,Up,0.55537188,5.99999900,10.80357000,10.80357000,4.80357100,260.70675624
245,5ba2e474-efa7-4b49-bc32-01f6b545a221,2026-07-04 20:44:37,2026-07-04 20:34:32,2026-07-04 20:44:37,2026-07-04 20:35:00,eth-updown-5m-1783197300,Up,0.54999996,5.99999800,10.90908800,10.90908800,4.90909000,265.61584624
246,7ba9b571-ce75-401a-9747-539738b82bf5,2026-07-04 20:49:43,2026-07-04 20:39:32,2026-07-04 20:49:43,2026-07-04 20:40:00,eth-updown-5m-1783197600,Up,0.51000000,5.99999900,11.76470400,11.76470400,5.76470500,271.38055124
247,51129710-57f0-4f82-86ae-c5c575c8c31f,2026-07-04 20:54:44,2026-07-04 20:44:33,2026-07-04 20:54:44,2026-07-04 20:45:00,eth-updown-5m-1783197900,Up,0.51000000,5.99999900,11.76470400,0.00000000,-5.99999900,265.38055224
248,8e8c87b2-2795-430c-8c53-3fc3ccdb6b9f,2026-07-04 20:59:40,2026-07-04 20:49:31,2026-07-04 20:59:40,2026-07-04 20:50:00,eth-updown-5m-1783198200,Up,0.51000000,5.99999900,11.76470400,11.76470400,5.76470500,271.14525724
249,c9f5ccbb-9854-4fb0-b02e-638e3de576da,2026-07-04 21:04:41,2026-07-04 20:54:32,2026-07-04 21:04:41,2026-07-04 20:55:00,eth-updown-5m-1783198500,Up,0.51964487,5.99999900,11.54634500,0.00000000,-5.99999900,265.14525824
250,86b56e38-63cb-469d-bd2a-0f09e0bf44e7,2026-07-04 21:09:45,2026-07-04 20:59:32,2026-07-04 21:09:45,2026-07-04 21:00:00,eth-updown-5m-1783198800,Up,0.52045826,5.99999900,11.52830000,0.00000000,-5.99999900,259.14525924
251,2f3f2dfb-8806-46bd-877d-1788c6ea0db4,2026-07-04 21:14:42,2026-07-04 21:04:33,2026-07-04 21:14:42,2026-07-04 21:05:00,eth-updown-5m-1783199100,Up,0.52442359,5.99999900,11.44113100,0.00000000,-5.99999900,253.14526024
252,c5b09174-35c9-4cb3-9b30-305615b936be,2026-07-04 21:19:37,2026-07-04 21:09:33,2026-07-04 21:19:37,2026-07-04 21:10:00,eth-updown-5m-1783199400,Up,0.51063830,6.00000000,11.75000000,11.75000000,5.75000000,258.89526024
253,8e01e046-176c-44e8-8d60-ee407caba2f7,2026-07-04 21:24:42,2026-07-04 21:14:32,2026-07-04 21:24:42,2026-07-04 21:15:00,eth-updown-5m-1783199700,Up,0.49000000,5.99999900,12.24489600,12.24489600,6.24489700,265.14015724
254,0b2434ca-512a-454a-beac-cbb65f2d3eb0,2026-07-04 21:27:53,2026-07-04 21:19:33,2026-07-04 21:27:53,2026-07-04 21:20:00,eth-updown-5m-1783200000,Up,0.51000000,5.99999900,11.76470400,11.76470400,5.76470500,270.90486224
255,1bb28883-d871-4955-a5c5-14a7a0056c1e,2026-07-04 21:54:42,2026-07-04 21:44:32,2026-07-04 21:54:42,2026-07-04 21:45:00,eth-updown-5m-1783201500,Up,0.51000000,5.99999900,11.76470400,0.00000000,-5.99999900,264.90486324
256,72bc73f7-f341-4c02-8018-d03e80afe5eb,2026-07-04 21:57:35,2026-07-04 21:49:32,2026-07-04 21:57:35,2026-07-04 21:50:00,eth-updown-5m-1783201800,Up,0.51063830,6.00000000,11.75000000,0.00000000,-6.00000000,258.90486324
257,b572be87-ab03-46fc-bd0a-c20da333bcf8,2026-07-04 22:04:39,2026-07-04 21:54:33,2026-07-04 22:04:39,2026-07-04 21:55:00,eth-updown-5m-1783202100,Up,0.51063830,6.00000000,11.75000000,11.75000000,5.75000000,264.65486324
258,74db78e9-62c3-42b5-9c8f-e65c761de1cc,2026-07-04 22:09:45,2026-07-04 21:59:32,2026-07-04 22:09:45,2026-07-04 22:00:00,eth-updown-5m-1783202400,Up,0.52561981,5.99999900,11.41509300,0.00000000,-5.99999900,258.65486424
259,01449003-c2aa-4981-8921-a22f38074ea7,2026-07-04 22:19:20,2026-07-04 22:04:32,2026-07-04 22:19:20,2026-07-04 22:05:00,eth-updown-5m-1783202700,Up,0.54999996,5.99999800,10.90908800,10.90908800,4.90909000,263.56395424
260,d3fb80da-b258-464a-aeec-586b63fab2b5,2026-07-04 22:19:38,2026-07-04 22:09:32,2026-07-04 22:19:38,2026-07-04 22:10:00,eth-updown-5m-1783203000,Up,0.51999998,5.99999900,11.53846000,0.00000000,-5.99999900,257.56395524
261,772ddb8b-55de-4b7e-b703-dd470ba046d0,2026-07-04 22:24:42,2026-07-04 22:14:33,2026-07-04 22:24:42,2026-07-04 22:15:00,eth-updown-5m-1783203300,Up,0.52999999,5.99999900,11.32075300,11.32075300,5.32075400,262.88470924
262,b1f2107b-00f7-441c-a7c0-074c4601fee2,2026-07-04 22:27:03,2026-07-04 22:19:32,2026-07-04 22:27:03,2026-07-04 22:20:00,eth-updown-5m-1783203600,Up,0.51000000,5.99999900,11.76470400,0.00000000,-5.99999900,256.88471024
263,e7e20dab-f392-4c05-a151-034e2b313b51,2026-07-04 22:34:31,2026-07-04 22:24:32,2026-07-04 22:34:31,2026-07-04 22:25:00,eth-updown-5m-1783203900,Up,0.53999996,5.99999900,11.11111000,11.11111000,5.11111100,261.99582124
264,60001275-0178-4726-ad18-c68914210d88,2026-07-04 22:39:43,2026-07-04 22:29:32,2026-07-04 22:39:43,2026-07-04 22:30:00,eth-updown-5m-1783204200,Up,0.53999996,5.99999900,11.11111000,0.00000000,-5.99999900,255.99582224
265,474be0fc-90ec-454a-9ef4-66e1959d7b59,2026-07-04 22:44:44,2026-07-04 22:34:32,2026-07-04 22:44:44,2026-07-04 22:35:00,eth-updown-5m-1783204500,Up,0.51999998,5.99999900,11.53846000,11.53846000,5.53846100,261.53428324
266,5c38aeef-08eb-448c-ab11-50da8d928cd3,2026-07-04 22:49:43,2026-07-04 22:39:32,2026-07-04 22:49:43,2026-07-04 22:40:00,eth-updown-5m-1783204800,Up,0.51999998,5.99999900,11.53846000,0.00000000,-5.99999900,255.53428424
267,7fbd778c-b975-41a4-9a5e-eef52d5f54e4,2026-07-04 22:54:41,2026-07-04 22:44:32,2026-07-04 22:54:41,2026-07-04 22:45:00,eth-updown-5m-1783205100,Up,0.52999999,5.99999900,11.32075300,0.00000000,-5.99999900,249.53428524
268,0ee6fb61-5d3b-429c-af10-56622cd63047,2026-07-04 22:57:12,2026-07-04 22:49:33,2026-07-04 22:57:12,2026-07-04 22:50:00,eth-updown-5m-1783205400,Up,0.54999996,5.99999800,10.90908800,10.90908800,4.90909000,254.44337524
269,e7aaa90b-29f6-404f-8b31-72a099ff7db4,2026-07-04 23:04:35,2026-07-04 22:54:32,2026-07-04 23:04:35,2026-07-04 22:55:00,eth-updown-5m-1783205700,Up,0.52561981,5.99999900,11.41509300,11.41509300,5.41509400,259.85846924
270,0377747a-f2b4-427d-a77d-5504cca92cdd,2026-07-04 23:09:45,2026-07-04 22:59:33,2026-07-04 23:09:45,2026-07-04 23:00:00,eth-updown-5m-1783206000,Up,0.52999999,5.99999900,11.32075300,0.00000000,-5.99999900,253.85847024
271,2621ac99-b33b-480f-9a26-e2fc5652747b,2026-07-04 23:14:45,2026-07-04 23:04:32,2026-07-04 23:14:45,2026-07-04 23:05:00,eth-updown-5m-1783206300,Up,0.51000000,5.99999900,11.76470400,11.76470400,5.76470500,259.62317524
272,6d359370-53ed-4080-8177-8191bf6566a6,2026-07-04 23:19:46,2026-07-04 23:09:32,2026-07-04 23:19:46,2026-07-04 23:10:00,eth-updown-5m-1783206600,Up,0.50000000,6.00000000,12.00000000,0.00000000,-6.00000000,253.62317524
273,6113db72-d215-4866-b80b-358d5dd15f14,2026-07-04 23:24:46,2026-07-04 23:14:32,2026-07-04 23:24:46,2026-07-04 23:15:00,eth-updown-5m-1783206900,Up,0.53999996,5.99999900,11.11111000,11.11111000,5.11111100,258.73428624
274,c9da6c2f-3208-4ad2-bc7d-37c8d64774bc,2026-07-04 23:29:45,2026-07-04 23:19:31,2026-07-04 23:29:45,2026-07-04 23:20:00,eth-updown-5m-1783207200,Up,0.52999999,5.99999900,11.32075300,11.32075300,5.32075400,264.05504024
275,1b642ea3-a627-4ce7-972b-e47fa2b4b6f5,2026-07-04 23:34:45,2026-07-04 23:24:32,2026-07-04 23:34:45,2026-07-04 23:25:00,eth-updown-5m-1783207500,Up,0.52999999,5.99999900,11.32075300,11.32075300,5.32075400,269.37579424
276,7672dc92-129f-452a-abf6-e0802784e188,2026-07-04 23:39:41,2026-07-04 23:29:32,2026-07-04 23:39:41,2026-07-04 23:30:00,eth-updown-5m-1783207800,Up,0.52561981,5.99999900,11.41509300,11.41509300,5.41509400,274.79088824
277,93e9c6af-addd-4f5d-a6b9-966f59339619,2026-07-04 23:44:40,2026-07-04 23:34:32,2026-07-04 23:44:40,2026-07-04 23:35:00,eth-updown-5m-1783208100,Up,0.51000000,5.99999900,11.76470400,0.00000000,-5.99999900,268.79088924
278,34fb735b-985a-465b-9b12-7ca774a0caad,2026-07-04 23:49:39,2026-07-04 23:39:32,2026-07-04 23:49:39,2026-07-04 23:40:00,eth-updown-5m-1783208400,Up,0.51000000,5.99999900,11.76470400,11.76470400,5.76470500,274.55559424
279,b4fbd3f6-54bd-4f85-a45d-4e65ee265074,2026-07-04 23:54:40,2026-07-04 23:44:32,2026-07-04 23:54:40,2026-07-04 23:45:00,eth-updown-5m-1783208700,Up,0.48000000,6.00000000,12.50000000,0.00000000,-6.00000000,268.55559424
280,b46b5e5a-f9fe-426c-9938-a6c5d95cfee5,2026-07-04 23:59:36,2026-07-04 23:49:32,2026-07-04 23:59:36,2026-07-04 23:50:00,eth-updown-5m-1783209000,Up,0.51000000,5.99999900,11.76470400,0.00000000,-5.99999900,262.55559524
281,8e7ee21b-67b3-41f4-ab3c-c3386dc26894,2026-07-05 00:04:38,2026-07-04 23:54:33,2026-07-05 00:04:38,2026-07-04 23:55:00,eth-updown-5m-1783209300,Up,0.51047955,5.99999900,11.75365200,0.00000000,-5.99999900,256.55559624
282,f3b5beff-a445-486b-918b-a860ee26bde7,2026-07-05 00:09:39,2026-07-04 23:59:32,2026-07-05 00:09:39,2026-07-05 00:00:00,eth-updown-5m-1783209600,Up,0.51000000,5.99999900,11.76470400,0.00000000,-5.99999900,250.55559724
283,a4e554d4-4852-4fe6-95bf-1b091af2b448,2026-07-05 00:14:43,2026-07-05 00:04:33,2026-07-05 00:14:43,2026-07-05 00:05:00,eth-updown-5m-1783209900,Up,0.51485145,5.99999900,11.65384500,0.00000000,-5.99999900,244.55559824
284,088d235a-d872-44c3-81e9-d3213a247dd5,2026-07-05 00:19:37,2026-07-05 00:09:32,2026-07-05 00:19:37,2026-07-05 00:10:00,eth-updown-5m-1783210200,Up,0.52999999,5.99999900,11.32075300,11.32075300,5.32075400,249.87635224
285,e0eb2636-fe23-4413-a3f9-dbf853625212,2026-07-05 00:24:43,2026-07-05 00:14:32,2026-07-05 00:24:43,2026-07-05 00:15:00,eth-updown-5m-1783210500,Up,0.53553718,5.99999900,11.20370200,0.00000000,-5.99999900,243.87635324
286,71eb81f3-b5fb-415d-b8d8-4588b215e8d3,2026-07-05 00:29:38,2026-07-05 00:19:31,2026-07-05 00:29:38,2026-07-05 00:20:00,eth-updown-5m-1783210800,Up,0.53999996,5.99999900,11.11111000,0.00000000,-5.99999900,237.87635424
287,72174553-5351-460d-b70d-2f40176ee0fe,2026-07-05 00:34:45,2026-07-05 00:24:33,2026-07-05 00:34:45,2026-07-05 00:25:00,eth-updown-5m-1783211100,Up,0.53999996,5.99999900,11.11111000,11.11111000,5.11111100,242.98746524
288,2b86d347-6dbd-44c9-8666-55cdc4050171,2026-07-05 00:44:45,2026-07-05 00:34:33,2026-07-05 00:44:45,2026-07-05 00:35:00,eth-updown-5m-1783211700,Up,0.53758977,5.99999800,11.16092300,11.16092300,5.16092500,248.14839024
289,c75025ae-f80f-4ab0-9044-b7841d6743b0,2026-07-05 00:49:40,2026-07-05 00:39:32,2026-07-05 00:49:40,2026-07-05 00:40:00,eth-updown-5m-1783212000,Up,0.52999999,5.99999900,11.32075300,0.00000000,-5.99999900,242.14839124
290,3e70bd0f-5621-4974-b254-1647feae34f8,2026-07-05 00:54:39,2026-07-05 00:44:33,2026-07-05 00:54:39,2026-07-05 00:45:00,eth-updown-5m-1783212300,Up,0.51000000,5.99999900,11.76470400,0.00000000,-5.99999900,236.14839224
291,968764c2-45ab-4d4c-a293-84f78ccd3b5b,2026-07-05 00:59:43,2026-07-05 00:49:33,2026-07-05 00:59:43,2026-07-05 00:50:00,eth-updown-5m-1783212600,Up,0.51000000,5.99999900,11.76470400,0.00000000,-5.99999900,230.14839324
292,1210eacc-d789-4a30-816e-3a93884b9f67,2026-07-05 01:04:09,2026-07-05 00:54:32,2026-07-05 01:04:09,2026-07-05 00:55:00,eth-updown-5m-1783212900,Up,0.52999999,5.99999900,11.32075300,0.00000000,-5.99999900,224.14839424
293,3415d70d-c66a-4b93-8552-b6a791537589,2026-07-05 01:09:46,2026-07-05 00:59:32,2026-07-05 01:09:46,2026-07-05 01:00:00,eth-updown-5m-1783213200,Up,0.53999996,5.99999900,11.11111000,11.11111000,5.11111100,229.25950524
294,ae55ee55-337b-4a6f-b334-865287752285,2026-07-05 01:14:45,2026-07-05 01:04:33,2026-07-05 01:14:45,2026-07-05 01:05:00,eth-updown-5m-1783213500,Up,0.51000000,5.99999900,11.76470400,0.00000000,-5.99999900,223.25950624
295,ed7a4b12-cd6f-4e62-a88e-be738d214a8b,2026-07-05 01:19:40,2026-07-05 01:09:32,2026-07-05 01:19:40,2026-07-05 01:10:00,eth-updown-5m-1783213800,Up,0.52561981,5.99999900,11.41509300,0.00000000,-5.99999900,217.25950724
296,bb2fe547-60e5-4ec5-b98a-3cdf258669af,2026-07-05 01:24:46,2026-07-05 01:14:32,2026-07-05 01:24:46,2026-07-05 01:15:00,eth-updown-5m-1783214100,Up,0.52999999,5.99999900,11.32075300,0.00000000,-5.99999900,211.25950824
297,50fb4fef-c41e-4bab-a3cc-f108d795c2be,2026-07-05 01:29:40,2026-07-05 01:19:33,2026-07-05 01:29:40,2026-07-05 01:20:00,eth-updown-5m-1783214400,Up,0.53999996,5.99999900,11.11111000,11.11111000,5.11111100,216.37061924
298,30745419-a899-44fa-b6ab-2a65e5867c5e,2026-07-05 01:34:41,2026-07-05 01:24:32,2026-07-05 01:34:41,2026-07-05 01:25:00,eth-updown-5m-1783214700,Up,0.56000000,5.99999900,10.71428400,10.71428400,4.71428500,221.08490424
299,61645588-dc3f-42fa-bf67-14982e80272e,2026-07-05 01:44:38,2026-07-05 01:34:37,2026-07-05 01:44:38,2026-07-05 01:35:00,eth-updown-5m-1783215300,Up,0.54546152,6.00929998,11.01690909,11.01690909,5.00760911,226.09251335
300,070698c8-5fb5-4c76-8b07-c6153ecfd88e,2026-07-05 01:49:59,2026-07-05 01:39:37,2026-07-05 01:49:59,2026-07-05 01:40:00,eth-updown-5m-1783215600,Up,0.54546152,6.00929998,11.01690909,11.01690909,5.00760911,231.10012246
301,11cbfc07-708e-44a6-a812-54feefb43096,2026-07-05 01:51:37,2026-07-05 01:44:36,2026-07-05 01:51:37,2026-07-05 01:45:00,eth-updown-5m-1783215900,Up,0.53000000,6.00930000,11.33830189,0.00000000,-6.00930000,225.09082246
302,b4e82019-28ce-456d-877b-99df9fed4e65,2026-07-05 02:00:16,2026-07-05 01:49:37,2026-07-05 02:00:16,2026-07-05 01:50:00,eth-updown-5m-1783216200,Up,0.52697459,6.00930005,11.40339623,11.40339623,5.39409618,230.48491864
303,5ae1edeb-92d7-489b-b301-dfa9cb305c6b,2026-07-05 02:02:13,2026-07-05 01:54:36,2026-07-05 02:02:13,2026-07-05 01:55:00,eth-updown-5m-1783216500,Up,0.52000000,6.00930000,11.55634615,11.55634615,5.54704615,236.03196479
304,c0418ca8-0f40-40b9-aa9b-8f58be0c91b8,2026-07-05 02:08:06,2026-07-05 01:59:38,2026-07-05 02:08:06,2026-07-05 02:00:00,eth-updown-5m-1783216800,Up,0.50000000,6.00930000,12.01860000,0.00000000,-6.00930000,230.02266479
305,d3ebb74c-c5c4-46d7-a949-563e21808a3d,2026-07-05 02:13:57,2026-07-05 02:04:37,2026-07-05 02:13:57,2026-07-05 02:05:00,eth-updown-5m-1783217100,Up,0.52000000,6.00930000,11.55634615,0.00000000,-6.00930000,224.01336479
306,2fe80030-3875-4458-88dc-339968a9b8b1,2026-07-05 02:20:18,2026-07-05 02:09:37,2026-07-05 02:20:18,2026-07-05 02:10:00,eth-updown-5m-1783217400,Up,0.53813734,6.00929995,11.16685185,0.00000000,-6.00929995,218.00406484
307,b1d85566-ab74-443b-80c1-f5399b852361,2026-07-05 02:25:02,2026-07-05 02:14:37,2026-07-05 02:25:02,2026-07-05 02:15:00,eth-updown-5m-1783217700,Up,0.56000000,6.00930000,10.73089286,10.73089286,4.72159286,222.72565770
308,e7d5584b-a044-4b18-b7c2-e105bcdd1a4d,2026-07-05 02:28:45,2026-07-05 02:19:37,2026-07-05 02:28:45,2026-07-05 02:20:00,eth-updown-5m-1783218000,Up,0.53083952,6.00929997,11.32037037,0.00000000,-6.00929997,216.71635773
309,99c232b9-04da-497f-9cbe-00fd755458fd,2026-07-05 02:32:56,2026-07-05 02:24:36,2026-07-05 02:32:56,2026-07-05 02:25:00,eth-updown-5m-1783218300,Up,0.52562656,6.00930003,11.43264151,11.43264151,5.42334148,222.13969921
310,a73e73c0-da6a-4ade-870a-bb00ce2850ec,2026-07-05 02:39:08,2026-07-05 02:29:37,2026-07-05 02:39:08,2026-07-05 02:30:00,eth-updown-5m-1783218600,Up,0.52000000,6.00930000,11.55634615,11.55634615,5.54704615,227.68674536
311,8637654d-1fae-4d57-9099-6203dc07da70,2026-07-05 02:45:33,2026-07-05 02:34:36,2026-07-05 02:45:33,2026-07-05 02:35:00,eth-updown-5m-1783218900,Up,0.51000000,6.00930000,11.78294118,0.00000000,-6.00930000,221.67744536
312,255154bd-326e-4ba8-b11e-d20d711cd2fb,2026-07-05 02:47:28,2026-07-05 02:39:36,2026-07-05 02:47:28,2026-07-05 02:40:00,eth-updown-5m-1783219200,Up,0.50000000,6.00930000,12.01860000,0.00000000,-6.00930000,215.66814536
313,98f6da9f-357c-439b-a799-206ef14ab09c,2026-07-05 02:54:17,2026-07-05 02:44:36,2026-07-05 02:54:17,2026-07-05 02:45:00,eth-updown-5m-1783219500,Up,0.53000000,6.00930000,11.33830189,11.33830189,5.32900189,220.99714725
314,fbf2f8f7-68d3-4e66-8002-3e991da0039b,2026-07-05 02:57:48,2026-07-05 02:49:36,2026-07-05 02:57:48,2026-07-05 02:50:00,eth-updown-5m-1783219800,Up,0.54000000,6.00930000,11.12833333,11.12833333,5.11903333,226.11618058
315,c3615cf5-d681-4616-82c0-03763a743e10,2026-07-05 03:03:08,2026-07-05 02:54:36,2026-07-05 03:03:08,2026-07-05 02:55:00,eth-updown-5m-1783220100,Up,0.53000000,6.00930000,11.33830189,11.33830189,5.32900189,231.44518247
316,1535052a-c55c-45dc-a1cd-1a56d3ff37ab,2026-07-05 03:09:43,2026-07-05 02:59:37,2026-07-05 03:09:43,2026-07-05 03:00:00,eth-updown-5m-1783220400,Up,0.52000000,6.00930000,11.55634615,11.55634615,5.54704615,236.99222862
317,c016f0b3-3bf3-4e5d-8cc9-ba76731c330a,2026-07-05 03:12:19,2026-07-05 03:04:37,2026-07-05 03:12:19,2026-07-05 03:05:00,eth-updown-5m-1783220700,Up,0.51000000,6.00930000,11.78294118,11.78294118,5.77364118,242.76586980
318,c15ae370-9e8e-43c0-b712-3fc5c2c5a215,2026-07-05 03:20:22,2026-07-05 03:09:38,2026-07-05 03:20:22,2026-07-05 03:10:00,eth-updown-5m-1783221000,Up,0.49000000,6.00930000,12.26387755,12.26387755,6.25457755,249.02044735
319,12a8ec4f-5b37-4b3e-b5a5-5958271a8d53,2026-07-05 03:22:12,2026-07-05 03:14:37,2026-07-05 03:22:12,2026-07-05 03:15:00,eth-updown-5m-1783221300,Up,0.50000000,6.00930000,12.01860000,0.00000000,-6.00930000,243.01114735
320,c4dff9e6-9541-4d49-bb80-1e192aaab6be,2026-07-05 03:30:19,2026-07-05 03:19:35,2026-07-05 03:30:19,2026-07-05 03:20:00,eth-updown-5m-1783221600,Up,0.50000000,6.00930000,12.01860000,0.00000000,-6.00930000,237.00184735
321,cf85064c-c84e-4d6c-be4e-36e10aada756,2026-07-05 03:35:24,2026-07-05 03:24:37,2026-07-05 03:35:24,2026-07-05 03:25:00,eth-updown-5m-1783221900,Up,0.53000000,6.00930000,11.33830189,0.00000000,-6.00930000,230.99254735
322,3ab97413-8063-4ec6-b0fe-fa6db0a6c825,2026-07-05 03:40:29,2026-07-05 03:29:30,2026-07-05 03:40:29,2026-07-05 03:30:00,eth-updown-5m-1783222200,Up,0.55000000,6.00930000,10.92600000,10.92600000,4.91670000,235.90924735
323,56cf4bb9-da5d-4db3-9774-6b12fe62390e,2026-07-05 03:45:27,2026-07-05 03:34:35,2026-07-05 03:45:27,2026-07-05 03:35:00,eth-updown-5m-1783222500,Up,0.54000000,6.00930000,11.12833333,11.12833333,5.11903333,241.02828068
324,9fd61939-e8f6-4e0d-bcaf-e3baa2e8e18e,2026-07-05 03:47:18,2026-07-05 03:39:37,2026-07-05 03:47:18,2026-07-05 03:40:00,eth-updown-5m-1783222800,Up,0.49000000,6.00930000,12.26387755,0.00000000,-6.00930000,235.01898068
325,57a95dec-c2ae-4e59-960b-ad0469ff9d37,2026-07-05 03:55:21,2026-07-05 03:44:30,2026-07-05 03:55:21,2026-07-05 03:45:00,eth-updown-5m-1783223100,Up,0.51000000,6.00930000,11.78294118,11.78294118,5.77364118,240.79262186
326,0e004609-e75f-4405-b58b-53576dcc174c,2026-07-05 04:00:30,2026-07-05 03:49:37,2026-07-05 04:00:30,2026-07-05 03:50:00,eth-updown-5m-1783223400,Up,0.51000000,6.00930000,11.78294118,0.00000000,-6.00930000,234.78332186
327,7f7a7e87-7b08-4958-8446-49fb5dbb517e,2026-07-05 04:05:37,2026-07-05 03:54:36,2026-07-05 04:05:37,2026-07-05 03:55:00,eth-updown-5m-1783223700,Up,0.51000000,6.00930000,11.78294118,0.00000000,-6.00930000,228.77402186
328,9664d0d4-d433-4e0b-b0c0-9a342cdf85d4,2026-07-05 04:10:10,2026-07-05 03:59:36,2026-07-05 04:10:10,2026-07-05 04:00:00,eth-updown-5m-1783224000,Up,0.51000000,6.00930000,11.78294118,11.78294118,5.77364118,234.54766304
329,680ecd82-4a91-4916-8a1f-836ea8fabb74,2026-07-05 04:15:39,2026-07-05 04:04:37,2026-07-05 04:15:39,2026-07-05 04:05:00,eth-updown-5m-1783224300,Up,0.51000000,6.00930000,11.78294118,11.78294118,5.77364118,240.32130422
330,3ac1d788-4bdd-43f0-8ffc-d259d44432ac,2026-07-05 04:20:21,2026-07-05 04:09:36,2026-07-05 04:20:21,2026-07-05 04:10:00,eth-updown-5m-1783224600,Up,0.46000000,6.00930000,13.06369565,13.06369565,7.05439565,247.37569987
331,a9c0f6b0-ae99-4843-bc94-e4938b706f87,2026-07-05 04:25:15,2026-07-05 04:14:37,2026-07-05 04:25:15,2026-07-05 04:15:00,eth-updown-5m-1783224900,Up,0.48186113,6.00929999,12.47102041,12.47102041,6.46172042,253.83742029
332,d1d83164-6e61-4dba-b1cd-46910b6e3fcb,2026-07-05 04:30:03,2026-07-05 04:19:37,2026-07-05 04:30:03,2026-07-05 04:20:00,eth-updown-5m-1783225200,Up,0.47000000,6.00930000,12.78574468,12.78574468,6.77644468,260.61386497
333,eefd0e12-f3d6-4c81-887c-193a687caab5,2026-07-05 04:32:25,2026-07-05 04:24:37,2026-07-05 04:32:25,2026-07-05 04:25:00,eth-updown-5m-1783225500,Up,0.44000000,6.00930000,13.65750000,0.00000000,-6.00930000,254.60456497
334,a71cf2c1-c770-4fd1-9b7f-afb24702c7ef,2026-07-05 04:39:45,2026-07-05 04:29:36,2026-07-05 04:39:45,2026-07-05 04:30:00,eth-updown-5m-1783225800,Up,0.44000000,6.00930000,13.65750000,13.65750000,7.64820000,262.25276497
335,3ce9a4fb-5c6a-42b8-b878-5b4acabe854f,2026-07-05 04:45:26,2026-07-05 04:34:37,2026-07-05 04:45:26,2026-07-05 04:35:00,eth-updown-5m-1783226100,Up,0.45957937,6.00929999,13.07565217,0.00000000,-6.00929999,256.24346498
336,7e07aa33-e919-406f-8d85-e3a91929bfa3,2026-07-05 04:50:13,2026-07-05 04:39:36,2026-07-05 04:50:13,2026-07-05 04:40:00,eth-updown-5m-1783226400,Up,0.50000000,6.00930000,12.01860000,12.01860000,6.00930000,262.25276498
337,46ede015-fea3-4168-b6f7-2bcb3acc8faf,2026-07-05 04:53:36,2026-07-05 04:44:37,2026-07-05 04:53:36,2026-07-05 04:45:00,eth-updown-5m-1783226700,Up,0.46000000,6.00930000,13.06369565,0.00000000,-6.00930000,256.24346498
338,4c4919f7-22c0-42c8-8eb4-10d379b83f90,2026-07-05 05:00:18,2026-07-05 04:49:37,2026-07-05 05:00:18,2026-07-05 04:50:00,eth-updown-5m-1783227000,Up,0.50000000,6.00930000,12.01860000,0.00000000,-6.00930000,250.23416498
339,d23f0615-7adf-4239-839b-5c2af3649d15,2026-07-05 05:03:15,2026-07-05 04:54:37,2026-07-05 05:03:15,2026-07-05 04:55:00,eth-updown-5m-1783227300,Up,0.50579159,6.00929996,11.88098039,0.00000000,-6.00929996,244.22486502
340,c3b36df4-dd88-49f5-8d06-01f437d798d8,2026-07-05 05:10:06,2026-07-05 04:59:35,2026-07-05 05:10:06,2026-07-05 05:00:00,eth-updown-5m-1783227600,Up,0.50981939,6.00929997,11.78711538,0.00000000,-6.00929997,238.21556505
341,846e3c89-eddf-4324-a736-17719b925067,2026-07-05 05:15:05,2026-07-05 05:04:37,2026-07-05 05:15:05,2026-07-05 05:05:00,eth-updown-5m-1783227900,Up,0.53000000,6.00930000,11.33830189,0.00000000,-6.00930000,232.20626505
342,b9540259-17c3-480d-b6e8-96690418e245,2026-07-05 05:20:21,2026-07-05 05:09:36,2026-07-05 05:20:21,2026-07-05 05:10:00,eth-updown-5m-1783228200,Up,0.54000000,6.00930000,11.12833333,11.12833333,5.11903333,237.32529838
343,1c6a6182-d9f3-4f1a-b052-6d294fdcb7ee,2026-07-05 05:22:48,2026-07-05 05:14:37,2026-07-05 05:22:48,2026-07-05 05:15:00,eth-updown-5m-1783228500,Up,0.52000000,6.00930000,11.55634615,11.55634615,5.54704615,242.87234453
344,1a657007-b6d9-4cf7-a07a-5fa0354a38df,2026-07-05 05:29:45,2026-07-05 05:19:32,2026-07-05 05:29:45,2026-07-05 05:20:00,eth-updown-5m-1783228800,Up,0.51999998,5.99999900,11.53846000,0.00000000,-5.99999900,236.87234553
345,25f400a3-08ab-4ded-b15b-0a1ed64756ad,2026-07-05 05:35:09,2026-07-05 05:24:34,2026-07-05 05:35:09,2026-07-05 05:25:00,eth-updown-5m-1783229100,Up,0.52999999,5.99999898,11.32075300,11.32075300,5.32075402,242.19309955
346,01243497-d4f6-4985-90a0-a995a39513e2,2026-07-05 05:39:56,2026-07-05 05:29:32,2026-07-05 05:39:56,2026-07-05 05:30:00,eth-updown-5m-1783229400,Up,0.52999999,5.99999898,11.32075300,11.32075300,5.32075402,247.51385357
347,46ba19a1-0b35-4eaf-b48e-4582f16fbe33,2026-07-05 05:45:27,2026-07-05 05:34:30,2026-07-05 05:45:27,2026-07-05 05:35:00,eth-updown-5m-1783229700,Up,0.52000000,6.00930000,11.55634615,0.00000000,-6.00930000,241.50455357
348,5777bfb5-cfd6-4b53-a628-73a0a4945435,2026-07-05 05:50:06,2026-07-05 05:39:30,2026-07-05 05:50:06,2026-07-05 05:40:00,eth-updown-5m-1783230000,Up,0.51000000,6.00930000,11.78294118,0.00000000,-6.00930000,235.49525357
349,9fc0bf16-3e05-4040-a64c-1ab244ca237d,2026-07-05 05:55:10,2026-07-05 05:44:30,2026-07-05 05:55:10,2026-07-05 05:45:00,eth-updown-5m-1783230300,Up,0.55000000,6.00930000,10.92600000,10.92600000,4.91670000,240.41195357
350,9b445f4a-c15b-457a-82b6-13c4bb48f942,2026-07-05 06:00:18,2026-07-05 05:49:30,2026-07-05 06:00:18,2026-07-05 05:50:00,eth-updown-5m-1783230600,Up,0.53000000,6.00930000,11.33830189,11.33830189,5.32900189,245.74095546
351,ca2dee3f-c169-421c-922b-b95e257067f9,2026-07-05 06:05:28,2026-07-05 05:54:30,2026-07-05 06:05:28,2026-07-05 05:55:00,eth-updown-5m-1783230900,Up,0.51000000,6.00930000,11.78294118,11.78294118,5.77364118,251.51459664
352,22b14987-94d8-47fa-8559-7063c3696dd7,2026-07-05 06:10:03,2026-07-05 05:59:30,2026-07-05 06:10:03,2026-07-05 06:00:00,eth-updown-5m-1783231200,Up,0.51000000,6.00930000,11.78294118,0.00000000,-6.00930000,245.50529664
353,fab496a0-8634-47b4-bb11-62b17caf0f60,2026-07-05 06:14:47,2026-07-05 06:04:34,2026-07-05 06:14:47,2026-07-05 06:05:00,eth-updown-5m-1783231500,Up,0.51999998,5.99999897,11.53846000,0.00000000,-5.99999897,239.50529767
354,83b44e48-dd83-409f-8ad5-048fb39dc765,2026-07-05 06:19:57,2026-07-05 06:09:30,2026-07-05 06:19:57,2026-07-05 06:10:00,eth-updown-5m-1783231800,Up,0.51000000,6.00930000,11.78294118,11.78294118,5.77364118,245.27893885
355,3cc2f5f3-0e66-4096-81ce-4ea33849ecb2,2026-07-05 06:25:08,2026-07-05 06:14:30,2026-07-05 06:25:08,2026-07-05 06:15:00,eth-updown-5m-1783232100,Up,0.52000000,6.00930000,11.55634615,11.55634615,5.54704615,250.82598500
356,4e805664-589c-4b5a-9aa4-91a9535c69ef,2026-07-05 06:30:20,2026-07-05 06:19:30,2026-07-05 06:30:20,2026-07-05 06:20:00,eth-updown-5m-1783232400,Up,0.51000000,6.00930000,11.78294118,0.00000000,-6.00930000,244.81668500
357,35ed2d6a-b3b4-4b37-9a34-bf520fd88ce2,2026-07-05 06:34:36,2026-07-05 06:24:30,2026-07-05 06:34:36,2026-07-05 06:25:00,eth-updown-5m-1783232700,Up,0.51230179,6.00930000,11.73000000,11.73000000,5.72070000,250.53738500
358,7a2aa577-9a66-48d3-b036-aabaa8f7107f,2026-07-05 06:40:21,2026-07-05 06:29:30,2026-07-05 06:40:21,2026-07-05 06:30:00,eth-updown-5m-1783233000,Up,0.51000000,6.00930000,11.78294118,11.78294118,5.77364118,256.31102618
359,f05d028f-aeda-4615-a3ae-0303d6003775,2026-07-05 06:45:11,2026-07-05 06:34:30,2026-07-05 06:45:11,2026-07-05 06:35:00,eth-updown-5m-1783233300,Up,0.48000000,6.00930000,12.51937500,0.00000000,-6.00930000,250.30172618
360,3583ccf1-0bd2-4e60-b3a3-0604fb8dd8cd,2026-07-05 06:49:46,2026-07-05 06:39:33,2026-07-05 06:49:46,2026-07-05 06:40:00,eth-updown-5m-1783233600,Up,0.50000000,6.00000000,12.00000000,0.00000000,-6.00000000,244.30172618
361,bff3f3d8-3d69-4df7-8094-7e857db8e86a,2026-07-05 06:54:00,2026-07-05 06:44:33,2026-07-05 06:54:00,2026-07-05 06:45:00,eth-updown-5m-1783233900,Up,0.50000000,6.00000000,12.00000000,0.00000000,-6.00000000,238.30172618
362,2de9e6b2-9896-4613-bd13-0ee7ecbc0063,2026-07-05 06:59:58,2026-07-05 06:49:33,2026-07-05 06:59:58,2026-07-05 06:50:00,eth-updown-5m-1783234200,Up,0.51999998,5.99999897,11.53846000,0.00000000,-5.99999897,232.30172721
363,b5b54c58-65c2-48ce-91b9-e8a7afc66eef,2026-07-05 07:05:15,2026-07-05 06:54:32,2026-07-05 07:05:15,2026-07-05 06:55:00,eth-updown-5m-1783234500,Up,0.52999999,5.99999898,11.32075300,11.32075300,5.32075402,237.62248123
364,7594301e-0e61-4773-b5fc-83ea63ffccb1,2026-07-05 07:09:54,2026-07-05 06:59:33,2026-07-05 07:09:54,2026-07-05 07:00:00,eth-updown-5m-1783234800,Up,0.51000000,5.99999904,11.76470400,0.00000000,-5.99999904,231.62248219
365,6ce7cc1d-c16c-4c13-8e6b-dfb54c979288,2026-07-05 07:34:42,2026-07-05 07:24:34,2026-07-05 07:34:42,2026-07-05 07:25:00,eth-updown-5m-1783236300,Up,0.51000000,5.99999904,11.76470400,0.00000000,-5.99999904,225.62248315
366,797c50fd-4e58-4f6c-ad5d-dbe24ab3e95c,2026-07-05 07:39:59,2026-07-05 07:29:32,2026-07-05 07:39:59,2026-07-05 07:30:00,eth-updown-5m-1783236600,Up,0.52561981,5.99999901,11.41509300,11.41509300,5.41509399,231.03757714
367,d38c4ec3-a4f6-4a4a-8161-6521053e7709,2026-07-05 07:42:26,2026-07-05 07:34:32,2026-07-05 07:42:26,2026-07-05 07:35:00,eth-updown-5m-1783236900,Up,0.49000000,5.99999904,12.24489600,12.24489600,6.24489696,237.28247410
368,ec3a2674-a35e-4d44-a92a-9b73dfd275c8,2026-07-05 07:49:51,2026-07-05 07:39:32,2026-07-05 07:49:51,2026-07-05 07:40:00,eth-updown-5m-1783237200,Up,0.49000000,5.99999904,12.24489600,12.24489600,6.24489696,243.52737106
369,3eae86bf-fe5c-4b63-ad96-e88c7cb3f995,2026-07-05 07:54:45,2026-07-05 07:44:32,2026-07-05 07:54:45,2026-07-05 07:45:00,eth-updown-5m-1783237500,Up,0.49180328,6.00000002,12.20000000,0.00000000,-6.00000002,237.52737104
370,b87dc08c-89ad-4ce8-a8c1-9291bec3f935,2026-07-05 08:00:05,2026-07-05 07:49:35,2026-07-05 08:00:05,2026-07-05 07:50:00,eth-updown-5m-1783237800,Up,0.49000000,5.99999904,12.24489600,12.24489600,6.24489696,243.77226800
371,8564f552-970b-4fc6-8a12-db8f77341f70,2026-07-05 08:04:49,2026-07-05 07:54:32,2026-07-05 08:04:49,2026-07-05 07:55:00,eth-updown-5m-1783238100,Up,0.48000000,6.00000000,12.50000000,12.50000000,6.50000000,250.27226800
372,512497fc-608e-46c2-b88c-700f1f842897,2026-07-05 08:09:44,2026-07-05 07:59:32,2026-07-05 08:09:44,2026-07-05 08:00:00,eth-updown-5m-1783238400,Up,0.46999997,5.99999894,12.76595600,0.00000000,-5.99999894,244.27226906
373,ecff3234-6471-414c-985e-a954def9850e,2026-07-05 08:15:02,2026-07-05 08:04:34,2026-07-05 08:15:02,2026-07-05 08:05:00,eth-updown-5m-1783238700,Up,0.48255258,5.99999894,12.43387600,0.00000000,-5.99999894,238.27227012
374,738888bb-6a0b-47d6-b64c-1f0f81fef85a,2026-07-05 08:19:49,2026-07-05 08:09:32,2026-07-05 08:19:49,2026-07-05 08:10:00,eth-updown-5m-1783239000,Up,0.51000000,5.99999904,11.76470400,11.76470400,5.76470496,244.03697508
375,6b9b8396-b960-464b-b56f-5c7bb3affc9b,2026-07-05 08:24:47,2026-07-05 08:14:33,2026-07-05 08:24:47,2026-07-05 08:15:00,eth-updown-5m-1783239300,Up,0.49000000,5.99999904,12.24489600,0.00000000,-5.99999904,238.03697604
376,e4d777b0-e9a3-4110-bc02-6179e3708ca7,2026-07-05 08:29:37,2026-07-05 08:19:33,2026-07-05 08:29:37,2026-07-05 08:20:00,eth-updown-5m-1783239600,Up,0.50000000,6.00000000,12.00000000,0.00000000,-6.00000000,232.03697604
377,5fe976cd-0de0-48e1-b247-60e1402f0b71,2026-07-05 08:35:13,2026-07-05 08:24:33,2026-07-05 08:35:13,2026-07-05 08:25:00,eth-updown-5m-1783239900,Up,0.51000000,5.99999904,11.76470400,0.00000000,-5.99999904,226.03697700
378,6d3e1f07-64a7-49ae-b543-3f10b85b8958,2026-07-05 08:39:48,2026-07-05 08:29:32,2026-07-05 08:39:48,2026-07-05 08:30:00,eth-updown-5m-1783240200,Up,0.51999998,5.99999897,11.53846000,11.53846000,5.53846103,231.57543803
379,a0a582b4-6c22-4802-a98f-c7a423ceac62,2026-07-05 08:44:46,2026-07-05 08:34:33,2026-07-05 08:44:46,2026-07-05 08:35:00,eth-updown-5m-1783240500,Up,0.51000000,5.99999904,11.76470400,0.00000000,-5.99999904,225.57543899
380,6fd4371d-09a2-465d-8a31-eed5da844d67,2026-07-05 08:48:28,2026-07-05 08:39:34,2026-07-05 08:48:28,2026-07-05 08:40:00,eth-updown-5m-1783240800,Up,0.51000000,5.99999904,11.76470400,11.76470400,5.76470496,231.34014395
381,1dbee1bb-fd22-4cef-89a4-cfb5f8a601a5,2026-07-05 08:54:50,2026-07-05 08:44:33,2026-07-05 08:54:50,2026-07-05 08:45:00,eth-updown-5m-1783241100,Up,0.51999998,5.99999897,11.53846000,11.53846000,5.53846103,236.87860498
382,19ea2911-7092-4700-a1ca-00d1687fea7f,2026-07-05 09:00:17,2026-07-05 08:49:33,2026-07-05 09:00:17,2026-07-05 08:50:00,eth-updown-5m-1783241400,Up,0.45999997,5.99999903,13.04347700,0.00000000,-5.99999903,230.87860595
383,452f02db-bb2e-4305-a445-4491cf4e2c1e,2026-07-05 09:02:20,2026-07-05 08:54:34,2026-07-05 09:02:20,2026-07-05 08:55:00,eth-updown-5m-1783241700,Up,0.51000000,5.99999904,11.76470400,0.00000000,-5.99999904,224.87860691
384,3088ff33-94ed-4adc-91e1-94f5c34d56fc,2026-07-05 09:09:46,2026-07-05 08:59:33,2026-07-05 09:09:46,2026-07-05 09:00:00,eth-updown-5m-1783242000,Up,0.51000000,5.99999904,11.76470400,0.00000000,-5.99999904,218.87860787
385,a489f697-4a89-4341-9d81-d12bfeee93a3,2026-07-05 09:15:02,2026-07-05 09:04:33,2026-07-05 09:15:02,2026-07-05 09:05:00,eth-updown-5m-1783242300,Up,0.52999999,5.99999898,11.32075300,11.32075300,5.32075402,224.19936189
386,ecc35102-cb60-41d3-9adc-d61a6a3e7f58,2026-07-05 09:20:00,2026-07-05 09:09:34,2026-07-05 09:20:00,2026-07-05 09:10:00,eth-updown-5m-1783242600,Up,0.52999999,5.99999898,11.32075300,0.00000000,-5.99999898,218.19936291
387,143e73a7-5b1a-4176-a0d2-39c33ff03b4a,2026-07-05 09:24:49,2026-07-05 09:14:33,2026-07-05 09:24:49,2026-07-05 09:15:00,eth-updown-5m-1783242900,Up,0.51063830,6.00000003,11.75000000,11.75000000,5.74999998,223.94936289
388,14b6f2b0-1145-449c-b2d8-e465825aaa2e,2026-07-05 09:29:46,2026-07-05 09:19:33,2026-07-05 09:29:46,2026-07-05 09:20:00,eth-updown-5m-1783243200,Up,0.52077362,5.99999900,11.52131900,0.00000000,-5.99999900,217.94936389
389,14f8f549-9a26-4d9a-9f80-3fbae7afc6e7,2026-07-05 09:35:30,2026-07-05 09:24:33,2026-07-05 09:35:30,2026-07-05 09:25:00,eth-updown-5m-1783243500,Up,0.54999996,5.99999796,10.90908800,0.00000000,-5.99999796,211.94936593
390,2b0e60d2-cb0f-41fd-a23a-d68dba263cd8,2026-07-05 09:39:47,2026-07-05 09:29:33,2026-07-05 09:39:47,2026-07-05 09:30:00,eth-updown-5m-1783243800,Up,0.56000000,5.99999904,10.71428400,0.00000000,-5.99999904,205.94936689
391,91f2dc69-37bc-4280-877e-64ce58d6da78,2026-07-05 09:43:49,2026-07-05 09:34:33,2026-07-05 09:43:49,2026-07-05 09:35:00,eth-updown-5m-1783244100,Up,0.54999996,5.99999796,10.90908800,0.00000000,-5.99999796,199.94936893
392,34205b51-3da6-4aa7-b316-ca2c65baddf3,2026-07-05 09:49:45,2026-07-05 09:39:32,2026-07-05 09:49:45,2026-07-05 09:40:00,eth-updown-5m-1783244400,Up,0.53999996,5.99999896,11.11111000,0.00000000,-5.99999896,193.94936997
393,d1d0ce39-da0c-4921-be47-8d91bd422dfb,2026-07-05 09:55:32,2026-07-05 09:44:37,2026-07-05 09:55:32,2026-07-05 09:45:00,eth-updown-5m-1783244700,Up,0.56992413,6.00930003,10.54403509,10.54403509,4.53473506,198.48410503
394,2232d2bc-e839-415e-a3ca-2a76df8b312c,2026-07-05 10:00:06,2026-07-05 09:49:33,2026-07-05 10:00:06,2026-07-05 09:50:00,eth-updown-5m-1783245000,Up,0.54934181,6.00930000,10.93909091,10.93909091,4.92979091,203.41389594
395,41c42aeb-90c6-4b54-9f2d-948d509ed013,2026-07-05 10:05:22,2026-07-05 09:54:33,2026-07-05 10:05:22,2026-07-05 09:55:00,eth-updown-5m-1783245300,Up,0.52562656,6.00930003,11.43264151,11.43264151,5.42334148,208.83723742
396,e167c86c-2ddf-4a78-a51c-928a14d6ccf0,2026-07-05 10:09:38,2026-07-05 09:59:32,2026-07-05 10:09:38,2026-07-05 10:00:00,eth-updown-5m-1783245600,Up,0.51000000,6.00930000,11.78294118,11.78294118,5.77364118,214.61087860
397,281eab89-4605-458f-818e-687ed78562fa,2026-07-05 10:14:29,2026-07-05 10:04:34,2026-07-05 10:14:29,2026-07-05 10:05:00,eth-updown-5m-1783245900,Up,0.51000000,6.00930000,11.78294118,11.78294118,5.77364118,220.38451978
398,9c23043b-5b00-4c3d-9310-c44808865417,2026-07-05 10:19:10,2026-07-05 10:09:33,2026-07-05 10:19:10,2026-07-05 10:10:00,eth-updown-5m-1783246200,Up,0.49000000,5.99999904,12.24489600,12.24489600,6.24489696,226.62941674
399,fbfd2e8f-f6b2-445e-b06d-54d7190ddc7c,2026-07-05 10:39:50,2026-07-05 10:29:33,2026-07-05 10:39:50,2026-07-05 10:30:00,eth-updown-5m-1783247400,Up,0.50000000,6.00000000,12.00000000,12.00000000,6.00000000,232.62941674
400,538da6be-f836-483f-bf27-3dbaa0951e93,2026-07-05 10:49:50,2026-07-05 10:39:32,2026-07-05 10:49:50,2026-07-05 10:40:00,eth-updown-5m-1783248000,Up,0.50000000,6.00000000,12.00000000,0.00000000,-6.00000000,226.62941674
401,7e6feeae-ff0d-4352-8b4a-1e7af02ef9ff,2026-07-05 10:54:45,2026-07-05 10:44:33,2026-07-05 10:54:45,2026-07-05 10:45:00,eth-updown-5m-1783248300,Up,0.49000000,5.99999904,12.24489600,12.24489600,6.24489696,232.87431370
402,06b6f43e-f34e-448c-bf81-46e3cb67bf27,2026-07-05 11:00:01,2026-07-05 10:49:34,2026-07-05 11:00:01,2026-07-05 10:50:00,eth-updown-5m-1783248600,Up,0.49000000,5.99999904,12.24489600,12.24489600,6.24489696,239.11921066
403,e663aeb4-1418-4c63-b0c9-9f9758b2e0e1,2026-07-05 11:04:43,2026-07-05 10:54:33,2026-07-05 11:04:43,2026-07-05 10:55:00,eth-updown-5m-1783248900,Up,0.48000000,6.00000000,12.50000000,12.50000000,6.50000000,245.61921066
404,2144d619-6099-43a0-abac-3e1a97299f6d,2026-07-05 11:14:54,2026-07-05 11:04:33,2026-07-05 11:14:54,2026-07-05 11:05:00,eth-updown-5m-1783249500,Up,0.45999997,5.99999903,13.04347700,13.04347700,7.04347797,252.66268863
405,2e1735fa-1a84-472d-9965-00d47d8fc32b,2026-07-05 11:19:57,2026-07-05 11:09:33,2026-07-05 11:19:57,2026-07-05 11:10:00,eth-updown-5m-1783249800,Up,0.50000000,6.00000000,12.00000000,12.00000000,6.00000000,258.66268863
406,43f7946a-1dd9-4800-845b-1fcfe2824c75,2026-07-05 11:30:16,2026-07-05 11:19:33,2026-07-05 11:30:16,2026-07-05 11:20:00,eth-updown-5m-1783250400,Up,0.50000000,6.00000000,12.00000000,0.00000000,-6.00000000,252.66268863
407,b2e3ba0a-dee5-40d7-a1ec-391421131ee0,2026-07-05 11:35:08,2026-07-05 11:24:32,2026-07-05 11:35:08,2026-07-05 11:25:00,eth-updown-5m-1783250700,Up,0.52999999,5.99999898,11.32075300,0.00000000,-5.99999898,246.66268965
408,1e4988b7-bbed-4ad1-97e3-6b01ffa1e9e0,2026-07-05 11:40:08,2026-07-05 11:29:33,2026-07-05 11:40:08,2026-07-05 11:30:00,eth-updown-5m-1783251000,Up,0.51999998,5.99999897,11.53846000,11.53846000,5.53846103,252.20115068
409,6836d719-5735-4d35-85a2-12ecbddb897f,2026-07-05 11:42:39,2026-07-05 11:34:32,2026-07-05 11:42:39,2026-07-05 11:35:00,eth-updown-5m-1783251300,Up,0.50000000,6.00000000,12.00000000,12.00000000,6.00000000,258.20115068
410,e02164f0-1b3b-4577-825d-4a96f4e2498f,2026-07-05 11:49:36,2026-07-05 11:39:32,2026-07-05 11:49:36,2026-07-05 11:40:00,eth-updown-5m-1783251600,Up,0.49000000,5.99999904,12.24489600,0.00000000,-5.99999904,252.20115164
411,195a47a2-a156-4214-8388-185c4c9f3d42,2026-07-05 11:54:55,2026-07-05 11:44:32,2026-07-05 11:54:55,2026-07-05 11:45:00,eth-updown-5m-1783251900,Up,0.50000000,6.00000000,12.00000000,0.00000000,-6.00000000,246.20115164
412,5751d7ab-86f3-4415-8551-7d4580a4e2ed,2026-07-05 11:59:41,2026-07-05 11:49:32,2026-07-05 11:59:41,2026-07-05 11:50:00,eth-updown-5m-1783252200,Up,0.51000000,5.99999904,11.76470400,0.00000000,-5.99999904,240.20115260
413,36107758-2866-4b23-86b5-7a3f763e5ffb,2026-07-05 12:05:29,2026-07-05 11:54:38,2026-07-05 12:05:29,2026-07-05 11:55:00,eth-updown-5m-1783252500,Up,0.52562656,6.00930003,11.43264151,11.43264151,5.42334148,245.62449408
414,28ff0a5f-d18b-4c0d-b3e4-4c3bfbe9d0cc,2026-07-05 12:10:18,2026-07-05 11:59:30,2026-07-05 12:10:18,2026-07-05 12:00:00,eth-updown-5m-1783252800,Up,0.51148839,6.00930004,11.74865385,0.00000000,-6.00930004,239.61519404
415,a4c2c43f-1b13-4db1-9271-a8f482866ee6,2026-07-05 12:15:25,2026-07-05 12:04:37,2026-07-05 12:15:25,2026-07-05 12:05:00,eth-updown-5m-1783253100,Up,0.54000000,6.00930000,11.12833333,11.12833333,5.11903333,244.73422737
416,dbc272e5-1730-4998-9760-e4b8a1c898e8,2026-07-05 12:20:01,2026-07-05 12:09:38,2026-07-05 12:20:01,2026-07-05 12:10:00,eth-updown-5m-1783253400,Up,0.53000000,6.00930000,11.33830189,11.33830189,5.32900189,250.06322926
417,42dc7313-ac63-4d89-a88f-70eaad7a7522,2026-07-05 12:25:21,2026-07-05 12:14:30,2026-07-05 12:25:21,2026-07-05 12:15:00,eth-updown-5m-1783253700,Up,0.51000000,6.00930000,11.78294118,11.78294118,5.77364118,255.83687044
418,27990539-e432-4f21-b4ad-62768f74c7e1,2026-07-05 12:30:34,2026-07-05 12:19:30,2026-07-05 12:30:34,2026-07-05 12:20:00,eth-updown-5m-1783254000,Up,0.49000000,6.00930000,12.26387755,12.26387755,6.25457755,262.09144799
419,2e1a4c0f-711b-4c11-b46a-3dc701260cd9,2026-07-05 12:34:12,2026-07-05 12:24:30,2026-07-05 12:34:12,2026-07-05 12:25:00,eth-updown-5m-1783254300,Up,0.48000000,6.00930000,12.51937500,12.51937500,6.51007500,268.60152299
420,a2fc924b-4896-4c77-8f67-b4143bd36938,2026-07-05 12:40:13,2026-07-05 12:29:30,2026-07-05 12:40:13,2026-07-05 12:30:00,eth-updown-5m-1783254600,Up,0.48014822,6.00929994,12.51551020,0.00000000,-6.00929994,262.59222305
421,95e7bc07-a000-46ee-ae84-793e3f0fb7fe,2026-07-05 12:45:25,2026-07-05 12:34:30,2026-07-05 12:45:25,2026-07-05 12:35:00,eth-updown-5m-1783254900,Up,0.49000000,6.00930000,12.26387755,12.26387755,6.25457755,268.84680060
422,78f70662-61e9-46fc-87b8-5563710f1b80,2026-07-05 12:47:05,2026-07-05 12:39:31,2026-07-05 12:47:05,2026-07-05 12:40:00,eth-updown-5m-1783255200,Up,0.50000000,6.00930000,12.01860000,0.00000000,-6.00930000,262.83750060
423,2ac18af9-2f3e-4771-9ff3-6d70895a13b1,2026-07-05 12:55:23,2026-07-05 12:44:31,2026-07-05 12:55:23,2026-07-05 12:45:00,eth-updown-5m-1783255500,Up,0.49000000,6.00930000,12.26387755,12.26387755,6.25457755,269.09207815
424,07b0ac3f-13c8-4a64-8a6a-29bbae5381d4,2026-07-05 13:00:15,2026-07-05 12:49:30,2026-07-05 13:00:15,2026-07-05 12:50:00,eth-updown-5m-1783255800,Up,0.48197944,6.00929998,12.46795918,0.00000000,-6.00929998,263.08277817
425,6f4b6bf9-1552-455d-a8f0-b951ded4e9ea,2026-07-05 13:05:40,2026-07-05 12:54:30,2026-07-05 13:05:40,2026-07-05 12:55:00,eth-updown-5m-1783256100,Up,0.49000000,6.00930000,12.26387755,0.00000000,-6.00930000,257.07347817
426,376ff4dc-b0ea-4a11-af37-d86ca199fc75,2026-07-05 13:13:22,2026-07-05 13:04:30,2026-07-05 13:13:22,2026-07-05 13:05:00,eth-updown-5m-1783256700,Up,0.50000000,6.00930000,12.01860000,12.01860000,6.00930000,263.08277817
427,89154002-2d74-4c41-9167-2b39fe6bf0d0,2026-07-05 13:19:31,2026-07-05 13:09:30,2026-07-05 13:19:31,2026-07-05 13:10:00,eth-updown-5m-1783257000,Up,0.49000000,6.00930000,12.26387755,0.00000000,-6.00930000,257.07347817
428,a7375f8e-c5a3-4521-b94a-b2b77f915cc4,2026-07-05 13:23:37,2026-07-05 13:14:30,2026-07-05 13:23:37,2026-07-05 13:15:00,eth-updown-5m-1783257300,Up,0.49000000,6.00930000,12.26387755,12.26387755,6.25457755,263.32805572
429,be62801a-fa29-4678-95b3-297bd9d45ab0,2026-07-05 13:29:34,2026-07-05 13:19:31,2026-07-05 13:29:34,2026-07-05 13:20:00,eth-updown-5m-1783257600,Up,0.48000000,6.00930000,12.51937500,0.00000000,-6.00930000,257.31875572
430,0054a114-2238-4c31-92a7-03e994e695bc,2026-07-05 13:35:10,2026-07-05 13:24:31,2026-07-05 13:35:10,2026-07-05 13:25:00,eth-updown-5m-1783257900,Up,0.50000000,6.00930000,12.01860000,0.00000000,-6.00930000,251.30945572
431,dbc491b9-6bd4-4f58-818a-760f4436c01e,2026-07-05 13:40:03,2026-07-05 13:29:30,2026-07-05 13:40:03,2026-07-05 13:30:00,eth-updown-5m-1783258200,Up,0.51065253,6.00930005,11.76788462,0.00000000,-6.00930005,245.30015567
432,a2ebb5b0-785f-4024-8d20-6723150526d1,2026-07-05 13:41:40,2026-07-05 13:34:31,2026-07-05 13:41:40,2026-07-05 13:35:00,eth-updown-5m-1783258500,Up,0.52000000,6.00930000,11.55634615,11.55634615,5.54704615,250.84720182
433,e132ac01-9227-4465-92bf-2ecfdb54ee95,2026-07-05 13:49:09,2026-07-05 13:39:30,2026-07-05 13:49:09,2026-07-05 13:40:00,eth-updown-5m-1783258800,Up,0.52000000,6.00930000,11.55634615,11.55634615,5.54704615,256.39424797
434,2484c0e9-ca09-4a65-9ae8-58552ec6cc96,2026-07-05 13:55:35,2026-07-05 13:44:31,2026-07-05 13:55:35,2026-07-05 13:45:00,eth-updown-5m-1783259100,Up,0.50000000,6.00930000,12.01860000,12.01860000,6.00930000,262.40354797
435,ad809dd6-afa2-4867-90bc-41eb86c5e229,2026-07-05 14:04:15,2026-07-05 13:54:31,2026-07-05 14:04:15,2026-07-05 13:55:00,eth-updown-5m-1783259700,Up,0.49587411,6.00929999,12.11860000,12.11860000,6.10930001,268.51284798
436,38dab5ba-3c75-48da-ae52-56301d69b622,2026-07-05 14:10:22,2026-07-05 13:59:30,2026-07-05 14:10:22,2026-07-05 14:00:00,eth-updown-5m-1783260000,Up,0.49181576,6.00930005,12.21860000,0.00000000,-6.00930005,262.50354793
437,314aebc4-6a13-42a1-8b10-67d97c5a5650,2026-07-05 14:15:25,2026-07-05 14:04:30,2026-07-05 14:15:25,2026-07-05 14:05:00,eth-updown-5m-1783260300,Up,0.50000000,6.00930000,12.01860000,12.01860000,6.00930000,268.51284793
438,5add8e37-a779-4e01-b3e4-36fe8fe5bb8c,2026-07-05 14:19:47,2026-07-05 14:09:30,2026-07-05 14:19:47,2026-07-05 14:10:00,eth-updown-5m-1783260600,Up,0.49000000,6.00930000,12.26387755,12.26387755,6.25457755,274.76742548
439,c26ebd2a-3db3-4d6a-9a2d-ca7a0700557f,2026-07-05 14:25:18,2026-07-05 14:14:30,2026-07-05 14:25:18,2026-07-05 14:15:00,eth-updown-5m-1783260900,Up,0.48061845,6.00929999,12.50326531,0.00000000,-6.00929999,268.75812549
440,eedb10e9-4f81-4e92-94a2-31973a761ba0,2026-07-05 14:30:14,2026-07-05 14:19:30,2026-07-05 14:30:14,2026-07-05 14:20:00,eth-updown-5m-1783261200,Up,0.51000000,6.00930000,11.78294118,11.78294118,5.77364118,274.53176667
441,d8e9a2fd-1cd9-4412-84ad-02c2219d5ee0,2026-07-05 14:35:40,2026-07-05 14:24:36,2026-07-05 14:35:40,2026-07-05 14:25:00,eth-updown-5m-1783261500,Up,0.50000000,6.00930000,12.01860000,12.01860000,6.00930000,280.54106667
442,d888c674-d57c-4117-8c6c-76c8fd976ffb,2026-07-05 14:39:47,2026-07-05 14:29:30,2026-07-05 14:39:47,2026-07-05 14:30:00,eth-updown-5m-1783261800,Up,0.49000000,6.00930000,12.26387755,0.00000000,-6.00930000,274.53176667
443,4dadd6a9-d113-44ee-a415-6ee12a9e120f,2026-07-05 14:45:28,2026-07-05 14:34:30,2026-07-05 14:45:28,2026-07-05 14:35:00,eth-updown-5m-1783262100,Up,0.51000000,6.00930000,11.78294118,11.78294118,5.77364118,280.30540785
444,d68dcc35-630e-4722-b1d4-56fe478ed903,2026-07-05 14:47:04,2026-07-05 14:39:30,2026-07-05 14:47:04,2026-07-05 14:40:00,eth-updown-5m-1783262400,Up,0.49000000,6.00930000,12.26387755,0.00000000,-6.00930000,274.29610785
445,2ea4b4b0-38ea-4dfa-ab47-1185ba146d75,2026-07-05 14:55:23,2026-07-05 14:44:31,2026-07-05 14:55:23,2026-07-05 14:45:00,eth-updown-5m-1783262700,Up,0.48595663,6.00930002,12.36591837,0.00000000,-6.00930002,268.28680783
446,ec1a34a9-8515-42d2-8b4a-450105ad2417,2026-07-05 15:00:17,2026-07-05 14:49:30,2026-07-05 15:00:17,2026-07-05 14:50:00,eth-updown-5m-1783263000,Up,0.49000000,6.00930000,12.26387755,12.26387755,6.25457755,274.54138538
447,76c032e5-2d8d-4557-a0d5-19d936100943,2026-07-05 15:05:31,2026-07-05 14:54:32,2026-07-05 15:05:31,2026-07-05 14:55:00,eth-updown-5m-1783263300,Up,0.48000000,6.00930000,12.51937500,12.51937500,6.51007500,281.05146038
448,19e67ae3-cf2c-40db-b9ee-c99046826720,2026-07-05 15:07:13,2026-07-05 14:59:30,2026-07-05 15:07:13,2026-07-05 15:00:00,eth-updown-5m-1783263600,Up,0.47000000,6.00930000,12.78574468,12.78574468,6.77644468,287.82790506
449,184c5895-f621-4322-9716-8baf07a2b507,2026-07-05 15:30:24,2026-07-05 15:19:30,2026-07-05 15:30:24,2026-07-05 15:20:00,eth-updown-5m-1783264800,Up,0.50000000,6.00930000,12.01860000,0.00000000,-6.00930000,281.81860506
450,3cf23778-00f6-4090-9537-e6889941453e,2026-07-05 15:35:27,2026-07-05 15:24:30,2026-07-05 15:35:27,2026-07-05 15:25:00,eth-updown-5m-1783265100,Up,0.50000000,6.00930000,12.01860000,12.01860000,6.00930000,287.82790506
451,7bd51cec-f3a8-4bcf-9745-a7a1e277ba0d,2026-07-05 15:50:04,2026-07-05 15:39:31,2026-07-05 15:50:04,2026-07-05 15:40:00,eth-updown-5m-1783266000,Up,0.49121273,6.00930005,12.23360000,0.00000000,-6.00930005,281.81860501
452,1ef83912-a635-4b2f-9b11-4a7bf18df4c6,2026-07-05 15:55:20,2026-07-05 15:44:31,2026-07-05 15:55:20,2026-07-05 15:45:00,eth-updown-5m-1783266300,Up,0.52000000,6.00930000,11.55634615,11.55634615,5.54704615,287.36565116
453,52e52bdf-12ec-467e-adbb-9d82fdb0d7cd,2026-07-05 15:59:29,2026-07-05 15:49:30,2026-07-05 15:59:29,2026-07-05 15:50:00,eth-updown-5m-1783266600,Up,0.52000000,6.00930000,11.55634615,11.55634615,5.54704615,292.91269731
454,42e187b0-97e7-4185-8e00-86f9644b63bf,2026-07-05 16:05:10,2026-07-05 15:54:30,2026-07-05 16:05:10,2026-07-05 15:55:00,eth-updown-5m-1783266900,Up,0.50000000,6.00930000,12.01860000,12.01860000,6.00930000,298.92199731
455,bb278680-2235-426d-87b0-051bf23dd300,2026-07-05 16:20:03,2026-07-05 16:09:31,2026-07-05 16:20:03,2026-07-05 16:10:00,eth-updown-5m-1783267800,Up,0.50000000,6.00930000,12.01860000,12.01860000,6.00930000,304.93129731
456,517c83a5-a42d-4ff3-a395-a3742146dfbd,2026-07-05 16:25:30,2026-07-05 16:14:30,2026-07-05 16:25:30,2026-07-05 16:15:00,eth-updown-5m-1783268100,Up,0.50000000,6.00930000,12.01860000,0.00000000,-6.00930000,298.92199731
457,6b040af2-cbbc-42a7-9757-2ea231360975,2026-07-05 16:30:37,2026-07-05 16:19:30,2026-07-05 16:30:37,2026-07-05 16:20:00,eth-updown-5m-1783268400,Up,0.51000000,6.00930000,11.78294118,0.00000000,-6.00930000,292.91269731
458,b3abac6f-d4fc-489b-9e7b-5d8152e403c9,2026-07-05 16:35:15,2026-07-05 16:24:30,2026-07-05 16:35:15,2026-07-05 16:25:00,eth-updown-5m-1783268700,Up,0.51000000,6.00930000,11.78294118,0.00000000,-6.00930000,286.90339731
459,34380dd3-6c53-480b-a5a8-11f4ad7add74,2026-07-05 16:39:31,2026-07-05 16:29:31,2026-07-05 16:39:31,2026-07-05 16:30:00,eth-updown-5m-1783269000,Up,0.52000000,6.00930000,11.55634615,11.55634615,5.54704615,292.45044346
460,d5620be3-6c03-4ccc-9bd6-bffe3748ee35,2026-07-05 16:45:56,2026-07-05 16:34:30,2026-07-05 16:45:56,2026-07-05 16:35:00,eth-updown-5m-1783269300,Up,0.52000000,6.00930000,11.55634615,0.00000000,-6.00930000,286.44114346
461,3fa43816-c6a5-4ff9-a6de-f063fab85402,2026-07-05 16:49:28,2026-07-05 16:39:30,2026-07-05 16:49:28,2026-07-05 16:40:00,eth-updown-5m-1783269600,Up,0.52000000,6.00930000,11.55634615,0.00000000,-6.00930000,280.43184346
462,803a5dab-b9a4-4974-9972-a37de447b8b8,2026-07-05 16:55:10,2026-07-05 16:44:31,2026-07-05 16:55:10,2026-07-05 16:45:00,eth-updown-5m-1783269900,Up,0.53000000,6.00930000,11.33830189,11.33830189,5.32900189,285.76084535
463,6a46023e-46fe-4638-a24b-62c2bae59287,2026-07-05 17:00:11,2026-07-05 16:49:30,2026-07-05 17:00:11,2026-07-05 16:50:00,eth-updown-5m-1783270200,Up,0.52000000,6.00930000,11.55634615,11.55634615,5.54704615,291.30789150
464,fa83b180-5399-4fe6-9558-64285cd542b6,2026-07-05 17:05:06,2026-07-05 16:54:30,2026-07-05 17:05:06,2026-07-05 16:55:00,eth-updown-5m-1783270500,Up,0.52000000,6.00930000,11.55634615,11.55634615,5.54704615,296.85493765
465,987d336b-db3a-4bda-ac9e-ffb71017fbe2,2026-07-05 17:40:05,2026-07-05 17:29:30,2026-07-05 17:40:05,2026-07-05 17:30:00,eth-updown-5m-1783272600,Up,0.51000000,6.00930000,11.78294118,11.78294118,5.77364118,302.62857883
466,042e5ff5-5fdf-46f2-bd8d-8e6eac109ff9,2026-07-05 17:55:02,2026-07-05 17:44:30,2026-07-05 17:55:02,2026-07-05 17:45:00,eth-updown-5m-1783273500,Up,0.51000000,6.00930000,11.78294118,11.78294118,5.77364118,308.40222001
467,1963386a-5f0e-4cc6-a13a-f4ae57b128d8,2026-07-05 18:04:42,2026-07-05 17:54:30,2026-07-05 18:04:42,2026-07-05 17:55:00,eth-updown-5m-1783274100,Up,0.52000000,6.00930000,11.55634615,11.55634615,5.54704615,313.94926616
468,332a5525-79d7-4ac4-a3ec-7340998e21ba,2026-07-05 18:20:13,2026-07-05 18:09:30,2026-07-05 18:20:13,2026-07-05 18:10:00,eth-updown-5m-1783275000,Up,0.51000000,6.00930000,11.78294118,0.00000000,-6.00930000,307.93996616
469,894aa7c3-d469-440e-abb6-054931302ec2,2026-07-05 18:23:47,2026-07-05 18:14:31,2026-07-05 18:23:47,2026-07-05 18:15:00,eth-updown-5m-1783275300,Up,0.51570908,6.00930005,11.65250000,11.65250000,5.64319995,313.58316611
470,203d40c0-bdfc-4f53-b893-3f39c59c470e,2026-07-05 18:29:28,2026-07-05 18:19:31,2026-07-05 18:29:28,2026-07-05 18:20:00,eth-updown-5m-1783275600,Up,0.50000000,6.00930000,12.01860000,0.00000000,-6.00930000,307.57386611
471,89e3e82d-8e77-42fe-9dbd-8c96b589ce70,2026-07-06 06:00:15,2026-07-06 05:49:30,2026-07-06 06:00:15,2026-07-06 05:50:00,eth-updown-5m-1783317000,Up,0.51000000,6.00930000,11.78294118,11.78294118,5.77364118,313.34750729
472,d463cef0-e462-4940-b0b0-645f2414d501,2026-07-06 06:05:26,2026-07-06 05:54:30,2026-07-06 06:05:26,2026-07-06 05:55:00,eth-updown-5m-1783317300,Up,0.50000000,6.00930000,12.01860000,0.00000000,-6.00930000,307.33820729
473,109158f4-e134-4f1c-804a-cce817cfd768,2026-07-06 06:15:24,2026-07-06 06:04:30,2026-07-06 06:15:24,2026-07-06 06:05:00,eth-updown-5m-1783317900,Up,0.51000000,6.00930000,11.78294118,0.00000000,-6.00930000,301.32890729
474,3ef69929-fe55-4e2a-9b93-eaf3f53dddeb,2026-07-06 06:20:31,2026-07-06 06:09:39,2026-07-06 06:20:31,2026-07-06 06:10:00,eth-updown-5m-1783318200,Up,0.51000000,6.00930000,11.78294118,11.78294118,5.77364118,307.10254847
475,7c74903f-a3a7-4cc2-a361-557916b86744,2026-07-06 06:25:23,2026-07-06 06:14:31,2026-07-06 06:25:23,2026-07-06 06:15:00,eth-updown-5m-1783318500,Up,0.50000000,6.00930000,12.01860000,0.00000000,-6.00930000,301.09324847
476,b44cbf15-7fa4-4046-baff-db0f27529bc9,2026-07-06 06:30:33,2026-07-06 06:19:35,2026-07-06 06:30:33,2026-07-06 06:20:00,eth-updown-5m-1783318800,Up,0.51000000,6.00930000,11.78294118,0.00000000,-6.00930000,295.08394847
477,16429207-acfa-4d56-b019-da3a64cb320b,2026-07-06 06:33:17,2026-07-06 06:24:36,2026-07-06 06:33:17,2026-07-06 06:25:00,eth-updown-5m-1783319100,Up,0.52000000,6.00930000,11.55634615,11.55634615,5.54704615,300.63099462
478,8115ca0c-bead-45be-9acf-ca5f15f88304,2026-07-06 06:40:22,2026-07-06 06:29:34,2026-07-06 06:40:22,2026-07-06 06:30:00,eth-updown-5m-1783319400,Up,0.52000000,6.00930000,11.55634615,0.00000000,-6.00930000,294.62169462
479,1944690b-b337-4363-8130-c7f36617d24c,2026-07-06 06:41:48,2026-07-06 06:34:36,2026-07-06 06:41:48,2026-07-06 06:35:00,eth-updown-5m-1783319700,Up,0.54000000,6.00930000,11.12833333,11.12833333,5.11903333,299.74072795
480,c45c1cc3-d4ec-48fb-97b5-ec1088a6265f,2026-07-06 06:46:57,2026-07-06 06:39:34,2026-07-06 06:46:57,2026-07-06 06:40:00,eth-updown-5m-1783320000,Up,0.51040230,6.00930000,11.77365385,11.77365385,5.76435385,305.50508180
481,51fc8c99-bfb2-4f34-b7f3-a6e75a5f9597,2026-07-06 06:55:28,2026-07-06 06:44:30,2026-07-06 06:55:28,2026-07-06 06:45:00,eth-updown-5m-1783320300,Up,0.50000000,6.00930000,12.01860000,0.00000000,-6.00930000,299.49578180
482,1148f168-5aee-496a-822b-cf1a8933c8e0,2026-07-06 06:59:23,2026-07-06 06:49:35,2026-07-06 06:59:23,2026-07-06 06:50:00,eth-updown-5m-1783320600,Up,0.50000000,6.00930000,12.01860000,0.00000000,-6.00930000,293.48648180
483,ee5f67ec-61ee-42cb-9abc-f5eb61df1b7a,2026-07-06 07:05:10,2026-07-06 06:54:35,2026-07-06 07:05:10,2026-07-06 06:55:00,eth-updown-5m-1783320900,Up,0.54546152,6.00929998,11.01690909,11.01690909,5.00760911,298.49409091
484,84726b92-1923-4034-8265-5eae2ce46d39,2026-07-06 07:07:52,2026-07-06 06:59:35,2026-07-06 07:07:52,2026-07-06 07:00:00,eth-updown-5m-1783321200,Up,0.53780735,6.00929998,11.17370370,0.00000000,-6.00929998,292.48479093
485,1314d86c-10cb-4248-995a-b5bd14a758f6,2026-07-06 07:15:09,2026-07-06 07:04:36,2026-07-06 07:15:09,2026-07-06 07:05:00,eth-updown-5m-1783321500,Up,0.54000000,6.00930000,11.12833333,11.12833333,5.11903333,297.60382426
486,8a46fb9b-fc93-4e8f-8b32-cdc68e59f903,2026-07-06 07:20:14,2026-07-06 07:09:30,2026-07-06 07:20:14,2026-07-06 07:10:00,eth-updown-5m-1783321800,Up,0.52000000,6.00930000,11.55634615,0.00000000,-6.00930000,291.59452426
487,3ed2a790-8190-4e59-8f3c-d5b0e1f8a99e,2026-07-06 07:24:29,2026-07-06 07:14:30,2026-07-06 07:24:29,2026-07-06 07:15:00,eth-updown-5m-1783322100,Up,0.53000000,6.00930000,11.33830189,11.33830189,5.32900189,296.92352615
488,dc47adbd-51ca-4465-9455-f851b6377750,2026-07-06 07:30:19,2026-07-06 07:19:30,2026-07-06 07:30:19,2026-07-06 07:20:00,eth-updown-5m-1783322400,Up,0.51570908,6.00930005,11.65250000,11.65250000,5.64319995,302.56672610
489,eb498305-1dbf-4681-bc59-3bd396348465,2026-07-06 07:34:21,2026-07-06 07:24:30,2026-07-06 07:34:21,2026-07-06 07:25:00,eth-updown-5m-1783322700,Up,0.49587411,6.00929999,12.11860000,0.00000000,-6.00929999,296.55742611
490,5008510c-7d92-4a14-a7fa-7053feefd961,2026-07-06 07:39:14,2026-07-06 07:29:31,2026-07-06 07:39:14,2026-07-06 07:30:00,eth-updown-5m-1783323000,Up,0.49000000,6.00930000,12.26387755,12.26387755,6.25457755,302.81200366
491,db44413b-d34e-4e3b-a4a1-5b4342093ddf,2026-07-06 07:43:11,2026-07-06 07:34:30,2026-07-06 07:43:11,2026-07-06 07:35:00,eth-updown-5m-1783323300,Up,0.50000000,6.00930000,12.01860000,12.01860000,6.00930000,308.82130366
492,d2d5fc29-afc9-44d3-ab10-2040d4dcaa4c,2026-07-06 07:49:04,2026-07-06 07:39:30,2026-07-06 07:49:04,2026-07-06 07:40:00,eth-updown-5m-1783323600,Up,0.51000000,6.00930000,11.78294118,11.78294118,5.77364118,314.59494484
493,3ffdb906-9917-4ef4-878a-53b72e3b4147,2026-07-06 07:55:26,2026-07-06 07:44:30,2026-07-06 07:55:26,2026-07-06 07:45:00,eth-updown-5m-1783323900,Up,0.48000000,6.00930000,12.51937500,0.00000000,-6.00930000,308.58564484
494,70f2e0af-fac1-4a1e-91d0-bc2418e51372,2026-07-06 08:00:11,2026-07-06 07:49:31,2026-07-06 08:00:11,2026-07-06 07:50:00,eth-updown-5m-1783324200,Up,0.49000000,6.00930000,12.26387755,0.00000000,-6.00930000,302.57634484
495,d0836b11-7312-4031-8295-de6873f1b8c3,2026-07-06 08:04:48,2026-07-06 07:54:30,2026-07-06 08:04:48,2026-07-06 07:55:00,eth-updown-5m-1783324500,Up,0.51000000,6.00930000,11.78294118,0.00000000,-6.00930000,296.56704484
496,554871f2-498b-45d2-b982-16c89b4db01f,2026-07-06 08:10:12,2026-07-06 07:59:30,2026-07-06 08:10:12,2026-07-06 08:00:00,eth-updown-5m-1783324800,Up,0.51000000,6.00930000,11.78294118,11.78294118,5.77364118,302.34068602
497,5d484e37-627e-42a9-80da-238fd8a3ee58,2026-07-06 08:14:15,2026-07-06 08:04:30,2026-07-06 08:14:15,2026-07-06 08:05:00,eth-updown-5m-1783325100,Up,0.51000000,6.00930000,11.78294118,0.00000000,-6.00930000,296.33138602
498,e1f6397e-510f-4ee4-ae31-a2ea54b880b9,2026-07-06 08:19:30,2026-07-06 08:09:30,2026-07-06 08:19:30,2026-07-06 08:10:00,eth-updown-5m-1783325400,Up,0.49000000,6.00930000,12.26387755,0.00000000,-6.00930000,290.32208602
499,92f71598-be05-411c-a6c1-7362b05c8cd3,2026-07-06 08:25:08,2026-07-06 08:14:30,2026-07-06 08:25:08,2026-07-06 08:15:00,eth-updown-5m-1783325700,Up,0.52000000,6.00930000,11.55634615,0.00000000,-6.00930000,284.31278602
500,397d3290-52b1-4a46-aee8-4f09ac85a3df,2026-07-06 08:30:28,2026-07-06 08:19:30,2026-07-06 08:30:28,2026-07-06 08:20:00,eth-updown-5m-1783326000,Up,0.53000000,6.00930000,11.33830189,0.00000000,-6.00930000,278.30348602
501,36e84a17-cfd9-42e6-b1a0-c9c3236edc7b,2026-07-06 08:33:14,2026-07-06 08:24:30,2026-07-06 08:33:14,2026-07-06 08:25:00,eth-updown-5m-1783326300,Up,0.53000000,6.00930000,11.33830189,11.33830189,5.32900189,283.63248791
502,f25f4f48-c173-469d-9cdd-558090852740,2026-07-06 08:42:51,2026-07-06 08:34:30,2026-07-06 08:42:51,2026-07-06 08:35:00,eth-updown-5m-1783326900,Up,0.55000000,6.00930000,10.92600000,0.00000000,-6.00930000,277.62318791
503,c5278bba-dd61-4ed4-988b-37a93f1035ad,2026-07-06 08:50:45,2026-07-06 08:39:37,2026-07-06 08:50:45,2026-07-06 08:40:00,eth-updown-5m-1783327200,Up,0.58492873,6.00930001,10.27355932,10.27355932,4.26425931,281.88744722
504,378a3112-fd29-4894-8a66-baaf59b2caf8,2026-07-06 08:54:19,2026-07-06 08:44:30,2026-07-06 08:54:19,2026-07-06 08:45:00,eth-updown-5m-1783327500,Up,0.54546152,6.00929998,11.01690909,0.00000000,-6.00929998,275.87814724
505,00e49028-a1b9-4aaa-984d-3e189c998cb4,2026-07-06 09:00:28,2026-07-06 08:49:30,2026-07-06 09:00:28,2026-07-06 08:50:00,eth-updown-5m-1783327800,Up,0.55000000,6.00930000,10.92600000,0.00000000,-6.00930000,269.86884724
506,63b5a7b0-8991-4ca1-a72d-bb51252c759c,2026-07-06 09:05:32,2026-07-06 08:54:30,2026-07-06 09:05:32,2026-07-06 08:55:00,eth-updown-5m-1783328100,Up,0.53900341,6.00930002,11.14890909,11.14890909,5.13960907,275.00845631
507,6c4de2e4-1faa-4c85-afbe-54b826d32e43,2026-07-06 09:09:36,2026-07-06 08:59:30,2026-07-06 09:09:36,2026-07-06 09:00:00,eth-updown-5m-1783328400,Up,0.55000000,6.00930000,10.92600000,0.00000000,-6.00930000,268.99915631
508,6582212f-7cff-4b85-8e6d-fd39ea6c644d,2026-07-06 09:15:03,2026-07-06 09:04:30,2026-07-06 09:15:03,2026-07-06 09:05:00,eth-updown-5m-1783328700,Up,0.55000000,6.00930000,10.92600000,0.00000000,-6.00930000,262.98985631
509,bebc4775-333d-4777-b3b5-3ba41f4a7c6d,2026-07-06 09:25:15,2026-07-06 09:14:30,2026-07-06 09:25:15,2026-07-06 09:15:00,eth-updown-5m-1783329300,Up,0.53660562,6.00929999,11.19872727,11.19872727,5.18942728,268.17928359
510,e6fcec9c-0805-45af-b3b6-3afff9a7931a,2026-07-06 09:27:27,2026-07-06 09:19:36,2026-07-06 09:27:27,2026-07-06 09:20:00,eth-updown-5m-1783329600,Up,0.54000000,6.00930000,11.12833333,0.00000000,-6.00930000,262.16998359
511,43dc4c6b-d18a-4597-8a8c-2a97f04e7818,2026-07-06 09:33:11,2026-07-06 09:24:34,2026-07-06 09:33:11,2026-07-06 09:25:00,eth-updown-5m-1783329900,Up,0.55000000,6.00930000,10.92600000,0.00000000,-6.00930000,256.16068359
512,f1752961-190f-4e87-8635-6d04c91dbb0d,2026-07-06 09:39:54,2026-07-06 09:29:36,2026-07-06 09:39:54,2026-07-06 09:30:00,eth-updown-5m-1783330200,Up,0.55000000,6.00930000,10.92600000,0.00000000,-6.00930000,250.15138359
513,8bb4e333-1674-4d2a-aee6-e0157e7060c3,2026-07-06 09:44:43,2026-07-06 09:34:37,2026-07-06 09:44:43,2026-07-06 09:35:00,eth-updown-5m-1783330500,Up,0.56000000,6.00930000,10.73089286,0.00000000,-6.00930000,244.14208359
514,d5d2e0d4-b477-4c4f-8b10-e9a9670e418e,2026-07-06 09:49:53,2026-07-06 09:39:35,2026-07-06 09:49:53,2026-07-06 09:40:00,eth-updown-5m-1783330800,Up,0.55000000,6.00930000,10.92600000,10.92600000,4.91670000,249.05878359
515,239feb27-50ef-437d-8761-b13e375ae1e1,2026-07-06 09:54:44,2026-07-06 09:44:38,2026-07-06 09:54:44,2026-07-06 09:45:00,eth-updown-5m-1783331100,Up,0.55000000,6.00930000,10.92600000,0.00000000,-6.00930000,243.04948359
516,122af409-cb89-4e16-b2dc-90d42766ce83,2026-07-06 10:00:16,2026-07-06 09:49:37,2026-07-06 10:00:16,2026-07-06 09:50:00,eth-updown-5m-1783331400,Up,0.54044886,6.00930001,11.11909091,11.11909091,5.10979090,248.15927449
517,076c6bcb-7489-435a-9272-ec58fae9d59b,2026-07-06 10:05:03,2026-07-06 09:54:37,2026-07-06 10:05:03,2026-07-06 09:55:00,eth-updown-5m-1783331700,Up,0.52000000,6.00930000,11.55634615,0.00000000,-6.00930000,242.14997449
518,ba2e6389-61e1-41ca-bbd6-5424f0dfe898,2026-07-06 10:09:27,2026-07-06 09:59:38,2026-07-06 10:09:27,2026-07-06 10:00:00,eth-updown-5m-1783332000,Up,0.55000000,6.00930000,10.92600000,10.92600000,4.91670000,247.06667449
519,6f37601e-63ed-4b95-9011-1e40e1ac4863,2026-07-06 10:13:51,2026-07-06 10:04:35,2026-07-06 10:13:51,2026-07-06 10:05:00,eth-updown-5m-1783332300,Up,0.49000000,6.00930000,12.26387755,12.26387755,6.25457755,253.32125204
520,d09cf4ae-cfd8-4e3e-8f9d-e02daabf39c6,2026-07-06 10:20:04,2026-07-06 10:09:36,2026-07-06 10:20:04,2026-07-06 10:10:00,eth-updown-5m-1783332600,Up,0.47000000,6.00930000,12.78574468,12.78574468,6.77644468,260.09769672
521,ac7b3ee4-4d91-4e85-a43e-f80501821368,2026-07-06 10:24:34,2026-07-06 10:14:36,2026-07-06 10:24:34,2026-07-06 10:15:00,eth-updown-5m-1783332900,Up,0.46566056,6.00929999,12.90489362,12.90489362,6.89559363,266.99329035
522,2cb1b640-b40b-4c27-abbe-320601466615,2026-07-06 10:30:55,2026-07-06 10:19:30,2026-07-06 10:30:55,2026-07-06 10:20:00,eth-updown-5m-1783333200,Up,0.47358497,6.00929995,12.68895833,12.68895833,6.67965838,273.67294873
523,1e8b84e2-ae7e-44e8-a823-341f5e4d868f,2026-07-06 10:33:21,2026-07-06 10:24:30,2026-07-06 10:33:21,2026-07-06 10:25:00,eth-updown-5m-1783333500,Up,0.46000000,6.00930000,13.06369565,13.06369565,7.05439565,280.72734438
524,d72189b9-4df9-47eb-a972-96f2a108cd69,2026-07-06 10:40:27,2026-07-06 10:29:30,2026-07-06 10:40:27,2026-07-06 10:30:00,eth-updown-5m-1783333800,Up,0.46000000,6.00930000,13.06369565,13.06369565,7.05439565,287.78174003
525,f95a14e2-3397-41ac-9a2c-704065abbeb1,2026-07-06 10:43:30,2026-07-06 10:34:30,2026-07-06 10:43:30,2026-07-06 10:35:00,eth-updown-5m-1783334100,Up,0.46000000,6.00930000,13.06369565,13.06369565,7.05439565,294.83613568
526,d9a7b9db-0b98-4174-a767-5a05c0255b8b,2026-07-06 10:50:36,2026-07-06 10:39:30,2026-07-06 10:50:36,2026-07-06 10:40:00,eth-updown-5m-1783334400,Up,0.44263418,6.00929999,13.57622222,0.00000000,-6.00929999,288.82683569
527,77ed9433-63a5-4fa1-a550-26ca7f30fc94,2026-07-06 10:55:07,2026-07-06 10:44:31,2026-07-06 10:55:07,2026-07-06 10:45:00,eth-updown-5m-1783334700,Up,0.46000000,6.00930000,13.06369565,0.00000000,-6.00930000,282.81753569
528,a6483011-6f6e-4c14-9586-b881571da1a3,2026-07-06 11:00:20,2026-07-06 10:49:30,2026-07-06 11:00:20,2026-07-06 10:50:00,eth-updown-5m-1783335000,Up,0.49000000,6.00930000,12.26387755,0.00000000,-6.00930000,276.80823569
529,a8a08c23-5da9-4858-a1e6-e30da48f4d80,2026-07-06 11:05:34,2026-07-06 10:54:30,2026-07-06 11:05:34,2026-07-06 10:55:00,eth-updown-5m-1783335300,Up,0.49000000,6.00930000,12.26387755,12.26387755,6.25457755,283.06281324
530,8760470f-ffca-4d86-8291-bf87301e3fce,2026-07-06 11:10:23,2026-07-06 10:59:31,2026-07-06 11:10:23,2026-07-06 11:00:00,eth-updown-5m-1783335600,Up,0.50000000,6.00930000,12.01860000,0.00000000,-6.00930000,277.05351324
531,c2e5b2ea-df82-44c9-a519-3af61e75ce0c,2026-07-06 11:15:28,2026-07-06 11:04:30,2026-07-06 11:15:28,2026-07-06 11:05:00,eth-updown-5m-1783335900,Up,0.51000000,6.00930000,11.78294118,0.00000000,-6.00930000,271.04421324
532,68c7d0d1-0fa0-4e4f-9b35-8fb715f8fbd3,2026-07-06 11:20:23,2026-07-06 11:09:30,2026-07-06 11:20:23,2026-07-06 11:10:00,eth-updown-5m-1783336200,Up,0.51000000,6.00930000,11.78294118,11.78294118,5.77364118,276.81785442
533,1b2bdb2f-7b34-4bda-9b2b-2f9f1c50bc77,2026-07-06 11:25:07,2026-07-06 11:14:30,2026-07-06 11:25:07,2026-07-06 11:15:00,eth-updown-5m-1783336500,Up,0.52000000,6.00930000,11.55634615,11.55634615,5.54704615,282.36490057
534,752f6624-b1ec-4fab-b920-7831e102a01e,2026-07-06 11:29:16,2026-07-06 11:19:30,2026-07-06 11:29:16,2026-07-06 11:20:00,eth-updown-5m-1783336800,Up,0.52000000,6.00930000,11.55634615,0.00000000,-6.00930000,276.35560057
535,875f29b9-e656-44dc-b94c-6543d3cd1102,2026-07-06 11:33:19,2026-07-06 11:24:30,2026-07-06 11:33:19,2026-07-06 11:25:00,eth-updown-5m-1783337100,Up,0.50000000,6.00930000,12.01860000,0.00000000,-6.00930000,270.34630057
536,fcf8b681-d90f-4b14-9778-929b766df28c,2026-07-06 11:40:06,2026-07-06 11:29:30,2026-07-06 11:40:06,2026-07-06 11:30:00,eth-updown-5m-1783337400,Up,0.51000000,6.00930000,11.78294118,11.78294118,5.77364118,276.11994175
537,12ae955a-8594-4f2b-9512-c8a0b2ecae14,2026-07-06 11:45:20,2026-07-06 11:34:30,2026-07-06 11:45:20,2026-07-06 11:35:00,eth-updown-5m-1783337700,Up,0.50000000,6.00930000,12.01860000,0.00000000,-6.00930000,270.11064175
538,1798b544-9ba8-4505-bf8f-2daebced2c6a,2026-07-06 11:50:22,2026-07-06 11:39:30,2026-07-06 11:50:22,2026-07-06 11:40:00,eth-updown-5m-1783338000,Up,0.49181576,6.00930005,12.21860000,12.21860000,6.20929995,276.31994170
539,93aafce0-c9cc-4b3d-b5f6-b96759aa97c4,2026-07-06 11:55:10,2026-07-06 11:44:30,2026-07-06 11:55:10,2026-07-06 11:45:00,eth-updown-5m-1783338300,Up,0.49000000,6.00930000,12.26387755,0.00000000,-6.00930000,270.31064170
540,d470f056-5606-4d62-88ef-6c0be6f5bbb9,2026-07-06 12:00:21,2026-07-06 11:49:31,2026-07-06 12:00:21,2026-07-06 11:50:00,eth-updown-5m-1783338600,Up,0.51000000,6.00930000,11.78294118,0.00000000,-6.00930000,264.30134170
541,9530ced7-7eb4-4922-9394-ee86b464e479,2026-07-06 12:05:17,2026-07-06 11:54:30,2026-07-06 12:05:17,2026-07-06 11:55:00,eth-updown-5m-1783338900,Up,0.51000000,6.00930000,11.78294118,0.00000000,-6.00930000,258.29204170
542,bc9c60c5-070d-428e-ba42-2a327439c2e0,2026-07-06 12:10:20,2026-07-06 11:59:34,2026-07-06 12:10:20,2026-07-06 12:00:00,eth-updown-5m-1783339200,Up,0.56000000,6.00930000,10.73089286,0.00000000,-6.00930000,252.28274170
543,be8e0409-8f28-4746-83e0-7c4123eaa657,2026-07-06 12:15:06,2026-07-06 12:04:37,2026-07-06 12:15:06,2026-07-06 12:05:00,eth-updown-5m-1783339500,Up,0.55000000,6.00930000,10.92600000,10.92600000,4.91670000,257.19944170
544,114093dc-dfc8-4ee2-8ae3-29036346f51d,2026-07-06 12:19:49,2026-07-06 12:09:37,2026-07-06 12:19:49,2026-07-06 12:10:00,eth-updown-5m-1783339800,Up,0.54000000,6.00930000,11.12833333,11.12833333,5.11903333,262.31847503
545,f9ce7a54-b8ca-4d39-9dca-7a103ba9c4b0,2026-07-06 12:24:43,2026-07-06 12:14:36,2026-07-06 12:24:43,2026-07-06 12:15:00,eth-updown-5m-1783340100,Up,0.56000000,6.00930000,10.73089286,10.73089286,4.72159286,267.04006789
546,c2fb3eea-fde1-4324-a15f-e9f4d1b8709b,2026-07-06 12:29:57,2026-07-06 12:19:37,2026-07-06 12:29:57,2026-07-06 12:20:00,eth-updown-5m-1783340400,Up,0.53594206,6.00929997,11.21259259,0.00000000,-6.00929997,261.03076792
547,1b3a5491-155e-4fcc-9d92-c7d6e26acf3a,2026-07-06 12:34:51,2026-07-06 12:24:36,2026-07-06 12:34:51,2026-07-06 12:25:00,eth-updown-5m-1783340700,Up,0.53000000,6.00930000,11.33830189,11.33830189,5.32900189,266.35976981
548,fa13f0f7-caa4-422e-90ba-431d997e5903,2026-07-06 12:39:58,2026-07-06 12:29:37,2026-07-06 12:39:58,2026-07-06 12:30:00,eth-updown-5m-1783341000,Up,0.53000000,6.00930000,11.33830189,11.33830189,5.32900189,271.68877170
549,2313b428-8909-4951-ae41-4544fbfa9b8d,2026-07-06 12:45:08,2026-07-06 12:34:36,2026-07-06 12:45:08,2026-07-06 12:35:00,eth-updown-5m-1783341300,Up,0.51000000,6.00930000,11.78294118,0.00000000,-6.00930000,265.67947170
550,2072836e-69b5-4284-84aa-7182bfc2182d,2026-07-06 12:49:51,2026-07-06 12:39:36,2026-07-06 12:49:51,2026-07-06 12:40:00,eth-updown-5m-1783341600,Up,0.54000000,6.00930000,11.12833333,0.00000000,-6.00930000,259.67017170
551,dc8ea8f7-ab6f-4d20-b0fc-c35e796a8ab8,2026-07-06 12:54:39,2026-07-06 12:44:37,2026-07-06 12:54:39,2026-07-06 12:45:00,eth-updown-5m-1783341900,Up,0.54362232,6.00929997,11.05418182,0.00000000,-6.00929997,253.66087173
552,40d7b7dc-8a69-4702-b0dd-45cb8d66247f,2026-07-06 13:04:51,2026-07-06 12:49:36,2026-07-06 13:04:51,2026-07-06 12:50:00,eth-updown-5m-1783342200,Up,0.55000000,6.00930000,10.92600000,10.92600000,4.91670000,258.57757173
553,673cd59a-bcc7-4e04-a7f3-2a8c9c0ddddc,2026-07-06 13:05:24,2026-07-06 12:54:38,2026-07-06 13:05:24,2026-07-06 12:55:00,eth-updown-5m-1783342500,Up,0.51000000,6.00930000,11.78294118,0.00000000,-6.00930000,252.56827173
554,f4def74f-736a-4b44-b81d-237cc01549e7,2026-07-06 13:09:51,2026-07-06 12:59:36,2026-07-06 13:09:51,2026-07-06 13:00:00,eth-updown-5m-1783342800,Up,0.51541986,6.00929997,11.65903846,0.00000000,-6.00929997,246.55897176
555,df85ea69-44e3-4f10-b503-2658ac466cf1,2026-07-06 13:15:03,2026-07-06 13:04:37,2026-07-06 13:15:03,2026-07-06 13:05:00,eth-updown-5m-1783343100,Up,0.55000000,6.00930000,10.92600000,10.92600000,4.91670000,251.47567176
556,954e5bf1-4589-4beb-9830-ade87601692a,2026-07-06 13:19:41,2026-07-06 13:09:36,2026-07-06 13:19:41,2026-07-06 13:10:00,eth-updown-5m-1783343400,Up,0.53798568,6.00930005,11.17000000,0.00000000,-6.00930005,245.46637171
557,0fd07453-96aa-41bb-8ab7-a9bce1ca18e9,2026-07-06 13:25:13,2026-07-06 13:14:37,2026-07-06 13:25:13,2026-07-06 13:15:00,eth-updown-5m-1783343700,Up,0.51046066,6.00929995,11.77230769,11.77230769,5.76300774,251.22937945
558,49ee4984-7929-4b48-9869-3030d6bcb851,2026-07-06 13:30:05,2026-07-06 13:19:37,2026-07-06 13:30:05,2026-07-06 13:20:00,eth-updown-5m-1783344000,Up,0.54000000,6.00930000,11.12833333,11.12833333,5.11903333,256.34841278
559,63acc5c6-a03c-453b-aa94-6c0ec98ba7a6,2026-07-06 13:34:44,2026-07-06 13:24:38,2026-07-06 13:34:44,2026-07-06 13:25:00,eth-updown-5m-1783344300,Up,0.51000000,6.00930000,11.78294118,0.00000000,-6.00930000,250.33911278
560,64459db2-a8c0-4dbe-9628-a83750cdda3c,2026-07-06 13:39:40,2026-07-06 13:29:36,2026-07-06 13:39:40,2026-07-06 13:30:00,eth-updown-5m-1783344600,Up,0.53000000,6.00930000,11.33830189,11.33830189,5.32900189,255.66811467
561,654266f1-5178-4e23-9e5d-b1c980884547,2026-07-06 13:45:03,2026-07-06 13:34:37,2026-07-06 13:45:03,2026-07-06 13:35:00,eth-updown-5m-1783344900,Up,0.51000000,6.00930000,11.78294118,0.00000000,-6.00930000,249.65881467
562,f671e4b0-8a28-4d69-a707-61ef092775d2,2026-07-06 13:49:56,2026-07-06 13:39:38,2026-07-06 13:49:56,2026-07-06 13:40:00,eth-updown-5m-1783345200,Up,0.54000000,6.00930000,11.12833333,11.12833333,5.11903333,254.77784800
563,b9e024ce-16ae-4f90-88ae-81843a41c76e,2026-07-06 13:54:59,2026-07-06 13:44:36,2026-07-06 13:54:59,2026-07-06 13:45:00,eth-updown-5m-1783345500,Up,0.50000000,6.00930000,12.01860000,12.01860000,6.00930000,260.78714800
564,4b5103d3-a241-4592-a3cb-1269db577082,2026-07-06 13:59:56,2026-07-06 13:49:37,2026-07-06 13:59:56,2026-07-06 13:50:00,eth-updown-5m-1783345800,Up,0.49000000,6.00930000,12.26387755,12.26387755,6.25457755,267.04172555
565,8711542e-2a59-42ae-ba60-562eb10847ab,2026-07-06 14:03:41,2026-07-06 13:54:37,2026-07-06 14:03:41,2026-07-06 13:55:00,eth-updown-5m-1783346100,Up,0.52000000,6.00930000,11.55634615,0.00000000,-6.00930000,261.03242555
566,3a8d665b-da94-4234-b266-ac50b37cf1ca,2026-07-06 14:09:54,2026-07-06 13:59:36,2026-07-06 14:09:54,2026-07-06 14:00:00,eth-updown-5m-1783346400,Up,0.50000000,6.00930000,12.01860000,12.01860000,6.00930000,267.04172555
567,c6951cc2-8ff0-4566-b4f0-fb84ea03abeb,2026-07-06 14:14:56,2026-07-06 14:04:37,2026-07-06 14:14:56,2026-07-06 14:05:00,eth-updown-5m-1783346700,Up,0.51000000,6.00930000,11.78294118,11.78294118,5.77364118,272.81536673
568,ac90e218-f9d6-430c-9a9b-94d10f02b935,2026-07-06 14:19:48,2026-07-06 14:09:37,2026-07-06 14:19:48,2026-07-06 14:10:00,eth-updown-5m-1783347000,Up,0.50165207,6.00929998,11.97901961,11.97901961,5.96971963,278.78508636
569,5afab6ea-1f59-47d8-a6b9-3229e3ff5219,2026-07-06 14:24:50,2026-07-06 14:14:37,2026-07-06 14:24:50,2026-07-06 14:15:00,eth-updown-5m-1783347300,Up,0.50000000,6.00930000,12.01860000,0.00000000,-6.00930000,272.77578636
570,c2aa6d14-8c6b-44af-a174-e7304c734659,2026-07-06 14:29:38,2026-07-06 14:19:37,2026-07-06 14:29:38,2026-07-06 14:20:00,eth-updown-5m-1783347600,Up,0.51000000,6.00930000,11.78294118,11.78294118,5.77364118,278.54942754
571,0e57f738-b747-4b29-9a53-3112dcd2bcf7,2026-07-06 14:34:57,2026-07-06 14:24:37,2026-07-06 14:34:57,2026-07-06 14:25:00,eth-updown-5m-1783347900,Up,0.47000000,6.00930000,12.78574468,12.78574468,6.77644468,285.32587222
572,3591f67c-68be-48a8-9627-55bdaa2f498a,2026-07-06 14:38:53,2026-07-06 14:29:37,2026-07-06 14:38:53,2026-07-06 14:30:00,eth-updown-5m-1783348200,Up,0.48000000,6.00930000,12.51937500,12.51937500,6.51007500,291.83594722
573,1f849293-ceb8-438c-880b-f435d3923b72,2026-07-06 14:44:56,2026-07-06 14:34:36,2026-07-06 14:44:56,2026-07-06 14:35:00,eth-updown-5m-1783348500,Up,0.49000000,6.00930000,12.26387755,12.26387755,6.25457755,298.09052477
574,b549c7af-14c5-4eed-b736-c26c7b612d4b,2026-07-06 14:49:41,2026-07-06 14:39:36,2026-07-06 14:49:41,2026-07-06 14:40:00,eth-updown-5m-1783348800,Up,0.51000000,6.00930000,11.78294118,0.00000000,-6.00930000,292.08122477
575,08592d0c-9be2-460a-b5af-3bb2a8e7f385,2026-07-06 14:54:45,2026-07-06 14:44:38,2026-07-06 14:54:45,2026-07-06 14:45:00,eth-updown-5m-1783349100,Up,0.50000000,6.00930000,12.01860000,0.00000000,-6.00930000,286.07192477
576,3833298b-9381-48c9-bcd9-a95e5ead37ec,2026-07-06 14:59:50,2026-07-06 14:49:36,2026-07-06 14:59:50,2026-07-06 14:50:00,eth-updown-5m-1783349400,Up,0.52000000,6.00930000,11.55634615,11.55634615,5.54704615,291.61897092
577,49872e30-06ca-4e7d-84ac-864fd41e99f1,2026-07-06 15:05:09,2026-07-06 14:54:38,2026-07-06 15:05:09,2026-07-06 14:55:00,eth-updown-5m-1783349700,Up,0.51000000,6.00930000,11.78294118,11.78294118,5.77364118,297.39261210
578,f69bb287-234f-4558-bab1-d25f05b3eb30,2026-07-06 15:09:36,2026-07-06 14:59:37,2026-07-06 15:09:36,2026-07-06 15:00:00,eth-updown-5m-1783350000,Up,0.51000000,6.00930000,11.78294118,11.78294118,5.77364118,303.16625328
579,e94ca345-bfed-4d1b-8760-d657540d5343,2026-07-06 15:15:16,2026-07-06 15:04:36,2026-07-06 15:15:16,2026-07-06 15:05:00,eth-updown-5m-1783350300,Up,0.48000000,6.00930000,12.51937500,12.51937500,6.51007500,309.67632828
580,662eaf2b-6772-4967-843d-ba171ee991cf,2026-07-06 15:19:52,2026-07-06 15:09:30,2026-07-06 15:19:52,2026-07-06 15:10:00,eth-updown-5m-1783350600,Up,0.46000000,6.00930000,13.06369565,13.06369565,7.05439565,316.73072393
581,3fb8eea7-4b1a-49a0-954c-1f24e6732114,2026-07-06 15:30:20,2026-07-06 15:14:30,2026-07-06 15:30:20,2026-07-06 15:15:00,eth-updown-5m-1783350900,Up,0.44000000,6.00930000,13.65750000,0.00000000,-6.00930000,310.72142393
582,21357706-85e7-4d72-95fe-d330050f39bd,2026-07-06 15:30:41,2026-07-06 15:19:30,2026-07-06 15:30:41,2026-07-06 15:20:00,eth-updown-5m-1783351200,Up,0.50000000,6.00930000,12.01860000,0.00000000,-6.00930000,304.71212393
583,b5b8f231-2ddf-4af6-b04b-33df63345474,2026-07-06 15:36:06,2026-07-06 15:24:30,2026-07-06 15:36:06,2026-07-06 15:25:00,eth-updown-5m-1783351500,Up,0.50000000,6.00930000,12.01860000,12.01860000,6.00930000,310.72142393
584,523395b5-9e69-4a0e-ba6e-13cbadb2d38a,2026-07-06 15:38:11,2026-07-06 15:29:30,2026-07-06 15:38:11,2026-07-06 15:30:00,eth-updown-5m-1783351800,Up,0.47000000,6.00930000,12.78574468,0.00000000,-6.00930000,304.71212393
585,2a3d917b-6566-4d21-a3c4-431dd8788ec2,2026-07-06 15:45:15,2026-07-06 15:34:30,2026-07-06 15:45:15,2026-07-06 15:35:00,eth-updown-5m-1783352100,Up,0.49680060,6.00930006,12.09600000,12.09600000,6.08669994,310.79882387
586,5469c0a0-35c4-432f-8ace-c9305019dd2b,2026-07-06 16:06:19,2026-07-06 15:39:30,2026-07-06 16:06:19,2026-07-06 15:40:00,eth-updown-5m-1783352400,Up,0.50000000,6.00930000,12.01860000,12.01860000,6.00930000,316.80812387
587,139015a0-ca17-4c6f-9a74-293c28f00c58,2026-07-06 16:10:03,2026-07-06 15:49:30,2026-07-06 16:10:03,2026-07-06 15:50:00,eth-updown-5m-1783353000,Up,0.48000000,6.00930000,12.51937500,12.51937500,6.51007500,323.31819887
588,67b4c9ad-3342-4d6b-a71e-0b1052eec959,2026-07-06 16:16:30,2026-07-06 16:04:30,2026-07-06 16:16:30,2026-07-06 16:05:00,eth-updown-5m-1783353900,Up,0.49181576,6.00930005,12.21860000,12.21860000,6.20929995,329.52749882
589,0ac73aaf-ffe1-4542-b6d0-e8e0cbcc5b97,2026-07-06 16:35:30,2026-07-06 16:24:31,2026-07-06 16:35:30,2026-07-06 16:25:00,eth-updown-5m-1783355100,Up,0.50371333,6.00930003,11.93000000,0.00000000,-6.00930003,323.51819879
590,99a1b6b3-a96d-4036-b5d2-cee53861117b,2026-07-06 16:40:29,2026-07-06 16:29:30,2026-07-06 16:40:29,2026-07-06 16:30:00,eth-updown-5m-1783355400,Up,0.51000000,6.00930000,11.78294118,11.78294118,5.77364118,329.29183997
591,bd4d7b88-5ca4-4da9-959a-84af287523f3,2026-07-06 16:45:05,2026-07-06 16:34:30,2026-07-06 16:45:05,2026-07-06 16:35:00,eth-updown-5m-1783355700,Up,0.51000000,6.00930000,11.78294118,11.78294118,5.77364118,335.06548115
592,9818b615-727f-42a0-ad55-ea3b1b57cc38,2026-07-06 16:57:30,2026-07-06 16:49:30,2026-07-06 16:57:30,2026-07-06 16:50:00,eth-updown-5m-1783356600,Up,0.51000000,6.00930000,11.78294118,0.00000000,-6.00930000,329.05618115
593,2a1a37d2-3915-4a97-9bcd-9f99f23088b0,2026-07-06 17:05:05,2026-07-06 16:54:30,2026-07-06 17:05:05,2026-07-06 16:55:00,eth-updown-5m-1783356900,Up,0.51000000,6.00930000,11.78294118,11.78294118,5.77364118,334.82982233
594,c2a03215-761e-4efa-a949-e4783db83915,2026-07-06 17:09:13,2026-07-06 16:59:30,2026-07-06 17:09:13,2026-07-06 17:00:00,eth-updown-5m-1783357200,Up,0.51000000,6.00930000,11.78294118,0.00000000,-6.00930000,328.82052233
595,ba82fc21-7500-468e-a3d3-0aafa7b54779,2026-07-06 17:15:13,2026-07-06 17:04:30,2026-07-06 17:15:13,2026-07-06 17:05:00,eth-updown-5m-1783357500,Up,0.50000000,6.00930000,12.01860000,12.01860000,6.00930000,334.82982233
596,a5cbcb0f-fe6e-4261-bfa6-22a6822544b8,2026-07-06 17:45:07,2026-07-06 17:34:32,2026-07-06 17:45:07,2026-07-06 17:35:00,eth-updown-5m-1783359300,Up,0.50000000,6.00930000,12.01860000,0.00000000,-6.00930000,328.82052233
597,90c33e61-e2d7-4af4-baac-4dc4dba18832,2026-07-06 17:50:15,2026-07-06 17:39:30,2026-07-06 17:50:15,2026-07-06 17:40:00,eth-updown-5m-1783359600,Up,0.52000000,6.00930000,11.55634615,0.00000000,-6.00930000,322.81122233
598,a8e840dd-9850-4841-85af-5b2938af2025,2026-07-06 17:55:14,2026-07-06 17:44:30,2026-07-06 17:55:14,2026-07-06 17:45:00,eth-updown-5m-1783359900,Up,0.51000000,6.00930000,11.78294118,11.78294118,5.77364118,328.58486351
599,5a7a4d07-b8f1-4abf-a724-4992d7ac6e7c,2026-07-06 18:00:24,2026-07-06 17:49:30,2026-07-06 18:00:24,2026-07-06 17:50:00,eth-updown-5m-1783360200,Up,0.52000000,6.00930000,11.55634615,0.00000000,-6.00930000,322.57556351
600,9ea36c14-ef10-47f3-930f-1d4add493ed0,2026-07-06 18:05:20,2026-07-06 17:54:31,2026-07-06 18:05:20,2026-07-06 17:55:00,eth-updown-5m-1783360500,Up,0.52000000,6.00930000,11.55634615,11.55634615,5.54704615,328.12260966
601,08eaa344-aa2e-498f-8e6b-240ce8b721e0,2026-07-06 18:10:32,2026-07-06 17:59:30,2026-07-06 18:10:32,2026-07-06 18:00:00,eth-updown-5m-1783360800,Up,0.53000000,6.00930000,11.33830189,11.33830189,5.32900189,333.45161155
602,289ea033-5b66-4abf-b1c3-6a61d1feba94,2026-07-06 18:15:01,2026-07-06 18:04:30,2026-07-06 18:15:01,2026-07-06 18:05:00,eth-updown-5m-1783361100,Up,0.50000000,6.00930000,12.01860000,0.00000000,-6.00930000,327.44231155
603,82b63d6e-7764-4c44-a8ad-68f3014836de,2026-07-06 18:19:58,2026-07-06 18:09:30,2026-07-06 18:19:58,2026-07-06 18:10:00,eth-updown-5m-1783361400,Up,0.50000000,6.00930000,12.01860000,0.00000000,-6.00930000,321.43301155
604,cbf6f9af-fb9f-4308-8ffb-50604e282732,2026-07-06 18:25:12,2026-07-06 18:14:30,2026-07-06 18:25:12,2026-07-06 18:15:00,eth-updown-5m-1783361700,Up,0.52000000,6.00930000,11.55634615,0.00000000,-6.00930000,315.42371155
605,9dac4304-bf5b-4c36-91d7-09aac1fe1799,2026-07-06 18:30:22,2026-07-06 18:19:30,2026-07-06 18:30:22,2026-07-06 18:20:00,eth-updown-5m-1783362000,Up,0.52000000,6.00930000,11.55634615,11.55634615,5.54704615,320.97075770
606,34acfaf4-34cf-445b-be14-6108fbb2c841,2026-07-06 18:45:27,2026-07-06 18:34:30,2026-07-06 18:45:27,2026-07-06 18:35:00,eth-updown-5m-1783362900,Up,0.50000000,6.00930000,12.01860000,12.01860000,6.00930000,326.98005770
607,fcc4b287-67d2-438f-82d3-00aa4e414182,2026-07-06 19:15:18,2026-07-06 19:04:30,2026-07-06 19:15:18,2026-07-06 19:05:00,eth-updown-5m-1783364700,Up,0.50579159,6.00929996,11.88098039,11.88098039,5.87168043,332.85173813
608,b5fd7c85-63f9-4d13-9293-09bbbe05ab71,2026-07-06 19:47:42,2026-07-06 19:39:31,2026-07-06 19:47:42,2026-07-06 19:40:00,eth-updown-5m-1783366800,Up,0.51000000,6.00930000,11.78294118,11.78294118,5.77364118,338.62537931
609,203017b9-c567-45cb-9575-0962f3b4b5af,2026-07-06 20:07:24,2026-07-06 19:59:30,2026-07-06 20:07:24,2026-07-06 20:00:00,eth-updown-5m-1783368000,Up,0.53000000,6.00930000,11.33830189,0.00000000,-6.00930000,332.61607931
610,76450f92-d710-4377-b713-4cbc9d81d41e,2026-07-06 20:12:50,2026-07-06 20:04:31,2026-07-06 20:12:50,2026-07-06 20:05:00,eth-updown-5m-1783368300,Up,0.54000000,6.00930000,11.12833333,11.12833333,5.11903333,337.73511264
611,0382c91c-2e22-492d-b0aa-fa0ad44a213a,2026-07-06 20:18:16,2026-07-06 20:09:30,2026-07-06 20:18:16,2026-07-06 20:10:00,eth-updown-5m-1783368600,Up,0.53203187,6.00929997,11.29500000,0.00000000,-6.00929997,331.72581267
612,fc7f7541-0eaa-45e2-a662-19ca09d12744,2026-07-06 20:24:20,2026-07-06 20:14:30,2026-07-06 20:24:20,2026-07-06 20:15:00,eth-updown-5m-1783368900,Up,0.54000000,6.00930000,11.12833333,0.00000000,-6.00930000,325.71651267
613,f21c71cc-76b2-4142-8ab3-04881bc726ed,2026-07-06 20:30:31,2026-07-06 20:19:30,2026-07-06 20:30:31,2026-07-06 20:20:00,eth-updown-5m-1783369200,Up,0.52000000,6.00930000,11.55634615,11.55634615,5.54704615,331.26355882
614,c83b42f0-7e81-4d57-acba-f552866e1329,2026-07-06 20:35:22,2026-07-06 20:24:30,2026-07-06 20:35:22,2026-07-06 20:25:00,eth-updown-5m-1783369500,Up,0.52000000,6.00930000,11.55634615,11.55634615,5.54704615,336.81060497
615,8a0401d1-b7d6-4e52-b258-3cd81329335e,2026-07-06 20:40:08,2026-07-06 20:29:30,2026-07-06 20:40:08,2026-07-06 20:30:00,eth-updown-5m-1783369800,Up,0.50000000,6.00930000,12.01860000,12.01860000,6.00930000,342.81990497
616,666a3cb0-eff8-49f5-85b7-7bd4e50a59df,2026-07-06 21:00:18,2026-07-06 20:49:30,2026-07-06 21:00:18,2026-07-06 20:50:00,eth-updown-5m-1783371000,Up,0.50000000,6.00930000,12.01860000,12.01860000,6.00930000,348.82920497
617,1969403b-99d0-4765-8fdd-e712aca07325,2026-07-06 21:10:28,2026-07-06 20:59:30,2026-07-06 21:10:28,2026-07-06 21:00:00,eth-updown-5m-1783371600,Up,0.50579159,6.00929996,11.88098039,11.88098039,5.87168043,354.70088540
618,2d92bf78-9148-4457-8bee-c94a1de4e69f,2026-07-06 21:29:52,2026-07-06 21:19:30,2026-07-06 21:29:52,2026-07-06 21:20:00,eth-updown-5m-1783372800,Up,0.50165207,6.00929998,11.97901961,0.00000000,-6.00929998,348.69158542
619,0f82218c-9647-4781-bbd9-aa774d72de83,2026-07-06 21:32:19,2026-07-06 21:24:30,2026-07-06 21:32:19,2026-07-06 21:25:00,eth-updown-5m-1783373100,Up,0.47000000,6.00930000,12.78574468,0.00000000,-6.00930000,342.68228542
620,06142c23-4c07-46c5-85ad-11ab7316b37a,2026-07-06 21:40:18,2026-07-06 21:29:30,2026-07-06 21:40:18,2026-07-06 21:30:00,eth-updown-5m-1783373400,Up,0.50000000,6.00930000,12.01860000,0.00000000,-6.00930000,336.67298542
621,3f36b40a-71ec-4f0c-a3d0-d3ab1aead863,2026-07-06 21:45:17,2026-07-06 21:34:30,2026-07-06 21:45:17,2026-07-06 21:35:00,eth-updown-5m-1783373700,Up,0.49000000,6.00930000,12.26387755,0.00000000,-6.00930000,330.66368542
622,1fd14bc3-465b-4d83-8930-6ddf212cd958,2026-07-06 21:50:37,2026-07-06 21:39:30,2026-07-06 21:50:37,2026-07-06 21:40:00,eth-updown-5m-1783374000,Up,0.50000000,6.00930000,12.01860000,12.01860000,6.00930000,336.67298542
623,4ab524a1-96e3-4ee0-8bb6-76aa22dd23e9,2026-07-06 21:59:19,2026-07-06 21:49:30,2026-07-06 21:59:19,2026-07-06 21:50:00,eth-updown-5m-1783374600,Up,0.49000000,6.00930000,12.26387755,12.26387755,6.25457755,342.92756297
624,4abfe1a8-d4d0-415b-bef4-aecf1475ddab,2026-07-06 22:10:16,2026-07-06 21:59:30,2026-07-06 22:10:16,2026-07-06 22:00:00,eth-updown-5m-1783375200,Up,0.51000000,6.00930000,11.78294118,0.00000000,-6.00930000,336.91826297
625,561d7351-ca06-4a02-bb6a-83eae25fba5f,2026-07-06 22:20:12,2026-07-06 22:09:30,2026-07-06 22:20:12,2026-07-06 22:10:00,eth-updown-5m-1783375800,Up,0.51000000,6.00930000,11.78294118,11.78294118,5.77364118,342.69190415
626,cc80b14f-d815-4046-836e-f8efa5bb0ce8,2026-07-06 22:34:45,2026-07-06 22:24:32,2026-07-06 22:34:45,2026-07-06 22:25:00,eth-updown-5m-1783376700,Up,0.52970911,6.00929999,11.34452830,0.00000000,-6.00929999,336.68260416
627,c98ea6d6-e750-4735-ba7f-ceca6107d424,2026-07-06 22:39:48,2026-07-06 22:29:30,2026-07-06 22:39:48,2026-07-06 22:30:00,eth-updown-5m-1783377000,Up,0.54000000,6.00930000,11.12833333,0.00000000,-6.00930000,330.67330416
628,514c0ad0-a40a-476b-ae2e-c81f3dac9951,2026-07-06 22:44:56,2026-07-06 22:34:30,2026-07-06 22:44:56,2026-07-06 22:35:00,eth-updown-5m-1783377300,Up,0.53000000,6.00930000,11.33830189,11.33830189,5.32900189,336.00230605
629,1621ac0b-7e25-47db-92e9-f35f52aa5997,2026-07-06 22:49:56,2026-07-06 22:39:30,2026-07-06 22:49:56,2026-07-06 22:40:00,eth-updown-5m-1783377600,Up,0.51000000,6.00930000,11.78294118,0.00000000,-6.00930000,329.99300605
630,7dd5b164-add1-456a-8867-52fc3e240afb,2026-07-06 22:54:48,2026-07-06 22:44:30,2026-07-06 22:54:48,2026-07-06 22:45:00,eth-updown-5m-1783377900,Up,0.54000000,6.00930000,11.12833333,11.12833333,5.11903333,335.11203938
631,7a8301d4-7ade-4543-93d4-e599914f44a0,2026-07-06 22:59:49,2026-07-06 22:49:30,2026-07-06 22:59:49,2026-07-06 22:50:00,eth-updown-5m-1783378200,Up,0.53000000,6.00930000,11.33830189,0.00000000,-6.00930000,329.10273938
632,822f0ed0-fa04-42ea-9ac2-b5cabaddae13,2026-07-06 23:04:51,2026-07-06 22:54:30,2026-07-06 23:04:51,2026-07-06 22:55:00,eth-updown-5m-1783378500,Up,0.53466166,6.00930002,11.23944444,11.23944444,5.23014442,334.33288380
633,3ced37e2-a0bf-4837-bb77-a4fa226e3b95,2026-07-06 23:09:52,2026-07-06 22:59:30,2026-07-06 23:09:52,2026-07-06 23:00:00,eth-updown-5m-1783378800,Up,0.54000000,6.00930000,11.12833333,11.12833333,5.11903333,339.45191713
634,2c567901-0261-4fdd-9b6d-649395308109,2026-07-06 23:14:51,2026-07-06 23:04:30,2026-07-06 23:14:51,2026-07-06 23:05:00,eth-updown-5m-1783379100,Up,0.50057052,6.00930002,12.00490196,0.00000000,-6.00930002,333.44261711
635,daa0a88e-02cf-4b09-afe2-226852993324,2026-07-06 23:19:44,2026-07-06 23:09:30,2026-07-06 23:19:44,2026-07-06 23:10:00,eth-updown-5m-1783379400,Up,0.51000000,6.00930000,11.78294118,11.78294118,5.77364118,339.21625829
636,56e5da25-32aa-4bde-9329-b3fe25a6bd9a,2026-07-06 23:24:46,2026-07-06 23:14:30,2026-07-06 23:24:46,2026-07-06 23:15:00,eth-updown-5m-1783379700,Up,0.51000000,6.00930000,11.78294118,0.00000000,-6.00930000,333.20695829
637,74b12064-fbe1-46eb-bc53-83f39db6dab6,2026-07-06 23:29:57,2026-07-06 23:19:31,2026-07-06 23:29:57,2026-07-06 23:20:00,eth-updown-5m-1783380000,Up,0.51000000,6.00930000,11.78294118,0.00000000,-6.00930000,327.19765829
638,ca6de694-7076-49e1-a82b-30e9717e5f07,2026-07-06 23:34:43,2026-07-06 23:24:30,2026-07-06 23:34:43,2026-07-06 23:25:00,eth-updown-5m-1783380300,Up,0.52132470,6.00929998,11.52698113,11.52698113,5.51768115,332.71533944
639,3c37e363-8f9b-41e2-a1e7-816cb7e5d47e,2026-07-06 23:39:47,2026-07-06 23:29:32,2026-07-06 23:39:47,2026-07-06 23:30:00,eth-updown-5m-1783380600,Up,0.52495945,6.00929997,11.44716981,0.00000000,-6.00929997,326.70603947
640,d71f2e87-ca59-4c46-8a94-ffa028ce6d85,2026-07-06 23:44:49,2026-07-06 23:34:30,2026-07-06 23:44:49,2026-07-06 23:35:00,eth-updown-5m-1783380900,Up,0.51570908,6.00930005,11.65250000,0.00000000,-6.00930005,320.69673942
641,3713ca31-dbaf-4556-a607-a17b784046cd,2026-07-06 23:49:56,2026-07-06 23:39:30,2026-07-06 23:49:56,2026-07-06 23:40:00,eth-updown-5m-1783381200,Up,0.52000000,6.00930000,11.55634615,0.00000000,-6.00930000,314.68743942
642,b6b3fb9e-a783-4e17-acdc-645ce4bb29ae,2026-07-06 23:54:56,2026-07-06 23:44:31,2026-07-06 23:54:56,2026-07-06 23:45:00,eth-updown-5m-1783381500,Up,0.54000000,6.00930000,11.12833333,11.12833333,5.11903333,319.80647275
643,9b4421a1-fb67-4899-ac31-145b48507586,2026-07-06 23:59:51,2026-07-06 23:49:30,2026-07-06 23:59:51,2026-07-06 23:50:00,eth-updown-5m-1783381800,Up,0.54000000,6.00930000,11.12833333,11.12833333,5.11903333,324.92550608
644,f443008a-5b1f-4531-b9b9-3e0fae047007,2026-07-07 00:04:54,2026-07-06 23:54:30,2026-07-07 00:04:54,2026-07-06 23:55:00,eth-updown-5m-1783382100,Up,0.51000000,6.00930000,11.78294118,0.00000000,-6.00930000,318.91620608
645,1636a7f5-7098-4a2a-bfa5-b774b7ec2e8a,2026-07-07 00:07:07,2026-07-06 23:59:30,2026-07-07 00:07:07,2026-07-07 00:00:00,eth-updown-5m-1783382400,Up,0.53000000,6.00930000,11.33830189,0.00000000,-6.00930000,312.90690608
646,fa8566df-261c-4891-9139-5b6e677a4d2a,2026-07-07 00:11:44,2026-07-07 00:04:32,2026-07-07 00:11:44,2026-07-07 00:05:00,eth-updown-5m-1783382700,Up,0.52562656,6.00930003,11.43264151,11.43264151,5.42334148,318.33024756
647,0746741e-fe45-42fe-a92f-1c793cb0bf12,2026-07-07 00:19:54,2026-07-07 00:09:30,2026-07-07 00:19:54,2026-07-07 00:10:00,eth-updown-5m-1783383000,Up,0.51000000,6.00930000,11.78294118,0.00000000,-6.00930000,312.32094756
648,31cc1f76-d6a1-4de7-b1d4-1f39ece3f321,2026-07-07 00:25:21,2026-07-07 00:14:30,2026-07-07 00:25:21,2026-07-07 00:15:00,eth-updown-5m-1783383300,Up,0.52000000,6.00930000,11.55634615,11.55634615,5.54704615,317.86799371
649,56db0e7c-3331-45ad-902b-60d6d5aacf0e,2026-07-07 00:30:15,2026-07-07 00:19:30,2026-07-07 00:30:15,2026-07-07 00:20:00,eth-updown-5m-1783383600,Up,0.52000000,6.00930000,11.55634615,11.55634615,5.54704615,323.41503986
650,2234a95d-042f-4158-83a3-9dac83469fe2,2026-07-07 00:35:06,2026-07-07 00:24:31,2026-07-07 00:35:06,2026-07-07 00:25:00,eth-updown-5m-1783383900,Up,0.47000000,6.00930000,12.78574468,12.78574468,6.77644468,330.19148454
651,229feac0-ffda-453d-9990-9f35095c8ec8,2026-07-07 00:40:30,2026-07-07 00:29:30,2026-07-07 00:40:30,2026-07-07 00:30:00,eth-updown-5m-1783384200,Up,0.48000000,6.00930000,12.51937500,12.51937500,6.51007500,336.70155954
652,ea8249a8-350c-45c3-ac4e-e183ec292884,2026-07-07 00:45:03,2026-07-07 00:34:31,2026-07-07 00:45:03,2026-07-07 00:35:00,eth-updown-5m-1783384500,Up,0.51000000,6.00930000,11.78294118,0.00000000,-6.00930000,330.69225954
653,0a422067-e27c-4919-9a56-68d29a59a08e,2026-07-07 00:47:48,2026-07-07 00:39:30,2026-07-07 00:47:48,2026-07-07 00:40:00,eth-updown-5m-1783384800,Up,0.52000000,6.00930000,11.55634615,11.55634615,5.54704615,336.23930569
654,8a2998f7-263b-4e5f-9f04-14a782a6cd8f,2026-07-07 00:55:24,2026-07-07 00:44:30,2026-07-07 00:55:24,2026-07-07 00:45:00,eth-updown-5m-1783385100,Up,0.51000000,6.00930000,11.78294118,11.78294118,5.77364118,342.01294687
655,3c13bf43-9b6e-4033-9d90-2a4cc87488d8,2026-07-07 01:00:44,2026-07-07 00:49:31,2026-07-07 01:00:44,2026-07-07 00:50:00,eth-updown-5m-1783385400,Up,0.50000000,6.00930000,12.01860000,12.01860000,6.00930000,348.02224687
656,cf2f604c-98f5-4b54-8218-32fd621d602c,2026-07-07 01:10:01,2026-07-07 00:59:30,2026-07-07 01:10:01,2026-07-07 01:00:00,eth-updown-5m-1783386000,Up,0.50000000,6.00930000,12.01860000,0.00000000,-6.00930000,342.01294687
657,67357b5a-a001-443b-b4a0-0c5d82d15ddc,2026-07-07 01:15:11,2026-07-07 01:04:30,2026-07-07 01:15:11,2026-07-07 01:05:00,eth-updown-5m-1783386300,Up,0.53000000,6.00930000,11.33830189,11.33830189,5.32900189,347.34194876
658,c13495d6-2d72-4863-8d43-e79d74f615d6,2026-07-07 01:20:07,2026-07-07 01:09:31,2026-07-07 01:20:07,2026-07-07 01:10:00,eth-updown-5m-1783386600,Up,0.53000000,6.00930000,11.33830189,11.33830189,5.32900189,352.67095065
659,8911604e-5754-4e40-9eeb-d5823bf4e464,2026-07-07 01:24:21,2026-07-07 01:14:31,2026-07-07 01:24:21,2026-07-07 01:15:00,eth-updown-5m-1783386900,Up,0.53000000,6.00930000,11.33830189,11.33830189,5.32900189,357.99995254
660,945ea3d4-d057-4c48-a885-c3383a2edd51,2026-07-07 01:29:24,2026-07-07 01:19:30,2026-07-07 01:29:24,2026-07-07 01:20:00,eth-updown-5m-1783387200,Up,0.52000000,6.00930000,11.55634615,0.00000000,-6.00930000,351.99065254
661,fc6d4f74-ca65-4c99-b5e3-4288c45eae83,2026-07-07 01:34:49,2026-07-07 01:24:31,2026-07-07 01:34:49,2026-07-07 01:25:00,eth-updown-5m-1783387500,Up,0.52020923,6.00929998,11.55169811,0.00000000,-6.00929998,345.98135256
662,c9ed25bf-1c8e-4b57-a76b-c75ba8467e3a,2026-07-07 01:40:14,2026-07-07 01:29:30,2026-07-07 01:40:14,2026-07-07 01:30:00,eth-updown-5m-1783387800,Up,0.52020923,6.00929998,11.55169811,0.00000000,-6.00929998,339.97205258
663,4f80daeb-a4cb-4521-a778-f54cc1d6d5e8,2026-07-07 01:44:25,2026-07-07 01:34:30,2026-07-07 01:44:25,2026-07-07 01:35:00,eth-updown-5m-1783388100,Up,0.52000000,6.00930000,11.55634615,11.55634615,5.54704615,345.51909873
664,9f7e95fb-5bed-448b-a6bd-f5867afd518b,2026-07-07 01:50:14,2026-07-07 01:39:30,2026-07-07 01:50:14,2026-07-07 01:40:00,eth-updown-5m-1783388400,Up,0.52000000,6.00930000,11.55634615,11.55634615,5.54704615,351.06614488
665,930efd67-fa0e-43f9-b6d4-8561c2d6b52f,2026-07-07 01:54:40,2026-07-07 01:44:30,2026-07-07 01:54:40,2026-07-07 01:45:00,eth-updown-5m-1783388700,Up,0.50000000,6.00930000,12.01860000,12.01860000,6.00930000,357.07544488
666,6190ccc6-a7a2-4db7-90c6-11312e24281f,2026-07-07 02:00:27,2026-07-07 01:49:30,2026-07-07 02:00:27,2026-07-07 01:50:00,eth-updown-5m-1783389000,Up,0.49000000,6.00930000,12.26387755,0.00000000,-6.00930000,351.06614488
667,eee96fcd-831b-47b9-b342-1ae35865d8bc,2026-07-07 02:05:15,2026-07-07 01:54:32,2026-07-07 02:05:15,2026-07-07 01:55:00,eth-updown-5m-1783389300,Up,0.50000000,6.00930000,12.01860000,0.00000000,-6.00930000,345.05684488
668,90b8be25-0359-4031-b8f1-771d3dfbf80f,2026-07-07 02:10:11,2026-07-07 01:59:30,2026-07-07 02:10:11,2026-07-07 02:00:00,eth-updown-5m-1783389600,Up,0.52000000,6.00930000,11.55634615,11.55634615,5.54704615,350.60389103
669,d6123f06-a09c-49d7-912d-d862cc9504f9,2026-07-07 02:15:12,2026-07-07 02:04:30,2026-07-07 02:15:12,2026-07-07 02:05:00,eth-updown-5m-1783389900,Up,0.51000000,6.00930000,11.78294118,0.00000000,-6.00930000,344.59459103
670,521a4c44-d775-4141-9c76-436d700ea57f,2026-07-07 02:20:01,2026-07-07 02:09:30,2026-07-07 02:20:01,2026-07-07 02:10:00,eth-updown-5m-1783390200,Up,0.53000000,6.00930000,11.33830189,11.33830189,5.32900189,349.92359292
671,820a29ad-bc2d-4eb5-81f3-15c8a3ff1ccb,2026-07-07 02:24:21,2026-07-07 02:14:30,2026-07-07 02:24:21,2026-07-07 02:15:00,eth-updown-5m-1783390500,Up,0.52000000,6.00930000,11.55634615,0.00000000,-6.00930000,343.91429292
672,9c78dd43-0710-44fb-90f0-6200e4c74d10,2026-07-07 02:30:20,2026-07-07 02:19:31,2026-07-07 02:30:20,2026-07-07 02:20:00,eth-updown-5m-1783390800,Up,0.52000000,6.00930000,11.55634615,0.00000000,-6.00930000,337.90499292
673,86f20e70-11f1-4d98-8cba-8ecd3d2b88d2,2026-07-07 02:34:39,2026-07-07 02:24:36,2026-07-07 02:34:39,2026-07-07 02:25:00,eth-updown-5m-1783391100,Up,0.55000000,6.00930000,10.92600000,0.00000000,-6.00930000,331.89569292
674,2cfa8e90-e208-4fd9-9676-41cf7359900f,2026-07-07 02:39:49,2026-07-07 02:29:37,2026-07-07 02:39:49,2026-07-07 02:30:00,eth-updown-5m-1783391400,Up,0.54000000,6.00930000,11.12833333,11.12833333,5.11903333,337.01472625
675,88a22788-1f6d-4592-9e8c-8d96431a157c,2026-07-07 02:44:39,2026-07-07 02:34:38,2026-07-07 02:44:39,2026-07-07 02:35:00,eth-updown-5m-1783391700,Up,0.55000000,6.00930000,10.92600000,10.92600000,4.91670000,341.93142625
676,d1112fd6-745d-459f-9eb3-3802262bddc8,2026-07-07 02:49:57,2026-07-07 02:39:38,2026-07-07 02:49:57,2026-07-07 02:40:00,eth-updown-5m-1783392000,Up,0.54000000,6.00930000,11.12833333,11.12833333,5.11903333,347.05045958
677,ae4f2830-228c-4a1b-af92-99d4cce3a54d,2026-07-07 02:54:53,2026-07-07 02:44:35,2026-07-07 02:54:53,2026-07-07 02:45:00,eth-updown-5m-1783392300,Up,0.52000000,6.00930000,11.55634615,0.00000000,-6.00930000,341.04115958
678,237f9318-8b4b-496e-a365-90375b57263a,2026-07-07 02:57:26,2026-07-07 02:49:37,2026-07-07 02:57:26,2026-07-07 02:50:00,eth-updown-5m-1783392600,Up,0.52000000,6.00930000,11.55634615,0.00000000,-6.00930000,335.03185958
679,97b9b817-bfba-421a-ae1e-d30581c22319,2026-07-07 03:04:42,2026-07-07 02:54:40,2026-07-07 03:04:42,2026-07-07 02:55:00,eth-updown-5m-1783392900,Up,0.53000000,6.00930000,11.33830189,0.00000000,-6.00930000,329.02255958
680,75839f39-7bb6-46ff-b800-2a6ea2ca9fbc,2026-07-07 03:07:30,2026-07-07 02:59:30,2026-07-07 03:07:30,2026-07-07 03:00:00,eth-updown-5m-1783393200,Up,0.54000000,6.00930000,11.12833333,11.12833333,5.11903333,334.14159291
681,c356454c-05ce-4d71-89c2-c147a9b2649d,2026-07-07 03:15:02,2026-07-07 03:04:38,2026-07-07 03:15:02,2026-07-07 03:05:00,eth-updown-5m-1783393500,Up,0.52000000,6.00930000,11.55634615,11.55634615,5.54704615,339.68863906
682,3ea77082-9bfd-4214-8289-43a2987141c0,2026-07-07 03:20:14,2026-07-07 03:09:38,2026-07-07 03:20:14,2026-07-07 03:10:00,eth-updown-5m-1783393800,Up,0.51000000,6.00930000,11.78294118,0.00000000,-6.00930000,333.67933906
683,ee5953b8-6fe5-48a9-9a75-2f96aa39bcdb,2026-07-07 03:25:01,2026-07-07 03:14:38,2026-07-07 03:25:01,2026-07-07 03:15:00,eth-updown-5m-1783394100,Up,0.53000000,6.00930000,11.33830189,0.00000000,-6.00930000,327.67003906
684,7d75de85-2a0e-4f22-83be-4a34ded93e4b,2026-07-07 03:29:51,2026-07-07 03:19:39,2026-07-07 03:29:51,2026-07-07 03:20:00,eth-updown-5m-1783394400,Up,0.54000000,6.00930000,11.12833333,11.12833333,5.11903333,332.78907239
685,9a7180f4-6d48-4f6e-8e97-17c5362eae84,2026-07-07 03:35:03,2026-07-07 03:24:40,2026-07-07 03:35:03,2026-07-07 03:25:00,eth-updown-5m-1783394700,Up,0.55000000,6.00930000,10.92600000,0.00000000,-6.00930000,326.77977239
686,1ca779ca-abd9-43a0-88b5-8db3eebb792b,2026-07-07 03:39:44,2026-07-07 03:29:38,2026-07-07 03:39:44,2026-07-07 03:30:00,eth-updown-5m-1783395000,Up,0.55000000,6.00930000,10.92600000,10.92600000,4.91670000,331.69647239
687,c39002c5-5f23-4457-a26a-46ee2d27d029,2026-07-07 03:44:43,2026-07-07 03:34:40,2026-07-07 03:44:43,2026-07-07 03:35:00,eth-updown-5m-1783395300,Up,0.54502078,6.00930002,11.02581818,0.00000000,-6.00930002,325.68717237
688,64ebc9dd-61e5-46ec-8352-1384c13d1c68,2026-07-07 03:49:42,2026-07-07 03:39:41,2026-07-07 03:49:42,2026-07-07 03:40:00,eth-updown-5m-1783395600,Up,0.53000000,6.00930000,11.33830189,0.00000000,-6.00930000,319.67787237
689,6ad7c951-9824-4894-ab2d-bd3ad8713379,2026-07-07 03:54:11,2026-07-07 03:44:40,2026-07-07 03:54:11,2026-07-07 03:45:00,eth-updown-5m-1783395900,Up,0.56000000,6.00930000,10.73089286,0.00000000,-6.00930000,313.66857237
690,2771cac4-8808-4dc6-82a1-b6192e9c13d9,2026-07-07 03:59:41,2026-07-07 03:49:41,2026-07-07 03:59:41,2026-07-07 03:50:00,eth-updown-5m-1783396200,Up,0.54520059,6.00930003,11.02218182,11.02218182,5.01288179,318.68145416
691,589484aa-ae84-465c-8555-bf90c010b673,2026-07-07 04:04:53,2026-07-07 03:54:30,2026-07-07 04:04:53,2026-07-07 03:55:00,eth-updown-5m-1783396500,Up,0.53554404,6.00930001,11.22092593,11.22092593,5.21162592,323.89308008
692,44037522-356b-4465-8c18-08c69b86cd29,2026-07-07 04:10:08,2026-07-07 03:59:40,2026-07-07 04:10:08,2026-07-07 04:00:00,eth-updown-5m-1783396800,Up,0.53000000,6.00930000,11.33830189,0.00000000,-6.00930000,317.88378008
693,cc1b0b3e-0664-41e4-8db6-92298f06a37a,2026-07-07 04:14:57,2026-07-07 04:04:40,2026-07-07 04:14:57,2026-07-07 04:05:00,eth-updown-5m-1783397100,Up,0.53000000,6.00930000,11.33830189,11.33830189,5.32900189,323.21278197
694,c1d6997c-2639-4288-b02e-869e0c82acf1,2026-07-07 04:24:59,2026-07-07 04:14:41,2026-07-07 04:24:59,2026-07-07 04:15:00,eth-updown-5m-1783397700,Up,0.53000000,6.00930000,11.33830189,0.00000000,-6.00930000,317.20348197
695,cbccd31f-5fb8-4a78-a375-cff2493d6e29,2026-07-07 04:30:01,2026-07-07 04:19:42,2026-07-07 04:30:01,2026-07-07 04:20:00,eth-updown-5m-1783398000,Up,0.53000000,6.00930000,11.33830189,11.33830189,5.32900189,322.53248386
696,b611aa34-1a35-4b93-88aa-fa1eeb92308d,2026-07-07 04:34:43,2026-07-07 04:24:41,2026-07-07 04:34:43,2026-07-07 04:25:00,eth-updown-5m-1783398300,Up,0.54000000,6.00930000,11.12833333,11.12833333,5.11903333,327.65151719
697,8bf90547-69e0-488b-a928-9fd0e303766a,2026-07-07 04:39:58,2026-07-07 04:29:40,2026-07-07 04:39:58,2026-07-07 04:30:00,eth-updown-5m-1783398600,Up,0.50000000,6.00930000,12.01860000,0.00000000,-6.00930000,321.64221719
698,e26956f6-acfc-4dc7-b4b9-571c09e03d30,2026-07-07 04:44:56,2026-07-07 04:34:40,2026-07-07 04:44:56,2026-07-07 04:35:00,eth-updown-5m-1783398900,Up,0.52000000,6.00930000,11.55634615,0.00000000,-6.00930000,315.63291719
699,ace64ac3-40fa-4fc0-b914-d2568cb75af3,2026-07-07 04:49:54,2026-07-07 04:39:39,2026-07-07 04:49:54,2026-07-07 04:40:00,eth-updown-5m-1783399200,Up,0.52956819,6.00930002,11.34754717,0.00000000,-6.00930002,309.62361717
700,262a444a-8f97-4880-a70c-880a2ecbd886,2026-07-07 04:55:04,2026-07-07 04:44:41,2026-07-07 04:55:04,2026-07-07 04:45:00,eth-updown-5m-1783399500,Up,0.54546152,6.00929998,11.01690909,0.00000000,-6.00929998,303.61431719
701,ca1733c9-ca2b-4493-a9b2-280e00f92cfa,2026-07-07 04:59:52,2026-07-07 04:49:40,2026-07-07 04:59:52,2026-07-07 04:50:00,eth-updown-5m-1783399800,Up,0.56000000,6.00930000,10.73089286,10.73089286,4.72159286,308.33591005
702,11314db0-e2d5-4a15-bde2-7bf2b5f2dae5,2026-07-07 05:05:06,2026-07-07 04:54:30,2026-07-07 05:05:06,2026-07-07 04:55:00,eth-updown-5m-1783400100,Up,0.52000000,6.00930000,11.55634615,11.55634615,5.54704615,313.88295620
703,a99eb282-02c3-44e9-861f-c3d3c5109471,2026-07-07 05:07:44,2026-07-07 04:59:40,2026-07-07 05:07:44,2026-07-07 05:00:00,eth-updown-5m-1783400400,Up,0.50000000,6.00930000,12.01860000,0.00000000,-6.00930000,307.87365620
704,0e24c379-436a-467e-ab28-3762e726c30d,2026-07-07 05:14:54,2026-07-07 05:04:41,2026-07-07 05:14:54,2026-07-07 05:05:00,eth-updown-5m-1783400700,Up,0.52000000,6.00930000,11.55634615,0.00000000,-6.00930000,301.86435620
705,722d6e47-4478-4230-a62a-79af79031ac9,2026-07-07 05:19:53,2026-07-07 05:09:41,2026-07-07 05:19:53,2026-07-07 05:10:00,eth-updown-5m-1783401000,Up,0.55000000,6.00930000,10.92600000,0.00000000,-6.00930000,295.85505620
706,c8e491ce-f957-4648-810d-a4b68cf2172e,2026-07-07 05:25:20,2026-07-07 05:14:33,2026-07-07 05:25:20,2026-07-07 05:15:00,eth-updown-5m-1783401300,Up,0.56000000,6.00930000,10.73089286,10.73089286,4.72159286,300.57664906
707,8e9dc37d-a70c-4f85-9dd3-942c091d7c17,2026-07-07 05:30:05,2026-07-07 05:19:33,2026-07-07 05:30:05,2026-07-07 05:20:00,eth-updown-5m-1783401600,Up,0.52540978,6.00930001,11.43735849,11.43735849,5.42805848,306.00470754
708,bc2da664-be4c-4930-a74a-ef8ec9efb59d,2026-07-07 05:35:17,2026-07-07 05:24:34,2026-07-07 05:35:17,2026-07-07 05:25:00,eth-updown-5m-1783401900,Up,0.51000000,6.00930000,11.78294118,0.00000000,-6.00930000,299.99540754
709,2fb5bef7-2907-4423-9488-cfae1ef4f612,2026-07-07 05:40:04,2026-07-07 05:29:33,2026-07-07 05:40:04,2026-07-07 05:30:00,eth-updown-5m-1783402200,Up,0.55000000,6.00930000,10.92600000,10.92600000,4.91670000,304.91210754
710,b66c237e-124d-4e02-8229-934d8c8a3a98,2026-07-07 05:45:11,2026-07-07 05:34:32,2026-07-07 05:45:11,2026-07-07 05:35:00,eth-updown-5m-1783402500,Up,0.50346508,6.00929996,11.93588235,11.93588235,5.92658239,310.83868993
711,5c0b975c-16ac-491e-9b7f-12b7667ba19a,2026-07-07 05:50:14,2026-07-07 05:39:33,2026-07-07 05:50:14,2026-07-07 05:40:00,eth-updown-5m-1783402800,Up,0.48000000,6.00930000,12.51937500,0.00000000,-6.00930000,304.82938993
712,aee28ca3-0cfc-4e7d-86f4-7095c595142d,2026-07-07 05:55:14,2026-07-07 05:44:33,2026-07-07 05:55:14,2026-07-07 05:45:00,eth-updown-5m-1783403100,Up,0.49021095,6.00929995,12.25860000,12.25860000,6.24930005,311.07868998
713,cc6783f9-935a-4c81-99d0-2cff0b4e64ff,2026-07-07 06:00:38,2026-07-07 05:49:32,2026-07-07 06:00:38,2026-07-07 05:50:00,eth-updown-5m-1783403400,Up,0.51000000,6.00930000,11.78294118,11.78294118,5.77364118,316.85233116
714,f60d27b5-4fef-4a0b-934a-66633859ffe5,2026-07-07 06:05:18,2026-07-07 05:54:32,2026-07-07 06:05:18,2026-07-07 05:55:00,eth-updown-5m-1783403700,Up,0.48000000,6.00930000,12.51937500,0.00000000,-6.00930000,310.84303116
715,22b4a381-0e19-4486-ba60-bbb00f462b67,2026-07-07 06:10:05,2026-07-07 05:59:32,2026-07-07 06:10:05,2026-07-07 06:00:00,eth-updown-5m-1783404000,Up,0.50000000,6.00930000,12.01860000,12.01860000,6.00930000,316.85233116
716,53f34bd4-7f58-4f43-958d-25d5bbf9ce8f,2026-07-07 06:15:10,2026-07-07 06:04:32,2026-07-07 06:15:10,2026-07-07 06:05:00,eth-updown-5m-1783404300,Up,0.50000000,6.00930000,12.01860000,0.00000000,-6.00930000,310.84303116
717,5dcbc3aa-3d99-4548-8306-dc8a6c2bf6d3,2026-07-07 06:20:16,2026-07-07 06:09:32,2026-07-07 06:20:16,2026-07-07 06:10:00,eth-updown-5m-1783404600,Up,0.51000000,6.00930000,11.78294118,0.00000000,-6.00930000,304.83373116
718,2ba4c24a-a590-4661-993d-cd3895ac3b09,2026-07-07 06:22:17,2026-07-07 06:14:34,2026-07-07 06:22:17,2026-07-07 06:15:00,eth-updown-5m-1783404900,Up,0.53000000,6.00930000,11.33830189,11.33830189,5.32900189,310.16273305
719,fc289e46-7b19-4b4f-856e-7a60b0a23119,2026-07-07 06:29:36,2026-07-07 06:19:33,2026-07-07 06:29:36,2026-07-07 06:20:00,eth-updown-5m-1783405200,Up,0.52000000,6.00930000,11.55634615,0.00000000,-6.00930000,304.15343305
720,a6253b07-79da-4e2e-b4dc-9d1964356f1b,2026-07-07 06:38:11,2026-07-07 06:29:33,2026-07-07 06:38:11,2026-07-07 06:30:00,eth-updown-5m-1783405800,Up,0.49000000,6.00930000,12.26387755,12.26387755,6.25457755,310.40801060
721,72bb2b08-b02f-4eea-81a2-db5ded71ac36,2026-07-07 06:41:55,2026-07-07 06:34:32,2026-07-07 06:41:55,2026-07-07 06:35:00,eth-updown-5m-1783406100,Up,0.48000000,6.00930000,12.51937500,12.51937500,6.51007500,316.91808560
722,0e90a75a-23eb-4267-83f6-e43b15f6121d,2026-07-07 06:47:12,2026-07-07 06:39:30,2026-07-07 06:47:12,2026-07-07 06:40:00,eth-updown-5m-1783406400,Up,0.45000000,6.00930000,13.35400000,13.35400000,7.34470000,324.26278560
723,4060e2ec-2941-4e76-bded-a4b2a02addde,2026-07-07 06:52:31,2026-07-07 06:44:30,2026-07-07 06:52:31,2026-07-07 06:45:00,eth-updown-5m-1783406700,Up,0.48595663,6.00930002,12.36591837,12.36591837,6.35661835,330.61940395
724,310a3f54-b251-4f1d-865f-cc25801dd2bc,2026-07-07 07:00:04,2026-07-07 06:49:30,2026-07-07 07:00:04,2026-07-07 06:50:00,eth-updown-5m-1783407000,Up,0.46000000,6.00930000,13.06369565,13.06369565,7.05439565,337.67379960
725,0d2ac17a-63e7-41c0-bb42-f1675fd6d02a,2026-07-07 07:05:01,2026-07-07 06:54:30,2026-07-07 07:05:01,2026-07-07 06:55:00,eth-updown-5m-1783407300,Up,0.46230681,6.00929999,12.99851064,0.00000000,-6.00929999,331.66449961
726,5744213b-455b-4cc9-ab8a-e2d347431248,2026-07-07 07:10:02,2026-07-07 06:59:30,2026-07-07 07:10:02,2026-07-07 07:00:00,eth-updown-5m-1783407600,Up,0.49000000,6.00930000,12.26387755,12.26387755,6.25457755,337.91907716
727,6102b466-5bdc-44fa-9091-891c50f007e8,2026-07-07 07:15:07,2026-07-07 07:04:30,2026-07-07 07:15:07,2026-07-07 07:05:00,eth-updown-5m-1783407900,Up,0.50000000,6.00930000,12.01860000,0.00000000,-6.00930000,331.90977716
728,415643b2-034b-400d-ba03-6770a34340f0,2026-07-07 07:20:08,2026-07-07 07:09:30,2026-07-07 07:20:08,2026-07-07 07:10:00,eth-updown-5m-1783408200,Up,0.50000000,6.00930000,12.01860000,12.01860000,6.00930000,337.91907716
729,063d2ca9-17ae-4ffc-8b16-63409ec59dfb,2026-07-07 07:23:18,2026-07-07 07:14:30,2026-07-07 07:23:18,2026-07-07 07:15:00,eth-updown-5m-1783408500,Up,0.46000000,6.00930000,13.06369565,0.00000000,-6.00930000,331.90977716
730,6e86929b-0815-4582-950a-87a0ec29a38e,2026-07-07 07:27:53,2026-07-07 07:19:30,2026-07-07 07:27:53,2026-07-07 07:20:00,eth-updown-5m-1783408800,Up,0.48000000,6.00930000,12.51937500,0.00000000,-6.00930000,325.90047716
731,7d2460d5-0780-4003-9f72-12b1eaa0c54f,2026-07-07 07:35:19,2026-07-07 07:24:30,2026-07-07 07:35:19,2026-07-07 07:25:00,eth-updown-5m-1783409100,Up,0.51000000,6.00930000,11.78294118,0.00000000,-6.00930000,319.89117716
732,1e584193-afda-4de7-a7fa-7d4a85d1606b,2026-07-07 07:40:10,2026-07-07 07:29:30,2026-07-07 07:40:10,2026-07-07 07:30:00,eth-updown-5m-1783409400,Up,0.50000000,6.00930000,12.01860000,0.00000000,-6.00930000,313.88187716
733,38d7a078-a4aa-4966-886e-813ea75158ff,2026-07-07 07:45:09,2026-07-07 07:34:30,2026-07-07 07:45:09,2026-07-07 07:35:00,eth-updown-5m-1783409700,Up,0.54546152,6.00929998,11.01690909,0.00000000,-6.00929998,307.87257718
734,bc486652-8afa-4f64-a02c-df9bb6be3948,2026-07-07 07:47:39,2026-07-07 07:39:32,2026-07-07 07:47:39,2026-07-07 07:40:00,eth-updown-5m-1783410000,Up,0.55000000,6.00930000,10.92600000,10.92600000,4.91670000,312.78927718
735,2b717483-4526-40b3-a491-305b143435a5,2026-07-07 07:52:23,2026-07-07 07:44:30,2026-07-07 07:52:23,2026-07-07 07:45:00,eth-updown-5m-1783410300,Up,0.54000000,6.00930000,11.12833333,11.12833333,5.11903333,317.90831051
736,3b526b42-7e3d-437a-a08b-71a9c33a0b42,2026-07-07 08:00:04,2026-07-07 07:49:31,2026-07-07 08:00:04,2026-07-07 07:50:00,eth-updown-5m-1783410600,Up,0.52030271,6.00929996,11.54962264,0.00000000,-6.00929996,311.89901055
737,310bffbc-2d03-414e-b033-c8bbcb71e0d3,2026-07-07 08:05:11,2026-07-07 07:54:31,2026-07-07 08:05:11,2026-07-07 07:55:00,eth-updown-5m-1783410900,Up,0.51547088,6.00930004,11.65788462,0.00000000,-6.00930004,305.88971051
738,54bd113c-8e02-4fbc-ab37-3ebe961b3c17,2026-07-07 08:09:54,2026-07-07 07:59:32,2026-07-07 08:09:54,2026-07-07 08:00:00,eth-updown-5m-1783411200,Up,0.54000000,6.00930000,11.12833333,0.00000000,-6.00930000,299.88041051
739,c4c02f20-e05b-4363-8884-b0127e792409,2026-07-07 08:19:48,2026-07-07 08:09:39,2026-07-07 08:19:48,2026-07-07 08:10:00,eth-updown-5m-1783411800,Up,0.55000000,6.00930000,10.92600000,10.92600000,4.91670000,304.79711051
740,d11dbe6d-3ecc-492d-b9b4-5cc7b6211e7a,2026-07-07 08:25:03,2026-07-07 08:14:32,2026-07-07 08:25:03,2026-07-07 08:15:00,eth-updown-5m-1783412100,Up,0.51000000,6.00930000,11.78294118,11.78294118,5.77364118,310.57075169
741,ffd23efc-e19a-4048-9e1d-4472193886dc,2026-07-07 08:29:19,2026-07-07 08:19:30,2026-07-07 08:29:19,2026-07-07 08:20:00,eth-updown-5m-1783412400,Up,0.51000000,6.00930000,11.78294118,0.00000000,-6.00930000,304.56145169
742,b6bf4379-431e-4d4f-abd6-2a11383e8f77,2026-07-07 08:35:13,2026-07-07 08:24:30,2026-07-07 08:35:13,2026-07-07 08:25:00,eth-updown-5m-1783412700,Up,0.51000000,6.00930000,11.78294118,0.00000000,-6.00930000,298.55215169
743,022a3d9b-b933-434b-b767-f02e85e29d4e,2026-07-07 08:39:44,2026-07-07 08:29:31,2026-07-07 08:39:44,2026-07-07 08:30:00,eth-updown-5m-1783413000,Up,0.50000000,6.00930000,12.01860000,0.00000000,-6.00930000,292.54285169
744,5aa8b0f1-5052-4236-a4af-db87a3e8917b,2026-07-07 08:44:51,2026-07-07 08:34:37,2026-07-07 08:44:51,2026-07-07 08:35:00,eth-updown-5m-1783413300,Up,0.53000000,6.00930000,11.33830189,11.33830189,5.32900189,297.87185358
745,0dcc1a58-ed7a-4c14-b78e-c2f2a37c76dd,2026-07-07 08:50:15,2026-07-07 08:39:30,2026-07-07 08:50:15,2026-07-07 08:40:00,eth-updown-5m-1783413600,Up,0.53000000,6.00930000,11.33830189,0.00000000,-6.00930000,291.86255358
746,44580c05-d506-4a35-95d3-e10f2516663c,2026-07-07 08:53:49,2026-07-07 08:44:35,2026-07-07 08:53:49,2026-07-07 08:45:00,eth-updown-5m-1783413900,Up,0.53000000,6.00930000,11.33830189,11.33830189,5.32900189,297.19155547
747,ed3de9c2-c617-48f8-b78d-b58fba9a1ca7,2026-07-07 09:00:10,2026-07-07 08:49:30,2026-07-07 09:00:10,2026-07-07 08:50:00,eth-updown-5m-1783414200,Up,0.53000000,6.00930000,11.33830189,0.00000000,-6.00930000,291.18225547
748,0264e994-68b0-409c-ab0e-e4f1c1e86895,2026-07-07 09:05:21,2026-07-07 08:54:31,2026-07-07 09:05:21,2026-07-07 08:55:00,eth-updown-5m-1783414500,Up,0.52000000,6.00930000,11.55634615,11.55634615,5.54704615,296.72930162
749,0a8024d5-0643-4449-a633-bdc83e3f02bc,2026-07-07 09:10:15,2026-07-07 08:59:30,2026-07-07 09:10:15,2026-07-07 09:00:00,eth-updown-5m-1783414800,Up,0.51000000,6.00930000,11.78294118,11.78294118,5.77364118,302.50294280
750,5cb811a1-057d-4a78-a264-a00b10ae2b78,2026-07-07 09:13:12,2026-07-07 09:04:30,2026-07-07 09:13:12,2026-07-07 09:05:00,eth-updown-5m-1783415100,Up,0.51000000,6.00930000,11.78294118,0.00000000,-6.00930000,296.49364280
751,99682ecb-79bb-48a3-8887-4d430d1072a1,2026-07-07 09:20:17,2026-07-07 09:09:30,2026-07-07 09:20:17,2026-07-07 09:10:00,eth-updown-5m-1783415400,Up,0.48595663,6.00930002,12.36591837,12.36591837,6.35661835,302.85026115
752,3479b7bf-9c45-4021-ac20-8286ecbfcbf6,2026-07-07 09:25:02,2026-07-07 09:14:31,2026-07-07 09:25:02,2026-07-07 09:15:00,eth-updown-5m-1783415700,Up,0.49000000,6.00930000,12.26387755,0.00000000,-6.00930000,296.84096115
753,9bfce658-881a-4761-bf0e-3a378c8590da,2026-07-07 09:30:10,2026-07-07 09:19:30,2026-07-07 09:30:10,2026-07-07 09:20:00,eth-updown-5m-1783416000,Up,0.48807080,6.00929995,12.31235294,0.00000000,-6.00929995,290.83166120
754,2b822593-e291-407d-a8d9-0c8913076144,2026-07-07 09:35:20,2026-07-07 09:24:31,2026-07-07 09:35:20,2026-07-07 09:25:00,eth-updown-5m-1783416300,Up,0.51000000,6.00930000,11.78294118,11.78294118,5.77364118,296.60530238
755,7d7bb0e5-7231-4237-af09-57848b2fdb0e,2026-07-07 09:40:18,2026-07-07 09:29:32,2026-07-07 09:40:18,2026-07-07 09:30:00,eth-updown-5m-1783416600,Up,0.51046066,6.00929995,11.77230769,11.77230769,5.76300774,302.36831012
756,187e233c-404d-4a7f-889a-52d448ebd42f,2026-07-07 09:44:24,2026-07-07 09:34:31,2026-07-07 09:44:24,2026-07-07 09:35:00,eth-updown-5m-1783416900,Up,0.51000000,6.00930000,11.78294118,0.00000000,-6.00930000,296.35901012
757,b3c37e26-83ef-4624-be60-73c7edc1211a,2026-07-07 09:50:19,2026-07-07 09:39:30,2026-07-07 09:50:19,2026-07-07 09:40:00,eth-updown-5m-1783417200,Up,0.48000000,6.00930000,12.51937500,12.51937500,6.51007500,302.86908512
758,ac157ce3-c563-4ab0-bfd0-f8fedbc4b016,2026-07-07 09:54:30,2026-07-07 09:44:30,2026-07-07 09:54:30,2026-07-07 09:45:00,eth-updown-5m-1783417500,Up,0.45162038,6.00930005,13.30608696,0.00000000,-6.00930005,296.85978507
759,14cf094b-4a5c-473e-ae2d-9c18bdef4de0,2026-07-07 09:59:46,2026-07-07 09:49:30,2026-07-07 09:59:46,2026-07-07 09:50:00,eth-updown-5m-1783417800,Up,0.49000000,6.00930000,12.26387755,0.00000000,-6.00930000,290.85048507
760,cc6d356f-c209-4ff5-9fe8-44e386a76492,2026-07-07 10:05:20,2026-07-07 09:54:31,2026-07-07 10:05:20,2026-07-07 09:55:00,eth-updown-5m-1783418100,Up,0.46000000,6.00930000,13.06369565,13.06369565,7.05439565,297.90488072
761,f7a18a4f-e6bc-412b-9134-8f59513ae4ee,2026-07-07 10:10:01,2026-07-07 09:59:31,2026-07-07 10:10:01,2026-07-07 10:00:00,eth-updown-5m-1783418400,Up,0.50000000,6.00930000,12.01860000,12.01860000,6.00930000,303.91418072
762,9d043b22-1e4d-4788-8f94-371b8934f211,2026-07-07 10:20:02,2026-07-07 10:09:30,2026-07-07 10:20:02,2026-07-07 10:10:00,eth-updown-5m-1783419000,Up,0.48000000,6.00930000,12.51937500,0.00000000,-6.00930000,297.90488072
763,1caa3379-4bf4-4b6b-930c-3e9c7f9f5bbb,2026-07-07 10:25:21,2026-07-07 10:14:31,2026-07-07 10:25:21,2026-07-07 10:15:00,eth-updown-5m-1783419300,Up,0.50000000,6.00930000,12.01860000,12.01860000,6.00930000,303.91418072
764,f7e424a6-fc85-49f3-9c8a-228e749aa211,2026-07-07 10:35:18,2026-07-07 10:24:31,2026-07-07 10:35:18,2026-07-07 10:25:00,eth-updown-5m-1783419900,Up,0.51000000,6.00930000,11.78294118,0.00000000,-6.00930000,297.90488072
765,f419791f-fb6a-4dcc-b657-94aea179f65a,2026-07-07 10:40:24,2026-07-07 10:29:30,2026-07-07 10:40:24,2026-07-07 10:30:00,eth-updown-5m-1783420200,Up,0.51000000,6.00930000,11.78294118,0.00000000,-6.00930000,291.89558072
766,a2c6fc8c-ce20-4865-a795-0fdaa5a2a480,2026-07-07 10:45:17,2026-07-07 10:34:30,2026-07-07 10:45:17,2026-07-07 10:35:00,eth-updown-5m-1783420500,Up,0.52000000,6.00930000,11.55634615,11.55634615,5.54704615,297.44262687
767,4f8fe314-e947-4f2c-81a9-03bdbaff70d1,2026-07-07 10:47:47,2026-07-07 10:39:30,2026-07-07 10:47:47,2026-07-07 10:40:00,eth-updown-5m-1783420800,Up,0.51000000,6.00930000,11.78294118,0.00000000,-6.00930000,291.43332687
768,9a589bc2-6c58-403f-9ff5-8f297986f980,2026-07-07 10:55:17,2026-07-07 10:44:32,2026-07-07 10:55:17,2026-07-07 10:45:00,eth-updown-5m-1783421100,Up,0.51000000,6.00930000,11.78294118,0.00000000,-6.00930000,285.42402687
769,6e02061b-ed2e-4f0b-a131-e2b1c00179a6,2026-07-07 11:00:32,2026-07-07 10:49:31,2026-07-07 11:00:32,2026-07-07 10:50:00,eth-updown-5m-1783421400,Up,0.52000000,6.00930000,11.55634615,0.00000000,-6.00930000,279.41472687
770,9853f405-5db3-40ac-be35-f10536f11b5f,2026-07-07 11:05:05,2026-07-07 10:54:30,2026-07-07 11:05:05,2026-07-07 10:55:00,eth-updown-5m-1783421700,Up,0.53000000,6.00930000,11.33830189,11.33830189,5.32900189,284.74372876
771,27bb3ca6-ca85-4998-8aff-bd1c14a55766,2026-07-07 11:10:17,2026-07-07 10:59:30,2026-07-07 11:10:17,2026-07-07 11:00:00,eth-updown-5m-1783422000,Up,0.53000000,6.00930000,11.33830189,0.00000000,-6.00930000,278.73442876
772,c0141888-6e17-4699-94e8-7ed57e11e215,2026-07-07 11:14:10,2026-07-07 11:04:30,2026-07-07 11:14:10,2026-07-07 11:05:00,eth-updown-5m-1783422300,Up,0.54000000,6.00930000,11.12833333,11.12833333,5.11903333,283.85346209
773,815d5eec-292f-4faf-baf8-eed915dda729,2026-07-07 11:20:09,2026-07-07 11:09:32,2026-07-07 11:20:09,2026-07-07 11:10:00,eth-updown-5m-1783422600,Up,0.52000000,6.00930000,11.55634615,0.00000000,-6.00930000,277.84416209
774,382827a2-19c2-4151-b141-fd8d94b792b8,2026-07-07 11:25:04,2026-07-07 11:14:30,2026-07-07 11:25:04,2026-07-07 11:15:00,eth-updown-5m-1783422900,Up,0.52102621,6.00930003,11.53358491,11.53358491,5.52428488,283.36844697
775,5f2e4a78-859c-4886-9a7b-241fbcd344e2,2026-07-07 11:29:13,2026-07-07 11:19:33,2026-07-07 11:29:13,2026-07-07 11:20:00,eth-updown-5m-1783423200,Up,0.52000000,6.00930000,11.55634615,11.55634615,5.54704615,288.91549312
776,f7434755-90e0-4c69-94d8-f52dbec9d73e,2026-07-07 11:31:27,2026-07-07 11:24:32,2026-07-07 11:31:27,2026-07-07 11:25:00,eth-updown-5m-1783423500,Up,0.49000000,6.00930000,12.26387755,0.00000000,-6.00930000,282.90619312
777,0dc1c7a5-488f-4088-96dd-646e471ff5e8,2026-07-07 11:38:43,2026-07-07 11:29:30,2026-07-07 11:38:43,2026-07-07 11:30:00,eth-updown-5m-1783423800,Up,0.51000000,6.00930000,11.78294118,0.00000000,-6.00930000,276.89689312
778,a39f0705-6195-4d17-9728-d7b506c890f3,2026-07-07 11:45:21,2026-07-07 11:34:31,2026-07-07 11:45:21,2026-07-07 11:35:00,eth-updown-5m-1783424100,Up,0.51000000,6.00930000,11.78294118,11.78294118,5.77364118,282.67053430
779,9661a83a-720d-4d60-9d05-a4edff4a0775,2026-07-07 11:48:03,2026-07-07 11:39:31,2026-07-07 11:48:03,2026-07-07 11:40:00,eth-updown-5m-1783424400,Up,0.51000000,6.00930000,11.78294118,11.78294118,5.77364118,288.44417548
780,403c420b-7fda-4da9-a070-ffbdbe95ba85,2026-07-07 11:52:06,2026-07-07 11:44:30,2026-07-07 11:52:06,2026-07-07 11:45:00,eth-updown-5m-1783424700,Up,0.47000000,6.00930000,12.78574468,12.78574468,6.77644468,295.22062016
781,db91b587-0dc4-4eaa-a092-ef6dc98722a0,2026-07-07 12:05:06,2026-07-07 11:54:31,2026-07-07 12:05:06,2026-07-07 11:55:00,eth-updown-5m-1783425300,Up,0.49000000,6.00930000,12.26387755,12.26387755,6.25457755,301.47519771
782,d87cc669-bfed-465f-9ce9-43f27ef729c6,2026-07-07 12:30:27,2026-07-07 12:19:30,2026-07-07 12:30:27,2026-07-07 12:20:00,eth-updown-5m-1783426800,Up,0.49103612,6.00930004,12.23800000,12.23800000,6.22869996,307.70389767
783,338cf8aa-7735-4217-bf2c-b468eab16f6a,2026-07-07 12:44:25,2026-07-07 12:34:32,2026-07-07 12:44:25,2026-07-07 12:35:00,eth-updown-5m-1783427700,Up,0.52000000,6.00930000,11.55634615,0.00000000,-6.00930000,301.69459767
784,619900eb-a62e-4f63-8f27-ade71deba7bf,2026-07-07 12:50:14,2026-07-07 12:39:31,2026-07-07 12:50:14,2026-07-07 12:40:00,eth-updown-5m-1783428000,Up,0.53000000,6.00930000,11.33830189,11.33830189,5.32900189,307.02359956
785,ea7cbf71-43da-4ecc-b22e-bbc461ef2dad,2026-07-07 12:54:48,2026-07-07 12:44:31,2026-07-07 12:54:48,2026-07-07 12:45:00,eth-updown-5m-1783428300,Up,0.51000000,6.00930000,11.78294118,0.00000000,-6.00930000,301.01429956
786,ec5b1cd7-885c-4fd3-87d5-0a7200703429,2026-07-07 13:00:22,2026-07-07 12:49:30,2026-07-07 13:00:22,2026-07-07 12:50:00,eth-updown-5m-1783428600,Up,0.52000000,6.00930000,11.55634615,11.55634615,5.54704615,306.56134571
787,253bcda2-0efa-4bc0-a579-efe93493bcfc,2026-07-07 13:05:14,2026-07-07 12:54:30,2026-07-07 13:05:14,2026-07-07 12:55:00,eth-updown-5m-1783428900,Up,0.53000000,6.00930000,11.33830189,0.00000000,-6.00930000,300.55204571
788,d0851bb6-e5ea-480e-9937-d847fa1b77cc,2026-07-07 13:08:42,2026-07-07 12:59:30,2026-07-07 13:08:42,2026-07-07 13:00:00,eth-updown-5m-1783429200,Up,0.54000000,6.00930000,11.12833333,0.00000000,-6.00930000,294.54274571
789,46b5bb32-0b05-4f52-8f62-3982381b0b4f,2026-07-07 13:14:54,2026-07-07 13:04:30,2026-07-07 13:14:54,2026-07-07 13:05:00,eth-updown-5m-1783429500,Up,0.55000000,6.00930000,10.92600000,0.00000000,-6.00930000,288.53344571
790,f5e1cebd-c22e-41e5-a886-4c20ff51fac7,2026-07-07 13:20:20,2026-07-07 13:09:31,2026-07-07 13:20:20,2026-07-07 13:10:00,eth-updown-5m-1783429800,Up,0.55000000,6.00930000,10.92600000,0.00000000,-6.00930000,282.52414571
791,844baf1e-9e1a-490c-9c26-2a36d118ab32,2026-07-07 13:25:04,2026-07-07 13:14:30,2026-07-07 13:25:04,2026-07-07 13:15:00,eth-updown-5m-1783430100,Up,0.54000000,6.00930000,11.12833333,0.00000000,-6.00930000,276.51484571
792,1343fcaa-34a8-4002-afc9-9bfa1cd5d3b3,2026-07-07 13:30:18,2026-07-07 13:19:31,2026-07-07 13:30:18,2026-07-07 13:20:00,eth-updown-5m-1783430400,Up,0.55000000,6.00930000,10.92600000,0.00000000,-6.00930000,270.50554571
793,e679e2ec-3e33-4e4c-9ca8-ce456cd8d951,2026-07-07 13:35:34,2026-07-07 13:24:30,2026-07-07 13:35:34,2026-07-07 13:25:00,eth-updown-5m-1783430700,Up,0.57000000,6.00930000,10.54263158,0.00000000,-6.00930000,264.49624571
794,049faf13-bd4a-45e0-90df-d8413cc8e03c,2026-07-07 13:40:20,2026-07-07 13:29:32,2026-07-07 13:40:20,2026-07-07 13:30:00,eth-updown-5m-1783431000,Up,0.58000000,6.00930000,10.36086207,10.36086207,4.35156207,268.84780778
795,82c77a11-dadb-4727-bce0-3574cb1678c1,2026-07-07 13:45:27,2026-07-07 13:34:31,2026-07-07 13:45:27,2026-07-07 13:35:00,eth-updown-5m-1783431300,Up,0.54000000,6.00930000,11.12833333,0.00000000,-6.00930000,262.83850778
796,660398db-6120-4c16-a33f-b15e3cd0752d,2026-07-07 13:47:46,2026-07-07 13:39:30,2026-07-07 13:47:46,2026-07-07 13:40:00,eth-updown-5m-1783431600,Up,0.53000000,6.00930000,11.33830189,11.33830189,5.32900189,268.16750967
797,c8013a85-fa61-4101-a406-eeedff025dc4,2026-07-07 13:55:19,2026-07-07 13:44:31,2026-07-07 13:55:19,2026-07-07 13:45:00,eth-updown-5m-1783431900,Up,0.56000000,6.00930000,10.73089286,10.73089286,4.72159286,272.88910253
798,26840bea-d189-4d47-a34d-665496e93487,2026-07-07 14:00:50,2026-07-07 13:49:30,2026-07-07 14:00:50,2026-07-07 13:50:00,eth-updown-5m-1783432200,Up,0.51000000,6.00930000,11.78294118,0.00000000,-6.00930000,266.87980253
799,40789c92-ac43-4fac-8f7d-7b4c517bd95e,2026-07-07 14:04:32,2026-07-07 13:54:31,2026-07-07 14:04:32,2026-07-07 13:55:00,eth-updown-5m-1783432500,Up,0.54000000,6.00930000,11.12833333,0.00000000,-6.00930000,260.87050253
800,66d6e7c2-a40f-4e59-aecf-856d5ffc1c23,2026-07-07 14:10:35,2026-07-07 13:59:30,2026-07-07 14:10:35,2026-07-07 14:00:00,eth-updown-5m-1783432800,Up,0.54000000,6.00930000,11.12833333,11.12833333,5.11903333,265.98953586
801,8ca29607-4db0-47b6-ad7d-85c294a24db4,2026-07-07 14:16:23,2026-07-07 14:04:30,2026-07-07 14:16:23,2026-07-07 14:05:00,eth-updown-5m-1783433100,Up,0.50000000,6.00930000,12.01860000,0.00000000,-6.00930000,259.98023586
802,c4ab6aaf-bb2e-4748-8c2a-2d459c091f5d,2026-07-07 14:21:21,2026-07-07 14:09:31,2026-07-07 14:21:21,2026-07-07 14:10:00,eth-updown-5m-1783433400,Up,0.51000000,6.00930000,11.78294118,0.00000000,-6.00930000,253.97093586
803,becb9327-c819-42ec-8b88-1474afe7b418,2026-07-07 14:26:16,2026-07-07 14:14:30,2026-07-07 14:26:16,2026-07-07 14:15:00,eth-updown-5m-1783433700,Up,0.52000000,6.00930000,11.55634615,11.55634615,5.54704615,259.51798201
804,f60cfc12-78ec-4202-856b-9a07ee92babe,2026-07-07 14:26:38,2026-07-07 14:19:30,2026-07-07 14:26:38,2026-07-07 14:20:00,eth-updown-5m-1783434000,Up,0.52000000,6.00930000,11.55634615,0.00000000,-6.00930000,253.50868201
805,71993013-ee73-4b51-8aa6-7eaecead4710,2026-07-07 14:35:19,2026-07-07 14:24:30,2026-07-07 14:35:19,2026-07-07 14:25:00,eth-updown-5m-1783434300,Up,0.51000000,6.00930000,11.78294118,11.78294118,5.77364118,259.28232319
806,078be79d-7aee-426e-9575-5956e32b9567,2026-07-07 14:36:21,2026-07-07 14:29:30,2026-07-07 14:36:21,2026-07-07 14:30:00,eth-updown-5m-1783434600,Up,0.50000000,6.00930000,12.01860000,12.01860000,6.00930000,265.29162319
807,9593d91e-9083-4820-9544-1878ced7cce4,2026-07-07 14:45:06,2026-07-07 14:34:30,2026-07-07 14:45:06,2026-07-07 14:35:00,eth-updown-5m-1783434900,Up,0.46000000,6.00930000,13.06369565,0.00000000,-6.00930000,259.28232319
808,05510df1-c047-48af-b0ae-b2f00bea1017,2026-07-07 14:47:57,2026-07-07 14:39:30,2026-07-07 14:47:57,2026-07-07 14:40:00,eth-updown-5m-1783435200,Up,0.51000000,6.00930000,11.78294118,11.78294118,5.77364118,265.05596437
809,fa64ff7d-79fa-4095-af92-b36b4a3c66e6,2026-07-07 14:55:28,2026-07-07 14:44:31,2026-07-07 14:55:28,2026-07-07 14:45:00,eth-updown-5m-1783435500,Up,0.50000000,6.00930000,12.01860000,12.01860000,6.00930000,271.06526437
810,c61b760c-d401-49d5-9c74-56512e1e2a00,2026-07-07 15:00:02,2026-07-07 14:49:31,2026-07-07 15:00:02,2026-07-07 14:50:00,eth-updown-5m-1783435800,Up,0.47000000,6.00930000,12.78574468,12.78574468,6.77644468,277.84170905
811,03efdb9f-0ea0-4985-ac82-b3f7896565e3,2026-07-07 15:03:29,2026-07-07 14:54:31,2026-07-07 15:03:29,2026-07-07 14:55:00,eth-updown-5m-1783436100,Up,0.44000000,6.00930000,13.65750000,13.65750000,7.64820000,285.48990905
812,8617e1ab-2c1a-45d2-8e92-79ad66254bd8,2026-07-07 15:20:06,2026-07-07 15:09:30,2026-07-07 15:20:06,2026-07-07 15:10:00,eth-updown-5m-1783437000,Up,0.50165207,6.00929998,11.97901961,0.00000000,-6.00929998,279.48060907
813,8f4b5866-d7ed-4fef-b89b-0343cd25af94,2026-07-07 15:25:02,2026-07-07 15:14:30,2026-07-07 15:25:02,2026-07-07 15:15:00,eth-updown-5m-1783437300,Up,0.50000000,6.00930000,12.01860000,12.01860000,6.00930000,285.48990907
814,ae49b3b8-bb5b-43b9-bf30-686aae7ddd31,2026-07-07 15:30:11,2026-07-07 15:19:30,2026-07-07 15:30:11,2026-07-07 15:20:00,eth-updown-5m-1783437600,Up,0.47000000,6.00930000,12.78574468,12.78574468,6.77644468,292.26635375
815,822e62e2-8f2b-45f5-bd15-8ecfaf5fa10a,2026-07-07 16:08:45,2026-07-07 15:59:30,2026-07-07 16:08:45,2026-07-07 16:00:00,eth-updown-5m-1783440000,Up,0.49000000,6.00930000,12.26387755,0.00000000,-6.00930000,286.25705375
816,5f37b7ff-7969-45d7-aefb-db12d8baea97,2026-07-07 16:13:27,2026-07-07 16:04:31,2026-07-07 16:13:27,2026-07-07 16:05:00,eth-updown-5m-1783440300,Up,0.49181576,6.00930005,12.21860000,0.00000000,-6.00930005,280.24775370
817,6cf747aa-7f95-4632-a278-0e165ef78431,2026-07-07 16:20:01,2026-07-07 16:09:31,2026-07-07 16:20:01,2026-07-07 16:10:00,eth-updown-5m-1783440600,Up,0.50000000,6.00930000,12.01860000,12.01860000,6.00930000,286.25705370
818,301e6390-3cfb-479f-b50f-4b443aaeee28,2026-07-07 16:25:19,2026-07-07 16:14:30,2026-07-07 16:25:19,2026-07-07 16:15:00,eth-updown-5m-1783440900,Up,0.50000000,6.00930000,12.01860000,0.00000000,-6.00930000,280.24775370
819,5c024a77-3b71-46c1-83c5-5de42043cf92,2026-07-07 16:30:21,2026-07-07 16:19:31,2026-07-07 16:30:21,2026-07-07 16:20:00,eth-updown-5m-1783441200,Up,0.52000000,6.00930000,11.55634615,11.55634615,5.54704615,285.79479985
820,8c2a03bb-c997-4a98-a8cf-bc1fa0aaecee,2026-07-07 16:45:03,2026-07-07 16:34:30,2026-07-07 16:45:03,2026-07-07 16:35:00,eth-updown-5m-1783442100,Up,0.49000000,6.00930000,12.26387755,12.26387755,6.25457755,292.04937740
821,9ceb8bcc-23f1-4395-8f27-0c7b16e97e46,2026-07-07 17:09:22,2026-07-07 16:59:30,2026-07-07 17:09:22,2026-07-07 17:00:00,eth-updown-5m-1783443600,Up,0.50000000,6.00930000,12.01860000,12.01860000,6.00930000,298.05867740
822,6468a250-586d-4f14-b4ef-f57a6a3c8c04,2026-07-07 17:15:12,2026-07-07 17:04:30,2026-07-07 17:15:12,2026-07-07 17:05:00,eth-updown-5m-1783443900,Up,0.51000000,6.00930000,11.78294118,11.78294118,5.77364118,303.83231858
823,5b9e25d6-67fc-48c9-9f02-4447e36f4bd8,2026-07-07 17:25:18,2026-07-07 17:14:31,2026-07-07 17:25:18,2026-07-07 17:15:00,eth-updown-5m-1783444500,Up,0.50000000,6.00930000,12.01860000,0.00000000,-6.00930000,297.82301858
824,014bbb67-6128-4d75-b1f2-d204819b1c58,2026-07-07 17:30:27,2026-07-07 17:19:30,2026-07-07 17:30:27,2026-07-07 17:20:00,eth-updown-5m-1783444800,Up,0.51000000,6.00930000,11.78294118,11.78294118,5.77364118,303.59665976
825,59728558-64cc-46ee-bbb2-4d595b418d3f,2026-07-07 18:15:25,2026-07-07 18:04:30,2026-07-07 18:15:25,2026-07-07 18:05:00,eth-updown-5m-1783447500,Up,0.50000000,6.00930000,12.01860000,0.00000000,-6.00930000,297.58735976
826,ca062cdc-1c77-4aad-b3b3-1c842285ba23,2026-07-07 18:20:18,2026-07-07 18:09:30,2026-07-07 18:20:18,2026-07-07 18:10:00,eth-updown-5m-1783447800,Up,0.52000000,6.00930000,11.55634615,0.00000000,-6.00930000,291.57805976
827,3ca3770e-1e35-426e-a9f5-0ae2a4649999,2026-07-07 18:25:21,2026-07-07 18:14:30,2026-07-07 18:25:21,2026-07-07 18:15:00,eth-updown-5m-1783448100,Up,0.51000000,6.00930000,11.78294118,11.78294118,5.77364118,297.35170094
828,c093c391-24f3-44b9-ae98-f9a3c266a707,2026-07-07 18:30:13,2026-07-07 18:19:32,2026-07-07 18:30:13,2026-07-07 18:20:00,eth-updown-5m-1783448400,Up,0.52000000,6.00930000,11.55634615,0.00000000,-6.00930000,291.34240094
829,39b152d5-5a48-4931-8c73-f7efd7344853,2026-07-07 18:35:11,2026-07-07 18:24:30,2026-07-07 18:35:11,2026-07-07 18:25:00,eth-updown-5m-1783448700,Up,0.50000000,6.00930000,12.01860000,0.00000000,-6.00930000,285.33310094
830,710a0307-1735-49ec-883d-b82c3292eadf,2026-07-07 18:40:15,2026-07-07 18:29:31,2026-07-07 18:40:15,2026-07-07 18:30:00,eth-updown-5m-1783449000,Up,0.52000000,6.00930000,11.55634615,11.55634615,5.54704615,290.88014709
831,ef7151de-61bb-4a80-ade1-d1d4c0564859,2026-07-07 18:44:12,2026-07-07 18:34:30,2026-07-07 18:44:12,2026-07-07 18:35:00,eth-updown-5m-1783449300,Up,0.52000000,6.00930000,11.55634615,11.55634615,5.54704615,296.42719324
832,8272f9cb-54d5-4894-b35d-e240cbea3b81,2026-07-07 18:49:38,2026-07-07 18:39:31,2026-07-07 18:49:38,2026-07-07 18:40:00,eth-updown-5m-1783449600,Up,0.51000000,6.00930000,11.78294118,11.78294118,5.77364118,302.20083442
833,bc554caf-b599-4567-b61d-6b499daced13,2026-07-07 18:55:03,2026-07-07 18:44:30,2026-07-07 18:55:03,2026-07-07 18:45:00,eth-updown-5m-1783449900,Up,0.51000000,6.00930000,11.78294118,0.00000000,-6.00930000,296.19153442
834,e007c386-5d45-47a1-9656-312aa4e23435,2026-07-07 19:00:23,2026-07-07 18:49:30,2026-07-07 19:00:23,2026-07-07 18:50:00,eth-updown-5m-1783450200,Up,0.51000000,6.00930000,11.78294118,0.00000000,-6.00930000,290.18223442
835,4be9702e-5f17-4ce7-8d05-898a27db729a,2026-07-07 19:05:35,2026-07-07 18:54:31,2026-07-07 19:05:35,2026-07-07 18:55:00,eth-updown-5m-1783450500,Up,0.53000000,6.00930000,11.33830189,0.00000000,-6.00930000,284.17293442
836,0d8a63e0-32af-45a8-a4f3-8edad08396ad,2026-07-07 19:10:20,2026-07-07 18:59:30,2026-07-07 19:10:20,2026-07-07 19:00:00,eth-updown-5m-1783450800,Up,0.54000000,6.00930000,11.12833333,0.00000000,-6.00930000,278.16363442
837,caeb1719-7b2f-4a78-a3b8-f61d8d707166,2026-07-07 19:15:10,2026-07-07 19:04:39,2026-07-07 19:15:10,2026-07-07 19:05:00,eth-updown-5m-1783451100,Up,0.54000000,6.00930000,11.12833333,0.00000000,-6.00930000,272.15433442
838,9c962252-a4e0-4186-8005-d5f3b396bebe,2026-07-07 19:19:56,2026-07-07 19:09:40,2026-07-07 19:19:56,2026-07-07 19:10:00,eth-updown-5m-1783451400,Up,0.54000000,6.00930000,11.12833333,0.00000000,-6.00930000,266.14503442
839,b548a046-dbac-486c-b62e-ad478ee6816b,2026-07-07 19:25:04,2026-07-07 19:14:40,2026-07-07 19:25:04,2026-07-07 19:15:00,eth-updown-5m-1783451700,Up,0.54000000,6.00930000,11.12833333,0.00000000,-6.00930000,260.13573442
840,014020c7-ece4-4425-913a-8c02e506f733,2026-07-07 19:29:53,2026-07-07 19:19:30,2026-07-07 19:29:53,2026-07-07 19:20:00,eth-updown-5m-1783452000,Up,0.54000000,6.00930000,11.12833333,11.12833333,5.11903333,265.25476775
841,59c97956-ca62-4c61-a3bb-d6659d4a8783,2026-07-07 19:35:10,2026-07-07 19:24:41,2026-07-07 19:35:10,2026-07-07 19:25:00,eth-updown-5m-1783452300,Up,0.51000000,6.00930000,11.78294118,11.78294118,5.77364118,271.02840893
842,5762d15f-8e2f-4040-872b-04c66f927d4d,2026-07-07 19:38:37,2026-07-07 19:29:36,2026-07-07 19:38:37,2026-07-07 19:30:00,eth-updown-5m-1783452600,Up,0.51000000,6.00930000,11.78294118,11.78294118,5.77364118,276.80205011
843,031a5a13-a645-492a-9f13-011a6fddeceb,2026-07-07 19:44:06,2026-07-07 19:34:31,2026-07-07 19:44:06,2026-07-07 19:35:00,eth-updown-5m-1783452900,Up,0.49580047,6.00930002,12.12040000,12.12040000,6.11109998,282.91315009
844,b9b6772c-763b-425d-95ca-3e12cf4f2ba0,2026-07-07 19:49:00,2026-07-07 19:39:30,2026-07-07 19:49:00,2026-07-07 19:40:00,eth-updown-5m-1783453200,Up,0.50000000,6.00930000,12.01860000,0.00000000,-6.00930000,276.90385009
845,a052b159-a4db-44b6-a84e-fbb03c12accc,2026-07-07 19:55:03,2026-07-07 19:44:32,2026-07-07 19:55:03,2026-07-07 19:45:00,eth-updown-5m-1783453500,Up,0.49357303,6.00930003,12.17509804,12.17509804,6.16579801,283.06964810
846,5d194dc2-d63d-4481-87e1-fa094db05c17,2026-07-07 19:58:13,2026-07-07 19:49:30,2026-07-07 19:58:13,2026-07-07 19:50:00,eth-updown-5m-1783453800,Up,0.49000000,6.00930000,12.26387755,0.00000000,-6.00930000,277.06034810
847,4c516683-55d1-4e96-85d4-2a7ed16ed82f,2026-07-07 20:04:22,2026-07-07 19:54:30,2026-07-07 20:04:22,2026-07-07 19:55:00,eth-updown-5m-1783454100,Up,0.49000000,6.00930000,12.26387755,12.26387755,6.25457755,283.31492565
848,aeba9b87-5333-4078-9af2-c50e42091e67,2026-07-07 20:10:14,2026-07-07 19:59:30,2026-07-07 20:10:14,2026-07-07 20:00:00,eth-updown-5m-1783454400,Up,0.50954212,6.00929998,11.79352941,11.79352941,5.78422943,289.09915508
849,523a20f8-0c2a-46e0-88ab-c6651f9c6ee3,2026-07-07 20:14:34,2026-07-07 20:04:30,2026-07-07 20:14:34,2026-07-07 20:05:00,eth-updown-5m-1783454700,Up,0.49000000,6.00930000,12.26387755,0.00000000,-6.00930000,283.08985508
850,45c0b054-f043-4891-8ff3-8300137490ad,2026-07-07 20:17:25,2026-07-07 20:09:31,2026-07-07 20:17:25,2026-07-07 20:10:00,eth-updown-5m-1783455000,Up,0.52000000,6.00930000,11.55634615,11.55634615,5.54704615,288.63690123
851,f533a84c-ece2-4c04-8ab1-3511234f6c63,2026-07-07 20:30:06,2026-07-07 20:19:31,2026-07-07 20:30:06,2026-07-07 20:20:00,eth-updown-5m-1783455600,Up,0.51000000,6.00930000,11.78294118,11.78294118,5.77364118,294.41054241
852,07d511b7-2444-4ebd-8081-e614fdeaa15c,2026-07-07 20:37:59,2026-07-07 20:29:30,2026-07-07 20:37:59,2026-07-07 20:30:00,eth-updown-5m-1783456200,Up,0.51000000,6.00930000,11.78294118,0.00000000,-6.00930000,288.40124241
853,8f84278c-fcc7-4388-b66e-58202dde1ee5,2026-07-07 20:45:21,2026-07-07 20:34:30,2026-07-07 20:45:21,2026-07-07 20:35:00,eth-updown-5m-1783456500,Up,0.54000000,6.00930000,11.12833333,0.00000000,-6.00930000,282.39194241
854,e0a49f51-a929-40db-9f2c-5618cc14edb2,2026-07-07 20:50:27,2026-07-07 20:39:30,2026-07-07 20:50:27,2026-07-07 20:40:00,eth-updown-5m-1783456800,Up,0.52000000,6.00930000,11.55634615,0.00000000,-6.00930000,276.38264241
855,f88713d2-f7ba-4afd-9586-31de77d646ee,2026-07-07 20:55:11,2026-07-07 20:44:33,2026-07-07 20:55:11,2026-07-07 20:45:00,eth-updown-5m-1783457100,Up,0.53018037,6.00929995,11.33444444,0.00000000,-6.00929995,270.37334246
856,9f1c1a5e-94b3-409e-a32c-0666e8a58251,2026-07-07 20:58:02,2026-07-07 20:49:39,2026-07-07 20:58:02,2026-07-07 20:50:00,eth-updown-5m-1783457400,Up,0.55000000,6.00930000,10.92600000,0.00000000,-6.00930000,264.36404246
857,5fabc792-c7c5-46bd-9004-3d34256f5290,2026-07-07 21:03:50,2026-07-07 20:54:30,2026-07-07 21:03:50,2026-07-07 20:55:00,eth-updown-5m-1783457700,Up,0.54000000,6.00930000,11.12833333,11.12833333,5.11903333,269.48307579
858,55b1d30f-dd80-406c-a687-798621712a06,2026-07-07 21:08:55,2026-07-07 20:59:30,2026-07-07 21:08:55,2026-07-07 21:00:00,eth-updown-5m-1783458000,Up,0.53000000,6.00930000,11.33830189,11.33830189,5.32900189,274.81207768
859,c7cbfd6e-01dd-476b-86dd-acb5c122208c,2026-07-07 21:15:10,2026-07-07 21:04:30,2026-07-07 21:15:10,2026-07-07 21:05:00,eth-updown-5m-1783458300,Up,0.51000000,6.00930000,11.78294118,0.00000000,-6.00930000,268.80277768
860,0b78b29f-972f-4141-9f1c-0ae19ddbfc5f,2026-07-07 21:17:17,2026-07-07 21:09:30,2026-07-07 21:17:17,2026-07-07 21:10:00,eth-updown-5m-1783458600,Up,0.50000000,6.00930000,12.01860000,0.00000000,-6.00930000,262.79347768
861,74f8ff8b-7ce1-4ca0-ba57-e45f98f1208c,2026-07-07 21:25:08,2026-07-07 21:14:30,2026-07-07 21:25:08,2026-07-07 21:15:00,eth-updown-5m-1783458900,Up,0.51000000,6.00930000,11.78294118,0.00000000,-6.00930000,256.78417768
862,3007444b-1b47-4371-b04d-cbdaf6ed3bfa,2026-07-07 21:30:03,2026-07-07 21:19:38,2026-07-07 21:30:03,2026-07-07 21:20:00,eth-updown-5m-1783459200,Up,0.54000000,6.00930000,11.12833333,0.00000000,-6.00930000,250.77487768
863,58839f19-64c7-495d-bdbe-74f7af8bee11,2026-07-07 21:32:34,2026-07-07 21:24:42,2026-07-07 21:32:34,2026-07-07 21:25:00,eth-updown-5m-1783459500,Up,0.54000000,6.00930000,11.12833333,11.12833333,5.11903333,255.89391101
864,ef3d6a31-e337-425a-b267-0528296be811,2026-07-07 21:37:51,2026-07-07 21:29:39,2026-07-07 21:37:51,2026-07-07 21:30:00,eth-updown-5m-1783459800,Up,0.52000000,6.00930000,11.55634615,0.00000000,-6.00930000,249.88461101
865,f7ad2efb-a1f7-453e-9f29-421ba448104f,2026-07-07 21:41:55,2026-07-07 21:34:38,2026-07-07 21:41:55,2026-07-07 21:35:00,eth-updown-5m-1783460100,Up,0.52000000,6.00930000,11.55634615,0.00000000,-6.00930000,243.87531101
866,b676d0f7-cd19-4eb0-9393-7d9b2be2a0dd,2026-07-07 21:49:48,2026-07-07 21:39:41,2026-07-07 21:49:48,2026-07-07 21:40:00,eth-updown-5m-1783460400,Up,0.54958845,6.00930004,10.93418182,10.93418182,4.92488178,248.80019279
867,e26472d7-0f52-4cdc-bc87-3caa885d8ca0,2026-07-07 21:53:02,2026-07-07 21:44:40,2026-07-07 21:53:02,2026-07-07 21:45:00,eth-updown-5m-1783460700,Up,0.53875382,6.00930001,11.15407407,11.15407407,5.14477406,253.94496685
868,2aae795a-5275-44c3-894d-1e2febc72eea,2026-07-07 21:59:43,2026-07-07 21:49:31,2026-07-07 21:59:43,2026-07-07 21:50:00,eth-updown-5m-1783461000,Up,0.51000000,6.00930000,11.78294118,0.00000000,-6.00930000,247.93566685
869,fe7ccf09-7d34-45d4-b684-63212e3a804c,2026-07-07 22:04:52,2026-07-07 21:54:40,2026-07-07 22:04:52,2026-07-07 21:55:00,eth-updown-5m-1783461300,Up,0.53000000,6.00930000,11.33830189,11.33830189,5.32900189,253.26466874
870,8baa8556-dd7a-4c13-b80e-b7f8b09bff0e,2026-07-07 22:09:53,2026-07-07 21:59:41,2026-07-07 22:09:53,2026-07-07 22:00:00,eth-updown-5m-1783461600,Up,0.53706857,6.00930001,11.18907407,0.00000000,-6.00930001,247.25536873
871,52ac717b-c7f9-4ac8-b7be-0af08a025f9e,2026-07-07 22:14:54,2026-07-07 22:04:39,2026-07-07 22:14:54,2026-07-07 22:05:00,eth-updown-5m-1783461900,Up,0.53000000,6.00930000,11.33830189,11.33830189,5.32900189,252.58437062
872,f106cb1f-51d7-43a9-bfd2-bbe3ea63af70,2026-07-07 22:18:32,2026-07-07 22:09:38,2026-07-07 22:18:32,2026-07-07 22:10:00,eth-updown-5m-1783462200,Up,0.51000000,6.00930000,11.78294118,11.78294118,5.77364118,258.35801180
873,f2bf4f95-5291-4fb4-8019-4c7e67881c91,2026-07-07 22:22:42,2026-07-07 22:14:37,2026-07-07 22:22:42,2026-07-07 22:15:00,eth-updown-5m-1783462500,Up,0.49000000,6.00930000,12.26387755,12.26387755,6.25457755,264.61258935
874,8c12efd5-55f4-4175-a12a-46a78ebe4fc1,2026-07-07 22:30:13,2026-07-07 22:19:30,2026-07-07 22:30:13,2026-07-07 22:20:00,eth-updown-5m-1783462800,Up,0.47000000,6.00930000,12.78574468,0.00000000,-6.00930000,258.60328935
875,97ee1cdf-1452-477e-9681-0e01d9ca4215,2026-07-07 22:34:48,2026-07-07 22:24:38,2026-07-07 22:34:48,2026-07-07 22:25:00,eth-updown-5m-1783463100,Up,0.52000000,6.00930000,11.55634615,11.55634615,5.54704615,264.15033550
876,d3574bbb-7cbd-4ff8-8bde-4b4955a41e01,2026-07-07 22:38:25,2026-07-07 22:29:39,2026-07-07 22:38:25,2026-07-07 22:30:00,eth-updown-5m-1783463400,Up,0.51570908,6.00930005,11.65250000,11.65250000,5.64319995,269.79353545
877,81d34391-cec3-4b05-93ea-e7a8e96a6aee,2026-07-07 22:43:17,2026-07-07 22:34:30,2026-07-07 22:43:17,2026-07-07 22:35:00,eth-updown-5m-1783463700,Up,0.49000000,6.00930000,12.26387755,12.26387755,6.25457755,276.04811300
878,18236c3e-fac6-4b92-b4c7-97a7d4dfa766,2026-07-07 22:47:17,2026-07-07 22:39:30,2026-07-07 22:47:17,2026-07-07 22:40:00,eth-updown-5m-1783464000,Up,0.45000000,6.00930000,13.35400000,0.00000000,-6.00930000,270.03881300
879,0fa8da7f-4043-4a73-a613-e990a0e6a4be,2026-07-07 22:53:40,2026-07-07 22:44:30,2026-07-07 22:53:40,2026-07-07 22:45:00,eth-updown-5m-1783464300,Up,0.51000000,6.00930000,11.78294118,0.00000000,-6.00930000,264.02951300
880,571a9771-ee1e-4fc6-8a02-320ec2278a4d,2026-07-07 23:00:21,2026-07-07 22:49:30,2026-07-07 23:00:21,2026-07-07 22:50:00,eth-updown-5m-1783464600,Up,0.51000000,6.00930000,11.78294118,11.78294118,5.77364118,269.80315418
881,e6016d3c-4cf5-4ae5-a28c-082c109a7a1a,2026-07-07 23:05:16,2026-07-07 22:54:30,2026-07-07 23:05:16,2026-07-07 22:55:00,eth-updown-5m-1783464900,Up,0.51000000,6.00930000,11.78294118,0.00000000,-6.00930000,263.79385418
882,c92ebf90-6e6f-417c-9c1a-b32ddcab7dad,2026-07-07 23:10:16,2026-07-07 22:59:30,2026-07-07 23:10:16,2026-07-07 23:00:00,eth-updown-5m-1783465200,Up,0.51000000,6.00930000,11.78294118,11.78294118,5.77364118,269.56749536
883,26cfdd3b-1112-49a4-8c72-fe17eacb40fc,2026-07-07 23:20:03,2026-07-07 23:09:30,2026-07-07 23:20:03,2026-07-07 23:10:00,eth-updown-5m-1783465800,Up,0.45000000,6.00930000,13.35400000,0.00000000,-6.00930000,263.55819536
884,3e9bd44f-9e6a-4cf7-b144-e13645b7ee2f,2026-07-07 23:25:17,2026-07-07 23:14:31,2026-07-07 23:25:17,2026-07-07 23:15:00,eth-updown-5m-1783466100,Up,0.50579159,6.00929996,11.88098039,11.88098039,5.87168043,269.42987579
885,22e9e3d0-fcc0-42df-8caf-bc6b302edc37,2026-07-07 23:30:02,2026-07-07 23:19:31,2026-07-07 23:30:02,2026-07-07 23:20:00,eth-updown-5m-1783466400,Up,0.48000000,6.00930000,12.51937500,0.00000000,-6.00930000,263.42057579
886,c9b4a4ca-207b-4320-b03d-8fc7db36ef10,2026-07-07 23:35:07,2026-07-07 23:24:30,2026-07-07 23:35:07,2026-07-07 23:25:00,eth-updown-5m-1783466700,Up,0.49013898,6.00929995,12.26040000,12.26040000,6.25110005,269.67167584
887,4cca33af-a1bf-40e3-bd3d-e9b833f80eeb,2026-07-07 23:40:02,2026-07-07 23:29:31,2026-07-07 23:40:02,2026-07-07 23:30:00,eth-updown-5m-1783467000,Up,0.50165207,6.00929998,11.97901961,0.00000000,-6.00929998,263.66237586
888,6121b202-faf0-4a20-8eba-02597373e373,2026-07-07 23:45:02,2026-07-07 23:34:30,2026-07-07 23:45:02,2026-07-07 23:35:00,eth-updown-5m-1783467300,Up,0.51000000,6.00930000,11.78294118,0.00000000,-6.00930000,257.65307586
889,913d836a-808f-4d34-9c80-10655f4f3651,2026-07-07 23:48:21,2026-07-07 23:39:30,2026-07-07 23:48:21,2026-07-07 23:40:00,eth-updown-5m-1783467600,Up,0.52000000,6.00930000,11.55634615,0.00000000,-6.00930000,251.64377586
890,e193d001-85a7-42a7-9de7-70f89162b687,2026-07-07 23:54:05,2026-07-07 23:44:30,2026-07-07 23:54:05,2026-07-07 23:45:00,eth-updown-5m-1783467900,Up,0.54992679,6.00930000,10.92745455,0.00000000,-6.00930000,245.63447586
891,a490afc6-6ee1-43bb-a03a-3387e684aec1,2026-07-08 00:00:09,2026-07-07 23:49:30,2026-07-08 00:00:09,2026-07-07 23:50:00,eth-updown-5m-1783468200,Up,0.55000000,6.00930000,10.92600000,0.00000000,-6.00930000,239.62517586
892,9ef630b2-5dd6-4585-82a4-7dcf1f48e1e1,2026-07-08 00:03:12,2026-07-07 23:54:30,2026-07-08 00:03:12,2026-07-07 23:55:00,eth-updown-5m-1783468500,Up,0.56000000,6.00930000,10.73089286,10.73089286,4.72159286,244.34676872
893,7d8c29bb-3cd3-4e8b-8136-de87727f2475,2026-07-08 00:10:11,2026-07-07 23:59:30,2026-07-08 00:10:11,2026-07-08 00:00:00,eth-updown-5m-1783468800,Up,0.57000000,6.00930000,10.54263158,10.54263158,4.53333158,248.88010030
894,c3cfd465-39e3-4602-bd6e-127594b20d61,2026-07-08 00:12:18,2026-07-08 00:04:31,2026-07-08 00:12:18,2026-07-08 00:05:00,eth-updown-5m-1783469100,Up,0.54000000,6.00930000,11.12833333,11.12833333,5.11903333,253.99913363
895,309d1361-6ddd-4ca2-92f7-7cf73ace2fe7,2026-07-08 00:20:25,2026-07-08 00:09:38,2026-07-08 00:20:25,2026-07-08 00:10:00,eth-updown-5m-1783469400,Up,0.51000000,6.00930000,11.78294118,0.00000000,-6.00930000,247.98983363
896,f4c2f294-b64b-4b08-afe1-6acdfdae3bcd,2026-07-08 00:24:57,2026-07-08 00:14:31,2026-07-08 00:24:57,2026-07-08 00:15:00,eth-updown-5m-1783469700,Up,0.51000000,6.00930000,11.78294118,11.78294118,5.77364118,253.76347481
897,5dc1524c-d633-4cba-8dea-52bd15ba78f9,2026-07-08 00:26:33,2026-07-08 00:19:39,2026-07-08 00:26:33,2026-07-08 00:20:00,eth-updown-5m-1783470000,Up,0.51000000,6.00930000,11.78294118,11.78294118,5.77364118,259.53711599
898,ea51ba35-776c-45de-bdc7-fa2a0ef5032f,2026-07-08 00:35:13,2026-07-08 00:24:30,2026-07-08 00:35:13,2026-07-08 00:25:00,eth-updown-5m-1783470300,Up,0.47000000,6.00930000,12.78574468,12.78574468,6.77644468,266.31356067
899,4a8716b9-1431-4743-9afe-b05f8b942943,2026-07-08 00:40:03,2026-07-08 00:29:31,2026-07-08 00:40:03,2026-07-08 00:30:00,eth-updown-5m-1783470600,Up,0.49174331,6.00929995,12.22040000,0.00000000,-6.00929995,260.30426072
900,75b792b6-eefc-49bb-a514-d42bef14a4e7,2026-07-08 00:45:03,2026-07-08 00:34:38,2026-07-08 00:45:03,2026-07-08 00:35:00,eth-updown-5m-1783470900,Up,0.51000000,6.00930000,11.78294118,11.78294118,5.77364118,266.07790190
901,b16721f6-43ff-4fa4-9eb1-cc31693e0870,2026-07-08 00:47:18,2026-07-08 00:39:30,2026-07-08 00:47:18,2026-07-08 00:40:00,eth-updown-5m-1783471200,Up,0.48000000,6.00930000,12.51937500,12.51937500,6.51007500,272.58797690
902,1522ec33-42c0-496a-8624-47b98353572a,2026-07-08 00:51:56,2026-07-08 00:44:30,2026-07-08 00:51:56,2026-07-08 00:45:00,eth-updown-5m-1783471500,Up,0.48110532,6.00930000,12.49061224,0.00000000,-6.00930000,266.57867690
903,197482ca-e8fb-4366-8215-cf8473cee71f,2026-07-08 00:57:26,2026-07-08 00:49:38,2026-07-08 00:57:26,2026-07-08 00:50:00,eth-updown-5m-1783471800,Up,0.49357303,6.00930003,12.17509804,0.00000000,-6.00930003,260.56937687
904,a0a1f719-d8b7-4fd8-bd1a-eb35fbb634ad,2026-07-08 01:05:13,2026-07-08 00:54:38,2026-07-08 01:05:13,2026-07-08 00:55:00,eth-updown-5m-1783472100,Up,0.51000000,6.00930000,11.78294118,0.00000000,-6.00930000,254.56007687
905,9e2b47f7-4019-4dcc-888c-8ce490947569,2026-07-08 01:07:51,2026-07-08 00:59:38,2026-07-08 01:07:51,2026-07-08 01:00:00,eth-updown-5m-1783472400,Up,0.51000000,6.00930000,11.78294118,0.00000000,-6.00930000,248.55077687
906,a6b3fb73-0271-4c3f-8070-5c1bf5e42960,2026-07-08 01:15:36,2026-07-08 01:04:38,2026-07-08 01:15:36,2026-07-08 01:05:00,eth-updown-5m-1783472700,Up,0.51000000,6.00930000,11.78294118,0.00000000,-6.00930000,242.54147687
907,154ec818-8f8a-4ffb-9400-af7fa34e2a98,2026-07-08 01:17:06,2026-07-08 01:09:37,2026-07-08 01:17:06,2026-07-08 01:10:00,eth-updown-5m-1783473000,Up,0.53000000,6.00930000,11.33830189,11.33830189,5.32900189,247.87047876
908,7869e8c2-c2cf-4b04-81b1-17dee47d2d0b,2026-07-08 01:23:10,2026-07-08 01:14:38,2026-07-08 01:23:10,2026-07-08 01:15:00,eth-updown-5m-1783473300,Up,0.51000000,6.00930000,11.78294118,0.00000000,-6.00930000,241.86117876
909,7bdd8ac5-f224-4189-9e24-3a842958dca7,2026-07-08 01:30:16,2026-07-08 01:19:30,2026-07-08 01:30:16,2026-07-08 01:20:00,eth-updown-5m-1783473600,Up,0.51000000,6.00930000,11.78294118,0.00000000,-6.00930000,235.85187876
910,5df92292-31a8-4087-bd73-2442420e2c8e,2026-07-08 01:35:13,2026-07-08 01:24:38,2026-07-08 01:35:13,2026-07-08 01:25:00,eth-updown-5m-1783473900,Up,0.52000000,6.00930000,11.55634615,0.00000000,-6.00930000,229.84257876
911,38639a6f-8ac9-4c71-87d0-553d184164ac,2026-07-08 01:40:08,2026-07-08 01:29:39,2026-07-08 01:40:08,2026-07-08 01:30:00,eth-updown-5m-1783474200,Up,0.55000000,6.00930000,10.92600000,0.00000000,-6.00930000,223.83327876
912,63681b41-4e71-4858-b63c-6e3604ef8244,2026-07-08 01:45:25,2026-07-08 01:34:38,2026-07-08 01:45:25,2026-07-08 01:35:00,eth-updown-5m-1783474500,Up,0.56000000,6.00930000,10.73089286,0.00000000,-6.00930000,217.82397876
913,a8dabd0c-7043-429a-8d83-105f9865e136,2026-07-08 01:50:01,2026-07-08 01:39:39,2026-07-08 01:50:01,2026-07-08 01:40:00,eth-updown-5m-1783474800,Up,0.55537900,6.00929995,10.82017857,10.82017857,4.81087862,222.63485738
914,d34154d1-42cf-44b7-9d7b-202c8b3dd5ba,2026-07-08 01:54:58,2026-07-08 01:44:42,2026-07-08 01:54:58,2026-07-08 01:45:00,eth-updown-5m-1783475100,Up,0.53000000,6.00930000,11.33830189,11.33830189,5.32900189,227.96385927
915,57a4f9eb-3048-453f-bfb7-ef15ad43130c,2026-07-08 02:00:00,2026-07-08 01:49:42,2026-07-08 02:00:00,2026-07-08 01:50:00,eth-updown-5m-1783475400,Up,0.53000000,6.00930000,11.33830189,0.00000000,-6.00930000,221.95455927
916,cc746dd3-d421-4ed1-873c-1fc7cd4458bd,2026-07-08 02:04:52,2026-07-08 01:54:40,2026-07-08 02:04:52,2026-07-08 01:55:00,eth-updown-5m-1783475700,Up,0.53000000,6.00930000,11.33830189,0.00000000,-6.00930000,215.94525927
917,d32571f9-2686-48e7-a8b4-23ed02b56974,2026-07-08 02:09:53,2026-07-08 01:59:30,2026-07-08 02:09:53,2026-07-08 02:00:00,eth-updown-5m-1783476000,Up,0.52000000,6.00930000,11.55634615,0.00000000,-6.00930000,209.93595927
918,2bc3fe4a-21b0-4f5f-b548-b1b782e06ac8,2026-07-08 02:14:54,2026-07-08 02:04:39,2026-07-08 02:14:54,2026-07-08 02:05:00,eth-updown-5m-1783476300,Up,0.55000000,6.00930000,10.92600000,0.00000000,-6.00930000,203.92665927
919,7020a1d1-e028-409b-84de-a41fe38bdce2,2026-07-08 02:19:41,2026-07-08 02:09:41,2026-07-08 02:19:41,2026-07-08 02:10:00,eth-updown-5m-1783476600,Up,0.55000000,6.00930000,10.92600000,10.92600000,4.91670000,208.84335927
920,e7915c68-3a64-4a82-85fc-f38c023d5995,2026-07-08 02:24:49,2026-07-08 02:14:41,2026-07-08 02:24:49,2026-07-08 02:15:00,eth-updown-5m-1783476900,Up,0.54546152,6.00929998,11.01690909,11.01690909,5.00760911,213.85096838
921,d33f65fb-d88d-46eb-b87b-75d56378f2ae,2026-07-08 02:29:44,2026-07-08 02:19:39,2026-07-08 02:29:44,2026-07-08 02:20:00,eth-updown-5m-1783477200,Up,0.52000000,6.00930000,11.55634615,0.00000000,-6.00930000,207.84166838
922,ff1b6bdc-12d1-4042-a44c-a268bb7656e9,2026-07-08 02:34:42,2026-07-08 02:24:39,2026-07-08 02:34:42,2026-07-08 02:25:00,eth-updown-5m-1783477500,Up,0.53000000,6.00930000,11.33830189,0.00000000,-6.00930000,201.83236838
923,f68eec6f-a60f-4150-a60f-af0e26574ed7,2026-07-08 02:39:54,2026-07-08 02:29:41,2026-07-08 02:39:54,2026-07-08 02:30:00,eth-updown-5m-1783477800,Up,0.52000000,6.00930000,11.55634615,0.00000000,-6.00930000,195.82306838
924,9c939501-8065-4db7-9252-a5d0dba67124,2026-07-08 02:44:47,2026-07-08 02:34:41,2026-07-08 02:44:47,2026-07-08 02:35:00,eth-updown-5m-1783478100,Up,0.54000000,6.00930000,11.12833333,11.12833333,5.11903333,200.94210171
925,b5d9b821-53a4-427e-a99f-f1df70891186,2026-07-08 02:48:05,2026-07-08 02:39:41,2026-07-08 02:48:05,2026-07-08 02:40:00,eth-updown-5m-1783478400,Up,0.53000000,6.00930000,11.33830189,11.33830189,5.32900189,206.27110360
926,a8223155-18ec-40f9-90e9-6faad54b4b1f,2026-07-08 02:53:02,2026-07-08 02:44:39,2026-07-08 02:53:02,2026-07-08 02:45:00,eth-updown-5m-1783478700,Up,0.51000000,6.00930000,11.78294118,11.78294118,5.77364118,212.04474478
927,fd3ca13f-50fb-45fe-93c0-114ad5fc9daf,2026-07-08 02:59:53,2026-07-08 02:49:40,2026-07-08 02:59:53,2026-07-08 02:50:00,eth-updown-5m-1783479000,Up,0.49000000,6.00930000,12.26387755,0.00000000,-6.00930000,206.03544478
928,466d9b98-f76a-4d7a-9e85-c932061b0f66,2026-07-08 03:04:45,2026-07-08 02:54:43,2026-07-08 03:04:45,2026-07-08 02:55:00,eth-updown-5m-1783479300,Up,0.51000000,6.00930000,11.78294118,11.78294118,5.77364118,211.80908596
929,fbfe7983-2295-496b-8e24-45c42b259920,2026-07-08 03:09:46,2026-07-08 02:59:41,2026-07-08 03:09:46,2026-07-08 03:00:00,eth-updown-5m-1783479600,Up,0.51000000,6.00930000,11.78294118,11.78294118,5.77364118,217.58272714
930,30f3847b-b48f-4287-80e2-7d491a64a19d,2026-07-08 03:14:43,2026-07-08 03:04:42,2026-07-08 03:14:43,2026-07-08 03:05:00,eth-updown-5m-1783479900,Up,0.49000000,6.00930000,12.26387755,0.00000000,-6.00930000,211.57342714
931,93660db7-ab5f-479a-9e69-a3a2c61b5916,2026-07-08 03:19:52,2026-07-08 03:09:39,2026-07-08 03:19:52,2026-07-08 03:10:00,eth-updown-5m-1783480200,Up,0.51000000,6.00930000,11.78294118,11.78294118,5.77364118,217.34706832
932,b097040d-c99b-4854-8396-b18444b6ab01,2026-07-08 03:24:57,2026-07-08 03:14:41,2026-07-08 03:24:57,2026-07-08 03:15:00,eth-updown-5m-1783480500,Up,0.48000000,6.00930000,12.51937500,0.00000000,-6.00930000,211.33776832
933,0cbd6f63-c894-47d8-9374-510871c2e8ec,2026-07-08 03:30:05,2026-07-08 03:19:41,2026-07-08 03:30:05,2026-07-08 03:20:00,eth-updown-5m-1783480800,Up,0.51000000,6.00930000,11.78294118,11.78294118,5.77364118,217.11140950
934,a9aa8bc3-b0dc-449e-aff6-8ed23f5bfbb7,2026-07-08 03:34:54,2026-07-08 03:24:42,2026-07-08 03:34:54,2026-07-08 03:25:00,eth-updown-5m-1783481100,Up,0.51000000,6.00930000,11.78294118,11.78294118,5.77364118,222.88505068
935,f0d1d401-7aa8-4634-881c-4afd3c353ddd,2026-07-08 03:39:44,2026-07-08 03:29:39,2026-07-08 03:39:44,2026-07-08 03:30:00,eth-updown-5m-1783481400,Up,0.49000000,6.00930000,12.26387755,0.00000000,-6.00930000,216.87575068
936,0a68b927-77bd-4cd3-868b-b9eb342d4e57,2026-07-08 03:44:45,2026-07-08 03:34:41,2026-07-08 03:44:45,2026-07-08 03:35:00,eth-updown-5m-1783481700,Up,0.52000000,6.00930000,11.55634615,11.55634615,5.54704615,222.42279683
937,9fad648c-19dc-4b93-ab02-3a2889a73e4b,2026-07-08 03:49:42,2026-07-08 03:39:42,2026-07-08 03:49:42,2026-07-08 03:40:00,eth-updown-5m-1783482000,Up,0.51000000,6.00930000,11.78294118,0.00000000,-6.00930000,216.41349683
938,18afdd2c-0501-4306-90c9-1939ccab52f7,2026-07-08 03:54:48,2026-07-08 03:44:40,2026-07-08 03:54:48,2026-07-08 03:45:00,eth-updown-5m-1783482300,Up,0.52000000,6.00930000,11.55634615,0.00000000,-6.00930000,210.40419683
939,7dd539e5-929a-4faa-a120-6d32dcd9ba31,2026-07-08 03:59:39,2026-07-08 03:49:41,2026-07-08 03:59:39,2026-07-08 03:50:00,eth-updown-5m-1783482600,Up,0.54000000,6.00930000,11.12833333,0.00000000,-6.00930000,204.39489683
940,4d8c5a28-9602-4e12-8b2e-67f1a88d86cf,2026-07-08 04:03:21,2026-07-08 03:54:32,2026-07-08 04:03:21,2026-07-08 03:55:00,eth-updown-5m-1783482900,Up,0.55537900,6.00929995,10.82017857,10.82017857,4.81087862,209.20577545
941,7535662e-ca92-4817-aa93-c288d33dc7db,2026-07-08 04:08:23,2026-07-08 03:59:33,2026-07-08 04:08:23,2026-07-08 04:00:00,eth-updown-5m-1783483200,Up,0.54903627,6.00930002,10.94517857,10.94517857,4.93587855,214.14165400
942,fa09f70d-5e3c-45bc-a09b-44aa08b71521,2026-07-08 04:15:13,2026-07-08 04:04:34,2026-07-08 04:15:13,2026-07-08 04:05:00,eth-updown-5m-1783483500,Up,0.51000000,6.00930000,11.78294118,11.78294118,5.77364118,219.91529518
943,fd07d644-8f71-423b-b489-aaa895b7f51e,2026-07-08 04:17:13,2026-07-08 04:09:33,2026-07-08 04:17:13,2026-07-08 04:10:00,eth-updown-5m-1783483800,Up,0.52000000,6.00930000,11.55634615,0.00000000,-6.00930000,213.90599518
944,d55910a0-820a-4b43-991d-9b937d7e1191,2026-07-08 04:22:52,2026-07-08 04:14:33,2026-07-08 04:22:52,2026-07-08 04:15:00,eth-updown-5m-1783484100,Up,0.51756261,6.00930003,11.61076923,11.61076923,5.60146920,219.50746438
945,71b9de82-a536-4368-bea0-565cb5ebe7b2,2026-07-08 04:29:26,2026-07-08 04:19:33,2026-07-08 04:29:26,2026-07-08 04:20:00,eth-updown-5m-1783484400,Up,0.51000000,6.00930000,11.78294118,11.78294118,5.77364118,225.28110556
946,04f5d0fd-5207-4d59-a8ce-7fac47eda3c2,2026-07-08 04:35:22,2026-07-08 04:24:32,2026-07-08 04:35:22,2026-07-08 04:25:00,eth-updown-5m-1783484700,Up,0.51000000,6.00930000,11.78294118,0.00000000,-6.00930000,219.27180556
947,8eece705-0ce5-4d63-91e8-7183405543b8,2026-07-08 04:39:46,2026-07-08 04:29:40,2026-07-08 04:39:46,2026-07-08 04:30:00,eth-updown-5m-1783485000,Up,0.49802755,6.00930002,12.06620000,0.00000000,-6.00930002,213.26250554
948,096e4181-c240-4c87-89f5-058127bb68db,2026-07-08 04:45:07,2026-07-08 04:34:32,2026-07-08 04:45:07,2026-07-08 04:35:00,eth-updown-5m-1783485300,Up,0.51140468,6.00930003,11.75057692,0.00000000,-6.00930003,207.25320551
949,428c27eb-766f-45f6-a4d9-785b23912d23,2026-07-08 04:49:39,2026-07-08 04:39:37,2026-07-08 04:49:39,2026-07-08 04:40:00,eth-updown-5m-1783485600,Up,0.53000000,6.00930000,11.33830189,11.33830189,5.32900189,212.58220740
950,08810761-857b-40c6-83eb-df1c45041400,2026-07-08 04:55:01,2026-07-08 04:44:38,2026-07-08 04:55:01,2026-07-08 04:45:00,eth-updown-5m-1783485900,Up,0.52000000,6.00930000,11.55634615,0.00000000,-6.00930000,206.57290740
951,f934c8d2-16ee-47b0-86b8-092dd3068073,2026-07-08 04:59:19,2026-07-08 04:49:33,2026-07-08 04:59:19,2026-07-08 04:50:00,eth-updown-5m-1783486200,Up,0.51000000,6.00930000,11.78294118,11.78294118,5.77364118,212.34654858
952,f35bad5c-71c4-47a3-9392-b04680104598,2026-07-08 05:05:33,2026-07-08 04:54:33,2026-07-08 05:05:33,2026-07-08 04:55:00,eth-updown-5m-1783486500,Up,0.51000000,6.00930000,11.78294118,11.78294118,5.77364118,218.12018976
953,a73cb11e-d5c8-4c36-95c1-40fad75c41bc,2026-07-08 05:08:20,2026-07-08 04:59:32,2026-07-08 05:08:20,2026-07-08 05:00:00,eth-updown-5m-1783486800,Up,0.50000000,6.00930000,12.01860000,12.01860000,6.00930000,224.12948976
954,69506ab0-165d-45e4-b01c-f6e9af89e996,2026-07-08 05:15:19,2026-07-08 05:04:32,2026-07-08 05:15:19,2026-07-08 05:05:00,eth-updown-5m-1783487100,Up,0.49000000,6.00930000,12.26387755,12.26387755,6.25457755,230.38406731
955,ff005bca-7e0b-4973-9393-dc36120e4747,2026-07-08 05:20:22,2026-07-08 05:09:30,2026-07-08 05:20:22,2026-07-08 05:10:00,eth-updown-5m-1783487400,Up,0.50000000,6.00930000,12.01860000,0.00000000,-6.00930000,224.37476731
956,40f32d6b-9f5f-48ec-aab1-695b3da64b67,2026-07-08 05:23:08,2026-07-08 05:14:30,2026-07-08 05:23:08,2026-07-08 05:15:00,eth-updown-5m-1783487700,Up,0.50017838,6.00929998,12.01431373,12.01431373,6.00501375,230.37978106
957,842d374d-a635-4c5b-90ee-2ad1b678b4de,2026-07-08 05:29:39,2026-07-08 05:19:38,2026-07-08 05:29:39,2026-07-08 05:20:00,eth-updown-5m-1783488000,Up,0.51000000,6.00930000,11.78294118,0.00000000,-6.00930000,224.37048106
958,a63e7856-b2b9-4b7f-be82-f44eb0e2d0fd,2026-07-08 05:34:40,2026-07-08 05:24:38,2026-07-08 05:34:40,2026-07-08 05:25:00,eth-updown-5m-1783488300,Up,0.51000000,6.00930000,11.78294118,11.78294118,5.77364118,230.14412224
959,96e4380f-5a2a-481a-abf4-7ac39c561c5c,2026-07-08 05:39:55,2026-07-08 05:29:39,2026-07-08 05:39:55,2026-07-08 05:30:00,eth-updown-5m-1783488600,Up,0.51667262,6.00930001,11.63076923,0.00000000,-6.00930001,224.13482223
960,f24cf263-5944-48e7-9850-247b53e3fed9,2026-07-08 05:44:48,2026-07-08 05:34:40,2026-07-08 05:44:48,2026-07-08 05:35:00,eth-updown-5m-1783488900,Up,0.52988537,6.00930001,11.34075472,0.00000000,-6.00930001,218.12552222
961,4c3c838e-3c2e-49fb-9408-303e17cb5ec7,2026-07-08 05:49:54,2026-07-08 05:39:38,2026-07-08 05:49:54,2026-07-08 05:40:00,eth-updown-5m-1783489200,Up,0.53000000,6.00930000,11.33830189,0.00000000,-6.00930000,212.11622222
962,ba9098f5-7946-4052-b581-d3c5bbf61d46,2026-07-08 05:54:52,2026-07-08 05:44:38,2026-07-08 05:54:52,2026-07-08 05:45:00,eth-updown-5m-1783489500,Up,0.53000000,6.00930000,11.33830189,0.00000000,-6.00930000,206.10692222
963,29fbd632-9824-4bfe-add3-a082cf0bf48c,2026-07-08 05:59:55,2026-07-08 05:49:38,2026-07-08 05:59:55,2026-07-08 05:50:00,eth-updown-5m-1783489800,Up,0.55000000,6.00930000,10.92600000,10.92600000,4.91670000,211.02362222
964,b1a373d7-0760-44d0-86b5-118e99ac1a49,2026-07-08 06:04:51,2026-07-08 05:54:37,2026-07-08 06:04:51,2026-07-08 05:55:00,eth-updown-5m-1783490100,Up,0.54000000,6.00930000,11.12833333,11.12833333,5.11903333,216.14265555
965,ef0dd7a4-205b-4163-a417-8bd286b94974,2026-07-08 06:09:53,2026-07-08 05:59:39,2026-07-08 06:09:53,2026-07-08 06:00:00,eth-updown-5m-1783490400,Up,0.52000000,6.00930000,11.55634615,0.00000000,-6.00930000,210.13335555
966,9dfa3583-dcfa-4c06-b78f-6497d65f307d,2026-07-08 06:14:51,2026-07-08 06:04:38,2026-07-08 06:14:51,2026-07-08 06:05:00,eth-updown-5m-1783490700,Up,0.51000000,6.00930000,11.78294118,11.78294118,5.77364118,215.90699673
967,3097e4bd-cba7-4917-a19a-3050567dfaa8,2026-07-08 06:19:40,2026-07-08 06:09:38,2026-07-08 06:19:40,2026-07-08 06:10:00,eth-updown-5m-1783491000,Up,0.51000000,6.00930000,11.78294118,0.00000000,-6.00930000,209.89769673
968,5e333aa9-6756-48ae-9753-1033b83a22f1,2026-07-08 06:24:52,2026-07-08 06:14:39,2026-07-08 06:24:52,2026-07-08 06:15:00,eth-updown-5m-1783491300,Up,0.53000000,6.00930000,11.33830189,0.00000000,-6.00930000,203.88839673
969,40fe89a5-d8f4-49ad-954b-2ae685ebd281,2026-07-08 06:29:59,2026-07-08 06:19:39,2026-07-08 06:29:59,2026-07-08 06:20:00,eth-updown-5m-1783491600,Up,0.53000000,6.00930000,11.33830189,11.33830189,5.32900189,209.21739862
970,aa22522d-5a94-44f5-aa6c-395fc6a8c2ee,2026-07-08 06:34:53,2026-07-08 06:24:36,2026-07-08 06:34:53,2026-07-08 06:25:00,eth-updown-5m-1783491900,Up,0.53000000,6.00930000,11.33830189,0.00000000,-6.00930000,203.20809862
971,11f04a3e-86ee-43de-a5dc-1b5d18d1ca25,2026-07-08 06:39:44,2026-07-08 06:29:38,2026-07-08 06:39:44,2026-07-08 06:30:00,eth-updown-5m-1783492200,Up,0.52000000,6.00930000,11.55634615,0.00000000,-6.00930000,197.19879862
972,82364496-8be0-4242-87f7-a143a9d8b34c,2026-07-08 06:43:14,2026-07-08 06:34:31,2026-07-08 06:43:14,2026-07-08 06:35:00,eth-updown-5m-1783492500,Up,0.51000000,6.00930000,11.78294118,0.00000000,-6.00930000,191.18949862
973,881a02e7-ac0a-45f6-8ce9-57efda23b27d,2026-07-08 06:49:24,2026-07-08 06:39:30,2026-07-08 06:49:24,2026-07-08 06:40:00,eth-updown-5m-1783492800,Up,0.56000000,6.00930000,10.73089286,10.73089286,4.72159286,195.91109148
974,72c3971d-159c-47d1-85ad-1f72ab45a568,2026-07-08 06:55:19,2026-07-08 06:44:30,2026-07-08 06:55:19,2026-07-08 06:45:00,eth-updown-5m-1783493100,Up,0.52132470,6.00929998,11.52698113,11.52698113,5.51768115,201.42877263
975,dcdae801-9e43-4376-a200-594c4e5d9af4,2026-07-08 07:00:03,2026-07-08 06:49:30,2026-07-08 07:00:03,2026-07-08 06:50:00,eth-updown-5m-1783493400,Up,0.51000000,6.00930000,11.78294118,11.78294118,5.77364118,207.20241381
976,e88e5b54-4898-4ecb-acf7-a02f0522c939,2026-07-08 07:04:54,2026-07-08 06:54:30,2026-07-08 07:04:54,2026-07-08 06:55:00,eth-updown-5m-1783493700,Up,0.49000000,6.00930000,12.26387755,0.00000000,-6.00930000,201.19311381
977,82ad80e9-d439-4ef1-b6ee-db69ad3aa625,2026-07-08 07:10:02,2026-07-08 06:59:30,2026-07-08 07:10:02,2026-07-08 07:00:00,eth-updown-5m-1783494000,Up,0.50165207,6.00929998,11.97901961,0.00000000,-6.00929998,195.18381383
978,30b1f60e-d829-4b08-a49f-8dd08c3f6177,2026-07-08 07:14:16,2026-07-08 07:04:30,2026-07-08 07:14:16,2026-07-08 07:05:00,eth-updown-5m-1783494300,Up,0.53000000,6.00930000,11.33830189,11.33830189,5.32900189,200.51281572
979,d7644da8-2cb1-42b2-a89e-56a94e3ef468,2026-07-08 07:20:15,2026-07-08 07:09:30,2026-07-08 07:20:15,2026-07-08 07:10:00,eth-updown-5m-1783494600,Up,0.53000000,6.00930000,11.33830189,11.33830189,5.32900189,205.84181761
980,8ff267e9-5058-41ae-a9eb-8ecb649faded,2026-07-08 07:25:14,2026-07-08 07:14:30,2026-07-08 07:25:14,2026-07-08 07:15:00,eth-updown-5m-1783494900,Up,0.51000000,6.00930000,11.78294118,0.00000000,-6.00930000,199.83251761
981,ceb89cbc-b6e1-4280-ac6a-5b32b0c3dfbf,2026-07-08 07:27:05,2026-07-08 07:19:30,2026-07-08 07:27:05,2026-07-08 07:20:00,eth-updown-5m-1783495200,Up,0.51000000,6.00930000,11.78294118,11.78294118,5.77364118,205.60615879
982,263b3695-b1c2-4e0b-b290-72c0b43554a6,2026-07-08 07:32:41,2026-07-08 07:24:30,2026-07-08 07:32:41,2026-07-08 07:25:00,eth-updown-5m-1783495500,Up,0.51000000,6.00930000,11.78294118,11.78294118,5.77364118,211.37979997
983,7ef623db-9b0f-41dc-83f0-8aca8db84ee2,2026-07-08 07:40:05,2026-07-08 07:29:31,2026-07-08 07:40:05,2026-07-08 07:30:00,eth-updown-5m-1783495800,Up,0.50000000,6.00930000,12.01860000,12.01860000,6.00930000,217.38909997
984,85b41f9d-38d8-4f01-b322-a90845d1f8db,2026-07-08 07:42:22,2026-07-08 07:34:30,2026-07-08 07:42:22,2026-07-08 07:35:00,eth-updown-5m-1783496100,Up,0.46000000,6.00930000,13.06369565,0.00000000,-6.00930000,211.37979997
985,dce86833-9968-4869-927b-f52c2ec57621,2026-07-08 07:49:00,2026-07-08 07:39:30,2026-07-08 07:49:00,2026-07-08 07:40:00,eth-updown-5m-1783496400,Up,0.49000000,6.00930000,12.26387755,12.26387755,6.25457755,217.63437752
986,6612fa6a-b8d0-4a65-8dc5-91e929c2ff2d,2026-07-08 07:55:05,2026-07-08 07:44:30,2026-07-08 07:55:05,2026-07-08 07:45:00,eth-updown-5m-1783496700,Up,0.50000000,6.00930000,12.01860000,12.01860000,6.00930000,223.64367752
987,0e1b6e3e-eb87-4951-a1e5-aef422bf829e,2026-07-08 08:00:14,2026-07-08 07:49:30,2026-07-08 08:00:14,2026-07-08 07:50:00,eth-updown-5m-1783497000,Up,0.46230681,6.00929999,12.99851064,0.00000000,-6.00929999,217.63437753
988,05b8be05-3ea7-4667-ae04-285a29d2937b,2026-07-08 08:03:40,2026-07-08 07:54:30,2026-07-08 08:03:40,2026-07-08 07:55:00,eth-updown-5m-1783497300,Up,0.48000000,6.00930000,12.51937500,12.51937500,6.51007500,224.14445253
989,a16b1dfc-b713-4231-9d53-c267489279de,2026-07-08 08:08:14,2026-07-08 07:59:31,2026-07-08 08:08:14,2026-07-08 08:00:00,eth-updown-5m-1783497600,Up,0.50579159,6.00929996,11.88098039,0.00000000,-6.00929996,218.13515257
990,0c0d5117-9e83-4620-95b4-bb7fe8006977,2026-07-08 08:15:19,2026-07-08 08:04:30,2026-07-08 08:15:19,2026-07-08 08:05:00,eth-updown-5m-1783497900,Up,0.51000000,6.00930000,11.78294118,11.78294118,5.77364118,223.90879375
991,fc5c69f5-4367-4280-a682-f39699115601,2026-07-08 08:18:35,2026-07-08 08:09:30,2026-07-08 08:18:35,2026-07-08 08:10:00,eth-updown-5m-1783498200,Up,0.49181576,6.00930005,12.21860000,12.21860000,6.20929995,230.11809370
992,9466d397-91cc-4bda-bd7f-cc045dddc349,2026-07-08 08:25:15,2026-07-08 08:14:30,2026-07-08 08:25:15,2026-07-08 08:15:00,eth-updown-5m-1783498500,Up,0.51000000,6.00930000,11.78294118,0.00000000,-6.00930000,224.10879370
993,c5c816e4-52be-4b30-a3c2-ebcc485587b8,2026-07-08 08:30:28,2026-07-08 08:19:30,2026-07-08 08:30:28,2026-07-08 08:20:00,eth-updown-5m-1783498800,Up,0.52000000,6.00930000,11.55634615,0.00000000,-6.00930000,218.09949370
994,0a9f44dd-4b93-4459-a9ef-79fc3d2c9ead,2026-07-08 08:35:30,2026-07-08 08:24:31,2026-07-08 08:35:30,2026-07-08 08:25:00,eth-updown-5m-1783499100,Up,0.55000000,6.00930000,10.92600000,0.00000000,-6.00930000,212.09019370
995,df358dbe-44bb-46ea-9383-b7f3b51b7042,2026-07-08 08:38:32,2026-07-08 08:29:30,2026-07-08 08:38:32,2026-07-08 08:30:00,eth-updown-5m-1783499400,Up,0.53554404,6.00930001,11.22092593,11.22092593,5.21162592,217.30181962
996,ba3bfb45-03c4-49a6-b1fd-3697b59bd30c,2026-07-08 08:44:26,2026-07-08 08:34:30,2026-07-08 08:44:26,2026-07-08 08:35:00,eth-updown-5m-1783499700,Up,0.53000000,6.00930000,11.33830189,0.00000000,-6.00930000,211.29251962
997,56209dfd-e257-47e0-88d1-fa9341e9b80a,2026-07-08 08:49:38,2026-07-08 08:39:30,2026-07-08 08:49:38,2026-07-08 08:40:00,eth-updown-5m-1783500000,Up,0.54000000,6.00930000,11.12833333,11.12833333,5.11903333,216.41155295
998,4ea7face-39a9-484a-b21c-0e81eec04b3e,2026-07-08 08:51:55,2026-07-08 08:44:30,2026-07-08 08:51:55,2026-07-08 08:45:00,eth-updown-5m-1783500300,Up,0.53000000,6.00930000,11.33830189,11.33830189,5.32900189,221.74055484
999,18e89dd7-5171-48a8-907d-93bd4a2ef9ef,2026-07-08 09:00:06,2026-07-08 08:49:30,2026-07-08 09:00:06,2026-07-08 08:50:00,eth-updown-5m-1783500600,Up,0.50000000,6.00930000,12.01860000,0.00000000,-6.00930000,215.73125484
1000,71452e1a-fbb7-4e4b-bd76-aac0119ff0c7,2026-07-08 09:02:26,2026-07-08 08:54:30,2026-07-08 09:02:26,2026-07-08 08:55:00,eth-updown-5m-1783500900,Up,0.51000000,6.00930000,11.78294118,0.00000000,-6.00930000,209.72195484
1001,ad79cd1e-c5b6-4728-9583-375a14fffc56,2026-07-08 09:10:04,2026-07-08 08:59:32,2026-07-08 09:10:04,2026-07-08 09:00:00,eth-updown-5m-1783501200,Up,0.52000000,6.00930000,11.55634615,11.55634615,5.54704615,215.26900099
1002,3a149f95-f348-4c55-958d-d6a9111b4acf,2026-07-08 09:15:11,2026-07-08 09:04:30,2026-07-08 09:15:11,2026-07-08 09:05:00,eth-updown-5m-1783501500,Up,0.51000000,6.00930000,11.78294118,0.00000000,-6.00930000,209.25970099
1003,80d7614b-dc7f-4168-a868-c428abea44c1,2026-07-08 09:20:00,2026-07-08 09:09:30,2026-07-08 09:20:00,2026-07-08 09:10:00,eth-updown-5m-1783501800,Up,0.53000000,6.00930000,11.33830189,11.33830189,5.32900189,214.58870288
1004,83145881-e681-4ee1-94f8-23ace1599404,2026-07-08 09:23:59,2026-07-08 09:14:30,2026-07-08 09:23:59,2026-07-08 09:15:00,eth-updown-5m-1783502100,Up,0.54000000,6.00930000,11.12833333,0.00000000,-6.00930000,208.57940288
1005,e42f64b1-8452-4197-9a0b-0d7c1430749b,2026-07-08 09:30:03,2026-07-08 09:19:30,2026-07-08 09:30:03,2026-07-08 09:20:00,eth-updown-5m-1783502400,Up,0.54000000,6.00930000,11.12833333,0.00000000,-6.00930000,202.57010288
1006,a11cb21e-d73e-40e0-963f-61bec1935f37,2026-07-08 09:34:10,2026-07-08 09:24:30,2026-07-08 09:34:10,2026-07-08 09:25:00,eth-updown-5m-1783502700,Up,0.52000000,6.00930000,11.55634615,11.55634615,5.54704615,208.11714903
1007,9619cc4b-e2a2-4c5d-bba5-199f69a7cf0c,2026-07-08 09:40:06,2026-07-08 09:29:30,2026-07-08 09:40:06,2026-07-08 09:30:00,eth-updown-5m-1783503000,Up,0.52000000,6.00930000,11.55634615,11.55634615,5.54704615,213.66419518
1008,50800cc5-4095-4429-8291-d24a8c798cd8,2026-07-08 09:43:34,2026-07-08 09:34:30,2026-07-08 09:43:34,2026-07-08 09:35:00,eth-updown-5m-1783503300,Up,0.46230681,6.00929999,12.99851064,0.00000000,-6.00929999,207.65489519
1009,1046dfd2-1fb5-4374-a619-d4da7a3a44ef,2026-07-08 09:50:15,2026-07-08 09:39:30,2026-07-08 09:50:15,2026-07-08 09:40:00,eth-updown-5m-1783503600,Up,0.47000000,6.00930000,12.78574468,12.78574468,6.77644468,214.43133987
