index,paper_run_id,event_time_utc,entered_at_utc,settled_at_utc,market_start_utc,market_slug,selected_outcome,entry_price,stake_usd,size_shares,settlement_value_usd,pnl_usd,cumulative_pnl_usd
1,ba943f3a-d27f-46bc-b9f2-dac80cf58e1f,2026-07-03 06:55:36,2026-07-03 06:44:30,2026-07-03 06:55:36,2026-07-03 06:45:00,eth-updown-5m-1783061100,Down,0.49000000,6.00930000,12.26387755,0.00000000,-6.00930000,-6.00930000
2,95f62626-3a3c-4279-a39d-79f78f69872b,2026-07-03 06:58:05,2026-07-03 06:49:30,2026-07-03 06:58:05,2026-07-03 06:50:00,eth-updown-5m-1783061400,Down,0.50000000,6.00930000,12.01860000,0.00000000,-6.00930000,-12.01860000
3,27b8b64c-0405-4369-97b6-fbc4f6a36479,2026-07-03 07:05:12,2026-07-03 06:54:30,2026-07-03 07:05:12,2026-07-03 06:55:00,eth-updown-5m-1783061700,Down,0.53000000,6.00930000,11.33830189,11.33830189,5.32900189,-6.68959811
4,395d7e38-c2e9-4263-a7df-151a652a54bb,2026-07-03 07:10:13,2026-07-03 06:59:30,2026-07-03 07:10:13,2026-07-03 07:00:00,eth-updown-5m-1783062000,Down,0.51148839,6.00930004,11.74865385,11.74865385,5.73935381,-0.95024430
5,85deee9e-0c2c-49db-af18-49f49b479f5c,2026-07-03 07:34:46,2026-07-03 07:24:30,2026-07-03 07:34:46,2026-07-03 07:25:00,eth-updown-5m-1783063500,Down,0.50927964,6.00930003,11.79960784,11.79960784,5.79030781,4.84006351
6,05efb396-587a-40d6-9a91-c409bbc01543,2026-07-03 07:42:26,2026-07-03 07:34:30,2026-07-03 07:42:26,2026-07-03 07:35:00,eth-updown-5m-1783064100,Down,0.52000539,6.00930003,11.55622642,11.55622642,5.54692639,10.38698990
7,5b95588e-9edf-4d39-8137-ff82cf40c4c9,2026-07-03 07:58:23,2026-07-03 07:49:30,2026-07-03 07:58:23,2026-07-03 07:50:00,eth-updown-5m-1783065000,Down,0.51000000,6.00930000,11.78294118,0.00000000,-6.00930000,4.37768990
8,c5530cbe-e46e-42b8-a8da-673abdddacc8,2026-07-03 08:05:06,2026-07-03 07:54:30,2026-07-03 08:05:06,2026-07-03 07:55:00,eth-updown-5m-1783065300,Down,0.54000000,6.00930000,11.12833333,11.12833333,5.11903333,9.49672323
9,7938df69-3111-4a4c-9134-9c6be52f3ca1,2026-07-03 08:45:20,2026-07-03 08:34:30,2026-07-03 08:45:20,2026-07-03 08:35:00,eth-updown-5m-1783067700,Down,0.52130764,6.00930005,11.52735849,0.00000000,-6.00930005,3.48742318
10,5d0210ef-9d88-4a64-978d-379473fde256,2026-07-03 08:48:23,2026-07-03 08:39:30,2026-07-03 08:48:23,2026-07-03 08:40:00,eth-updown-5m-1783068000,Down,0.54000000,6.00930000,11.12833333,0.00000000,-6.00930000,-2.52187682
11,013e9870-932f-461a-bca1-818b181e749f,2026-07-03 08:55:10,2026-07-03 08:44:30,2026-07-03 08:55:10,2026-07-03 08:45:00,eth-updown-5m-1783068300,Down,0.55537900,6.00929995,10.82017857,10.82017857,4.81087862,2.28900180
12,2ee7e95b-40a8-4a9b-a3c5-154e306d59ae,2026-07-03 09:00:15,2026-07-03 08:49:30,2026-07-03 09:00:15,2026-07-03 08:50:00,eth-updown-5m-1783068600,Down,0.54000000,6.00930000,11.12833333,11.12833333,5.11903333,7.40803513
13,b4b202af-7d5c-4b4f-9e59-4fa31fe33cfe,2026-07-03 10:00:23,2026-07-03 09:49:30,2026-07-03 10:00:23,2026-07-03 09:50:00,eth-updown-5m-1783072200,Down,0.55537900,6.00929995,10.82017857,10.82017857,4.81087862,12.21891375
14,42afe8b7-1c59-4b0a-9500-30a4d972599b,2026-07-03 10:20:16,2026-07-03 10:09:31,2026-07-03 10:20:16,2026-07-03 10:10:00,eth-updown-5m-1783073400,Down,0.53000000,6.00930000,11.33830189,0.00000000,-6.00930000,6.20961375
15,0cd078c1-25d6-460e-b65d-1b0358b7de3e,2026-07-03 10:39:14,2026-07-03 10:29:30,2026-07-03 10:39:14,2026-07-03 10:30:00,eth-updown-5m-1783074600,Down,0.51000000,6.00930000,11.78294118,11.78294118,5.77364118,11.98325493
16,5e0ea6ee-742e-4ced-9bb6-d5ff742ad996,2026-07-03 10:50:01,2026-07-03 10:39:30,2026-07-03 10:50:01,2026-07-03 10:40:00,eth-updown-5m-1783075200,Down,0.56000000,6.00930000,10.73089286,0.00000000,-6.00930000,5.97395493
17,b675ad6b-6511-42a3-9510-581cfe5db55e,2026-07-03 10:52:26,2026-07-03 10:44:30,2026-07-03 10:52:26,2026-07-03 10:45:00,eth-updown-5m-1783075500,Down,0.57000000,6.00930000,10.54263158,10.54263158,4.53333158,10.50728651
18,74ef3fe8-adc5-440c-80d7-f1965819f156,2026-07-03 11:05:08,2026-07-03 10:54:30,2026-07-03 11:05:08,2026-07-03 10:55:00,eth-updown-5m-1783076100,Down,0.56000000,6.00930000,10.73089286,10.73089286,4.72159286,15.22887937
19,ff99622a-a400-4438-b8c2-b41f79edb8a4,2026-07-03 11:09:33,2026-07-03 10:59:30,2026-07-03 11:09:33,2026-07-03 11:00:00,eth-updown-5m-1783076400,Down,0.52186285,6.00929995,11.51509434,0.00000000,-6.00929995,9.21957942
20,d6210941-aa70-4016-8021-a8928236f379,2026-07-03 11:15:06,2026-07-03 11:04:30,2026-07-03 11:15:06,2026-07-03 11:05:00,eth-updown-5m-1783076700,Down,0.51000000,6.00930000,11.78294118,0.00000000,-6.00930000,3.21027942
21,855ba75c-8823-455c-8f82-d8269a1888f4,2026-07-03 11:19:08,2026-07-03 11:09:30,2026-07-03 11:19:08,2026-07-03 11:10:00,eth-updown-5m-1783077000,Down,0.51000000,6.00930000,11.78294118,11.78294118,5.77364118,8.98392060
22,cb6e69ef-c37b-449d-a6a9-c810ee2fccc3,2026-07-03 11:25:10,2026-07-03 11:14:30,2026-07-03 11:25:10,2026-07-03 11:15:00,eth-updown-5m-1783077300,Down,0.51000000,6.00930000,11.78294118,11.78294118,5.77364118,14.75756178
23,674d1ceb-d85c-4ed1-9aa7-f0bef41c23d0,2026-07-03 11:55:05,2026-07-03 11:44:30,2026-07-03 11:55:05,2026-07-03 11:45:00,eth-updown-5m-1783079100,Up,0.51000000,6.00930000,11.78294118,11.78294118,5.77364118,20.53120296
24,1f714a1b-412c-427e-929d-36b5a7e1da90,2026-07-03 12:04:36,2026-07-03 11:54:30,2026-07-03 12:04:36,2026-07-03 11:55:00,eth-updown-5m-1783079700,Up,0.51000000,6.00930000,11.78294118,0.00000000,-6.00930000,14.52190296
25,05495df6-2786-4964-8a50-52f58693db9c,2026-07-03 12:25:13,2026-07-03 12:14:30,2026-07-03 12:25:13,2026-07-03 12:15:00,eth-updown-5m-1783080900,Up,0.51553891,6.00929999,11.65634615,0.00000000,-6.00929999,8.51260297
26,2ffd1a03-c968-4861-b684-694aaf5e05d2,2026-07-03 12:27:12,2026-07-03 12:19:30,2026-07-03 12:27:12,2026-07-03 12:20:00,eth-updown-5m-1783081200,Up,0.55000000,6.00930000,10.92600000,10.92600000,4.91670000,13.42930297
27,ec9e40b9-3c3c-4407-a14e-a7b707c5f416,2026-07-03 12:34:17,2026-07-03 12:24:30,2026-07-03 12:34:17,2026-07-03 12:25:00,eth-updown-5m-1783081500,Up,0.53000000,6.00930000,11.33830189,0.00000000,-6.00930000,7.42000297
28,6e29a5c7-954b-4be5-93a1-999657d63f35,2026-07-03 12:40:13,2026-07-03 12:29:30,2026-07-03 12:40:13,2026-07-03 12:30:00,eth-updown-5m-1783081800,Up,0.52000000,6.00930000,11.55634615,11.55634615,5.54704615,12.96704912
29,d65cdab5-0b66-4fc4-9c68-7fed255ce214,2026-07-03 12:49:12,2026-07-03 12:39:30,2026-07-03 12:49:12,2026-07-03 12:40:00,eth-updown-5m-1783082400,Up,0.53000000,6.00930000,11.33830189,11.33830189,5.32900189,18.29605101
30,55f2486e-e5f1-4237-a653-7aeb6698428e,2026-07-03 13:03:47,2026-07-03 12:54:30,2026-07-03 13:03:47,2026-07-03 12:55:00,eth-updown-5m-1783083300,Down,0.50000000,6.00930000,12.01860000,0.00000000,-6.00930000,12.28675101
31,a7bba84f-561c-4961-a2b8-993470ff1205,2026-07-03 13:07:18,2026-07-03 12:59:30,2026-07-03 13:07:18,2026-07-03 13:00:00,eth-updown-5m-1783083600,Down,0.53000000,6.00930000,11.33830189,0.00000000,-6.00930000,6.27745101
32,3b6db652-4520-4f4c-a26b-f7c5284f84bd,2026-07-03 13:15:18,2026-07-03 13:04:30,2026-07-03 13:15:18,2026-07-03 13:05:00,eth-updown-5m-1783083900,Down,0.52000000,6.00930000,11.55634615,11.55634615,5.54704615,11.82449716
33,a317b8da-a521-456d-b64d-8ab1d0d8fe16,2026-07-03 13:18:15,2026-07-03 13:09:30,2026-07-03 13:18:15,2026-07-03 13:10:00,eth-updown-5m-1783084200,Down,0.54000000,6.00930000,11.12833333,0.00000000,-6.00930000,5.81519716
34,60846086-5978-466d-b2e7-45d2533bcf98,2026-07-03 13:23:29,2026-07-03 13:14:30,2026-07-03 13:23:29,2026-07-03 13:15:00,eth-updown-5m-1783084500,Down,0.52562656,6.00930003,11.43264151,0.00000000,-6.00930003,-0.19410287
35,bb7df2fc-4cd0-42ee-9647-dd777e1abf5c,2026-07-03 13:30:08,2026-07-03 13:19:30,2026-07-03 13:30:08,2026-07-03 13:20:00,eth-updown-5m-1783084800,Down,0.56000000,6.00930000,10.73089286,0.00000000,-6.00930000,-6.20340287
36,f820dc05-2b56-467b-a4ac-05843beb3552,2026-07-03 13:35:12,2026-07-03 13:24:30,2026-07-03 13:35:12,2026-07-03 13:25:00,eth-updown-5m-1783085100,Down,0.50083228,6.00929994,11.99862745,0.00000000,-6.00929994,-12.21270281
37,4987dd70-936c-4335-bd39-ec15f94fd929,2026-07-03 13:39:08,2026-07-03 13:29:30,2026-07-03 13:39:08,2026-07-03 13:30:00,eth-updown-5m-1783085400,Down,0.57000000,6.00930000,10.54263158,0.00000000,-6.00930000,-18.22200281
38,57002ffb-f8a7-4bcc-ba4e-1eb5d9c3b477,2026-07-03 13:55:04,2026-07-03 13:44:31,2026-07-03 13:55:04,2026-07-03 13:45:00,eth-updown-5m-1783086300,Down,0.53000000,6.00930000,11.33830189,11.33830189,5.32900189,-12.89300092
39,a2f55a70-4bd1-42f2-97d1-ac6bfc670a10,2026-07-03 14:01:53,2026-07-03 13:54:30,2026-07-03 14:01:53,2026-07-03 13:55:00,eth-updown-5m-1783086900,Down,0.53000000,6.00930000,11.33830189,0.00000000,-6.00930000,-18.90230092
40,1219f39d-d96f-4f05-bbac-3a409d1ed197,2026-07-03 14:10:12,2026-07-03 13:59:30,2026-07-03 14:10:12,2026-07-03 14:00:00,eth-updown-5m-1783087200,Down,0.51000000,6.00930000,11.78294118,11.78294118,5.77364118,-13.12865974
41,fdd82eac-5f13-4237-b87a-f37b059889d1,2026-07-03 14:29:25,2026-07-03 14:19:30,2026-07-03 14:29:25,2026-07-03 14:20:00,eth-updown-5m-1783088400,Up,0.52000000,6.00930000,11.55634615,0.00000000,-6.00930000,-19.13795974
42,7aa6d720-1ec3-4707-ac36-fbf05b613435,2026-07-03 14:33:46,2026-07-03 14:24:30,2026-07-03 14:33:46,2026-07-03 14:25:00,eth-updown-5m-1783088700,Up,0.53000000,6.00930000,11.33830189,11.33830189,5.32900189,-13.80895785
43,4a2f8c48-7146-4672-920a-662532691796,2026-07-03 14:37:53,2026-07-03 14:29:30,2026-07-03 14:37:53,2026-07-03 14:30:00,eth-updown-5m-1783089000,Up,0.52000000,6.00930000,11.55634615,0.00000000,-6.00930000,-19.81825785
44,56d3e943-206f-42f4-997b-779ab0502026,2026-07-03 14:45:14,2026-07-03 14:34:30,2026-07-03 14:45:14,2026-07-03 14:35:00,eth-updown-5m-1783089300,Up,0.52000000,6.00930000,11.55634615,11.55634615,5.54704615,-14.27121170
45,9bd761df-2851-4618-b9f6-bca244a6d62f,2026-07-03 14:50:16,2026-07-03 14:39:30,2026-07-03 14:50:16,2026-07-03 14:40:00,eth-updown-5m-1783089600,Up,0.52000000,6.00930000,11.55634615,11.55634615,5.54704615,-8.72416555
46,feb480a2-134f-49bf-9e80-6c9ed26425a7,2026-07-03 15:07:42,2026-07-03 14:59:31,2026-07-03 15:07:42,2026-07-03 15:00:00,eth-updown-5m-1783090800,Up,0.50000000,6.00930000,12.01860000,0.00000000,-6.00930000,-14.73346555
47,809d7a5e-1531-4fa2-934d-bb22c51d81b3,2026-07-03 15:12:48,2026-07-03 15:04:30,2026-07-03 15:12:48,2026-07-03 15:05:00,eth-updown-5m-1783091100,Up,0.51000000,6.00930000,11.78294118,11.78294118,5.77364118,-8.95982437
48,fe06f39b-d29c-4c9f-b56c-d2c6b99e354f,2026-07-03 15:22:02,2026-07-03 15:14:30,2026-07-03 15:22:02,2026-07-03 15:15:00,eth-updown-5m-1783091700,Up,0.51000000,6.00930000,11.78294118,11.78294118,5.77364118,-3.18618319
49,e1e8e101-0d9d-4ea5-b71c-a52b7a640c2d,2026-07-03 15:28:08,2026-07-03 15:19:30,2026-07-03 15:28:08,2026-07-03 15:20:00,eth-updown-5m-1783092000,Up,0.51000000,6.00930000,11.78294118,0.00000000,-6.00930000,-9.19548319
50,9060ce49-328a-4d32-80fd-7a16d1e532d5,2026-07-03 16:01:56,2026-07-03 15:24:30,2026-07-03 16:01:56,2026-07-03 15:25:00,eth-updown-5m-1783092300,Up,0.51062749,6.00929998,11.76846154,0.00000000,-6.00929998,-15.20478317
51,31ea15d1-9981-4034-8aaf-8a7300516fc1,2026-07-03 16:01:57,2026-07-03 15:29:30,2026-07-03 16:01:57,2026-07-03 15:30:00,eth-updown-5m-1783092600,Up,0.52000000,6.00930000,11.55634615,11.55634615,5.54704615,-9.65773702
52,781730fb-28f2-42bf-8cae-89586c155db6,2026-07-03 16:25:19,2026-07-03 16:14:30,2026-07-03 16:25:19,2026-07-03 16:15:00,eth-updown-5m-1783095300,Up,0.52000000,6.00930000,11.55634615,11.55634615,5.54704615,-4.11069087
53,d6143f15-2f61-4cc7-91fc-2d9e017f80c1,2026-07-03 16:50:05,2026-07-03 16:39:30,2026-07-03 16:50:05,2026-07-03 16:40:00,eth-updown-5m-1783096800,Up,0.51000000,6.00930000,11.78294118,11.78294118,5.77364118,1.66295031
54,143aca65-9283-4828-9719-a1cc508839db,2026-07-03 17:00:05,2026-07-03 16:49:30,2026-07-03 17:00:05,2026-07-03 16:50:00,eth-updown-5m-1783097400,Up,0.51000000,6.00930000,11.78294118,11.78294118,5.77364118,7.43659149
55,73581641-7c1d-4ffe-9394-5dc7d600ee04,2026-07-03 17:12:12,2026-07-03 17:04:30,2026-07-03 17:12:12,2026-07-03 17:05:00,eth-updown-5m-1783098300,Down,0.50000000,6.00930000,12.01860000,0.00000000,-6.00930000,1.42729149
56,13910497-5098-4e6c-b73c-d610118ecf74,2026-07-03 17:20:12,2026-07-03 17:09:30,2026-07-03 17:20:12,2026-07-03 17:10:00,eth-updown-5m-1783098600,Down,0.52000000,6.00930000,11.55634615,11.55634615,5.54704615,6.97433764
57,6b25bf48-c96f-4f98-b173-2895a12796e7,2026-07-03 17:25:09,2026-07-03 17:14:30,2026-07-03 17:25:09,2026-07-03 17:15:00,eth-updown-5m-1783098900,Down,0.52000000,6.00930000,11.55634615,0.00000000,-6.00930000,0.96503764
58,856d14c8-5194-423b-90da-9876663475f6,2026-07-03 17:28:38,2026-07-03 17:19:30,2026-07-03 17:28:38,2026-07-03 17:20:00,eth-updown-5m-1783099200,Down,0.52000000,6.00930000,11.55634615,11.55634615,5.54704615,6.51208379
59,e97db0c1-d44a-48f6-9f55-2062a1d419f4,2026-07-03 17:39:23,2026-07-03 17:29:30,2026-07-03 17:39:23,2026-07-03 17:30:00,eth-updown-5m-1783099800,Down,0.51570908,6.00930005,11.65250000,11.65250000,5.64319995,12.15528374
60,0ee31450-04eb-49fc-bb87-cc07cdd65351,2026-07-03 17:48:10,2026-07-03 17:39:30,2026-07-03 17:48:10,2026-07-03 17:40:00,eth-updown-5m-1783100400,Down,0.52000000,6.00930000,11.55634615,0.00000000,-6.00930000,6.14598374
61,942b2749-195b-42f3-9e95-2a29fb41d499,2026-07-03 17:55:14,2026-07-03 17:44:30,2026-07-03 17:55:14,2026-07-03 17:45:00,eth-updown-5m-1783100700,Down,0.55000000,6.00930000,10.92600000,10.92600000,4.91670000,11.06268374
62,da2b8e67-1693-4838-b86a-3928855a22b7,2026-07-03 18:00:25,2026-07-03 17:49:31,2026-07-03 18:00:25,2026-07-03 17:50:00,eth-updown-5m-1783101000,Down,0.51039396,6.00929996,11.77384615,0.00000000,-6.00929996,5.05338378
63,7492a9df-f7a3-4d11-89c1-adcfddff1b58,2026-07-03 18:05:03,2026-07-03 17:54:31,2026-07-03 18:05:03,2026-07-03 17:55:00,eth-updown-5m-1783101300,Down,0.50579159,6.00929996,11.88098039,11.88098039,5.87168043,10.92506421
64,7ab6b0c5-ae7b-456b-b361-bc10dab56ee1,2026-07-03 18:18:12,2026-07-03 18:09:30,2026-07-03 18:18:12,2026-07-03 18:10:00,eth-updown-5m-1783102200,Up,0.52000000,6.00930000,11.55634615,0.00000000,-6.00930000,4.91576421
65,3f85d769-6c3e-4e51-bbb7-bb614c7ab897,2026-07-03 18:40:03,2026-07-03 18:29:30,2026-07-03 18:40:03,2026-07-03 18:30:00,eth-updown-5m-1783103400,Down,0.50000000,6.00930000,12.01860000,0.00000000,-6.00930000,-1.09353579
66,e591ccc8-cbd0-4dc2-a976-83b83c1f317e,2026-07-03 18:43:25,2026-07-03 18:34:30,2026-07-03 18:43:25,2026-07-03 18:35:00,eth-updown-5m-1783103700,Down,0.51000000,6.00930000,11.78294118,11.78294118,5.77364118,4.68010539
67,3a7ac2cc-3eba-46b9-ada6-a87781597139,2026-07-03 18:50:05,2026-07-03 18:39:30,2026-07-03 18:50:05,2026-07-03 18:40:00,eth-updown-5m-1783104000,Down,0.51000000,6.00930000,11.78294118,0.00000000,-6.00930000,-1.32919461
68,fc5f172d-94ee-4f77-8c77-83208e0e7eca,2026-07-03 18:55:03,2026-07-03 18:44:30,2026-07-03 18:55:03,2026-07-03 18:45:00,eth-updown-5m-1783104300,Down,0.52000000,6.00930000,11.55634615,11.55634615,5.54704615,4.21785154
69,33fbd271-a0bf-424e-a47b-37a125255874,2026-07-03 19:25:16,2026-07-03 19:14:31,2026-07-03 19:25:16,2026-07-03 19:15:00,eth-updown-5m-1783106100,Up,0.52000000,6.00930000,11.55634615,11.55634615,5.54704615,9.76489769
70,e2f05af2-d77b-4de5-8b14-d4d21ec1e1b2,2026-07-03 19:39:43,2026-07-03 19:29:30,2026-07-03 19:39:43,2026-07-03 19:30:00,eth-updown-5m-1783107000,Down,0.53000000,6.00930000,11.33830189,0.00000000,-6.00930000,3.75559769
71,068b7b18-8839-4a48-8449-13b19902ef63,2026-07-03 19:43:04,2026-07-03 19:34:30,2026-07-03 19:43:04,2026-07-03 19:35:00,eth-updown-5m-1783107300,Down,0.54000000,6.00930000,11.12833333,0.00000000,-6.00930000,-2.25370231
72,f5ae4ba7-af8d-4485-9fd1-4f0aca7a4b8e,2026-07-03 19:50:12,2026-07-03 19:39:30,2026-07-03 19:50:12,2026-07-03 19:40:00,eth-updown-5m-1783107600,Down,0.53000000,6.00930000,11.33830189,11.33830189,5.32900189,3.07529958
73,524ae24c-fab2-49e3-920a-ba1b987be40c,2026-07-03 19:55:01,2026-07-03 19:44:30,2026-07-03 19:55:01,2026-07-03 19:45:00,eth-updown-5m-1783107900,Down,0.52000000,6.00930000,11.55634615,11.55634615,5.54704615,8.62234573
74,fb27cd56-c208-4f5b-8d4b-779f807878a3,2026-07-03 20:00:14,2026-07-03 19:49:30,2026-07-03 20:00:14,2026-07-03 19:50:00,eth-updown-5m-1783108200,Down,0.51000000,6.00930000,11.78294118,11.78294118,5.77364118,14.39598691
75,a1538142-ba21-4202-ac3a-e94ab6ebc434,2026-07-03 20:10:01,2026-07-03 19:59:30,2026-07-03 20:10:01,2026-07-03 20:00:00,eth-updown-5m-1783108800,Down,0.50000000,6.00930000,12.01860000,12.01860000,6.00930000,20.40528691
76,a5256881-9e42-4e27-be54-37aea86bf38e,2026-07-03 20:15:05,2026-07-03 20:04:30,2026-07-03 20:15:05,2026-07-03 20:05:00,eth-updown-5m-1783109100,Up,0.52000000,6.00930000,11.55634615,11.55634615,5.54704615,25.95233306
77,3161181e-32b1-440e-809f-9a7d952d9270,2026-07-03 20:24:27,2026-07-03 20:14:30,2026-07-03 20:24:27,2026-07-03 20:15:00,eth-updown-5m-1783109700,Up,0.50000000,6.00930000,12.01860000,12.01860000,6.00930000,31.96163306
78,caa9dc55-685d-4f6d-ab94-44d87947ec66,2026-07-03 20:49:25,2026-07-03 20:39:30,2026-07-03 20:49:25,2026-07-03 20:40:00,eth-updown-5m-1783111200,Down,0.55000000,6.00930000,10.92600000,0.00000000,-6.00930000,25.95233306
79,fbab1b34-6644-40db-871a-93b6106f1e9d,2026-07-03 21:03:07,2026-07-03 20:44:30,2026-07-03 21:03:07,2026-07-03 20:45:00,eth-updown-5m-1783111500,Down,0.56000000,6.00930000,10.73089286,0.00000000,-6.00930000,19.94303306
80,d653c97d-72d7-45ca-8bff-e5e616964cdb,2026-07-03 21:03:19,2026-07-03 20:49:30,2026-07-03 21:03:19,2026-07-03 20:50:00,eth-updown-5m-1783111800,Down,0.54000000,6.00930000,11.12833333,11.12833333,5.11903333,25.06206639
81,bc21eb3e-d6af-4119-9d4c-c5d939f8e82a,2026-07-03 21:30:23,2026-07-03 21:19:30,2026-07-03 21:30:23,2026-07-03 21:20:00,eth-updown-5m-1783113600,Up,0.50000000,6.00930000,12.01860000,12.01860000,6.00930000,31.07136639
82,42b7ada7-b079-472e-a27d-99a807092144,2026-07-03 21:40:02,2026-07-03 21:29:30,2026-07-03 21:40:02,2026-07-03 21:30:00,eth-updown-5m-1783114200,Up,0.50579159,6.00929996,11.88098039,0.00000000,-6.00929996,25.06206643
83,8768ba8e-a526-493a-a858-07205be5ef37,2026-07-03 21:47:53,2026-07-03 21:39:30,2026-07-03 21:47:53,2026-07-03 21:40:00,eth-updown-5m-1783114800,Up,0.52041324,6.00930005,11.54716981,11.54716981,5.53786976,30.59993619
84,66793cac-54dc-46e4-8ed0-788c5b0a5cc9,2026-07-03 21:55:19,2026-07-03 21:44:30,2026-07-03 21:55:19,2026-07-03 21:45:00,eth-updown-5m-1783115100,Up,0.52562656,6.00930003,11.43264151,11.43264151,5.42334148,36.02327767
85,7c880828-f4c0-4b67-9474-f2f71a1b0363,2026-07-03 22:13:22,2026-07-03 22:04:30,2026-07-03 22:13:22,2026-07-03 22:05:00,eth-updown-5m-1783116300,Up,0.51000000,6.00930000,11.78294118,0.00000000,-6.00930000,30.01397767
86,7235eead-5312-455e-a3c9-6e438f927ed1,2026-07-03 22:16:40,2026-07-03 22:09:30,2026-07-03 22:16:40,2026-07-03 22:10:00,eth-updown-5m-1783116600,Up,0.53000000,6.00930000,11.33830189,11.33830189,5.32900189,35.34297956
87,53bae8d4-f5c4-46ef-84af-1e6162ba08ba,2026-07-03 22:22:49,2026-07-03 22:14:30,2026-07-03 22:22:49,2026-07-03 22:15:00,eth-updown-5m-1783116900,Up,0.53368561,6.00929997,11.26000000,11.26000000,5.25070003,40.59367959
88,4ea2511e-752a-42e7-929e-59976af51e8c,2026-07-03 22:36:15,2026-07-03 22:24:30,2026-07-03 22:36:15,2026-07-03 22:25:00,eth-updown-5m-1783117500,Up,0.52000000,6.00930000,11.55634615,11.55634615,5.54704615,46.14072574
89,6e3e46c1-edc7-4a64-a59f-2256d0bdaff7,2026-07-03 22:43:10,2026-07-03 22:34:30,2026-07-03 22:43:10,2026-07-03 22:35:00,eth-updown-5m-1783118100,Up,0.52000000,6.00930000,11.55634615,0.00000000,-6.00930000,40.13142574
90,2130af4f-966f-43c3-af74-b44c34d32765,2026-07-03 22:47:46,2026-07-03 22:39:30,2026-07-03 22:47:46,2026-07-03 22:40:00,eth-updown-5m-1783118400,Up,0.52000000,6.00930000,11.55634615,11.55634615,5.54704615,45.67847189
91,a0e9d566-98fd-4127-8c2d-b5f89bef68a7,2026-07-03 22:53:37,2026-07-03 22:44:30,2026-07-03 22:53:37,2026-07-03 22:45:00,eth-updown-5m-1783118700,Up,0.52000000,6.00930000,11.55634615,0.00000000,-6.00930000,39.66917189
92,defe194a-7263-4032-9712-c2dcfe6807b2,2026-07-03 23:00:22,2026-07-03 22:49:30,2026-07-03 23:00:22,2026-07-03 22:50:00,eth-updown-5m-1783119000,Up,0.51000000,6.00930000,11.78294118,0.00000000,-6.00930000,33.65987189
93,218722bf-030b-4a09-8834-d3e69dee82e8,2026-07-03 23:07:39,2026-07-03 22:59:30,2026-07-03 23:07:39,2026-07-03 23:00:00,eth-updown-5m-1783119600,Up,0.52000000,6.00930000,11.55634615,11.55634615,5.54704615,39.20691804
94,3edd4c1c-a0c2-4b7f-9caf-b2b657aff75f,2026-07-03 23:13:59,2026-07-03 23:04:30,2026-07-03 23:13:59,2026-07-03 23:05:00,eth-updown-5m-1783119900,Up,0.51000000,6.00930000,11.78294118,0.00000000,-6.00930000,33.19761804
95,c4775f61-9b61-4781-96e6-dbdeac28c2e7,2026-07-03 23:20:11,2026-07-03 23:09:30,2026-07-03 23:20:11,2026-07-03 23:10:00,eth-updown-5m-1783120200,Up,0.53000000,6.00930000,11.33830189,11.33830189,5.32900189,38.52661993
96,87a253aa-c260-4538-8ec8-7903434ed7e8,2026-07-03 23:31:40,2026-07-03 23:24:30,2026-07-03 23:31:40,2026-07-03 23:25:00,eth-updown-5m-1783121100,Down,0.50000000,6.00930000,12.01860000,12.01860000,6.00930000,44.53591993
97,90fb906b-6f34-4ff0-bbdd-bcf3c8f37204,2026-07-03 23:36:49,2026-07-03 23:29:30,2026-07-03 23:36:49,2026-07-03 23:30:00,eth-updown-5m-1783121400,Up,0.51000000,6.00930000,11.78294118,11.78294118,5.77364118,50.30956111
98,c44b81d5-7259-4c28-9205-f8d57e689b3a,2026-07-04 00:05:09,2026-07-03 23:54:30,2026-07-04 00:05:09,2026-07-03 23:55:00,eth-updown-5m-1783122900,Up,0.52000000,6.00930000,11.55634615,11.55634615,5.54704615,55.85660726
99,151894e0-a553-4846-aefc-dcb0ae31ab90,2026-07-04 00:09:26,2026-07-03 23:59:30,2026-07-04 00:09:26,2026-07-04 00:00:00,eth-updown-5m-1783123200,Up,0.52000000,6.00930000,11.55634615,11.55634615,5.54704615,61.40365341
100,ec89993c-d3f6-4b89-87da-05faa5d1a6fa,2026-07-04 00:12:36,2026-07-04 00:04:30,2026-07-04 00:12:36,2026-07-04 00:05:00,eth-updown-5m-1783123500,Up,0.51000000,6.00930000,11.78294118,11.78294118,5.77364118,67.17729459
101,5522ca73-fdd8-482d-9ae5-3d0be52f69c9,2026-07-04 00:43:01,2026-07-04 00:34:30,2026-07-04 00:43:01,2026-07-04 00:35:00,eth-updown-5m-1783125300,Down,0.50000000,6.00930000,12.01860000,12.01860000,6.00930000,73.18659459
102,75656fac-2693-4109-abf6-85e4e2a12acc,2026-07-04 00:55:09,2026-07-04 00:44:30,2026-07-04 00:55:09,2026-07-04 00:45:00,eth-updown-5m-1783125900,Down,0.50000000,6.00930000,12.01860000,0.00000000,-6.00930000,67.17729459
103,67c4e39a-1124-41b9-b834-04bb10800913,2026-07-04 00:58:16,2026-07-04 00:49:30,2026-07-04 00:58:16,2026-07-04 00:50:00,eth-updown-5m-1783126200,Down,0.51000000,6.00930000,11.78294118,11.78294118,5.77364118,72.95093577
104,4381c3af-fdc2-4182-843e-86e154ea8db2,2026-07-04 01:35:10,2026-07-04 01:24:30,2026-07-04 01:35:10,2026-07-04 01:25:00,eth-updown-5m-1783128300,Up,0.54000000,6.00930000,11.12833333,11.12833333,5.11903333,78.06996910
105,c02c1494-c1ad-4714-85c9-7ad2440c632b,2026-07-04 01:50:30,2026-07-04 01:39:30,2026-07-04 01:50:30,2026-07-04 01:40:00,eth-updown-5m-1783129200,Up,0.54000000,6.00930000,11.12833333,0.00000000,-6.00930000,72.06066910
106,5876f8ce-5ec0-4fd2-9539-eb742fa64831,2026-07-04 01:54:19,2026-07-04 01:44:30,2026-07-04 01:54:19,2026-07-04 01:45:00,eth-updown-5m-1783129500,Up,0.52000000,6.00930000,11.55634615,0.00000000,-6.00930000,66.05136910
107,8b135118-cbf0-46fa-b3e3-b3a94c7ae962,2026-07-04 02:05:07,2026-07-04 01:54:30,2026-07-04 02:05:07,2026-07-04 01:55:00,eth-updown-5m-1783130100,Up,0.52562656,6.00930003,11.43264151,11.43264151,5.42334148,71.47471058
108,9f051272-d09b-49f3-878f-42c84a379f74,2026-07-04 02:09:38,2026-07-04 01:59:30,2026-07-04 02:09:38,2026-07-04 02:00:00,eth-updown-5m-1783130400,Up,0.52000000,6.00930000,11.55634615,0.00000000,-6.00930000,65.46541058
109,1c579bd6-0f7b-4e0f-8245-3f4f5d2dfc85,2026-07-04 02:13:11,2026-07-04 02:04:30,2026-07-04 02:13:11,2026-07-04 02:05:00,eth-updown-5m-1783130700,Up,0.53000000,6.00930000,11.33830189,11.33830189,5.32900189,70.79441247
110,c2c6b0cf-c0b8-4162-86e4-fa5897e4235d,2026-07-04 02:20:18,2026-07-04 02:09:30,2026-07-04 02:20:18,2026-07-04 02:10:00,eth-updown-5m-1783131000,Up,0.51000000,6.00930000,11.78294118,0.00000000,-6.00930000,64.78511247
111,ee503630-b793-4880-b13f-da08c6b9bd37,2026-07-04 02:30:02,2026-07-04 02:19:30,2026-07-04 02:30:02,2026-07-04 02:20:00,eth-updown-5m-1783131600,Up,0.52000000,6.00930000,11.55634615,11.55634615,5.54704615,70.33215862
112,9b8a21b8-6f3e-40ad-97ba-97c9056125aa,2026-07-04 02:35:05,2026-07-04 02:24:30,2026-07-04 02:35:05,2026-07-04 02:25:00,eth-updown-5m-1783131900,Up,0.52000000,6.00930000,11.55634615,11.55634615,5.54704615,75.87920477
113,150d4f1c-54c7-4604-956a-a3bd5dab3d1b,2026-07-04 02:40:06,2026-07-04 02:29:30,2026-07-04 02:40:06,2026-07-04 02:30:00,eth-updown-5m-1783132200,Up,0.54000000,6.00930000,11.12833333,0.00000000,-6.00930000,69.86990477
114,e9e5d0c4-9c1f-4406-88ff-f1d117bbe942,2026-07-04 02:42:31,2026-07-04 02:34:30,2026-07-04 02:42:31,2026-07-04 02:35:00,eth-updown-5m-1783132500,Up,0.50000000,6.00930000,12.01860000,12.01860000,6.00930000,75.87920477
115,73ac91dc-026e-4de0-ac2a-d7cbc6e70e1d,2026-07-04 03:09:35,2026-07-04 02:59:30,2026-07-04 03:09:35,2026-07-04 03:00:00,eth-updown-5m-1783134000,Up,0.49000000,6.00930000,12.26387755,0.00000000,-6.00930000,69.86990477
116,08b64ddf-6718-477a-ba0c-83e8ab15a524,2026-07-04 03:15:19,2026-07-04 03:04:30,2026-07-04 03:15:19,2026-07-04 03:05:00,eth-updown-5m-1783134300,Up,0.48000000,6.00930000,12.51937500,0.00000000,-6.00930000,63.86060477
117,d0fe782d-89ef-4987-841a-82be3f86d31a,2026-07-04 03:50:54,2026-07-04 03:39:30,2026-07-04 03:50:54,2026-07-04 03:40:00,eth-updown-5m-1783136400,Down,0.55000000,6.00930000,10.92600000,0.00000000,-6.00930000,57.85130477
118,d16b7005-3b17-4e83-a21d-c17b60bf841f,2026-07-04 03:55:14,2026-07-04 03:44:30,2026-07-04 03:55:14,2026-07-04 03:45:00,eth-updown-5m-1783136700,Down,0.53000000,6.00930000,11.33830189,0.00000000,-6.00930000,51.84200477
119,2bbd3e0f-323c-40ea-aad1-fc7c71dc01bf,2026-07-04 04:05:13,2026-07-04 03:54:30,2026-07-04 04:05:13,2026-07-04 03:55:00,eth-updown-5m-1783137300,Down,0.52000000,6.00930000,11.55634615,0.00000000,-6.00930000,45.83270477
120,181643a6-b148-42ed-b67b-ad92a5d7d6cc,2026-07-04 04:07:29,2026-07-04 03:59:30,2026-07-04 04:07:29,2026-07-04 04:00:00,eth-updown-5m-1783137600,Down,0.50000000,6.00930000,12.01860000,12.01860000,6.00930000,51.84200477
121,1f7ac6ae-6399-42a5-a02e-6effc0745f1d,2026-07-04 04:15:18,2026-07-04 04:04:30,2026-07-04 04:15:18,2026-07-04 04:05:00,eth-updown-5m-1783137900,Down,0.50000000,6.00930000,12.01860000,0.00000000,-6.00930000,45.83270477
122,087512e7-42e6-4e80-a854-a26f4df0c5ba,2026-07-04 04:16:53,2026-07-04 04:09:30,2026-07-04 04:16:53,2026-07-04 04:10:00,eth-updown-5m-1783138200,Down,0.49000000,6.00930000,12.26387755,12.26387755,6.25457755,52.08728232
123,36d14a66-fa56-44bf-9b11-401ca821efab,2026-07-04 04:26:45,2026-07-04 04:19:30,2026-07-04 04:26:45,2026-07-04 04:20:00,eth-updown-5m-1783138800,Up,0.52000000,6.00930000,11.55634615,11.55634615,5.54704615,57.63432847
124,4046e661-1dfc-42bf-bdfd-42b64093cc58,2026-07-04 04:37:57,2026-07-04 04:29:30,2026-07-04 04:37:57,2026-07-04 04:30:00,eth-updown-5m-1783139400,Up,0.49181576,6.00930005,12.21860000,12.21860000,6.20929995,63.84362842
125,36b765f7-b5d1-48e1-85ab-c33392ac1d63,2026-07-04 04:55:01,2026-07-04 04:44:30,2026-07-04 04:55:01,2026-07-04 04:45:00,eth-updown-5m-1783140300,Down,0.51148839,6.00930004,11.74865385,0.00000000,-6.00930004,57.83432838
126,e89c75ff-7ccf-48c3-baa0-53b0360c6f00,2026-07-04 05:05:08,2026-07-04 04:54:30,2026-07-04 05:05:08,2026-07-04 04:55:00,eth-updown-5m-1783140900,Down,0.52000000,6.00930000,11.55634615,0.00000000,-6.00930000,51.82502838
127,4d383fb1-e2f5-4d7a-90b9-3d140c41a4a3,2026-07-04 05:08:01,2026-07-04 04:59:30,2026-07-04 05:08:01,2026-07-04 05:00:00,eth-updown-5m-1783141200,Down,0.52426815,6.00930002,11.46226415,11.46226415,5.45296413,57.27799251
128,36627941-054e-4d17-99f5-3d9de0667270,2026-07-04 05:22:32,2026-07-04 05:14:30,2026-07-04 05:22:32,2026-07-04 05:15:00,eth-updown-5m-1783142100,Down,0.48000000,6.00930000,12.51937500,12.51937500,6.51007500,63.78806751
129,513619da-0a1d-4436-af00-c9975df5565d,2026-07-04 05:35:17,2026-07-04 05:24:30,2026-07-04 05:35:17,2026-07-04 05:25:00,eth-updown-5m-1783142700,Up,0.55000000,6.00930000,10.92600000,10.92600000,4.91670000,68.70476751
130,c5e4a445-d31f-42e1-a560-83f227289e9b,2026-07-04 05:47:12,2026-07-04 05:39:30,2026-07-04 05:47:12,2026-07-04 05:40:00,eth-updown-5m-1783143600,Down,0.50000000,6.00930000,12.01860000,0.00000000,-6.00930000,62.69546751
131,5a3dd9fb-9778-47cf-accd-9b788180a531,2026-07-04 05:54:55,2026-07-04 05:44:30,2026-07-04 05:54:55,2026-07-04 05:45:00,eth-updown-5m-1783143900,Down,0.53554404,6.00930001,11.22092593,0.00000000,-6.00930001,56.68616750
132,db4c8aad-b7ed-4409-80e0-18fcd50f4eb2,2026-07-04 06:05:19,2026-07-04 05:54:30,2026-07-04 06:05:19,2026-07-04 05:55:00,eth-updown-5m-1783144500,Down,0.51000000,6.00930000,11.78294118,0.00000000,-6.00930000,50.67686750
133,11854f87-592f-45d8-a657-ea5e39837250,2026-07-04 06:07:30,2026-07-04 05:59:30,2026-07-04 06:07:30,2026-07-04 06:00:00,eth-updown-5m-1783144800,Down,0.48000000,6.00930000,12.51937500,0.00000000,-6.00930000,44.66756750
134,03bf2a68-9322-437c-907c-5c445c29cec9,2026-07-04 06:13:29,2026-07-04 06:04:30,2026-07-04 06:13:29,2026-07-04 06:05:00,eth-updown-5m-1783145100,Down,0.51000000,6.00930000,11.78294118,0.00000000,-6.00930000,38.65826750
135,97fcb72d-a63c-42e3-9cfe-e5061c434f11,2026-07-04 06:20:25,2026-07-04 06:09:30,2026-07-04 06:20:25,2026-07-04 06:10:00,eth-updown-5m-1783145400,Down,0.54000000,6.00930000,11.12833333,11.12833333,5.11903333,43.77730083
136,3e1219b8-7c96-466e-b1ae-97cda914dcc6,2026-07-04 06:26:36,2026-07-04 06:14:30,2026-07-04 06:26:36,2026-07-04 06:15:00,eth-updown-5m-1783145700,Down,0.49587411,6.00929999,12.11860000,0.00000000,-6.00929999,37.76800084
137,8c2239b2-ecb6-49fb-86af-a7cd7ecfb872,2026-07-04 06:27:15,2026-07-04 06:19:30,2026-07-04 06:27:15,2026-07-04 06:20:00,eth-updown-5m-1783146000,Down,0.50000000,6.00930000,12.01860000,12.01860000,6.00930000,43.77730084
138,d4baa454-35d2-4423-96bc-c3301eabada3,2026-07-04 06:37:28,2026-07-04 06:29:30,2026-07-04 06:37:28,2026-07-04 06:30:00,eth-updown-5m-1783146600,Down,0.47000000,6.00930000,12.78574468,0.00000000,-6.00930000,37.76800084
139,6073aa81-dc06-44bc-a41d-2c5e020bdbeb,2026-07-04 06:43:23,2026-07-04 06:34:30,2026-07-04 06:43:23,2026-07-04 06:35:00,eth-updown-5m-1783146900,Down,0.51000000,6.00930000,11.78294118,0.00000000,-6.00930000,31.75870084
140,576b7895-3475-4f97-b88f-8d235e3f0f76,2026-07-04 06:50:03,2026-07-04 06:39:30,2026-07-04 06:50:03,2026-07-04 06:40:00,eth-updown-5m-1783147200,Down,0.50000000,6.00930000,12.01860000,12.01860000,6.00930000,37.76800084
141,2e86a1d4-4ce2-4822-a68c-e691195309eb,2026-07-04 06:57:44,2026-07-04 06:49:30,2026-07-04 06:57:44,2026-07-04 06:50:00,eth-updown-5m-1783147800,Down,0.50000000,6.00930000,12.01860000,0.00000000,-6.00930000,31.75870084
142,448adf91-7608-4e41-ba2d-1e110dbc9848,2026-07-04 07:13:09,2026-07-04 07:04:30,2026-07-04 07:13:09,2026-07-04 07:05:00,eth-updown-5m-1783148700,Down,0.50000000,6.00930000,12.01860000,0.00000000,-6.00930000,25.74940084
143,5026c6bd-5a29-4cb5-b434-f930686131b3,2026-07-04 07:30:03,2026-07-04 07:19:30,2026-07-04 07:30:03,2026-07-04 07:20:00,eth-updown-5m-1783149600,Down,0.50000000,6.00930000,12.01860000,0.00000000,-6.00930000,19.74010084
144,17981ff0-a6d7-46d5-bed5-363b2edb2716,2026-07-04 07:35:13,2026-07-04 07:24:30,2026-07-04 07:35:13,2026-07-04 07:25:00,eth-updown-5m-1783149900,Down,0.50559134,6.00930005,11.88568627,11.88568627,5.87638622,25.61648706
145,fede2b17-7616-4b0e-b1a6-c194bf25007e,2026-07-04 07:39:48,2026-07-04 07:29:30,2026-07-04 07:39:48,2026-07-04 07:30:00,eth-updown-5m-1783150200,Down,0.53116102,6.00930004,11.31351852,11.31351852,5.30421848,30.92070554
146,098a0272-379d-4832-afc9-999f0e19c1f0,2026-07-04 07:42:37,2026-07-04 07:34:30,2026-07-04 07:42:37,2026-07-04 07:35:00,eth-updown-5m-1783150500,Down,0.50000000,6.00930000,12.01860000,0.00000000,-6.00930000,24.91140554
147,6b9da45e-f56f-4880-bf22-ab4a633ef947,2026-07-04 08:15:09,2026-07-04 08:04:30,2026-07-04 08:15:09,2026-07-04 08:05:00,eth-updown-5m-1783152300,Down,0.54000000,6.00930000,11.12833333,0.00000000,-6.00930000,18.90210554
148,a5d6b184-0ab5-4b91-b767-b48b4343746c,2026-07-04 08:25:15,2026-07-04 08:14:30,2026-07-04 08:25:15,2026-07-04 08:15:00,eth-updown-5m-1783152900,Down,0.52603459,6.00930005,11.42377358,11.42377358,5.41447353,24.31657907
149,9b8be87b-4eba-47f2-acec-315c354b0e73,2026-07-04 08:35:04,2026-07-04 08:24:30,2026-07-04 08:35:04,2026-07-04 08:25:00,eth-updown-5m-1783153500,Down,0.55000000,6.00930000,10.92600000,10.92600000,4.91670000,29.23327907
150,fbcffa42-1ad3-4a8d-a65b-7a25f99072fd,2026-07-04 08:39:38,2026-07-04 08:29:30,2026-07-04 08:39:38,2026-07-04 08:30:00,eth-updown-5m-1783153800,Up,0.50000000,6.00930000,12.01860000,12.01860000,6.00930000,35.24257907
151,bbc3416d-2e53-4977-8da2-3ef7ac8bfaf4,2026-07-04 09:05:05,2026-07-04 08:54:30,2026-07-04 09:05:05,2026-07-04 08:55:00,eth-updown-5m-1783155300,Down,0.53000000,6.00930000,11.33830189,11.33830189,5.32900189,40.57158096
152,eb642c73-cc25-4c3f-8be9-6b28e5b40218,2026-07-04 09:09:38,2026-07-04 08:59:30,2026-07-04 09:09:38,2026-07-04 09:00:00,eth-updown-5m-1783155600,Up,0.51000000,6.00930000,11.78294118,0.00000000,-6.00930000,34.56228096
153,9251c320-5f36-4a3e-9047-7d2603505937,2026-07-04 09:14:55,2026-07-04 09:04:30,2026-07-04 09:14:55,2026-07-04 09:05:00,eth-updown-5m-1783155900,Up,0.53000000,6.00930000,11.33830189,11.33830189,5.32900189,39.89128285
154,6068f0f4-615a-4f49-a6a6-a91785fc9709,2026-07-04 09:19:46,2026-07-04 09:09:30,2026-07-04 09:19:46,2026-07-04 09:10:00,eth-updown-5m-1783156200,Up,0.51000000,6.00930000,11.78294118,11.78294118,5.77364118,45.66492403
155,fff4930a-d3c9-4706-9210-e98a0275d8a8,2026-07-04 09:49:05,2026-07-04 09:39:30,2026-07-04 09:49:05,2026-07-04 09:40:00,eth-updown-5m-1783158000,Up,0.55537900,6.00929995,10.82017857,10.82017857,4.81087862,50.47580265
156,0c33b257-72ab-47ed-93cb-244276a1e531,2026-07-04 10:03:53,2026-07-04 09:54:30,2026-07-04 10:03:53,2026-07-04 09:55:00,eth-updown-5m-1783158900,Down,0.49755746,6.00929998,12.07760000,12.07760000,6.06830002,56.54410267
157,22421fc5-475e-48f7-8056-6ad60869cefa,2026-07-04 10:08:01,2026-07-04 09:59:30,2026-07-04 10:08:01,2026-07-04 10:00:00,eth-updown-5m-1783159200,Down,0.51000000,6.00930000,11.78294118,11.78294118,5.77364118,62.31774385
158,55382a39-941a-4f05-abcc-80aa443aa75e,2026-07-04 10:14:24,2026-07-04 10:04:30,2026-07-04 10:14:24,2026-07-04 10:05:00,eth-updown-5m-1783159500,Down,0.51000000,6.00930000,11.78294118,0.00000000,-6.00930000,56.30844385
159,72dd4f0a-ea4c-4020-a2e6-f3c408117c5e,2026-07-04 10:19:57,2026-07-04 10:09:30,2026-07-04 10:19:57,2026-07-04 10:10:00,eth-updown-5m-1783159800,Down,0.52542711,6.00929994,11.43698113,0.00000000,-6.00929994,50.29914391
160,d49cf000-70b7-495c-a351-0cc0e5e614f6,2026-07-04 10:21:32,2026-07-04 10:14:30,2026-07-04 10:21:32,2026-07-04 10:15:00,eth-updown-5m-1783160100,Down,0.54000000,6.00930000,11.12833333,0.00000000,-6.00930000,44.28984391
161,9e9ebc24-6af2-4e49-a62e-cc2b51d241f5,2026-07-04 10:30:22,2026-07-04 10:19:30,2026-07-04 10:30:22,2026-07-04 10:20:00,eth-updown-5m-1783160400,Down,0.54000000,6.00930000,11.12833333,11.12833333,5.11903333,49.40887724
162,14ea1b61-de55-403e-82ea-12c409238a5a,2026-07-04 10:34:50,2026-07-04 10:24:30,2026-07-04 10:34:50,2026-07-04 10:25:00,eth-updown-5m-1783160700,Down,0.52000000,6.00930000,11.55634615,11.55634615,5.54704615,54.95592339
163,c2b44150-4818-4ea9-a7f2-1c85b1f0a991,2026-07-04 10:44:41,2026-07-04 10:34:30,2026-07-04 10:44:41,2026-07-04 10:35:00,eth-updown-5m-1783161300,Down,0.50000000,6.00930000,12.01860000,12.01860000,6.00930000,60.96522339
164,ec7da185-b24b-4387-842e-120e8e16b48e,2026-07-04 10:59:43,2026-07-04 10:49:30,2026-07-04 10:59:43,2026-07-04 10:50:00,eth-updown-5m-1783162200,Down,0.51000000,6.00930000,11.78294118,0.00000000,-6.00930000,54.95592339
165,c0274a40-0c9b-4f5f-8675-a5da74eee8bc,2026-07-04 11:02:58,2026-07-04 10:54:30,2026-07-04 11:02:58,2026-07-04 10:55:00,eth-updown-5m-1783162500,Down,0.50247455,6.00930004,11.95941176,11.95941176,5.95011172,60.90603511
166,b6b171ef-4364-4596-818b-fca11d67b04c,2026-07-04 11:30:30,2026-07-04 11:19:30,2026-07-04 11:30:30,2026-07-04 11:20:00,eth-updown-5m-1783164000,Up,0.52000000,6.00930000,11.55634615,11.55634615,5.54704615,66.45308126
167,d94e3bd0-fccb-4bb0-8cd0-cdae11c51465,2026-07-04 11:39:53,2026-07-04 11:29:30,2026-07-04 11:39:53,2026-07-04 11:30:00,eth-updown-5m-1783164600,Up,0.52000000,6.00930000,11.55634615,11.55634615,5.54704615,72.00012741
168,4a734dc4-fdb6-49b2-88cf-02ada4eaacf6,2026-07-04 11:44:05,2026-07-04 11:34:30,2026-07-04 11:44:05,2026-07-04 11:35:00,eth-updown-5m-1783164900,Down,0.51398710,6.00929995,11.69153846,11.69153846,5.68223851,77.68236592
169,85dd9560-59e7-433c-95ef-2e6b9e4ce092,2026-07-04 11:59:44,2026-07-04 11:49:30,2026-07-04 11:59:44,2026-07-04 11:50:00,eth-updown-5m-1783165800,Up,0.51000000,6.00930000,11.78294118,11.78294118,5.77364118,83.45600710
170,60b413eb-f589-4599-871b-2fa871b46873,2026-07-04 12:04:41,2026-07-04 11:54:30,2026-07-04 12:04:41,2026-07-04 11:55:00,eth-updown-5m-1783166100,Up,0.53000000,6.00930000,11.33830189,11.33830189,5.32900189,88.78500899
171,5b4760d0-03c8-4ea1-96fc-4071ac9f363e,2026-07-04 12:24:49,2026-07-04 12:14:30,2026-07-04 12:24:49,2026-07-04 12:15:00,eth-updown-5m-1783167300,Down,0.55000000,6.00930000,10.92600000,10.92600000,4.91670000,93.70170899
172,495f7ba8-e9cd-486a-bb47-f20a34e4ea57,2026-07-04 12:35:01,2026-07-04 12:24:30,2026-07-04 12:35:01,2026-07-04 12:25:00,eth-updown-5m-1783167900,Down,0.52228219,6.00930004,11.50584906,0.00000000,-6.00930004,87.69240895
173,8ea50e37-3319-4de6-b495-b4fccf3e1b1c,2026-07-04 12:38:59,2026-07-04 12:29:30,2026-07-04 12:38:59,2026-07-04 12:30:00,eth-updown-5m-1783168200,Down,0.56000000,6.00930000,10.73089286,0.00000000,-6.00930000,81.68310895
174,a089455f-0c05-4dea-b2e1-0f16d6074205,2026-07-04 12:44:24,2026-07-04 12:34:30,2026-07-04 12:44:24,2026-07-04 12:35:00,eth-updown-5m-1783168500,Down,0.56000000,6.00930000,10.73089286,0.00000000,-6.00930000,75.67380895
175,4604d0df-ec51-4e73-bd6f-83f11241c094,2026-07-04 12:52:36,2026-07-04 12:44:30,2026-07-04 12:52:36,2026-07-04 12:45:00,eth-updown-5m-1783169100,Down,0.53819089,6.00929995,11.16574074,11.16574074,5.15644079,80.83024974
176,1f9b0207-05bc-4824-a305-22eda27af8b4,2026-07-04 13:10:22,2026-07-04 12:59:30,2026-07-04 13:10:22,2026-07-04 13:00:00,eth-updown-5m-1783170000,Down,0.55000000,6.00930000,10.92600000,10.92600000,4.91670000,85.74694974
177,66165e28-b249-43a7-ac06-3073348b4c4c,2026-07-04 13:33:10,2026-07-04 13:24:31,2026-07-04 13:33:10,2026-07-04 13:25:00,eth-updown-5m-1783171500,Down,0.50000000,6.00930000,12.01860000,12.01860000,6.00930000,91.75624974
178,f393a1b5-5392-4ec8-af7d-85e487a7b4b6,2026-07-04 13:49:56,2026-07-04 13:39:30,2026-07-04 13:49:56,2026-07-04 13:40:00,eth-updown-5m-1783172400,Up,0.53000000,6.00930000,11.33830189,0.00000000,-6.00930000,85.74694974
179,bf644d1b-040b-4fce-ac75-e0adc5bd43ef,2026-07-04 13:53:49,2026-07-04 13:44:30,2026-07-04 13:53:49,2026-07-04 13:45:00,eth-updown-5m-1783172700,Up,0.52000000,6.00930000,11.55634615,0.00000000,-6.00930000,79.73764974
180,5c02b165-52e1-4aae-841f-1843af85bc4f,2026-07-04 13:59:54,2026-07-04 13:49:30,2026-07-04 13:59:54,2026-07-04 13:50:00,eth-updown-5m-1783173000,Up,0.54000000,6.00930000,11.12833333,0.00000000,-6.00930000,73.72834974
181,a611c5ec-a35e-4685-95d8-c0bfad0b0e45,2026-07-04 14:17:43,2026-07-04 14:09:30,2026-07-04 14:17:43,2026-07-04 14:10:00,eth-updown-5m-1783174200,Down,0.53000000,6.00930000,11.33830189,0.00000000,-6.00930000,67.71904974
182,dcc2ae2e-5e3d-4e25-9296-1ff2cb000f8f,2026-07-04 14:25:04,2026-07-04 14:14:30,2026-07-04 14:25:04,2026-07-04 14:15:00,eth-updown-5m-1783174500,Down,0.56000000,6.00930000,10.73089286,0.00000000,-6.00930000,61.70974974
183,0f241039-cdb9-470d-9760-39e76840cc36,2026-07-04 14:30:07,2026-07-04 14:19:30,2026-07-04 14:30:07,2026-07-04 14:20:00,eth-updown-5m-1783174800,Down,0.56000000,6.00930000,10.73089286,0.00000000,-6.00930000,55.70044974
184,0ea3186e-66b1-4fbb-a3c4-a54c390ecf47,2026-07-04 14:32:55,2026-07-04 14:24:30,2026-07-04 14:32:55,2026-07-04 14:25:00,eth-updown-5m-1783175100,Down,0.56000000,6.00930000,10.73089286,10.73089286,4.72159286,60.42204260
185,fb8d9f9d-3234-4cdc-a627-1d117d2c0af4,2026-07-04 14:49:54,2026-07-04 14:39:30,2026-07-04 14:49:54,2026-07-04 14:40:00,eth-updown-5m-1783176000,Up,0.51000000,6.00930000,11.78294118,11.78294118,5.77364118,66.19568378
186,8faffa05-6c73-4e6a-9df8-24fe7433275b,2026-07-04 14:59:57,2026-07-04 14:49:30,2026-07-04 14:59:57,2026-07-04 14:50:00,eth-updown-5m-1783176600,Up,0.50000000,6.00930000,12.01860000,12.01860000,6.00930000,72.20498378
187,1e594969-917d-4b96-a01d-7eae62506c79,2026-07-04 15:04:41,2026-07-04 14:54:30,2026-07-04 15:04:41,2026-07-04 14:55:00,eth-updown-5m-1783176900,Up,0.50000000,6.00930000,12.01860000,12.01860000,6.00930000,78.21428378
188,11c1d740-428b-4705-b681-2690465ff808,2026-07-04 15:08:02,2026-07-04 14:59:30,2026-07-04 15:08:02,2026-07-04 15:00:00,eth-updown-5m-1783177200,Up,0.49000000,6.00930000,12.26387755,12.26387755,6.25457755,84.46886133
189,a922c521-c188-4d49-aedf-5e1eb6e10447,2026-07-04 15:19:05,2026-07-04 15:09:30,2026-07-04 15:19:05,2026-07-04 15:10:00,eth-updown-5m-1783177800,Down,0.56945985,6.00930000,10.55263158,10.55263158,4.54333158,89.01219291
190,be15559f-5256-4b65-b4c0-bfb36854fcc9,2026-07-04 15:34:32,2026-07-04 15:24:30,2026-07-04 15:34:32,2026-07-04 15:25:00,eth-updown-5m-1783178700,Down,0.55000000,6.00930000,10.92600000,10.92600000,4.91670000,93.92889291
191,e3e72249-5554-4764-8db8-2074bf67ebf1,2026-07-04 16:02:27,2026-07-04 15:54:30,2026-07-04 16:02:27,2026-07-04 15:55:00,eth-updown-5m-1783180500,Down,0.52000000,6.00930000,11.55634615,11.55634615,5.54704615,99.47593906
192,0d9f6680-07be-498c-b6b2-63473d1cacf7,2026-07-04 16:22:49,2026-07-04 16:14:30,2026-07-04 16:22:49,2026-07-04 16:15:00,eth-updown-5m-1783181700,Up,0.52000000,6.00930000,11.55634615,11.55634615,5.54704615,105.02298521
193,eceb8884-9676-4551-b00c-a5d8e7a67405,2026-07-04 16:40:12,2026-07-04 16:29:30,2026-07-04 16:40:12,2026-07-04 16:30:00,eth-updown-5m-1783182600,Down,0.50579159,6.00929996,11.88098039,0.00000000,-6.00929996,99.01368525
194,938f24a6-f7e9-4200-a5ec-d855e1825226,2026-07-04 16:44:24,2026-07-04 16:34:30,2026-07-04 16:44:24,2026-07-04 16:35:00,eth-updown-5m-1783182900,Down,0.51148839,6.00930004,11.74865385,0.00000000,-6.00930004,93.00438521
195,6b0bc7c3-c9c2-4b22-943a-81cf7adf2692,2026-07-04 16:50:12,2026-07-04 16:39:30,2026-07-04 16:50:12,2026-07-04 16:40:00,eth-updown-5m-1783183200,Down,0.50495823,6.00929997,11.90058824,11.90058824,5.89128827,98.89567348
196,96f4e5c6-8865-4457-badc-faf97666b206,2026-07-04 16:59:47,2026-07-04 16:49:30,2026-07-04 16:59:47,2026-07-04 16:50:00,eth-updown-5m-1783183800,Down,0.50000000,6.00930000,12.01860000,0.00000000,-6.00930000,92.88637348
197,0bc5366a-ae9e-45d8-b7ef-2cbfcbdf74e7,2026-07-04 17:04:43,2026-07-04 16:54:30,2026-07-04 17:04:43,2026-07-04 16:55:00,eth-updown-5m-1783184100,Down,0.52000000,6.00930000,11.55634615,11.55634615,5.54704615,98.43341963
198,1fcff3bf-c1e7-4199-85ff-17fbadc5f639,2026-07-04 17:09:42,2026-07-04 16:59:30,2026-07-04 17:09:42,2026-07-04 17:00:00,eth-updown-5m-1783184400,Up,0.51000000,6.00930000,11.78294118,0.00000000,-6.00930000,92.42411963
199,c57f24bf-29a1-428a-b404-79c03bbaf4ea,2026-07-04 17:14:56,2026-07-04 17:04:30,2026-07-04 17:14:56,2026-07-04 17:05:00,eth-updown-5m-1783184700,Up,0.53519956,6.00929995,11.22814815,11.22814815,5.21884820,97.64296783
200,79c914a8-85da-4af6-9776-31b30b3dc8ac,2026-07-04 17:19:55,2026-07-04 17:09:30,2026-07-04 17:19:55,2026-07-04 17:10:00,eth-updown-5m-1783185000,Up,0.53000000,6.00930000,11.33830189,0.00000000,-6.00930000,91.63366783
201,72fe4db7-6746-4050-b2ad-77e8d10093c4,2026-07-04 17:22:08,2026-07-04 17:14:30,2026-07-04 17:22:08,2026-07-04 17:15:00,eth-updown-5m-1783185300,Up,0.54000000,6.00930000,11.12833333,11.12833333,5.11903333,96.75270116
202,ec51cd43-3cb8-4496-8a06-97def5475afc,2026-07-04 17:40:03,2026-07-04 17:29:30,2026-07-04 17:40:03,2026-07-04 17:30:00,eth-updown-5m-1783186200,Down,0.51000000,6.00930000,11.78294118,0.00000000,-6.00930000,90.74340116
203,a9e9f37e-8e81-4f7b-b240-c6cffca24cb9,2026-07-04 17:43:04,2026-07-04 17:34:30,2026-07-04 17:43:04,2026-07-04 17:35:00,eth-updown-5m-1783186500,Down,0.53000000,6.00930000,11.33830189,0.00000000,-6.00930000,84.73410116
204,0273ba72-b40d-4b0b-ab6c-4409a3d4a34b,2026-07-04 17:51:04,2026-07-04 17:39:30,2026-07-04 17:51:04,2026-07-04 17:40:00,eth-updown-5m-1783186800,Down,0.55000000,6.00930000,10.92600000,0.00000000,-6.00930000,78.72480116
205,06562dd6-c88c-473c-83a4-440573d578eb,2026-07-04 17:52:17,2026-07-04 17:44:30,2026-07-04 17:52:17,2026-07-04 17:45:00,eth-updown-5m-1783187100,Down,0.52000000,6.00930000,11.55634615,0.00000000,-6.00930000,72.71550116
206,e336887a-5e94-4668-abf9-f5014cc2c944,2026-07-04 18:03:30,2026-07-04 17:54:30,2026-07-04 18:03:30,2026-07-04 17:55:00,eth-updown-5m-1783187700,Down,0.56000000,6.00930000,10.73089286,10.73089286,4.72159286,77.43709402
207,a845d29b-4af0-43b4-990d-92afbc30c899,2026-07-04 18:10:04,2026-07-04 17:59:30,2026-07-04 18:10:04,2026-07-04 18:00:00,eth-updown-5m-1783188000,Down,0.52000000,6.00930000,11.55634615,11.55634615,5.54704615,82.98414017
208,9b378294-34dc-456f-87fd-33fd39111b5f,2026-07-04 18:29:46,2026-07-04 18:19:30,2026-07-04 18:29:46,2026-07-04 18:20:00,eth-updown-5m-1783189200,Up,0.47000000,6.00930000,12.78574468,0.00000000,-6.00930000,76.97484017
209,1ae00e2d-2f5b-44fb-a5fc-b5fc5bdf1282,2026-07-04 18:35:11,2026-07-04 18:24:30,2026-07-04 18:35:11,2026-07-04 18:25:00,eth-updown-5m-1783189500,Up,0.50000000,6.00930000,12.01860000,0.00000000,-6.00930000,70.96554017
210,52bad92d-3740-4e1d-bb6c-b3af0616a827,2026-07-04 18:39:58,2026-07-04 18:29:30,2026-07-04 18:39:58,2026-07-04 18:30:00,eth-updown-5m-1783189800,Up,0.50329972,6.00929997,11.93980392,0.00000000,-6.00929997,64.95624020
211,c14383cf-6054-4906-8193-964e74b10cb3,2026-07-04 18:44:47,2026-07-04 18:34:30,2026-07-04 18:44:47,2026-07-04 18:35:00,eth-updown-5m-1783190100,Up,0.53000000,6.00930000,11.33830189,0.00000000,-6.00930000,58.94694020
212,6f56040b-205a-44d4-9a7c-4997439ccc67,2026-07-04 18:49:42,2026-07-04 18:39:30,2026-07-04 18:49:42,2026-07-04 18:40:00,eth-updown-5m-1783190400,Up,0.53000000,6.00930000,11.33830189,11.33830189,5.32900189,64.27594209
213,de107148-2417-43a7-91eb-7d3de1bb92c4,2026-07-04 18:54:56,2026-07-04 18:44:30,2026-07-04 18:54:56,2026-07-04 18:45:00,eth-updown-5m-1783190700,Up,0.52000000,6.00930000,11.55634615,0.00000000,-6.00930000,58.26664209
214,558dfd01-5920-4f22-b1cf-3783d1e09ead,2026-07-04 18:59:46,2026-07-04 18:49:30,2026-07-04 18:59:46,2026-07-04 18:50:00,eth-updown-5m-1783191000,Up,0.52651287,6.00930001,11.41339623,11.41339623,5.40409622,63.67073831
215,ee0a5887-e699-4838-b0b7-0f6a8ddd61be,2026-07-04 19:04:52,2026-07-04 18:54:30,2026-07-04 19:04:52,2026-07-04 18:55:00,eth-updown-5m-1783191300,Up,0.51000000,6.00930000,11.78294118,0.00000000,-6.00930000,57.66143831
216,de6ddc81-bca1-4139-9411-7283fa8678aa,2026-07-04 19:09:58,2026-07-04 18:59:30,2026-07-04 19:09:58,2026-07-04 19:00:00,eth-updown-5m-1783191600,Up,0.51000000,6.00930000,11.78294118,11.78294118,5.77364118,63.43507949
217,f408cfb4-2e26-4c03-b28d-912d22a0ccb1,2026-07-04 19:15:29,2026-07-04 19:04:30,2026-07-04 19:15:29,2026-07-04 19:05:00,eth-updown-5m-1783191900,Up,0.51000000,6.00930000,11.78294118,0.00000000,-6.00930000,57.42577949
218,7893f456-86da-4fab-bfb5-32e26f97c474,2026-07-04 19:25:01,2026-07-04 19:14:30,2026-07-04 19:25:01,2026-07-04 19:15:00,eth-updown-5m-1783192500,Up,0.53000000,6.00930000,11.33830189,11.33830189,5.32900189,62.75478138
219,e76f0c81-dba2-47d4-b1aa-2725c61215e1,2026-07-04 19:39:55,2026-07-04 19:29:30,2026-07-04 19:39:55,2026-07-04 19:30:00,eth-updown-5m-1783193400,Up,0.47000000,6.00930000,12.78574468,12.78574468,6.77644468,69.53122606
220,68281a08-3ae3-4c12-a929-798da75fbea2,2026-07-04 20:00:11,2026-07-04 19:49:30,2026-07-04 20:00:11,2026-07-04 19:50:00,eth-updown-5m-1783194600,Up,0.49000000,6.00930000,12.26387755,0.00000000,-6.00930000,63.52192606
221,126c068a-d5ce-4c16-a52b-4530463b4fe7,2026-07-04 20:04:54,2026-07-04 19:54:30,2026-07-04 20:04:54,2026-07-04 19:55:00,eth-updown-5m-1783194900,Up,0.51863637,6.00929999,11.58673077,11.58673077,5.57743078,69.09935684
222,80e39e19-3e15-4745-90fe-e1db59ff74cf,2026-07-04 20:09:27,2026-07-04 19:59:30,2026-07-04 20:09:27,2026-07-04 20:00:00,eth-updown-5m-1783195200,Up,0.52000000,6.00930000,11.55634615,11.55634615,5.54704615,74.64640299
223,9e6eae77-fbdc-4613-869e-cb934423e099,2026-07-04 20:29:36,2026-07-04 20:19:30,2026-07-04 20:29:36,2026-07-04 20:20:00,eth-updown-5m-1783196400,Up,0.52562656,6.00930003,11.43264151,0.00000000,-6.00930003,68.63710296
224,b01556bf-78ef-4c19-b1d0-3ec521f3afa6,2026-07-04 20:34:51,2026-07-04 20:24:30,2026-07-04 20:34:51,2026-07-04 20:25:00,eth-updown-5m-1783196700,Up,0.53534967,6.00930005,11.22500000,0.00000000,-6.00930005,62.62780291
225,043cbfae-dfd6-42c9-8e34-fdd5bb517e48,2026-07-04 20:39:47,2026-07-04 20:29:30,2026-07-04 20:39:47,2026-07-04 20:30:00,eth-updown-5m-1783197000,Up,0.55000000,6.00930000,10.92600000,10.92600000,4.91670000,67.54450291
226,0c0c2377-8a99-45e5-a891-6c5790071d3f,2026-07-04 20:44:48,2026-07-04 20:34:30,2026-07-04 20:44:48,2026-07-04 20:35:00,eth-updown-5m-1783197300,Up,0.55000000,6.00930000,10.92600000,10.92600000,4.91670000,72.46120291
227,c072b025-0ec2-4a10-b2c5-5f4434c060a6,2026-07-04 20:49:52,2026-07-04 20:39:30,2026-07-04 20:49:52,2026-07-04 20:40:00,eth-updown-5m-1783197600,Up,0.51000000,6.00930000,11.78294118,11.78294118,5.77364118,78.23484409
228,bef13280-ab7d-403b-99b7-ba750b2bae91,2026-07-04 20:54:50,2026-07-04 20:44:30,2026-07-04 20:54:50,2026-07-04 20:45:00,eth-updown-5m-1783197900,Up,0.51000000,6.00930000,11.78294118,0.00000000,-6.00930000,72.22554409
229,77830d79-033c-484a-b97d-5d25e2a1c699,2026-07-04 20:59:44,2026-07-04 20:49:30,2026-07-04 20:59:44,2026-07-04 20:50:00,eth-updown-5m-1783198200,Up,0.51000000,6.00930000,11.78294118,11.78294118,5.77364118,77.99918527
230,5756ba69-ffc4-4703-8b7a-7fa853be0886,2026-07-04 21:04:47,2026-07-04 20:54:30,2026-07-04 21:04:47,2026-07-04 20:55:00,eth-updown-5m-1783198500,Up,0.51964546,6.00930002,11.56423077,0.00000000,-6.00930002,71.98988525
231,e8dedbff-7984-4d86-b590-989069832f92,2026-07-04 21:09:53,2026-07-04 20:59:30,2026-07-04 21:09:53,2026-07-04 21:00:00,eth-updown-5m-1783198800,Up,0.52476052,6.00930004,11.45150943,0.00000000,-6.00930004,65.98058521
232,31305a66-3f45-422b-98c5-c2b6f2a8326d,2026-07-04 21:14:49,2026-07-04 21:04:30,2026-07-04 21:14:49,2026-07-04 21:05:00,eth-updown-5m-1783199100,Up,0.52443217,6.00930002,11.45867925,0.00000000,-6.00930002,59.97128519
233,3e634ae7-0637-4333-baaa-d43febe5a5ae,2026-07-04 21:19:42,2026-07-04 21:09:30,2026-07-04 21:19:42,2026-07-04 21:10:00,eth-updown-5m-1783199400,Up,0.51000000,6.00930000,11.78294118,11.78294118,5.77364118,65.74492637
234,9888fb58-40f3-4e72-9f24-6ac3676ea642,2026-07-04 21:24:40,2026-07-04 21:14:30,2026-07-04 21:24:40,2026-07-04 21:15:00,eth-updown-5m-1783199700,Up,0.49000000,6.00930000,12.26387755,12.26387755,6.25457755,71.99950392
235,dd196a0e-557f-41e0-aef8-aa45614c9d3b,2026-07-04 21:37:40,2026-07-04 21:29:30,2026-07-04 21:37:40,2026-07-04 21:30:00,eth-updown-5m-1783200600,Down,0.56000000,6.00930000,10.73089286,10.73089286,4.72159286,76.72109678
236,e0ea1248-9e2d-4364-885b-02ade9e3a307,2026-07-04 21:54:40,2026-07-04 21:44:30,2026-07-04 21:54:40,2026-07-04 21:45:00,eth-updown-5m-1783201500,Up,0.51000000,6.00930000,11.78294118,0.00000000,-6.00930000,70.71179678
237,953441f8-be17-4b99-84d8-0d272dc22238,2026-07-04 22:04:55,2026-07-04 21:54:30,2026-07-04 22:04:55,2026-07-04 21:55:00,eth-updown-5m-1783202100,Up,0.51065253,6.00930005,11.76788462,11.76788462,5.75858457,76.47038135
238,4835fd10-24b5-46fe-9673-0803c8091bc3,2026-07-04 22:19:23,2026-07-04 22:04:30,2026-07-04 22:19:23,2026-07-04 22:05:00,eth-updown-5m-1783202700,Up,0.55000000,6.00930000,10.92600000,10.92600000,4.91670000,81.38708135
239,c9f29324-21f8-4947-bba8-a2a59479cb26,2026-07-04 22:19:56,2026-07-04 22:09:30,2026-07-04 22:19:56,2026-07-04 22:10:00,eth-updown-5m-1783203000,Up,0.52000000,6.00930000,11.55634615,0.00000000,-6.00930000,75.37778135
240,c2fcb35f-7551-40fd-b479-23f9fc1a90ff,2026-07-04 22:24:48,2026-07-04 22:14:30,2026-07-04 22:24:48,2026-07-04 22:15:00,eth-updown-5m-1783203300,Up,0.53000000,6.00930000,11.33830189,11.33830189,5.32900189,80.70678324
241,74d0fbc9-b5f3-4bd2-a664-ee3bfb23cad4,2026-07-04 22:27:03,2026-07-04 22:19:30,2026-07-04 22:27:03,2026-07-04 22:20:00,eth-updown-5m-1783203600,Up,0.51000000,6.00930000,11.78294118,0.00000000,-6.00930000,74.69748324
242,a5a4e21f-66fd-469d-b355-d38942dd76a0,2026-07-04 22:34:36,2026-07-04 22:24:30,2026-07-04 22:34:36,2026-07-04 22:25:00,eth-updown-5m-1783203900,Up,0.55000000,6.00930000,10.92600000,10.92600000,4.91670000,79.61418324
243,15185744-3b73-44f7-99ba-af1136414dd5,2026-07-04 22:39:48,2026-07-04 22:29:30,2026-07-04 22:39:48,2026-07-04 22:30:00,eth-updown-5m-1783204200,Up,0.54000000,6.00930000,11.12833333,0.00000000,-6.00930000,73.60488324
244,e6afc8ca-3ee4-4e91-ac33-669619f0a042,2026-07-04 22:44:51,2026-07-04 22:34:30,2026-07-04 22:44:51,2026-07-04 22:35:00,eth-updown-5m-1783204500,Up,0.52000000,6.00930000,11.55634615,11.55634615,5.54704615,79.15192939
245,abbd343a-dc0c-4fe8-8f15-97a8c19cec9d,2026-07-04 22:49:57,2026-07-04 22:39:30,2026-07-04 22:49:57,2026-07-04 22:40:00,eth-updown-5m-1783204800,Up,0.52000000,6.00930000,11.55634615,0.00000000,-6.00930000,73.14262939
246,aa782caa-28eb-4832-889d-037bc669910f,2026-07-04 22:54:40,2026-07-04 22:44:30,2026-07-04 22:54:40,2026-07-04 22:45:00,eth-updown-5m-1783205100,Up,0.53000000,6.00930000,11.33830189,0.00000000,-6.00930000,67.13332939
247,62ae0222-5495-425b-830d-a59bcbea380c,2026-07-04 22:57:17,2026-07-04 22:49:30,2026-07-04 22:57:17,2026-07-04 22:50:00,eth-updown-5m-1783205400,Up,0.55000000,6.00930000,10.92600000,10.92600000,4.91670000,72.05002939
248,c61cad07-9610-47dd-97d3-c2d0bb8ff7a3,2026-07-04 23:10:00,2026-07-04 22:59:30,2026-07-04 23:10:00,2026-07-04 23:00:00,eth-updown-5m-1783206000,Up,0.52966506,6.00929995,11.34547170,0.00000000,-6.00929995,66.04072944
249,31a74d28-947e-4499-b879-e43f56f4846f,2026-07-04 23:14:54,2026-07-04 23:04:30,2026-07-04 23:14:54,2026-07-04 23:05:00,eth-updown-5m-1783206300,Up,0.51000000,6.00930000,11.78294118,11.78294118,5.77364118,71.81437062
250,db840852-acdc-4049-831a-e2edadcf33aa,2026-07-04 23:19:53,2026-07-04 23:09:30,2026-07-04 23:19:53,2026-07-04 23:10:00,eth-updown-5m-1783206600,Up,0.50000000,6.00930000,12.01860000,0.00000000,-6.00930000,65.80507062
251,889cd684-2ec8-4f3c-acb6-2058f9974034,2026-07-04 23:24:53,2026-07-04 23:14:30,2026-07-04 23:24:53,2026-07-04 23:15:00,eth-updown-5m-1783206900,Up,0.54000000,6.00930000,11.12833333,11.12833333,5.11903333,70.92410395
252,eccb4845-3a4b-4a81-9f26-2f16384567c0,2026-07-04 23:29:53,2026-07-04 23:19:30,2026-07-04 23:29:53,2026-07-04 23:20:00,eth-updown-5m-1783207200,Up,0.52562656,6.00930003,11.43264151,11.43264151,5.42334148,76.34744543
253,a39d70af-9425-4935-bf57-2ee4afed3d01,2026-07-04 23:34:41,2026-07-04 23:24:30,2026-07-04 23:34:41,2026-07-04 23:25:00,eth-updown-5m-1783207500,Up,0.53000000,6.00930000,11.33830189,11.33830189,5.32900189,81.67644732
254,41c735bc-28fc-4b27-9d8a-6ed7ae4cf872,2026-07-04 23:40:02,2026-07-04 23:29:30,2026-07-04 23:40:02,2026-07-04 23:30:00,eth-updown-5m-1783207800,Up,0.52132470,6.00929998,11.52698113,11.52698113,5.51768115,87.19412847
255,9cb6fa2f-9f01-42b0-977e-c998e84b7c6e,2026-07-04 23:44:36,2026-07-04 23:34:30,2026-07-04 23:44:36,2026-07-04 23:35:00,eth-updown-5m-1783208100,Up,0.51000000,6.00930000,11.78294118,0.00000000,-6.00930000,81.18482847
256,178efa28-933c-4d85-a8fb-2765d5f58abc,2026-07-04 23:49:43,2026-07-04 23:39:30,2026-07-04 23:49:43,2026-07-04 23:40:00,eth-updown-5m-1783208400,Up,0.51000000,6.00930000,11.78294118,11.78294118,5.77364118,86.95846965
257,ee512f79-6e96-4752-bb79-b7722b45f000,2026-07-04 23:59:36,2026-07-04 23:49:30,2026-07-04 23:59:36,2026-07-04 23:50:00,eth-updown-5m-1783209000,Up,0.51000000,6.00930000,11.78294118,0.00000000,-6.00930000,80.94916965
258,4e5c44b2-67d9-405c-a6ba-644e7ae08d95,2026-07-05 00:04:41,2026-07-04 23:54:30,2026-07-05 00:04:41,2026-07-04 23:55:00,eth-updown-5m-1783209300,Up,0.51049402,6.00929999,11.77153846,0.00000000,-6.00929999,74.93986966
259,2943c72d-ea49-4b50-8260-c3020b279c8f,2026-07-05 00:14:51,2026-07-05 00:04:30,2026-07-05 00:14:51,2026-07-05 00:05:00,eth-updown-5m-1783209900,Up,0.51065253,6.00930005,11.76788462,0.00000000,-6.00930005,68.93056961
260,adb732f9-c630-4594-afd1-b19c7e3b7038,2026-07-05 00:24:45,2026-07-05 00:14:30,2026-07-05 00:24:45,2026-07-05 00:15:00,eth-updown-5m-1783210500,Up,0.53116102,6.00930004,11.31351852,0.00000000,-6.00930004,62.92126957
261,53d75a63-0bd8-448e-8d22-1812c4fed9bf,2026-07-05 00:29:54,2026-07-05 00:19:30,2026-07-05 00:29:54,2026-07-05 00:20:00,eth-updown-5m-1783210800,Up,0.54000000,6.00930000,11.12833333,0.00000000,-6.00930000,56.91196957
262,5b7f6699-137a-4c41-968e-30393957ebeb,2026-07-05 00:34:55,2026-07-05 00:24:30,2026-07-05 00:34:55,2026-07-05 00:25:00,eth-updown-5m-1783211100,Up,0.54000000,6.00930000,11.12833333,11.12833333,5.11903333,62.03100290
263,f7658c55-49f5-4d89-9fc4-8739af386d50,2026-07-05 00:37:38,2026-07-05 00:29:30,2026-07-05 00:37:38,2026-07-05 00:30:00,eth-updown-5m-1783211400,Up,0.52132470,6.00929998,11.52698113,0.00000000,-6.00929998,56.02170292
264,b90aea77-362a-43a2-9fb4-11de166f61dc,2026-07-05 00:44:56,2026-07-05 00:34:30,2026-07-05 00:44:56,2026-07-05 00:35:00,eth-updown-5m-1783211700,Up,0.53317702,6.00929996,11.27074074,11.27074074,5.26144078,61.28314370
265,615609e6-42de-4f72-99e7-2a2d6f1180fa,2026-07-05 00:49:57,2026-07-05 00:39:30,2026-07-05 00:49:57,2026-07-05 00:40:00,eth-updown-5m-1783212000,Up,0.52730613,6.00930005,11.39622642,0.00000000,-6.00930005,55.27384365
266,c31fb003-7ad8-4ba7-a36c-eed9516762c9,2026-07-05 00:54:43,2026-07-05 00:44:30,2026-07-05 00:54:43,2026-07-05 00:45:00,eth-updown-5m-1783212300,Up,0.51000000,6.00930000,11.78294118,0.00000000,-6.00930000,49.26454365
267,5f2a159f-f8a5-4726-a9b6-d6153b32f166,2026-07-05 00:59:53,2026-07-05 00:49:30,2026-07-05 00:59:53,2026-07-05 00:50:00,eth-updown-5m-1783212600,Up,0.51000000,6.00930000,11.78294118,0.00000000,-6.00930000,43.25524365
268,a06bb8be-d166-4432-bf25-5ebf2dd34644,2026-07-05 01:04:20,2026-07-05 00:54:30,2026-07-05 01:04:20,2026-07-05 00:55:00,eth-updown-5m-1783212900,Up,0.53000000,6.00930000,11.33830189,0.00000000,-6.00930000,37.24594365
269,64bb3e99-979a-41df-9342-efed6b5096fe,2026-07-05 01:09:49,2026-07-05 00:59:30,2026-07-05 01:09:49,2026-07-05 01:00:00,eth-updown-5m-1783213200,Up,0.54000000,6.00930000,11.12833333,11.12833333,5.11903333,42.36497698
270,691d3edb-90f4-4c63-bad5-ea0e74de5d94,2026-07-05 01:14:57,2026-07-05 01:04:30,2026-07-05 01:14:57,2026-07-05 01:05:00,eth-updown-5m-1783213500,Up,0.51000000,6.00930000,11.78294118,0.00000000,-6.00930000,36.35567698
271,ea7e6483-8b27-4b47-b57b-ea99befe2b50,2026-07-05 01:19:40,2026-07-05 01:09:30,2026-07-05 01:19:40,2026-07-05 01:10:00,eth-updown-5m-1783213800,Up,0.52297685,6.00930003,11.49056604,0.00000000,-6.00930003,30.34637695
272,e65f8e17-e160-42e3-824f-54e28ecef668,2026-07-05 01:24:45,2026-07-05 01:14:30,2026-07-05 01:24:45,2026-07-05 01:15:00,eth-updown-5m-1783214100,Up,0.53000000,6.00930000,11.33830189,0.00000000,-6.00930000,24.33707695
273,326e79be-2c00-44c6-8ff1-0b2caa6171d5,2026-07-05 01:34:54,2026-07-05 01:24:30,2026-07-05 01:34:54,2026-07-05 01:25:00,eth-updown-5m-1783214700,Up,0.56000000,6.00930000,10.73089286,10.73089286,4.72159286,29.05866981
274,d9e8dc46-1fba-41c6-8f86-5df88d269638,2026-07-05 01:40:38,2026-07-05 01:29:30,2026-07-05 01:40:38,2026-07-05 01:30:00,eth-updown-5m-1783215000,Up,0.52000000,6.00930000,11.55634615,0.00000000,-6.00930000,23.04936981
275,843654b3-2490-49fb-b6a9-8bab695acee8,2026-07-05 01:44:38,2026-07-05 01:34:30,2026-07-05 01:44:38,2026-07-05 01:35:00,eth-updown-5m-1783215300,Up,0.54000000,6.00930000,11.12833333,11.12833333,5.11903333,28.16840314
276,5ef712f9-9dbb-4c47-a568-a247407456bd,2026-07-05 01:49:58,2026-07-05 01:39:30,2026-07-05 01:49:58,2026-07-05 01:40:00,eth-updown-5m-1783215600,Up,0.54277421,6.00930000,11.07145455,11.07145455,5.06215455,33.23055769
277,53cb627b-d90f-4c3f-a4a1-953bbda66e79,2026-07-05 01:51:37,2026-07-05 01:44:30,2026-07-05 01:51:37,2026-07-05 01:45:00,eth-updown-5m-1783215900,Up,0.53000000,6.00930000,11.33830189,0.00000000,-6.00930000,27.22125769
278,4437d59c-98fe-4493-ab00-ee2bfdc4d20c,2026-07-05 02:00:16,2026-07-05 01:49:30,2026-07-05 02:00:16,2026-07-05 01:50:00,eth-updown-5m-1783216200,Up,0.52100064,6.00930002,11.53415094,11.53415094,5.52485092,32.74610861
279,d7d7de5e-3a4d-415d-a919-90b9b4a0bb94,2026-07-05 02:02:13,2026-07-05 01:54:30,2026-07-05 02:02:13,2026-07-05 01:55:00,eth-updown-5m-1783216500,Up,0.52000000,6.00930000,11.55634615,11.55634615,5.54704615,38.29315476
280,38a2a85b-a44c-4819-a3b9-dcd2ac1323e5,2026-07-05 02:08:05,2026-07-05 01:59:30,2026-07-05 02:08:05,2026-07-05 02:00:00,eth-updown-5m-1783216800,Up,0.50000000,6.00930000,12.01860000,0.00000000,-6.00930000,32.28385476
281,aa347344-3366-49e0-8fa5-78a574013f0f,2026-07-05 02:13:57,2026-07-05 02:04:30,2026-07-05 02:13:57,2026-07-05 02:05:00,eth-updown-5m-1783217100,Up,0.52000000,6.00930000,11.55634615,0.00000000,-6.00930000,26.27455476
282,aefdc6ec-be69-4152-9495-2a599b467319,2026-07-05 02:20:18,2026-07-05 02:09:30,2026-07-05 02:20:18,2026-07-05 02:10:00,eth-updown-5m-1783217400,Up,0.53813734,6.00929995,11.16685185,0.00000000,-6.00929995,20.26525481
283,a1772fc3-13d9-46d8-bb57-be61a6b9ce32,2026-07-05 02:25:02,2026-07-05 02:14:30,2026-07-05 02:25:02,2026-07-05 02:15:00,eth-updown-5m-1783217700,Up,0.56000000,6.00930000,10.73089286,10.73089286,4.72159286,24.98684767
284,e15f5806-af64-41ad-b4ec-674787aba328,2026-07-05 02:28:45,2026-07-05 02:19:30,2026-07-05 02:28:45,2026-07-05 02:20:00,eth-updown-5m-1783218000,Up,0.53554404,6.00930001,11.22092593,0.00000000,-6.00930001,18.97754766
285,dc01b202-f00a-4ae2-bbb1-9bd9d4700cbf,2026-07-05 02:32:56,2026-07-05 02:24:30,2026-07-05 02:32:56,2026-07-05 02:25:00,eth-updown-5m-1783218300,Up,0.52158083,6.00930004,11.52132075,11.52132075,5.51202071,24.48956837
286,4ec7fb07-72c8-454e-b5d0-259f97b94717,2026-07-05 02:39:08,2026-07-05 02:29:30,2026-07-05 02:39:08,2026-07-05 02:30:00,eth-updown-5m-1783218600,Up,0.52000000,6.00930000,11.55634615,11.55634615,5.54704615,30.03661452
287,c67affa1-ed6e-4eb5-8189-b266d0340f65,2026-07-05 02:45:33,2026-07-05 02:34:30,2026-07-05 02:45:33,2026-07-05 02:35:00,eth-updown-5m-1783218900,Up,0.51000000,6.00930000,11.78294118,0.00000000,-6.00930000,24.02731452
288,d4afeb50-97ed-456d-bdad-d8284d4447b1,2026-07-05 02:47:28,2026-07-05 02:39:30,2026-07-05 02:47:28,2026-07-05 02:40:00,eth-updown-5m-1783219200,Up,0.50000000,6.00930000,12.01860000,0.00000000,-6.00930000,18.01801452
289,6630654f-572c-4db2-8716-b9dc7e9bc64a,2026-07-05 02:54:17,2026-07-05 02:44:30,2026-07-05 02:54:17,2026-07-05 02:45:00,eth-updown-5m-1783219500,Up,0.52000000,6.00930000,11.55634615,11.55634615,5.54704615,23.56506067
290,ef86c1b6-4bc8-453e-8898-5e09cf6c4a8e,2026-07-05 02:57:48,2026-07-05 02:49:30,2026-07-05 02:57:48,2026-07-05 02:50:00,eth-updown-5m-1783219800,Up,0.53580932,6.00929997,11.21537037,11.21537037,5.20607040,28.77113107
291,72cb5464-c106-46a7-9661-f2b7e8c95637,2026-07-05 03:03:08,2026-07-05 02:54:30,2026-07-05 03:03:08,2026-07-05 02:55:00,eth-updown-5m-1783220100,Up,0.53000000,6.00930000,11.33830189,11.33830189,5.32900189,34.10013296
292,d702ab90-33dc-4b0e-b0bf-2c790aea1ff9,2026-07-05 03:09:42,2026-07-05 02:59:30,2026-07-05 03:09:42,2026-07-05 03:00:00,eth-updown-5m-1783220400,Up,0.52000000,6.00930000,11.55634615,11.55634615,5.54704615,39.64717911
293,eec61486-44a6-47f5-bb87-733df72773d2,2026-07-05 03:12:19,2026-07-05 03:04:30,2026-07-05 03:12:19,2026-07-05 03:05:00,eth-updown-5m-1783220700,Up,0.51000000,6.00930000,11.78294118,11.78294118,5.77364118,45.42082029
294,f51c4103-f7fe-4780-ab83-079671c68ed9,2026-07-05 03:20:21,2026-07-05 03:09:30,2026-07-05 03:20:21,2026-07-05 03:10:00,eth-updown-5m-1783221000,Up,0.49000000,6.00930000,12.26387755,12.26387755,6.25457755,51.67539784
295,030a3326-3a69-4060-b440-262ff09f4117,2026-07-05 03:30:19,2026-07-05 03:19:30,2026-07-05 03:30:19,2026-07-05 03:20:00,eth-updown-5m-1783221600,Up,0.50000000,6.00930000,12.01860000,0.00000000,-6.00930000,45.66609784
296,82fc32e4-9e4e-431f-a72d-b7a55aa9d919,2026-07-05 03:35:24,2026-07-05 03:24:30,2026-07-05 03:35:24,2026-07-05 03:25:00,eth-updown-5m-1783221900,Up,0.53000000,6.00930000,11.33830189,0.00000000,-6.00930000,39.65679784
297,d9b97b1e-e9af-4d77-a493-aaed5e62c62a,2026-07-05 03:40:29,2026-07-05 03:29:30,2026-07-05 03:40:29,2026-07-05 03:30:00,eth-updown-5m-1783222200,Up,0.55000000,6.00930000,10.92600000,10.92600000,4.91670000,44.57349784
298,cec4b02a-a2c4-4a4b-81b7-f5b61a905e3d,2026-07-05 03:45:27,2026-07-05 03:34:30,2026-07-05 03:45:27,2026-07-05 03:35:00,eth-updown-5m-1783222500,Up,0.54000000,6.00930000,11.12833333,11.12833333,5.11903333,49.69253117
299,ff28e292-78dc-48e3-9eea-1d7f36eeeda5,2026-07-05 03:47:17,2026-07-05 03:39:30,2026-07-05 03:47:17,2026-07-05 03:40:00,eth-updown-5m-1783222800,Up,0.50000000,6.00930000,12.01860000,0.00000000,-6.00930000,43.68323117
300,ea0e4dc9-87dc-478c-a7fe-58d6bc32c09d,2026-07-05 03:55:22,2026-07-05 03:44:30,2026-07-05 03:55:22,2026-07-05 03:45:00,eth-updown-5m-1783223100,Up,0.51000000,6.00930000,11.78294118,11.78294118,5.77364118,49.45687235
301,ddc685c8-7e9b-4876-a255-14e35c195641,2026-07-05 04:00:30,2026-07-05 03:49:30,2026-07-05 04:00:30,2026-07-05 03:50:00,eth-updown-5m-1783223400,Up,0.51000000,6.00930000,11.78294118,0.00000000,-6.00930000,43.44757235
302,eac9247b-5512-4e97-a53f-05e9e61e3c50,2026-07-05 04:05:37,2026-07-05 03:54:30,2026-07-05 04:05:37,2026-07-05 03:55:00,eth-updown-5m-1783223700,Up,0.51000000,6.00930000,11.78294118,0.00000000,-6.00930000,37.43827235
303,fa813d9b-735c-4154-a32f-970b511a37fd,2026-07-05 04:10:10,2026-07-05 03:59:30,2026-07-05 04:10:10,2026-07-05 04:00:00,eth-updown-5m-1783224000,Up,0.51000000,6.00930000,11.78294118,11.78294118,5.77364118,43.21191353
304,f10a6076-263d-4ce2-b915-c2d50a4dfd4f,2026-07-05 04:20:21,2026-07-05 04:09:30,2026-07-05 04:20:21,2026-07-05 04:10:00,eth-updown-5m-1783224600,Up,0.47000000,6.00930000,12.78574468,12.78574468,6.77644468,49.98835821
305,537af90f-5e36-41fb-8ee9-22971355bd5a,2026-07-05 04:25:15,2026-07-05 04:14:30,2026-07-05 04:25:15,2026-07-05 04:15:00,eth-updown-5m-1783224900,Up,0.49000000,6.00930000,12.26387755,12.26387755,6.25457755,56.24293576
306,0f2e852b-8c2d-49d2-8d8a-c12a03effde0,2026-07-05 04:30:03,2026-07-05 04:19:30,2026-07-05 04:30:03,2026-07-05 04:20:00,eth-updown-5m-1783225200,Up,0.47000000,6.00930000,12.78574468,12.78574468,6.77644468,63.01938044
307,48d00512-f383-4005-8cb1-edff2e482143,2026-07-05 04:32:25,2026-07-05 04:24:30,2026-07-05 04:32:25,2026-07-05 04:25:00,eth-updown-5m-1783225500,Up,0.44000000,6.00930000,13.65750000,0.00000000,-6.00930000,57.01008044
308,986e55c2-85b1-4a3b-baa4-e7204f46bc59,2026-07-05 04:39:45,2026-07-05 04:29:30,2026-07-05 04:39:45,2026-07-05 04:30:00,eth-updown-5m-1783225800,Up,0.44000000,6.00930000,13.65750000,13.65750000,7.64820000,64.65828044
309,3cff78bf-b34e-4eb7-846a-e1692f09c3cb,2026-07-05 04:45:26,2026-07-05 04:34:30,2026-07-05 04:45:26,2026-07-05 04:35:00,eth-updown-5m-1783226100,Up,0.46000000,6.00930000,13.06369565,0.00000000,-6.00930000,58.64898044
310,63c6d96b-e4ef-483a-92b9-f9fe76e89d27,2026-07-05 04:53:36,2026-07-05 04:44:30,2026-07-05 04:53:36,2026-07-05 04:45:00,eth-updown-5m-1783226700,Up,0.46000000,6.00930000,13.06369565,0.00000000,-6.00930000,52.63968044
311,8c3cc086-33a1-4531-9bc7-4ab8d698c1da,2026-07-05 05:00:18,2026-07-05 04:49:30,2026-07-05 05:00:18,2026-07-05 04:50:00,eth-updown-5m-1783227000,Up,0.50000000,6.00930000,12.01860000,0.00000000,-6.00930000,46.63038044
312,89d82b7d-a877-47d5-bacb-ae07deb79af6,2026-07-05 05:03:15,2026-07-05 04:54:30,2026-07-05 05:03:15,2026-07-05 04:55:00,eth-updown-5m-1783227300,Up,0.50579159,6.00929996,11.88098039,0.00000000,-6.00929996,40.62108048
313,1ed1b50c-3ac1-4981-b1eb-c2d11350abce,2026-07-05 05:10:05,2026-07-05 04:59:30,2026-07-05 05:10:05,2026-07-05 05:00:00,eth-updown-5m-1783227600,Up,0.50495823,6.00929997,11.90058824,0.00000000,-6.00929997,34.61178051
314,554851c1-1f30-435a-9e18-4022a740b694,2026-07-05 05:15:05,2026-07-05 05:04:30,2026-07-05 05:15:05,2026-07-05 05:05:00,eth-updown-5m-1783227900,Up,0.53000000,6.00930000,11.33830189,0.00000000,-6.00930000,28.60248051
315,872a48c3-7704-41d7-99b2-9bfda1aecebb,2026-07-05 05:20:28,2026-07-05 05:09:30,2026-07-05 05:20:28,2026-07-05 05:10:00,eth-updown-5m-1783228200,Up,0.54000000,6.00930000,11.12833333,11.12833333,5.11903333,33.72151384
316,3f360a93-4627-4a4b-8bf2-fac321870f5c,2026-07-05 05:22:41,2026-07-05 05:14:30,2026-07-05 05:22:41,2026-07-05 05:15:00,eth-updown-5m-1783228500,Up,0.52000000,6.00930000,11.55634615,11.55634615,5.54704615,39.26855999
317,cc1ac7d0-4b09-46eb-ab1d-e688425ac97e,2026-07-05 05:29:42,2026-07-05 05:19:30,2026-07-05 05:29:42,2026-07-05 05:20:00,eth-updown-5m-1783228800,Up,0.52000000,6.00930000,11.55634615,0.00000000,-6.00930000,33.25925999
318,57f08a2e-a271-49c3-b4a0-9ec80a3ba13d,2026-07-05 05:35:09,2026-07-05 05:24:30,2026-07-05 05:35:09,2026-07-05 05:25:00,eth-updown-5m-1783229100,Up,0.53000000,6.00930000,11.33830189,11.33830189,5.32900189,38.58826188
319,06184018-fea4-4b71-a9c7-25624aa38daf,2026-07-05 05:39:56,2026-07-05 05:29:30,2026-07-05 05:39:56,2026-07-05 05:30:00,eth-updown-5m-1783229400,Up,0.53000000,6.00930000,11.33830189,11.33830189,5.32900189,43.91726377
320,b18c4e12-141e-4d2b-95d4-3c9fbd41a718,2026-07-05 05:45:27,2026-07-05 05:34:30,2026-07-05 05:45:27,2026-07-05 05:35:00,eth-updown-5m-1783229700,Up,0.52000000,6.00930000,11.55634615,0.00000000,-6.00930000,37.90796377
321,14bab3a2-389a-4b0f-ac08-0c87ffbb0e8a,2026-07-05 05:50:07,2026-07-05 05:39:30,2026-07-05 05:50:07,2026-07-05 05:40:00,eth-updown-5m-1783230000,Up,0.51000000,6.00930000,11.78294118,0.00000000,-6.00930000,31.89866377
322,82b62638-8b6f-4bd7-8b24-6d91934d0726,2026-07-05 05:55:10,2026-07-05 05:44:30,2026-07-05 05:55:10,2026-07-05 05:45:00,eth-updown-5m-1783230300,Up,0.55000000,6.00930000,10.92600000,10.92600000,4.91670000,36.81536377
323,977422ca-c36d-4b9c-81f1-167c196318be,2026-07-05 06:00:10,2026-07-05 05:49:30,2026-07-05 06:00:10,2026-07-05 05:50:00,eth-updown-5m-1783230600,Up,0.53000000,6.00930000,11.33830189,11.33830189,5.32900189,42.14436566
324,4707feb9-3836-40e1-a89a-ad95dd3bdb24,2026-07-05 06:05:29,2026-07-05 05:54:30,2026-07-05 06:05:29,2026-07-05 05:55:00,eth-updown-5m-1783230900,Up,0.51000000,6.00930000,11.78294118,11.78294118,5.77364118,47.91800684
325,98d96a22-10f4-47c8-b56f-ca0cce7ceed1,2026-07-05 06:10:03,2026-07-05 05:59:30,2026-07-05 06:10:03,2026-07-05 06:00:00,eth-updown-5m-1783231200,Up,0.51000000,6.00930000,11.78294118,0.00000000,-6.00930000,41.90870684
326,8a342f5e-3b80-4b59-bb00-88540d375ebd,2026-07-05 06:19:57,2026-07-05 06:09:30,2026-07-05 06:19:57,2026-07-05 06:10:00,eth-updown-5m-1783231800,Up,0.51000000,6.00930000,11.78294118,11.78294118,5.77364118,47.68234802
327,87599d8d-343e-4d4c-8425-e14401787a43,2026-07-05 06:25:09,2026-07-05 06:14:30,2026-07-05 06:25:09,2026-07-05 06:15:00,eth-updown-5m-1783232100,Up,0.52000000,6.00930000,11.55634615,11.55634615,5.54704615,53.22939417
328,336c47a0-c431-4151-94c3-d2d71f72967f,2026-07-05 06:30:21,2026-07-05 06:19:31,2026-07-05 06:30:21,2026-07-05 06:20:00,eth-updown-5m-1783232400,Up,0.51000000,6.00930000,11.78294118,0.00000000,-6.00930000,47.22009417
329,3ef8565c-6c32-4544-b26d-63e3b18e105f,2026-07-05 06:34:36,2026-07-05 06:24:30,2026-07-05 06:34:36,2026-07-05 06:25:00,eth-updown-5m-1783232700,Up,0.51230179,6.00930000,11.73000000,11.73000000,5.72070000,52.94079417
330,8e127b1b-5031-4b7a-9cff-c7b7f496cb54,2026-07-05 06:40:12,2026-07-05 06:29:30,2026-07-05 06:40:12,2026-07-05 06:30:00,eth-updown-5m-1783233000,Up,0.51000000,6.00930000,11.78294118,11.78294118,5.77364118,58.71443535
331,1ff142e5-4b13-4128-a22e-6a3a07058c9b,2026-07-05 06:53:52,2026-07-05 06:44:30,2026-07-05 06:53:52,2026-07-05 06:45:00,eth-updown-5m-1783233900,Up,0.50000000,6.00930000,12.01860000,0.00000000,-6.00930000,52.70513535
332,ef5a329f-b96b-4d55-8425-b6cadf340363,2026-07-05 06:59:50,2026-07-05 06:49:30,2026-07-05 06:59:50,2026-07-05 06:50:00,eth-updown-5m-1783234200,Up,0.51000000,6.00930000,11.78294118,0.00000000,-6.00930000,46.69583535
333,1327f8aa-9a47-4527-81d9-c04ffdcf1a90,2026-07-05 07:10:02,2026-07-05 06:59:30,2026-07-05 07:10:02,2026-07-05 07:00:00,eth-updown-5m-1783234800,Up,0.51000000,6.00930000,11.78294118,0.00000000,-6.00930000,40.68653535
334,c08b08bc-92e0-446e-9920-730c9ccd234d,2026-07-05 07:17:38,2026-07-05 07:09:30,2026-07-05 07:17:38,2026-07-05 07:10:00,eth-updown-5m-1783235400,Up,0.51000000,6.00930000,11.78294118,0.00000000,-6.00930000,34.67723535
335,21685163-5e94-460b-a6db-40c9fa11457f,2026-07-05 07:25:14,2026-07-05 07:14:30,2026-07-05 07:25:14,2026-07-05 07:15:00,eth-updown-5m-1783235700,Up,0.52000000,6.00930000,11.55634615,11.55634615,5.54704615,40.22428150
336,e3a2c689-e7e1-4b7a-8826-8fd91b44fab3,2026-07-05 07:30:29,2026-07-05 07:19:30,2026-07-05 07:30:29,2026-07-05 07:20:00,eth-updown-5m-1783236000,Up,0.53000000,6.00930000,11.33830189,11.33830189,5.32900189,45.55328339
337,377138a2-aa45-4ec4-b664-d1ddbda891d1,2026-07-05 07:34:54,2026-07-05 07:24:30,2026-07-05 07:34:54,2026-07-05 07:25:00,eth-updown-5m-1783236300,Up,0.51000000,6.00930000,11.78294118,0.00000000,-6.00930000,39.54398339
338,70d38c20-f825-45e4-b09b-429096bfee15,2026-07-05 07:39:48,2026-07-05 07:29:30,2026-07-05 07:39:48,2026-07-05 07:30:00,eth-updown-5m-1783236600,Up,0.52562656,6.00930003,11.43264151,11.43264151,5.42334148,44.96732487
339,3779a868-8246-4992-b42d-aea158e28ba0,2026-07-05 07:42:22,2026-07-05 07:34:30,2026-07-05 07:42:22,2026-07-05 07:35:00,eth-updown-5m-1783236900,Up,0.49000000,6.00930000,12.26387755,12.26387755,6.25457755,51.22190242
340,c3f04c50-5fa7-4a10-aed7-a76d3c535906,2026-07-05 07:49:43,2026-07-05 07:39:30,2026-07-05 07:49:43,2026-07-05 07:40:00,eth-updown-5m-1783237200,Up,0.49000000,6.00930000,12.26387755,12.26387755,6.25457755,57.47647997
341,db4684f4-63a5-44fb-9c09-b489b6faf682,2026-07-05 07:59:55,2026-07-05 07:49:30,2026-07-05 07:59:55,2026-07-05 07:50:00,eth-updown-5m-1783237800,Up,0.49000000,6.00930000,12.26387755,12.26387755,6.25457755,63.73105752
342,d3f9d5f5-ae6f-4b19-81db-614b876a85b7,2026-07-05 08:20:05,2026-07-05 08:09:30,2026-07-05 08:20:05,2026-07-05 08:10:00,eth-updown-5m-1783239000,Up,0.51000000,6.00930000,11.78294118,11.78294118,5.77364118,69.50469870
343,b80de204-ddff-4713-8f4e-43d5c2bbc2f4,2026-07-05 08:24:41,2026-07-05 08:14:30,2026-07-05 08:24:41,2026-07-05 08:15:00,eth-updown-5m-1783239300,Down,0.52000000,6.00930000,11.55634615,11.55634615,5.54704615,75.05174485
344,3ff80be4-afec-4466-b1cc-5a324cd07678,2026-07-05 08:40:06,2026-07-05 08:29:30,2026-07-05 08:40:06,2026-07-05 08:30:00,eth-updown-5m-1783240200,Up,0.52000000,6.00930000,11.55634615,11.55634615,5.54704615,80.59879100
345,d58a0bf8-754e-4b3f-852e-f2e107bb0bdf,2026-07-05 08:48:21,2026-07-05 08:39:30,2026-07-05 08:48:21,2026-07-05 08:40:00,eth-updown-5m-1783240800,Up,0.51000000,6.00930000,11.78294118,11.78294118,5.77364118,86.37243218
346,deca246c-384a-4866-8f68-ef25c44bdce0,2026-07-05 09:09:59,2026-07-05 08:59:30,2026-07-05 09:09:59,2026-07-05 09:00:00,eth-updown-5m-1783242000,Up,0.51000000,6.00930000,11.78294118,0.00000000,-6.00930000,80.36313218
347,7bf314f7-c6f8-42c3-b834-b5e5e9b60d83,2026-07-05 09:14:52,2026-07-05 09:04:30,2026-07-05 09:14:52,2026-07-05 09:05:00,eth-updown-5m-1783242300,Up,0.53000000,6.00930000,11.33830189,11.33830189,5.32900189,85.69213407
348,e64e30da-7b33-45b6-b011-9ce6b684c5a9,2026-07-05 09:19:51,2026-07-05 09:09:30,2026-07-05 09:19:51,2026-07-05 09:10:00,eth-updown-5m-1783242600,Up,0.53000000,6.00930000,11.33830189,0.00000000,-6.00930000,79.68283407
349,31866ab0-5836-4684-a3da-4854b622d0ca,2026-07-05 09:25:08,2026-07-05 09:14:30,2026-07-05 09:25:08,2026-07-05 09:15:00,eth-updown-5m-1783242900,Up,0.51065253,6.00930005,11.76788462,11.76788462,5.75858457,85.44141864
350,2c055899-5f1c-443c-8d13-414987db1b27,2026-07-05 09:30:03,2026-07-05 09:19:30,2026-07-05 09:30:03,2026-07-05 09:20:00,eth-updown-5m-1783243200,Up,0.52000000,6.00930000,11.55634615,0.00000000,-6.00930000,79.43211864
351,b62ae560-a4cb-403b-b59f-26fa8d94b18a,2026-07-05 09:35:21,2026-07-05 09:24:30,2026-07-05 09:35:21,2026-07-05 09:25:00,eth-updown-5m-1783243500,Up,0.55000000,6.00930000,10.92600000,0.00000000,-6.00930000,73.42281864
352,43b93feb-1af0-46cb-8b93-b795a8915231,2026-07-05 09:40:03,2026-07-05 09:29:30,2026-07-05 09:40:03,2026-07-05 09:30:00,eth-updown-5m-1783243800,Up,0.56000000,6.00930000,10.73089286,0.00000000,-6.00930000,67.41351864
353,f1c864e4-4f35-425b-869e-353bcba2e6af,2026-07-05 09:49:44,2026-07-05 09:39:30,2026-07-05 09:49:44,2026-07-05 09:40:00,eth-updown-5m-1783244400,Up,0.54000000,6.00930000,11.12833333,0.00000000,-6.00930000,61.40421864
354,5c9dfafe-f553-4bb4-b04c-0a591a7409d2,2026-07-05 09:55:32,2026-07-05 09:44:30,2026-07-05 09:55:32,2026-07-05 09:45:00,eth-updown-5m-1783244700,Up,0.56992413,6.00930003,10.54403509,10.54403509,4.53473506,65.93895370
355,3a77e70b-7a41-4de8-9d7d-07439996ac9b,2026-07-05 10:00:06,2026-07-05 09:49:30,2026-07-05 10:00:06,2026-07-05 09:50:00,eth-updown-5m-1783245000,Up,0.54099733,6.00929998,11.10781818,11.10781818,5.09851820,71.03747190
356,c84231f2-8b85-43d5-925c-3fb579dd1581,2026-07-05 10:05:22,2026-07-05 09:54:30,2026-07-05 10:05:22,2026-07-05 09:55:00,eth-updown-5m-1783245300,Up,0.52000000,6.00930000,11.55634615,11.55634615,5.54704615,76.58451805
357,195640c7-f4b1-4203-915d-62b65a23743f,2026-07-05 10:09:22,2026-07-05 09:59:30,2026-07-05 10:09:22,2026-07-05 10:00:00,eth-updown-5m-1783245600,Up,0.51000000,6.00930000,11.78294118,11.78294118,5.77364118,82.35815923
358,d4f01b56-1eea-4de2-bcc3-08310ded8125,2026-07-05 10:14:19,2026-07-05 10:04:30,2026-07-05 10:14:19,2026-07-05 10:05:00,eth-updown-5m-1783245900,Up,0.51000000,6.00930000,11.78294118,11.78294118,5.77364118,88.13180041
359,4763bd57-c81c-4c48-b2ec-1eb2035c83bc,2026-07-05 10:25:19,2026-07-05 10:14:30,2026-07-05 10:25:19,2026-07-05 10:15:00,eth-updown-5m-1783246500,Down,0.52000000,6.00930000,11.55634615,0.00000000,-6.00930000,82.12250041
360,8d451e2a-a88c-4e2a-b3d6-61df8b527eaa,2026-07-05 10:30:00,2026-07-05 10:19:30,2026-07-05 10:30:00,2026-07-05 10:20:00,eth-updown-5m-1783246800,Down,0.50000000,6.00930000,12.01860000,0.00000000,-6.00930000,76.11320041
361,10dfd893-44c0-4b98-bd27-a2bb7d43a848,2026-07-05 10:35:23,2026-07-05 10:24:30,2026-07-05 10:35:23,2026-07-05 10:25:00,eth-updown-5m-1783247100,Down,0.52000000,6.00930000,11.55634615,11.55634615,5.54704615,81.66024656
362,abc8fc08-ce03-417d-b41d-0f75b4728f89,2026-07-05 10:45:30,2026-07-05 10:34:30,2026-07-05 10:45:30,2026-07-05 10:35:00,eth-updown-5m-1783247700,Down,0.50000000,6.00930000,12.01860000,0.00000000,-6.00930000,75.65094656
363,f43f6da2-3982-4327-9f53-14ff2d9cead1,2026-07-05 10:49:43,2026-07-05 10:39:30,2026-07-05 10:49:43,2026-07-05 10:40:00,eth-updown-5m-1783248000,Down,0.51000000,6.00930000,11.78294118,11.78294118,5.77364118,81.42458774
364,1517da67-daa2-4d2a-bee8-46ab7a51c600,2026-07-05 10:54:42,2026-07-05 10:44:30,2026-07-05 10:54:42,2026-07-05 10:45:00,eth-updown-5m-1783248300,Down,0.52000000,6.00930000,11.55634615,0.00000000,-6.00930000,75.41528774
365,d65c2594-1d15-4191-bb73-58775cf0375d,2026-07-05 10:59:52,2026-07-05 10:49:30,2026-07-05 10:59:52,2026-07-05 10:50:00,eth-updown-5m-1783248600,Down,0.52000000,6.00930000,11.55634615,0.00000000,-6.00930000,69.40598774
366,7bc3da02-92ce-465e-9759-c77a468cb0df,2026-07-05 11:04:57,2026-07-05 10:54:30,2026-07-05 11:04:57,2026-07-05 10:55:00,eth-updown-5m-1783248900,Down,0.53660562,6.00929999,11.19872727,0.00000000,-6.00929999,63.39668775
367,4b5587b8-a8b1-4b64-93af-67d15b411f6d,2026-07-05 11:09:54,2026-07-05 10:59:30,2026-07-05 11:09:54,2026-07-05 11:00:00,eth-updown-5m-1783249200,Down,0.54000000,6.00930000,11.12833333,0.00000000,-6.00930000,57.38738775
368,f328d8d7-2633-4834-86bb-050d59dd2ceb,2026-07-05 11:19:50,2026-07-05 11:09:30,2026-07-05 11:19:50,2026-07-05 11:10:00,eth-updown-5m-1783249800,Down,0.51000000,6.00930000,11.78294118,0.00000000,-6.00930000,51.37808775
369,d40dce88-9ece-4fbf-8fe5-f1e121f3121d,2026-07-05 11:30:02,2026-07-05 11:19:30,2026-07-05 11:30:02,2026-07-05 11:20:00,eth-updown-5m-1783250400,Down,0.51000000,6.00930000,11.78294118,11.78294118,5.77364118,57.15172893
370,4388e5d4-6dcc-42d2-bd4b-d44b16c07a55,2026-07-05 11:39:55,2026-07-05 11:29:30,2026-07-05 11:39:55,2026-07-05 11:30:00,eth-updown-5m-1783251000,Down,0.49000000,6.00930000,12.26387755,0.00000000,-6.00930000,51.14242893
371,ed910f31-26e0-4a11-bc27-70f428868593,2026-07-05 11:59:41,2026-07-05 11:49:30,2026-07-05 11:59:41,2026-07-05 11:50:00,eth-updown-5m-1783252200,Up,0.51000000,6.00930000,11.78294118,0.00000000,-6.00930000,45.13312893
372,3f39dcfe-9e45-4a67-90d6-f3521394085d,2026-07-05 12:05:29,2026-07-05 11:54:30,2026-07-05 12:05:29,2026-07-05 11:55:00,eth-updown-5m-1783252500,Up,0.52562656,6.00930003,11.43264151,11.43264151,5.42334148,50.55647041
373,5ca19b22-39ba-4085-9ade-e3b733926eaa,2026-07-05 12:10:19,2026-07-05 11:59:30,2026-07-05 12:10:19,2026-07-05 12:00:00,eth-updown-5m-1783252800,Up,0.51148839,6.00930004,11.74865385,0.00000000,-6.00930004,44.54717037
374,edc27591-3462-43d0-8fbb-27765402e2a2,2026-07-05 12:15:25,2026-07-05 12:04:30,2026-07-05 12:15:25,2026-07-05 12:05:00,eth-updown-5m-1783253100,Down,0.47000000,6.00930000,12.78574468,0.00000000,-6.00930000,38.53787037
375,217d5ee8-ff4e-454f-b947-b4ebe2a0d655,2026-07-05 12:20:01,2026-07-05 12:09:30,2026-07-05 12:20:01,2026-07-05 12:10:00,eth-updown-5m-1783253400,Up,0.53000000,6.00930000,11.33830189,11.33830189,5.32900189,43.86687226
376,20d8b302-8b49-45e9-9098-da491800f178,2026-07-05 12:34:13,2026-07-05 12:24:30,2026-07-05 12:34:13,2026-07-05 12:25:00,eth-updown-5m-1783254300,Down,0.54000000,6.00930000,11.12833333,0.00000000,-6.00930000,37.85757226
377,a34be184-ca70-40b7-bd43-612dd993003d,2026-07-05 12:40:13,2026-07-05 12:29:30,2026-07-05 12:40:13,2026-07-05 12:30:00,eth-updown-5m-1783254600,Down,0.53554404,6.00930001,11.22092593,11.22092593,5.21162592,43.06919818
378,33fd2e94-1f4f-479c-9720-ae58df612e31,2026-07-05 12:45:25,2026-07-05 12:34:30,2026-07-05 12:45:25,2026-07-05 12:35:00,eth-updown-5m-1783254900,Down,0.54000000,6.00930000,11.12833333,0.00000000,-6.00930000,37.05989818
379,b65b56ff-a86d-4954-9e19-6e86abb85fe7,2026-07-05 12:55:23,2026-07-05 12:44:30,2026-07-05 12:55:23,2026-07-05 12:45:00,eth-updown-5m-1783255500,Down,0.52000000,6.00930000,11.55634615,0.00000000,-6.00930000,31.05059818
380,a18fbff5-ef9e-4161-b763-c6e4e40fc654,2026-07-05 13:00:16,2026-07-05 12:49:30,2026-07-05 13:00:16,2026-07-05 12:50:00,eth-updown-5m-1783255800,Down,0.53000000,6.00930000,11.33830189,11.33830189,5.32900189,36.37960007
381,c3108955-30a1-4991-a1aa-10d84fdd6624,2026-07-05 13:05:40,2026-07-05 12:54:30,2026-07-05 13:05:40,2026-07-05 12:55:00,eth-updown-5m-1783256100,Down,0.52000000,6.00930000,11.55634615,11.55634615,5.54704615,41.92664622
382,042ccd2e-dc8c-46c7-93e8-e93241d3ecd9,2026-07-05 13:13:23,2026-07-05 13:04:30,2026-07-05 13:13:23,2026-07-05 13:05:00,eth-updown-5m-1783256700,Down,0.51000000,6.00930000,11.78294118,0.00000000,-6.00930000,35.91734622
383,7d6e2e33-5bd2-41d7-a30b-451d9d2fc9c8,2026-07-05 13:19:32,2026-07-05 13:09:30,2026-07-05 13:19:32,2026-07-05 13:10:00,eth-updown-5m-1783257000,Down,0.52000000,6.00930000,11.55634615,11.55634615,5.54704615,41.46439237
384,b73cd343-30e7-4dc3-9e97-995f335a4a4b,2026-07-05 13:23:37,2026-07-05 13:14:30,2026-07-05 13:23:37,2026-07-05 13:15:00,eth-updown-5m-1783257300,Down,0.52198259,6.00929995,11.51245283,0.00000000,-6.00929995,35.45509242
385,714e63fe-a67b-4bb3-8337-855bcb466ea1,2026-07-05 13:29:34,2026-07-05 13:19:30,2026-07-05 13:29:34,2026-07-05 13:20:00,eth-updown-5m-1783257600,Down,0.53000000,6.00930000,11.33830189,11.33830189,5.32900189,40.78409431
386,e8224c5e-3ae7-4d69-a8b0-53abc6934e57,2026-07-05 13:35:10,2026-07-05 13:24:30,2026-07-05 13:35:10,2026-07-05 13:25:00,eth-updown-5m-1783257900,Down,0.51000000,6.00930000,11.78294118,11.78294118,5.77364118,46.55773549
387,5455223f-25f4-4f54-bcf1-b3cd48694415,2026-07-05 13:40:03,2026-07-05 13:29:30,2026-07-05 13:40:03,2026-07-05 13:30:00,eth-updown-5m-1783258200,Down,0.51000000,6.00930000,11.78294118,11.78294118,5.77364118,52.33137667
388,c32963e2-8701-4876-8178-29604328e4ce,2026-07-05 13:49:09,2026-07-05 13:39:30,2026-07-05 13:49:09,2026-07-05 13:40:00,eth-updown-5m-1783258800,Down,0.49000000,6.00930000,12.26387755,0.00000000,-6.00930000,46.32207667
389,41fd0f99-a6b4-4a80-96a1-85ef9de3cc85,2026-07-05 14:10:23,2026-07-05 13:59:30,2026-07-05 14:10:23,2026-07-05 14:00:00,eth-updown-5m-1783260000,Down,0.52000000,6.00930000,11.55634615,11.55634615,5.54704615,51.86912282
390,09a2d02c-79e4-4344-bef7-4583ab1c7f94,2026-07-05 14:15:25,2026-07-05 14:04:30,2026-07-05 14:15:25,2026-07-05 14:05:00,eth-updown-5m-1783260300,Down,0.52000000,6.00930000,11.55634615,0.00000000,-6.00930000,45.85982282
391,1320859c-1ad3-4573-be1c-728b1d416f0e,2026-07-05 14:19:47,2026-07-05 14:09:30,2026-07-05 14:19:47,2026-07-05 14:10:00,eth-updown-5m-1783260600,Down,0.53116102,6.00930004,11.31351852,0.00000000,-6.00930004,39.85052278
392,9bc0e16e-5d07-4871-ab49-0ee38a779e35,2026-07-05 14:25:17,2026-07-05 14:14:30,2026-07-05 14:25:17,2026-07-05 14:15:00,eth-updown-5m-1783260900,Down,0.53000000,6.00930000,11.33830189,11.33830189,5.32900189,45.17952467
393,1f5dcda5-3fbb-449f-8c15-15c9b830dd19,2026-07-05 14:30:14,2026-07-05 14:19:30,2026-07-05 14:30:14,2026-07-05 14:20:00,eth-updown-5m-1783261200,Down,0.52000000,6.00930000,11.55634615,0.00000000,-6.00930000,39.17022467
394,b81f62c2-8356-41e7-a387-1ed79569ad44,2026-07-05 14:39:47,2026-07-05 14:29:30,2026-07-05 14:39:47,2026-07-05 14:30:00,eth-updown-5m-1783261800,Down,0.52367336,6.00930002,11.47528302,11.47528302,5.46598300,44.63620767
395,45c419a9-dfca-415f-9bb9-897735cbd556,2026-07-05 14:47:04,2026-07-05 14:39:30,2026-07-05 14:47:04,2026-07-05 14:40:00,eth-updown-5m-1783262400,Down,0.52000000,6.00930000,11.55634615,11.55634615,5.54704615,50.18325382
396,13e592d3-284e-4a60-b5df-35e71e6cb699,2026-07-05 15:05:31,2026-07-05 14:54:30,2026-07-05 15:05:31,2026-07-05 14:55:00,eth-updown-5m-1783263300,Down,0.54000000,6.00930000,11.12833333,0.00000000,-6.00930000,44.17395382
397,750ab306-e395-4739-90af-7b84eae17045,2026-07-05 15:07:13,2026-07-05 14:59:30,2026-07-05 15:07:13,2026-07-05 15:00:00,eth-updown-5m-1783263600,Down,0.55000000,6.00930000,10.92600000,0.00000000,-6.00930000,38.16465382
398,bedf0405-54a8-4b9c-aa09-48fd98404ed3,2026-07-05 15:14:15,2026-07-05 15:04:30,2026-07-05 15:14:15,2026-07-05 15:05:00,eth-updown-5m-1783263900,Down,0.56066996,6.00929998,10.71807018,10.71807018,4.70877020,42.87342402
399,ee3028c5-a59c-4501-99e6-eca19350c376,2026-07-05 15:20:04,2026-07-05 15:09:30,2026-07-05 15:20:04,2026-07-05 15:10:00,eth-updown-5m-1783264200,Down,0.54000000,6.00930000,11.12833333,11.12833333,5.11903333,47.99245735
400,cc5c0934-a863-4a12-a0f1-566163157f23,2026-07-05 15:45:12,2026-07-05 15:34:30,2026-07-05 15:45:12,2026-07-05 15:35:00,eth-updown-5m-1783265700,Down,0.54000000,6.00930000,11.12833333,11.12833333,5.11903333,53.11149068
401,54b40bb6-29fc-48d4-a72e-7057f390181e,2026-07-05 16:05:11,2026-07-05 15:54:30,2026-07-05 16:05:11,2026-07-05 15:55:00,eth-updown-5m-1783266900,Down,0.51000000,6.00930000,11.78294118,0.00000000,-6.00930000,47.10219068
402,f3cd5228-3e28-4c64-bfc3-a0bf80f2c60d,2026-07-05 16:07:40,2026-07-05 15:59:30,2026-07-05 16:07:40,2026-07-05 16:00:00,eth-updown-5m-1783267200,Down,0.51000000,6.00930000,11.78294118,0.00000000,-6.00930000,41.09289068
403,5da95d2a-8928-44a3-a651-b6486b028bff,2026-07-05 16:15:12,2026-07-05 16:04:30,2026-07-05 16:15:12,2026-07-05 16:05:00,eth-updown-5m-1783267500,Down,0.54000000,6.00930000,11.12833333,11.12833333,5.11903333,46.21192401
404,87473ea6-4459-42d6-8df9-1196b5ca1b03,2026-07-05 16:25:30,2026-07-05 16:14:30,2026-07-05 16:25:30,2026-07-05 16:15:00,eth-updown-5m-1783268100,Down,0.52000000,6.00930000,11.55634615,11.55634615,5.54704615,51.75897016
405,f336f1c6-2351-45fd-bdf4-879e62c17997,2026-07-05 16:39:31,2026-07-05 16:29:30,2026-07-05 16:39:31,2026-07-05 16:30:00,eth-updown-5m-1783269000,Up,0.52000000,6.00930000,11.55634615,11.55634615,5.54704615,57.30601631
406,27add496-1fbd-439b-92cb-7075ee84b316,2026-07-05 16:55:10,2026-07-05 16:44:30,2026-07-05 16:55:10,2026-07-05 16:45:00,eth-updown-5m-1783269900,Up,0.53000000,6.00930000,11.33830189,11.33830189,5.32900189,62.63501820
407,d2c7619b-2a81-4adf-b808-774ddf363886,2026-07-05 17:10:13,2026-07-05 16:59:30,2026-07-05 17:10:13,2026-07-05 17:00:00,eth-updown-5m-1783270800,Down,0.52000000,6.00930000,11.55634615,0.00000000,-6.00930000,56.62571820
408,c4807e8a-9bfd-4acf-b924-b4b6b6195b23,2026-07-05 17:15:19,2026-07-05 17:04:30,2026-07-05 17:15:19,2026-07-05 17:05:00,eth-updown-5m-1783271100,Down,0.54000000,6.00930000,11.12833333,0.00000000,-6.00930000,50.61641820
409,bc8235be-d3e4-4476-85db-f0276a07f6d4,2026-07-05 17:25:16,2026-07-05 17:14:30,2026-07-05 17:25:16,2026-07-05 17:15:00,eth-updown-5m-1783271700,Down,0.55537900,6.00929995,10.82017857,10.82017857,4.81087862,55.42729682
410,78e67dc5-dab3-48b3-a1a2-81acce226ec2,2026-07-05 17:30:32,2026-07-05 17:19:30,2026-07-05 17:30:32,2026-07-05 17:20:00,eth-updown-5m-1783272000,Down,0.55000000,6.00930000,10.92600000,0.00000000,-6.00930000,49.41799682
411,f830896f-7305-4dfd-8933-2a2728782c3b,2026-07-05 17:34:25,2026-07-05 17:24:30,2026-07-05 17:34:25,2026-07-05 17:25:00,eth-updown-5m-1783272300,Down,0.57000000,6.00930000,10.54263158,10.54263158,4.53333158,53.95132840
412,39bf2f3f-0cf9-45b4-9b06-8bd7d21d51cf,2026-07-05 17:40:06,2026-07-05 17:29:30,2026-07-05 17:40:06,2026-07-05 17:30:00,eth-updown-5m-1783272600,Down,0.50000000,6.00930000,12.01860000,0.00000000,-6.00930000,47.94202840
413,8b6c977a-9dce-4883-b14e-9075ad4f3617,2026-07-05 17:45:17,2026-07-05 17:34:30,2026-07-05 17:45:17,2026-07-05 17:35:00,eth-updown-5m-1783272900,Down,0.51000000,6.00930000,11.78294118,0.00000000,-6.00930000,41.93272840
414,bfb49788-70a4-4b88-aad8-616cdc2463f2,2026-07-05 17:47:16,2026-07-05 17:39:30,2026-07-05 17:47:16,2026-07-05 17:40:00,eth-updown-5m-1783273200,Down,0.54000000,6.00930000,11.12833333,11.12833333,5.11903333,47.05176173
415,84ca0f1c-edff-4c77-b3c8-8a1eca8fe54c,2026-07-05 18:00:03,2026-07-05 17:49:30,2026-07-05 18:00:03,2026-07-05 17:50:00,eth-updown-5m-1783273800,Down,0.52132470,6.00929998,11.52698113,11.52698113,5.51768115,52.56944288
416,9f119393-9b29-4686-8f75-742093c7ed42,2026-07-05 18:04:42,2026-07-05 17:54:30,2026-07-05 18:04:42,2026-07-05 17:55:00,eth-updown-5m-1783274100,Down,0.50000000,6.00930000,12.01860000,0.00000000,-6.00930000,46.56014288
417,df7ee6af-7cd4-4ea6-bfe8-658897a9e7c8,2026-07-05 18:15:26,2026-07-05 18:04:30,2026-07-05 18:15:26,2026-07-05 18:05:00,eth-updown-5m-1783274700,Down,0.55000000,6.00930000,10.92600000,10.92600000,4.91670000,51.47684288
418,2dc36a76-d7a1-4b00-8cea-262290c39b33,2026-07-05 18:35:14,2026-07-05 18:24:30,2026-07-05 18:35:14,2026-07-05 18:25:00,eth-updown-5m-1783275900,Down,0.50522461,6.00930002,11.89431373,0.00000000,-6.00930002,45.46754286
419,198dc4e4-85ce-45fa-8f6a-5fdbbc6dfe38,2026-07-05 18:40:28,2026-07-05 18:29:30,2026-07-05 18:40:28,2026-07-05 18:30:00,eth-updown-5m-1783276200,Down,0.51388567,6.00929996,11.69384615,11.69384615,5.68454619,51.15208905
420,9b8e0da3-ed58-4b35-b791-b9ff27aa2b80,2026-07-06 06:00:16,2026-07-06 05:49:30,2026-07-06 06:00:16,2026-07-06 05:50:00,eth-updown-5m-1783317000,Up,0.51000000,6.00930000,11.78294118,11.78294118,5.77364118,56.92573023
421,7ff2b133-b919-4e25-bc27-beb945a36932,2026-07-06 06:05:26,2026-07-06 05:54:30,2026-07-06 06:05:26,2026-07-06 05:55:00,eth-updown-5m-1783317300,Up,0.50000000,6.00930000,12.01860000,0.00000000,-6.00930000,50.91643023
422,640691d1-f64f-4f17-825e-dbc13b22fb1f,2026-07-06 06:10:12,2026-07-06 05:59:30,2026-07-06 06:10:12,2026-07-06 06:00:00,eth-updown-5m-1783317600,Up,0.51000000,6.00930000,11.78294118,11.78294118,5.77364118,56.69007141
423,87510f0a-06c3-45ca-b89e-57e81818f722,2026-07-06 06:20:31,2026-07-06 06:09:30,2026-07-06 06:20:31,2026-07-06 06:10:00,eth-updown-5m-1783318200,Up,0.51000000,6.00930000,11.78294118,11.78294118,5.77364118,62.46371259
424,6eca7d22-7895-40bd-af63-baa2f3963d40,2026-07-06 06:25:23,2026-07-06 06:14:30,2026-07-06 06:25:23,2026-07-06 06:15:00,eth-updown-5m-1783318500,Up,0.50000000,6.00930000,12.01860000,0.00000000,-6.00930000,56.45441259
425,aabd906f-dee1-43bd-a2f1-a106d3c5e380,2026-07-06 06:30:32,2026-07-06 06:19:30,2026-07-06 06:30:32,2026-07-06 06:20:00,eth-updown-5m-1783318800,Up,0.51000000,6.00930000,11.78294118,0.00000000,-6.00930000,50.44511259
426,5e9ee582-0d2e-49bf-af0a-37ec0b2a66ca,2026-07-06 06:33:17,2026-07-06 06:24:30,2026-07-06 06:33:17,2026-07-06 06:25:00,eth-updown-5m-1783319100,Up,0.52000000,6.00930000,11.55634615,11.55634615,5.54704615,55.99215874
427,51bda6a6-91aa-464b-9998-a2aa50e60fea,2026-07-06 06:40:22,2026-07-06 06:29:31,2026-07-06 06:40:22,2026-07-06 06:30:00,eth-updown-5m-1783319400,Up,0.52000000,6.00930000,11.55634615,0.00000000,-6.00930000,49.98285874
428,f58c0bbe-ca42-485e-bd42-6e08555991c7,2026-07-06 06:41:48,2026-07-06 06:34:30,2026-07-06 06:41:48,2026-07-06 06:35:00,eth-updown-5m-1783319700,Up,0.54000000,6.00930000,11.12833333,11.12833333,5.11903333,55.10189207
429,df42aefd-d1f0-4af8-8651-c6bc83c5877b,2026-07-06 06:46:57,2026-07-06 06:39:30,2026-07-06 06:46:57,2026-07-06 06:40:00,eth-updown-5m-1783320000,Up,0.51000000,6.00930000,11.78294118,11.78294118,5.77364118,60.87553325
430,61ce7d5e-abff-440b-a156-96d50db51c0b,2026-07-06 06:55:28,2026-07-06 06:44:30,2026-07-06 06:55:28,2026-07-06 06:45:00,eth-updown-5m-1783320300,Up,0.50000000,6.00930000,12.01860000,0.00000000,-6.00930000,54.86623325
431,21af3f59-cdfa-4bc0-b983-5bbf06a994ce,2026-07-06 06:59:23,2026-07-06 06:49:31,2026-07-06 06:59:23,2026-07-06 06:50:00,eth-updown-5m-1783320600,Up,0.50000000,6.00930000,12.01860000,0.00000000,-6.00930000,48.85693325
432,a0a41301-e3be-4c81-a6f2-64bf84d5cb87,2026-07-06 07:05:10,2026-07-06 06:54:30,2026-07-06 07:05:10,2026-07-06 06:55:00,eth-updown-5m-1783320900,Up,0.54202650,6.00929998,11.08672727,11.08672727,5.07742729,53.93436054
433,6928fa9f-fbc9-48ec-9b4a-8d8ecdf6f6fb,2026-07-06 07:07:52,2026-07-06 06:59:31,2026-07-06 07:07:52,2026-07-06 07:00:00,eth-updown-5m-1783321200,Up,0.53780735,6.00929998,11.17370370,0.00000000,-6.00929998,47.92506056
434,a33dbc41-01c9-4465-9f18-ac1d624313bd,2026-07-06 07:15:09,2026-07-06 07:04:31,2026-07-06 07:15:09,2026-07-06 07:05:00,eth-updown-5m-1783321500,Up,0.55950653,6.00929995,10.74035714,10.74035714,4.73105719,52.65611775
435,a4dfc581-ba79-4ac1-ac6b-1ffaa037c46a,2026-07-06 07:20:15,2026-07-06 07:09:30,2026-07-06 07:20:15,2026-07-06 07:10:00,eth-updown-5m-1783321800,Up,0.52000000,6.00930000,11.55634615,0.00000000,-6.00930000,46.64681775
436,49315429-b848-4eb3-8165-9af886e763a7,2026-07-06 07:24:29,2026-07-06 07:14:31,2026-07-06 07:24:29,2026-07-06 07:15:00,eth-updown-5m-1783322100,Up,0.53000000,6.00930000,11.33830189,11.33830189,5.32900189,51.97581964
437,4e578b74-4b76-4082-9f40-7b8dba4e09e0,2026-07-06 07:30:20,2026-07-06 07:19:31,2026-07-06 07:30:20,2026-07-06 07:20:00,eth-updown-5m-1783322400,Up,0.52000000,6.00930000,11.55634615,11.55634615,5.54704615,57.52286579
438,8373a835-2642-43fb-8f39-b6076d266ba2,2026-07-06 07:34:21,2026-07-06 07:24:30,2026-07-06 07:34:21,2026-07-06 07:25:00,eth-updown-5m-1783322700,Up,0.49587411,6.00929999,12.11860000,0.00000000,-6.00929999,51.51356580
439,ac86d998-4a63-4e3a-9454-54e77190ecfc,2026-07-06 07:39:14,2026-07-06 07:29:30,2026-07-06 07:39:14,2026-07-06 07:30:00,eth-updown-5m-1783323000,Up,0.49000000,6.00930000,12.26387755,12.26387755,6.25457755,57.76814335
440,bae8aff3-a2d0-4b28-b0b4-8c4f7622f3d2,2026-07-06 07:43:11,2026-07-06 07:34:30,2026-07-06 07:43:11,2026-07-06 07:35:00,eth-updown-5m-1783323300,Up,0.50000000,6.00930000,12.01860000,12.01860000,6.00930000,63.77744335
441,a1244696-b24c-411e-b483-c20d08a746e8,2026-07-06 08:04:48,2026-07-06 07:54:30,2026-07-06 08:04:48,2026-07-06 07:55:00,eth-updown-5m-1783324500,Up,0.51000000,6.00930000,11.78294118,0.00000000,-6.00930000,57.76814335
442,79e095ad-6293-4c3f-bb16-3cd87003ac59,2026-07-06 08:14:16,2026-07-06 08:04:30,2026-07-06 08:14:16,2026-07-06 08:05:00,eth-updown-5m-1783325100,Up,0.51000000,6.00930000,11.78294118,0.00000000,-6.00930000,51.75884335
443,77d893ef-c3c4-4624-9503-5ddaf459ae08,2026-07-06 08:25:09,2026-07-06 08:14:30,2026-07-06 08:25:09,2026-07-06 08:15:00,eth-updown-5m-1783325700,Up,0.52000000,6.00930000,11.55634615,0.00000000,-6.00930000,45.74954335
444,b583ba27-6982-4080-aa9b-b905d5fd34c6,2026-07-06 08:33:14,2026-07-06 08:24:30,2026-07-06 08:33:14,2026-07-06 08:25:00,eth-updown-5m-1783326300,Up,0.53000000,6.00930000,11.33830189,11.33830189,5.32900189,51.07854524
445,b7260c65-965f-41be-9f99-1f8212bc5ecd,2026-07-06 08:40:05,2026-07-06 08:29:30,2026-07-06 08:40:05,2026-07-06 08:30:00,eth-updown-5m-1783326600,Up,0.53000000,6.00930000,11.33830189,0.00000000,-6.00930000,45.06924524
446,9246cb23-f3d6-4e3b-b4b6-47dc370d66af,2026-07-06 08:42:51,2026-07-06 08:34:30,2026-07-06 08:42:51,2026-07-06 08:35:00,eth-updown-5m-1783326900,Up,0.55000000,6.00930000,10.92600000,0.00000000,-6.00930000,39.05994524
447,3a02f87a-2736-4707-974e-af4fb86d4d1d,2026-07-06 08:50:45,2026-07-06 08:39:30,2026-07-06 08:50:45,2026-07-06 08:40:00,eth-updown-5m-1783327200,Up,0.56000000,6.00930000,10.73089286,10.73089286,4.72159286,43.78153810
448,5364bb73-5f2b-4ba7-9f29-20bd34d7bb4d,2026-07-06 08:54:19,2026-07-06 08:44:30,2026-07-06 08:54:19,2026-07-06 08:45:00,eth-updown-5m-1783327500,Up,0.54546152,6.00929998,11.01690909,0.00000000,-6.00929998,37.77223812
449,0330746c-6f24-452d-a575-cecf06d34c8d,2026-07-06 09:00:28,2026-07-06 08:49:30,2026-07-06 09:00:28,2026-07-06 08:50:00,eth-updown-5m-1783327800,Up,0.55000000,6.00930000,10.92600000,0.00000000,-6.00930000,31.76293812
450,52ec7b2b-b700-4bfa-827f-4d98c1a6c39f,2026-07-06 09:05:32,2026-07-06 08:54:30,2026-07-06 09:05:32,2026-07-06 08:55:00,eth-updown-5m-1783328100,Up,0.53900341,6.00930002,11.14890909,11.14890909,5.13960907,36.90254719
451,08eec421-7574-4591-a704-0490854ae855,2026-07-06 09:09:36,2026-07-06 08:59:30,2026-07-06 09:09:36,2026-07-06 09:00:00,eth-updown-5m-1783328400,Up,0.55000000,6.00930000,10.92600000,0.00000000,-6.00930000,30.89324719
452,12455247-63e8-4826-9696-15f05fc22837,2026-07-06 09:19:16,2026-07-06 09:09:30,2026-07-06 09:19:16,2026-07-06 09:10:00,eth-updown-5m-1783329000,Up,0.55000000,6.00930000,10.92600000,0.00000000,-6.00930000,24.88394719
453,26ca1190-1406-4c24-98a1-9c14ad3a8252,2026-07-06 09:25:16,2026-07-06 09:14:30,2026-07-06 09:25:16,2026-07-06 09:15:00,eth-updown-5m-1783329300,Up,0.53660562,6.00929999,11.19872727,11.19872727,5.18942728,30.07337447
454,44bc1ce2-a7c5-4e1f-91ea-c66ad576dd06,2026-07-06 09:27:27,2026-07-06 09:19:30,2026-07-06 09:27:27,2026-07-06 09:20:00,eth-updown-5m-1783329600,Up,0.53000000,6.00930000,11.33830189,0.00000000,-6.00930000,24.06407447
455,802daa4d-8968-4663-b278-2506a542eb44,2026-07-06 09:33:11,2026-07-06 09:24:30,2026-07-06 09:33:11,2026-07-06 09:25:00,eth-updown-5m-1783329900,Up,0.55000000,6.00930000,10.92600000,0.00000000,-6.00930000,18.05477447
456,4433b849-5e05-45e1-8eb6-9fa42730c017,2026-07-06 09:39:54,2026-07-06 09:29:30,2026-07-06 09:39:54,2026-07-06 09:30:00,eth-updown-5m-1783330200,Up,0.54000000,6.00930000,11.12833333,0.00000000,-6.00930000,12.04547447
457,06753cdf-37ef-4dab-99f8-c7d98dcf092f,2026-07-06 09:44:42,2026-07-06 09:34:30,2026-07-06 09:44:42,2026-07-06 09:35:00,eth-updown-5m-1783330500,Up,0.56000000,6.00930000,10.73089286,0.00000000,-6.00930000,6.03617447
458,7f165a81-716f-4332-9a33-62f815352d41,2026-07-06 09:49:53,2026-07-06 09:39:30,2026-07-06 09:49:53,2026-07-06 09:40:00,eth-updown-5m-1783330800,Up,0.55000000,6.00930000,10.92600000,10.92600000,4.91670000,10.95287447
459,16caba97-663d-4f82-afec-82857395fcc8,2026-07-06 09:54:43,2026-07-06 09:44:30,2026-07-06 09:54:43,2026-07-06 09:45:00,eth-updown-5m-1783331100,Up,0.55000000,6.00930000,10.92600000,0.00000000,-6.00930000,4.94357447
460,3e343481-e849-4688-86f2-e09677e1eddc,2026-07-06 10:00:16,2026-07-06 09:49:30,2026-07-06 10:00:16,2026-07-06 09:50:00,eth-updown-5m-1783331400,Up,0.56000000,6.00930000,10.73089286,10.73089286,4.72159286,9.66516733
461,890bb844-5f32-4a4d-8e80-64e69e57f2dc,2026-07-06 10:05:03,2026-07-06 09:54:30,2026-07-06 10:05:03,2026-07-06 09:55:00,eth-updown-5m-1783331700,Up,0.52000000,6.00930000,11.55634615,0.00000000,-6.00930000,3.65586733
462,929d8d4e-2a93-4439-944a-af14bc2c5b21,2026-07-06 10:09:26,2026-07-06 09:59:30,2026-07-06 10:09:26,2026-07-06 10:00:00,eth-updown-5m-1783332000,Up,0.55000000,6.00930000,10.92600000,10.92600000,4.91670000,8.57256733
463,293d130e-4c99-4528-94ec-6fe96c44ee97,2026-07-06 10:13:51,2026-07-06 10:04:30,2026-07-06 10:13:51,2026-07-06 10:05:00,eth-updown-5m-1783332300,Up,0.49000000,6.00930000,12.26387755,12.26387755,6.25457755,14.82714488
464,0049b8bb-1d43-41ea-9582-8673c712e801,2026-07-06 10:20:03,2026-07-06 10:09:30,2026-07-06 10:20:03,2026-07-06 10:10:00,eth-updown-5m-1783332600,Up,0.48000000,6.00930000,12.51937500,12.51937500,6.51007500,21.33721988
465,2a347cdc-6ea7-4a0a-9077-7ef6b863e615,2026-07-06 10:24:34,2026-07-06 10:14:30,2026-07-06 10:24:34,2026-07-06 10:15:00,eth-updown-5m-1783332900,Up,0.46566056,6.00929999,12.90489362,12.90489362,6.89559363,28.23281351
466,e3de510f-d104-4e3e-a2da-ba64756767d7,2026-07-06 10:30:55,2026-07-06 10:19:30,2026-07-06 10:30:55,2026-07-06 10:20:00,eth-updown-5m-1783333200,Up,0.47358497,6.00929995,12.68895833,12.68895833,6.67965838,34.91247189
467,09e73a3f-1245-4409-877c-fb7cf8d8875d,2026-07-06 10:33:22,2026-07-06 10:24:30,2026-07-06 10:33:22,2026-07-06 10:25:00,eth-updown-5m-1783333500,Up,0.46000000,6.00930000,13.06369565,13.06369565,7.05439565,41.96686754
468,90c56a0a-3014-49af-a1d3-16b644c3a0d5,2026-07-06 10:40:28,2026-07-06 10:29:30,2026-07-06 10:40:28,2026-07-06 10:30:00,eth-updown-5m-1783333800,Up,0.46000000,6.00930000,13.06369565,13.06369565,7.05439565,49.02126319
469,e3f810e2-34ff-485d-8c1c-0d713fa086c3,2026-07-06 10:43:31,2026-07-06 10:34:30,2026-07-06 10:43:31,2026-07-06 10:35:00,eth-updown-5m-1783334100,Up,0.46000000,6.00930000,13.06369565,13.06369565,7.05439565,56.07565884
470,9bc0b20d-f236-42bb-b413-8c3a65e935de,2026-07-06 10:55:07,2026-07-06 10:44:30,2026-07-06 10:55:07,2026-07-06 10:45:00,eth-updown-5m-1783334700,Up,0.46000000,6.00930000,13.06369565,0.00000000,-6.00930000,50.06635884
471,eadcd97a-857c-4416-8767-4c9f14155fb9,2026-07-06 11:00:21,2026-07-06 10:49:30,2026-07-06 11:00:21,2026-07-06 10:50:00,eth-updown-5m-1783335000,Up,0.49000000,6.00930000,12.26387755,0.00000000,-6.00930000,44.05705884
472,f4e2d287-6d84-4201-9d15-542b412bd3f9,2026-07-06 11:05:34,2026-07-06 10:54:30,2026-07-06 11:05:34,2026-07-06 10:55:00,eth-updown-5m-1783335300,Up,0.49000000,6.00930000,12.26387755,12.26387755,6.25457755,50.31163639
473,6e13b691-6d21-4354-8199-b8f1829230a1,2026-07-06 11:10:23,2026-07-06 10:59:30,2026-07-06 11:10:23,2026-07-06 11:00:00,eth-updown-5m-1783335600,Up,0.50000000,6.00930000,12.01860000,0.00000000,-6.00930000,44.30233639
474,00220f38-03fd-40af-9409-98f9d59e20b6,2026-07-06 11:15:28,2026-07-06 11:04:30,2026-07-06 11:15:28,2026-07-06 11:05:00,eth-updown-5m-1783335900,Up,0.51000000,6.00930000,11.78294118,0.00000000,-6.00930000,38.29303639
475,e17fb0b3-b992-43bd-9e34-f2e9ce6acad9,2026-07-06 11:20:23,2026-07-06 11:09:30,2026-07-06 11:20:23,2026-07-06 11:10:00,eth-updown-5m-1783336200,Up,0.51000000,6.00930000,11.78294118,11.78294118,5.77364118,44.06667757
476,0e91aa05-0f89-40d6-bf49-c3e5c0026f26,2026-07-06 11:25:07,2026-07-06 11:14:30,2026-07-06 11:25:07,2026-07-06 11:15:00,eth-updown-5m-1783336500,Up,0.52000000,6.00930000,11.55634615,11.55634615,5.54704615,49.61372372
477,0b465613-d569-4e7f-b490-c43aaaa47f67,2026-07-06 11:29:16,2026-07-06 11:19:30,2026-07-06 11:29:16,2026-07-06 11:20:00,eth-updown-5m-1783336800,Up,0.52000000,6.00930000,11.55634615,0.00000000,-6.00930000,43.60442372
478,e5cc76d3-3159-41e2-888f-b61c2318c314,2026-07-06 11:40:06,2026-07-06 11:29:30,2026-07-06 11:40:06,2026-07-06 11:30:00,eth-updown-5m-1783337400,Up,0.51000000,6.00930000,11.78294118,11.78294118,5.77364118,49.37806490
479,925924e4-d48c-49b0-ac33-813cd08c3b9c,2026-07-06 11:45:21,2026-07-06 11:34:30,2026-07-06 11:45:21,2026-07-06 11:35:00,eth-updown-5m-1783337700,Up,0.50000000,6.00930000,12.01860000,0.00000000,-6.00930000,43.36876490
480,1f6291bb-0d74-4ea7-8097-9a8c2b45d64a,2026-07-06 11:50:22,2026-07-06 11:39:30,2026-07-06 11:50:22,2026-07-06 11:40:00,eth-updown-5m-1783338000,Up,0.49181576,6.00930005,12.21860000,12.21860000,6.20929995,49.57806485
481,b3074a9a-b79d-41c1-8bf6-8be3b929ed8b,2026-07-06 11:55:10,2026-07-06 11:44:30,2026-07-06 11:55:10,2026-07-06 11:45:00,eth-updown-5m-1783338300,Up,0.49000000,6.00930000,12.26387755,0.00000000,-6.00930000,43.56876485
482,5f544e01-5c91-4832-9c30-fc0b175710d8,2026-07-06 12:00:21,2026-07-06 11:49:30,2026-07-06 12:00:21,2026-07-06 11:50:00,eth-updown-5m-1783338600,Up,0.51000000,6.00930000,11.78294118,0.00000000,-6.00930000,37.55946485
483,a6565b58-ca4e-40d1-b153-bbdd813e46be,2026-07-06 12:05:18,2026-07-06 11:54:30,2026-07-06 12:05:18,2026-07-06 11:55:00,eth-updown-5m-1783338900,Up,0.51000000,6.00930000,11.78294118,0.00000000,-6.00930000,31.55016485
484,aca0d8ff-e8d2-47f0-b4a3-55eb05409221,2026-07-06 12:10:20,2026-07-06 11:59:30,2026-07-06 12:10:20,2026-07-06 12:00:00,eth-updown-5m-1783339200,Up,0.56000000,6.00930000,10.73089286,0.00000000,-6.00930000,25.54086485
485,633f3013-cf60-40ed-a50e-baea0f7bdec7,2026-07-06 12:15:06,2026-07-06 12:04:30,2026-07-06 12:15:06,2026-07-06 12:05:00,eth-updown-5m-1783339500,Up,0.54795746,6.00930002,10.96672727,10.96672727,4.95742725,30.49829210
486,1f09da13-6e87-4f30-8bb1-d05e90e66bd0,2026-07-06 12:19:49,2026-07-06 12:09:30,2026-07-06 12:19:49,2026-07-06 12:10:00,eth-updown-5m-1783339800,Up,0.54000000,6.00930000,11.12833333,11.12833333,5.11903333,35.61732543
487,e07b8b90-1bc3-4773-a00e-5572e2cedd51,2026-07-06 12:24:42,2026-07-06 12:14:30,2026-07-06 12:24:42,2026-07-06 12:15:00,eth-updown-5m-1783340100,Up,0.56000000,6.00930000,10.73089286,10.73089286,4.72159286,40.33891829
488,87cc7a8c-73f8-4bd1-9ab4-e4cc7f9d0749,2026-07-06 12:29:57,2026-07-06 12:19:30,2026-07-06 12:29:57,2026-07-06 12:20:00,eth-updown-5m-1783340400,Up,0.52921621,6.00929999,11.35509434,0.00000000,-6.00929999,34.32961830
489,725b78d2-4df1-4b6f-8285-1f0b9093b8bc,2026-07-06 12:34:50,2026-07-06 12:24:30,2026-07-06 12:34:50,2026-07-06 12:25:00,eth-updown-5m-1783340700,Up,0.53000000,6.00930000,11.33830189,11.33830189,5.32900189,39.65862019
490,aab3501a-865d-49a7-b975-9743fb2f7e42,2026-07-06 12:39:58,2026-07-06 12:29:30,2026-07-06 12:39:58,2026-07-06 12:30:00,eth-updown-5m-1783341000,Up,0.52132470,6.00929998,11.52698113,11.52698113,5.51768115,45.17630134
491,45c45105-7c9f-4040-b242-66641375a924,2026-07-06 12:45:08,2026-07-06 12:34:30,2026-07-06 12:45:08,2026-07-06 12:35:00,eth-updown-5m-1783341300,Up,0.51000000,6.00930000,11.78294118,0.00000000,-6.00930000,39.16700134
492,a4b63e70-7c19-42d7-933f-d300cf32492b,2026-07-06 12:49:51,2026-07-06 12:39:30,2026-07-06 12:49:51,2026-07-06 12:40:00,eth-updown-5m-1783341600,Up,0.54099733,6.00929998,11.10781818,0.00000000,-6.00929998,33.15770136
493,104b7af0-579e-49b3-9e3e-fb691495a082,2026-07-06 13:04:51,2026-07-06 12:49:30,2026-07-06 13:04:51,2026-07-06 12:50:00,eth-updown-5m-1783342200,Up,0.54000000,6.00930000,11.12833333,11.12833333,5.11903333,38.27673469
494,cf4a52c6-8fb6-43bf-bd6b-72f30e835cf8,2026-07-06 13:05:24,2026-07-06 12:54:30,2026-07-06 13:05:24,2026-07-06 12:55:00,eth-updown-5m-1783342500,Up,0.51000000,6.00930000,11.78294118,0.00000000,-6.00930000,32.26743469
495,48661c78-f32c-4ca4-9ec6-d675c4f8992d,2026-07-06 13:09:50,2026-07-06 12:59:30,2026-07-06 13:09:50,2026-07-06 13:00:00,eth-updown-5m-1783342800,Up,0.51000000,6.00930000,11.78294118,0.00000000,-6.00930000,26.25813469
496,6e596b16-8184-4e36-92a3-6abe2073d131,2026-07-06 13:15:02,2026-07-06 13:04:30,2026-07-06 13:15:02,2026-07-06 13:05:00,eth-updown-5m-1783343100,Up,0.54546152,6.00929998,11.01690909,11.01690909,5.00760911,31.26574380
497,7419de50-e0c2-4796-83fe-53545d56660e,2026-07-06 13:19:41,2026-07-06 13:09:30,2026-07-06 13:19:41,2026-07-06 13:10:00,eth-updown-5m-1783343400,Up,0.53000000,6.00930000,11.33830189,0.00000000,-6.00930000,25.25644380
498,6eefaaa1-c213-45d7-8eb3-f6d4f7222c5c,2026-07-06 13:25:13,2026-07-06 13:14:30,2026-07-06 13:25:13,2026-07-06 13:15:00,eth-updown-5m-1783343700,Up,0.51000000,6.00930000,11.78294118,11.78294118,5.77364118,31.03008498
499,abaa49bd-5561-43b4-9777-841a283aebac,2026-07-06 13:30:05,2026-07-06 13:19:30,2026-07-06 13:30:05,2026-07-06 13:20:00,eth-updown-5m-1783344000,Up,0.54000000,6.00930000,11.12833333,11.12833333,5.11903333,36.14911831
500,732c00c0-4e51-42fc-b319-0232f1f9280f,2026-07-06 13:34:44,2026-07-06 13:24:30,2026-07-06 13:34:44,2026-07-06 13:25:00,eth-updown-5m-1783344300,Up,0.51000000,6.00930000,11.78294118,0.00000000,-6.00930000,30.13981831
501,7f3eab9f-2e1b-4881-b676-fac505d540df,2026-07-06 13:39:40,2026-07-06 13:29:30,2026-07-06 13:39:40,2026-07-06 13:30:00,eth-updown-5m-1783344600,Up,0.53000000,6.00930000,11.33830189,11.33830189,5.32900189,35.46882020
502,328ea326-1812-446c-aa46-11c00e37d5e8,2026-07-06 13:45:02,2026-07-06 13:34:30,2026-07-06 13:45:02,2026-07-06 13:35:00,eth-updown-5m-1783344900,Up,0.51000000,6.00930000,11.78294118,0.00000000,-6.00930000,29.45952020
503,4648d3cd-a47a-4819-be05-d03d607c2b03,2026-07-06 13:49:55,2026-07-06 13:39:30,2026-07-06 13:49:55,2026-07-06 13:40:00,eth-updown-5m-1783345200,Up,0.54000000,6.00930000,11.12833333,11.12833333,5.11903333,34.57855353
504,19aac982-3612-46c6-84ef-f7eb5033e8d4,2026-07-06 13:54:59,2026-07-06 13:44:30,2026-07-06 13:54:59,2026-07-06 13:45:00,eth-updown-5m-1783345500,Up,0.50000000,6.00930000,12.01860000,12.01860000,6.00930000,40.58785353
505,16112ce0-4047-4329-b3e8-f5b0db5df8c7,2026-07-06 13:59:56,2026-07-06 13:49:30,2026-07-06 13:59:56,2026-07-06 13:50:00,eth-updown-5m-1783345800,Up,0.49000000,6.00930000,12.26387755,12.26387755,6.25457755,46.84243108
506,586816f4-31a4-4849-8926-37a91e32eece,2026-07-06 14:03:41,2026-07-06 13:54:30,2026-07-06 14:03:41,2026-07-06 13:55:00,eth-updown-5m-1783346100,Up,0.52000000,6.00930000,11.55634615,0.00000000,-6.00930000,40.83313108
507,0f110bbe-616a-4ebb-979f-d85a026022f6,2026-07-06 14:09:54,2026-07-06 13:59:30,2026-07-06 14:09:54,2026-07-06 14:00:00,eth-updown-5m-1783346400,Up,0.50000000,6.00930000,12.01860000,12.01860000,6.00930000,46.84243108
508,e579f4e7-a8ce-4654-a3e5-4730de76fc8e,2026-07-06 14:14:55,2026-07-06 14:04:30,2026-07-06 14:14:55,2026-07-06 14:05:00,eth-updown-5m-1783346700,Up,0.51000000,6.00930000,11.78294118,11.78294118,5.77364118,52.61607226
509,8d5d292a-bee2-4a39-8488-fbe04e44dba0,2026-07-06 14:19:48,2026-07-06 14:09:30,2026-07-06 14:19:48,2026-07-06 14:10:00,eth-updown-5m-1783347000,Up,0.51000000,6.00930000,11.78294118,11.78294118,5.77364118,58.38971344
510,56f37281-7eff-47c8-bc17-62b4c3c8fbfb,2026-07-06 14:29:38,2026-07-06 14:19:30,2026-07-06 14:29:38,2026-07-06 14:20:00,eth-updown-5m-1783347600,Up,0.51000000,6.00930000,11.78294118,11.78294118,5.77364118,64.16335462
511,fa907611-e464-420f-b5e3-475c78f63609,2026-07-06 14:34:57,2026-07-06 14:24:30,2026-07-06 14:34:57,2026-07-06 14:25:00,eth-updown-5m-1783347900,Up,0.47000000,6.00930000,12.78574468,12.78574468,6.77644468,70.93979930
512,21269ef9-c637-428d-ab3b-d774ac9afb15,2026-07-06 14:38:53,2026-07-06 14:29:30,2026-07-06 14:38:53,2026-07-06 14:30:00,eth-updown-5m-1783348200,Up,0.47704689,6.00930004,12.59687500,12.59687500,6.58757496,77.52737426
513,146c8913-1fb8-48b3-a7f5-205c4bc82385,2026-07-06 14:44:56,2026-07-06 14:34:30,2026-07-06 14:44:56,2026-07-06 14:35:00,eth-updown-5m-1783348500,Up,0.50165207,6.00929998,11.97901961,11.97901961,5.96971963,83.49709389
514,cdc3a5ac-2e73-43b0-a909-ae2259d93a4d,2026-07-06 14:49:41,2026-07-06 14:39:30,2026-07-06 14:49:41,2026-07-06 14:40:00,eth-updown-5m-1783348800,Up,0.51000000,6.00930000,11.78294118,0.00000000,-6.00930000,77.48779389
515,4316c152-7554-4d54-9d06-74b2293dd6e8,2026-07-06 14:54:44,2026-07-06 14:44:30,2026-07-06 14:54:44,2026-07-06 14:45:00,eth-updown-5m-1783349100,Up,0.50000000,6.00930000,12.01860000,0.00000000,-6.00930000,71.47849389
516,187626bf-c984-4a24-9144-e170b3da6ba8,2026-07-06 14:59:50,2026-07-06 14:49:30,2026-07-06 14:59:50,2026-07-06 14:50:00,eth-updown-5m-1783349400,Up,0.52000000,6.00930000,11.55634615,11.55634615,5.54704615,77.02554004
517,440e67b7-f8b5-4ec8-9e24-4ec85e7bd3a7,2026-07-06 15:05:09,2026-07-06 14:54:30,2026-07-06 15:05:09,2026-07-06 14:55:00,eth-updown-5m-1783349700,Up,0.51000000,6.00930000,11.78294118,11.78294118,5.77364118,82.79918122
518,2b94c00e-808d-4c8c-bcf8-afcf5cd39478,2026-07-06 15:09:36,2026-07-06 14:59:30,2026-07-06 15:09:36,2026-07-06 15:00:00,eth-updown-5m-1783350000,Up,0.51000000,6.00930000,11.78294118,11.78294118,5.77364118,88.57282240
519,9ec41b97-329c-43c6-9ece-00d84899e1da,2026-07-06 15:30:21,2026-07-06 15:14:30,2026-07-06 15:30:21,2026-07-06 15:15:00,eth-updown-5m-1783350900,Down,0.57000000,6.00930000,10.54263158,10.54263158,4.53333158,93.10615398
520,0de2584c-22c0-4249-bb00-dc8d6bd74c33,2026-07-06 16:11:27,2026-07-06 15:59:30,2026-07-06 16:11:27,2026-07-06 16:00:00,eth-updown-5m-1783353600,Down,0.52000000,6.00930000,11.55634615,11.55634615,5.54704615,98.65320013
521,66cd4043-6eef-47b4-bd27-f3179412a4a7,2026-07-06 16:12:19,2026-07-06 16:04:30,2026-07-06 16:12:19,2026-07-06 16:05:00,eth-updown-5m-1783353900,Down,0.52000000,6.00930000,11.55634615,0.00000000,-6.00930000,92.64390013
522,58c3e0bd-23e5-43d3-920e-1de97c1dff04,2026-07-06 16:24:35,2026-07-06 16:14:30,2026-07-06 16:24:35,2026-07-06 16:15:00,eth-updown-5m-1783354500,Down,0.54000000,6.00930000,11.12833333,0.00000000,-6.00930000,86.63460013
523,2eec0c1f-4d51-4a57-91eb-70b17df9ca4e,2026-07-06 16:30:03,2026-07-06 16:19:30,2026-07-06 16:30:03,2026-07-06 16:20:00,eth-updown-5m-1783354800,Down,0.54000000,6.00930000,11.12833333,11.12833333,5.11903333,91.75363346
524,e9ed231b-550c-435a-a419-85159f3e70a4,2026-07-06 16:50:14,2026-07-06 16:39:30,2026-07-06 16:50:14,2026-07-06 16:40:00,eth-updown-5m-1783356000,Down,0.51000000,6.00930000,11.78294118,0.00000000,-6.00930000,85.74433346
525,08a00631-00e6-41de-8edb-74b2e2d06776,2026-07-06 17:05:06,2026-07-06 16:54:30,2026-07-06 17:05:06,2026-07-06 16:55:00,eth-updown-5m-1783356900,Up,0.51000000,6.00930000,11.78294118,11.78294118,5.77364118,91.51797464
526,c1911912-16b3-44d4-935f-3c8bc2742019,2026-07-06 17:09:13,2026-07-06 16:59:30,2026-07-06 17:09:13,2026-07-06 17:00:00,eth-updown-5m-1783357200,Up,0.51000000,6.00930000,11.78294118,0.00000000,-6.00930000,85.50867464
527,da329fd1-e284-4b1c-8375-6f41d9ded21b,2026-07-06 17:20:21,2026-07-06 17:09:30,2026-07-06 17:20:21,2026-07-06 17:10:00,eth-updown-5m-1783357800,Down,0.51316834,6.00929995,11.71019231,11.71019231,5.70089236,91.20956700
528,6a321b03-2acf-408c-9d53-600d15cac8ae,2026-07-06 17:25:24,2026-07-06 17:14:30,2026-07-06 17:25:24,2026-07-06 17:15:00,eth-updown-5m-1783358100,Up,0.51000000,6.00930000,11.78294118,11.78294118,5.77364118,96.98320818
529,5ae7bd11-f58c-4d67-ac3f-29938d734fbe,2026-07-06 17:30:29,2026-07-06 17:19:30,2026-07-06 17:30:29,2026-07-06 17:20:00,eth-updown-5m-1783358400,Down,0.51000000,6.00930000,11.78294118,0.00000000,-6.00930000,90.97390818
530,e3d761db-1770-4740-8d0b-7deab818a2e2,2026-07-06 17:34:27,2026-07-06 17:24:30,2026-07-06 17:34:27,2026-07-06 17:25:00,eth-updown-5m-1783358700,Down,0.52000000,6.00930000,11.55634615,11.55634615,5.54704615,96.52095433
531,5f66da1d-8815-4284-b549-feb0f0cf9d56,2026-07-06 17:40:21,2026-07-06 17:29:30,2026-07-06 17:40:21,2026-07-06 17:30:00,eth-updown-5m-1783359000,Down,0.52000000,6.00930000,11.55634615,11.55634615,5.54704615,102.06800048
532,fc41e81c-7783-4b69-994f-d557008983e8,2026-07-06 17:45:07,2026-07-06 17:34:30,2026-07-06 17:45:07,2026-07-06 17:35:00,eth-updown-5m-1783359300,Down,0.50579159,6.00929996,11.88098039,11.88098039,5.87168043,107.93968091
533,97435451-b3c1-4dd4-9950-39703faf0860,2026-07-06 18:15:01,2026-07-06 18:04:31,2026-07-06 18:15:01,2026-07-06 18:05:00,eth-updown-5m-1783361100,Down,0.51148839,6.00930004,11.74865385,11.74865385,5.73935381,113.67903472
534,38b08a73-e9bd-41c3-a908-2bff944651df,2026-07-06 18:40:14,2026-07-06 18:29:30,2026-07-06 18:40:14,2026-07-06 18:30:00,eth-updown-5m-1783362600,Up,0.49000000,6.00930000,12.26387755,0.00000000,-6.00930000,107.66973472
535,0a83b92b-a30c-4335-8e6d-152a0294d974,2026-07-06 19:00:03,2026-07-06 18:49:30,2026-07-06 19:00:03,2026-07-06 18:50:00,eth-updown-5m-1783363800,Down,0.52000000,6.00930000,11.55634615,0.00000000,-6.00930000,101.66043472
536,74f3f17f-908d-4ecd-bfcb-04e64ba2a881,2026-07-06 19:10:18,2026-07-06 18:59:30,2026-07-06 19:10:18,2026-07-06 19:00:00,eth-updown-5m-1783364400,Down,0.52000000,6.00930000,11.55634615,11.55634615,5.54704615,107.20748087
537,9ceda1d4-b04a-4263-bcee-64666d4ba0c1,2026-07-06 19:25:05,2026-07-06 19:14:30,2026-07-06 19:25:05,2026-07-06 19:15:00,eth-updown-5m-1783365300,Down,0.50915273,6.00930005,11.80254902,0.00000000,-6.00930005,101.19818082
538,7f48382d-3b01-4c3f-909d-aca1b94ecd77,2026-07-06 19:30:12,2026-07-06 19:19:30,2026-07-06 19:30:12,2026-07-06 19:20:00,eth-updown-5m-1783365600,Down,0.54000000,6.00930000,11.12833333,0.00000000,-6.00930000,95.18888082
539,247efb98-6014-44e3-b7ed-efdae2b072d5,2026-07-06 19:35:25,2026-07-06 19:24:30,2026-07-06 19:35:25,2026-07-06 19:25:00,eth-updown-5m-1783365900,Down,0.52000000,6.00930000,11.55634615,11.55634615,5.54704615,100.73592697
540,c7c7bd0f-814f-4352-908f-15f9f32f0c7b,2026-07-06 19:40:15,2026-07-06 19:29:30,2026-07-06 19:40:15,2026-07-06 19:30:00,eth-updown-5m-1783366200,Down,0.52000000,6.00930000,11.55634615,11.55634615,5.54704615,106.28297312
541,a0c1c0b0-b07a-4f75-b2cb-e4c2cab8060e,2026-07-06 19:45:06,2026-07-06 19:34:30,2026-07-06 19:45:06,2026-07-06 19:35:00,eth-updown-5m-1783366500,Down,0.52000000,6.00930000,11.55634615,11.55634615,5.54704615,111.83001927
542,bd75a347-c73c-447d-8e20-d7ee1492fc2c,2026-07-06 19:47:42,2026-07-06 19:39:30,2026-07-06 19:47:42,2026-07-06 19:40:00,eth-updown-5m-1783366800,Down,0.50000000,6.00930000,12.01860000,0.00000000,-6.00930000,105.82071927
543,61fb2a35-e623-4f7e-8f49-f192a661b463,2026-07-06 19:55:04,2026-07-06 19:44:30,2026-07-06 19:55:04,2026-07-06 19:45:00,eth-updown-5m-1783367100,Down,0.50000000,6.00930000,12.01860000,12.01860000,6.00930000,111.83001927
544,d74e9474-9179-414f-8674-e23e25833baa,2026-07-06 20:00:30,2026-07-06 19:49:30,2026-07-06 20:00:30,2026-07-06 19:50:00,eth-updown-5m-1783367400,Down,0.51000000,6.00930000,11.78294118,11.78294118,5.77364118,117.60366045
545,f1124e3a-d107-4301-949e-df3f92486efe,2026-07-06 20:05:15,2026-07-06 19:54:30,2026-07-06 20:05:15,2026-07-06 19:55:00,eth-updown-5m-1783367700,Down,0.50412761,6.00929996,11.92019608,11.92019608,5.91089612,123.51455657
546,b57e057d-c570-4876-b92c-e62480bc8b87,2026-07-06 20:07:24,2026-07-06 19:59:30,2026-07-06 20:07:24,2026-07-06 20:00:00,eth-updown-5m-1783368000,Down,0.49000000,6.00930000,12.26387755,12.26387755,6.25457755,129.76913412
547,8b06755d-3310-47e5-8b16-f9b1f83b917e,2026-07-06 20:12:50,2026-07-06 20:04:30,2026-07-06 20:12:50,2026-07-06 20:05:00,eth-updown-5m-1783368300,Down,0.47000000,6.00930000,12.78574468,0.00000000,-6.00930000,123.75983412
548,23ecdec0-f9cc-4a7b-ad4d-614a55cb94bf,2026-07-06 20:18:38,2026-07-06 20:09:30,2026-07-06 20:18:38,2026-07-06 20:10:00,eth-updown-5m-1783368600,Down,0.48000734,6.00930005,12.51918367,12.51918367,6.50988362,130.26971774
549,bd79bd2a-6254-4be3-814c-9ab5acccb0a8,2026-07-06 20:24:20,2026-07-06 20:14:30,2026-07-06 20:24:20,2026-07-06 20:15:00,eth-updown-5m-1783368900,Down,0.49000000,6.00930000,12.26387755,12.26387755,6.25457755,136.52429529
550,62da0009-ba77-4a4c-8964-3ffe4c0e09a0,2026-07-06 20:30:31,2026-07-06 20:19:30,2026-07-06 20:30:31,2026-07-06 20:20:00,eth-updown-5m-1783369200,Down,0.49000000,6.00930000,12.26387755,0.00000000,-6.00930000,130.51499529
551,e90e1e4b-729b-4627-8ceb-6da14e9c9ba9,2026-07-06 20:35:22,2026-07-06 20:24:30,2026-07-06 20:35:22,2026-07-06 20:25:00,eth-updown-5m-1783369500,Down,0.49000000,6.00930000,12.26387755,0.00000000,-6.00930000,124.50569529
552,f94455fc-b377-4a11-9c8c-527def5b52f0,2026-07-06 20:40:08,2026-07-06 20:29:30,2026-07-06 20:40:08,2026-07-06 20:30:00,eth-updown-5m-1783369800,Down,0.52000000,6.00930000,11.55634615,0.00000000,-6.00930000,118.49639529
553,17b754f0-416a-4a77-9b75-d04e599e78c7,2026-07-06 20:42:19,2026-07-06 20:34:30,2026-07-06 20:42:19,2026-07-06 20:35:00,eth-updown-5m-1783370100,Down,0.52562656,6.00930003,11.43264151,11.43264151,5.42334148,123.91973677
554,ed62661c-8395-4327-99f4-cdad3e71df5e,2026-07-06 20:52:49,2026-07-06 20:44:30,2026-07-06 20:52:49,2026-07-06 20:45:00,eth-updown-5m-1783370700,Down,0.52000000,6.00930000,11.55634615,0.00000000,-6.00930000,117.91043677
555,b3c3817e-9e74-49f6-9ab8-fef0a32f1861,2026-07-06 21:00:18,2026-07-06 20:49:30,2026-07-06 21:00:18,2026-07-06 20:50:00,eth-updown-5m-1783371000,Down,0.51000000,6.00930000,11.78294118,0.00000000,-6.00930000,111.90113677
556,6b9e7cf3-f78e-4d97-937a-c737e5ad5f63,2026-07-06 21:05:16,2026-07-06 20:54:30,2026-07-06 21:05:16,2026-07-06 20:55:00,eth-updown-5m-1783371300,Down,0.55000000,6.00930000,10.92600000,10.92600000,4.91670000,116.81783677
557,f597d61a-478a-4e21-9410-5893800daa54,2026-07-06 21:10:28,2026-07-06 20:59:30,2026-07-06 21:10:28,2026-07-06 21:00:00,eth-updown-5m-1783371600,Down,0.51000000,6.00930000,11.78294118,0.00000000,-6.00930000,110.80853677
558,8a2ecd4c-1831-4543-9835-a72fc9edf937,2026-07-06 21:15:21,2026-07-06 21:04:30,2026-07-06 21:15:21,2026-07-06 21:05:00,eth-updown-5m-1783371900,Down,0.51000000,6.00930000,11.78294118,0.00000000,-6.00930000,104.79923677
559,9d45c72c-fef0-4b42-a37c-b2fa1e1a7b77,2026-07-06 21:24:45,2026-07-06 21:14:30,2026-07-06 21:24:45,2026-07-06 21:15:00,eth-updown-5m-1783372500,Down,0.52132470,6.00929998,11.52698113,11.52698113,5.51768115,110.31691792
560,52f8f8f6-8949-48d1-8fed-d287fd3c0cf4,2026-07-06 21:29:52,2026-07-06 21:19:30,2026-07-06 21:29:52,2026-07-06 21:20:00,eth-updown-5m-1783372800,Down,0.52643455,6.00930005,11.41509434,11.41509434,5.40579429,115.72271221
561,586a9fce-d3ca-43d8-ba7a-780d0c6eb401,2026-07-06 21:32:19,2026-07-06 21:24:30,2026-07-06 21:32:19,2026-07-06 21:25:00,eth-updown-5m-1783373100,Down,0.54000000,6.00930000,11.12833333,11.12833333,5.11903333,120.84174554
562,22776c09-de94-49f9-ada2-8d01bfa1ce90,2026-07-06 21:45:17,2026-07-06 21:34:30,2026-07-06 21:45:17,2026-07-06 21:35:00,eth-updown-5m-1783373700,Down,0.52000000,6.00930000,11.55634615,11.55634615,5.54704615,126.38879169
563,b76bcbf1-cc29-4723-b481-0c26219fac21,2026-07-06 21:50:37,2026-07-06 21:39:30,2026-07-06 21:50:37,2026-07-06 21:40:00,eth-updown-5m-1783374000,Up,0.50000000,6.00930000,12.01860000,12.01860000,6.00930000,132.39809169
564,fde97548-4ae6-475d-8d9e-2c68b8a4d893,2026-07-06 21:59:20,2026-07-06 21:49:30,2026-07-06 21:59:20,2026-07-06 21:50:00,eth-updown-5m-1783374600,Up,0.49000000,6.00930000,12.26387755,12.26387755,6.25457755,138.65266924
565,4fbd5ef8-127d-4ab0-b928-65fb223d0d1a,2026-07-06 22:10:16,2026-07-06 21:59:30,2026-07-06 22:10:16,2026-07-06 22:00:00,eth-updown-5m-1783375200,Up,0.51000000,6.00930000,11.78294118,0.00000000,-6.00930000,132.64336924
566,677c035d-1b46-4672-a00d-00a98b5af9b8,2026-07-06 22:20:12,2026-07-06 22:09:30,2026-07-06 22:20:12,2026-07-06 22:10:00,eth-updown-5m-1783375800,Up,0.51000000,6.00930000,11.78294118,11.78294118,5.77364118,138.41701042
567,fa072afe-a522-40f6-a143-66a5590a2cc3,2026-07-06 22:39:49,2026-07-06 22:29:30,2026-07-06 22:39:49,2026-07-06 22:30:00,eth-updown-5m-1783377000,Up,0.54000000,6.00930000,11.12833333,0.00000000,-6.00930000,132.40771042
568,198b04a8-88b2-4369-a0ab-c251a1b9effc,2026-07-06 22:44:57,2026-07-06 22:34:30,2026-07-06 22:44:57,2026-07-06 22:35:00,eth-updown-5m-1783377300,Up,0.53000000,6.00930000,11.33830189,11.33830189,5.32900189,137.73671231
569,305fc51c-3811-48e0-8683-22e3531a6bfb,2026-07-06 22:49:56,2026-07-06 22:39:30,2026-07-06 22:49:56,2026-07-06 22:40:00,eth-updown-5m-1783377600,Up,0.51000000,6.00930000,11.78294118,0.00000000,-6.00930000,131.72741231
570,5efcc3ae-e7c3-4443-87c1-4d2f6678d7ae,2026-07-06 22:54:49,2026-07-06 22:44:30,2026-07-06 22:54:49,2026-07-06 22:45:00,eth-updown-5m-1783377900,Up,0.54000000,6.00930000,11.12833333,11.12833333,5.11903333,136.84644564
571,2debce80-9df5-4cae-ad3b-f39450f4d9fe,2026-07-06 22:59:49,2026-07-06 22:49:30,2026-07-06 22:59:49,2026-07-06 22:50:00,eth-updown-5m-1783378200,Up,0.53000000,6.00930000,11.33830189,0.00000000,-6.00930000,130.83714564
572,7f575ce7-b20e-47c5-90fc-a34178f1003d,2026-07-06 23:14:51,2026-07-06 23:04:30,2026-07-06 23:14:51,2026-07-06 23:05:00,eth-updown-5m-1783379100,Down,0.51000000,6.00930000,11.78294118,11.78294118,5.77364118,136.61078682
573,137239e5-9533-4ec2-b480-e841c87b9a53,2026-07-06 23:25:06,2026-07-06 23:14:30,2026-07-06 23:25:06,2026-07-06 23:15:00,eth-updown-5m-1783379700,Down,0.51000000,6.00930000,11.78294118,11.78294118,5.77364118,142.38442800
574,00533c31-7299-4d50-b295-e91409fef45f,2026-07-06 23:49:56,2026-07-06 23:39:30,2026-07-06 23:49:56,2026-07-06 23:40:00,eth-updown-5m-1783381200,Up,0.52000000,6.00930000,11.55634615,0.00000000,-6.00930000,136.37512800
575,69749121-28d4-483a-8a82-4e1c1d5581d9,2026-07-06 23:54:56,2026-07-06 23:44:30,2026-07-06 23:54:56,2026-07-06 23:45:00,eth-updown-5m-1783381500,Up,0.55000000,6.00930000,10.92600000,10.92600000,4.91670000,141.29182800
576,cea43d8c-2e29-4915-a00a-4a876e19c066,2026-07-06 23:59:51,2026-07-06 23:49:30,2026-07-06 23:59:51,2026-07-06 23:50:00,eth-updown-5m-1783381800,Up,0.54000000,6.00930000,11.12833333,11.12833333,5.11903333,146.41086133
577,20a6ccf9-e827-4c3d-9e6d-82ef57179d61,2026-07-07 00:07:07,2026-07-06 23:59:30,2026-07-07 00:07:07,2026-07-07 00:00:00,eth-updown-5m-1783382400,Up,0.53000000,6.00930000,11.33830189,0.00000000,-6.00930000,140.40156133
578,d4a3b8b9-a264-4758-b423-cd30619ca6f2,2026-07-07 00:11:44,2026-07-07 00:04:30,2026-07-07 00:11:44,2026-07-07 00:05:00,eth-updown-5m-1783382700,Up,0.52562656,6.00930003,11.43264151,11.43264151,5.42334148,145.82490281
579,d78530c7-54ce-40d0-93d8-7c3cad8811f0,2026-07-07 00:19:54,2026-07-07 00:09:30,2026-07-07 00:19:54,2026-07-07 00:10:00,eth-updown-5m-1783383000,Up,0.51000000,6.00930000,11.78294118,0.00000000,-6.00930000,139.81560281
580,afd26668-56f7-4d3e-85b8-5ec8672ea314,2026-07-07 00:25:21,2026-07-07 00:14:30,2026-07-07 00:25:21,2026-07-07 00:15:00,eth-updown-5m-1783383300,Up,0.52000000,6.00930000,11.55634615,11.55634615,5.54704615,145.36264896
581,a57a543b-6b0e-4ba2-a4be-dd8c0149d636,2026-07-07 00:30:15,2026-07-07 00:19:30,2026-07-07 00:30:15,2026-07-07 00:20:00,eth-updown-5m-1783383600,Up,0.52000000,6.00930000,11.55634615,11.55634615,5.54704615,150.90969511
582,42612e9c-e457-43e6-ae3f-b501801ee379,2026-07-07 00:45:03,2026-07-07 00:34:30,2026-07-07 00:45:03,2026-07-07 00:35:00,eth-updown-5m-1783384500,Down,0.50579159,6.00929996,11.88098039,11.88098039,5.87168043,156.78137554
583,656fab5d-b1f6-4692-87c4-c6d851f91be5,2026-07-07 00:55:24,2026-07-07 00:44:30,2026-07-07 00:55:24,2026-07-07 00:45:00,eth-updown-5m-1783385100,Down,0.50000000,6.00930000,12.01860000,0.00000000,-6.00930000,150.77207554
584,270e6ba4-7cf9-4924-aa1d-3f9e7aa19af7,2026-07-07 01:00:44,2026-07-07 00:49:30,2026-07-07 01:00:44,2026-07-07 00:50:00,eth-updown-5m-1783385400,Down,0.51000000,6.00930000,11.78294118,0.00000000,-6.00930000,144.76277554
585,5f4e6a46-265a-465d-991b-3dbc937e77b7,2026-07-07 01:10:02,2026-07-07 00:59:31,2026-07-07 01:10:02,2026-07-07 01:00:00,eth-updown-5m-1783386000,Down,0.52000000,6.00930000,11.55634615,11.55634615,5.54704615,150.30982169
586,b6275f45-c6ab-4729-83dc-25ef25e1f72c,2026-07-07 01:20:07,2026-07-07 01:09:30,2026-07-07 01:20:07,2026-07-07 01:10:00,eth-updown-5m-1783386600,Down,0.49000000,6.00930000,12.26387755,0.00000000,-6.00930000,144.30052169
587,50a29f31-a474-46c1-b348-bf7ad193037a,2026-07-07 01:29:25,2026-07-07 01:19:30,2026-07-07 01:29:25,2026-07-07 01:20:00,eth-updown-5m-1783387200,Down,0.49000000,6.00930000,12.26387755,12.26387755,6.25457755,150.55509924
588,9b49165b-cad5-47d4-a558-cab349f2740e,2026-07-07 01:54:40,2026-07-07 01:44:30,2026-07-07 01:54:40,2026-07-07 01:45:00,eth-updown-5m-1783388700,Down,0.51000000,6.00930000,11.78294118,0.00000000,-6.00930000,144.54579924
589,3e4e6a2c-040a-4d6e-9acd-4254e0b70af6,2026-07-07 02:00:26,2026-07-07 01:49:30,2026-07-07 02:00:26,2026-07-07 01:50:00,eth-updown-5m-1783389000,Down,0.52120526,6.00929997,11.52962264,11.52962264,5.52032267,150.06612191
590,2828607b-eff1-47a7-81a4-ad87f0088e92,2026-07-07 02:05:14,2026-07-07 01:54:30,2026-07-07 02:05:14,2026-07-07 01:55:00,eth-updown-5m-1783389300,Down,0.51000000,6.00930000,11.78294118,11.78294118,5.77364118,155.83976309
591,b761c28d-fedd-4bd3-ab96-056a0d7139df,2026-07-07 02:15:12,2026-07-07 02:04:30,2026-07-07 02:15:12,2026-07-07 02:05:00,eth-updown-5m-1783389900,Down,0.50000000,6.00930000,12.01860000,12.01860000,6.00930000,161.84906309
592,c71ef579-525f-4e93-9a27-3f7397f6a765,2026-07-07 02:22:52,2026-07-07 02:14:30,2026-07-07 02:22:52,2026-07-07 02:15:00,eth-updown-5m-1783390500,Down,0.49000000,6.00930000,12.26387755,12.26387755,6.25457755,168.10364064
593,65584580-58e0-4bc2-922f-951e9099c774,2026-07-07 02:39:49,2026-07-07 02:29:30,2026-07-07 02:39:49,2026-07-07 02:30:00,eth-updown-5m-1783391400,Up,0.54000000,6.00930000,11.12833333,11.12833333,5.11903333,173.22267397
594,5a9158c1-3917-4393-929a-dd61af493bf4,2026-07-07 02:44:39,2026-07-07 02:34:30,2026-07-07 02:44:39,2026-07-07 02:35:00,eth-updown-5m-1783391700,Up,0.55000000,6.00930000,10.92600000,10.92600000,4.91670000,178.13937397
595,b5662473-a45a-4309-9d8a-574324ab7f32,2026-07-07 03:04:42,2026-07-07 02:54:30,2026-07-07 03:04:42,2026-07-07 02:55:00,eth-updown-5m-1783392900,Up,0.53000000,6.00930000,11.33830189,0.00000000,-6.00930000,172.13007397
596,791bb776-f629-48c5-9a0e-dcdabda2f54b,2026-07-07 03:35:03,2026-07-07 03:24:30,2026-07-07 03:35:03,2026-07-07 03:25:00,eth-updown-5m-1783394700,Up,0.55000000,6.00930000,10.92600000,0.00000000,-6.00930000,166.12077397
597,23ad27bb-f88e-4807-9089-e35937d2fcfb,2026-07-07 03:54:11,2026-07-07 03:44:30,2026-07-07 03:54:11,2026-07-07 03:45:00,eth-updown-5m-1783395900,Up,0.56000000,6.00930000,10.73089286,0.00000000,-6.00930000,160.11147397
598,fa2df1a1-6836-4c5f-a829-9cf3197e2e0e,2026-07-07 03:59:41,2026-07-07 03:49:30,2026-07-07 03:59:41,2026-07-07 03:50:00,eth-updown-5m-1783396200,Up,0.54000000,6.00930000,11.12833333,11.12833333,5.11903333,165.23050730
599,6abfbf44-06c9-4855-b145-4764f8072f90,2026-07-07 04:10:08,2026-07-07 03:59:30,2026-07-07 04:10:08,2026-07-07 04:00:00,eth-updown-5m-1783396800,Up,0.53000000,6.00930000,11.33830189,0.00000000,-6.00930000,159.22120730
600,def6e28f-05dd-4715-9082-7a0a94b82cf2,2026-07-07 04:14:56,2026-07-07 04:04:30,2026-07-07 04:14:56,2026-07-07 04:05:00,eth-updown-5m-1783397100,Up,0.52000000,6.00930000,11.55634615,11.55634615,5.54704615,164.76825345
601,3101d434-aca4-42ed-b97e-94e36fa30da1,2026-07-07 04:24:59,2026-07-07 04:14:30,2026-07-07 04:24:59,2026-07-07 04:15:00,eth-updown-5m-1783397700,Up,0.51951587,6.00930001,11.56711538,0.00000000,-6.00930001,158.75895344
602,92bc5958-3a53-4cb5-9ff6-53a4e52e0016,2026-07-07 04:34:42,2026-07-07 04:24:30,2026-07-07 04:34:42,2026-07-07 04:25:00,eth-updown-5m-1783398300,Up,0.53000000,6.00930000,11.33830189,11.33830189,5.32900189,164.08795533
603,0b531c45-804c-4858-968d-fd034e9e676e,2026-07-07 04:49:54,2026-07-07 04:39:30,2026-07-07 04:49:54,2026-07-07 04:40:00,eth-updown-5m-1783399200,Up,0.51753689,6.00929998,11.61134615,0.00000000,-6.00929998,158.07865535
604,9d537e30-ec80-49f0-94b1-bcd5ff09afe1,2026-07-07 04:55:04,2026-07-07 04:44:30,2026-07-07 04:55:04,2026-07-07 04:45:00,eth-updown-5m-1783399500,Up,0.53390513,6.00929998,11.25537037,0.00000000,-6.00929998,152.06935537
605,2345b5f5-6e38-4897-83cd-e20eb91d03ad,2026-07-07 04:59:52,2026-07-07 04:49:30,2026-07-07 04:59:52,2026-07-07 04:50:00,eth-updown-5m-1783399800,Up,0.55000000,6.00930000,10.92600000,10.92600000,4.91670000,156.98605537
606,5bf391bc-0f39-446c-8381-476f58de5f34,2026-07-07 05:05:06,2026-07-07 04:54:30,2026-07-07 05:05:06,2026-07-07 04:55:00,eth-updown-5m-1783400100,Up,0.52000000,6.00930000,11.55634615,11.55634615,5.54704615,162.53310152
607,faa9052f-2703-4199-84b6-a99b2fb257a4,2026-07-07 05:25:20,2026-07-07 05:14:30,2026-07-07 05:25:20,2026-07-07 05:15:00,eth-updown-5m-1783401300,Up,0.56000000,6.00930000,10.73089286,10.73089286,4.72159286,167.25469438
608,f3cabc28-e021-47b3-a78c-0aefbf88bec6,2026-07-07 05:50:14,2026-07-07 05:39:30,2026-07-07 05:50:14,2026-07-07 05:40:00,eth-updown-5m-1783402800,Down,0.53000000,6.00930000,11.33830189,11.33830189,5.32900189,172.58369627
609,bc2badb5-a53a-4d26-aede-3678bb5dc89a,2026-07-07 05:55:14,2026-07-07 05:44:30,2026-07-07 05:55:14,2026-07-07 05:45:00,eth-updown-5m-1783403100,Down,0.53000000,6.00930000,11.33830189,0.00000000,-6.00930000,166.57439627
610,e668dfd8-5036-4033-a7d0-25a944a0c571,2026-07-07 06:05:18,2026-07-07 05:54:30,2026-07-07 06:05:18,2026-07-07 05:55:00,eth-updown-5m-1783403700,Down,0.53496134,6.00929999,11.23314815,11.23314815,5.22384816,171.79824443
611,0b082620-c30a-49d4-9835-a4627294165f,2026-07-07 06:15:09,2026-07-07 06:04:30,2026-07-07 06:15:09,2026-07-07 06:05:00,eth-updown-5m-1783404300,Down,0.51000000,6.00930000,11.78294118,11.78294118,5.77364118,177.57188561
612,4320b331-71ff-48e4-9240-4bcdcc68db7b,2026-07-07 06:41:55,2026-07-07 06:34:30,2026-07-07 06:41:55,2026-07-07 06:35:00,eth-updown-5m-1783406100,Down,0.53000000,6.00930000,11.33830189,0.00000000,-6.00930000,171.56258561
613,fa1e5fd4-6937-48c6-a6f4-8c2c906e5299,2026-07-07 06:47:33,2026-07-07 06:39:30,2026-07-07 06:47:33,2026-07-07 06:40:00,eth-updown-5m-1783406400,Down,0.56000000,6.00930000,10.73089286,0.00000000,-6.00930000,165.55328561
614,89cad789-7ddf-4b8c-8720-0f04a0f97eb7,2026-07-07 06:52:31,2026-07-07 06:44:30,2026-07-07 06:52:31,2026-07-07 06:45:00,eth-updown-5m-1783406700,Down,0.53531434,6.00930000,11.22574074,0.00000000,-6.00930000,159.54398561
615,abe86eb3-d1fd-4567-bc5a-0a2a6a430e4e,2026-07-07 07:00:04,2026-07-07 06:49:30,2026-07-07 07:00:04,2026-07-07 06:50:00,eth-updown-5m-1783407000,Down,0.57000000,6.00930000,10.54263158,0.00000000,-6.00930000,153.53468561
616,41e4fa34-9904-47d9-9532-a608fa33435a,2026-07-07 07:05:01,2026-07-07 06:54:30,2026-07-07 07:05:01,2026-07-07 06:55:00,eth-updown-5m-1783407300,Down,0.55000000,6.00930000,10.92600000,10.92600000,4.91670000,158.45138561
617,0e5e3d16-48a5-4b32-b431-6f1cf764c1b0,2026-07-07 07:10:02,2026-07-07 06:59:30,2026-07-07 07:10:02,2026-07-07 07:00:00,eth-updown-5m-1783407600,Down,0.53000000,6.00930000,11.33830189,0.00000000,-6.00930000,152.44208561
618,8a342275-edde-4c54-8181-838633d43b7e,2026-07-07 07:15:07,2026-07-07 07:04:30,2026-07-07 07:15:07,2026-07-07 07:05:00,eth-updown-5m-1783407900,Down,0.51000000,6.00930000,11.78294118,11.78294118,5.77364118,158.21572679
619,accdef16-cc8c-4d8b-ab9f-e8b9709e2f01,2026-07-07 07:20:08,2026-07-07 07:09:30,2026-07-07 07:20:08,2026-07-07 07:10:00,eth-updown-5m-1783408200,Down,0.51000000,6.00930000,11.78294118,0.00000000,-6.00930000,152.20642679
620,79c8842a-40ab-4a83-a01c-36f849271c45,2026-07-07 07:23:19,2026-07-07 07:14:30,2026-07-07 07:23:19,2026-07-07 07:15:00,eth-updown-5m-1783408500,Down,0.55000000,6.00930000,10.92600000,10.92600000,4.91670000,157.12312679
621,c16081a4-f279-4049-9803-842c1fdf9b0c,2026-07-07 07:27:53,2026-07-07 07:19:30,2026-07-07 07:27:53,2026-07-07 07:20:00,eth-updown-5m-1783408800,Down,0.53000000,6.00930000,11.33830189,11.33830189,5.32900189,162.45212868
622,6edd3072-f85c-475e-8f6e-64c5d252f4ce,2026-07-07 07:45:09,2026-07-07 07:34:30,2026-07-07 07:45:09,2026-07-07 07:35:00,eth-updown-5m-1783409700,Up,0.54546152,6.00929998,11.01690909,0.00000000,-6.00929998,156.44282870
623,52008d11-48e0-4483-8646-65e86f28a42e,2026-07-07 07:47:39,2026-07-07 07:39:30,2026-07-07 07:47:39,2026-07-07 07:40:00,eth-updown-5m-1783410000,Up,0.55000000,6.00930000,10.92600000,10.92600000,4.91670000,161.35952870
624,471e7440-3ff2-438b-9b34-619ee23ba260,2026-07-07 07:52:24,2026-07-07 07:44:30,2026-07-07 07:52:24,2026-07-07 07:45:00,eth-updown-5m-1783410300,Up,0.54000000,6.00930000,11.12833333,11.12833333,5.11903333,166.47856203
625,bc753103-4817-42a3-93ab-ac95e3f8d1cc,2026-07-07 08:05:11,2026-07-07 07:54:30,2026-07-07 08:05:11,2026-07-07 07:55:00,eth-updown-5m-1783410900,Up,0.51547088,6.00930004,11.65788462,0.00000000,-6.00930004,160.46926199
626,cef2ad45-6d1d-4900-8550-ba58a3f1c7f6,2026-07-07 08:09:54,2026-07-07 07:59:30,2026-07-07 08:09:54,2026-07-07 08:00:00,eth-updown-5m-1783411200,Up,0.54000000,6.00930000,11.12833333,0.00000000,-6.00930000,154.45996199
627,2c3484f9-5d2d-43de-b56a-8e69fcf4eb74,2026-07-07 08:29:19,2026-07-07 08:19:30,2026-07-07 08:29:19,2026-07-07 08:20:00,eth-updown-5m-1783412400,Down,0.50000000,6.00930000,12.01860000,12.01860000,6.00930000,160.46926199
628,a04b81e1-43ab-446c-9204-07e3b4e62286,2026-07-07 08:35:13,2026-07-07 08:24:30,2026-07-07 08:35:13,2026-07-07 08:25:00,eth-updown-5m-1783412700,Down,0.50746659,6.00929996,11.84176471,11.84176471,5.83246475,166.30172674
629,5d81da31-bd98-449e-89e2-3c304aed7e64,2026-07-07 09:13:12,2026-07-07 09:04:30,2026-07-07 09:13:12,2026-07-07 09:05:00,eth-updown-5m-1783415100,Down,0.50000000,6.00930000,12.01860000,12.01860000,6.00930000,172.31102674
630,6b3d0d89-6a8b-4a0b-bc97-acc430cbf530,2026-07-07 09:20:19,2026-07-07 09:09:30,2026-07-07 09:20:19,2026-07-07 09:10:00,eth-updown-5m-1783415400,Down,0.51000000,6.00930000,11.78294118,0.00000000,-6.00930000,166.30172674
631,0a73e570-edbf-4719-8295-8ac52e334087,2026-07-07 09:25:01,2026-07-07 09:14:30,2026-07-07 09:25:01,2026-07-07 09:15:00,eth-updown-5m-1783415700,Down,0.52942734,6.00929999,11.35056604,11.35056604,5.34126605,171.64299279
632,e946145f-0191-4bd4-9a1e-f7ac1e0a1f2f,2026-07-07 09:44:24,2026-07-07 09:34:30,2026-07-07 09:44:24,2026-07-07 09:35:00,eth-updown-5m-1783416900,Down,0.50901742,6.00929997,11.80568627,11.80568627,5.79638630,177.43937909
633,a88a3430-d831-4a44-b0d0-39ed7752d65a,2026-07-07 09:50:19,2026-07-07 09:39:30,2026-07-07 09:50:19,2026-07-07 09:40:00,eth-updown-5m-1783417200,Down,0.54000000,6.00930000,11.12833333,0.00000000,-6.00930000,171.43007909
634,8d336c86-081a-430e-8351-27bcbda9340b,2026-07-07 09:54:31,2026-07-07 09:44:30,2026-07-07 09:54:31,2026-07-07 09:45:00,eth-updown-5m-1783417500,Down,0.56000000,6.00930000,10.73089286,10.73089286,4.72159286,176.15167195
635,67831b9a-f957-44a4-b4fe-f41189f2f404,2026-07-07 09:59:46,2026-07-07 09:49:30,2026-07-07 09:59:46,2026-07-07 09:50:00,eth-updown-5m-1783417800,Down,0.52000000,6.00930000,11.55634615,11.55634615,5.54704615,181.69871810
636,2fa404ae-c65a-460c-ab61-95e12ca9b5e9,2026-07-07 10:10:01,2026-07-07 09:59:30,2026-07-07 10:10:01,2026-07-07 10:00:00,eth-updown-5m-1783418400,Down,0.51141305,6.00930004,11.75038462,0.00000000,-6.00930004,175.68941806
637,346fa106-7ae7-4a2d-94f9-a288bef2a03a,2026-07-07 10:20:02,2026-07-07 10:09:30,2026-07-07 10:20:02,2026-07-07 10:10:00,eth-updown-5m-1783419000,Down,0.53563244,6.00930002,11.21907407,11.21907407,5.20977405,180.89919211
638,0188cf99-4dd2-4303-99e0-20d12cc140e4,2026-07-07 10:30:03,2026-07-07 10:19:30,2026-07-07 10:30:03,2026-07-07 10:20:00,eth-updown-5m-1783419600,Down,0.53843200,6.00929996,11.16074074,11.16074074,5.15144078,186.05063289
639,a5667cb4-3410-4d6f-b519-c72bb26ba03b,2026-07-07 10:45:18,2026-07-07 10:34:30,2026-07-07 10:45:18,2026-07-07 10:35:00,eth-updown-5m-1783420500,Up,0.52000000,6.00930000,11.55634615,11.55634615,5.54704615,191.59767904
640,d093d9c6-cfbf-4bb5-a482-a28a67e927df,2026-07-07 10:55:17,2026-07-07 10:44:30,2026-07-07 10:55:17,2026-07-07 10:45:00,eth-updown-5m-1783421100,Up,0.51000000,6.00930000,11.78294118,0.00000000,-6.00930000,185.58837904
641,3e72a70c-2ba1-4f24-97b0-b13424fca724,2026-07-07 11:00:32,2026-07-07 10:49:30,2026-07-07 11:00:32,2026-07-07 10:50:00,eth-updown-5m-1783421400,Up,0.52000000,6.00930000,11.55634615,0.00000000,-6.00930000,179.57907904
642,21cf0f55-637d-44f6-a92c-c805dfead9e8,2026-07-07 11:05:05,2026-07-07 10:54:30,2026-07-07 11:05:05,2026-07-07 10:55:00,eth-updown-5m-1783421700,Up,0.53000000,6.00930000,11.33830189,11.33830189,5.32900189,184.90808093
643,4ffcf6ab-f520-4522-806b-9f435267a203,2026-07-07 11:20:09,2026-07-07 11:09:30,2026-07-07 11:20:09,2026-07-07 11:10:00,eth-updown-5m-1783422600,Up,0.52000000,6.00930000,11.55634615,0.00000000,-6.00930000,178.89878093
644,bcf13883-1fd4-424b-a89e-6d0704cae422,2026-07-07 11:25:05,2026-07-07 11:14:30,2026-07-07 11:25:05,2026-07-07 11:15:00,eth-updown-5m-1783422900,Up,0.52102621,6.00930003,11.53358491,11.53358491,5.52428488,184.42306581
645,18bd98e8-6cc2-40ba-a320-e6ccefa7c1c6,2026-07-07 11:45:21,2026-07-07 11:34:30,2026-07-07 11:45:21,2026-07-07 11:35:00,eth-updown-5m-1783424100,Up,0.51000000,6.00930000,11.78294118,11.78294118,5.77364118,190.19670699
646,492b1c3a-6499-4c72-925c-4db444a6ac3b,2026-07-07 12:00:01,2026-07-07 11:49:30,2026-07-07 12:00:01,2026-07-07 11:50:00,eth-updown-5m-1783425000,Down,0.56000000,6.00930000,10.73089286,10.73089286,4.72159286,194.91829985
647,7f26cd69-5f0e-4769-83ad-5c04ce00147d,2026-07-07 12:10:21,2026-07-07 11:59:30,2026-07-07 12:10:21,2026-07-07 12:00:00,eth-updown-5m-1783425600,Down,0.55000000,6.00930000,10.92600000,0.00000000,-6.00930000,188.90899985
648,9b4edb61-4e6f-4773-ad87-48ce7cc21e00,2026-07-07 12:15:20,2026-07-07 12:04:30,2026-07-07 12:15:20,2026-07-07 12:05:00,eth-updown-5m-1783425900,Down,0.54000000,6.00930000,11.12833333,0.00000000,-6.00930000,182.89969985
649,fddb78b8-c67f-4727-9261-514b3152aa0e,2026-07-07 12:17:31,2026-07-07 12:09:30,2026-07-07 12:17:31,2026-07-07 12:10:00,eth-updown-5m-1783426200,Down,0.56000000,6.00930000,10.73089286,10.73089286,4.72159286,187.62129271
650,15929ef1-80cb-4012-8021-c06bcff3faf5,2026-07-07 12:25:12,2026-07-07 12:14:30,2026-07-07 12:25:12,2026-07-07 12:15:00,eth-updown-5m-1783426500,Down,0.55000000,6.00930000,10.92600000,10.92600000,4.91670000,192.53799271
651,534eb8eb-e5a1-4d77-b116-b9c17fd3bf67,2026-07-07 12:34:40,2026-07-07 12:24:30,2026-07-07 12:34:40,2026-07-07 12:25:00,eth-updown-5m-1783427100,Down,0.53000000,6.00930000,11.33830189,11.33830189,5.32900189,197.86699460
652,3b1652e2-46ff-47b4-ae79-91137336d687,2026-07-07 13:00:22,2026-07-07 12:49:30,2026-07-07 13:00:22,2026-07-07 12:50:00,eth-updown-5m-1783428600,Up,0.52000000,6.00930000,11.55634615,11.55634615,5.54704615,203.41404075
653,d329d720-20b4-43d9-a51f-084e809b1e9c,2026-07-07 13:08:43,2026-07-07 12:59:30,2026-07-07 13:08:43,2026-07-07 13:00:00,eth-updown-5m-1783429200,Up,0.54000000,6.00930000,11.12833333,0.00000000,-6.00930000,197.40474075
654,f09b68ed-d14c-4b11-8953-48f2837a94d2,2026-07-07 13:14:55,2026-07-07 13:04:30,2026-07-07 13:14:55,2026-07-07 13:05:00,eth-updown-5m-1783429500,Up,0.55000000,6.00930000,10.92600000,0.00000000,-6.00930000,191.39544075
655,6801e18a-e66a-4670-84ca-2a5531280cfa,2026-07-07 13:25:05,2026-07-07 13:14:30,2026-07-07 13:25:05,2026-07-07 13:15:00,eth-updown-5m-1783430100,Up,0.54546152,6.00929998,11.01690909,0.00000000,-6.00929998,185.38614077
656,fb137008-fac9-4041-a5b1-903364a3c071,2026-07-07 13:35:34,2026-07-07 13:24:30,2026-07-07 13:35:34,2026-07-07 13:25:00,eth-updown-5m-1783430700,Up,0.57000000,6.00930000,10.54263158,0.00000000,-6.00930000,179.37684077
657,687a8239-4049-4d45-a87b-59bcb5b28cb0,2026-07-07 14:00:50,2026-07-07 13:49:30,2026-07-07 14:00:50,2026-07-07 13:50:00,eth-updown-5m-1783432200,Down,0.50000000,6.00930000,12.01860000,12.01860000,6.00930000,185.38614077
658,49499569-e4bc-4eed-814b-e0ce478800e1,2026-07-07 14:10:36,2026-07-07 13:59:30,2026-07-07 14:10:36,2026-07-07 14:00:00,eth-updown-5m-1783432800,Down,0.47000000,6.00930000,12.78574468,0.00000000,-6.00930000,179.37684077
659,29dfa5b4-b6c2-43da-bd40-eb9156100479,2026-07-07 14:26:16,2026-07-07 14:14:30,2026-07-07 14:26:16,2026-07-07 14:15:00,eth-updown-5m-1783433700,Up,0.52000000,6.00930000,11.55634615,11.55634615,5.54704615,184.92388692
660,9038e7ca-c922-4f4a-a1af-974d36bff9b5,2026-07-07 14:35:20,2026-07-07 14:24:30,2026-07-07 14:35:20,2026-07-07 14:25:00,eth-updown-5m-1783434300,Up,0.51000000,6.00930000,11.78294118,11.78294118,5.77364118,190.69752810
661,205dc5d7-5c96-4a60-8ace-72bf35658c94,2026-07-07 15:05:16,2026-07-07 14:54:30,2026-07-07 15:05:16,2026-07-07 14:55:00,eth-updown-5m-1783436100,Down,0.57521397,6.00930002,10.44706897,0.00000000,-6.00930002,184.68822808
662,0320d87b-be27-4b23-90c2-b20e54757da0,2026-07-07 15:10:05,2026-07-07 14:59:30,2026-07-07 15:10:05,2026-07-07 15:00:00,eth-updown-5m-1783436400,Down,0.59000000,6.00930000,10.18525424,10.18525424,4.17595424,188.86418232
663,4342b278-24ac-479a-b8f0-033da0c09a35,2026-07-07 15:12:06,2026-07-07 15:04:30,2026-07-07 15:12:06,2026-07-07 15:05:00,eth-updown-5m-1783436700,Down,0.52000000,6.00930000,11.55634615,0.00000000,-6.00930000,182.85488232
664,8daa005d-7f2d-428f-af5d-ca760240421d,2026-07-07 15:20:07,2026-07-07 15:09:30,2026-07-07 15:20:07,2026-07-07 15:10:00,eth-updown-5m-1783437000,Down,0.51000000,6.00930000,11.78294118,11.78294118,5.77364118,188.62852350
665,6ea496dd-9d99-4622-8a4a-9cb02d9be1ad,2026-07-07 15:25:02,2026-07-07 15:14:30,2026-07-07 15:25:02,2026-07-07 15:15:00,eth-updown-5m-1783437300,Down,0.52000000,6.00930000,11.55634615,0.00000000,-6.00930000,182.61922350
666,de3c1b95-7237-47f9-b28d-90aa8da6b13a,2026-07-07 15:30:12,2026-07-07 15:19:30,2026-07-07 15:30:12,2026-07-07 15:20:00,eth-updown-5m-1783437600,Down,0.54000000,6.00930000,11.12833333,0.00000000,-6.00930000,176.60992350
667,ce521f50-267e-4755-a479-3e17de0e2637,2026-07-07 15:40:20,2026-07-07 15:29:30,2026-07-07 15:40:20,2026-07-07 15:30:00,eth-updown-5m-1783438200,Down,0.53000000,6.00930000,11.33830189,0.00000000,-6.00930000,170.60062350
668,ba54b1fa-6193-4a28-9a49-57bfb6e99fd6,2026-07-07 15:45:17,2026-07-07 15:34:30,2026-07-07 15:45:17,2026-07-07 15:35:00,eth-updown-5m-1783438500,Down,0.55000000,6.00930000,10.92600000,0.00000000,-6.00930000,164.59132350
669,e2f8e7f5-dfba-43a2-86a0-bad13e136473,2026-07-07 15:50:20,2026-07-07 15:39:30,2026-07-07 15:50:20,2026-07-07 15:40:00,eth-updown-5m-1783438800,Down,0.53000000,6.00930000,11.33830189,0.00000000,-6.00930000,158.58202350
670,85aac2b5-4181-453a-946d-e3a876ceb11f,2026-07-07 15:55:03,2026-07-07 15:44:30,2026-07-07 15:55:03,2026-07-07 15:45:00,eth-updown-5m-1783439100,Down,0.53000000,6.00930000,11.33830189,0.00000000,-6.00930000,152.57272350
671,69ebd788-a8fd-491d-a4d7-bd00aa8cbdb3,2026-07-07 16:00:18,2026-07-07 15:49:30,2026-07-07 16:00:18,2026-07-07 15:50:00,eth-updown-5m-1783439400,Down,0.55000000,6.00930000,10.92600000,0.00000000,-6.00930000,146.56342350
672,3a1565a8-2693-49cb-be48-f683b7aba55b,2026-07-07 16:05:25,2026-07-07 15:54:30,2026-07-07 16:05:25,2026-07-07 15:55:00,eth-updown-5m-1783439700,Down,0.55000000,6.00930000,10.92600000,10.92600000,4.91670000,151.48012350
673,42bbba36-0bc6-4c9a-a2ec-0e312f105a99,2026-07-07 16:32:06,2026-07-07 16:24:30,2026-07-07 16:32:06,2026-07-07 16:25:00,eth-updown-5m-1783441500,Down,0.51000000,6.00930000,11.78294118,0.00000000,-6.00930000,145.47082350
674,fe639f3e-9d2c-442e-aea6-d699191f0ce4,2026-07-07 16:37:31,2026-07-07 16:29:30,2026-07-07 16:37:31,2026-07-07 16:30:00,eth-updown-5m-1783441800,Down,0.52000000,6.00930000,11.55634615,11.55634615,5.54704615,151.01786965
675,dd46d99f-9942-4301-893b-d425b618d673,2026-07-07 16:50:15,2026-07-07 16:39:30,2026-07-07 16:50:15,2026-07-07 16:40:00,eth-updown-5m-1783442400,Down,0.51000000,6.00930000,11.78294118,0.00000000,-6.00930000,145.00856965
676,9e834d7c-3918-4369-b025-cc7133c5a506,2026-07-07 16:54:52,2026-07-07 16:44:30,2026-07-07 16:54:52,2026-07-07 16:45:00,eth-updown-5m-1783442700,Down,0.53000000,6.00930000,11.33830189,11.33830189,5.32900189,150.33757154
677,0af4c44d-f1ec-4b6e-b2f2-ea8744d9d76b,2026-07-07 17:00:03,2026-07-07 16:49:30,2026-07-07 17:00:03,2026-07-07 16:50:00,eth-updown-5m-1783443000,Down,0.51316834,6.00929995,11.71019231,0.00000000,-6.00929995,144.32827159
678,2d69f5a1-7269-45f3-9c99-34b9e2dac151,2026-07-07 17:05:02,2026-07-07 16:54:30,2026-07-07 17:05:02,2026-07-07 16:55:00,eth-updown-5m-1783443300,Down,0.54000000,6.00930000,11.12833333,11.12833333,5.11903333,149.44730492
679,af1616c2-a734-4a24-9998-de6fe0ebf97a,2026-07-07 17:09:22,2026-07-07 16:59:30,2026-07-07 17:09:22,2026-07-07 17:00:00,eth-updown-5m-1783443600,Down,0.51000000,6.00930000,11.78294118,0.00000000,-6.00930000,143.43800492
680,542f5b55-3744-45ed-b293-eeeda49c75b2,2026-07-07 17:15:13,2026-07-07 17:04:30,2026-07-07 17:15:13,2026-07-07 17:05:00,eth-updown-5m-1783443900,Down,0.50000000,6.00930000,12.01860000,0.00000000,-6.00930000,137.42870492
681,0b5f3c8a-91b2-4ec7-a1e3-815ab1ee3604,2026-07-07 17:17:18,2026-07-07 17:09:30,2026-07-07 17:17:18,2026-07-07 17:10:00,eth-updown-5m-1783444200,Down,0.52000000,6.00930000,11.55634615,11.55634615,5.54704615,142.97575107
682,2425fc38-b1c0-4a24-9fbe-2d754e441fa7,2026-07-07 17:35:15,2026-07-07 17:24:30,2026-07-07 17:35:15,2026-07-07 17:25:00,eth-updown-5m-1783445100,Down,0.50620931,6.00930005,11.87117647,0.00000000,-6.00930005,136.96645102
683,42449975-ffcf-4bad-aa48-2f8694305228,2026-07-07 17:40:26,2026-07-07 17:29:30,2026-07-07 17:40:26,2026-07-07 17:30:00,eth-updown-5m-1783445400,Down,0.51000000,6.00930000,11.78294118,11.78294118,5.77364118,142.74009220
684,c4c47c7e-e64a-47f5-b05b-3ed10f0a9e3a,2026-07-07 17:45:08,2026-07-07 17:34:30,2026-07-07 17:45:08,2026-07-07 17:35:00,eth-updown-5m-1783445700,Down,0.51000000,6.00930000,11.78294118,0.00000000,-6.00930000,136.73079220
685,e143a4b5-ab6f-4e02-8cf9-815c74bb7171,2026-07-07 17:46:36,2026-07-07 17:39:30,2026-07-07 17:46:36,2026-07-07 17:40:00,eth-updown-5m-1783446000,Down,0.52000000,6.00930000,11.55634615,0.00000000,-6.00930000,130.72149220
686,edd04155-19bc-429f-a854-dd999755fa2c,2026-07-07 17:58:14,2026-07-07 17:49:30,2026-07-07 17:58:14,2026-07-07 17:50:00,eth-updown-5m-1783446600,Down,0.51000000,6.00930000,11.78294118,0.00000000,-6.00930000,124.71219220
687,806b0376-470d-4c08-8623-39a2e3f549bd,2026-07-07 18:04:17,2026-07-07 17:54:30,2026-07-07 18:04:17,2026-07-07 17:55:00,eth-updown-5m-1783446900,Down,0.54000000,6.00930000,11.12833333,0.00000000,-6.00930000,118.70289220
688,cefbf835-72b4-497c-95de-bb6256e113b9,2026-07-07 18:09:44,2026-07-07 17:59:30,2026-07-07 18:09:44,2026-07-07 18:00:00,eth-updown-5m-1783447200,Down,0.54000000,6.00930000,11.12833333,11.12833333,5.11903333,123.82192553
689,41124cd8-95aa-486f-b702-a2ab8446ec95,2026-07-07 18:15:25,2026-07-07 18:04:30,2026-07-07 18:15:25,2026-07-07 18:05:00,eth-updown-5m-1783447500,Down,0.51000000,6.00930000,11.78294118,11.78294118,5.77364118,129.59556671
690,9379406b-8fb7-4f23-ad95-81a61daaffcd,2026-07-07 18:20:18,2026-07-07 18:09:30,2026-07-07 18:20:18,2026-07-07 18:10:00,eth-updown-5m-1783447800,Down,0.48000000,6.00930000,12.51937500,12.51937500,6.51007500,136.10564171
691,51f061ae-daa9-4f05-aa65-0314d0fbb373,2026-07-07 18:25:21,2026-07-07 18:14:30,2026-07-07 18:25:21,2026-07-07 18:15:00,eth-updown-5m-1783448100,Down,0.50000000,6.00930000,12.01860000,0.00000000,-6.00930000,130.09634171
692,bc5ebaab-c851-4bc0-abd8-02f674dc4f76,2026-07-07 18:30:13,2026-07-07 18:19:30,2026-07-07 18:30:13,2026-07-07 18:20:00,eth-updown-5m-1783448400,Down,0.49000000,6.00930000,12.26387755,12.26387755,6.25457755,136.35091926
693,8d5fde90-952d-4b5a-bf65-275eae04b0fd,2026-07-07 18:35:11,2026-07-07 18:24:30,2026-07-07 18:35:11,2026-07-07 18:25:00,eth-updown-5m-1783448700,Down,0.51000000,6.00930000,11.78294118,11.78294118,5.77364118,142.12456044
694,9e0d6cb2-ed64-4d34-960b-46c3427762d9,2026-07-07 18:44:13,2026-07-07 18:34:30,2026-07-07 18:44:13,2026-07-07 18:35:00,eth-updown-5m-1783449300,Down,0.49000000,6.00930000,12.26387755,0.00000000,-6.00930000,136.11526044
695,e4e428f2-c13e-4323-a494-7b71222699a8,2026-07-07 18:49:38,2026-07-07 18:39:30,2026-07-07 18:49:38,2026-07-07 18:40:00,eth-updown-5m-1783449600,Down,0.50000000,6.00930000,12.01860000,0.00000000,-6.00930000,130.10596044
696,216c8093-6bb8-40c8-8e90-0a5362c14906,2026-07-07 18:55:04,2026-07-07 18:44:30,2026-07-07 18:55:04,2026-07-07 18:45:00,eth-updown-5m-1783449900,Down,0.50083228,6.00929994,11.99862745,11.99862745,5.98932751,136.09528795
697,e9063295-cbf5-4381-a87e-06c491f3847b,2026-07-07 19:00:22,2026-07-07 18:49:30,2026-07-07 19:00:22,2026-07-07 18:50:00,eth-updown-5m-1783450200,Down,0.50000000,6.00930000,12.01860000,12.01860000,6.00930000,142.10458795
698,0f4a4a95-cbea-4423-ba90-a22569ea76b9,2026-07-07 19:05:35,2026-07-07 18:54:30,2026-07-07 19:05:35,2026-07-07 18:55:00,eth-updown-5m-1783450500,Down,0.48000000,6.00930000,12.51937500,12.51937500,6.51007500,148.61466295
699,890af2b1-5a44-4b5d-b6c2-61b9759df36b,2026-07-07 19:25:04,2026-07-07 19:14:30,2026-07-07 19:25:04,2026-07-07 19:15:00,eth-updown-5m-1783451700,Down,0.49000000,6.00930000,12.26387755,12.26387755,6.25457755,154.86924050
700,4cee0f92-874a-4330-850d-5321d9aedd44,2026-07-07 19:29:55,2026-07-07 19:19:30,2026-07-07 19:29:55,2026-07-07 19:20:00,eth-updown-5m-1783452000,Up,0.54000000,6.00930000,11.12833333,11.12833333,5.11903333,159.98827383
701,d5a942b9-b681-4ddd-a9a3-c52585603880,2026-07-07 19:49:01,2026-07-07 19:39:30,2026-07-07 19:49:01,2026-07-07 19:40:00,eth-updown-5m-1783453200,Down,0.51000000,6.00930000,11.78294118,11.78294118,5.77364118,165.76191501
702,642baaa7-7ab6-4287-883e-b11b031068fd,2026-07-07 19:58:13,2026-07-07 19:49:30,2026-07-07 19:58:13,2026-07-07 19:50:00,eth-updown-5m-1783453800,Down,0.52000000,6.00930000,11.55634615,11.55634615,5.54704615,171.30896116
703,911691ab-5385-4d52-8f77-895dfedaaf26,2026-07-07 20:10:15,2026-07-07 19:59:30,2026-07-07 20:10:15,2026-07-07 20:00:00,eth-updown-5m-1783454400,Down,0.51000000,6.00930000,11.78294118,0.00000000,-6.00930000,165.29966116
704,39116f7d-d60d-428b-9052-fb3c5c7a2c54,2026-07-07 20:17:25,2026-07-07 20:09:30,2026-07-07 20:17:25,2026-07-07 20:10:00,eth-updown-5m-1783455000,Down,0.49000000,6.00930000,12.26387755,0.00000000,-6.00930000,159.29036116
705,59e4ca94-5141-4f32-b570-e226b0a97727,2026-07-07 20:21:53,2026-07-07 20:14:30,2026-07-07 20:21:53,2026-07-07 20:15:00,eth-updown-5m-1783455300,Down,0.51000000,6.00930000,11.78294118,11.78294118,5.77364118,165.06400234
706,f00f6ce1-c236-4bca-b147-d7ebea1e6295,2026-07-07 20:30:06,2026-07-07 20:19:30,2026-07-07 20:30:06,2026-07-07 20:20:00,eth-updown-5m-1783455600,Down,0.50000000,6.00930000,12.01860000,0.00000000,-6.00930000,159.05470234
707,969df1fa-ee8a-4a44-9c4b-f03959420702,2026-07-07 20:34:14,2026-07-07 20:24:30,2026-07-07 20:34:14,2026-07-07 20:25:00,eth-updown-5m-1783455900,Down,0.50000000,6.00930000,12.01860000,12.01860000,6.00930000,165.06400234
708,2de5c658-f264-4817-918e-b8a84550c350,2026-07-07 20:37:59,2026-07-07 20:29:30,2026-07-07 20:37:59,2026-07-07 20:30:00,eth-updown-5m-1783456200,Down,0.50000000,6.00930000,12.01860000,12.01860000,6.00930000,171.07330234
709,fd170aaa-b21b-4654-8a0a-149832a45d1b,2026-07-07 20:50:27,2026-07-07 20:39:30,2026-07-07 20:50:27,2026-07-07 20:40:00,eth-updown-5m-1783456800,Down,0.49343110,6.00929999,12.17860000,12.17860000,6.16930001,177.24260235
710,c5501473-3084-4eba-87c4-07c1c9f65926,2026-07-07 21:17:18,2026-07-07 21:09:30,2026-07-07 21:17:18,2026-07-07 21:10:00,eth-updown-5m-1783458600,Up,0.50000000,6.00930000,12.01860000,0.00000000,-6.00930000,171.23330235
711,ef5f3940-6616-4299-a33d-5b1bba7db00e,2026-07-07 21:30:03,2026-07-07 21:19:30,2026-07-07 21:30:03,2026-07-07 21:20:00,eth-updown-5m-1783459200,Up,0.54000000,6.00930000,11.12833333,0.00000000,-6.00930000,165.22400235
712,e0edc546-9f19-4131-b29f-1f8e0cb2114f,2026-07-07 21:32:34,2026-07-07 21:24:30,2026-07-07 21:32:34,2026-07-07 21:25:00,eth-updown-5m-1783459500,Up,0.53000000,6.00930000,11.33830189,11.33830189,5.32900189,170.55300424
713,a306566a-2cda-4c01-80df-2be9aef0145a,2026-07-07 21:37:51,2026-07-07 21:29:30,2026-07-07 21:37:51,2026-07-07 21:30:00,eth-updown-5m-1783459800,Up,0.51353942,6.00930003,11.70173077,0.00000000,-6.00930003,164.54370421
714,1d23e4b4-6a7c-4c2d-a884-5ac95a4d9ba7,2026-07-07 21:49:48,2026-07-07 21:39:30,2026-07-07 21:49:48,2026-07-07 21:40:00,eth-updown-5m-1783460400,Up,0.54000000,6.00930000,11.12833333,11.12833333,5.11903333,169.66273754
715,a6782f9f-ab7b-4d4e-8856-781a7d151e0f,2026-07-07 21:53:02,2026-07-07 21:44:30,2026-07-07 21:53:02,2026-07-07 21:45:00,eth-updown-5m-1783460700,Up,0.53000000,6.00930000,11.33830189,11.33830189,5.32900189,174.99173943
716,7681f235-a318-4aaf-b375-f56f4d170b15,2026-07-07 22:14:54,2026-07-07 22:04:30,2026-07-07 22:14:54,2026-07-07 22:05:00,eth-updown-5m-1783461900,Down,0.49000000,6.00930000,12.26387755,0.00000000,-6.00930000,168.98243943
717,12064d8d-5975-48f6-a73d-b06ad04e8d45,2026-07-07 22:18:31,2026-07-07 22:09:30,2026-07-07 22:18:31,2026-07-07 22:10:00,eth-updown-5m-1783462200,Down,0.50000000,6.00930000,12.01860000,0.00000000,-6.00930000,162.97313943
718,db2fce4a-bb38-466f-b739-c8cc0471b324,2026-07-07 22:22:42,2026-07-07 22:14:30,2026-07-07 22:22:42,2026-07-07 22:15:00,eth-updown-5m-1783462500,Down,0.52000000,6.00930000,11.55634615,0.00000000,-6.00930000,156.96383943
719,db62fa13-c94f-4025-9cc1-af2796d89ba8,2026-07-07 22:30:13,2026-07-07 22:19:30,2026-07-07 22:30:13,2026-07-07 22:20:00,eth-updown-5m-1783462800,Down,0.54000000,6.00930000,11.12833333,11.12833333,5.11903333,162.08287276
720,a6d3da02-ca20-43f8-9983-cc18d6ab105f,2026-07-07 22:40:11,2026-07-07 22:29:30,2026-07-07 22:40:11,2026-07-07 22:30:00,eth-updown-5m-1783463400,Down,0.50000000,6.00930000,12.01860000,0.00000000,-6.00930000,156.07357276
721,22e44ac0-bc66-43ad-99d0-30562c575f66,2026-07-07 22:43:17,2026-07-07 22:34:30,2026-07-07 22:43:17,2026-07-07 22:35:00,eth-updown-5m-1783463700,Down,0.52245354,6.00930005,11.50207547,0.00000000,-6.00930005,150.06427271
722,fdd2f844-d950-40ae-89af-bc473f48861b,2026-07-07 22:47:17,2026-07-07 22:39:30,2026-07-07 22:47:17,2026-07-07 22:40:00,eth-updown-5m-1783464000,Down,0.56000000,6.00930000,10.73089286,10.73089286,4.72159286,154.78586557
723,9d13cc3b-fe50-41af-87c2-b1dc30157b51,2026-07-07 22:53:40,2026-07-07 22:44:30,2026-07-07 22:53:40,2026-07-07 22:45:00,eth-updown-5m-1783464300,Down,0.50000000,6.00930000,12.01860000,12.01860000,6.00930000,160.79516557
724,320406d3-e07e-4739-81bb-427d10e81292,2026-07-07 23:00:22,2026-07-07 22:49:30,2026-07-07 23:00:22,2026-07-07 22:50:00,eth-updown-5m-1783464600,Down,0.50000000,6.00930000,12.01860000,0.00000000,-6.00930000,154.78586557
725,27c3d5bc-8c08-45cc-a94b-e17682c877c1,2026-07-07 23:05:16,2026-07-07 22:54:30,2026-07-07 23:05:16,2026-07-07 22:55:00,eth-updown-5m-1783464900,Down,0.50000000,6.00930000,12.01860000,12.01860000,6.00930000,160.79516557
726,8cc892e3-2a74-4107-a7c2-f08b748415a8,2026-07-07 23:10:16,2026-07-07 22:59:30,2026-07-07 23:10:16,2026-07-07 23:00:00,eth-updown-5m-1783465200,Up,0.51000000,6.00930000,11.78294118,11.78294118,5.77364118,166.56880675
727,280cdcb3-cf3d-4280-9924-1615a798bf14,2026-07-07 23:54:05,2026-07-07 23:44:30,2026-07-07 23:54:05,2026-07-07 23:45:00,eth-updown-5m-1783467900,Up,0.54992679,6.00930000,10.92745455,0.00000000,-6.00930000,160.55950675
728,92853acf-956b-423f-9ce1-791d55344025,2026-07-08 00:03:12,2026-07-07 23:54:30,2026-07-08 00:03:12,2026-07-07 23:55:00,eth-updown-5m-1783468500,Up,0.56000000,6.00930000,10.73089286,10.73089286,4.72159286,165.28109961
729,e380496b-c255-40a1-ba19-c298e8b9a765,2026-07-08 00:10:11,2026-07-07 23:59:30,2026-07-08 00:10:11,2026-07-08 00:00:00,eth-updown-5m-1783468800,Up,0.57000000,6.00930000,10.54263158,10.54263158,4.53333158,169.81443119
730,b971c33c-6fc6-40d7-9728-2d22fe3b6f2e,2026-07-08 00:20:25,2026-07-08 00:09:30,2026-07-08 00:20:25,2026-07-08 00:10:00,eth-updown-5m-1783469400,Up,0.51000000,6.00930000,11.78294118,0.00000000,-6.00930000,163.80513119
731,7c539020-ff36-41c1-af1a-17c0bbf46bff,2026-07-08 00:24:57,2026-07-08 00:14:30,2026-07-08 00:24:57,2026-07-08 00:15:00,eth-updown-5m-1783469700,Down,0.50001517,6.00929996,12.01823529,0.00000000,-6.00929996,157.79583123
732,2c13bc2e-a702-4f67-8dcb-6b2dd7739ace,2026-07-08 00:35:13,2026-07-08 00:24:30,2026-07-08 00:35:13,2026-07-08 00:25:00,eth-updown-5m-1783470300,Down,0.54000000,6.00930000,11.12833333,0.00000000,-6.00930000,151.78653123
733,3cc6300d-1cea-44c8-9796-c6b2ea23fe71,2026-07-08 00:40:02,2026-07-08 00:29:30,2026-07-08 00:40:02,2026-07-08 00:30:00,eth-updown-5m-1783470600,Down,0.52562656,6.00930003,11.43264151,11.43264151,5.42334148,157.20987271
734,ba8b14ca-0858-4d5e-920d-8b15815127cc,2026-07-08 00:45:03,2026-07-08 00:34:30,2026-07-08 00:45:03,2026-07-08 00:35:00,eth-updown-5m-1783470900,Down,0.50000000,6.00930000,12.01860000,0.00000000,-6.00930000,151.20057271
735,d572cdd6-8a4e-4219-b1d3-63574cf64a5d,2026-07-08 00:47:18,2026-07-08 00:39:30,2026-07-08 00:47:18,2026-07-08 00:40:00,eth-updown-5m-1783471200,Down,0.53000000,6.00930000,11.33830189,0.00000000,-6.00930000,145.19127271
736,89b26d78-a727-40b5-870b-468f45aa9433,2026-07-08 00:51:56,2026-07-08 00:44:30,2026-07-08 00:51:56,2026-07-08 00:45:00,eth-updown-5m-1783471500,Down,0.53000000,6.00930000,11.33830189,11.33830189,5.32900189,150.52027460
737,0274fa65-de4a-4aea-842c-b854ce4f9eff,2026-07-08 00:57:26,2026-07-08 00:49:30,2026-07-08 00:57:26,2026-07-08 00:50:00,eth-updown-5m-1783471800,Down,0.52000000,6.00930000,11.55634615,11.55634615,5.54704615,156.06732075
738,29b386bc-856e-4905-8958-0cebd930a974,2026-07-08 01:05:13,2026-07-08 00:54:30,2026-07-08 01:05:13,2026-07-08 00:55:00,eth-updown-5m-1783472100,Down,0.50000000,6.00930000,12.01860000,12.01860000,6.00930000,162.07662075
739,0ed7fb11-8eda-47a4-a17f-492d94c248e3,2026-07-08 01:07:51,2026-07-08 00:59:30,2026-07-08 01:07:51,2026-07-08 01:00:00,eth-updown-5m-1783472400,Down,0.50000000,6.00930000,12.01860000,12.01860000,6.00930000,168.08592075
740,05832b52-f25e-4c92-81a4-ec3ddc6af379,2026-07-08 01:15:36,2026-07-08 01:04:30,2026-07-08 01:15:36,2026-07-08 01:05:00,eth-updown-5m-1783472700,Down,0.50000000,6.00930000,12.01860000,12.01860000,6.00930000,174.09522075
741,bb253c45-f2a2-4d9b-ad72-519aee614404,2026-07-08 01:23:09,2026-07-08 01:14:30,2026-07-08 01:23:09,2026-07-08 01:15:00,eth-updown-5m-1783473300,Down,0.50000000,6.00930000,12.01860000,12.01860000,6.00930000,180.10452075
742,3f2f9b44-d6f6-4203-b8c1-42fbe3709993,2026-07-08 01:35:13,2026-07-08 01:24:30,2026-07-08 01:35:13,2026-07-08 01:25:00,eth-updown-5m-1783473900,Down,0.49267057,6.00930001,12.19740000,12.19740000,6.18809999,186.29262074
743,420745c0-a018-4295-8f7b-ddd5cd197f84,2026-07-08 01:40:08,2026-07-08 01:29:30,2026-07-08 01:40:08,2026-07-08 01:30:00,eth-updown-5m-1783474200,Up,0.55000000,6.00930000,10.92600000,0.00000000,-6.00930000,180.28332074
744,96e512e3-47f5-409b-86dd-5e2e0865cca6,2026-07-08 01:45:25,2026-07-08 01:34:30,2026-07-08 01:45:25,2026-07-08 01:35:00,eth-updown-5m-1783474500,Up,0.55000000,6.00930000,10.92600000,0.00000000,-6.00930000,174.27402074
745,2fe56f58-e0aa-4131-996c-47fcf4b67cfa,2026-07-08 01:50:00,2026-07-08 01:39:30,2026-07-08 01:50:00,2026-07-08 01:40:00,eth-updown-5m-1783474800,Up,0.55812389,6.00929999,10.76696429,10.76696429,4.75766430,179.03168504
746,62013501-ce43-48c0-baca-e685f9281f44,2026-07-08 01:54:57,2026-07-08 01:44:30,2026-07-08 01:54:57,2026-07-08 01:45:00,eth-updown-5m-1783475100,Up,0.53000000,6.00930000,11.33830189,11.33830189,5.32900189,184.36068693
747,0b957031-d605-47fc-8870-08a97d216df7,2026-07-08 02:04:52,2026-07-08 01:54:30,2026-07-08 02:04:52,2026-07-08 01:55:00,eth-updown-5m-1783475700,Up,0.52000000,6.00930000,11.55634615,0.00000000,-6.00930000,178.35138693
748,6ea1b88b-1f52-4058-8502-2f2816ae4b1b,2026-07-08 02:14:54,2026-07-08 02:04:30,2026-07-08 02:14:54,2026-07-08 02:05:00,eth-updown-5m-1783476300,Up,0.54000000,6.00930000,11.12833333,0.00000000,-6.00930000,172.34208693
749,7c26653d-05d2-4a1f-9c22-b991367c7039,2026-07-08 02:19:41,2026-07-08 02:09:30,2026-07-08 02:19:41,2026-07-08 02:10:00,eth-updown-5m-1783476600,Up,0.54000000,6.00930000,11.12833333,11.12833333,5.11903333,177.46112026
750,db12e0d5-6ab5-4661-bb9c-5d10075ba2e8,2026-07-08 02:24:49,2026-07-08 02:14:30,2026-07-08 02:24:49,2026-07-08 02:15:00,eth-updown-5m-1783476900,Up,0.52000000,6.00930000,11.55634615,11.55634615,5.54704615,183.00816641
751,e758daf1-1c08-487b-8670-eb76650271aa,2026-07-08 02:39:54,2026-07-08 02:29:30,2026-07-08 02:39:54,2026-07-08 02:30:00,eth-updown-5m-1783477800,Down,0.49000000,6.00930000,12.26387755,12.26387755,6.25457755,189.26274396
752,cbf261c9-5366-4c81-bacf-3d7e323e49e3,2026-07-08 02:53:02,2026-07-08 02:44:30,2026-07-08 02:53:02,2026-07-08 02:45:00,eth-updown-5m-1783478700,Down,0.50000000,6.00930000,12.01860000,0.00000000,-6.00930000,183.25344396
753,5fcd32f8-faf6-4f00-aba1-98227562a7d1,2026-07-08 02:59:53,2026-07-08 02:49:30,2026-07-08 02:59:53,2026-07-08 02:50:00,eth-updown-5m-1783479000,Down,0.52000000,6.00930000,11.55634615,11.55634615,5.54704615,188.80049011
754,253252d3-a5ea-4178-a64e-7d59613df47a,2026-07-08 03:09:46,2026-07-08 02:59:30,2026-07-08 03:09:46,2026-07-08 03:00:00,eth-updown-5m-1783479600,Down,0.50000000,6.00930000,12.01860000,0.00000000,-6.00930000,182.79119011
755,7c3f1117-1b0b-4046-b85b-e47b14633ad7,2026-07-08 03:14:42,2026-07-08 03:04:30,2026-07-08 03:14:42,2026-07-08 03:05:00,eth-updown-5m-1783479900,Down,0.52000000,6.00930000,11.55634615,11.55634615,5.54704615,188.33823626
756,8a9bf343-f8c9-4a2f-af5c-0dd7eb760da5,2026-07-08 03:19:52,2026-07-08 03:09:30,2026-07-08 03:19:52,2026-07-08 03:10:00,eth-updown-5m-1783480200,Down,0.50000000,6.00930000,12.01860000,0.00000000,-6.00930000,182.32893626
757,8fd02289-7a26-4174-bdf5-66f998a40e09,2026-07-08 03:24:57,2026-07-08 03:14:30,2026-07-08 03:24:57,2026-07-08 03:15:00,eth-updown-5m-1783480500,Down,0.52000000,6.00930000,11.55634615,11.55634615,5.54704615,187.87598241
758,2d7e9c75-1835-41b4-983a-475af23185d8,2026-07-08 03:30:05,2026-07-08 03:19:30,2026-07-08 03:30:05,2026-07-08 03:20:00,eth-updown-5m-1783480800,Down,0.50000000,6.00930000,12.01860000,0.00000000,-6.00930000,181.86668241
759,5ce040bb-2f4a-46c9-a6f4-47a11235ffb6,2026-07-08 03:39:43,2026-07-08 03:29:30,2026-07-08 03:39:43,2026-07-08 03:30:00,eth-updown-5m-1783481400,Down,0.50000000,6.00930000,12.01860000,12.01860000,6.00930000,187.87598241
760,dbd1a3be-acd4-450e-8aee-5ee1adf06957,2026-07-08 03:44:45,2026-07-08 03:34:30,2026-07-08 03:44:45,2026-07-08 03:35:00,eth-updown-5m-1783481700,Down,0.50000000,6.00930000,12.01860000,0.00000000,-6.00930000,181.86668241
761,ee40290c-d00c-4c8f-8c61-19ca804606e4,2026-07-08 03:49:41,2026-07-08 03:39:30,2026-07-08 03:49:41,2026-07-08 03:40:00,eth-updown-5m-1783482000,Down,0.50000000,6.00930000,12.01860000,12.01860000,6.00930000,187.87598241
762,81263d5e-600b-4bdf-807a-b3c7e21ff92e,2026-07-08 03:54:48,2026-07-08 03:44:30,2026-07-08 03:54:48,2026-07-08 03:45:00,eth-updown-5m-1783482300,Down,0.50000000,6.00930000,12.01860000,12.01860000,6.00930000,193.88528241
763,b166b2a3-ec0a-4650-bef3-3d952cc3471e,2026-07-08 03:59:39,2026-07-08 03:49:30,2026-07-08 03:59:39,2026-07-08 03:50:00,eth-updown-5m-1783482600,Down,0.47000000,6.00930000,12.78574468,12.78574468,6.77644468,200.66172709
764,27be0db3-29f6-463c-a4df-f236c39e7aa2,2026-07-08 04:03:21,2026-07-08 03:54:30,2026-07-08 04:03:21,2026-07-08 03:55:00,eth-updown-5m-1783482900,Down,0.46000000,6.00930000,13.06369565,0.00000000,-6.00930000,194.65242709
765,17224dd5-5bec-4961-b8e0-b36cb76e28d3,2026-07-08 04:08:23,2026-07-08 03:59:30,2026-07-08 04:08:23,2026-07-08 04:00:00,eth-updown-5m-1783483200,Down,0.47603915,6.00930005,12.62354167,0.00000000,-6.00930005,188.64312704
766,64b68aee-0f61-4f12-abff-48f343389ed7,2026-07-08 04:22:52,2026-07-08 04:14:30,2026-07-08 04:22:52,2026-07-08 04:15:00,eth-updown-5m-1783484100,Down,0.50000000,6.00930000,12.01860000,0.00000000,-6.00930000,182.63382704
767,45318183-ce9c-402e-aac4-b84e05f33683,2026-07-08 04:35:21,2026-07-08 04:24:30,2026-07-08 04:35:21,2026-07-08 04:25:00,eth-updown-5m-1783484700,Down,0.50937275,6.00930005,11.79745098,11.79745098,5.78815093,188.42197797
768,c9223ddc-b171-4712-b4d3-722a6d08f522,2026-07-08 04:39:46,2026-07-08 04:29:30,2026-07-08 04:39:46,2026-07-08 04:30:00,eth-updown-5m-1783485000,Down,0.52000000,6.00930000,11.55634615,11.55634615,5.54704615,193.96902412
769,3d3db321-2d28-4b0b-aaa6-301faae437d6,2026-07-08 04:45:06,2026-07-08 04:34:30,2026-07-08 04:45:06,2026-07-08 04:35:00,eth-updown-5m-1783485300,Down,0.50000000,6.00930000,12.01860000,12.01860000,6.00930000,199.97832412
770,95ba230d-dc39-475e-b4fc-c12917151c27,2026-07-08 04:49:38,2026-07-08 04:39:30,2026-07-08 04:49:38,2026-07-08 04:40:00,eth-updown-5m-1783485600,Down,0.48000000,6.00930000,12.51937500,0.00000000,-6.00930000,193.96902412
771,8202f841-4ead-4d4c-ae26-31716b115266,2026-07-08 04:55:01,2026-07-08 04:44:30,2026-07-08 04:55:01,2026-07-08 04:45:00,eth-updown-5m-1783485900,Down,0.50000000,6.00930000,12.01860000,12.01860000,6.00930000,199.97832412
772,e0950456-c5b3-495c-af98-3a82e623346a,2026-07-08 04:59:18,2026-07-08 04:49:30,2026-07-08 04:59:18,2026-07-08 04:50:00,eth-updown-5m-1783486200,Down,0.50000000,6.00930000,12.01860000,0.00000000,-6.00930000,193.96902412
773,991f0e3e-307a-42c7-a9ab-c20fe867fd41,2026-07-08 05:15:18,2026-07-08 05:04:30,2026-07-08 05:15:18,2026-07-08 05:05:00,eth-updown-5m-1783487100,Down,0.52000000,6.00930000,11.55634615,0.00000000,-6.00930000,187.95972412
774,b1203123-ccaa-4826-962e-74ab037fc8e0,2026-07-08 05:20:22,2026-07-08 05:09:30,2026-07-08 05:20:22,2026-07-08 05:10:00,eth-updown-5m-1783487400,Down,0.51000000,6.00930000,11.78294118,11.78294118,5.77364118,193.73336530
775,4cb58e24-3dd8-4210-aabc-d23eaea019f1,2026-07-08 05:27:55,2026-07-08 05:19:30,2026-07-08 05:27:55,2026-07-08 05:20:00,eth-updown-5m-1783488000,Down,0.50000000,6.00930000,12.01860000,12.01860000,6.00930000,199.74266530
776,9a3c59b1-8e05-45bf-a818-2cd37ac8049c,2026-07-08 05:34:40,2026-07-08 05:24:30,2026-07-08 05:34:40,2026-07-08 05:25:00,eth-updown-5m-1783488300,Down,0.50000000,6.00930000,12.01860000,0.00000000,-6.00930000,193.73336530
777,670384d3-0288-4b55-8b28-3749f447beb1,2026-07-08 05:39:54,2026-07-08 05:29:30,2026-07-08 05:39:54,2026-07-08 05:30:00,eth-updown-5m-1783488600,Down,0.50000000,6.00930000,12.01860000,12.01860000,6.00930000,199.74266530
778,b1f1ecf9-111f-4e81-8db5-eeeccc22f377,2026-07-08 05:44:48,2026-07-08 05:34:30,2026-07-08 05:44:48,2026-07-08 05:35:00,eth-updown-5m-1783488900,Down,0.49069129,6.00929995,12.24660000,12.24660000,6.23730005,205.97996535
779,3ddc73ac-7dff-4b84-ba54-4a1c5599dcf8,2026-07-08 05:49:53,2026-07-08 05:39:30,2026-07-08 05:49:53,2026-07-08 05:40:00,eth-updown-5m-1783489200,Down,0.49000000,6.00930000,12.26387755,12.26387755,6.25457755,212.23454290
780,e26d5742-06e5-45b5-a2a3-6c8f2ddf1b0f,2026-07-08 06:09:53,2026-07-08 05:59:30,2026-07-08 06:09:53,2026-07-08 06:00:00,eth-updown-5m-1783490400,Down,0.49127698,6.00930002,12.23200000,12.23200000,6.22269998,218.45724288
