index,paper_run_id,event_time_utc,entered_at_utc,settled_at_utc,market_start_utc,market_slug,selected_outcome,entry_price,stake_usd,size_shares,settlement_value_usd,pnl_usd,cumulative_pnl_usd
1,f05a8687-2499-4bd4-9408-f39c43b2df77,2026-07-03 06:49:39,2026-07-03 06:39:30,2026-07-03 06:49:39,2026-07-03 06:40:00,btc-updown-5m-1783060800,Up,0.53,33.0066,62.27660377,62.27660377,29.27000377,29.27000377
2,a0e7784a-49ad-484a-83c0-4448bcd034e7,2026-07-03 06:54:55,2026-07-03 06:44:30,2026-07-03 06:54:55,2026-07-03 06:45:00,btc-updown-5m-1783061100,Up,0.52,28.0071,53.85980769,53.85980769,25.85270769,55.12271146
3,fc391b2e-29b1-4835-b288-13beefef2564,2026-07-03 07:04:38,2026-07-03 06:54:30,2026-07-03 07:04:38,2026-07-03 06:55:00,btc-updown-5m-1783061700,Down,0.52,6.0093,11.55634615,11.55634615,5.54704615,60.66975761
4,074e564b-8b23-49c0-9d7a-8bac9807e618,2026-07-03 07:14:16,2026-07-03 07:04:30,2026-07-03 07:14:16,2026-07-03 07:05:00,btc-updown-5m-1783062300,Up,0.52,6.0093,11.55634615,11.55634615,5.54704615,66.21680376
5,c44a2c96-dc11-4ee8-a4b0-b6d8087bbb01,2026-07-03 07:24:45,2026-07-03 07:14:30,2026-07-03 07:24:45,2026-07-03 07:15:00,btc-updown-5m-1783062900,Down,0.5,6.0093,12.0186,0,-6.0093,60.20750376
6,00d4f810-9dc8-4be8-868a-3ead2a40bff0,2026-07-03 07:29:39,2026-07-03 07:19:30,2026-07-03 07:29:39,2026-07-03 07:20:00,btc-updown-5m-1783063200,Down,0.51,11.0088,21.58588235,0,-11.0088,49.19870376
7,f3ce9c24-51c5-4439-8d08-a9e008497547,2026-07-03 07:32:18,2026-07-03 07:24:30,2026-07-03 07:32:18,2026-07-03 07:25:00,btc-updown-5m-1783063500,Down,0.52,17.0082,32.70807692,0,-17.0082,32.19050376
8,c0b327e8-8748-4178-8a89-870441928e52,2026-07-03 07:44:42,2026-07-03 07:34:30,2026-07-03 07:44:42,2026-07-03 07:35:00,btc-updown-5m-1783064100,Down,0.5,6.0093,12.0186,12.0186,6.0093,38.19980376
9,c906d0a8-6403-46d7-be6a-2e91bc04ceb3,2026-07-03 07:47:48,2026-07-03 07:39:30,2026-07-03 07:47:48,2026-07-03 07:40:00,btc-updown-5m-1783064400,Down,0.52,11.0088,21.17076923,0,-11.0088,27.19100376
10,6c7044fc-a51a-4f49-b808-3321f6e14b08,2026-07-03 07:54:39,2026-07-03 07:44:30,2026-07-03 07:54:39,2026-07-03 07:45:00,btc-updown-5m-1783064700,Down,0.52,17.0082,32.70807692,0,-17.0082,10.18280376
11,94c896e2-7961-4b10-93ca-4b644eeb7f15,2026-07-03 07:59:35,2026-07-03 07:49:30,2026-07-03 07:59:35,2026-07-03 07:50:00,btc-updown-5m-1783065000,Down,0.52,22.0077,42.3225,42.3225,20.3148,30.49760376
12,6337699d-0688-4074-8c65-f197636b1e70,2026-07-03 08:04:49,2026-07-03 07:54:30,2026-07-03 08:04:49,2026-07-03 07:55:00,btc-updown-5m-1783065300,Down,0.5,28.0071,56.0142,56.0142,28.0071,58.50470376
13,b57baf85-2eed-444d-a836-72f290098071,2026-07-03 08:09:52,2026-07-03 07:59:30,2026-07-03 08:09:52,2026-07-03 08:00:00,btc-updown-5m-1783065600,Down,0.5,22.0077,44.0154,44.0154,22.0077,80.51240376
14,4b8ad979-72d2-4a7c-b629-9a02b2a2785b,2026-07-03 08:14:50,2026-07-03 08:04:30,2026-07-03 08:14:50,2026-07-03 08:05:00,btc-updown-5m-1783065900,Down,0.48,28.0071,58.348125,0,-28.0071,52.50530376
15,1abf799e-4d4f-4186-93d6-cff2a8765658,2026-07-03 08:19:50,2026-07-03 08:09:30,2026-07-03 08:19:50,2026-07-03 08:10:00,btc-updown-5m-1783066200,Down,0.47,33.0066,70.22680851,70.22680851,37.22020851,89.72551227
16,5a1bdda9-60b0-46b0-a66d-f690341c6624,2026-07-03 08:24:39,2026-07-03 08:14:30,2026-07-03 08:24:39,2026-07-03 08:15:00,btc-updown-5m-1783066500,Down,0.47,28.0071,59.58957447,59.58957447,31.58247447,121.30798674
17,b3ff2915-2228-40cd-b2c4-dd339546ddc0,2026-07-03 08:29:40,2026-07-03 08:19:30,2026-07-03 08:29:40,2026-07-03 08:20:00,btc-updown-5m-1783066800,Down,0.51,22.0077,43.15235294,43.15235294,21.14465294,142.45263968
18,609ffdff-d298-4b8c-b99b-2e641b1bc6cc,2026-07-03 08:39:41,2026-07-03 08:29:30,2026-07-03 08:39:41,2026-07-03 08:30:00,btc-updown-5m-1783067400,Down,0.51,6.0093,11.78294118,11.78294118,5.77364118,148.22628086
19,77d29266-998a-4cef-ab99-f5dff93ea785,2026-07-03 08:44:40,2026-07-03 08:34:30,2026-07-03 08:44:40,2026-07-03 08:35:00,btc-updown-5m-1783067700,Down,0.52,11.0088,21.17076923,21.17076923,10.16196923,158.38825009
20,4d4b3ce0-e6b4-4f2d-9d2b-913c5eb5b86e,2026-07-03 08:54:52,2026-07-03 08:44:30,2026-07-03 08:54:52,2026-07-03 08:45:00,btc-updown-5m-1783068300,Down,0.53,6.0093,11.33830189,11.33830189,5.32900189,163.71725198
21,685b3de3-c99f-49e3-8452-45ba4579468b,2026-07-03 09:02:29,2026-07-03 08:54:30,2026-07-03 09:02:29,2026-07-03 08:55:00,btc-updown-5m-1783068900,Up,0.51,6.0093,11.78294118,0,-6.0093,157.70795198
22,0c4b7096-8dc4-418b-b366-bb22c8b56dcf,2026-07-03 09:09:48,2026-07-03 08:59:30,2026-07-03 09:09:48,2026-07-03 09:00:00,btc-updown-5m-1783069200,Up,0.53,11.0088,20.77132075,20.77132075,9.76252075,167.47047273
23,2896c337-e998-459b-8f16-d8c715b9be14,2026-07-03 09:19:54,2026-07-03 09:09:30,2026-07-03 09:19:54,2026-07-03 09:10:00,btc-updown-5m-1783069800,Down,0.5,6.0093,12.0186,0,-6.0093,161.46117273
24,fd529988-0d29-4948-b6cf-5bb7b57fdebd,2026-07-03 09:27:31,2026-07-03 09:14:30,2026-07-03 09:27:31,2026-07-03 09:15:00,btc-updown-5m-1783070100,Down,0.51,11.0088,21.58588235,21.58588235,10.57708235,172.03825508
25,762819a2-d38a-458b-807f-999f42b022eb,2026-07-03 09:48:38,2026-07-03 09:39:30,2026-07-03 09:48:38,2026-07-03 09:40:00,btc-updown-5m-1783071600,Up,0.52,11.0088,21.17076923,21.17076923,10.16196923,182.20022431
26,a1a2baab-7883-4720-9123-9cfa4e7d97db,2026-07-03 09:59:51,2026-07-03 09:49:30,2026-07-03 09:59:51,2026-07-03 09:50:00,btc-updown-5m-1783072200,Down,0.51,6.0093,11.78294118,11.78294118,5.77364118,187.97386549
27,b773de66-1ec2-411f-9740-fe22317bc598,2026-07-03 10:09:41,2026-07-03 09:59:30,2026-07-03 10:09:41,2026-07-03 10:00:00,btc-updown-5m-1783072800,Up,0.51,6.0093,11.78294118,11.78294118,5.77364118,193.74750667
28,c5d6f25a-0873-46e1-a9f2-e9364648433d,2026-07-03 10:19:44,2026-07-03 10:09:30,2026-07-03 10:19:44,2026-07-03 10:10:00,btc-updown-5m-1783073400,Up,0.51,6.0093,11.78294118,11.78294118,5.77364118,199.52114785
29,72aa28c1-07f9-46c3-8918-2c6a14e16c3a,2026-07-03 10:29:50,2026-07-03 10:19:30,2026-07-03 10:29:50,2026-07-03 10:20:00,btc-updown-5m-1783074000,Up,0.53,6.0093,11.33830189,11.33830189,5.32900189,204.85014974
30,1ff57372-406e-4041-96a9-1661885704a3,2026-07-03 10:39:42,2026-07-03 10:29:30,2026-07-03 10:39:42,2026-07-03 10:30:00,btc-updown-5m-1783074600,Down,0.51,6.0093,11.78294118,0,-6.0093,198.84084974
31,777d4c0b-9105-4d39-b6d7-38ad8f04380f,2026-07-03 10:43:02,2026-07-03 10:34:30,2026-07-03 10:43:02,2026-07-03 10:35:00,btc-updown-5m-1783074900,Down,0.52,11.0088,21.17076923,0,-11.0088,187.83204974
32,3bc72203-4f54-44c7-bb83-77edc635ba45,2026-07-03 10:49:48,2026-07-03 10:39:30,2026-07-03 10:49:48,2026-07-03 10:40:00,btc-updown-5m-1783075200,Down,0.54,17.0082,31.49666667,0,-17.0082,170.82384974
33,0a3395b8-7725-449d-b2cf-5a7b069be670,2026-07-03 10:54:56,2026-07-03 10:44:30,2026-07-03 10:54:56,2026-07-03 10:45:00,btc-updown-5m-1783075500,Down,0.57,22.0077,38.61,38.61,16.6023,187.42614974
34,28751ec9-c32a-4ffd-99d5-042df5f35f86,2026-07-03 10:57:29,2026-07-03 10:49:30,2026-07-03 10:57:29,2026-07-03 10:50:00,btc-updown-5m-1783075800,Down,0.55,17.0082,30.924,0,-17.0082,170.41794974
35,6f550485-dba7-481d-98b4-e11a61bffc13,2026-07-03 11:04:41,2026-07-03 10:54:30,2026-07-03 11:04:41,2026-07-03 10:55:00,btc-updown-5m-1783076100,Down,0.5,22.0077,44.0154,44.0154,22.0077,192.42564974
36,fe5b96b0-ca8a-44bd-ab31-db8c8cf3a0f1,2026-07-03 11:09:47,2026-07-03 10:59:30,2026-07-03 11:09:47,2026-07-03 11:00:00,btc-updown-5m-1783076400,Down,0.51,17.0082,33.34941176,0,-17.0082,175.41744974
37,bf7e29af-d24d-4fe2-a17b-e8d8cdcd9ca3,2026-07-03 11:14:53,2026-07-03 11:04:30,2026-07-03 11:14:53,2026-07-03 11:05:00,btc-updown-5m-1783076700,Down,0.52,22.0077,42.3225,0,-22.0077,153.40974974
38,232692ae-f2d8-4e88-abcc-cbf8c29c8343,2026-07-03 11:17:19,2026-07-03 11:09:30,2026-07-03 11:17:19,2026-07-03 11:10:00,btc-updown-5m-1783077000,Down,0.55,28.0071,50.922,0,-28.0071,125.40264974
39,7c9fa896-5075-4806-9feb-68fdba619ddd,2026-07-03 11:24:38,2026-07-03 11:14:30,2026-07-03 11:24:38,2026-07-03 11:15:00,btc-updown-5m-1783077300,Down,0.54,22.0077,40.755,40.755,18.7473,144.14994974
40,081fc781-26d9-42ba-9f8a-ac8ddc5512f9,2026-07-03 11:34:45,2026-07-03 11:24:30,2026-07-03 11:34:45,2026-07-03 11:25:00,btc-updown-5m-1783077900,Down,0.54,6.0093,11.12833333,11.12833333,5.11903333,149.26898307
41,c4c085f6-085f-481b-8cdd-acdcadc3f7e7,2026-07-03 11:44:43,2026-07-03 11:34:30,2026-07-03 11:44:43,2026-07-03 11:35:00,btc-updown-5m-1783078500,Up,0.49,6.0093,12.26387755,0,-6.0093,143.25968307
42,35ee25e6-0d10-42d9-9974-e3c686934014,2026-07-03 11:49:48,2026-07-03 11:39:30,2026-07-03 11:49:48,2026-07-03 11:40:00,btc-updown-5m-1783078800,Up,0.51,11.0088,21.58588235,0,-11.0088,132.25088307
43,7ea6940f-c89c-4862-a25c-2309b4a3dd07,2026-07-03 11:54:38,2026-07-03 11:44:30,2026-07-03 11:54:38,2026-07-03 11:45:00,btc-updown-5m-1783079100,Up,0.53,17.0082,32.0909434,32.0909434,15.0827434,147.33362647
44,0d39caca-043b-4d96-a7df-56c22d4cff3d,2026-07-03 12:03:16,2026-07-03 11:54:30,2026-07-03 12:03:16,2026-07-03 11:55:00,btc-updown-5m-1783079700,Up,0.5,6.0093,12.0186,0,-6.0093,141.32432647
45,b7c37f53-7a36-4001-8395-86f203a84881,2026-07-03 12:14:46,2026-07-03 12:04:30,2026-07-03 12:14:46,2026-07-03 12:05:00,btc-updown-5m-1783080300,Down,0.55,6.0093,10.926,10.926,4.9167,146.24102647
46,2334e91e-28a2-4eaa-b438-4fdcd66cb959,2026-07-03 12:22:10,2026-07-03 12:14:30,2026-07-03 12:22:10,2026-07-03 12:15:00,btc-updown-5m-1783080900,Up,0.49,6.0093,12.26387755,0,-6.0093,140.23172647
47,2b21ad4c-c2d4-4a9e-8bc6-5fd6aac758f1,2026-07-03 12:29:47,2026-07-03 12:19:30,2026-07-03 12:29:47,2026-07-03 12:20:00,btc-updown-5m-1783081200,Up,0.51,11.0088,21.58588235,21.58588235,10.57708235,150.80880882
48,5d86fd2a-658f-4a7c-89b4-c2897ce67977,2026-07-03 12:39:47,2026-07-03 12:29:30,2026-07-03 12:39:47,2026-07-03 12:30:00,btc-updown-5m-1783081800,Up,0.49,6.0093,12.26387755,0,-6.0093,144.79950882
49,f5e38c59-4db6-4e06-b8f0-b2ed508da460,2026-07-03 12:45:10,2026-07-03 12:34:30,2026-07-03 12:45:10,2026-07-03 12:35:00,btc-updown-5m-1783082100,Up,0.5,11.0088,22.0176,0,-11.0088,133.79070882
50,59280b25-21e0-499c-85bb-150a0417592e,2026-07-03 12:47:06,2026-07-03 12:39:30,2026-07-03 12:47:06,2026-07-03 12:40:00,btc-updown-5m-1783082400,Up,0.54,17.0082,31.49666667,31.49666667,14.48846667,148.27917549
51,6d2afca4-1664-4501-b7cf-873f507843e6,2026-07-03 12:56:44,2026-07-03 12:49:30,2026-07-03 12:56:44,2026-07-03 12:50:00,btc-updown-5m-1783083000,Up,0.5,17.0082,34.0164,34.0164,17.0082,165.28737549
52,ee386613-6162-4d19-af3c-f7fbd9ee7cd8,2026-07-03 13:05:16,2026-07-03 12:54:30,2026-07-03 13:05:16,2026-07-03 12:55:00,btc-updown-5m-1783083300,Up,0.49,11.0088,22.46693878,22.46693878,11.45813878,176.74551427
53,b0b2dba3-b2c5-4069-b1b4-b649ef032552,2026-07-03 13:08:51,2026-07-03 12:59:30,2026-07-03 13:08:51,2026-07-03 13:00:00,btc-updown-5m-1783083600,Up,0.51,6.0093,11.78294118,11.78294118,5.77364118,182.51915545
54,5bd50ee0-0d5a-449e-a5b1-eadcf8affd7d,2026-07-03 13:19:45,2026-07-03 13:09:30,2026-07-03 13:19:45,2026-07-03 13:10:00,btc-updown-5m-1783084200,Down,0.52,6.0093,11.55634615,0,-6.0093,176.50985545
55,1d36b40f-167b-40d8-9efd-a89ff407c431,2026-07-03 13:24:43,2026-07-03 13:14:30,2026-07-03 13:24:43,2026-07-03 13:15:00,btc-updown-5m-1783084500,Down,0.53,11.0088,20.77132075,20.77132075,9.76252075,186.2723762
56,55b4603a-af13-4804-aba3-f54adc61ce1f,2026-07-03 13:32:05,2026-07-03 13:24:30,2026-07-03 13:32:05,2026-07-03 13:25:00,btc-updown-5m-1783085100,Down,0.52,6.0093,11.55634615,0,-6.0093,180.2630762
57,42c5c4b3-a3e3-4b9d-ac65-7aa298a760d1,2026-07-03 13:36:26,2026-07-03 13:29:30,2026-07-03 13:36:26,2026-07-03 13:30:00,btc-updown-5m-1783085400,Down,0.52,11.0088,21.17076923,21.17076923,10.16196923,190.42504543
58,0fe6f4c3-6e51-4a85-bcca-06666effdccb,2026-07-03 13:50:32,2026-07-03 13:39:30,2026-07-03 13:50:32,2026-07-03 13:40:00,btc-updown-5m-1783086000,Up,0.5,6.0093,12.0186,12.0186,6.0093,196.43434543
59,e4a7e53d-a010-4a8e-a467-78d683c40086,2026-07-03 14:00:00,2026-07-03 13:49:31,2026-07-03 14:00:00,2026-07-03 13:50:00,btc-updown-5m-1783086600,Up,0.49,6.0093,12.26387755,12.26387755,6.25457755,202.68892298
60,4ec34166-1cf5-48c9-8aa7-8c2a584497fa,2026-07-03 14:08:11,2026-07-03 13:59:30,2026-07-03 14:08:11,2026-07-03 14:00:00,btc-updown-5m-1783087200,Up,0.5,6.0093,12.0186,0,-6.0093,196.67962298
61,08863fd4-d292-4794-9d5a-542ccad0dddb,2026-07-03 14:14:39,2026-07-03 14:04:30,2026-07-03 14:14:39,2026-07-03 14:05:00,btc-updown-5m-1783087500,Up,0.52,11.0088,21.17076923,0,-11.0088,185.67082298
62,308fe5ff-2166-4365-8534-762d9136a117,2026-07-03 14:20:25,2026-07-03 14:09:30,2026-07-03 14:20:25,2026-07-03 14:10:00,btc-updown-5m-1783087800,Up,0.51,17.0082,33.34941176,0,-17.0082,168.66262298
63,99db5f69-c2ae-43f3-9417-7ac5da70733c,2026-07-03 14:30:17,2026-07-03 14:19:30,2026-07-03 14:30:17,2026-07-03 14:20:00,btc-updown-5m-1783088400,Up,0.5,17.0082,34.0164,34.0164,17.0082,185.67082298
64,9379b423-989a-4ef5-b5ef-bbb3b2be9797,2026-07-03 14:31:45,2026-07-03 14:24:30,2026-07-03 14:31:45,2026-07-03 14:25:00,btc-updown-5m-1783088700,Up,0.5,11.0088,22.0176,22.0176,11.0088,196.67962298
65,69e34f3b-5bd0-405f-a9bd-39b58546b5ed,2026-07-03 14:37:39,2026-07-03 14:29:30,2026-07-03 14:37:39,2026-07-03 14:30:00,btc-updown-5m-1783089000,Up,0.5,6.0093,12.0186,0,-6.0093,190.67032298
66,a55ca0f4-4a4b-41e5-b5ee-402cc94f8791,2026-07-03 14:43:23,2026-07-03 14:34:30,2026-07-03 14:43:23,2026-07-03 14:35:00,btc-updown-5m-1783089300,Up,0.5,11.0088,22.0176,22.0176,11.0088,201.67912298
67,bd52000e-ea7d-4901-acf0-69c903a85dde,2026-07-03 14:55:47,2026-07-03 14:44:30,2026-07-03 14:55:47,2026-07-03 14:45:00,btc-updown-5m-1783089900,Down,0.53,6.0093,11.33830189,0,-6.0093,195.66982298
68,0ab98b2a-7dca-4116-832f-f418acdea8d2,2026-07-03 15:00:10,2026-07-03 14:49:30,2026-07-03 15:00:10,2026-07-03 14:50:00,btc-updown-5m-1783090200,Down,0.5,11.0088,22.0176,0,-11.0088,184.66102298
69,9e755f36-0f2e-401d-b85d-e439d4c5319d,2026-07-03 15:03:31,2026-07-03 14:54:30,2026-07-03 15:03:31,2026-07-03 14:55:00,btc-updown-5m-1783090500,Down,0.55,17.0082,30.924,30.924,13.9158,198.57682298
70,7fffa675-f8c9-485c-b13b-3844302dbd86,2026-07-03 15:15:11,2026-07-03 15:04:30,2026-07-03 15:15:11,2026-07-03 15:05:00,btc-updown-5m-1783091100,Down,0.52,6.0093,11.55634615,0,-6.0093,192.56752298
71,f203ecbb-1a8f-41f0-820b-582ee3136d37,2026-07-03 15:18:36,2026-07-03 15:09:30,2026-07-03 15:18:36,2026-07-03 15:10:00,btc-updown-5m-1783091400,Down,0.56,11.0088,19.65857143,19.65857143,8.64977143,201.21729441
72,2b28d3d1-6e62-442f-b671-54551be852d1,2026-07-03 15:28:21,2026-07-03 15:19:30,2026-07-03 15:28:21,2026-07-03 15:20:00,btc-updown-5m-1783092000,Up,0.54,6.0093,11.12833333,0,-6.0093,195.20799441
73,784136b1-c6e1-42a4-a03d-96705f736d02,2026-07-03 15:33:56,2026-07-03 15:24:30,2026-07-03 15:33:56,2026-07-03 15:25:00,btc-updown-5m-1783092300,Up,0.56,11.0088,19.65857143,0,-11.0088,184.19919441
74,3a916d3f-cdda-4dbd-acaa-f9fd0fc43f71,2026-07-03 16:01:56,2026-07-03 15:29:30,2026-07-03 16:01:56,2026-07-03 15:30:00,btc-updown-5m-1783092600,Up,0.54,17.0082,31.49666667,31.49666667,14.48846667,198.68766108
75,b88e106b-79f0-436d-bbc5-a2156f69ead4,2026-07-03 16:19:26,2026-07-03 16:09:30,2026-07-03 16:19:26,2026-07-03 16:10:00,btc-updown-5m-1783095000,Up,0.51,6.0093,11.78294118,0,-6.0093,192.67836108
76,b07e89fc-934b-4900-a020-c9e3835b9a19,2026-07-03 16:25:18,2026-07-03 16:14:30,2026-07-03 16:25:18,2026-07-03 16:15:00,btc-updown-5m-1783095300,Up,0.49,11.0088,22.46693878,22.46693878,11.45813878,204.13649986
77,c5aa461d-6a3c-4763-bb7b-993058642ae4,2026-07-03 16:34:05,2026-07-03 16:24:30,2026-07-03 16:34:05,2026-07-03 16:25:00,btc-updown-5m-1783095900,Down,0.52562656,6.00930003,11.43264151,11.43264151,5.42334148,209.55984134
78,a0cdd512-a8fd-4429-bdf2-63eef2860c62,2026-07-03 16:43:03,2026-07-03 16:34:30,2026-07-03 16:43:03,2026-07-03 16:35:00,btc-updown-5m-1783096500,Up,0.51,6.0093,11.78294118,11.78294118,5.77364118,215.33348252
79,bc009fcb-2f63-49e7-9b89-06f139eabfac,2026-07-03 16:50:21,2026-07-03 16:39:30,2026-07-03 16:50:21,2026-07-03 16:40:00,btc-updown-5m-1783096800,Up,0.51,11.0088,21.58588235,21.58588235,10.57708235,225.91056487
80,7c46d5f6-64c0-4081-8c6c-8ad3fec2ad42,2026-07-03 16:58:08,2026-07-03 16:49:30,2026-07-03 16:58:08,2026-07-03 16:50:00,btc-updown-5m-1783097400,Up,0.5,6.0093,12.0186,12.0186,6.0093,231.91986487
81,aaeba643-7ddc-40e8-8874-a04e0b2aa0ad,2026-07-03 17:06:54,2026-07-03 16:59:30,2026-07-03 17:06:54,2026-07-03 17:00:00,btc-updown-5m-1783098000,Down,0.52,6.0093,11.55634615,0,-6.0093,225.91056487
82,f6f52580-53cb-4996-84a2-b285ea4c4434,2026-07-03 17:15:11,2026-07-03 17:04:30,2026-07-03 17:15:11,2026-07-03 17:05:00,btc-updown-5m-1783098300,Down,0.53,11.0088,20.77132075,0,-11.0088,214.90176487
83,984da64e-d974-45fa-959e-4923421b1bc5,2026-07-03 17:18:55,2026-07-03 17:09:30,2026-07-03 17:18:55,2026-07-03 17:10:00,btc-updown-5m-1783098600,Down,0.58,17.0082,29.32448276,29.32448276,12.31628276,227.21804763
84,f69d3c0e-4ead-45ba-bb98-603ad9d583ef,2026-07-03 17:27:12,2026-07-03 17:19:30,2026-07-03 17:27:12,2026-07-03 17:20:00,btc-updown-5m-1783099200,Down,0.5,6.0093,12.0186,12.0186,6.0093,233.22734763
85,56a91839-f39c-4945-b3d0-41e62e8ea916,2026-07-03 17:40:07,2026-07-03 17:29:30,2026-07-03 17:40:07,2026-07-03 17:30:00,btc-updown-5m-1783099800,Down,0.51,6.0093,11.78294118,0,-6.0093,227.21804763
86,2d5fb6ce-2c4d-4adb-a54f-fa6c9e3b8bc2,2026-07-03 17:45:57,2026-07-03 17:34:30,2026-07-03 17:45:57,2026-07-03 17:35:00,btc-updown-5m-1783100100,Down,0.5,11.0088,22.0176,0,-11.0088,216.20924763
87,d238462a-db47-4457-882e-f4de8c12279a,2026-07-03 17:46:43,2026-07-03 17:39:30,2026-07-03 17:46:43,2026-07-03 17:40:00,btc-updown-5m-1783100400,Down,0.54,17.0082,31.49666667,0,-17.0082,199.20104763
88,40a585db-4684-43ae-966d-6afae48bf1b1,2026-07-03 17:55:14,2026-07-03 17:44:30,2026-07-03 17:55:14,2026-07-03 17:45:00,btc-updown-5m-1783100700,Down,0.53,22.0077,41.52396226,41.52396226,19.51626226,218.71730989
89,4edf6171-6887-4651-8aec-44830e641eca,2026-07-03 17:58:13,2026-07-03 17:49:30,2026-07-03 17:58:13,2026-07-03 17:50:00,btc-updown-5m-1783101000,Down,0.52,17.0082,32.70807692,32.70807692,15.69987692,234.41718681
90,45646f72-14b8-4856-b243-73b4d7274df3,2026-07-03 18:10:11,2026-07-03 17:59:30,2026-07-03 18:10:11,2026-07-03 18:00:00,btc-updown-5m-1783101600,Up,0.5,6.0093,12.0186,0,-6.0093,228.40788681
91,7c66a057-34b8-4f34-8a5b-f7377a176a44,2026-07-03 18:12:05,2026-07-03 18:04:30,2026-07-03 18:12:05,2026-07-03 18:05:00,btc-updown-5m-1783101900,Up,0.52,11.0088,21.17076923,0,-11.0088,217.39908681
92,e8090ddc-c3ee-4226-bccc-b6d2f5aadc57,2026-07-03 18:20:11,2026-07-03 18:09:30,2026-07-03 18:20:11,2026-07-03 18:10:00,btc-updown-5m-1783102200,Up,0.54,17.0082,31.49666667,31.49666667,14.48846667,231.88755348
93,9152b08c-303b-42a9-bee4-a1f63ef0220e,2026-07-03 18:30:14,2026-07-03 18:19:30,2026-07-03 18:30:14,2026-07-03 18:20:00,btc-updown-5m-1783102800,Up,0.51,6.0093,11.78294118,0,-6.0093,225.87825348
94,fb5f7b98-4328-4fdc-91c1-c8d13af2bb92,2026-07-03 18:36:03,2026-07-03 18:24:30,2026-07-03 18:36:03,2026-07-03 18:25:00,btc-updown-5m-1783103100,Up,0.51,11.0088,21.58588235,21.58588235,10.57708235,236.45533583
95,95bf7759-d2d4-4574-a651-71d0bb33c521,2026-07-03 18:42:14,2026-07-03 18:34:30,2026-07-03 18:42:14,2026-07-03 18:35:00,btc-updown-5m-1783103700,Down,0.5,6.0093,12.0186,0,-6.0093,230.44603583
96,8baf3794-85aa-4789-ad65-0d0cefb7565c,2026-07-03 18:49:52,2026-07-03 18:39:30,2026-07-03 18:49:52,2026-07-03 18:40:00,btc-updown-5m-1783104000,Down,0.52,11.0088,21.17076923,0,-11.0088,219.43723583
97,a6035dad-2e32-4324-858e-c2de1b5643b9,2026-07-03 18:54:08,2026-07-03 18:44:30,2026-07-03 18:54:08,2026-07-03 18:45:00,btc-updown-5m-1783104300,Down,0.56,17.0082,30.37178571,30.37178571,13.36358571,232.80082154
98,dbbabc5d-3ba6-45c5-99e4-1db6e7aef5e0,2026-07-03 19:09:38,2026-07-03 18:59:30,2026-07-03 19:09:38,2026-07-03 19:00:00,btc-updown-5m-1783105200,Up,0.48,11.0088,22.935,22.935,11.9262,244.72702154
99,4ae9f61a-f7d2-45a4-afcf-bc437d1dcc8e,2026-07-03 19:19:24,2026-07-03 19:09:30,2026-07-03 19:19:24,2026-07-03 19:10:00,btc-updown-5m-1783105800,Up,0.46,6.0093,13.06369565,13.06369565,7.05439565,251.78141719
100,5b162328-50b4-4150-9932-205f445d00fa,2026-07-03 19:30:07,2026-07-03 19:19:30,2026-07-03 19:30:07,2026-07-03 19:20:00,btc-updown-5m-1783106400,Down,0.52,6.0093,11.55634615,11.55634615,5.54704615,257.32846334
101,1f84b0c9-cc35-439d-b181-bd0a4e144d34,2026-07-03 19:36:52,2026-07-03 19:29:30,2026-07-03 19:36:52,2026-07-03 19:30:00,btc-updown-5m-1783107000,Down,0.5,6.0093,12.0186,12.0186,6.0093,263.33776334
102,2f61f10b-cef2-4efb-9663-115a785f2625,2026-07-03 19:45:15,2026-07-03 19:34:30,2026-07-03 19:45:15,2026-07-03 19:35:00,btc-updown-5m-1783107300,Down,0.5,11.0088,22.0176,0,-11.0088,252.32896334
103,100d003e-a5cd-4c43-912d-53c4e9885a6a,2026-07-03 19:49:18,2026-07-03 19:39:30,2026-07-03 19:49:18,2026-07-03 19:40:00,btc-updown-5m-1783107600,Down,0.53,17.0082,32.0909434,32.0909434,15.0827434,267.41170674
104,547bc973-5226-4cc2-bc01-cf8c459c1750,2026-07-03 20:00:14,2026-07-03 19:49:30,2026-07-03 20:00:14,2026-07-03 19:50:00,btc-updown-5m-1783108200,Down,0.5,6.0093,12.0186,12.0186,6.0093,273.42100674
105,bee04e0f-9fb2-43b7-ab1f-03debb886209,2026-07-03 20:07:25,2026-07-03 19:59:30,2026-07-03 20:07:25,2026-07-03 20:00:00,btc-updown-5m-1783108800,Up,0.51,6.0093,11.78294118,11.78294118,5.77364118,279.19464792
106,29b9c6bb-6150-4917-b519-88ffea2692cd,2026-07-03 20:15:05,2026-07-03 20:04:30,2026-07-03 20:15:05,2026-07-03 20:05:00,btc-updown-5m-1783109100,Up,0.51,11.0088,21.58588235,21.58588235,10.57708235,289.77173027
107,820cd158-c1a2-447e-8ff3-dd5796c63353,2026-07-03 20:25:03,2026-07-03 20:14:30,2026-07-03 20:25:03,2026-07-03 20:15:00,btc-updown-5m-1783109700,Up,0.48,6.0093,12.519375,12.519375,6.510075,296.28180527
108,ade34420-ae00-417d-bbfe-425961f80e48,2026-07-03 20:34:57,2026-07-03 20:24:30,2026-07-03 20:34:57,2026-07-03 20:25:00,btc-updown-5m-1783110300,Up,0.48,6.0093,12.519375,12.519375,6.510075,302.79188027
109,949a0272-35f8-4748-b5b0-e0e70fb42c9f,2026-07-03 20:43:30,2026-07-03 20:34:30,2026-07-03 20:43:30,2026-07-03 20:35:00,btc-updown-5m-1783110900,Up,0.47,6.0093,12.78574468,12.78574468,6.77644468,309.56832495
110,829f5680-9b75-417e-87c6-3dbd40fefc50,2026-07-03 21:03:07,2026-07-03 20:44:30,2026-07-03 21:03:07,2026-07-03 20:45:00,btc-updown-5m-1783111500,Down,0.57,6.0093,10.54263158,0,-6.0093,303.55902495
111,a31adbe2-d349-47a5-aebd-9b31ae8dea78,2026-07-03 21:03:18,2026-07-03 20:49:30,2026-07-03 21:03:18,2026-07-03 20:50:00,btc-updown-5m-1783111800,Down,0.57,11.0088,19.31368421,19.31368421,8.30488421,311.86390916
112,68352c47-69a6-4f9b-9cf5-7e920184494a,2026-07-03 21:40:02,2026-07-03 21:29:30,2026-07-03 21:40:02,2026-07-03 21:30:00,btc-updown-5m-1783114200,Up,0.5,6.0093,12.0186,0,-6.0093,305.85460916
113,5f6929c9-4b6d-4aad-a627-df42fbc77195,2026-07-03 21:44:10,2026-07-03 21:34:30,2026-07-03 21:44:10,2026-07-03 21:35:00,btc-updown-5m-1783114500,Up,0.52,11.0088,21.17076923,0,-11.0088,294.84580916
114,50f82af1-a1d3-4d74-a4ea-ad87c83f7668,2026-07-03 21:55:31,2026-07-03 21:44:30,2026-07-03 21:55:31,2026-07-03 21:45:00,btc-updown-5m-1783115100,Down,0.5,6.0093,12.0186,0,-6.0093,288.83650916
115,c8b994c9-1401-4c77-867b-ad078e7ce1db,2026-07-03 22:00:16,2026-07-03 21:49:30,2026-07-03 22:00:16,2026-07-03 21:50:00,btc-updown-5m-1783115400,Down,0.51,11.0088,21.58588235,0,-11.0088,277.82770916
116,54f44df2-4b38-4271-adb7-d036c8e60d78,2026-07-03 22:04:50,2026-07-03 21:54:30,2026-07-03 22:04:50,2026-07-03 21:55:00,btc-updown-5m-1783115700,Down,0.53,17.0082,32.0909434,32.0909434,15.0827434,292.91045256
117,64a4dd9b-cfda-4e0a-9c5c-09903118b6ae,2026-07-03 22:15:38,2026-07-03 22:04:30,2026-07-03 22:15:38,2026-07-03 22:05:00,btc-updown-5m-1783116300,Up,0.51,6.0093,11.78294118,0,-6.0093,286.90115256
118,f9be0da1-5639-4e7d-a18d-64cc1fe4dad3,2026-07-03 22:16:40,2026-07-03 22:09:30,2026-07-03 22:16:40,2026-07-03 22:10:00,btc-updown-5m-1783116600,Up,0.51,11.0088,21.58588235,21.58588235,10.57708235,297.47823491
119,0a729571-27fd-42e5-b815-847b261deff8,2026-07-03 22:23:13,2026-07-03 22:14:30,2026-07-03 22:23:13,2026-07-03 22:15:00,btc-updown-5m-1783116900,Up,0.51,17.0082,33.34941176,33.34941176,16.34121176,313.81944667
120,69d2e35e-bbe0-4aa0-8807-edb920f619c8,2026-07-03 22:35:39,2026-07-03 22:24:30,2026-07-03 22:35:39,2026-07-03 22:25:00,btc-updown-5m-1783117500,Up,0.51,6.0093,11.78294118,0,-6.0093,307.81014667
121,fe0c1a1f-034e-4c3c-823a-ca86e9a0814f,2026-07-03 22:38:14,2026-07-03 22:29:30,2026-07-03 22:38:14,2026-07-03 22:30:00,btc-updown-5m-1783117800,Up,0.5,11.0088,22.0176,0,-11.0088,296.80134667
122,1244d25b-885f-4293-a603-2b95216f799c,2026-07-03 22:46:09,2026-07-03 22:34:30,2026-07-03 22:46:09,2026-07-03 22:35:00,btc-updown-5m-1783118100,Up,0.51,17.0082,33.34941176,0,-17.0082,279.79314667
123,c09983d5-f01f-4255-a66a-e7e45c136536,2026-07-03 22:53:37,2026-07-03 22:44:30,2026-07-03 22:53:37,2026-07-03 22:45:00,btc-updown-5m-1783118700,Down,0.51,6.0093,11.78294118,11.78294118,5.77364118,285.56678785
124,622857a9-5959-46e7-8931-f386a7347944,2026-07-03 23:05:24,2026-07-03 22:54:30,2026-07-03 23:05:24,2026-07-03 22:55:00,btc-updown-5m-1783119300,Down,0.51,6.0093,11.78294118,11.78294118,5.77364118,291.34042903
125,0901eff4-dc73-465d-878a-129a736fe253,2026-07-03 23:15:05,2026-07-03 23:04:30,2026-07-03 23:15:05,2026-07-03 23:05:00,btc-updown-5m-1783119900,Down,0.5,6.0093,12.0186,12.0186,6.0093,297.34972903
126,4f390683-a1ee-4976-9a1a-10aee5801d9c,2026-07-03 23:24:35,2026-07-03 23:14:30,2026-07-03 23:24:35,2026-07-03 23:15:00,btc-updown-5m-1783120500,Down,0.51,6.0093,11.78294118,0,-6.0093,291.34042903
127,068c6d29-1d3b-428b-be76-3ffd49f7d25c,2026-07-03 23:30:16,2026-07-03 23:19:30,2026-07-03 23:30:16,2026-07-03 23:20:00,btc-updown-5m-1783120800,Down,0.49,11.0088,22.46693878,0,-11.0088,280.33162903
128,6fdea361-2730-42c5-bcfe-8fd9316bbe57,2026-07-03 23:35:17,2026-07-03 23:24:30,2026-07-03 23:35:17,2026-07-03 23:25:00,btc-updown-5m-1783121100,Down,0.51,17.0082,33.34941176,33.34941176,16.34121176,296.67284079
129,1638a780-82fc-4ca6-afaf-6b02cba67a04,2026-07-03 23:45:12,2026-07-03 23:34:30,2026-07-03 23:45:12,2026-07-03 23:35:00,btc-updown-5m-1783121700,Down,0.43,6.0093,13.97511628,0,-6.0093,290.66354079
130,f2093e51-95fb-4f37-a496-23c73bf94618,2026-07-03 23:49:23,2026-07-03 23:39:30,2026-07-03 23:49:23,2026-07-03 23:40:00,btc-updown-5m-1783122000,Down,0.5,11.0088,22.0176,22.0176,11.0088,301.67234079
131,36cafef3-9252-44bc-a0db-cdbed2bd02f1,2026-07-04 00:00:01,2026-07-03 23:49:30,2026-07-04 00:00:01,2026-07-03 23:50:00,btc-updown-5m-1783122600,Up,0.52,6.0093,11.55634615,11.55634615,5.54704615,307.21938694
132,0b80ecad-b42a-40dd-a939-e9c275d89a03,2026-07-04 00:10:10,2026-07-03 23:59:30,2026-07-04 00:10:10,2026-07-04 00:00:00,btc-updown-5m-1783123200,Down,0.5,6.0093,12.0186,0,-6.0093,301.21008694
133,328c0c0d-4ec1-4891-a88d-c17b961cb0cb,2026-07-04 00:15:24,2026-07-04 00:04:30,2026-07-04 00:15:24,2026-07-04 00:05:00,btc-updown-5m-1783123500,Down,0.35,11.0088,31.45371429,0,-11.0088,290.20128694
134,14710063-bbaf-4459-bbf2-d0fa1dc9d6d1,2026-07-04 00:20:16,2026-07-04 00:09:30,2026-07-04 00:20:16,2026-07-04 00:10:00,btc-updown-5m-1783123800,Down,0.38,17.0082,44.75842105,44.75842105,27.75022105,317.95150799
135,2fdab5ae-3069-42ff-b33e-f60072d3e0b6,2026-07-04 00:29:13,2026-07-04 00:19:30,2026-07-04 00:29:13,2026-07-04 00:20:00,btc-updown-5m-1783124400,Down,0.42,6.0093,14.30785714,14.30785714,8.29855714,326.25006513
136,a396bb9b-978a-462d-9406-0de765322899,2026-07-04 00:39:47,2026-07-04 00:29:30,2026-07-04 00:39:47,2026-07-04 00:30:00,btc-updown-5m-1783125000,Up,0.6,6.0093,10.0155,10.0155,4.0062,330.25626513
137,8d694340-7c9b-448c-a4ce-58718a899faf,2026-07-04 00:44:25,2026-07-04 00:34:30,2026-07-04 00:44:25,2026-07-04 00:35:00,btc-updown-5m-1783125300,Up,0.63,11.0088,17.47428571,0,-11.0088,319.24746513
138,76651d18-45dc-4e6a-b3e7-76c4c43dd8dd,2026-07-04 00:49:02,2026-07-04 00:39:30,2026-07-04 00:49:02,2026-07-04 00:40:00,btc-updown-5m-1783125600,Up,0.61,17.0082,27.88229508,27.88229508,10.87409508,330.12156021
139,99624aae-5225-4dad-97b0-5328d5773ed9,2026-07-04 00:59:09,2026-07-04 00:49:30,2026-07-04 00:59:09,2026-07-04 00:50:00,btc-updown-5m-1783126200,Down,0.42,6.0093,14.30785714,14.30785714,8.29855714,338.42011735
140,0f41f3ea-504d-4243-822a-fa590b3cecb3,2026-07-04 01:09:35,2026-07-04 00:59:30,2026-07-04 01:09:35,2026-07-04 01:00:00,btc-updown-5m-1783126800,Down,0.41,6.0093,14.65682927,14.65682927,8.64752927,347.06764662
141,af72b998-fc53-48de-9c7e-88ea8dad5867,2026-07-04 01:20:10,2026-07-04 01:09:30,2026-07-04 01:20:10,2026-07-04 01:10:00,btc-updown-5m-1783127400,Down,0.5,6.0093,12.0186,0,-6.0093,341.05834662
142,3d2443b8-82bd-4665-bd37-7ab42cec4115,2026-07-04 01:25:20,2026-07-04 01:14:30,2026-07-04 01:25:20,2026-07-04 01:15:00,btc-updown-5m-1783127700,Down,0.5,11.0088,22.0176,0,-11.0088,330.04954662
143,ee777c25-5d69-45cf-9f94-be20dde62043,2026-07-04 01:30:31,2026-07-04 01:19:30,2026-07-04 01:30:31,2026-07-04 01:20:00,btc-updown-5m-1783128000,Down,0.5,17.0082,34.0164,34.0164,17.0082,347.05774662
144,256d18e1-ff96-4e92-b74b-0bf6bff9e120,2026-07-04 01:37:55,2026-07-04 01:29:30,2026-07-04 01:37:55,2026-07-04 01:30:00,btc-updown-5m-1783128600,Down,0.49,6.0093,12.26387755,12.26387755,6.25457755,353.31232417
145,3000a4fa-ba6f-4145-84bc-1bbe9fb31352,2026-07-04 01:45:09,2026-07-04 01:34:30,2026-07-04 01:45:09,2026-07-04 01:35:00,btc-updown-5m-1783128900,Down,0.5,11.0088,22.0176,0,-11.0088,342.30352417
146,e04f6d75-6f76-4326-98c0-9bfa47aacb54,2026-07-04 01:52:40,2026-07-04 01:44:30,2026-07-04 01:52:40,2026-07-04 01:45:00,btc-updown-5m-1783129500,Up,0.51,6.0093,11.78294118,0,-6.0093,336.29422417
147,96d1074a-e150-4212-9d66-ff60c08d28d2,2026-07-04 02:00:25,2026-07-04 01:49:30,2026-07-04 02:00:25,2026-07-04 01:50:00,btc-updown-5m-1783129800,Up,0.52372508,11.0088,21.02018868,21.02018868,10.01138868,346.30561285
148,1b5ed275-2757-4a36-b16e-cdb6a3a03e55,2026-07-04 02:10:35,2026-07-04 01:59:30,2026-07-04 02:10:35,2026-07-04 02:00:00,btc-updown-5m-1783130400,Down,0.5,6.0093,12.0186,0,-6.0093,340.29631285
149,fa5b17a5-5db8-43cc-b320-faba3517f022,2026-07-04 02:15:29,2026-07-04 02:04:30,2026-07-04 02:15:29,2026-07-04 02:05:00,btc-updown-5m-1783130700,Down,0.5,11.0088,22.0176,0,-11.0088,329.28751285
150,c1686940-ab9e-489b-86b4-e31331fbfefb,2026-07-04 02:17:18,2026-07-04 02:09:30,2026-07-04 02:17:18,2026-07-04 02:10:00,btc-updown-5m-1783131000,Down,0.5,17.0082,34.0164,34.0164,17.0082,346.29571285
151,98376154-b01d-4638-bbb4-6406cbff9ef5,2026-07-04 02:21:32,2026-07-04 02:14:30,2026-07-04 02:21:32,2026-07-04 02:15:00,btc-updown-5m-1783131300,Down,0.5,22.0077,44.0154,44.0154,22.0077,368.30341285
152,2332f709-acf7-499e-8b3d-ed71f6f9b833,2026-07-04 02:30:01,2026-07-04 02:19:30,2026-07-04 02:30:01,2026-07-04 02:20:00,btc-updown-5m-1783131600,Down,0.5,17.0082,34.0164,0,-17.0082,351.29521285
153,f74d9c77-6c87-4576-829c-be88c5f2b299,2026-07-04 02:40:46,2026-07-04 02:29:30,2026-07-04 02:40:46,2026-07-04 02:30:00,btc-updown-5m-1783132200,Up,0.51,6.0093,11.78294118,0,-6.0093,345.28591285
154,f50348b6-f175-4789-b860-c8806c17616b,2026-07-04 02:45:44,2026-07-04 02:34:30,2026-07-04 02:45:44,2026-07-04 02:35:00,btc-updown-5m-1783132500,Up,0.51,11.0088,21.58588235,21.58588235,10.57708235,355.8629952
155,b35dddfc-8c24-4426-a541-ebe93a544d48,2026-07-04 02:51:33,2026-07-04 02:44:30,2026-07-04 02:51:33,2026-07-04 02:45:00,btc-updown-5m-1783133100,Down,0.51,6.0093,11.78294118,11.78294118,5.77364118,361.63663638
156,82b02773-41aa-477e-9ab7-4f85367361a5,2026-07-04 03:05:58,2026-07-04 02:54:30,2026-07-04 03:05:58,2026-07-04 02:55:00,btc-updown-5m-1783133700,Down,0.5,6.0093,12.0186,12.0186,6.0093,367.64593638
157,db7677df-3b0c-40ab-ae47-7e15ba79c2ae,2026-07-04 03:15:19,2026-07-04 03:04:30,2026-07-04 03:15:19,2026-07-04 03:05:00,btc-updown-5m-1783134300,Down,0.5,6.0093,12.0186,12.0186,6.0093,373.65523638
158,7a3e38d1-f18b-4459-913f-b5c37d7bb11a,2026-07-04 03:25:20,2026-07-04 03:14:30,2026-07-04 03:25:20,2026-07-04 03:15:00,btc-updown-5m-1783134900,Down,0.5,6.0093,12.0186,12.0186,6.0093,379.66453638
159,9d3b9254-5817-4d45-b66e-4f6fb8cf4a66,2026-07-04 03:30:09,2026-07-04 03:19:30,2026-07-04 03:30:09,2026-07-04 03:20:00,btc-updown-5m-1783135200,Down,0.53,11.0088,20.77132075,0,-11.0088,368.65573638
160,19b8fb72-af91-43a6-8c18-55e95031de3c,2026-07-04 03:40:05,2026-07-04 03:29:30,2026-07-04 03:40:05,2026-07-04 03:30:00,btc-updown-5m-1783135800,Up,0.51,6.0093,11.78294118,11.78294118,5.77364118,374.42937756
161,d37a38e9-de13-4b66-b584-6160005f2054,2026-07-04 03:50:54,2026-07-04 03:39:30,2026-07-04 03:50:54,2026-07-04 03:40:00,btc-updown-5m-1783136400,Down,0.54,6.0093,11.12833333,11.12833333,5.11903333,379.54841089
162,938ca784-84d8-42a3-a1de-39b353ce2d37,2026-07-04 03:58:48,2026-07-04 03:49:30,2026-07-04 03:58:48,2026-07-04 03:50:00,btc-updown-5m-1783137000,Up,0.49,6.0093,12.26387755,0,-6.0093,373.53911089
163,95850a6a-a2f8-4bf9-9601-599232db456b,2026-07-04 04:03:56,2026-07-04 03:54:30,2026-07-04 04:03:56,2026-07-04 03:55:00,btc-updown-5m-1783137300,Up,0.49,11.0088,22.46693878,0,-11.0088,362.53031089
164,d4421d99-d8d5-4f57-9b0c-2f5e612d557c,2026-07-04 04:15:36,2026-07-04 04:04:30,2026-07-04 04:15:36,2026-07-04 04:05:00,btc-updown-5m-1783137900,Down,0.5,6.0093,12.0186,0,-6.0093,356.52101089
165,393282ec-3382-4c3d-aeb0-168b41452683,2026-07-04 04:19:49,2026-07-04 04:09:30,2026-07-04 04:19:49,2026-07-04 04:10:00,btc-updown-5m-1783138200,Down,0.51,11.0088,21.58588235,21.58588235,10.57708235,367.09809324
166,d88c9166-2b7b-443e-b1e9-cacc1bcb7eaf,2026-07-04 04:30:07,2026-07-04 04:19:30,2026-07-04 04:30:07,2026-07-04 04:20:00,btc-updown-5m-1783138800,Up,0.5,6.0093,12.0186,12.0186,6.0093,373.10739324
167,4464a115-9de0-4814-963c-0483c6ae182e,2026-07-04 04:41:14,2026-07-04 04:29:30,2026-07-04 04:41:14,2026-07-04 04:30:00,btc-updown-5m-1783139400,Up,0.5,6.0093,12.0186,12.0186,6.0093,379.11669324
168,fb5b2e15-f228-4be4-8178-658181c89934,2026-07-04 04:50:00,2026-07-04 04:39:30,2026-07-04 04:50:00,2026-07-04 04:40:00,btc-updown-5m-1783140000,Down,0.51,6.0093,11.78294118,0,-6.0093,373.10739324
169,3779305f-c7d0-4dab-9bb5-4bf0414e8ea8,2026-07-04 05:00:27,2026-07-04 04:49:30,2026-07-04 05:00:27,2026-07-04 04:50:00,btc-updown-5m-1783140600,Down,0.52,6.0093,11.55634615,11.55634615,5.54704615,378.65443939
170,e5ff9135-d416-4d97-9424-cb58fd29c20d,2026-07-04 05:08:12,2026-07-04 04:59:30,2026-07-04 05:08:12,2026-07-04 05:00:00,btc-updown-5m-1783141200,Up,0.52,6.0093,11.55634615,0,-6.0093,372.64513939
171,e59a1807-5257-4d8f-bc47-6c02e62c6230,2026-07-04 05:12:14,2026-07-04 05:04:30,2026-07-04 05:12:14,2026-07-04 05:05:00,btc-updown-5m-1783141500,Up,0.38,11.0088,28.97052632,0,-11.0088,361.63633939
172,5b2c6e52-79c6-48d5-aea2-9433266dd7ae,2026-07-04 05:18:52,2026-07-04 05:09:30,2026-07-04 05:18:52,2026-07-04 05:10:00,btc-updown-5m-1783141800,Up,0.41,17.0082,41.48341463,0,-17.0082,344.62813939
173,2e930e32-e68a-46bf-a2b1-0986c89aca2f,2026-07-04 05:27:01,2026-07-04 05:19:30,2026-07-04 05:27:01,2026-07-04 05:20:00,btc-updown-5m-1783142400,Up,0.44,6.0093,13.6575,0,-6.0093,338.61883939
174,4c2cd891-a872-487c-9ca4-475c715eaf51,2026-07-04 05:35:30,2026-07-04 05:24:30,2026-07-04 05:35:30,2026-07-04 05:25:00,btc-updown-5m-1783142700,Up,0.42,11.0088,26.21142857,26.21142857,15.20262857,353.82146796
175,d1cf30c6-126a-4e3f-923c-af89e9026edd,2026-07-04 05:44:04,2026-07-04 05:34:30,2026-07-04 05:44:04,2026-07-04 05:35:00,btc-updown-5m-1783143300,Down,0.63,6.0093,9.53857143,0,-6.0093,347.81216796
176,4b4503b4-f422-4d14-ab5e-242cd25cafa2,2026-07-04 05:50:28,2026-07-04 05:39:30,2026-07-04 05:50:28,2026-07-04 05:40:00,btc-updown-5m-1783143600,Down,0.6,11.0088,18.348,0,-11.0088,336.80336796
177,02da8853-d6d1-460e-82ab-cf2de59afd99,2026-07-04 05:55:10,2026-07-04 05:44:30,2026-07-04 05:55:10,2026-07-04 05:45:00,btc-updown-5m-1783143900,Down,0.54,17.0082,31.49666667,31.49666667,14.48846667,351.29183463
178,095feb50-9895-4b7e-8564-999c8575c874,2026-07-04 06:03:42,2026-07-04 05:54:30,2026-07-04 06:03:42,2026-07-04 05:55:00,btc-updown-5m-1783144500,Up,0.52,6.0093,11.55634615,0,-6.0093,345.28253463
179,070b2a84-abce-4a6f-b9a7-9920909078e7,2026-07-04 06:07:12,2026-07-04 05:59:30,2026-07-04 06:07:12,2026-07-04 06:00:00,btc-updown-5m-1783144800,Up,0.53,11.0088,20.77132075,20.77132075,9.76252075,355.04505538
180,389ecb43-9001-4ad2-b5f6-086533f1348a,2026-07-04 06:20:48,2026-07-04 06:09:30,2026-07-04 06:20:48,2026-07-04 06:10:00,btc-updown-5m-1783145400,Down,0.51,6.0093,11.78294118,11.78294118,5.77364118,360.81869656
181,45488fbc-e47c-4b9c-af76-6407b81a3074,2026-07-04 06:29:18,2026-07-04 06:19:30,2026-07-04 06:29:18,2026-07-04 06:20:00,btc-updown-5m-1783146000,Down,0.49,6.0093,12.26387755,12.26387755,6.25457755,367.07327411
182,12550407-ac32-4070-9efd-a529337845f6,2026-07-04 06:37:28,2026-07-04 06:29:30,2026-07-04 06:37:28,2026-07-04 06:30:00,btc-updown-5m-1783146600,Down,0.49,6.0093,12.26387755,0,-6.0093,361.06397411
183,73147c66-6b94-424c-98b1-570042dea6d2,2026-07-04 06:45:25,2026-07-04 06:34:30,2026-07-04 06:45:25,2026-07-04 06:35:00,btc-updown-5m-1783146900,Down,0.56,11.0088,19.65857143,0,-11.0088,350.05517411
184,5a976f06-69c6-4700-8ec3-20f8ef244c78,2026-07-04 06:56:11,2026-07-04 06:44:30,2026-07-04 06:56:11,2026-07-04 06:45:00,btc-updown-5m-1783147500,Up,0.49,6.0093,12.26387755,12.26387755,6.25457755,356.30975166
185,d688dbc6-b36c-4156-87f0-55982aa0b6d8,2026-07-04 07:05:23,2026-07-04 06:54:30,2026-07-04 07:05:23,2026-07-04 06:55:00,btc-updown-5m-1783148100,Up,0.49,6.0093,12.26387755,0,-6.0093,350.30045166
186,c4b8b248-413d-4495-b8b9-6545fafdb94e,2026-07-04 07:10:31,2026-07-04 06:59:30,2026-07-04 07:10:31,2026-07-04 07:00:00,btc-updown-5m-1783148400,Up,0.51,11.0088,21.58588235,0,-11.0088,339.29165166
187,aae3e824-49dc-4d19-8563-9c2e9582fdd7,2026-07-04 07:14:24,2026-07-04 07:04:30,2026-07-04 07:14:24,2026-07-04 07:05:00,btc-updown-5m-1783148700,Up,0.5,17.0082,34.0164,34.0164,17.0082,356.29985166
188,3684b905-e87b-4810-b2b1-1f39f44a38d8,2026-07-04 07:20:06,2026-07-04 07:09:30,2026-07-04 07:20:06,2026-07-04 07:10:00,btc-updown-5m-1783149000,Up,0.41,22.0077,53.67731707,53.67731707,31.66961707,387.96946873
189,d8dba3c0-7dcc-49b1-bd52-18a029db1caa,2026-07-04 07:25:17,2026-07-04 07:14:30,2026-07-04 07:25:17,2026-07-04 07:15:00,btc-updown-5m-1783149300,Up,0.47053301,17.00819987,36.14666667,36.14666667,19.1384668,407.10793553
190,6aa2ecd4-b9fc-4fc7-80d8-9434defee1e9,2026-07-04 07:27:37,2026-07-04 07:19:30,2026-07-04 07:27:37,2026-07-04 07:20:00,btc-updown-5m-1783149600,Up,0.44,22.0077,50.0175,50.0175,28.0098,435.11773553
191,e17ae93f-c463-4e50-8bef-df8d56f39a27,2026-07-04 07:35:12,2026-07-04 07:24:30,2026-07-04 07:35:12,2026-07-04 07:25:00,btc-updown-5m-1783149900,Up,0.44342997,17.00819993,38.356,0,-17.00819993,418.1095356
192,a41172a8-e0e1-496a-9c0c-bc3ddd4cd48f,2026-07-04 07:40:11,2026-07-04 07:29:30,2026-07-04 07:40:11,2026-07-04 07:30:00,btc-updown-5m-1783150200,Up,0.47471311,22.00769978,46.36,0,-22.00769978,396.10183582
193,356e5a90-48a3-4622-bba4-88172a7712b2,2026-07-04 07:44:14,2026-07-04 07:34:30,2026-07-04 07:44:14,2026-07-04 07:35:00,btc-updown-5m-1783150500,Up,0.51,28.0071,54.91588235,0,-28.0071,368.09473582
194,2be362bb-b3e8-4705-a86e-c87f441b7328,2026-07-04 07:50:16,2026-07-04 07:39:30,2026-07-04 07:50:16,2026-07-04 07:40:00,btc-updown-5m-1783150800,Up,0.41,22.0077,53.67731707,53.67731707,31.66961707,399.76435289
195,c246559c-5cb5-4c4f-b29e-aa9b41284252,2026-07-04 07:59:38,2026-07-04 07:49:30,2026-07-04 07:59:38,2026-07-04 07:50:00,btc-updown-5m-1783151400,Down,0.52,6.0093,11.55634615,0,-6.0093,393.75505289
196,723e3481-9e22-4355-a5e6-33a7c3a94946,2026-07-04 08:05:35,2026-07-04 07:54:30,2026-07-04 08:05:35,2026-07-04 07:55:00,btc-updown-5m-1783151700,Down,0.53,11.0088,20.77132075,20.77132075,9.76252075,403.51757364
197,2d0a0341-6b42-403a-9f67-05319e85c3f9,2026-07-04 08:09:56,2026-07-04 07:59:30,2026-07-04 08:09:56,2026-07-04 08:00:00,btc-updown-5m-1783152000,Down,0.52,17.0082,32.70807692,32.70807692,15.69987692,419.21745056
198,0b278645-c90e-4409-9476-3a4c4a65b73b,2026-07-04 08:20:12,2026-07-04 08:09:30,2026-07-04 08:20:12,2026-07-04 08:10:00,btc-updown-5m-1783152600,Down,0.5,6.0093,12.0186,0,-6.0093,413.20815056
199,969a16e4-c4f1-4adc-941d-c083f8c45334,2026-07-04 08:30:00,2026-07-04 08:19:30,2026-07-04 08:30:00,2026-07-04 08:20:00,btc-updown-5m-1783153200,Down,0.5,6.0093,12.0186,0,-6.0093,407.19885056
200,0b81b5ae-5915-49d0-ad54-627a5b4c5cbc,2026-07-04 08:33:20,2026-07-04 08:24:30,2026-07-04 08:33:20,2026-07-04 08:25:00,btc-updown-5m-1783153500,Down,0.5,11.0088,22.0176,22.0176,11.0088,418.20765056
201,8a0f6e90-e485-4191-9042-23a054a08b7b,2026-07-04 08:40:08,2026-07-04 08:29:30,2026-07-04 08:40:08,2026-07-04 08:30:00,btc-updown-5m-1783153800,Down,0.52,17.0082,32.70807692,0,-17.0082,401.19945056
202,6e96176e-1011-432a-9725-6c292cc3c3c3,2026-07-04 08:44:10,2026-07-04 08:34:30,2026-07-04 08:44:10,2026-07-04 08:35:00,btc-updown-5m-1783154100,Down,0.54,22.0077,40.755,0,-22.0077,379.19175056
203,915177e0-1faa-4093-96ba-8fbc8e0e7ec2,2026-07-04 08:49:29,2026-07-04 08:39:30,2026-07-04 08:49:29,2026-07-04 08:40:00,btc-updown-5m-1783154400,Down,0.52465114,17.00820005,32.41811321,32.41811321,15.40991316,394.60166372
204,8740a066-f726-4b9a-9c32-207efdfbb15a,2026-07-04 08:59:40,2026-07-04 08:49:30,2026-07-04 08:59:40,2026-07-04 08:50:00,btc-updown-5m-1783155000,Down,0.53,6.0093,11.33830189,11.33830189,5.32900189,399.93066561
205,662cc640-81c7-494b-b5d1-7c66e247e19f,2026-07-04 09:02:29,2026-07-04 08:54:30,2026-07-04 09:02:29,2026-07-04 08:55:00,btc-updown-5m-1783155300,Down,0.51,11.0088,21.58588235,21.58588235,10.57708235,410.50774796
206,13bf627e-2bbd-404b-b717-c803e4ad1817,2026-07-04 09:13:19,2026-07-04 09:04:30,2026-07-04 09:13:19,2026-07-04 09:05:00,btc-updown-5m-1783155900,Up,0.55,6.0093,10.926,10.926,4.9167,415.42444796
207,dfaf37b8-27a4-447c-b3e5-57ef52ce9f10,2026-07-04 09:24:36,2026-07-04 09:14:30,2026-07-04 09:24:36,2026-07-04 09:15:00,btc-updown-5m-1783156500,Down,0.51,6.0093,11.78294118,11.78294118,5.77364118,421.19808914
208,7e3f616e-991b-47f0-817f-5986838e40d2,2026-07-04 09:30:09,2026-07-04 09:19:30,2026-07-04 09:30:09,2026-07-04 09:20:00,btc-updown-5m-1783156800,Down,0.5,11.0088,22.0176,22.0176,11.0088,432.20688914
209,2691bb24-51af-4980-b0a7-72c5d2d39816,2026-07-04 09:38:44,2026-07-04 09:29:30,2026-07-04 09:38:44,2026-07-04 09:30:00,btc-updown-5m-1783157400,Up,0.52,6.0093,11.55634615,0,-6.0093,426.19758914
210,d4ef1a64-a133-4098-a994-ed710abf58dc,2026-07-04 09:43:42,2026-07-04 09:34:30,2026-07-04 09:43:42,2026-07-04 09:35:00,btc-updown-5m-1783157700,Up,0.51,11.0088,21.58588235,0,-11.0088,415.18878914
211,849dda29-8644-4df2-b83e-b837d62a5b87,2026-07-04 09:50:10,2026-07-04 09:39:30,2026-07-04 09:50:10,2026-07-04 09:40:00,btc-updown-5m-1783158000,Up,0.51,17.0082,33.34941176,33.34941176,16.34121176,431.5300009
212,e784f06f-5af0-4300-a579-2dadd96913f9,2026-07-04 10:00:43,2026-07-04 09:49:30,2026-07-04 10:00:43,2026-07-04 09:50:00,btc-updown-5m-1783158600,Down,0.5,6.0093,12.0186,0,-6.0093,425.5207009
213,18b03df9-5941-42be-afae-22d8229e420e,2026-07-04 10:10:23,2026-07-04 09:59:30,2026-07-04 10:10:23,2026-07-04 10:00:00,btc-updown-5m-1783159200,Up,0.48,6.0093,12.519375,0,-6.0093,419.5114009
214,8da90fd7-14fe-4c9a-b363-1a25a7ac505e,2026-07-04 10:14:24,2026-07-04 10:04:30,2026-07-04 10:14:24,2026-07-04 10:05:00,btc-updown-5m-1783159500,Up,0.51,11.0088,21.58588235,21.58588235,10.57708235,430.08848325
215,9f17a28f-fb14-45cf-9e0e-dfc6f3a8ec0b,2026-07-04 10:21:32,2026-07-04 10:14:30,2026-07-04 10:21:32,2026-07-04 10:15:00,btc-updown-5m-1783160100,Down,0.5081397,6.00929995,11.82607843,0,-6.00929995,424.0791833
216,dfae8ac7-5d98-4a64-89f0-8d3ea88ce645,2026-07-04 10:30:22,2026-07-04 10:19:30,2026-07-04 10:30:22,2026-07-04 10:20:00,btc-updown-5m-1783160400,Down,0.5,11.0088,22.0176,22.0176,11.0088,435.0879833
217,1f558bc3-27aa-4c87-a323-418159483449,2026-07-04 10:40:38,2026-07-04 10:29:30,2026-07-04 10:40:38,2026-07-04 10:30:00,btc-updown-5m-1783161000,Down,0.5,6.0093,12.0186,12.0186,6.0093,441.0972833
218,ab10930e-66c2-4f50-a6e4-3035ecdc61a1,2026-07-04 10:50:32,2026-07-04 10:39:30,2026-07-04 10:50:32,2026-07-04 10:40:00,btc-updown-5m-1783161600,Up,0.51,6.0093,11.78294118,11.78294118,5.77364118,446.87092448
219,aa6d1ec6-7274-4abb-aa32-fe0c7ea6285b,2026-07-04 10:52:40,2026-07-04 10:44:30,2026-07-04 10:52:40,2026-07-04 10:45:00,btc-updown-5m-1783161900,Up,0.5,11.0088,22.0176,22.0176,11.0088,457.87972448
220,fcd501d9-2c60-4e7e-a299-9ed4ecc8b4ba,2026-07-04 11:01:20,2026-07-04 10:49:30,2026-07-04 11:01:20,2026-07-04 10:50:00,btc-updown-5m-1783162200,Up,0.51,17.0082,33.34941176,33.34941176,16.34121176,474.22093624
221,165898bb-65ea-4160-856d-0a3339462939,2026-07-04 11:06:58,2026-07-04 10:59:30,2026-07-04 11:06:58,2026-07-04 11:00:00,btc-updown-5m-1783162800,Down,0.53,6.0093,11.33830189,11.33830189,5.32900189,479.54993813
222,236a7fe5-4a59-4295-804e-ed45be68e94a,2026-07-04 11:19:03,2026-07-04 11:09:30,2026-07-04 11:19:03,2026-07-04 11:10:00,btc-updown-5m-1783163400,Down,0.5,6.0093,12.0186,0,-6.0093,473.54063813
223,06585c7c-0d29-4e0c-97cf-55182e7cd407,2026-07-04 11:30:30,2026-07-04 11:19:30,2026-07-04 11:30:30,2026-07-04 11:20:00,btc-updown-5m-1783164000,Up,0.49,6.0093,12.26387755,0,-6.0093,467.53133813
224,97b31c27-f753-40f1-be5e-38eb8f61d5d5,2026-07-04 11:35:52,2026-07-04 11:24:30,2026-07-04 11:35:52,2026-07-04 11:25:00,btc-updown-5m-1783164300,Up,0.51,11.0088,21.58588235,0,-11.0088,456.52253813
225,ee2a5611-3f04-4060-a7d5-1041fbdb56c4,2026-07-04 11:37:19,2026-07-04 11:29:30,2026-07-04 11:37:19,2026-07-04 11:30:00,btc-updown-5m-1783164600,Up,0.53,17.0082,32.0909434,32.0909434,15.0827434,471.60528153
226,00b8fd45-3844-4994-a820-b2570e5a86c2,2026-07-04 11:50:39,2026-07-04 11:39:30,2026-07-04 11:50:39,2026-07-04 11:40:00,btc-updown-5m-1783165200,Up,0.51,6.0093,11.78294118,0,-6.0093,465.59598153
227,74847963-f5ba-4346-9247-df61957aa53d,2026-07-04 11:55:14,2026-07-04 11:44:30,2026-07-04 11:55:14,2026-07-04 11:45:00,btc-updown-5m-1783165500,Up,0.52,11.0088,21.17076923,0,-11.0088,454.58718153
228,19d1cf42-f65e-42fe-8b30-dcb1bc6753ab,2026-07-04 12:00:23,2026-07-04 11:49:30,2026-07-04 12:00:23,2026-07-04 11:50:00,btc-updown-5m-1783165800,Up,0.52,17.0082,32.70807692,32.70807692,15.69987692,470.28705845
229,1e54009a-85ca-40dc-b1b8-0813acf0634e,2026-07-04 12:06:51,2026-07-04 11:59:30,2026-07-04 12:06:51,2026-07-04 12:00:00,btc-updown-5m-1783166400,Down,0.5,6.0093,12.0186,0,-6.0093,464.27775845
230,d8aebb43-587f-463b-ba98-f468c8d9bd80,2026-07-04 12:12:37,2026-07-04 12:04:30,2026-07-04 12:12:37,2026-07-04 12:05:00,btc-updown-5m-1783166700,Down,0.51,11.0088,21.58588235,0,-11.0088,453.26895845
231,f70c9361-6f5f-4f75-83f6-ebc726fafc5b,2026-07-04 12:23:23,2026-07-04 12:14:30,2026-07-04 12:23:23,2026-07-04 12:15:00,btc-updown-5m-1783167300,Down,0.53,6.0093,11.33830189,0,-6.0093,447.25965845
232,112a1d3e-0057-4071-87bd-e725e3686529,2026-07-04 12:35:26,2026-07-04 12:24:30,2026-07-04 12:35:26,2026-07-04 12:25:00,btc-updown-5m-1783167900,Up,0.5,6.0093,12.0186,12.0186,6.0093,453.26895845
233,2392c899-d2a9-4ed3-b3c9-cbc8566d0788,2026-07-04 12:43:58,2026-07-04 12:34:30,2026-07-04 12:43:58,2026-07-04 12:35:00,btc-updown-5m-1783168500,Down,0.54,6.0093,11.12833333,11.12833333,5.11903333,458.38799178
234,b9300002-2995-418e-b3fc-6c748e811b3e,2026-07-04 12:54:07,2026-07-04 12:44:30,2026-07-04 12:54:07,2026-07-04 12:45:00,btc-updown-5m-1783169100,Down,0.51,6.0093,11.78294118,11.78294118,5.77364118,464.16163296
235,36b5a5e5-70cf-4c2c-997c-dfb10d36f2f5,2026-07-04 13:02:08,2026-07-04 12:54:30,2026-07-04 13:02:08,2026-07-04 12:55:00,btc-updown-5m-1783169700,Down,0.5,6.0093,12.0186,0,-6.0093,458.15233296
236,e3e422cb-a7e1-4a65-a1ea-398da29c81df,2026-07-04 13:07:10,2026-07-04 12:59:30,2026-07-04 13:07:10,2026-07-04 13:00:00,btc-updown-5m-1783170000,Down,0.54,11.0088,20.38666667,20.38666667,9.37786667,467.53019963
237,efc54296-de45-497e-9e85-5c3b61e021df,2026-07-04 13:17:57,2026-07-04 13:09:30,2026-07-04 13:17:57,2026-07-04 13:10:00,btc-updown-5m-1783170600,Up,0.5,6.0093,12.0186,0,-6.0093,461.52089963
238,d6ada579-52cf-45c0-aca0-b30cfe1e3b94,2026-07-04 13:24:44,2026-07-04 13:14:30,2026-07-04 13:24:44,2026-07-04 13:15:00,btc-updown-5m-1783170900,Up,0.40639337,11.00879991,27.08902439,27.08902439,16.08022448,477.60112411
239,7ca129d3-63aa-4dfa-aca7-59c05f84c61b,2026-07-04 13:35:09,2026-07-04 13:24:30,2026-07-04 13:35:09,2026-07-04 13:25:00,btc-updown-5m-1783171500,Up,0.49861434,6.00930003,12.052,0,-6.00930003,471.59182408
240,f502ebd3-db3c-4b43-973a-9becb407467f,2026-07-04 13:38:21,2026-07-04 13:29:30,2026-07-04 13:38:21,2026-07-04 13:30:00,btc-updown-5m-1783171800,Up,0.4,11.0088,27.522,0,-11.0088,460.58302408
241,8698707b-f7a9-4811-8767-b9023015ac7e,2026-07-04 13:42:14,2026-07-04 13:34:30,2026-07-04 13:42:14,2026-07-04 13:35:00,btc-updown-5m-1783172100,Up,0.52,17.0082,32.70807692,0,-17.0082,443.57482408
242,3eb1faec-0dca-401b-b2b4-7a3c9d932a26,2026-07-04 13:48:39,2026-07-04 13:39:30,2026-07-04 13:48:39,2026-07-04 13:40:00,btc-updown-5m-1783172400,Up,0.52,22.0077,42.3225,42.3225,20.3148,463.88962408
243,037114db-30ee-4379-b576-6da177073a56,2026-07-04 13:51:55,2026-07-04 13:44:30,2026-07-04 13:51:55,2026-07-04 13:45:00,btc-updown-5m-1783172700,Up,0.52,17.0082,32.70807692,0,-17.0082,446.88142408
244,68bdb232-2743-423d-bcf0-700cd2717484,2026-07-04 14:00:38,2026-07-04 13:49:30,2026-07-04 14:00:38,2026-07-04 13:50:00,btc-updown-5m-1783173000,Up,0.53,22.0077,41.52396226,0,-22.0077,424.87372408
245,a3784b55-70d3-443a-bf04-7be1a25f1051,2026-07-04 14:04:08,2026-07-04 13:54:30,2026-07-04 14:04:08,2026-07-04 13:55:00,btc-updown-5m-1783173300,Up,0.53,28.0071,52.84358491,52.84358491,24.83648491,449.71020899
246,76b8a827-f5de-4377-9603-4736f30e7cec,2026-07-04 14:10:11,2026-07-04 13:59:30,2026-07-04 14:10:11,2026-07-04 14:00:00,btc-updown-5m-1783173600,Up,0.53976455,22.00770005,40.77277778,40.77277778,18.76507773,468.47528672
247,30b1a2c4-2247-45b6-bc54-c3dc1975e2fb,2026-07-04 14:17:43,2026-07-04 14:09:30,2026-07-04 14:17:43,2026-07-04 14:10:00,btc-updown-5m-1783174200,Up,0.49,6.0093,12.26387755,12.26387755,6.25457755,474.72986427
248,cac9dc54-fb08-422a-90b8-f1bf7ec0cb71,2026-07-04 14:27:39,2026-07-04 14:19:30,2026-07-04 14:27:39,2026-07-04 14:20:00,btc-updown-5m-1783174800,Down,0.52,6.0093,11.55634615,0,-6.0093,468.72056427
249,ded034f8-8219-4cdc-a8c6-6bdd9b1eb416,2026-07-04 14:40:08,2026-07-04 14:29:30,2026-07-04 14:40:08,2026-07-04 14:30:00,btc-updown-5m-1783175400,Up,0.48,6.0093,12.519375,0,-6.0093,462.71126427
250,5a79be6d-8e4b-42b5-85e4-6008d9b55efb,2026-07-04 14:45:04,2026-07-04 14:34:30,2026-07-04 14:45:04,2026-07-04 14:35:00,btc-updown-5m-1783175700,Up,0.48,11.0088,22.935,22.935,11.9262,474.63746427
251,3e19a2d2-5326-4f99-a40d-c65ce05160ec,2026-07-04 14:49:54,2026-07-04 14:39:30,2026-07-04 14:49:54,2026-07-04 14:40:00,btc-updown-5m-1783176000,Up,0.51,17.0082,33.34941176,33.34941176,16.34121176,490.97867603
252,065f74c2-3fdb-439c-a695-92dc3590c181,2026-07-04 15:00:24,2026-07-04 14:49:30,2026-07-04 15:00:24,2026-07-04 14:50:00,btc-updown-5m-1783176600,Up,0.5,6.0093,12.0186,12.0186,6.0093,496.98797603
253,f8e9b829-fde9-4fdf-ad80-baa7381f1b73,2026-07-04 15:04:41,2026-07-04 14:54:30,2026-07-04 15:04:41,2026-07-04 14:55:00,btc-updown-5m-1783176900,Up,0.5,11.0088,22.0176,22.0176,11.0088,507.99677603
254,e0257ea1-7986-4984-aec1-fae26c49fb1f,2026-07-04 15:14:02,2026-07-04 15:04:30,2026-07-04 15:14:02,2026-07-04 15:05:00,btc-updown-5m-1783177500,Down,0.65,6.0093,9.24507692,0,-6.0093,501.98747603
255,fba40482-fe96-465c-a483-4199fc365d04,2026-07-04 15:19:48,2026-07-04 15:09:30,2026-07-04 15:19:48,2026-07-04 15:10:00,btc-updown-5m-1783177800,Down,0.62,11.0088,17.75612903,17.75612903,6.74732903,508.73480506
256,895265b2-8015-4c76-812f-364a0be92abc,2026-07-04 15:30:03,2026-07-04 15:19:30,2026-07-04 15:30:03,2026-07-04 15:20:00,btc-updown-5m-1783178400,Up,0.49,6.0093,12.26387755,12.26387755,6.25457755,514.98938261
257,7cd4446c-a7f9-41a1-bfcb-916ceb433791,2026-07-04 15:38:14,2026-07-04 15:29:30,2026-07-04 15:38:14,2026-07-04 15:30:00,btc-updown-5m-1783179000,Down,0.51,6.0093,11.78294118,0,-6.0093,508.98008261
258,15961ac1-6aaa-4b5a-863c-3066587e4334,2026-07-04 15:49:36,2026-07-04 15:39:30,2026-07-04 15:49:36,2026-07-04 15:40:00,btc-updown-5m-1783179600,Up,0.48,6.0093,12.519375,12.519375,6.510075,515.49015761
259,666d2878-f45e-4a7a-8087-2b14a8b22f3f,2026-07-04 15:57:17,2026-07-04 15:49:30,2026-07-04 15:57:17,2026-07-04 15:50:00,btc-updown-5m-1783180200,Down,0.55,6.0093,10.926,10.926,4.9167,520.40685761
260,36312878-0831-4802-bab3-ca532c50afad,2026-07-04 16:09:45,2026-07-04 15:59:30,2026-07-04 16:09:45,2026-07-04 16:00:00,btc-updown-5m-1783180800,Up,0.66788829,6.00929997,8.99746269,8.99746269,2.98816272,523.39502033
261,397dc9df-a30a-40df-bea2-b9d18856ad78,2026-07-04 16:19:39,2026-07-04 16:09:30,2026-07-04 16:19:39,2026-07-04 16:10:00,btc-updown-5m-1783181400,Up,0.5,6.0093,12.0186,0,-6.0093,517.38572033
262,665be1e3-3946-4845-8b91-f861afd2966f,2026-07-04 16:25:30,2026-07-04 16:14:30,2026-07-04 16:25:30,2026-07-04 16:15:00,btc-updown-5m-1783181700,Up,0.51,11.0088,21.58588235,21.58588235,10.57708235,527.96280268
263,ceed2840-c0b2-456e-b955-e3feae535827,2026-07-04 16:35:04,2026-07-04 16:24:30,2026-07-04 16:35:04,2026-07-04 16:25:00,btc-updown-5m-1783182300,Up,0.5,6.0093,12.0186,12.0186,6.0093,533.97210268
264,9bf08b2e-1244-4e0b-98d9-704c0778f7de,2026-07-04 16:44:05,2026-07-04 16:34:30,2026-07-04 16:44:05,2026-07-04 16:35:00,btc-updown-5m-1783182900,Down,0.55,6.0093,10.926,0,-6.0093,527.96280268
265,f2e5cc4c-5420-400b-8b23-731abcc7b146,2026-07-04 16:49:17,2026-07-04 16:39:30,2026-07-04 16:49:17,2026-07-04 16:40:00,btc-updown-5m-1783183200,Down,0.53,11.0088,20.77132075,20.77132075,9.76252075,537.72532343
266,f11ac85b-bac5-4664-a64b-08d165741bb2,2026-07-04 16:58:35,2026-07-04 16:49:30,2026-07-04 16:58:35,2026-07-04 16:50:00,btc-updown-5m-1783183800,Up,0.51,6.0093,11.78294118,11.78294118,5.77364118,543.49896461
267,4f6c161f-363c-4724-95a5-2804eade822f,2026-07-04 17:09:42,2026-07-04 16:59:30,2026-07-04 17:09:42,2026-07-04 17:00:00,btc-updown-5m-1783184400,Down,0.52,6.0093,11.55634615,11.55634615,5.54704615,549.04601076
268,00b1d348-17b3-4463-a51f-a352b43d6ccc,2026-07-04 17:20:23,2026-07-04 17:09:30,2026-07-04 17:20:23,2026-07-04 17:10:00,btc-updown-5m-1783185000,Down,0.51,6.0093,11.78294118,11.78294118,5.77364118,554.81965194
269,315fc5e2-dead-4038-b9c4-b8d8c8c04233,2026-07-04 17:27:43,2026-07-04 17:19:30,2026-07-04 17:27:43,2026-07-04 17:20:00,btc-updown-5m-1783185600,Down,0.54,6.0093,11.12833333,0,-6.0093,548.81035194
270,51cca84a-8ef7-4626-a1b3-41a2462c8158,2026-07-04 17:40:32,2026-07-04 17:29:30,2026-07-04 17:40:32,2026-07-04 17:30:00,btc-updown-5m-1783186200,Down,0.51563137,17.0081999,32.98519231,0,-17.0081999,531.80215204
271,2b79069e-e992-4bfa-9b8b-e2d57026f696,2026-07-04 17:45:11,2026-07-04 17:34:30,2026-07-04 17:45:11,2026-07-04 17:35:00,btc-updown-5m-1783186500,Down,0.57440154,22.00769983,38.31413793,0,-22.00769983,509.79445221
272,1c821925-657a-435d-ac31-8c48c510ff86,2026-07-04 17:53:33,2026-07-04 17:44:30,2026-07-04 17:53:33,2026-07-04 17:45:00,btc-updown-5m-1783187100,Up,0.5,6.0093,12.0186,12.0186,6.0093,515.80375221
273,e36aebe1-74a3-453b-b6aa-5e42b43e4d67,2026-07-04 18:03:29,2026-07-04 17:54:30,2026-07-04 18:03:29,2026-07-04 17:55:00,btc-updown-5m-1783187700,Down,0.58,6.0093,10.36086207,10.36086207,4.35156207,520.15531428
274,d3f01c3d-3fd2-4e67-a023-0aaed4070833,2026-07-04 18:14:08,2026-07-04 18:04:30,2026-07-04 18:14:08,2026-07-04 18:05:00,btc-updown-5m-1783188300,Up,0.49,6.0093,12.26387755,0,-6.0093,514.14601428
275,ef6a5b59-ab29-4723-9bec-98e714ae4985,2026-07-04 18:20:03,2026-07-04 18:09:30,2026-07-04 18:20:03,2026-07-04 18:10:00,btc-updown-5m-1783188600,Up,0.49,11.0088,22.46693878,22.46693878,11.45813878,525.60415306
276,218d654e-55ec-4565-88f3-b9592fb22c37,2026-07-04 18:29:45,2026-07-04 18:19:30,2026-07-04 18:29:45,2026-07-04 18:20:00,btc-updown-5m-1783189200,Up,0.48,6.0093,12.519375,0,-6.0093,519.59485306
277,04292f95-0b79-40d3-8bab-49c742d34303,2026-07-04 18:32:54,2026-07-04 18:24:30,2026-07-04 18:32:54,2026-07-04 18:25:00,btc-updown-5m-1783189500,Up,0.5,11.0088,22.0176,22.0176,11.0088,530.60365306
278,6b8e8105-406f-4100-b11c-27b8ad67c7eb,2026-07-04 18:39:58,2026-07-04 18:29:30,2026-07-04 18:39:58,2026-07-04 18:30:00,btc-updown-5m-1783189800,Up,0.5,17.0082,34.0164,0,-17.0082,513.59545306
279,7cb803de-30b7-4dea-878e-e2d5328712be,2026-07-04 18:43:14,2026-07-04 18:34:30,2026-07-04 18:43:14,2026-07-04 18:35:00,btc-updown-5m-1783190100,Up,0.51,22.0077,43.15235294,0,-22.0077,491.58775306
280,2fe55ea8-c176-42e3-b282-87dd0d314aa0,2026-07-04 18:49:42,2026-07-04 18:39:30,2026-07-04 18:49:42,2026-07-04 18:40:00,btc-updown-5m-1783190400,Up,0.5,17.0082,34.0164,34.0164,17.0082,508.59595306
281,68cbbda6-4221-4a36-a295-fdc107e761dd,2026-07-04 18:59:46,2026-07-04 18:49:30,2026-07-04 18:59:46,2026-07-04 18:50:00,btc-updown-5m-1783191000,Up,0.5,6.0093,12.0186,12.0186,6.0093,514.60525306
282,8ccbc8b8-dbc8-40a5-8f04-e5682069c71f,2026-07-04 19:09:57,2026-07-04 18:59:30,2026-07-04 19:09:57,2026-07-04 19:00:00,btc-updown-5m-1783191600,Down,0.5,6.0093,12.0186,0,-6.0093,508.59595306
283,2bc6c088-698a-4346-8a78-bdb19fe9ca9f,2026-07-04 19:15:29,2026-07-04 19:04:30,2026-07-04 19:15:29,2026-07-04 19:05:00,btc-updown-5m-1783191900,Down,0.51,11.0088,21.58588235,0,-11.0088,497.58715306
284,31aba734-a928-4e24-901e-24ec3fc25728,2026-07-04 19:28:38,2026-07-04 19:19:30,2026-07-04 19:28:38,2026-07-04 19:20:00,btc-updown-5m-1783192800,Down,0.52,6.0093,11.55634615,0,-6.0093,491.57785306
285,0cde184d-8611-4929-922d-c90960cb3891,2026-07-04 19:31:52,2026-07-04 19:24:30,2026-07-04 19:31:52,2026-07-04 19:25:00,btc-updown-5m-1783193100,Down,0.54,11.0088,20.38666667,0,-11.0088,480.56905306
286,30b82925-3eb1-4815-b8e0-95cea0d875fc,2026-07-04 19:38:44,2026-07-04 19:29:30,2026-07-04 19:38:44,2026-07-04 19:30:00,btc-updown-5m-1783193400,Down,0.55,17.0082,30.924,0,-17.0082,463.56085306
287,da523cd7-c42a-4963-8411-2000b6fd948a,2026-07-04 19:43:43,2026-07-04 19:34:30,2026-07-04 19:43:43,2026-07-04 19:35:00,btc-updown-5m-1783193700,Down,0.55,22.0077,40.014,40.014,18.0063,481.56715306
288,5b0c2969-3d57-48f4-95d9-7b5214c122f0,2026-07-04 19:50:19,2026-07-04 19:39:30,2026-07-04 19:50:19,2026-07-04 19:40:00,btc-updown-5m-1783194000,Down,0.5,17.0082,34.0164,0,-17.0082,464.55895306
289,7a0a68e1-12f5-40ae-a69d-2de9352adf31,2026-07-04 19:53:03,2026-07-04 19:44:30,2026-07-04 19:53:03,2026-07-04 19:45:00,btc-updown-5m-1783194300,Down,0.53,22.0077,41.52396226,41.52396226,19.51626226,484.07521532
290,8a2f2fbe-4955-48af-bc3d-131be944c24a,2026-07-04 20:00:10,2026-07-04 19:49:30,2026-07-04 20:00:10,2026-07-04 19:50:00,btc-updown-5m-1783194600,Down,0.51,17.0082,33.34941176,33.34941176,16.34121176,500.41642708
291,90532f1f-605a-403e-9278-33d92833f1c1,2026-07-04 20:05:29,2026-07-04 19:54:30,2026-07-04 20:05:29,2026-07-04 19:55:00,btc-updown-5m-1783194900,Down,0.52,22.0077,42.3225,0,-22.0077,478.40872708
292,08e80d47-e89e-4f1c-8eb0-623e94fed962,2026-07-04 20:15:15,2026-07-04 20:04:30,2026-07-04 20:15:15,2026-07-04 20:05:00,btc-updown-5m-1783195500,Down,0.52,33.0066,63.47423077,63.47423077,30.46763077,508.87635785
293,7c1e014e-5c5f-49e0-8251-d9b5a400b529,2026-07-04 20:20:12,2026-07-04 20:09:30,2026-07-04 20:20:12,2026-07-04 20:10:00,btc-updown-5m-1783195800,Down,0.51,28.0071,54.91588235,54.91588235,26.90878235,535.7851402
294,bfe3bf3e-f514-42f6-ad0e-2f5fb3474a77,2026-07-04 20:25:11,2026-07-04 20:14:30,2026-07-04 20:25:11,2026-07-04 20:15:00,btc-updown-5m-1783196100,Down,0.5,33.0066,66.0132,66.0132,33.0066,568.7917402
295,9e1f811f-b54f-4005-93ac-15b4670b7fe5,2026-07-04 20:30:14,2026-07-04 20:19:30,2026-07-04 20:30:14,2026-07-04 20:20:00,btc-updown-5m-1783196400,Down,0.49,28.0071,57.15734694,57.15734694,29.15024694,597.94198714
296,56f0fefa-a49d-40f4-851b-16c99ffa7a9a,2026-07-04 20:39:47,2026-07-04 20:29:30,2026-07-04 20:39:47,2026-07-04 20:30:00,btc-updown-5m-1783197000,Up,0.53,6.0093,11.33830189,11.33830189,5.32900189,603.27098903
297,c2c072c7-2b8c-4212-8ae0-6229b16bfc04,2026-07-04 20:50:48,2026-07-04 20:39:30,2026-07-04 20:50:48,2026-07-04 20:40:00,btc-updown-5m-1783197600,Down,0.5,6.0093,12.0186,0,-6.0093,597.26168903
298,2fa58004-f9ef-493f-9b16-c6b1d9d9a049,2026-07-04 20:54:50,2026-07-04 20:44:30,2026-07-04 20:54:50,2026-07-04 20:45:00,btc-updown-5m-1783197900,Down,0.52,11.0088,21.17076923,0,-11.0088,586.25288903
299,29a56bc2-0b8e-4b87-b69d-daa434306f76,2026-07-04 20:59:44,2026-07-04 20:49:30,2026-07-04 20:59:44,2026-07-04 20:50:00,btc-updown-5m-1783198200,Down,0.53,17.0082,32.0909434,0,-17.0082,569.24468903
300,3c107cce-0c90-4dab-bcf0-1852d8a970e4,2026-07-04 21:10:32,2026-07-04 20:59:30,2026-07-04 21:10:32,2026-07-04 21:00:00,btc-updown-5m-1783198800,Up,0.51,6.0093,11.78294118,11.78294118,5.77364118,575.01833021
301,d6e2830c-025f-45fb-ad66-fab3b39dbbd0,2026-07-04 21:20:10,2026-07-04 21:09:30,2026-07-04 21:20:10,2026-07-04 21:10:00,btc-updown-5m-1783199400,Down,0.5,6.0093,12.0186,0,-6.0093,569.00903021
302,e5261194-c71a-43ed-b6bf-500cd9814fad,2026-07-04 21:23:30,2026-07-04 21:14:30,2026-07-04 21:23:30,2026-07-04 21:15:00,btc-updown-5m-1783199700,Down,0.53,11.0088,20.77132075,0,-11.0088,558.00023021
303,ea4dc19a-c517-494b-b3d8-2fae5755ac93,2026-07-04 21:34:22,2026-07-04 21:24:30,2026-07-04 21:34:22,2026-07-04 21:25:00,btc-updown-5m-1783200300,Down,0.54,6.0093,11.12833333,0,-6.0093,551.99093021
304,14abdd22-8efd-4dd7-9fab-7c2d5fd9f952,2026-07-04 21:43:11,2026-07-04 21:34:30,2026-07-04 21:43:11,2026-07-04 21:35:00,btc-updown-5m-1783200900,Up,0.49,6.0093,12.26387755,0,-6.0093,545.98163021
305,ed296a1d-7fe1-4ebb-852c-84c8c942d903,2026-07-04 21:55:10,2026-07-04 21:44:30,2026-07-04 21:55:10,2026-07-04 21:45:00,btc-updown-5m-1783201500,Up,0.51,6.0093,11.78294118,0,-6.0093,539.97233021
306,79a9f0e2-22c8-47eb-9cfc-695725125581,2026-07-04 22:03:51,2026-07-04 21:54:30,2026-07-04 22:03:51,2026-07-04 21:55:00,btc-updown-5m-1783202100,Down,0.51,6.0093,11.78294118,11.78294118,5.77364118,545.74597139
307,f661dde8-3c89-4172-863d-d003da38bce8,2026-07-04 22:24:48,2026-07-04 22:14:30,2026-07-04 22:24:48,2026-07-04 22:15:00,btc-updown-5m-1783203300,Up,0.51,6.0093,11.78294118,11.78294118,5.77364118,551.51961257
308,34271e8d-83ae-44f2-9f4e-5f37f3da1f7a,2026-07-04 22:34:56,2026-07-04 22:24:30,2026-07-04 22:34:56,2026-07-04 22:25:00,btc-updown-5m-1783203900,Up,0.52,6.0093,11.55634615,11.55634615,5.54704615,557.06665872
309,db2ab416-c58d-4fe9-94ee-15e69adaf7c0,2026-07-04 22:39:47,2026-07-04 22:29:30,2026-07-04 22:39:47,2026-07-04 22:30:00,btc-updown-5m-1783204200,Up,0.52,11.0088,21.17076923,0,-11.0088,546.05785872
310,1f0403a6-caf1-46ea-afbd-674a555ae017,2026-07-04 22:49:36,2026-07-04 22:39:30,2026-07-04 22:49:36,2026-07-04 22:40:00,btc-updown-5m-1783204800,Up,0.51,6.0093,11.78294118,11.78294118,5.77364118,551.8314999
311,d5ccee59-3b80-4fe0-9f91-fdfb3a838338,2026-07-04 22:57:17,2026-07-04 22:49:30,2026-07-04 22:57:17,2026-07-04 22:50:00,btc-updown-5m-1783205400,Up,0.52,6.0093,11.55634615,0,-6.0093,545.8221999
312,12b9f83f-6be4-4828-b066-adbb31c842e8,2026-07-04 23:10:00,2026-07-04 22:59:30,2026-07-04 23:10:00,2026-07-04 23:00:00,btc-updown-5m-1783206000,Up,0.52,6.0093,11.55634615,11.55634615,5.54704615,551.36924605
313,6435306b-6e39-4e48-aab8-a0e6fd6ffd74,2026-07-04 23:13:44,2026-07-04 23:04:30,2026-07-04 23:13:44,2026-07-04 23:05:00,btc-updown-5m-1783206300,Up,0.54,11.0088,20.38666667,20.38666667,9.37786667,560.74711272
314,d3407e97-722d-49b8-88ca-d2b8f3bbe428,2026-07-04 23:24:37,2026-07-04 23:14:30,2026-07-04 23:24:37,2026-07-04 23:15:00,btc-updown-5m-1783206900,Up,0.54,6.0093,11.12833333,11.12833333,5.11903333,565.86614605
315,a34aaefb-da5a-43a7-9328-f94f541995a6,2026-07-04 23:34:41,2026-07-04 23:24:30,2026-07-04 23:34:41,2026-07-04 23:25:00,btc-updown-5m-1783207500,Down,0.51,6.0093,11.78294118,0,-6.0093,559.85684605
316,a1161b6c-3d48-45a9-8c2c-5242e9100991,2026-07-04 23:39:37,2026-07-04 23:29:30,2026-07-04 23:39:37,2026-07-04 23:30:00,btc-updown-5m-1783207800,Down,0.49,11.0088,22.46693878,0,-11.0088,548.84804605
317,13618df3-c4b2-4895-a666-60e4ae7ad95d,2026-07-04 23:44:36,2026-07-04 23:34:30,2026-07-04 23:44:36,2026-07-04 23:35:00,btc-updown-5m-1783208100,Down,0.52,17.0082,32.70807692,32.70807692,15.69987692,564.54792297
318,275d30a1-cdf1-4310-a27b-c6ba734036a0,2026-07-04 23:52:29,2026-07-04 23:44:30,2026-07-04 23:52:29,2026-07-04 23:45:00,btc-updown-5m-1783208700,Down,0.52,6.0093,11.55634615,0,-6.0093,558.53862297
319,e73d1558-341d-47df-844b-032bc1e1fbe6,2026-07-05 00:05:34,2026-07-04 23:54:30,2026-07-05 00:05:34,2026-07-04 23:55:00,btc-updown-5m-1783209300,Up,0.5,6.0093,12.0186,0,-6.0093,552.52932297
320,9b89d3bb-3731-42ac-aa7e-dae4dd85ccbe,2026-07-05 00:10:39,2026-07-04 23:59:30,2026-07-05 00:10:39,2026-07-05 00:00:00,btc-updown-5m-1783209600,Up,0.37,11.0088,29.75351351,0,-11.0088,541.52052297
321,ca8f3d77-3cee-42ab-a569-d22c9dbdf367,2026-07-05 00:15:21,2026-07-05 00:04:30,2026-07-05 00:15:21,2026-07-05 00:05:00,btc-updown-5m-1783209900,Up,0.51,17.0082,33.34941176,0,-17.0082,524.51232297
322,0881d5e5-5782-4e17-bcc0-6a6f3c2fc834,2026-07-05 00:19:35,2026-07-05 00:09:30,2026-07-05 00:19:35,2026-07-05 00:10:00,btc-updown-5m-1783210200,Up,0.5181166,22.00770005,42.47634615,42.47634615,20.4686461,544.98096907
323,613317c1-f89b-4ca8-8dd9-4285cfe389c7,2026-07-05 00:24:45,2026-07-05 00:14:30,2026-07-05 00:24:45,2026-07-05 00:15:00,btc-updown-5m-1783210500,Up,0.53815849,17.0082001,31.60444444,0,-17.0082001,527.97276897
324,513c87d4-23a4-41cf-af7b-796b53a6f469,2026-07-05 00:35:26,2026-07-05 00:24:30,2026-07-05 00:35:26,2026-07-05 00:25:00,btc-updown-5m-1783211100,Up,0.49,6.0093,12.26387755,12.26387755,6.25457755,534.22734652
325,42a960f7-7ff1-4215-9a57-5ac37c77bdac,2026-07-05 00:44:10,2026-07-05 00:34:30,2026-07-05 00:44:10,2026-07-05 00:35:00,btc-updown-5m-1783211700,Up,0.42,6.0093,14.30785714,14.30785714,8.29855714,542.52590366
326,7c185975-a8c6-43c6-9385-0476c4baa7ec,2026-07-05 00:55:23,2026-07-05 00:44:30,2026-07-05 00:55:23,2026-07-05 00:45:00,btc-updown-5m-1783212300,Down,0.46,6.0093,13.06369565,13.06369565,7.05439565,549.58029931
327,242ef206-3bdf-4194-afca-fb99e368ad71,2026-07-05 01:05:05,2026-07-05 00:54:30,2026-07-05 01:05:05,2026-07-05 00:55:00,btc-updown-5m-1783212900,Up,0.5,6.0093,12.0186,0,-6.0093,543.57099931
328,de04db1e-1fa4-464d-8aa5-c64088b56e0e,2026-07-05 01:08:14,2026-07-05 00:59:30,2026-07-05 01:08:14,2026-07-05 01:00:00,btc-updown-5m-1783213200,Up,0.52,11.0088,21.17076923,21.17076923,10.16196923,553.73296854
329,c56bf586-3404-4bb1-93cc-d2aacc782219,2026-07-05 01:16:32,2026-07-05 01:09:30,2026-07-05 01:16:32,2026-07-05 01:10:00,btc-updown-5m-1783213800,Down,0.5,6.0093,12.0186,12.0186,6.0093,559.74226854
330,48a7dc87-939e-44b2-bd37-d41d9ce2edc5,2026-07-05 01:22:11,2026-07-05 01:14:30,2026-07-05 01:22:11,2026-07-05 01:15:00,btc-updown-5m-1783214100,Down,0.5,11.0088,22.0176,22.0176,11.0088,570.75106854
331,52256988-abfe-491f-a007-f805844e5e33,2026-07-05 01:34:05,2026-07-05 01:24:30,2026-07-05 01:34:05,2026-07-05 01:25:00,btc-updown-5m-1783214700,Up,0.55,6.0093,10.926,10.926,4.9167,575.66776854
332,f38fce0e-6060-4ee9-bf23-549564eb14f4,2026-07-05 01:45:05,2026-07-05 01:34:30,2026-07-05 01:45:05,2026-07-05 01:35:00,btc-updown-5m-1783215300,Up,0.54,6.0093,11.12833333,11.12833333,5.11903333,580.78680187
333,cf52db36-8075-4010-aba5-17bed9f1c02c,2026-07-05 01:51:37,2026-07-05 01:44:30,2026-07-05 01:51:37,2026-07-05 01:45:00,btc-updown-5m-1783215900,Down,0.5,6.0093,12.0186,12.0186,6.0093,586.79610187
334,fff3ed08-030b-4daa-b50f-d01a428ff70d,2026-07-05 02:04:44,2026-07-05 01:54:30,2026-07-05 02:04:44,2026-07-05 01:55:00,btc-updown-5m-1783216500,Down,0.51,6.0093,11.78294118,0,-6.0093,580.78680187
335,305fe33d-d62b-48c8-a497-32ab6fb247c6,2026-07-05 02:09:54,2026-07-05 01:59:30,2026-07-05 02:09:54,2026-07-05 02:00:00,btc-updown-5m-1783216800,Down,0.5,11.0088,22.0176,22.0176,11.0088,591.79560187
336,0b7ff722-aceb-4078-9467-e218d8fd76a8,2026-07-05 02:18:38,2026-07-05 02:09:30,2026-07-05 02:18:38,2026-07-05 02:10:00,btc-updown-5m-1783217400,Up,0.55,6.0093,10.926,0,-6.0093,585.78630187
337,b2a98812-825b-41c5-bc7f-ae4e2fe1589c,2026-07-05 02:25:02,2026-07-05 02:14:30,2026-07-05 02:25:02,2026-07-05 02:15:00,btc-updown-5m-1783217700,Up,0.56298367,11.00879997,19.55438596,19.55438596,8.54558599,594.33188786
338,eddc97e2-d0a7-4878-9d3f-b612e18c8150,2026-07-05 02:28:26,2026-07-05 02:19:30,2026-07-05 02:28:26,2026-07-05 02:20:00,btc-updown-5m-1783218000,Up,0.54,17.0082,31.49666667,0,-17.0082,577.32368786
339,c083ed2a-cb04-4d19-87b6-bead5f11dbdd,2026-07-05 02:34:52,2026-07-05 02:24:30,2026-07-05 02:34:52,2026-07-05 02:25:00,btc-updown-5m-1783218300,Up,0.51,22.0077,43.15235294,43.15235294,21.14465294,598.4683408
340,ee215144-6205-4264-92c2-5267f0784365,2026-07-05 02:38:16,2026-07-05 02:29:30,2026-07-05 02:38:16,2026-07-05 02:30:00,btc-updown-5m-1783218600,Up,0.54,17.0082,31.49666667,31.49666667,14.48846667,612.95680747
341,c515e3b7-6563-4f7b-9014-43c8d98423fa,2026-07-05 02:49:37,2026-07-05 02:39:30,2026-07-05 02:49:37,2026-07-05 02:40:00,btc-updown-5m-1783219200,Up,0.51,6.0093,11.78294118,0,-6.0093,606.94750747
342,4a3e650c-7c06-4152-9b14-15ae45029218,2026-07-05 02:54:46,2026-07-05 02:44:30,2026-07-05 02:54:46,2026-07-05 02:45:00,btc-updown-5m-1783219500,Up,0.52,11.0088,21.17076923,0,-11.0088,595.93870747
343,fc6eb63a-537d-4d53-ad36-8bc9cb465ddd,2026-07-05 02:59:53,2026-07-05 02:49:30,2026-07-05 02:59:53,2026-07-05 02:50:00,btc-updown-5m-1783219800,Up,0.51,17.0082,33.34941176,0,-17.0082,578.93050747
344,68412fa0-94c6-400e-a6df-80eb89b2db8c,2026-07-05 03:06:40,2026-07-05 02:59:30,2026-07-05 03:06:40,2026-07-05 03:00:00,btc-updown-5m-1783220400,Down,0.49,6.0093,12.26387755,0,-6.0093,572.92120747
345,88c54c82-29b4-4646-b7a2-e2d50837097e,2026-07-05 03:14:38,2026-07-05 03:04:30,2026-07-05 03:14:38,2026-07-05 03:05:00,btc-updown-5m-1783220700,Down,0.5,11.0088,22.0176,0,-11.0088,561.91240747
346,30d1c6c9-f179-46e1-8107-bfa8648854ba,2026-07-05 03:19:54,2026-07-05 03:09:30,2026-07-05 03:19:54,2026-07-05 03:10:00,btc-updown-5m-1783221000,Down,0.5,17.0082,34.0164,0,-17.0082,544.90420747
347,b20a00f5-1b79-42fd-8db1-358dde301a0c,2026-07-05 03:23:15,2026-07-05 03:14:30,2026-07-05 03:23:15,2026-07-05 03:15:00,btc-updown-5m-1783221300,Down,0.5,22.0077,44.0154,44.0154,22.0077,566.91190747
348,cc4b5273-256d-4ea2-9067-6380ba8c0abf,2026-07-05 03:30:19,2026-07-05 03:19:30,2026-07-05 03:30:19,2026-07-05 03:20:00,btc-updown-5m-1783221600,Down,0.5,17.0082,34.0164,34.0164,17.0082,583.92010747
349,99279332-8ed7-4116-8bf1-7d6a1edd0c44,2026-07-05 03:39:59,2026-07-05 03:29:30,2026-07-05 03:39:59,2026-07-05 03:30:00,btc-updown-5m-1783222200,Up,0.53,6.0093,11.33830189,11.33830189,5.32900189,589.24910936
350,9beb3ace-19f8-48aa-acbc-fe604eab1670,2026-07-05 03:49:55,2026-07-05 03:39:30,2026-07-05 03:49:55,2026-07-05 03:40:00,btc-updown-5m-1783222800,Down,0.5,6.0093,12.0186,12.0186,6.0093,595.25840936
351,25b50897-46a0-4f45-8316-2c76d7ada6d3,2026-07-05 04:00:01,2026-07-05 03:49:30,2026-07-05 04:00:01,2026-07-05 03:50:00,btc-updown-5m-1783223400,Down,0.5,6.0093,12.0186,0,-6.0093,589.24910936
352,138001f3-778f-4840-ba72-fecd7d20b565,2026-07-05 04:10:48,2026-07-05 03:59:30,2026-07-05 04:10:48,2026-07-05 04:00:00,btc-updown-5m-1783224000,Down,0.51,6.0093,11.78294118,11.78294118,5.77364118,595.02275054
353,b85d7ca1-f102-49a9-bf3a-eab02fbca50f,2026-07-05 04:19:53,2026-07-05 04:09:30,2026-07-05 04:19:53,2026-07-05 04:10:00,btc-updown-5m-1783224600,Down,0.5,6.0093,12.0186,0,-6.0093,589.01345054
354,88668ae5-31b1-46a9-bf62-96506ba169c2,2026-07-05 04:21:34,2026-07-05 04:14:30,2026-07-05 04:21:34,2026-07-05 04:15:00,btc-updown-5m-1783224900,Down,0.49,11.0088,22.46693878,0,-11.0088,578.00465054
355,243c33b7-061d-4c4f-adbf-aa3ea6f6c333,2026-07-05 04:30:20,2026-07-05 04:19:30,2026-07-05 04:30:20,2026-07-05 04:20:00,btc-updown-5m-1783225200,Down,0.51,17.0082,33.34941176,0,-17.0082,560.99645054
356,c1732311-c436-4c12-9ec2-48d8a3be0ce1,2026-07-05 04:34:53,2026-07-05 04:24:30,2026-07-05 04:34:53,2026-07-05 04:25:00,btc-updown-5m-1783225500,Down,0.53,22.0077,41.52396226,41.52396226,19.51626226,580.5127128
357,cc7fe5ad-f6e8-4aa7-8d0a-8d9fdde1b0b4,2026-07-05 04:40:22,2026-07-05 04:29:30,2026-07-05 04:40:22,2026-07-05 04:30:00,btc-updown-5m-1783225800,Down,0.52,17.0082,32.70807692,0,-17.0082,563.5045128
358,4a0f2511-3aff-40cc-a1b9-6c165e2a317b,2026-07-05 04:43:55,2026-07-05 04:34:30,2026-07-05 04:43:55,2026-07-05 04:35:00,btc-updown-5m-1783226100,Down,0.52647861,22.00769992,41.80169811,0,-22.00769992,541.49681288
359,51026e5c-65a7-4357-9c4b-111081781a32,2026-07-05 04:49:46,2026-07-05 04:39:30,2026-07-05 04:49:46,2026-07-05 04:40:00,btc-updown-5m-1783226400,Down,0.53,28.0071,52.84358491,0,-28.0071,513.48971288
360,88fadff0-171c-4dbf-ba4a-15722c7f1012,2026-07-05 04:55:29,2026-07-05 04:44:30,2026-07-05 04:55:29,2026-07-05 04:45:00,btc-updown-5m-1783226700,Down,0.54474018,33.00659986,60.59145455,60.59145455,27.58485469,541.07456757
361,158159f9-bb53-47b1-b248-ccecdb02053e,2026-07-05 04:59:17,2026-07-05 04:49:30,2026-07-05 04:59:17,2026-07-05 04:50:00,btc-updown-5m-1783227000,Down,0.5,28.0071,56.0142,56.0142,28.0071,569.08166757
362,c15933f6-7752-4021-af5c-17bb3f4dda1e,2026-07-05 05:04:20,2026-07-05 04:54:30,2026-07-05 05:04:20,2026-07-05 04:55:00,btc-updown-5m-1783227300,Down,0.49,22.0077,44.91367347,0,-22.0077,547.07396757
363,b81f545c-15b5-4464-b293-c57ecb6a4c0e,2026-07-05 05:07:13,2026-07-05 04:59:30,2026-07-05 05:07:13,2026-07-05 05:00:00,btc-updown-5m-1783227600,Down,0.48,28.0071,58.348125,58.348125,30.341025,577.41499257
364,de52d402-529e-44c3-bad9-d0f5775e1849,2026-07-05 05:13:03,2026-07-05 05:04:30,2026-07-05 05:13:03,2026-07-05 05:05:00,btc-updown-5m-1783227900,Down,0.48,22.0077,45.849375,45.849375,23.841675,601.25666757
365,a9aab0be-547c-40cf-9f30-405fab6abb7b,2026-07-05 05:24:10,2026-07-05 05:14:30,2026-07-05 05:24:10,2026-07-05 05:15:00,btc-updown-5m-1783228500,Down,0.5,6.0093,12.0186,0,-6.0093,595.24736757
366,684dabb2-e14f-40fc-8279-7cf1fa598fdf,2026-07-05 05:29:41,2026-07-05 05:19:30,2026-07-05 05:29:41,2026-07-05 05:20:00,btc-updown-5m-1783228800,Down,0.48,11.0088,22.935,22.935,11.9262,607.17356757
367,0f6b8c87-8c3d-4cbe-9a27-8ecc161b960b,2026-07-05 05:39:55,2026-07-05 05:29:30,2026-07-05 05:39:55,2026-07-05 05:30:00,btc-updown-5m-1783229400,Down,0.5,6.0093,12.0186,0,-6.0093,601.16426757
368,2fbf5bb7-c9d7-4044-b0d6-969b16ef5b67,2026-07-05 05:46:01,2026-07-05 05:34:30,2026-07-05 05:46:01,2026-07-05 05:35:00,btc-updown-5m-1783229700,Down,0.5,11.0088,22.0176,22.0176,11.0088,612.17306757
369,b128a523-f17d-4c98-98d8-50c78e5b3799,2026-07-05 05:53:44,2026-07-05 05:44:30,2026-07-05 05:53:44,2026-07-05 05:45:00,btc-updown-5m-1783230300,Up,0.52,6.0093,11.55634615,11.55634615,5.54704615,617.72011372
370,5bf013b8-354e-4554-98dd-2a8954b66cee,2026-07-05 06:06:04,2026-07-05 05:54:30,2026-07-05 06:06:04,2026-07-05 05:55:00,btc-updown-5m-1783230900,Down,0.49,6.0093,12.26387755,12.26387755,6.25457755,623.97469127
371,e6d5ca17-bf1b-444d-9707-4cc37a691400,2026-07-05 06:10:03,2026-07-05 05:59:30,2026-07-05 06:10:03,2026-07-05 06:00:00,btc-updown-5m-1783231200,Down,0.5,11.0088,22.0176,22.0176,11.0088,634.98349127
372,5dba6ad2-bcd2-4186-84c1-715298fb691e,2026-07-05 06:17:10,2026-07-05 06:09:30,2026-07-05 06:17:10,2026-07-05 06:10:00,btc-updown-5m-1783231800,Up,0.51,6.0093,11.78294118,11.78294118,5.77364118,640.75713245
373,2162bcc4-8053-44a0-9e35-610cce7f6ea6,2026-07-05 06:27:25,2026-07-05 06:19:31,2026-07-05 06:27:25,2026-07-05 06:20:00,btc-updown-5m-1783232400,Down,0.49,6.0093,12.26387755,0,-6.0093,634.74783245
374,309242b9-450f-4454-8089-5d698783a371,2026-07-05 06:35:18,2026-07-05 06:24:30,2026-07-05 06:35:18,2026-07-05 06:25:00,btc-updown-5m-1783232700,Down,0.5,11.0088,22.0176,0,-11.0088,623.73903245
375,fedbd4c1-bc37-4839-b7fb-b173f40cb6b5,2026-07-05 06:36:46,2026-07-05 06:29:30,2026-07-05 06:36:46,2026-07-05 06:30:00,btc-updown-5m-1783233000,Down,0.51,17.0082,33.34941176,0,-17.0082,606.73083245
376,a0720560-801c-45d8-8c1b-57fff664f9a0,2026-07-05 06:46:28,2026-07-05 06:34:30,2026-07-05 06:46:28,2026-07-05 06:35:00,btc-updown-5m-1783233300,Down,0.51,22.0077,43.15235294,43.15235294,21.14465294,627.87548539
377,08a1ffb0-ced3-4734-a433-d4e31246935e,2026-07-05 06:48:44,2026-07-05 06:39:30,2026-07-05 06:48:44,2026-07-05 06:40:00,btc-updown-5m-1783233600,Down,0.5,17.0082,34.0164,34.0164,17.0082,644.88368539
378,9804865d-a60c-4022-a3b4-1a1060dd887e,2026-07-05 06:59:49,2026-07-05 06:49:30,2026-07-05 06:59:49,2026-07-05 06:50:00,btc-updown-5m-1783234200,Down,0.5,6.0093,12.0186,0,-6.0093,638.87438539
379,a684421f-4514-4439-afde-6895ca341c6b,2026-07-05 07:06:12,2026-07-05 06:54:30,2026-07-05 07:06:12,2026-07-05 06:55:00,btc-updown-5m-1783234500,Down,0.51,11.0088,21.58588235,21.58588235,10.57708235,649.45146774
380,21c33f5e-8822-4445-a11b-34bdd504dcbb,2026-07-05 07:16:41,2026-07-05 07:09:30,2026-07-05 07:16:41,2026-07-05 07:10:00,btc-updown-5m-1783235400,Up,0.51,11.0088,21.58588235,0,-11.0088,638.44266774
381,2cdfe008-841d-4f2d-9781-ddcf60f546f4,2026-07-05 07:25:14,2026-07-05 07:14:30,2026-07-05 07:25:14,2026-07-05 07:15:00,btc-updown-5m-1783235700,Up,0.51,17.0082,33.34941176,0,-17.0082,621.43446774
382,eb2994f5-edc7-4324-b2e2-c79127a7b38e,2026-07-05 07:34:54,2026-07-05 07:24:30,2026-07-05 07:34:54,2026-07-05 07:25:00,btc-updown-5m-1783236300,Down,0.52,6.0093,11.55634615,11.55634615,5.54704615,626.98151389
383,cd63bb05-1f62-4925-ae2e-8915d17ff938,2026-07-05 07:44:40,2026-07-05 07:34:30,2026-07-05 07:44:40,2026-07-05 07:35:00,btc-updown-5m-1783236900,Down,0.53,6.0093,11.33830189,0,-6.0093,620.97221389
384,21b715f1-674d-4d98-96ed-be5d99ce4f19,2026-07-05 07:49:22,2026-07-05 07:39:30,2026-07-05 07:49:22,2026-07-05 07:40:00,btc-updown-5m-1783237200,Down,0.57,11.0088,19.31368421,0,-11.0088,609.96341389
385,3a519403-4c4c-4942-b84d-8ac16b84a1ba,2026-07-05 07:51:29,2026-07-05 07:44:30,2026-07-05 07:51:29,2026-07-05 07:45:00,btc-updown-5m-1783237500,Down,0.54,17.0082,31.49666667,0,-17.0082,592.95521389
386,98381c4f-9b5a-4690-92a4-16a840076735,2026-07-05 07:58:10,2026-07-05 07:49:30,2026-07-05 07:58:10,2026-07-05 07:50:00,btc-updown-5m-1783237800,Down,0.51,22.0077,43.15235294,0,-22.0077,570.94751389
387,ada1ab58-051b-4f55-9631-a51d9be3b56b,2026-07-05 08:05:03,2026-07-05 07:54:30,2026-07-05 08:05:03,2026-07-05 07:55:00,btc-updown-5m-1783238100,Down,0.5144563,28.00709991,54.44019231,0,-28.00709991,542.94041398
388,c4f45316-dfb5-404b-ada0-ec33b8231656,2026-07-05 08:09:35,2026-07-05 07:59:30,2026-07-05 08:09:35,2026-07-05 08:00:00,btc-updown-5m-1783238400,Down,0.5638738,33.0066002,58.5354386,0,-33.0066002,509.93381378
389,df186db4-4805-4816-8df3-aeaf8f0f432b,2026-07-05 08:13:04,2026-07-05 08:04:30,2026-07-05 08:13:04,2026-07-05 08:05:00,btc-updown-5m-1783238700,Down,0.58,39.006,67.25172414,67.25172414,28.24572414,538.17953792
390,a172975b-f34f-40c6-a0cd-c3ec586ae96d,2026-07-05 08:21:53,2026-07-05 08:14:30,2026-07-05 08:21:53,2026-07-05 08:15:00,btc-updown-5m-1783239300,Down,0.5,39.006,78.012,78.012,39.006,577.18553792
391,84f4557d-451f-46d3-914d-a2de126d33b7,2026-07-05 08:30:57,2026-07-05 08:19:30,2026-07-05 08:30:57,2026-07-05 08:20:00,btc-updown-5m-1783239600,Down,0.53,33.0066,62.27660377,62.27660377,29.27000377,606.45554169
392,2a74415b-e2df-4c5c-ab35-6a17a039e33d,2026-07-05 08:40:05,2026-07-05 08:29:30,2026-07-05 08:40:05,2026-07-05 08:30:00,btc-updown-5m-1783240200,Down,0.47,22.0077,46.82489362,46.82489362,24.81719362,631.27273531
393,a3e093e3-cbfc-4379-91ee-e141b65de24d,2026-07-05 08:43:25,2026-07-05 08:34:30,2026-07-05 08:43:25,2026-07-05 08:35:00,btc-updown-5m-1783240500,Down,0.52,28.0071,53.85980769,0,-28.0071,603.26563531
394,6e72bead-476f-4461-ab49-8c3c3f55c06e,2026-07-05 08:48:21,2026-07-05 08:39:30,2026-07-05 08:48:21,2026-07-05 08:40:00,btc-updown-5m-1783240800,Down,0.5,33.0066,66.0132,66.0132,33.0066,636.27223531
395,2160b691-b28b-4235-bd47-7a0f500886e9,2026-07-05 08:54:40,2026-07-05 08:44:30,2026-07-05 08:54:40,2026-07-05 08:45:00,btc-updown-5m-1783241100,Down,0.45,28.0071,62.238,0,-28.0071,608.26513531
396,469c08d8-a91c-447e-b23d-2054d9217955,2026-07-05 09:00:08,2026-07-05 08:49:30,2026-07-05 09:00:08,2026-07-05 08:50:00,btc-updown-5m-1783241400,Down,0.5,33.0066,66.0132,66.0132,33.0066,641.27173531
397,76deb7b3-9ea0-44dd-a397-5d8d1c00ec8a,2026-07-05 09:02:39,2026-07-05 08:54:30,2026-07-05 09:02:39,2026-07-05 08:55:00,btc-updown-5m-1783241700,Down,0.47,28.0071,59.58957447,59.58957447,31.58247447,672.85420978
398,5ff41456-2044-4088-a0ba-1760569b533e,2026-07-05 09:09:58,2026-07-05 08:59:30,2026-07-05 09:09:58,2026-07-05 09:00:00,btc-updown-5m-1783242000,Down,0.50173818,33.00660022,65.7845098,65.7845098,32.77790958,705.63211936
399,3f7b55a0-0e18-431c-bdb4-fb44f9bf9385,2026-07-05 09:14:52,2026-07-05 09:04:30,2026-07-05 09:14:52,2026-07-05 09:05:00,btc-updown-5m-1783242300,Down,0.48549299,28.00709979,57.68795918,0,-28.00709979,677.62501957
400,9e42fcdb-93d7-4e7e-8b0a-69945279f9f4,2026-07-05 09:25:07,2026-07-05 09:14:30,2026-07-05 09:25:07,2026-07-05 09:15:00,btc-updown-5m-1783242900,Up,0.54,6.0093,11.12833333,0,-6.0093,671.61571957
401,a5a625e6-85a7-4182-b660-2c1cf3334720,2026-07-05 09:29:39,2026-07-05 09:19:30,2026-07-05 09:29:39,2026-07-05 09:20:00,btc-updown-5m-1783243200,Up,0.54,11.0088,20.38666667,0,-11.0088,660.60691957
402,8e817b3b-95c0-412f-a847-0824e50d5ce2,2026-07-05 09:34:48,2026-07-05 09:24:30,2026-07-05 09:34:48,2026-07-05 09:25:00,btc-updown-5m-1783243500,Up,0.55,17.0082,30.924,0,-17.0082,643.59871957
403,13f2c22d-b55f-42f8-9210-864d9b847af7,2026-07-05 09:37:41,2026-07-05 09:29:30,2026-07-05 09:37:41,2026-07-05 09:30:00,btc-updown-5m-1783243800,Up,0.55,22.0077,40.014,0,-22.0077,621.59101957
404,953a6ba6-97e2-411d-a6bd-86817389261d,2026-07-05 09:44:56,2026-07-05 09:34:30,2026-07-05 09:44:56,2026-07-05 09:35:00,btc-updown-5m-1783244100,Up,0.54,17.0082,31.49666667,0,-17.0082,604.58281957
405,f0e7700c-a7e4-4f78-bfad-8ca2989d8c21,2026-07-05 09:48:56,2026-07-05 09:39:30,2026-07-05 09:48:56,2026-07-05 09:40:00,btc-updown-5m-1783244400,Up,0.57,22.0077,38.61,0,-22.0077,582.57511957
406,d571944c-9c2e-4eb7-8d87-d3982a774d34,2026-07-05 09:53:41,2026-07-05 09:44:30,2026-07-05 09:53:41,2026-07-05 09:45:00,btc-updown-5m-1783244700,Up,0.57,28.0071,49.13526316,49.13526316,21.12816316,603.70328273
407,737b2f47-c93d-43e5-85f2-ae29e451b8bf,2026-07-05 09:56:54,2026-07-05 09:49:30,2026-07-05 09:56:54,2026-07-05 09:50:00,btc-updown-5m-1783245000,Up,0.54,22.0077,40.755,0,-22.0077,581.69558273
408,d1d2b175-3d1f-4371-8f5f-9d828c2d6e6f,2026-07-05 10:12:40,2026-07-05 10:04:30,2026-07-05 10:12:40,2026-07-05 10:05:00,btc-updown-5m-1783245900,Down,0.47,11.0088,23.42297872,0,-11.0088,570.68678273
409,370c4916-d6b5-49a2-845d-bd9bee3d6d0a,2026-07-05 10:19:56,2026-07-05 10:09:30,2026-07-05 10:19:56,2026-07-05 10:10:00,btc-updown-5m-1783246200,Down,0.5,17.0082,34.0164,0,-17.0082,553.67858273
410,71fefe90-8caa-49f3-a3c8-c2a42c2d1a63,2026-07-05 10:25:19,2026-07-05 10:14:30,2026-07-05 10:25:19,2026-07-05 10:15:00,btc-updown-5m-1783246500,Down,0.51026204,22.00769991,43.13019231,0,-22.00769991,531.67088282
411,d53c4530-99f4-4345-b4f4-88a95e385477,2026-07-05 10:30:25,2026-07-05 10:19:30,2026-07-05 10:30:25,2026-07-05 10:20:00,btc-updown-5m-1783246800,Down,0.5,28.0071,56.0142,0,-28.0071,503.66378282
412,ba1bdf52-067c-427c-ae65-2fcac5655ee8,2026-07-05 10:34:25,2026-07-05 10:24:30,2026-07-05 10:34:25,2026-07-05 10:25:00,btc-updown-5m-1783247100,Down,0.55,33.0066,60.012,60.012,27.0054,530.66918282
413,9bfcc2fe-a049-46e0-ad10-e13ba05231bf,2026-07-05 10:40:11,2026-07-05 10:29:30,2026-07-05 10:40:11,2026-07-05 10:30:00,btc-updown-5m-1783247400,Down,0.52019495,28.00709981,53.83962264,53.83962264,25.83252283,556.50170565
414,1f0f2863-61ab-4e28-9a38-ae75490287ad,2026-07-05 10:42:25,2026-07-05 10:34:30,2026-07-05 10:42:25,2026-07-05 10:35:00,btc-updown-5m-1783247700,Down,0.51,22.0077,43.15235294,0,-22.0077,534.49400565
415,063d12ec-8eb8-48a0-8062-5d6e75747fa3,2026-07-05 10:49:43,2026-07-05 10:39:30,2026-07-05 10:49:43,2026-07-05 10:40:00,btc-updown-5m-1783248000,Down,0.5,28.0071,56.0142,0,-28.0071,506.48690565
416,a066459d-1f10-40bd-a9f5-90f58f28dea8,2026-07-05 10:55:09,2026-07-05 10:44:30,2026-07-05 10:55:09,2026-07-05 10:45:00,btc-updown-5m-1783248300,Down,0.51,33.0066,64.71882353,0,-33.0066,473.48030565
417,41e1095b-d24c-4a7b-9aa1-0cdcdab80785,2026-07-05 10:59:23,2026-07-05 10:49:30,2026-07-05 10:59:23,2026-07-05 10:50:00,btc-updown-5m-1783248600,Down,0.54,39.006,72.23333333,0,-39.006,434.47430565
418,17e9531f-c5c1-4abf-b684-7f78c31a8b0c,2026-07-05 11:04:57,2026-07-05 10:54:30,2026-07-05 11:04:57,2026-07-05 10:55:00,btc-updown-5m-1783248900,Down,0.5264398,44.0055002,83.59075472,0,-44.0055002,390.46880545
419,211a6239-1c9d-489f-b16f-c8fd3d4d58af,2026-07-05 11:07:14,2026-07-05 10:59:30,2026-07-05 11:07:14,2026-07-05 11:00:00,btc-updown-5m-1783249200,Down,0.53,39.006,73.59622642,73.59622642,34.59022642,425.05903187
420,51a9d93a-a80d-47f7-b4dd-347ff6c3afb3,2026-07-05 11:15:12,2026-07-05 11:04:30,2026-07-05 11:15:12,2026-07-05 11:05:00,btc-updown-5m-1783249500,Down,0.52,33.0066,63.47423077,0,-33.0066,392.05243187
421,9e183357-4148-4163-ab77-50692168b670,2026-07-05 11:20:15,2026-07-05 11:09:30,2026-07-05 11:20:15,2026-07-05 11:10:00,btc-updown-5m-1783249800,Down,0.5,39.006,78.012,78.012,39.006,431.05843187
422,902968d7-2e42-4c6f-816e-b3a871468673,2026-07-05 11:25:12,2026-07-05 11:14:30,2026-07-05 11:25:12,2026-07-05 11:15:00,btc-updown-5m-1783250100,Down,0.51,33.0066,64.71882353,64.71882353,31.71222353,462.7706554
423,6777d7c9-b091-4f86-bbcc-4d7636575d32,2026-07-05 11:30:02,2026-07-05 11:19:30,2026-07-05 11:30:02,2026-07-05 11:20:00,btc-updown-5m-1783250400,Down,0.49,28.0071,57.15734694,57.15734694,29.15024694,491.92090234
424,0c82f474-3bae-45f1-b7ad-f9ca52e1e3ab,2026-07-05 11:39:55,2026-07-05 11:29:30,2026-07-05 11:39:55,2026-07-05 11:30:00,btc-updown-5m-1783251000,Down,0.48,6.0093,12.519375,0,-6.0093,485.91160234
425,c16d54ff-f729-4fe1-980f-fd8d291ce46c,2026-07-05 11:42:28,2026-07-05 11:34:30,2026-07-05 11:42:28,2026-07-05 11:35:00,btc-updown-5m-1783251300,Down,0.52,11.0088,21.17076923,21.17076923,10.16196923,496.07357157
426,79bb40ed-9783-4472-a975-68f7b364f568,2026-07-05 11:54:55,2026-07-05 11:44:30,2026-07-05 11:54:55,2026-07-05 11:45:00,btc-updown-5m-1783251900,Up,0.51,6.0093,11.78294118,0,-6.0093,490.06427157
427,18b67bd4-1221-442a-976f-3539f01ebe1c,2026-07-05 11:58:44,2026-07-05 11:49:30,2026-07-05 11:58:44,2026-07-05 11:50:00,btc-updown-5m-1783252200,Up,0.52,11.0088,21.17076923,0,-11.0088,479.05547157
428,52716e6e-1b41-4e02-9cd7-f9b4341d1576,2026-07-05 12:02:21,2026-07-05 11:54:30,2026-07-05 12:02:21,2026-07-05 11:55:00,btc-updown-5m-1783252500,Up,0.51,17.0082,33.34941176,0,-17.0082,462.04727157
429,36270b97-d8e0-4887-9a45-4c1194eb26e0,2026-07-05 12:14:09,2026-07-05 12:04:30,2026-07-05 12:14:09,2026-07-05 12:05:00,btc-updown-5m-1783253100,Up,0.52,6.0093,11.55634615,0,-6.0093,456.03797157
430,b7c2e500-d126-4e81-9cbf-7746e9c0c4c6,2026-07-05 12:26:17,2026-07-05 12:14:30,2026-07-05 12:26:17,2026-07-05 12:15:00,btc-updown-5m-1783253700,Down,0.49,6.0093,12.26387755,0,-6.0093,450.02867157
431,50416177-3e0f-4dd4-9346-eb5838b38e1b,2026-07-05 12:27:56,2026-07-05 12:19:30,2026-07-05 12:27:56,2026-07-05 12:20:00,btc-updown-5m-1783254000,Down,0.5,11.0088,22.0176,0,-11.0088,439.01987157
432,7873d7b7-6c4c-42c5-b644-ba9ce9aa9b28,2026-07-05 12:34:12,2026-07-05 12:24:30,2026-07-05 12:34:12,2026-07-05 12:25:00,btc-updown-5m-1783254300,Down,0.52,17.0082,32.70807692,0,-17.0082,422.01167157
433,a24f7386-3733-42e9-acd0-8a99ff796411,2026-07-05 12:44:04,2026-07-05 12:34:30,2026-07-05 12:44:04,2026-07-05 12:35:00,btc-updown-5m-1783254900,Up,0.49,6.0093,12.26387755,12.26387755,6.25457755,428.26624912
434,b2870051-eb19-4d0c-96a3-0409714a61e4,2026-07-05 12:55:51,2026-07-05 12:44:30,2026-07-05 12:55:51,2026-07-05 12:45:00,btc-updown-5m-1783255500,Up,0.51,6.0093,11.78294118,11.78294118,5.77364118,434.0398903
435,5bac0936-7f1e-4e6a-8066-2d9b2b050f42,2026-07-05 13:02:06,2026-07-05 12:54:30,2026-07-05 13:02:06,2026-07-05 12:55:00,btc-updown-5m-1783256100,Up,0.51,6.0093,11.78294118,11.78294118,5.77364118,439.81353148
436,b4362d01-fc0b-454e-a6de-5f189b9bdd2a,2026-07-05 13:10:36,2026-07-05 12:59:30,2026-07-05 13:10:36,2026-07-05 13:00:00,btc-updown-5m-1783256400,Up,0.51,11.0088,21.58588235,0,-11.0088,428.80473148
437,2ee542cb-df76-485d-8187-dd3a6f19c958,2026-07-05 13:15:43,2026-07-05 13:04:30,2026-07-05 13:15:43,2026-07-05 13:05:00,btc-updown-5m-1783256700,Up,0.49,17.0082,34.71061224,34.71061224,17.70241224,446.50714372
438,e008e481-2f36-4d32-bf7a-ea8369815222,2026-07-05 13:22:42,2026-07-05 13:14:30,2026-07-05 13:22:42,2026-07-05 13:15:00,btc-updown-5m-1783257300,Up,0.49,6.0093,12.26387755,12.26387755,6.25457755,452.76172127
439,2ab79227-9c53-4944-8ea4-41bc180fc4b7,2026-07-05 13:30:37,2026-07-05 13:19:30,2026-07-05 13:30:37,2026-07-05 13:20:00,btc-updown-5m-1783257600,Up,0.51,11.0088,21.58588235,0,-11.0088,441.75292127
440,089c367e-8050-4680-b31a-9538372996c3,2026-07-05 13:37:33,2026-07-05 13:29:30,2026-07-05 13:37:33,2026-07-05 13:30:00,btc-updown-5m-1783258200,Up,0.52,6.0093,11.55634615,11.55634615,5.54704615,447.29996742
441,25f2fd33-95a3-4a49-95f5-6992dc7f08f8,2026-07-05 13:47:32,2026-07-05 13:39:30,2026-07-05 13:47:32,2026-07-05 13:40:00,btc-updown-5m-1783258800,Down,0.49,6.0093,12.26387755,0,-6.0093,441.29066742
442,a228f639-a577-4aae-91ca-faffd38f3115,2026-07-05 13:54:21,2026-07-05 13:44:30,2026-07-05 13:54:21,2026-07-05 13:45:00,btc-updown-5m-1783259100,Down,0.51,11.0088,21.58588235,0,-11.0088,430.28186742
443,26e5dfc4-3946-47ba-aa22-bffe95e108c8,2026-07-05 14:00:10,2026-07-05 13:49:30,2026-07-05 14:00:10,2026-07-05 13:50:00,btc-updown-5m-1783259400,Down,0.59,17.0082,28.82745763,28.82745763,11.81925763,442.10112505
444,ea1985c8-ec88-47be-bca5-85b4ad7c51d1,2026-07-05 14:06:40,2026-07-05 13:59:30,2026-07-05 14:06:40,2026-07-05 14:00:00,btc-updown-5m-1783260000,Up,0.51,6.0093,11.78294118,0,-6.0093,436.09182505
445,43162805-8abe-40e4-86e7-4b4889067b23,2026-07-05 14:15:25,2026-07-05 14:04:30,2026-07-05 14:15:25,2026-07-05 14:05:00,btc-updown-5m-1783260300,Up,0.63,11.0088,17.47428571,17.47428571,6.46548571,442.55731076
446,525a608a-0fe9-4dc4-9922-18f9ee97b958,2026-07-05 14:24:05,2026-07-05 14:14:30,2026-07-05 14:24:05,2026-07-05 14:15:00,btc-updown-5m-1783260900,Up,0.52,6.0093,11.55634615,0,-6.0093,436.54801076
447,fbab2df1-5da2-4961-a5da-2533002e8b1a,2026-07-05 14:29:03,2026-07-05 14:19:30,2026-07-05 14:29:03,2026-07-05 14:20:00,btc-updown-5m-1783261200,Up,0.53,11.0088,20.77132075,0,-11.0088,425.53921076
448,7b0963ae-5633-45e1-b834-24c5f5f9242b,2026-07-05 14:38:05,2026-07-05 14:29:30,2026-07-05 14:38:05,2026-07-05 14:30:00,btc-updown-5m-1783261800,Down,0.49535907,6.00929995,12.1312,12.1312,6.12190005,431.66111081
449,e466c48d-354d-4ef9-bbbd-cdfcf66999cd,2026-07-05 14:48:21,2026-07-05 14:39:30,2026-07-05 14:48:21,2026-07-05 14:40:00,btc-updown-5m-1783262400,Down,0.62,6.0093,9.69241935,9.69241935,3.68311935,435.34423016
450,9c30c848-e874-4681-ae23-4498777298b3,2026-07-05 15:05:31,2026-07-05 14:54:30,2026-07-05 15:05:31,2026-07-05 14:55:00,btc-updown-5m-1783263300,Up,0.51,11.0088,21.58588235,21.58588235,10.57708235,445.92131251
451,2d706b57-bf23-42e6-b184-ddeef29bd2ba,2026-07-05 15:15:25,2026-07-05 15:04:30,2026-07-05 15:15:25,2026-07-05 15:05:00,btc-updown-5m-1783263900,Down,0.69,6.0093,8.70913043,8.70913043,2.69983043,448.62114294
452,d86e4fd9-9579-4adc-a9ed-4673798185ac,2026-07-05 15:35:45,2026-07-05 15:24:30,2026-07-05 15:35:45,2026-07-05 15:25:00,btc-updown-5m-1783265100,Up,0.55,6.0093,10.926,10.926,4.9167,453.53784294
453,f04cc550-a970-4410-84be-9473d40854fd,2026-07-05 15:42:33,2026-07-05 15:34:30,2026-07-05 15:42:33,2026-07-05 15:35:00,btc-updown-5m-1783265700,Down,0.49,6.0093,12.26387755,12.26387755,6.25457755,459.79242049
454,e2f17425-1c6e-42b2-91bc-35fa9a02be9c,2026-07-05 15:53:47,2026-07-05 15:44:30,2026-07-05 15:53:47,2026-07-05 15:45:00,btc-updown-5m-1783266300,Up,0.58,6.0093,10.36086207,10.36086207,4.35156207,464.14398256
455,e80314cd-01d8-44b7-9264-a27ea8efb5ac,2026-07-05 16:03:12,2026-07-05 15:54:30,2026-07-05 16:03:12,2026-07-05 15:55:00,btc-updown-5m-1783266900,Down,0.5,6.0093,12.0186,12.0186,6.0093,470.15328256
456,e042de2b-837b-45c6-a31c-f51aa33a9607,2026-07-05 16:12:31,2026-07-05 16:04:30,2026-07-05 16:12:31,2026-07-05 16:05:00,btc-updown-5m-1783267500,Down,0.5,6.0093,12.0186,12.0186,6.0093,476.16258256
457,c73d4027-ed99-401c-a8ec-9a67598b6485,2026-07-05 16:24:56,2026-07-05 16:14:30,2026-07-05 16:24:56,2026-07-05 16:15:00,btc-updown-5m-1783268100,Down,0.47,6.0093,12.78574468,0,-6.0093,470.15328256
458,918fb303-712c-490a-a042-964efdc811e5,2026-07-05 16:32:23,2026-07-05 16:24:30,2026-07-05 16:32:23,2026-07-05 16:25:00,btc-updown-5m-1783268700,Up,0.51,6.0093,11.78294118,0,-6.0093,464.14398256
459,c0de1998-55f2-4c25-a057-42888c14887d,2026-07-05 16:36:50,2026-07-05 16:29:30,2026-07-05 16:36:50,2026-07-05 16:30:00,btc-updown-5m-1783269000,Up,0.53,11.0088,20.77132075,20.77132075,9.76252075,473.90650331
460,6c6d0b17-4670-4609-ad83-4f794a20c5bd,2026-07-05 16:47:06,2026-07-05 16:39:30,2026-07-05 16:47:06,2026-07-05 16:40:00,btc-updown-5m-1783269600,Up,0.51,6.0093,11.78294118,11.78294118,5.77364118,479.68014449
461,11244be6-bc6d-4649-bd7b-9ebf7c65208b,2026-07-05 17:00:35,2026-07-05 16:49:30,2026-07-05 17:00:35,2026-07-05 16:50:00,btc-updown-5m-1783270200,Up,0.51,6.0093,11.78294118,0,-6.0093,473.67084449
462,cd390c28-3d9a-4d30-b88f-91b1df8817e7,2026-07-05 17:07:20,2026-07-05 16:59:30,2026-07-05 17:07:20,2026-07-05 17:00:00,btc-updown-5m-1783270800,Down,0.49,6.0093,12.26387755,0,-6.0093,467.66154449
463,b072462b-a3b5-437f-bd45-465fc33d3632,2026-07-05 17:12:20,2026-07-05 17:04:30,2026-07-05 17:12:20,2026-07-05 17:05:00,btc-updown-5m-1783271100,Down,0.52,11.0088,21.17076923,21.17076923,10.16196923,477.82351372
464,78a81551-9086-4756-9771-200b7b22de7b,2026-07-05 17:22:22,2026-07-05 17:14:30,2026-07-05 17:22:22,2026-07-05 17:15:00,btc-updown-5m-1783271700,Up,0.51,6.0093,11.78294118,0,-6.0093,471.81421372
465,bc9f3072-6f09-41df-ab06-529a35e4f03b,2026-07-05 17:30:31,2026-07-05 17:19:30,2026-07-05 17:30:31,2026-07-05 17:20:00,btc-updown-5m-1783272000,Up,0.51,11.0088,21.58588235,21.58588235,10.57708235,482.39129607
466,78e0f9e6-ecd4-4a66-80c5-64e86ae0070f,2026-07-05 17:37:14,2026-07-05 17:29:30,2026-07-05 17:37:14,2026-07-05 17:30:00,btc-updown-5m-1783272600,Up,0.5,6.0093,12.0186,12.0186,6.0093,488.40059607
467,4fdd6093-7cbc-470a-8e1f-3456aae211e2,2026-07-05 17:42:27,2026-07-05 17:34:30,2026-07-05 17:42:27,2026-07-05 17:35:00,btc-updown-5m-1783272900,Up,0.51,11.0088,21.58588235,0,-11.0088,477.39179607
468,a10453f2-5aff-4a1c-80c9-4f18533b8db1,2026-07-05 17:56:13,2026-07-05 17:44:30,2026-07-05 17:56:13,2026-07-05 17:45:00,btc-updown-5m-1783273500,Up,0.54,6.0093,11.12833333,11.12833333,5.11903333,482.5108294
469,a683432d-97ec-4440-852d-89caaabf5df1,2026-07-05 18:03:45,2026-07-05 17:54:30,2026-07-05 18:03:45,2026-07-05 17:55:00,btc-updown-5m-1783274100,Up,0.55,6.0093,10.926,10.926,4.9167,487.4275294
470,1d165756-241c-4675-afe7-d2247e42e515,2026-07-05 18:15:25,2026-07-05 18:04:30,2026-07-05 18:15:25,2026-07-05 18:05:00,btc-updown-5m-1783274700,Down,0.5,6.0093,12.0186,0,-6.0093,481.4182294
471,3f321389-874e-4a22-98ce-026734f3bb02,2026-07-05 18:23:46,2026-07-05 18:14:30,2026-07-05 18:23:46,2026-07-05 18:15:00,btc-updown-5m-1783275300,Up,0.51,6.0093,11.78294118,11.78294118,5.77364118,487.19187058
472,ff341bcd-7e52-49c3-9cc2-c0b607c48749,2026-07-05 18:36:46,2026-07-05 18:24:30,2026-07-05 18:36:46,2026-07-05 18:25:00,btc-updown-5m-1783275900,Down,0.5,6.0093,12.0186,12.0186,6.0093,493.20117058
473,f0578ea9-2bd6-4467-b946-9632103d945a,2026-07-05 18:39:22,2026-07-05 18:29:30,2026-07-05 18:39:22,2026-07-05 18:30:00,btc-updown-5m-1783276200,Down,0.45,11.0088,24.464,0,-11.0088,482.19237058
474,39807b23-9340-42f5-9590-f8a8756eb787,2026-07-06 06:00:40,2026-07-06 05:49:30,2026-07-06 06:00:40,2026-07-06 05:50:00,btc-updown-5m-1783317000,Down,0.5,22.0077,44.0154,0,-22.0077,460.18467058
475,985e47d5-d59f-416e-9c1f-f7e8124485fb,2026-07-06 06:04:55,2026-07-06 05:54:30,2026-07-06 06:04:55,2026-07-06 05:55:00,btc-updown-5m-1783317300,Down,0.50824699,28.00709987,55.10529412,55.10529412,27.09819425,487.28286483
476,471bf6d5-40f0-4f62-a5b4-def3a9f03de6,2026-07-06 06:10:34,2026-07-06 05:59:30,2026-07-06 06:10:34,2026-07-06 06:00:00,btc-updown-5m-1783317600,Down,0.5,22.0077,44.0154,44.0154,22.0077,509.29056483
477,f5c16ee1-6d40-4378-a0f9-f18a95f41dfe,2026-07-06 06:21:35,2026-07-06 06:09:30,2026-07-06 06:21:35,2026-07-06 06:10:00,btc-updown-5m-1783318200,Down,0.49,22.0077,44.91367347,0,-22.0077,487.28286483
478,acf30530-2aec-4221-8385-2f7a49f0e7c8,2026-07-06 06:25:23,2026-07-06 06:14:30,2026-07-06 06:25:23,2026-07-06 06:15:00,btc-updown-5m-1783318500,Down,0.5,17.0082,34.0164,34.0164,17.0082,504.29106483
479,c6a845c4-f761-49b9-882f-3ec21112b16d,2026-07-06 06:30:32,2026-07-06 06:19:30,2026-07-06 06:30:32,2026-07-06 06:20:00,btc-updown-5m-1783318800,Down,0.5,11.0088,22.0176,22.0176,11.0088,515.29986483
480,87ba7f27-c32a-4335-9074-d5dbbbc98fac,2026-07-06 06:37:47,2026-07-06 06:29:31,2026-07-06 06:37:47,2026-07-06 06:30:00,btc-updown-5m-1783319400,Up,0.51,6.0093,11.78294118,0,-6.0093,509.29056483
481,bddfba9f-6f00-4ec5-b54a-643baadd8177,2026-07-06 06:42:31,2026-07-06 06:34:30,2026-07-06 06:42:31,2026-07-06 06:35:00,btc-updown-5m-1783319700,Up,0.51,11.0088,21.58588235,21.58588235,10.57708235,519.86764718
482,af2b30f0-c694-40e2-a30c-7c0dea31998a,2026-07-06 06:55:28,2026-07-06 06:44:30,2026-07-06 06:55:28,2026-07-06 06:45:00,btc-updown-5m-1783320300,Down,0.5,6.0093,12.0186,12.0186,6.0093,525.87694718
483,ebc77cc2-d758-43ce-8d3b-2d15a196f56b,2026-07-06 07:02:32,2026-07-06 06:54:30,2026-07-06 07:02:32,2026-07-06 06:55:00,btc-updown-5m-1783320900,Up,0.52,6.0093,11.55634615,0,-6.0093,519.86764718
484,a062ba96-a27b-4ef2-b96d-8960a0d11a85,2026-07-06 07:15:53,2026-07-06 07:04:31,2026-07-06 07:15:53,2026-07-06 07:05:00,btc-updown-5m-1783321500,Up,0.55,6.0093,10.926,10.926,4.9167,524.78434718
485,bf495c31-26b3-484b-9f0c-cce34857e86d,2026-07-06 07:33:01,2026-07-06 07:24:30,2026-07-06 07:33:01,2026-07-06 07:25:00,btc-updown-5m-1783322700,Down,0.53,6.0093,11.33830189,11.33830189,5.32900189,530.11334907
486,c3941d9a-8d97-48e5-b84e-d9026745f8f9,2026-07-06 07:45:24,2026-07-06 07:34:30,2026-07-06 07:45:24,2026-07-06 07:35:00,btc-updown-5m-1783323300,Down,0.44,6.0093,13.6575,0,-6.0093,524.10404907
487,05f98372-4d5e-48d7-bb5d-64f49dd9f42b,2026-07-06 07:46:46,2026-07-06 07:39:30,2026-07-06 07:46:46,2026-07-06 07:40:00,btc-updown-5m-1783323600,Down,0.52,11.0088,21.17076923,0,-11.0088,513.09524907
488,f9137b8f-0b28-4ad9-84aa-fa2401a1c394,2026-07-06 07:54:55,2026-07-06 07:44:30,2026-07-06 07:54:55,2026-07-06 07:45:00,btc-updown-5m-1783323900,Down,0.51,17.0082,33.34941176,0,-17.0082,496.08704907
489,d5fa8f88-b4ce-440b-8bf3-a5071621d81c,2026-07-06 08:05:37,2026-07-06 07:54:30,2026-07-06 08:05:37,2026-07-06 07:55:00,btc-updown-5m-1783324500,Up,0.49,6.0093,12.26387755,12.26387755,6.25457755,502.34162662
490,e311532d-69fb-44dc-b77c-ebf9c1c4948f,2026-07-06 08:14:16,2026-07-06 08:04:30,2026-07-06 08:14:16,2026-07-06 08:05:00,btc-updown-5m-1783325100,Down,0.51,6.0093,11.78294118,0,-6.0093,496.33232662
491,64a158f8-9aa1-4745-8764-259ecfddbbb1,2026-07-06 08:25:09,2026-07-06 08:14:30,2026-07-06 08:25:09,2026-07-06 08:15:00,btc-updown-5m-1783325700,Up,0.56,6.0093,10.73089286,10.73089286,4.72159286,501.05391948
492,2277bf32-cf8a-42b5-9a90-79eebae0e0f8,2026-07-06 08:30:28,2026-07-06 08:19:30,2026-07-06 08:30:28,2026-07-06 08:20:00,btc-updown-5m-1783326000,Up,0.52,11.0088,21.17076923,21.17076923,10.16196923,511.21588871
493,845d0205-ce5f-490b-9c67-fc2e4cee70dd,2026-07-06 08:34:19,2026-07-06 08:24:30,2026-07-06 08:34:19,2026-07-06 08:25:00,btc-updown-5m-1783326300,Up,0.49,17.0082,34.71061224,34.71061224,17.70241224,528.91830095
494,b5e5d710-7b34-4d3b-8c12-1fab6aacf9e9,2026-07-06 08:42:07,2026-07-06 08:34:30,2026-07-06 08:42:07,2026-07-06 08:35:00,btc-updown-5m-1783326900,Up,0.51,6.0093,11.78294118,0,-6.0093,522.90900095
495,338470ec-6611-4157-8c04-35e254803dff,2026-07-06 08:49:45,2026-07-06 08:39:30,2026-07-06 08:49:45,2026-07-06 08:40:00,btc-updown-5m-1783327200,Up,0.55,11.0088,20.016,20.016,9.0072,531.91620095
496,9f9b91ba-c8ba-44af-8c1a-886fe5f2a2f5,2026-07-06 08:58:54,2026-07-06 08:49:30,2026-07-06 08:58:54,2026-07-06 08:50:00,btc-updown-5m-1783327800,Down,0.52,6.0093,11.55634615,11.55634615,5.54704615,537.4632471
497,975ac893-3b4c-4823-869c-06caf3d985d8,2026-07-06 09:07:26,2026-07-06 08:59:30,2026-07-06 09:07:26,2026-07-06 09:00:00,btc-updown-5m-1783328400,Down,0.5,6.0093,12.0186,12.0186,6.0093,543.4725471
498,784acdd8-f584-4ae7-8053-ae087a739822,2026-07-06 09:19:47,2026-07-06 09:09:30,2026-07-06 09:19:47,2026-07-06 09:10:00,btc-updown-5m-1783329000,Up,0.51,6.0093,11.78294118,0,-6.0093,537.4632471
499,195d4e48-5e96-47a5-98db-ffeda8eb7b04,2026-07-06 09:28:45,2026-07-06 09:19:30,2026-07-06 09:28:45,2026-07-06 09:20:00,btc-updown-5m-1783329600,Down,0.47,6.0093,12.78574468,12.78574468,6.77644468,544.23969178
500,71ccf9a1-9410-4df6-b6a9-d0b89506fca6,2026-07-06 09:38:25,2026-07-06 09:29:30,2026-07-06 09:38:25,2026-07-06 09:30:00,btc-updown-5m-1783330200,Up,0.55,6.0093,10.926,0,-6.0093,538.23039178
501,0e33c6db-8eaa-438a-b8e4-a432e6eabef9,2026-07-06 09:42:19,2026-07-06 09:34:30,2026-07-06 09:42:19,2026-07-06 09:35:00,btc-updown-5m-1783330500,Up,0.57,11.0088,19.31368421,0,-11.0088,527.22159178
502,f2db306e-7162-401b-beae-18c89b197f41,2026-07-06 09:49:52,2026-07-06 09:39:30,2026-07-06 09:49:52,2026-07-06 09:40:00,btc-updown-5m-1783330800,Up,0.57,17.0082,29.83894737,29.83894737,12.83074737,540.05233915
503,eccdada6-9c14-4866-aaa2-ebe3ff31fef2,2026-07-06 09:59:40,2026-07-06 09:49:30,2026-07-06 09:59:40,2026-07-06 09:50:00,btc-updown-5m-1783331400,Up,0.55,6.0093,10.926,10.926,4.9167,544.96903915
504,73161201-d809-4170-99d8-2e45884ecb60,2026-07-06 10:09:26,2026-07-06 09:59:30,2026-07-06 10:09:26,2026-07-06 10:00:00,btc-updown-5m-1783332000,Up,0.55,6.0093,10.926,10.926,4.9167,549.88573915
505,50d2ac18-51e7-4e43-a581-05c79a5bb1b1,2026-07-06 10:19:36,2026-07-06 10:09:30,2026-07-06 10:19:36,2026-07-06 10:10:00,btc-updown-5m-1783332600,Down,0.53,6.0093,11.33830189,0,-6.0093,543.87643915
506,e27a61af-1a43-4269-a230-c049da2f48ea,2026-07-06 10:22:10,2026-07-06 10:14:30,2026-07-06 10:22:10,2026-07-06 10:15:00,btc-updown-5m-1783332900,Down,0.52,11.0088,21.17076923,0,-11.0088,532.86763915
507,1dcc4ab9-e94d-442b-8f77-32ef11b95585,2026-07-06 10:29:53,2026-07-06 10:19:30,2026-07-06 10:29:53,2026-07-06 10:20:00,btc-updown-5m-1783333200,Down,0.54,17.0082,31.49666667,0,-17.0082,515.85943915
508,3a499a0c-5963-4175-9171-9a78fee2919a,2026-07-06 10:34:58,2026-07-06 10:24:30,2026-07-06 10:34:58,2026-07-06 10:25:00,btc-updown-5m-1783333500,Down,0.49,22.0077,44.91367347,0,-22.0077,493.85173915
509,cce22523-aa33-465f-9bed-d2f086dba2a6,2026-07-06 10:39:39,2026-07-06 10:29:30,2026-07-06 10:39:39,2026-07-06 10:30:00,btc-updown-5m-1783333800,Down,0.53,28.0071,52.84358491,0,-28.0071,465.84463915
510,a88e9532-1344-48a3-91d0-a2ad538601a0,2026-07-06 10:42:09,2026-07-06 10:34:30,2026-07-06 10:42:09,2026-07-06 10:35:00,btc-updown-5m-1783334100,Down,0.58273318,33.00659993,56.64101695,0,-33.00659993,432.83803922
511,29ce2205-bc77-409d-b61c-4681d3dd57d5,2026-07-06 10:50:37,2026-07-06 10:39:30,2026-07-06 10:50:37,2026-07-06 10:40:00,btc-updown-5m-1783334400,Down,0.55,39.006,70.92,70.92,31.914,464.75203922
512,b57ff952-c91e-44d6-ac26-2b9803831366,2026-07-06 10:56:48,2026-07-06 10:44:30,2026-07-06 10:56:48,2026-07-06 10:45:00,btc-updown-5m-1783334700,Down,0.47,33.0066,70.22680851,70.22680851,37.22020851,501.97224773
513,244a2c1c-8d6a-4893-8a32-ae87bc4a1b76,2026-07-06 11:00:21,2026-07-06 10:49:30,2026-07-06 11:00:21,2026-07-06 10:50:00,btc-updown-5m-1783335000,Down,0.49,28.0071,57.15734694,57.15734694,29.15024694,531.12249467
514,ee79706e-8def-40ff-953c-aea78bff2e96,2026-07-06 11:05:34,2026-07-06 10:54:30,2026-07-06 11:05:34,2026-07-06 10:55:00,btc-updown-5m-1783335300,Down,0.48,33.0066,68.76375,68.76375,35.75715,566.87964467
515,5332256d-b4fb-422a-be8d-104952d496e0,2026-07-06 11:07:06,2026-07-06 10:59:30,2026-07-06 11:07:06,2026-07-06 11:00:00,btc-updown-5m-1783335600,Down,0.5,28.0071,56.0142,0,-28.0071,538.87254467
516,a9bc3c7c-701e-42f5-8635-3229e829e90c,2026-07-06 11:15:51,2026-07-06 11:04:30,2026-07-06 11:15:51,2026-07-06 11:05:00,btc-updown-5m-1783335900,Down,0.51,33.0066,64.71882353,64.71882353,31.71222353,570.5847682
517,957c1153-3d21-414e-814f-b91222761478,2026-07-06 11:17:56,2026-07-06 11:09:30,2026-07-06 11:17:56,2026-07-06 11:10:00,btc-updown-5m-1783336200,Down,0.5,28.0071,56.0142,56.0142,28.0071,598.5918682
518,a8ca067f-108f-4584-bb00-b9936c5c1f9f,2026-07-06 11:24:08,2026-07-06 11:14:30,2026-07-06 11:24:08,2026-07-06 11:15:00,btc-updown-5m-1783336500,Down,0.49,22.0077,44.91367347,0,-22.0077,576.5841682
519,973908f0-0e22-4ed5-bfa9-d728ffb06078,2026-07-06 11:27:12,2026-07-06 11:19:30,2026-07-06 11:27:12,2026-07-06 11:20:00,btc-updown-5m-1783336800,Down,0.5,28.0071,56.0142,0,-28.0071,548.5770682
520,dab43581-ac2e-4128-a267-717ef361552e,2026-07-06 11:36:50,2026-07-06 11:24:30,2026-07-06 11:36:50,2026-07-06 11:25:00,btc-updown-5m-1783337100,Down,0.5,33.0066,66.0132,0,-33.0066,515.5704682
521,14fb6d1b-6c08-4bae-912f-63d85c1e61d8,2026-07-06 11:40:24,2026-07-06 11:29:30,2026-07-06 11:40:24,2026-07-06 11:30:00,btc-updown-5m-1783337400,Down,0.50321156,39.00600006,77.51411765,0,-39.00600006,476.56446814
522,5d783683-f3da-4757-975a-44034320e18e,2026-07-06 11:42:20,2026-07-06 11:34:30,2026-07-06 11:42:20,2026-07-06 11:35:00,btc-updown-5m-1783337700,Down,0.55,44.0055,80.01,80.01,36.0045,512.56896814
523,a4616994-fc25-49dd-b74d-5d84ca070a20,2026-07-06 11:48:23,2026-07-06 11:39:30,2026-07-06 11:48:23,2026-07-06 11:40:00,btc-updown-5m-1783338000,Down,0.53,39.006,73.59622642,0,-39.006,473.56296814
524,b8a853eb-f503-47f0-870e-ac1cdc44242b,2026-07-06 11:52:20,2026-07-06 11:44:30,2026-07-06 11:52:20,2026-07-06 11:45:00,btc-updown-5m-1783338300,Down,0.50671711,44.00549967,86.84431373,86.84431373,42.83881406,516.4017822
525,56d7cde2-6107-4cc6-bf0d-daff3ae2f5f2,2026-07-06 11:57:16,2026-07-06 11:49:30,2026-07-06 11:57:16,2026-07-06 11:50:00,btc-updown-5m-1783338600,Down,0.53,39.006,73.59622642,73.59622642,34.59022642,550.99200862
526,e0cf9c13-8795-4ec2-8411-fc89f0b9c5d0,2026-07-06 12:05:17,2026-07-06 11:54:30,2026-07-06 12:05:17,2026-07-06 11:55:00,btc-updown-5m-1783338900,Down,0.5,33.0066,66.0132,66.0132,33.0066,583.99860862
527,08fc4b21-544c-42e9-9236-9d3a3675e591,2026-07-06 12:08:12,2026-07-06 11:59:30,2026-07-06 12:08:12,2026-07-06 12:00:00,btc-updown-5m-1783339200,Down,0.46,28.0071,60.885,60.885,32.8779,616.87650862
528,44a04973-f509-46b3-84c1-2973adeaff2c,2026-07-06 12:19:18,2026-07-06 12:09:30,2026-07-06 12:19:18,2026-07-06 12:10:00,btc-updown-5m-1783339800,Down,0.48,6.0093,12.519375,12.519375,6.510075,623.38658362
529,751271b5-627b-4fba-9f2d-a4f165adddf0,2026-07-06 12:24:42,2026-07-06 12:14:30,2026-07-06 12:24:42,2026-07-06 12:15:00,btc-updown-5m-1783340100,Down,0.47,11.0088,23.42297872,0,-11.0088,612.37778362
530,ef4a08da-13e7-46d2-97db-1ca81acedf26,2026-07-06 12:29:25,2026-07-06 12:19:30,2026-07-06 12:29:25,2026-07-06 12:20:00,btc-updown-5m-1783340400,Down,0.49,17.0082,34.71061224,34.71061224,17.70241224,630.08019586
531,af600416-75fc-428d-b9a6-b15c18d22638,2026-07-06 12:39:58,2026-07-06 12:29:30,2026-07-06 12:39:58,2026-07-06 12:30:00,btc-updown-5m-1783341000,Down,0.5,6.0093,12.0186,0,-6.0093,624.07089586
532,3dd3ffe4-614e-4142-ab2f-645f38582301,2026-07-06 12:45:08,2026-07-06 12:34:30,2026-07-06 12:45:08,2026-07-06 12:35:00,btc-updown-5m-1783341300,Down,0.49,11.0088,22.46693878,22.46693878,11.45813878,635.52903464
533,7175f122-7fbd-4fbc-90f1-e85b464313b1,2026-07-06 12:54:59,2026-07-06 12:44:30,2026-07-06 12:54:59,2026-07-06 12:45:00,btc-updown-5m-1783341900,Up,0.54,6.0093,11.12833333,0,-6.0093,629.51973464
534,c7d9a51e-002e-4c25-99ce-72cd4a8cb904,2026-07-06 13:01:11,2026-07-06 12:49:30,2026-07-06 13:01:11,2026-07-06 12:50:00,btc-updown-5m-1783342200,Up,0.56,11.0088,19.65857143,19.65857143,8.64977143,638.16950607
535,f1c2c091-d8b0-4fc2-8067-19a366abd911,2026-07-06 13:09:50,2026-07-06 12:59:30,2026-07-06 13:09:50,2026-07-06 13:00:00,btc-updown-5m-1783342800,Up,0.51570908,6.00930005,11.6525,0,-6.00930005,632.16020602
536,d486f968-9f7c-4398-8c98-3639a6ba0603,2026-07-06 13:15:02,2026-07-06 13:04:30,2026-07-06 13:15:02,2026-07-06 13:05:00,btc-updown-5m-1783343100,Up,0.56742287,11.00880006,19.40140351,19.40140351,8.39260345,640.55280947
537,e369288d-6efa-40d5-84ff-54b53dd6bc81,2026-07-06 13:25:12,2026-07-06 13:14:30,2026-07-06 13:25:12,2026-07-06 13:15:00,btc-updown-5m-1783343700,Up,0.52,6.0093,11.55634615,0,-6.0093,634.54350947
538,bd2da182-8eeb-4a90-9b12-ca56c9952d30,2026-07-06 13:31:00,2026-07-06 13:19:30,2026-07-06 13:31:00,2026-07-06 13:20:00,btc-updown-5m-1783344000,Up,0.54,11.0088,20.38666667,20.38666667,9.37786667,643.92137614
539,fd278f47-cb19-4eb0-8bbe-29fad344b1d2,2026-07-06 13:39:39,2026-07-06 13:29:30,2026-07-06 13:39:39,2026-07-06 13:30:00,btc-updown-5m-1783344600,Up,0.55,6.0093,10.926,10.926,4.9167,648.83807614
540,1577f1a9-191d-4f6f-9c34-603f0adbed24,2026-07-06 13:48:36,2026-07-06 13:39:30,2026-07-06 13:48:36,2026-07-06 13:40:00,btc-updown-5m-1783345200,Up,0.54,6.0093,11.12833333,11.12833333,5.11903333,653.95710947
541,1055d656-6373-45ce-8eff-a4668d7a9296,2026-07-06 13:59:56,2026-07-06 13:49:30,2026-07-06 13:59:56,2026-07-06 13:50:00,btc-updown-5m-1783345800,Down,0.52,6.0093,11.55634615,0,-6.0093,647.94780947
542,2000b3c6-6e30-4580-a50f-46582a3e47b1,2026-07-06 14:02:40,2026-07-06 13:54:30,2026-07-06 14:02:40,2026-07-06 13:55:00,btc-updown-5m-1783346100,Down,0.54,11.0088,20.38666667,20.38666667,9.37786667,657.32567614
543,24640072-64c7-4e8b-ab52-e4d3b9d6c00a,2026-07-06 14:13:56,2026-07-06 14:04:30,2026-07-06 14:13:56,2026-07-06 14:05:00,btc-updown-5m-1783346700,Down,0.49,6.0093,12.26387755,0,-6.0093,651.31637614
544,78679f77-7b86-42ff-9571-49b9236bf736,2026-07-06 14:19:48,2026-07-06 14:09:30,2026-07-06 14:19:48,2026-07-06 14:10:00,btc-updown-5m-1783347000,Down,0.5,11.0088,22.0176,0,-11.0088,640.30757614
545,0c1fc2f6-d7c2-47d2-b024-25e004b09f1e,2026-07-06 14:24:50,2026-07-06 14:14:30,2026-07-06 14:24:50,2026-07-06 14:15:00,btc-updown-5m-1783347300,Down,0.51,17.0082,33.34941176,33.34941176,16.34121176,656.6487879
546,207bed20-42b8-4608-b726-98b1dec17e7d,2026-07-06 14:39:47,2026-07-06 14:29:30,2026-07-06 14:39:47,2026-07-06 14:30:00,btc-updown-5m-1783348200,Down,0.5,11.0088,22.0176,22.0176,11.0088,667.6575879
547,ee66979b-4f4c-4606-9f87-0ee90b9a1d05,2026-07-06 14:49:41,2026-07-06 14:39:30,2026-07-06 14:49:41,2026-07-06 14:40:00,btc-updown-5m-1783348800,Down,0.5,6.0093,12.0186,12.0186,6.0093,673.6668879
548,c6a5fc4a-fddd-44a3-8738-9be7f502b674,2026-07-06 14:54:44,2026-07-06 14:44:30,2026-07-06 14:54:44,2026-07-06 14:45:00,btc-updown-5m-1783349100,Down,0.5,11.0088,22.0176,22.0176,11.0088,684.6756879
549,f0623688-b3b1-45f1-8b7e-9ce439ebee4a,2026-07-06 15:04:36,2026-07-06 14:54:30,2026-07-06 15:04:36,2026-07-06 14:55:00,btc-updown-5m-1783349700,Down,0.49,6.0093,12.26387755,0,-6.0093,678.6663879
550,9e699784-1e5c-48b7-8fe4-e657406deec0,2026-07-06 15:14:43,2026-07-06 15:04:30,2026-07-06 15:14:43,2026-07-06 15:05:00,btc-updown-5m-1783350300,Down,0.52,6.0093,11.55634615,0,-6.0093,672.6570879
551,51e71f24-2430-453b-b039-26e104ea4351,2026-07-06 15:20:23,2026-07-06 15:09:30,2026-07-06 15:20:23,2026-07-06 15:10:00,btc-updown-5m-1783350600,Down,0.56,11.0088,19.65857143,0,-11.0088,661.6482879
552,0622a510-d52a-42a0-9a29-850638c97463,2026-07-06 15:30:20,2026-07-06 15:14:30,2026-07-06 15:30:20,2026-07-06 15:15:00,btc-updown-5m-1783350900,Down,0.53,17.0082,32.0909434,32.0909434,15.0827434,676.7310313
553,301be2aa-7fb8-4d2b-bf36-2735d85960de,2026-07-06 15:35:35,2026-07-06 15:24:30,2026-07-06 15:35:35,2026-07-06 15:25:00,btc-updown-5m-1783351500,Up,0.5,6.0093,12.0186,12.0186,6.0093,682.7403313
554,82a6c1ae-3a12-41a6-a2f3-7e3b9e685e77,2026-07-06 15:45:15,2026-07-06 15:34:30,2026-07-06 15:45:15,2026-07-06 15:35:00,btc-updown-5m-1783352100,Up,0.5,6.0093,12.0186,12.0186,6.0093,688.7496313
555,0b374c6c-4c09-4479-ba14-b89cf3f703fb,2026-07-06 16:10:32,2026-07-06 15:44:30,2026-07-06 16:10:32,2026-07-06 15:45:00,btc-updown-5m-1783352700,Down,0.58,6.0093,10.36086207,10.36086207,4.35156207,693.10119337
556,7ad60314-db91-40b6-9cf2-ec172e64ee80,2026-07-06 16:11:02,2026-07-06 15:54:30,2026-07-06 16:11:02,2026-07-06 15:55:00,btc-updown-5m-1783353300,Down,0.55,6.0093,10.926,0,-6.0093,687.09189337
557,540fa450-1e54-4cf8-8388-8b68ad40216f,2026-07-06 16:11:27,2026-07-06 15:59:30,2026-07-06 16:11:27,2026-07-06 16:00:00,btc-updown-5m-1783353600,Down,0.51,11.0088,21.58588235,21.58588235,10.57708235,697.66897572
558,1eb803e2-ae6f-4007-9e3f-a17dbe0d3ce0,2026-07-06 16:21:05,2026-07-06 16:09:30,2026-07-06 16:21:05,2026-07-06 16:10:00,btc-updown-5m-1783354200,Down,0.58,6.0093,10.36086207,0,-6.0093,691.65967572
559,dd7f14d5-66b2-459c-b2f0-b2166b30f51f,2026-07-06 16:22:58,2026-07-06 16:14:30,2026-07-06 16:22:58,2026-07-06 16:15:00,btc-updown-5m-1783354500,Down,0.54,11.0088,20.38666667,20.38666667,9.37786667,701.03754239
560,1f290ac6-a34b-49ad-a3bd-2683b88891d0,2026-07-06 16:35:08,2026-07-06 16:24:30,2026-07-06 16:35:08,2026-07-06 16:25:00,btc-updown-5m-1783355100,Up,0.49,6.0093,12.26387755,0,-6.0093,695.02824239
561,e57debdf-a9a5-4b6e-850e-14db67fa2ef9,2026-07-06 16:44:36,2026-07-06 16:34:30,2026-07-06 16:44:36,2026-07-06 16:35:00,btc-updown-5m-1783355700,Up,0.49,6.0093,12.26387755,12.26387755,6.25457755,701.28281994
562,c716ba04-e11d-4011-9e15-e411183eff12,2026-07-06 16:54:29,2026-07-06 16:44:30,2026-07-06 16:54:29,2026-07-06 16:45:00,btc-updown-5m-1783356300,Down,0.53,6.0093,11.33830189,11.33830189,5.32900189,706.61182183
563,bc018da3-ca9a-4b6c-9be5-70dd2a3dcb7d,2026-07-06 17:02:38,2026-07-06 16:54:30,2026-07-06 17:02:38,2026-07-06 16:55:00,btc-updown-5m-1783356900,Down,0.52,6.0093,11.55634615,0,-6.0093,700.60252183
564,9826e4c8-179b-4e80-a9dc-fb971eeb1c89,2026-07-06 17:12:25,2026-07-06 17:04:30,2026-07-06 17:12:25,2026-07-06 17:05:00,btc-updown-5m-1783357500,Down,0.52,6.0093,11.55634615,0,-6.0093,694.59322183
565,3bd73db9-7c9b-4d9b-b097-9a322c5c8953,2026-07-06 17:17:29,2026-07-06 17:09:30,2026-07-06 17:17:29,2026-07-06 17:10:00,btc-updown-5m-1783357800,Down,0.53,11.0088,20.77132075,20.77132075,9.76252075,704.35574258
566,953a045a-72a5-4666-8470-56a025d5d82f,2026-07-06 17:27:43,2026-07-06 17:19:30,2026-07-06 17:27:43,2026-07-06 17:20:00,btc-updown-5m-1783358400,Down,0.53,6.0093,11.33830189,11.33830189,5.32900189,709.68474447
567,f79f62ec-8d1e-4806-9efa-d5d1809b2fab,2026-07-06 17:39:28,2026-07-06 17:29:30,2026-07-06 17:39:28,2026-07-06 17:30:00,btc-updown-5m-1783359000,Down,0.52,6.0093,11.55634615,11.55634615,5.54704615,715.23179062
568,f5be3758-ec3c-41cd-898f-026812fe734b,2026-07-06 17:49:53,2026-07-06 17:39:30,2026-07-06 17:49:53,2026-07-06 17:40:00,btc-updown-5m-1783359600,Up,0.49,6.0093,12.26387755,0,-6.0093,709.22249062
569,592c4897-9ffa-42e5-bf0f-14d82baa297f,2026-07-06 17:52:24,2026-07-06 17:44:30,2026-07-06 17:52:24,2026-07-06 17:45:00,btc-updown-5m-1783359900,Up,0.51,11.0088,21.58588235,0,-11.0088,698.21369062
570,8be82202-1fde-4e2d-bdb8-104223d9e381,2026-07-06 17:59:31,2026-07-06 17:49:30,2026-07-06 17:59:31,2026-07-06 17:50:00,btc-updown-5m-1783360200,Up,0.53,17.0082,32.0909434,0,-17.0082,681.20549062
571,db5b9dcf-5859-4c18-9754-168fb814a819,2026-07-06 18:05:41,2026-07-06 17:54:30,2026-07-06 18:05:41,2026-07-06 17:55:00,btc-updown-5m-1783360500,Up,0.51,22.0077,43.15235294,0,-22.0077,659.19779062
572,a941ed42-02e6-434e-bbe1-e6235485d909,2026-07-06 18:09:30,2026-07-06 17:59:30,2026-07-06 18:09:30,2026-07-06 18:00:00,btc-updown-5m-1783360800,Up,0.54,28.0071,51.865,51.865,23.8579,683.05569062
573,09f90211-2fb6-40e4-b509-47504e5ed37e,2026-07-06 18:12:09,2026-07-06 18:04:30,2026-07-06 18:12:09,2026-07-06 18:05:00,btc-updown-5m-1783361100,Up,0.51,22.0077,43.15235294,0,-22.0077,661.04799062
574,73ac3f78-608f-4a45-ad8d-163754a1e78a,2026-07-06 18:17:11,2026-07-06 18:09:30,2026-07-06 18:17:11,2026-07-06 18:10:00,btc-updown-5m-1783361400,Up,0.51,28.0071,54.91588235,54.91588235,26.90878235,687.95677297
575,9bddb4e9-53ab-4a5a-9a78-9416796882e3,2026-07-06 18:23:02,2026-07-06 18:14:30,2026-07-06 18:23:02,2026-07-06 18:15:00,btc-updown-5m-1783361700,Up,0.49,22.0077,44.91367347,0,-22.0077,665.94907297
576,dc355ee5-7d63-4238-b760-0fbf1609d17e,2026-07-06 18:27:24,2026-07-06 18:19:30,2026-07-06 18:27:24,2026-07-06 18:20:00,btc-updown-5m-1783362000,Up,0.49,28.0071,57.15734694,57.15734694,29.15024694,695.09931991
577,4e1d57f3-58ee-4d82-b153-e497dd1d5fa1,2026-07-06 18:31:52,2026-07-06 18:24:30,2026-07-06 18:31:52,2026-07-06 18:25:00,btc-updown-5m-1783362300,Up,0.5,22.0077,44.0154,0,-22.0077,673.09161991
578,5fdfaff4-650c-43e8-bb0d-e21888948e33,2026-07-06 18:40:33,2026-07-06 18:29:30,2026-07-06 18:40:33,2026-07-06 18:30:00,btc-updown-5m-1783362600,Up,0.49,28.0071,57.15734694,0,-28.0071,645.08451991
579,6bed9a91-2be6-4a7f-ac4e-484e06069974,2026-07-06 18:42:10,2026-07-06 18:34:30,2026-07-06 18:42:10,2026-07-06 18:35:00,btc-updown-5m-1783362900,Up,0.51,33.0066,64.71882353,64.71882353,31.71222353,676.79674344
580,796b3e47-8fd9-4d06-be56-9c523f875ea3,2026-07-06 18:50:20,2026-07-06 18:39:30,2026-07-06 18:50:20,2026-07-06 18:40:00,btc-updown-5m-1783363200,Up,0.5,28.0071,56.0142,0,-28.0071,648.78964344
581,fdee37ae-96a9-45a2-83d0-71aa831c380a,2026-07-06 18:52:16,2026-07-06 18:44:30,2026-07-06 18:52:16,2026-07-06 18:45:00,btc-updown-5m-1783363500,Up,0.51,33.0066,64.71882353,0,-33.0066,615.78304344
582,c37bed03-d34f-4709-8ab7-59b736f39b37,2026-07-06 18:57:30,2026-07-06 18:49:30,2026-07-06 18:57:30,2026-07-06 18:50:00,btc-updown-5m-1783363800,Up,0.51,39.006,76.48235294,0,-39.006,576.77704344
583,befc80ce-e88d-4475-a60f-62231cd97578,2026-07-06 19:02:23,2026-07-06 18:54:30,2026-07-06 19:02:23,2026-07-06 18:55:00,btc-updown-5m-1783364100,Up,0.51,33.0066,64.71882353,0,-33.0066,543.77044344
584,8902da4f-5edd-449b-af89-e4a2e5f400b7,2026-07-06 19:06:53,2026-07-06 18:59:30,2026-07-06 19:06:53,2026-07-06 19:00:00,btc-updown-5m-1783364400,Up,0.51,39.006,76.48235294,0,-39.006,504.76444344
585,a5b13fe4-7aad-4373-9c8e-90e3958492c2,2026-07-06 19:11:34,2026-07-06 19:04:30,2026-07-06 19:11:34,2026-07-06 19:05:00,btc-updown-5m-1783364700,Up,0.51,44.0055,86.28529412,86.28529412,42.27979412,547.04423756
586,0660c3aa-d9b8-4490-a393-263f6dbe2251,2026-07-06 19:21:01,2026-07-06 19:09:30,2026-07-06 19:21:01,2026-07-06 19:10:00,btc-updown-5m-1783365000,Up,0.51,39.006,76.48235294,76.48235294,37.47635294,584.5205905
587,4ced25e6-26d1-46fc-b62a-f92d3e05d8c3,2026-07-06 19:25:59,2026-07-06 19:14:30,2026-07-06 19:25:59,2026-07-06 19:15:00,btc-updown-5m-1783365300,Up,0.51,33.0066,64.71882353,64.71882353,31.71222353,616.23281403
588,cd25e105-0a0a-40f9-b61f-ec206c2ac10c,2026-07-06 19:29:46,2026-07-06 19:19:30,2026-07-06 19:29:46,2026-07-06 19:20:00,btc-updown-5m-1783365600,Up,0.48,28.0071,58.348125,58.348125,30.341025,646.57383903
589,5f0880e4-1928-4dab-9abe-df83a9adb760,2026-07-06 19:40:15,2026-07-06 19:29:30,2026-07-06 19:40:15,2026-07-06 19:30:00,btc-updown-5m-1783366200,Up,0.5,6.0093,12.0186,0,-6.0093,640.56453903
590,2503d2df-c98c-416a-9634-ff4a1ca3cbbe,2026-07-06 19:45:29,2026-07-06 19:34:30,2026-07-06 19:45:29,2026-07-06 19:35:00,btc-updown-5m-1783366500,Up,0.5,11.0088,22.0176,0,-11.0088,629.55573903
591,8013f115-6978-4219-97d8-f1852a079a6c,2026-07-06 19:50:17,2026-07-06 19:39:30,2026-07-06 19:50:17,2026-07-06 19:40:00,btc-updown-5m-1783366800,Up,0.51,17.0082,33.34941176,33.34941176,16.34121176,645.89695079
592,abdc5163-b57f-4870-bab3-9d99dbf52afa,2026-07-06 19:56:54,2026-07-06 19:49:30,2026-07-06 19:56:54,2026-07-06 19:50:00,btc-updown-5m-1783367400,Down,0.51,6.0093,11.78294118,11.78294118,5.77364118,651.67059197
593,1d1e6342-3484-4f32-b870-51bbe48a2c05,2026-07-06 20:02:06,2026-07-06 19:54:30,2026-07-06 20:02:06,2026-07-06 19:55:00,btc-updown-5m-1783367700,Down,0.5,11.0088,22.0176,22.0176,11.0088,662.67939197
594,012b8389-7c3e-4d49-af3e-10fd479af7d1,2026-07-06 20:22:05,2026-07-06 20:14:30,2026-07-06 20:22:05,2026-07-06 20:15:00,btc-updown-5m-1783368900,Down,0.48,6.0093,12.519375,0,-6.0093,656.67009197
595,b42c27fd-3d15-4dde-b7f4-43e59c2c2487,2026-07-06 20:29:57,2026-07-06 20:19:30,2026-07-06 20:29:57,2026-07-06 20:20:00,btc-updown-5m-1783369200,Down,0.45,11.0088,24.464,0,-11.0088,645.66129197
596,74ad9c49-8fa6-49b1-a6a1-9f319a2d397d,2026-07-06 20:32:58,2026-07-06 20:24:30,2026-07-06 20:32:58,2026-07-06 20:25:00,btc-updown-5m-1783369500,Down,0.5,17.0082,34.0164,0,-17.0082,628.65309197
597,cdb98720-dd78-4a9b-9d66-8621add04ee9,2026-07-06 20:37:19,2026-07-06 20:29:30,2026-07-06 20:37:19,2026-07-06 20:30:00,btc-updown-5m-1783369800,Down,0.51,22.0077,43.15235294,0,-22.0077,606.64539197
598,bd3b5e60-616e-437e-9c62-acd0dc5d66c8,2026-07-06 20:42:19,2026-07-06 20:34:30,2026-07-06 20:42:19,2026-07-06 20:35:00,btc-updown-5m-1783370100,Down,0.58,28.0071,48.28810345,48.28810345,20.28100345,626.92639542
599,566a62ec-0bc1-43f4-8b35-652854b35ce9,2026-07-06 20:51:10,2026-07-06 20:39:30,2026-07-06 20:51:10,2026-07-06 20:40:00,btc-updown-5m-1783370400,Down,0.58,22.0077,37.94431034,37.94431034,15.93661034,642.86300576
600,6522de25-fa59-4a11-9c70-b231b6d76ed6,2026-07-06 20:52:13,2026-07-06 20:44:30,2026-07-06 20:52:13,2026-07-06 20:45:00,btc-updown-5m-1783370700,Down,0.59,17.0082,28.82745763,28.82745763,11.81925763,654.68226339
601,9d146a47-9955-481c-be7c-572e1e4eb666,2026-07-06 21:02:16,2026-07-06 20:54:30,2026-07-06 21:02:16,2026-07-06 20:55:00,btc-updown-5m-1783371300,Down,0.63,6.0093,9.53857143,9.53857143,3.52927143,658.21153482
602,8d314164-b38a-45a9-81d1-e4220ec311ed,2026-07-06 21:12:09,2026-07-06 21:04:30,2026-07-06 21:12:09,2026-07-06 21:05:00,btc-updown-5m-1783371900,Down,0.5,6.0093,12.0186,0,-6.0093,652.20223482
603,4d3e4e66-baaa-467b-af03-fcca39f78217,2026-07-06 21:19:54,2026-07-06 21:09:30,2026-07-06 21:19:54,2026-07-06 21:10:00,btc-updown-5m-1783372200,Down,0.54,11.0088,20.38666667,20.38666667,9.37786667,661.58010149
604,cd4b42cc-e39a-41f3-bc07-6b353551f23b,2026-07-06 21:27:10,2026-07-06 21:19:30,2026-07-06 21:27:10,2026-07-06 21:20:00,btc-updown-5m-1783372800,Up,0.49,6.0093,12.26387755,12.26387755,6.25457755,667.83467904
605,e3665b21-1d80-4a36-89ca-7a77b9d169bb,2026-07-06 21:40:18,2026-07-06 21:29:30,2026-07-06 21:40:18,2026-07-06 21:30:00,btc-updown-5m-1783373400,Up,0.48,6.0093,12.519375,12.519375,6.510075,674.34475404
606,b3c379df-0f49-4ff8-b913-4ff5dd968af7,2026-07-06 21:48:44,2026-07-06 21:39:30,2026-07-06 21:48:44,2026-07-06 21:40:00,btc-updown-5m-1783374000,Up,0.48,6.0093,12.519375,12.519375,6.510075,680.85482904
607,7d548521-4506-41aa-9383-f1d0886f75ec,2026-07-06 21:57:10,2026-07-06 21:49:30,2026-07-06 21:57:10,2026-07-06 21:50:00,btc-updown-5m-1783374600,Up,0.5,6.0093,12.0186,12.0186,6.0093,686.86412904
608,124374c2-df87-4080-827c-cf034386d927,2026-07-06 22:09:28,2026-07-06 21:59:30,2026-07-06 22:09:28,2026-07-06 22:00:00,btc-updown-5m-1783375200,Up,0.49,6.0093,12.26387755,0,-6.0093,680.85482904
609,6c46d4b8-00d4-44dd-a18a-8eabafbee10d,2026-07-06 22:13:16,2026-07-06 22:04:30,2026-07-06 22:13:16,2026-07-06 22:05:00,btc-updown-5m-1783375500,Up,0.5,11.0088,22.0176,0,-11.0088,669.84602904
610,abbe0fdb-ed57-4b13-a4c0-18f7e018084a,2026-07-06 22:20:12,2026-07-06 22:09:30,2026-07-06 22:20:12,2026-07-06 22:10:00,btc-updown-5m-1783375800,Up,0.51,17.0082,33.34941176,33.34941176,16.34121176,686.1872408
611,5ebdc546-49c8-420e-a44d-862f6534d093,2026-07-06 22:27:12,2026-07-06 22:19:30,2026-07-06 22:27:12,2026-07-06 22:20:00,btc-updown-5m-1783376400,Down,0.52,6.0093,11.55634615,11.55634615,5.54704615,691.73428695
612,81308cf8-aba5-47a4-bd8d-3cc08a386093,2026-07-06 22:39:13,2026-07-06 22:29:30,2026-07-06 22:39:13,2026-07-06 22:30:00,btc-updown-5m-1783377000,Up,0.53,6.0093,11.33830189,0,-6.0093,685.72498695
613,5c2d2394-9b04-4cbf-8e38-a403ad507270,2026-07-06 22:42:12,2026-07-06 22:34:30,2026-07-06 22:42:12,2026-07-06 22:35:00,btc-updown-5m-1783377300,Up,0.51,11.0088,21.58588235,21.58588235,10.57708235,696.3020693
614,d031e850-49b9-4c59-9162-8827d50a856e,2026-07-06 22:54:49,2026-07-06 22:44:30,2026-07-06 22:54:49,2026-07-06 22:45:00,btc-updown-5m-1783377900,Up,0.47,6.0093,12.78574468,12.78574468,6.77644468,703.07851398
615,71898681-83ef-4a65-8e28-874b5c74d4b5,2026-07-06 23:04:02,2026-07-06 22:54:30,2026-07-06 23:04:02,2026-07-06 22:55:00,btc-updown-5m-1783378500,Up,0.5,6.0093,12.0186,12.0186,6.0093,709.08781398
616,f506145b-621b-47a0-ae8f-48015c8a4ccb,2026-07-06 23:15:17,2026-07-06 23:04:30,2026-07-06 23:15:17,2026-07-06 23:05:00,btc-updown-5m-1783379100,Down,0.51,6.0093,11.78294118,11.78294118,5.77364118,714.86145516
617,578ca657-1d51-416a-a440-2e4e36a0f33d,2026-07-06 23:22:21,2026-07-06 23:14:30,2026-07-06 23:22:21,2026-07-06 23:15:00,btc-updown-5m-1783379700,Down,0.5,6.0093,12.0186,12.0186,6.0093,720.87075516
618,ecc3a9fc-00c1-4a34-946b-6e56ba914f06,2026-07-06 23:34:44,2026-07-06 23:24:30,2026-07-06 23:34:44,2026-07-06 23:25:00,btc-updown-5m-1783380300,Up,0.52,6.0093,11.55634615,0,-6.0093,714.86145516
619,be947685-de21-42b5-bf1a-de89ae9955b8,2026-07-06 23:44:48,2026-07-06 23:34:30,2026-07-06 23:44:48,2026-07-06 23:35:00,btc-updown-5m-1783380900,Down,0.5,6.0093,12.0186,12.0186,6.0093,720.87075516
620,07418634-1fe9-412c-b03f-030317e8ac74,2026-07-06 23:54:56,2026-07-06 23:44:30,2026-07-06 23:54:56,2026-07-06 23:45:00,btc-updown-5m-1783381500,Up,0.51,6.0093,11.78294118,11.78294118,5.77364118,726.64439634
621,e31e9d4d-8252-4076-b0e7-7a9ec0bf1d63,2026-07-07 00:04:54,2026-07-06 23:54:30,2026-07-07 00:04:54,2026-07-06 23:55:00,btc-updown-5m-1783382100,Down,0.5,6.0093,12.0186,12.0186,6.0093,732.65369634
622,aa0320e4-b2db-4971-969a-1fcdb3a68e69,2026-07-07 00:11:43,2026-07-07 00:04:30,2026-07-07 00:11:43,2026-07-07 00:05:00,btc-updown-5m-1783382700,Up,0.51,6.0093,11.78294118,0,-6.0093,726.64439634
623,2a39f4db-ed86-45fe-96d1-d50131d40086,2026-07-07 00:20:57,2026-07-07 00:09:30,2026-07-07 00:20:57,2026-07-07 00:10:00,btc-updown-5m-1783383000,Up,0.43,11.0088,25.60186047,0,-11.0088,715.63559634
624,7336501f-f225-4dd8-ac13-509e1b955400,2026-07-07 00:25:36,2026-07-07 00:14:30,2026-07-07 00:25:36,2026-07-07 00:15:00,btc-updown-5m-1783383300,Up,0.51,17.0082,33.34941176,33.34941176,16.34121176,731.9768081
625,64d2fc31-5b30-48ba-bc9a-b4ca80587546,2026-07-07 00:35:29,2026-07-07 00:24:30,2026-07-07 00:35:29,2026-07-07 00:25:00,btc-updown-5m-1783383900,Down,0.52,6.0093,11.55634615,0,-6.0093,725.9675081
626,1a1418b6-ed58-4357-a9c2-f1d6496ff68a,2026-07-07 00:40:30,2026-07-07 00:29:30,2026-07-07 00:40:30,2026-07-07 00:30:00,btc-updown-5m-1783384200,Down,0.53,11.0088,20.77132075,20.77132075,9.76252075,735.73002885
627,3ac57246-46ae-43e6-bb40-1b698a5989ff,2026-07-07 00:50:11,2026-07-07 00:39:30,2026-07-07 00:50:11,2026-07-07 00:40:00,btc-updown-5m-1783384800,Up,0.51,6.0093,11.78294118,11.78294118,5.77364118,741.50367003
628,4b0138ac-7fef-4a9c-b755-09ec8887104e,2026-07-07 01:01:00,2026-07-07 00:49:30,2026-07-07 01:01:00,2026-07-07 00:50:00,btc-updown-5m-1783385400,Down,0.52,6.0093,11.55634615,0,-6.0093,735.49437003
629,ba653477-ee3d-40f8-afc3-fb9babf570ec,2026-07-07 01:04:35,2026-07-07 00:54:30,2026-07-07 01:04:35,2026-07-07 00:55:00,btc-updown-5m-1783385700,Down,0.53,11.0088,20.77132075,20.77132075,9.76252075,745.25689078
630,02194c88-9651-4aa1-98fc-bb1f44d9bd54,2026-07-07 01:13:28,2026-07-07 01:04:30,2026-07-07 01:13:28,2026-07-07 01:05:00,btc-updown-5m-1783386300,Up,0.58,6.0093,10.36086207,10.36086207,4.35156207,749.60845285
631,8a46c4ce-064b-4937-9da5-7b9f323ab41c,2026-07-07 01:25:39,2026-07-07 01:14:30,2026-07-07 01:25:39,2026-07-07 01:15:00,btc-updown-5m-1783386900,Up,0.52,6.0093,11.55634615,11.55634615,5.54704615,755.155499
632,b33d631a-0096-4eab-ad63-29b3623f2f5a,2026-07-07 01:35:24,2026-07-07 01:24:30,2026-07-07 01:35:24,2026-07-07 01:25:00,btc-updown-5m-1783387500,Down,0.5,6.0093,12.0186,12.0186,6.0093,761.164799
633,e29e4675-1d29-4ca3-a6f6-b5ba04ed4a8c,2026-07-07 01:46:15,2026-07-07 01:34:30,2026-07-07 01:46:15,2026-07-07 01:35:00,btc-updown-5m-1783388100,Down,0.49,6.0093,12.26387755,12.26387755,6.25457755,767.41937655
634,46db8044-0bc9-4d76-84e3-322956a068e6,2026-07-07 01:56:08,2026-07-07 01:44:30,2026-07-07 01:56:08,2026-07-07 01:45:00,btc-updown-5m-1783388700,Down,0.5,6.0093,12.0186,0,-6.0093,761.41007655
635,7b45af41-cb89-40d3-a5fc-c7bd2123b084,2026-07-07 02:00:26,2026-07-07 01:49:30,2026-07-07 02:00:26,2026-07-07 01:50:00,btc-updown-5m-1783389000,Down,0.5,11.0088,22.0176,22.0176,11.0088,772.41887655
636,9818f4f8-d4e9-4b0a-b8f8-efea63309d07,2026-07-07 02:10:32,2026-07-07 01:59:30,2026-07-07 02:10:32,2026-07-07 02:00:00,btc-updown-5m-1783389600,Up,0.53,6.0093,11.33830189,11.33830189,5.32900189,777.74787844
637,8966d9bc-bec0-454f-9954-9d9f2dcfe8d6,2026-07-07 02:19:44,2026-07-07 02:09:30,2026-07-07 02:19:44,2026-07-07 02:10:00,btc-updown-5m-1783390200,Up,0.52,6.0093,11.55634615,11.55634615,5.54704615,783.29492459
638,7eb303ab-63c2-4c08-a5d9-b206a4e7b063,2026-07-07 02:30:43,2026-07-07 02:19:30,2026-07-07 02:30:43,2026-07-07 02:20:00,btc-updown-5m-1783390800,Up,0.52,6.0093,11.55634615,0,-6.0093,777.28562459
639,5343879d-ca44-45b1-90fe-55158c9df502,2026-07-07 02:35:56,2026-07-07 02:24:30,2026-07-07 02:35:56,2026-07-07 02:25:00,btc-updown-5m-1783391100,Up,0.53,11.0088,20.77132075,0,-11.0088,766.27682459
640,b71afc1c-3fa3-4020-bd7c-8e030e69352c,2026-07-07 02:40:45,2026-07-07 02:29:30,2026-07-07 02:40:45,2026-07-07 02:30:00,btc-updown-5m-1783391400,Up,0.52,17.0082,32.70807692,0,-17.0082,749.26862459
641,3600d7fc-30fa-49ff-8dd7-2bb114da8fbf,2026-07-07 02:44:00,2026-07-07 02:34:30,2026-07-07 02:44:00,2026-07-07 02:35:00,btc-updown-5m-1783391700,Up,0.53,22.0077,41.52396226,41.52396226,19.51626226,768.78488685
642,847883ba-ae25-4e4d-9115-06ff4d9ec7d1,2026-07-07 02:50:18,2026-07-07 02:39:30,2026-07-07 02:50:18,2026-07-07 02:40:00,btc-updown-5m-1783392000,Up,0.53,17.0082,32.0909434,32.0909434,15.0827434,783.86763025
643,a876964a-65ff-4f14-8b45-7a4ecd559bec,2026-07-07 02:59:56,2026-07-07 02:49:30,2026-07-07 02:59:56,2026-07-07 02:50:00,btc-updown-5m-1783392600,Up,0.5,6.0093,12.0186,0,-6.0093,777.85833025
644,036db35b-0aca-4292-b27a-1e914c783c0d,2026-07-07 03:04:41,2026-07-07 02:54:30,2026-07-07 03:04:41,2026-07-07 02:55:00,btc-updown-5m-1783392900,Up,0.52,11.0088,21.17076923,0,-11.0088,766.84953025
645,8cc84149-9e8a-4115-bfec-9de8320e2a6e,2026-07-07 03:07:30,2026-07-07 02:59:30,2026-07-07 03:07:30,2026-07-07 03:00:00,btc-updown-5m-1783393200,Up,0.53,17.0082,32.0909434,32.0909434,15.0827434,781.93227365
646,2fb65562-e1e0-4de5-8696-677095fc1539,2026-07-07 03:19:06,2026-07-07 03:09:30,2026-07-07 03:19:06,2026-07-07 03:10:00,btc-updown-5m-1783393800,Down,0.5,6.0093,12.0186,12.0186,6.0093,787.94157365
647,ca14353b-cd2b-418f-b5c4-982a04d85752,2026-07-07 03:29:50,2026-07-07 03:19:30,2026-07-07 03:29:50,2026-07-07 03:20:00,btc-updown-5m-1783394400,Up,0.51,6.0093,11.78294118,11.78294118,5.77364118,793.71521483
648,2db2c9d4-0bd7-4e17-9023-4eb4d8f456e3,2026-07-07 03:39:43,2026-07-07 03:29:30,2026-07-07 03:39:43,2026-07-07 03:30:00,btc-updown-5m-1783395000,Up,0.52,6.0093,11.55634615,11.55634615,5.54704615,799.26226098
649,77a4a37a-1864-4b74-9351-e9d2b1e24669,2026-07-07 03:49:42,2026-07-07 03:39:30,2026-07-07 03:49:42,2026-07-07 03:40:00,btc-updown-5m-1783395600,Down,0.5,6.0093,12.0186,12.0186,6.0093,805.27156098
650,abc7c77c-6642-49a9-bfbc-2ba057972046,2026-07-07 03:59:40,2026-07-07 03:49:30,2026-07-07 03:59:40,2026-07-07 03:50:00,btc-updown-5m-1783396200,Up,0.52,6.0093,11.55634615,0,-6.0093,799.26226098
651,2563e744-f282-4948-8d02-b2d1bedf08ee,2026-07-07 04:07:53,2026-07-07 03:59:30,2026-07-07 04:07:53,2026-07-07 04:00:00,btc-updown-5m-1783396800,Up,0.52,6.0093,11.55634615,0,-6.0093,793.25296098
652,8fcffa41-aa0a-4e49-bc79-7330b796421c,2026-07-07 04:14:55,2026-07-07 04:04:30,2026-07-07 04:14:55,2026-07-07 04:05:00,btc-updown-5m-1783397100,Up,0.52,11.0088,21.17076923,21.17076923,10.16196923,803.41493021
653,59ec27e4-b8b5-482f-bbc0-73864a80360e,2026-07-07 04:24:59,2026-07-07 04:14:30,2026-07-07 04:24:59,2026-07-07 04:15:00,btc-updown-5m-1783397700,Down,0.5,6.0093,12.0186,12.0186,6.0093,809.42423021
654,7165994b-6910-4abe-94eb-e46e670a9c26,2026-07-07 04:34:42,2026-07-07 04:24:30,2026-07-07 04:34:42,2026-07-07 04:25:00,btc-updown-5m-1783398300,Down,0.5,6.0093,12.0186,0,-6.0093,803.41493021
655,03de7d72-69ab-4fe8-b62c-71df94b69d20,2026-07-07 04:39:29,2026-07-07 04:29:30,2026-07-07 04:39:29,2026-07-07 04:30:00,btc-updown-5m-1783398600,Down,0.5,11.0088,22.0176,22.0176,11.0088,814.42373021
656,26c1f01a-fb64-466a-83b3-8113d43351c7,2026-07-07 04:54:38,2026-07-07 04:44:30,2026-07-07 04:54:38,2026-07-07 04:45:00,btc-updown-5m-1783399500,Up,0.54,11.0088,20.38666667,0,-11.0088,803.41493021
657,612213d5-2de0-4d3a-ba27-c332b8dcb5fe,2026-07-07 04:59:01,2026-07-07 04:49:30,2026-07-07 04:59:01,2026-07-07 04:50:00,btc-updown-5m-1783399800,Up,0.54,17.0082,31.49666667,31.49666667,14.48846667,817.90339688
658,95aa8064-6457-4ec0-a198-a3c091aac309,2026-07-07 05:14:18,2026-07-07 05:04:30,2026-07-07 05:14:18,2026-07-07 05:05:00,btc-updown-5m-1783400700,Down,0.57,6.0093,10.54263158,10.54263158,4.53333158,822.43672846
659,9732e698-a6c1-468f-8641-4d2fb04648ee,2026-07-07 05:24:07,2026-07-07 05:14:30,2026-07-07 05:24:07,2026-07-07 05:15:00,btc-updown-5m-1783401300,Up,0.54,6.0093,11.12833333,11.12833333,5.11903333,827.55576179
660,15f2d663-50ba-485f-bdeb-eaf185e04aa7,2026-07-07 05:34:37,2026-07-07 05:24:30,2026-07-07 05:34:37,2026-07-07 05:25:00,btc-updown-5m-1783401900,Down,0.5,6.0093,12.0186,12.0186,6.0093,833.56506179
661,bdcebc19-6f7f-4068-8b52-b883d67a9c64,2026-07-07 05:46:07,2026-07-07 05:34:30,2026-07-07 05:46:07,2026-07-07 05:35:00,btc-updown-5m-1783402500,Down,0.5,6.0093,12.0186,0,-6.0093,827.55576179
662,c1082beb-6505-4fb0-bf47-66bf0e96f884,2026-07-07 05:49:46,2026-07-07 05:39:30,2026-07-07 05:49:46,2026-07-07 05:40:00,btc-updown-5m-1783402800,Down,0.53,11.0088,20.77132075,20.77132075,9.76252075,837.31828254
663,d5959215-31d0-4965-90a5-8d050330908b,2026-07-07 05:58:20,2026-07-07 05:49:30,2026-07-07 05:58:20,2026-07-07 05:50:00,btc-updown-5m-1783403400,Up,0.53,6.0093,11.33830189,11.33830189,5.32900189,842.64728443
664,dc4c27cb-6b20-4da4-86ff-ad4ceeafd5d8,2026-07-07 06:10:24,2026-07-07 05:59:30,2026-07-07 06:10:24,2026-07-07 06:00:00,btc-updown-5m-1783404000,Up,0.41,6.0093,14.65682927,0,-6.0093,836.63798443
665,91c4cd42-20d9-49f1-9305-993d9d9ae4c1,2026-07-07 06:13:28,2026-07-07 06:04:30,2026-07-07 06:13:28,2026-07-07 06:05:00,btc-updown-5m-1783404300,Up,0.49,11.0088,22.46693878,0,-11.0088,825.62918443
666,5d16f34c-cca4-4b11-beab-89097a164b25,2026-07-07 06:18:31,2026-07-07 06:09:30,2026-07-07 06:18:31,2026-07-07 06:10:00,btc-updown-5m-1783404600,Up,0.44547914,17.00819988,38.17956522,0,-17.00819988,808.62098455
667,edc89731-b152-44be-adc7-2b194747f6d1,2026-07-07 06:23:35,2026-07-07 06:14:30,2026-07-07 06:23:35,2026-07-07 06:15:00,btc-updown-5m-1783404900,Up,0.53,22.0077,41.52396226,41.52396226,19.51626226,828.13724681
668,b55b4d22-0dd8-4377-8a04-d5b80284a169,2026-07-07 06:30:21,2026-07-07 06:19:30,2026-07-07 06:30:21,2026-07-07 06:20:00,btc-updown-5m-1783405200,Up,0.54,17.0082,31.49666667,31.49666667,14.48846667,842.62571348
669,32243e31-bbd3-48e5-bee0-9ae8304d8030,2026-07-07 06:37:08,2026-07-07 06:29:30,2026-07-07 06:37:08,2026-07-07 06:30:00,btc-updown-5m-1783405800,Down,0.5,6.0093,12.0186,0,-6.0093,836.61641348
670,b949443e-6eab-4aa0-9c9b-508dc38d0595,2026-07-07 06:42:34,2026-07-07 06:34:30,2026-07-07 06:42:34,2026-07-07 06:35:00,btc-updown-5m-1783406100,Down,0.53,11.0088,20.77132075,0,-11.0088,825.60761348
671,2cbf5be2-880f-4364-b032-e73932f53b49,2026-07-07 06:47:12,2026-07-07 06:39:30,2026-07-07 06:47:12,2026-07-07 06:40:00,btc-updown-5m-1783406400,Down,0.53909349,17.00819995,31.54962963,31.54962963,14.54142968,840.14904316
672,784e2ae1-f796-4255-b113-98b43b73540d,2026-07-07 06:57:13,2026-07-07 06:49:30,2026-07-07 06:57:13,2026-07-07 06:50:00,btc-updown-5m-1783407000,Down,0.51,6.0093,11.78294118,0,-6.0093,834.13974316
673,f9eadee6-2c97-4334-924c-374ed2b5f1b2,2026-07-07 07:05:28,2026-07-07 06:54:30,2026-07-07 07:05:28,2026-07-07 06:55:00,btc-updown-5m-1783407300,Down,0.53,11.0088,20.77132075,20.77132075,9.76252075,843.90226391
674,4ac6ace6-a981-48ac-b181-c0ee29dacf67,2026-07-07 07:12:21,2026-07-07 07:04:30,2026-07-07 07:12:21,2026-07-07 07:05:00,btc-updown-5m-1783407900,Down,0.53,6.0093,11.33830189,11.33830189,5.32900189,849.2312658
675,2fe01c8d-f26e-40e0-8de5-e6c8dfb815d1,2026-07-07 07:22:53,2026-07-07 07:14:30,2026-07-07 07:22:53,2026-07-07 07:15:00,btc-updown-5m-1783408500,Down,0.57,6.0093,10.54263158,10.54263158,4.53333158,853.76459738
676,9aee63ce-e627-4940-b3b1-88406944f298,2026-07-07 07:34:36,2026-07-07 07:24:30,2026-07-07 07:34:36,2026-07-07 07:25:00,btc-updown-5m-1783409100,Up,0.5,6.0093,12.0186,0,-6.0093,847.75529738
677,3d90bb45-0e7c-4267-a97e-a6f07340c2b7,2026-07-07 07:37:09,2026-07-07 07:29:30,2026-07-07 07:37:09,2026-07-07 07:30:00,btc-updown-5m-1783409400,Up,0.51,11.0088,21.58588235,0,-11.0088,836.74649738
678,68042509-b8a3-4636-988c-123286f35e59,2026-07-07 07:45:36,2026-07-07 07:34:30,2026-07-07 07:45:36,2026-07-07 07:35:00,btc-updown-5m-1783409700,Up,0.53,17.0082,32.0909434,0,-17.0082,819.73829738
679,0188efb5-7d07-4c29-a08e-4349df3cf385,2026-07-07 07:46:34,2026-07-07 07:39:30,2026-07-07 07:46:34,2026-07-07 07:40:00,btc-updown-5m-1783410000,Up,0.54,22.0077,40.755,40.755,18.7473,838.48559738
680,9388b9b3-a95e-4f5a-ba26-5e3c7aadde42,2026-07-07 07:52:06,2026-07-07 07:44:30,2026-07-07 07:52:06,2026-07-07 07:45:00,btc-updown-5m-1783410300,Up,0.52,17.0082,32.70807692,32.70807692,15.69987692,854.1854743
681,4c4e43fd-02f5-4642-a264-a50127a537ba,2026-07-07 08:05:11,2026-07-07 07:54:30,2026-07-07 08:05:11,2026-07-07 07:55:00,btc-updown-5m-1783410900,Up,0.51,6.0093,11.78294118,0,-6.0093,848.1761743
682,e1337a1d-ecc0-4833-9854-1789688e726f,2026-07-07 08:14:38,2026-07-07 08:04:30,2026-07-07 08:14:38,2026-07-07 08:05:00,btc-updown-5m-1783411500,Up,0.51,17.0082,33.34941176,0,-17.0082,831.1679743
683,9a74590c-d8e9-47c0-9195-df4ef9f05eea,2026-07-07 08:19:48,2026-07-07 08:09:30,2026-07-07 08:19:48,2026-07-07 08:10:00,btc-updown-5m-1783411800,Up,0.51,22.0077,43.15235294,43.15235294,21.14465294,852.31262724
684,b506f327-a7cf-4dde-9c15-60252b93c9d7,2026-07-07 08:34:38,2026-07-07 08:24:30,2026-07-07 08:34:38,2026-07-07 08:25:00,btc-updown-5m-1783412700,Down,0.5,6.0093,12.0186,12.0186,6.0093,858.32192724
685,cdee3e57-e595-4356-b803-9a6aa647ce07,2026-07-07 08:44:50,2026-07-07 08:34:30,2026-07-07 08:44:50,2026-07-07 08:35:00,btc-updown-5m-1783413300,Up,0.51,6.0093,11.78294118,11.78294118,5.77364118,864.09556842
686,9b4e809b-eb3c-43a1-a74f-cf073143834b,2026-07-07 08:54:06,2026-07-07 08:44:30,2026-07-07 08:54:06,2026-07-07 08:45:00,btc-updown-5m-1783413900,Up,0.52,6.0093,11.55634615,0,-6.0093,858.08626842
687,30e3d599-26ac-4d4a-b16e-47c85d0b8c18,2026-07-07 08:59:48,2026-07-07 08:49:30,2026-07-07 08:59:48,2026-07-07 08:50:00,btc-updown-5m-1783414200,Up,0.53,11.0088,20.77132075,0,-11.0088,847.07746842
688,cf7f235d-52fd-4704-a425-df0695e20517,2026-07-07 09:04:03,2026-07-07 08:54:30,2026-07-07 09:04:03,2026-07-07 08:55:00,btc-updown-5m-1783414500,Up,0.51,17.0082,33.34941176,33.34941176,16.34121176,863.41868018
689,ef3cfa73-544f-4acc-89c8-5647fb36d354,2026-07-07 09:14:46,2026-07-07 09:04:30,2026-07-07 09:14:46,2026-07-07 09:05:00,btc-updown-5m-1783415100,Down,0.5,6.0093,12.0186,0,-6.0093,857.40938018
690,c011c853-ed4f-4ad4-803b-32e53431ac21,2026-07-07 09:19:15,2026-07-07 09:09:30,2026-07-07 09:19:15,2026-07-07 09:10:00,btc-updown-5m-1783415400,Down,0.55,11.0088,20.016,0,-11.0088,846.40058018
691,903d0ddf-1550-4b18-9e96-001313b976cd,2026-07-07 09:23:34,2026-07-07 09:14:30,2026-07-07 09:23:34,2026-07-07 09:15:00,btc-updown-5m-1783415700,Down,0.55455494,17.00820001,30.67,30.67,13.66179999,860.06238017
692,acafbe1b-f123-46e1-8062-ce2d9ef12047,2026-07-07 09:34:39,2026-07-07 09:24:30,2026-07-07 09:34:39,2026-07-07 09:25:00,btc-updown-5m-1783416300,Up,0.54,6.0093,11.12833333,0,-6.0093,854.05308017
693,3e6b2a2e-19cb-4f46-afa9-d19fe5ef3627,2026-07-07 09:38:30,2026-07-07 09:29:30,2026-07-07 09:38:30,2026-07-07 09:30:00,btc-updown-5m-1783416600,Up,0.51,11.0088,21.58588235,21.58588235,10.57708235,864.63016252
694,a8cc6d49-f3e0-40d0-8cfb-50b1f18ee527,2026-07-07 09:49:53,2026-07-07 09:39:30,2026-07-07 09:49:53,2026-07-07 09:40:00,btc-updown-5m-1783417200,Down,0.5,6.0093,12.0186,0,-6.0093,858.62086252
695,9b2204d9-43e0-43bf-93e6-dd84ff529a49,2026-07-07 09:53:34,2026-07-07 09:44:30,2026-07-07 09:53:34,2026-07-07 09:45:00,btc-updown-5m-1783417500,Down,0.5,11.0088,22.0176,0,-11.0088,847.61206252
