"sample_number","sample_utc","asset","market_slug","market_id","market_start_utc","market_end_utc","seconds_to_start","seconds_from_start","seconds_to_end","outcome","token_id","best_bid","best_bid_size","best_ask","best_ask_size","spread","bid_levels","ask_levels","top5_bid_size","top5_ask_size","total_bid_size","total_ask_size","book_timestamp","book_market","binance_price","start_reference_price","move_from_start_bps","error"
"1","2026-06-18T18:00:04.8463905+00:00","BTC","btc-updown-5m-1781805300","2584774","2026-06-18T17:55:00.0000000+00:00","2026-06-18T18:00:00.0000000+00:00","-304.846","304.846","-4.846","Up","100366993284555439229136263731142874057115468471011666953870421192847222766172",,,"0.01","900294.43",,"0","77","0","905990.48","0","1174316.70","1781805605186","0xa29dcb1f54b9d4e75465fcab657a4928c3952dad4b4828bcd9944e11f2b1d070","62631.60000000","62631.60000000","0",""
"1","2026-06-18T18:00:04.8463905+00:00","BTC","btc-updown-5m-1781805300","2584774","2026-06-18T17:55:00.0000000+00:00","2026-06-18T18:00:00.0000000+00:00","-304.846","304.846","-4.846","Down","30945358799682125975622752445436537816479585992099959750063279707586060979279","0.99","900277.83",,,,"77","0","905973.88","0","1174000.10","0","1781805605969","0xa29dcb1f54b9d4e75465fcab657a4928c3952dad4b4828bcd9944e11f2b1d070","62631.60000000","62631.60000000","0",""
"1","2026-06-18T18:00:04.8463905+00:00","ETH","eth-updown-5m-1781805300","2584775","2026-06-18T17:55:00.0000000+00:00","2026-06-18T18:00:00.0000000+00:00","-304.846","304.846","-4.846","Up","84464230807213236425016885238522598164473602253759355671732117397567158540848",,,"0.01","567387.5",,"0","41","0","571486.35","0","753989.60","1781805605289","0x87d522cbec7d7e644ec5485f60d464a56e7495b8797d51a2e9bb26d96d7c7f93","1679.79000000","1679.79000000","0",""
"1","2026-06-18T18:00:04.8463905+00:00","ETH","eth-updown-5m-1781805300","2584775","2026-06-18T17:55:00.0000000+00:00","2026-06-18T18:00:00.0000000+00:00","-304.846","304.846","-4.846","Down","36868621506353927085332735174569787095878720872195622300005980530115725386975","0.99","567387.5",,,,"41","0","571486.35","0","753989.60","0","1781805605289","0x87d522cbec7d7e644ec5485f60d464a56e7495b8797d51a2e9bb26d96d7c7f93","1679.79000000","1679.79000000","0",""
"1","2026-06-18T18:00:04.8463905+00:00","SOL","sol-updown-5m-1781805300","2584777","2026-06-18T17:55:00.0000000+00:00","2026-06-18T18:00:00.0000000+00:00","-304.846","304.846","-4.846","Up","43590587833960170489458633973229110190958133890499213708362021339678110080916",,,"0.01","470291.09",,"0","36","0","476407.09","0","654503.09","1781805602307","0xa2a7fbb7f3fed9031df9d75228fbf4bfddbc4e8cc4f1fb9015ee7afa5a8bfcef","68.66000000","68.66000000","0",""
"1","2026-06-18T18:00:04.8463905+00:00","SOL","sol-updown-5m-1781805300","2584777","2026-06-18T17:55:00.0000000+00:00","2026-06-18T18:00:00.0000000+00:00","-304.846","304.846","-4.846","Down","64729861947531231910320495939117410106727761033132301855694367299130238199956","0.99","470291.09",,,,"36","0","476407.09","0","654503.09","0","1781805602307","0xa2a7fbb7f3fed9031df9d75228fbf4bfddbc4e8cc4f1fb9015ee7afa5a8bfcef","68.66000000","68.66000000","0",""
"1","2026-06-18T18:00:04.8463905+00:00","SOL","sol-updown-5m-1781805600","2584847","2026-06-18T18:00:00.0000000+00:00","2026-06-18T18:05:00.0000000+00:00","-4.846","4.846","295.154","Up","92887202688210559890269037787373548518364039356424906092889842946664474809719","0.57","80","0.58","16.2","0.01","51","39","424.52","75.2","3836.64","3663.73","1781805606592","0x240208a76cd02c37591e0b118ddd74d7caed524a1b0740d840fa5956862c2e6f","68.66000000","68.66000000","0",""
"1","2026-06-18T18:00:04.8463905+00:00","SOL","sol-updown-5m-1781805600","2584847","2026-06-18T18:00:00.0000000+00:00","2026-06-18T18:05:00.0000000+00:00","-4.846","4.846","295.154","Down","42158671632333916299715271514496933316667556269910783091936524939668698929488","0.42","16.2","0.43","80","0.01","40","52","78.2","424.52","3280.73","3433.64","1781805606683","0x240208a76cd02c37591e0b118ddd74d7caed524a1b0740d840fa5956862c2e6f","68.66000000","68.66000000","0",""
"1","2026-06-18T18:00:04.8463905+00:00","ETH","eth-updown-5m-1781805600","2584849","2026-06-18T18:00:00.0000000+00:00","2026-06-18T18:05:00.0000000+00:00","-4.846","4.846","295.154","Up","54440108909645803563712017609209311553790634574167288046576126967603211899968","0.55","207.76","0.56","46.34","0.01","55","44","1039.76","852.34","9249.27","8702.83","1781805606798","0x5321af2dd99ba82f4abd95b18c702fb05268b58967ad15b3afa0fa94ceb284f1","1679.79000000","1679.79000000","0",""
"1","2026-06-18T18:00:04.8463905+00:00","ETH","eth-updown-5m-1781805600","2584849","2026-06-18T18:00:00.0000000+00:00","2026-06-18T18:05:00.0000000+00:00","-4.846","4.846","295.154","Down","110358233053529115025378425927539828974870137637838800989881295649187961418248","0.44","41.34","0.45","207.76","0.01","44","55","825.34","1160.76","8706.83","9383.27","1781805606905","0x5321af2dd99ba82f4abd95b18c702fb05268b58967ad15b3afa0fa94ceb284f1","1679.79000000","1679.79000000","0",""
"1","2026-06-18T18:00:04.8463905+00:00","BTC","btc-updown-5m-1781805600","2584851","2026-06-18T18:00:00.0000000+00:00","2026-06-18T18:05:00.0000000+00:00","-4.846","4.846","295.154","Up","69551560445088382754714827577620718235813378023082728222424940352395440970822","0.61","416.77","0.62","703.97","0.01","61","38","3319.99","3443.00","42131.14","37226.75","1781805607032","0xba71c99d7fb34fe556a1fa3203307333821ff8ed1d5297b70313adbdf2ff9b26","62631.60000000","62631.60000000","0",""
"1","2026-06-18T18:00:04.8463905+00:00","BTC","btc-updown-5m-1781805600","2584851","2026-06-18T18:00:00.0000000+00:00","2026-06-18T18:05:00.0000000+00:00","-4.846","4.846","295.154","Down","20195300913110956058442138189418940832885706023824964145401620330744384196382","0.38","967.47","0.39","390.4","0.01","38","61","3743.50","3304.62","37492.25","42218.77","1781805607185","0xba71c99d7fb34fe556a1fa3203307333821ff8ed1d5297b70313adbdf2ff9b26","62631.60000000","62631.60000000","0",""
"1","2026-06-18T18:00:04.8463905+00:00","ETH","eth-updown-5m-1781805900","2584884","2026-06-18T18:05:00.0000000+00:00","2026-06-18T18:10:00.0000000+00:00","295.154","-295.154","595.154","Up","87638470687256180789625872353959436232072330222476306766552913512268745202636","0.51","90","0.52","10.66","0.01","51","47","300.32","587.00","22961.68","22858.34","1781805607316","0xc4848f78d533e55544fdde0ded280ad7ca5126882d67812d9248377570186e23","1679.79000000",,,""
"1","2026-06-18T18:00:04.8463905+00:00","ETH","eth-updown-5m-1781805900","2584884","2026-06-18T18:05:00.0000000+00:00","2026-06-18T18:10:00.0000000+00:00","295.154","-295.154","595.154","Down","6433665683337383870393395622078943490078528184181542297078329973561292970114","0.48","10.66","0.49","90","0.01","48","51","617.44","300.32","22922.17","22961.68","1781805607487","0xc4848f78d533e55544fdde0ded280ad7ca5126882d67812d9248377570186e23","1679.79000000",,,""
"1","2026-06-18T18:00:04.8463905+00:00","BTC","btc-updown-5m-1781805900","2584885","2026-06-18T18:05:00.0000000+00:00","2026-06-18T18:10:00.0000000+00:00","295.154","-295.154","595.154","Up","84992519852971935377829666695110129200269350761576584997248599646134881919776","0.5","1233.05","0.51","293.28","0.01","50","49","1970.63","1442.51","40720.54","39532.73","1781805606517","0x8506535a52f6b682f53f20d77739545978544028b27e4ab3c2609a3b21b32096","62631.60000000",,,""
"1","2026-06-18T18:00:04.8463905+00:00","BTC","btc-updown-5m-1781805900","2584885","2026-06-18T18:05:00.0000000+00:00","2026-06-18T18:10:00.0000000+00:00","295.154","-295.154","595.154","Down","42465430903139473100546293101713411666359504294071645838614940811631751292310","0.49","293.28","0.5","1233.05","0.01","49","50","1442.51","1970.63","39532.73","40720.54","1781805606517","0x8506535a52f6b682f53f20d77739545978544028b27e4ab3c2609a3b21b32096","62631.60000000",,,""
"1","2026-06-18T18:00:04.8463905+00:00","SOL","sol-updown-5m-1781805900","2584886","2026-06-18T18:05:00.0000000+00:00","2026-06-18T18:10:00.0000000+00:00","295.154","-295.154","595.154","Up","17918595972159669296704757368041046382807284320771970511236606858231649587146","0.51","35.05","0.52","15.27","0.01","51","48","114.27","349.46","10974.57","10988.06","1781805605982","0x6fe6c50e9739f3ec9f319c15d99b69bf1a986466f2ad035b006f6343b0fe7078","68.66000000",,,""
"1","2026-06-18T18:00:04.8463905+00:00","SOL","sol-updown-5m-1781805900","2584886","2026-06-18T18:05:00.0000000+00:00","2026-06-18T18:10:00.0000000+00:00","295.154","-295.154","595.154","Down","19093975118609871406874996908570798158581047681193006965676263914632124416327","0.48","15.27","0.49","35.05","0.01","48","51","349.46","114.27","10988.06","10974.57","1781805605982","0x6fe6c50e9739f3ec9f319c15d99b69bf1a986466f2ad035b006f6343b0fe7078","68.66000000",,,""
"2","2026-06-18T18:00:38.6342190+00:00","BTC","btc-updown-5m-1781805300","2584774","2026-06-18T17:55:00.0000000+00:00","2026-06-18T18:00:00.0000000+00:00","-338.634","338.634","-38.634","Up","100366993284555439229136263731142874057115468471011666953870421192847222766172",,,"0.01","896004.67",,"0","74","0","901684.72","0","1169295.80","1781805635557","0xa29dcb1f54b9d4e75465fcab657a4928c3952dad4b4828bcd9944e11f2b1d070","62629.02000000","62631.60000000","-0.411932634644492556473090000",""
"2","2026-06-18T18:00:38.6342190+00:00","BTC","btc-updown-5m-1781805300","2584774","2026-06-18T17:55:00.0000000+00:00","2026-06-18T18:00:00.0000000+00:00","-338.634","338.634","-38.634","Down","30945358799682125975622752445436537816479585992099959750063279707586060979279","0.99","896004.67",,,,"74","0","901684.72","0","1169295.80","0","1781805635557","0xa29dcb1f54b9d4e75465fcab657a4928c3952dad4b4828bcd9944e11f2b1d070","62629.02000000","62631.60000000","-0.411932634644492556473090000",""
"2","2026-06-18T18:00:38.6342190+00:00","ETH","eth-updown-5m-1781805300","2584775","2026-06-18T17:55:00.0000000+00:00","2026-06-18T18:00:00.0000000+00:00","-338.634","338.634","-38.634","Up","84464230807213236425016885238522598164473602253759355671732117397567158540848",,,"0.01","564542.2",,"0","41","0","568612.86","0","751116.11","1781805631004","0x87d522cbec7d7e644ec5485f60d464a56e7495b8797d51a2e9bb26d96d7c7f93","1680.25000000","1679.79000000","2.7384375427880866060638530000",""
"2","2026-06-18T18:00:38.6342190+00:00","ETH","eth-updown-5m-1781805300","2584775","2026-06-18T17:55:00.0000000+00:00","2026-06-18T18:00:00.0000000+00:00","-338.634","338.634","-38.634","Down","36868621506353927085332735174569787095878720872195622300005980530115725386975","0.99","564542.2",,,,"41","0","568612.86","0","751116.11","0","1781805631004","0x87d522cbec7d7e644ec5485f60d464a56e7495b8797d51a2e9bb26d96d7c7f93","1680.25000000","1679.79000000","2.7384375427880866060638530000",""
"2","2026-06-18T18:00:38.6342190+00:00","SOL","sol-updown-5m-1781805300","2584777","2026-06-18T17:55:00.0000000+00:00","2026-06-18T18:00:00.0000000+00:00","-338.634","338.634","-38.634","Up","43590587833960170489458633973229110190958133890499213708362021339678110080916",,,"0.01","466868.77",,"0","36","0","472984.77","0","651080.77","1781805632445","0xa2a7fbb7f3fed9031df9d75228fbf4bfddbc4e8cc4f1fb9015ee7afa5a8bfcef","68.66000000","68.66000000","0",""
"2","2026-06-18T18:00:38.6342190+00:00","SOL","sol-updown-5m-1781805300","2584777","2026-06-18T17:55:00.0000000+00:00","2026-06-18T18:00:00.0000000+00:00","-338.634","338.634","-38.634","Down","64729861947531231910320495939117410106727761033132301855694367299130238199956","0.99","466868.77",,,,"36","0","472984.77","0","651080.77","0","1781805632445","0xa2a7fbb7f3fed9031df9d75228fbf4bfddbc4e8cc4f1fb9015ee7afa5a8bfcef","68.66000000","68.66000000","0",""
"2","2026-06-18T18:00:38.6342190+00:00","SOL","sol-updown-5m-1781805600","2584847","2026-06-18T18:00:00.0000000+00:00","2026-06-18T18:05:00.0000000+00:00","-38.634","38.634","261.366","Up","92887202688210559890269037787373548518364039356424906092889842946664474809719","0.58","5","0.59","101.23","0.01","58","41","99.6","353.06","4013.58","6205.59","1781805639682","0x240208a76cd02c37591e0b118ddd74d7caed524a1b0740d840fa5956862c2e6f","68.66000000","68.66000000","0",""
"2","2026-06-18T18:00:38.6342190+00:00","SOL","sol-updown-5m-1781805600","2584847","2026-06-18T18:00:00.0000000+00:00","2026-06-18T18:05:00.0000000+00:00","-38.634","38.634","261.366","Down","42158671632333916299715271514496933316667556269910783091936524939668698929488","0.42","126.23","0.43","12","0.01","42","57","412.63","99.8","5876.76","3709.48","1781805639823","0x240208a76cd02c37591e0b118ddd74d7caed524a1b0740d840fa5956862c2e6f","68.66000000","68.66000000","0",""
"2","2026-06-18T18:00:38.6342190+00:00","ETH","eth-updown-5m-1781805600","2584849","2026-06-18T18:00:00.0000000+00:00","2026-06-18T18:05:00.0000000+00:00","-38.634","38.634","261.366","Up","54440108909645803563712017609209311553790634574167288046576126967603211899968","0.6","30.7","0.61","257.22","0.01","60","39","569.36","1317.32","12397.41","14976.01","1781805639979","0x5321af2dd99ba82f4abd95b18c702fb05268b58967ad15b3afa0fa94ceb284f1","1680.25000000","1679.79000000","2.7384375427880866060638530000",""
"2","2026-06-18T18:00:38.6342190+00:00","ETH","eth-updown-5m-1781805600","2584849","2026-06-18T18:00:00.0000000+00:00","2026-06-18T18:05:00.0000000+00:00","-38.634","38.634","261.366","Down","110358233053529115025378425927539828974870137637838800989881295649187961418248","0.39","371.75","0.4","19.4","0.01","39","60","1460.55","751.8","15471.99","12591.15","1781805640206","0x5321af2dd99ba82f4abd95b18c702fb05268b58967ad15b3afa0fa94ceb284f1","1680.25000000","1679.79000000","2.7384375427880866060638530000",""
"2","2026-06-18T18:00:38.6342190+00:00","BTC","btc-updown-5m-1781805600","2584851","2026-06-18T18:00:00.0000000+00:00","2026-06-18T18:05:00.0000000+00:00","-38.634","38.634","261.366","Up","69551560445088382754714827577620718235813378023082728222424940352395440970822","0.58","324.66","0.59","745.88","0.01","58","41","3168.43","5014.03","46996.98","50655.92","1781805640425","0xba71c99d7fb34fe556a1fa3203307333821ff8ed1d5297b70313adbdf2ff9b26","62629.02000000","62631.60000000","-0.411932634644492556473090000",""
"2","2026-06-18T18:00:38.6342190+00:00","BTC","btc-updown-5m-1781805600","2584851","2026-06-18T18:00:00.0000000+00:00","2026-06-18T18:05:00.0000000+00:00","-38.634","38.634","261.366","Down","20195300913110956058442138189418940832885706023824964145401620330744384196382","0.41","1140.61","0.42","324.66","0.01","41","58","5011.10","3498.43","50628.68","47118.58","1781805640546","0xba71c99d7fb34fe556a1fa3203307333821ff8ed1d5297b70313adbdf2ff9b26","62629.02000000","62631.60000000","-0.411932634644492556473090000",""
"2","2026-06-18T18:00:38.6342190+00:00","ETH","eth-updown-5m-1781805900","2584884","2026-06-18T18:05:00.0000000+00:00","2026-06-18T18:10:00.0000000+00:00","261.366","-261.366","561.366","Up","87638470687256180789625872353959436232072330222476306766552913512268745202636","0.51","20.05","0.52","50.66","0.01","51","48","340.27","907.44","24024.36","23949.90","1781805638670","0xc4848f78d533e55544fdde0ded280ad7ca5126882d67812d9248377570186e23","1680.25000000",,,""
"2","2026-06-18T18:00:38.6342190+00:00","ETH","eth-updown-5m-1781805900","2584884","2026-06-18T18:05:00.0000000+00:00","2026-06-18T18:10:00.0000000+00:00","261.366","-261.366","561.366","Down","6433665683337383870393395622078943490078528184181542297078329973561292970114","0.48","50.66","0.49","20.05","0.01","48","51","907.44","340.27","23949.90","24024.36","1781805638670","0xc4848f78d533e55544fdde0ded280ad7ca5126882d67812d9248377570186e23","1680.25000000",,,""
"2","2026-06-18T18:00:38.6342190+00:00","BTC","btc-updown-5m-1781805900","2584885","2026-06-18T18:05:00.0000000+00:00","2026-06-18T18:10:00.0000000+00:00","261.366","-261.366","561.366","Up","84992519852971935377829666695110129200269350761576584997248599646134881919776","0.5","1313.25","0.51","540.23","0.01","50","49","2175.83","3219.46","43364.52","47288.46","1781805639012","0x8506535a52f6b682f53f20d77739545978544028b27e4ab3c2609a3b21b32096","62629.02000000",,,""
"2","2026-06-18T18:00:38.6342190+00:00","BTC","btc-updown-5m-1781805900","2584885","2026-06-18T18:05:00.0000000+00:00","2026-06-18T18:10:00.0000000+00:00","261.366","-261.366","561.366","Down","42465430903139473100546293101713411666359504294071645838614940811631751292310","0.49","540.23","0.5","1313.25","0.01","49","50","3219.46","2175.83","47288.46","43364.52","1781805639012","0x8506535a52f6b682f53f20d77739545978544028b27e4ab3c2609a3b21b32096","62629.02000000",,,""
"2","2026-06-18T18:00:38.6342190+00:00","SOL","sol-updown-5m-1781805900","2584886","2026-06-18T18:05:00.0000000+00:00","2026-06-18T18:10:00.0000000+00:00","261.366","-261.366","561.366","Up","17918595972159669296704757368041046382807284320771970511236606858231649587146","0.51","35.05","0.52","15.27","0.01","51","48","134.27","514.46","11512.90","11526.39","1781805629847","0x6fe6c50e9739f3ec9f319c15d99b69bf1a986466f2ad035b006f6343b0fe7078","68.66000000",,,""
"2","2026-06-18T18:00:38.6342190+00:00","SOL","sol-updown-5m-1781805900","2584886","2026-06-18T18:05:00.0000000+00:00","2026-06-18T18:10:00.0000000+00:00","261.366","-261.366","561.366","Down","19093975118609871406874996908570798158581047681193006965676263914632124416327","0.48","15.27","0.49","35.05","0.01","48","51","514.46","134.27","11526.39","11512.90","1781805629847","0x6fe6c50e9739f3ec9f319c15d99b69bf1a986466f2ad035b006f6343b0fe7078","68.66000000",,,""
"3","2026-06-18T18:01:12.1506192+00:00","BTC","btc-updown-5m-1781805300","2584774","2026-06-18T17:55:00.0000000+00:00","2026-06-18T18:00:00.0000000+00:00","-372.151","372.151","-72.151","Up","100366993284555439229136263731142874057115468471011666953870421192847222766172",,,"0.01","895702.09",,"0","74","0","901382.14","0","1168830.22","1781805662645","0xa29dcb1f54b9d4e75465fcab657a4928c3952dad4b4828bcd9944e11f2b1d070","62630.00000000","62631.60000000","-0.2554620990043364691305990000",""
"3","2026-06-18T18:01:12.1506192+00:00","BTC","btc-updown-5m-1781805300","2584774","2026-06-18T17:55:00.0000000+00:00","2026-06-18T18:00:00.0000000+00:00","-372.151","372.151","-72.151","Down","30945358799682125975622752445436537816479585992099959750063279707586060979279","0.99","895702.09",,,,"74","0","901382.14","0","1168830.22","0","1781805662645","0xa29dcb1f54b9d4e75465fcab657a4928c3952dad4b4828bcd9944e11f2b1d070","62630.00000000","62631.60000000","-0.2554620990043364691305990000",""
"3","2026-06-18T18:01:12.1506192+00:00","ETH","eth-updown-5m-1781805300","2584775","2026-06-18T17:55:00.0000000+00:00","2026-06-18T18:00:00.0000000+00:00","-372.151","372.151","-72.151","Up","84464230807213236425016885238522598164473602253759355671732117397567158540848",,,"0.01","563871.2",,"0","41","0","567941.86","0","750440.11","1781805673520","0x87d522cbec7d7e644ec5485f60d464a56e7495b8797d51a2e9bb26d96d7c7f93","1679.86000000","1679.79000000","0.4167187565112305704879780000",""
"3","2026-06-18T18:01:12.1506192+00:00","ETH","eth-updown-5m-1781805300","2584775","2026-06-18T17:55:00.0000000+00:00","2026-06-18T18:00:00.0000000+00:00","-372.151","372.151","-72.151","Down","36868621506353927085332735174569787095878720872195622300005980530115725386975","0.99","563871.2",,,,"41","0","567941.86","0","750440.11","0","1781805673520","0x87d522cbec7d7e644ec5485f60d464a56e7495b8797d51a2e9bb26d96d7c7f93","1679.86000000","1679.79000000","0.4167187565112305704879780000",""
"3","2026-06-18T18:01:12.1506192+00:00","SOL","sol-updown-5m-1781805300","2584777","2026-06-18T17:55:00.0000000+00:00","2026-06-18T18:00:00.0000000+00:00","-372.151","372.151","-72.151","Up","43590587833960170489458633973229110190958133890499213708362021339678110080916",,,"0.01","466848.77",,"0","36","0","472964.77","0","651060.77","1781805660367","0xa2a7fbb7f3fed9031df9d75228fbf4bfddbc4e8cc4f1fb9015ee7afa5a8bfcef","68.64000000","68.66000000","-2.9129041654529565977279350000",""
"3","2026-06-18T18:01:12.1506192+00:00","SOL","sol-updown-5m-1781805300","2584777","2026-06-18T17:55:00.0000000+00:00","2026-06-18T18:00:00.0000000+00:00","-372.151","372.151","-72.151","Down","64729861947531231910320495939117410106727761033132301855694367299130238199956","0.99","466848.77",,,,"36","0","472964.77","0","651060.77","0","1781805660367","0xa2a7fbb7f3fed9031df9d75228fbf4bfddbc4e8cc4f1fb9015ee7afa5a8bfcef","68.64000000","68.66000000","-2.9129041654529565977279350000",""
"3","2026-06-18T18:01:12.1506192+00:00","SOL","sol-updown-5m-1781805600","2584847","2026-06-18T18:00:00.0000000+00:00","2026-06-18T18:05:00.0000000+00:00","-72.151","72.151","227.849","Up","92887202688210559890269037787373548518364039356424906092889842946664474809719","0.56","12","0.57","43.23","0.0099999999999999","56","43","91.72","295.62","8230.28","5534.08","1781805674299","0x240208a76cd02c37591e0b118ddd74d7caed524a1b0740d840fa5956862c2e6f","68.64000000","68.66000000","-2.9129041654529565977279350000",""
"3","2026-06-18T18:01:12.1506192+00:00","SOL","sol-updown-5m-1781805600","2584847","2026-06-18T18:00:00.0000000+00:00","2026-06-18T18:05:00.0000000+00:00","-72.151","72.151","227.849","Down","42158671632333916299715271514496933316667556269910783091936524939668698929488","0.43","52.63","0.44","47","0.01","43","56","225.02","112.92","5462.78","8256.48","1781805674467","0x240208a76cd02c37591e0b118ddd74d7caed524a1b0740d840fa5956862c2e6f","68.64000000","68.66000000","-2.9129041654529565977279350000",""
"3","2026-06-18T18:01:12.1506192+00:00","ETH","eth-updown-5m-1781805600","2584849","2026-06-18T18:00:00.0000000+00:00","2026-06-18T18:05:00.0000000+00:00","-72.151","72.151","227.849","Up","54440108909645803563712017609209311553790634574167288046576126967603211899968","0.58","289.49","0.59","70.43","0.01","58","41","1734.65","875.18","19813.75","17958.80","1781805674603","0x5321af2dd99ba82f4abd95b18c702fb05268b58967ad15b3afa0fa94ceb284f1","1679.86000000","1679.79000000","0.4167187565112305704879780000",""
"3","2026-06-18T18:01:12.1506192+00:00","ETH","eth-updown-5m-1781805600","2584849","2026-06-18T18:00:00.0000000+00:00","2026-06-18T18:05:00.0000000+00:00","-72.151","72.151","227.849","Down","110358233053529115025378425927539828974870137637838800989881295649187961418248","0.41","70.43","0.42","290.17","0.01","41","58","875.18","1732.93","17952.50","19807.03","1781805674736","0x5321af2dd99ba82f4abd95b18c702fb05268b58967ad15b3afa0fa94ceb284f1","1679.86000000","1679.79000000","0.4167187565112305704879780000",""
"3","2026-06-18T18:01:12.1506192+00:00","BTC","btc-updown-5m-1781805600","2584851","2026-06-18T18:00:00.0000000+00:00","2026-06-18T18:05:00.0000000+00:00","-72.151","72.151","227.849","Up","69551560445088382754714827577620718235813378023082728222424940352395440970822","0.63","487.2","0.64","807.56","0.01","63","36","5041.73","4312.06","60588.30","51706.86","1781805674872","0xba71c99d7fb34fe556a1fa3203307333821ff8ed1d5297b70313adbdf2ff9b26","62630.00000000","62631.60000000","-0.2554620990043364691305990000",""
"3","2026-06-18T18:01:12.1506192+00:00","BTC","btc-updown-5m-1781805600","2584851","2026-06-18T18:00:00.0000000+00:00","2026-06-18T18:05:00.0000000+00:00","-72.151","72.151","227.849","Down","20195300913110956058442138189418940832885706023824964145401620330744384196382","0.36","851.6","0.37","439.2","0.01","36","63","4376.10","4993.73","51765.90","61035.30","1781805675000","0xba71c99d7fb34fe556a1fa3203307333821ff8ed1d5297b70313adbdf2ff9b26","62630.00000000","62631.60000000","-0.2554620990043364691305990000",""
"3","2026-06-18T18:01:12.1506192+00:00","ETH","eth-updown-5m-1781805900","2584884","2026-06-18T18:05:00.0000000+00:00","2026-06-18T18:10:00.0000000+00:00","227.849","-227.849","527.849","Up","87638470687256180789625872353959436232072330222476306766552913512268745202636","0.51","95.05","0.52","50.66","0.01","51","48","295.20","1161.44","25530.55","25522.91","1781805674172","0xc4848f78d533e55544fdde0ded280ad7ca5126882d67812d9248377570186e23","1679.86000000",,,""
"3","2026-06-18T18:01:12.1506192+00:00","ETH","eth-updown-5m-1781805900","2584884","2026-06-18T18:05:00.0000000+00:00","2026-06-18T18:10:00.0000000+00:00","227.849","-227.849","527.849","Down","6433665683337383870393395622078943490078528184181542297078329973561292970114","0.48","50.66","0.49","95.05","0.01","48","51","1161.44","295.20","25522.91","25530.55","1781805674172","0xc4848f78d533e55544fdde0ded280ad7ca5126882d67812d9248377570186e23","1679.86000000",,,""
"3","2026-06-18T18:01:12.1506192+00:00","BTC","btc-updown-5m-1781805900","2584885","2026-06-18T18:05:00.0000000+00:00","2026-06-18T18:10:00.0000000+00:00","227.849","-227.849","527.849","Up","84992519852971935377829666695110129200269350761576584997248599646134881919776","0.5","1300.25","0.51","459.34","0.01","50","49","2157.76","3203.50","45152.54","49033.59","1781805672117","0x8506535a52f6b682f53f20d77739545978544028b27e4ab3c2609a3b21b32096","62630.00000000",,,""
"3","2026-06-18T18:01:12.1506192+00:00","BTC","btc-updown-5m-1781805900","2584885","2026-06-18T18:05:00.0000000+00:00","2026-06-18T18:10:00.0000000+00:00","227.849","-227.849","527.849","Down","42465430903139473100546293101713411666359504294071645838614940811631751292310","0.49","459.34","0.5","1300.25","0.01","49","50","3203.50","2157.76","49033.59","45152.54","1781805672117","0x8506535a52f6b682f53f20d77739545978544028b27e4ab3c2609a3b21b32096","62630.00000000",,,""
"3","2026-06-18T18:01:12.1506192+00:00","SOL","sol-updown-5m-1781805900","2584886","2026-06-18T18:05:00.0000000+00:00","2026-06-18T18:10:00.0000000+00:00","227.849","-227.849","527.849","Up","17918595972159669296704757368041046382807284320771970511236606858231649587146","0.51","35.05","0.52","10.2","0.01","50","48","168.55","608.39","12949.16","12988.89","1781805672155","0x6fe6c50e9739f3ec9f319c15d99b69bf1a986466f2ad035b006f6343b0fe7078","68.64000000",,,""
"3","2026-06-18T18:01:12.1506192+00:00","SOL","sol-updown-5m-1781805900","2584886","2026-06-18T18:05:00.0000000+00:00","2026-06-18T18:10:00.0000000+00:00","227.849","-227.849","527.849","Down","19093975118609871406874996908570798158581047681193006965676263914632124416327","0.48","10.2","0.49","35.05","0.01","48","50","608.39","168.55","12988.89","12949.16","1781805672155","0x6fe6c50e9739f3ec9f319c15d99b69bf1a986466f2ad035b006f6343b0fe7078","68.64000000",,,""
"4","2026-06-18T18:01:46.7054402+00:00","BTC","btc-updown-5m-1781805300","2584774","2026-06-18T17:55:00.0000000+00:00","2026-06-18T18:00:00.0000000+00:00","-406.705","406.705","-106.705","Up","100366993284555439229136263731142874057115468471011666953870421192847222766172",,,"0.001","330715.6",,"0","77","0","1226255.04","0","1497839.12","1781805695200","0xa29dcb1f54b9d4e75465fcab657a4928c3952dad4b4828bcd9944e11f2b1d070","62600.01000000","62631.60000000","-5.0437798172168681623972560000",""
"4","2026-06-18T18:01:46.7054402+00:00","BTC","btc-updown-5m-1781805300","2584774","2026-06-18T17:55:00.0000000+00:00","2026-06-18T18:00:00.0000000+00:00","-406.705","406.705","-106.705","Down","30945358799682125975622752445436537816479585992099959750063279707586060979279","0.999","330715.6",,,,"77","0","1226255.04","0","1497839.12","0","1781805695200","0xa29dcb1f54b9d4e75465fcab657a4928c3952dad4b4828bcd9944e11f2b1d070","62600.01000000","62631.60000000","-5.0437798172168681623972560000",""
"4","2026-06-18T18:01:46.7054402+00:00","ETH","eth-updown-5m-1781805300","2584775","2026-06-18T17:55:00.0000000+00:00","2026-06-18T18:00:00.0000000+00:00","-406.705","406.705","-106.705","Up","84464230807213236425016885238522598164473602253759355671732117397567158540848",,,"0.001","234859.45",,"0","44","0","796678.28","0","983301.79","1781805707000","0x87d522cbec7d7e644ec5485f60d464a56e7495b8797d51a2e9bb26d96d7c7f93","1679.11000000","1679.79000000","-4.0481250632519541133117830000",""
"4","2026-06-18T18:01:46.7054402+00:00","ETH","eth-updown-5m-1781805300","2584775","2026-06-18T17:55:00.0000000+00:00","2026-06-18T18:00:00.0000000+00:00","-406.705","406.705","-106.705","Down","36868621506353927085332735174569787095878720872195622300005980530115725386975","0.999","234859.45",,,,"44","0","796678.28","0","983301.79","0","1781805707000","0x87d522cbec7d7e644ec5485f60d464a56e7495b8797d51a2e9bb26d96d7c7f93","1679.11000000","1679.79000000","-4.0481250632519541133117830000",""
"4","2026-06-18T18:01:46.7054402+00:00","SOL","sol-updown-5m-1781805300","2584777","2026-06-18T17:55:00.0000000+00:00","2026-06-18T18:00:00.0000000+00:00","-406.705","406.705","-106.705","Up","43590587833960170489458633973229110190958133890499213708362021339678110080916",,,"0.001","173406.52",,"0","39","0","641366.49","0","823581.49","1781805692024","0xa2a7fbb7f3fed9031df9d75228fbf4bfddbc4e8cc4f1fb9015ee7afa5a8bfcef","68.50000000","68.66000000","-23.303233323623652781823478000",""
"4","2026-06-18T18:01:46.7054402+00:00","SOL","sol-updown-5m-1781805300","2584777","2026-06-18T17:55:00.0000000+00:00","2026-06-18T18:00:00.0000000+00:00","-406.705","406.705","-106.705","Down","64729861947531231910320495939117410106727761033132301855694367299130238199956","0.999","173406.52",,,,"39","0","641366.49","0","823581.49","0","1781805692024","0xa2a7fbb7f3fed9031df9d75228fbf4bfddbc4e8cc4f1fb9015ee7afa5a8bfcef","68.50000000","68.66000000","-23.303233323623652781823478000",""
"4","2026-06-18T18:01:46.7054402+00:00","SOL","sol-updown-5m-1781805600","2584847","2026-06-18T18:00:00.0000000+00:00","2026-06-18T18:05:00.0000000+00:00","-106.705","106.705","193.295","Up","92887202688210559890269037787373548518364039356424906092889842946664474809719","0.12","81.78","0.13","492.72","0.01","12","86","516.77","723.29","2919.12","6856.72","1781805708537","0x240208a76cd02c37591e0b118ddd74d7caed524a1b0740d840fa5956862c2e6f","68.50000000","68.66000000","-23.303233323623652781823478000",""
"4","2026-06-18T18:01:46.7054402+00:00","SOL","sol-updown-5m-1781805600","2584847","2026-06-18T18:00:00.0000000+00:00","2026-06-18T18:05:00.0000000+00:00","-106.705","106.705","193.295","Down","42158671632333916299715271514496933316667556269910783091936524939668698929488","0.87","525.75","0.88","81.78","0.01","86","12","756.32","529.77","6791.65","2952.12","1781805708720","0x240208a76cd02c37591e0b118ddd74d7caed524a1b0740d840fa5956862c2e6f","68.50000000","68.66000000","-23.303233323623652781823478000",""
"4","2026-06-18T18:01:46.7054402+00:00","ETH","eth-updown-5m-1781805600","2584849","2026-06-18T18:00:00.0000000+00:00","2026-06-18T18:05:00.0000000+00:00","-106.705","106.705","193.295","Up","54440108909645803563712017609209311553790634574167288046576126967603211899968","0.38","280.58","0.39","6.45","0.01","38","61","1482.14","819.20","16273.55","19021.52","1781805708826","0x5321af2dd99ba82f4abd95b18c702fb05268b58967ad15b3afa0fa94ceb284f1","1679.11000000","1679.79000000","-4.0481250632519541133117830000",""
"4","2026-06-18T18:01:46.7054402+00:00","ETH","eth-updown-5m-1781805600","2584849","2026-06-18T18:00:00.0000000+00:00","2026-06-18T18:05:00.0000000+00:00","-106.705","106.705","193.295","Down","110358233053529115025378425927539828974870137637838800989881295649187961418248","0.6","22.91","0.62","280.58","0.02","60","38","1083.95","1482.14","19020.67","16283.55","1781805709069","0x5321af2dd99ba82f4abd95b18c702fb05268b58967ad15b3afa0fa94ceb284f1","1679.11000000","1679.79000000","-4.0481250632519541133117830000",""
"4","2026-06-18T18:01:46.7054402+00:00","BTC","btc-updown-5m-1781805600","2584851","2026-06-18T18:00:00.0000000+00:00","2026-06-18T18:05:00.0000000+00:00","-106.705","106.705","193.295","Up","69551560445088382754714827577620718235813378023082728222424940352395440970822","0.43","237.5","0.44","1680.58","0.01","43","56","3264.73","7847.26","52000.89","61533.73","1781805709218","0xba71c99d7fb34fe556a1fa3203307333821ff8ed1d5297b70313adbdf2ff9b26","62600.01000000","62631.60000000","-5.0437798172168681623972560000",""
"4","2026-06-18T18:01:46.7054402+00:00","BTC","btc-updown-5m-1781805600","2584851","2026-06-18T18:00:00.0000000+00:00","2026-06-18T18:05:00.0000000+00:00","-106.705","106.705","193.295","Down","20195300913110956058442138189418940832885706023824964145401620330744384196382","0.56","572.82","0.57","1190.26","0.0099999999999999","56","43","4254.64","4559.34","57431.17","50706.63","1781805709507","0xba71c99d7fb34fe556a1fa3203307333821ff8ed1d5297b70313adbdf2ff9b26","62600.01000000","62631.60000000","-5.0437798172168681623972560000",""
"4","2026-06-18T18:01:46.7054402+00:00","ETH","eth-updown-5m-1781805900","2584884","2026-06-18T18:05:00.0000000+00:00","2026-06-18T18:10:00.0000000+00:00","193.295","-193.295","493.295","Up","87638470687256180789625872353959436232072330222476306766552913512268745202636","0.51","95.05","0.52","10.66","0.01","51","48","295.20","1041.44","21674.62","21751.98","1781805707826","0xc4848f78d533e55544fdde0ded280ad7ca5126882d67812d9248377570186e23","1679.11000000",,,""
"4","2026-06-18T18:01:46.7054402+00:00","ETH","eth-updown-5m-1781805900","2584884","2026-06-18T18:05:00.0000000+00:00","2026-06-18T18:10:00.0000000+00:00","193.295","-193.295","493.295","Down","6433665683337383870393395622078943490078528184181542297078329973561292970114","0.48","10.66","0.49","95.05","0.01","48","51","1041.44","295.20","21751.98","21674.62","1781805707826","0xc4848f78d533e55544fdde0ded280ad7ca5126882d67812d9248377570186e23","1679.11000000",,,""
"4","2026-06-18T18:01:46.7054402+00:00","BTC","btc-updown-5m-1781805900","2584885","2026-06-18T18:05:00.0000000+00:00","2026-06-18T18:10:00.0000000+00:00","193.295","-193.295","493.295","Up","84992519852971935377829666695110129200269350761576584997248599646134881919776","0.5","1300.25","0.51","457.45","0.01","50","49","2062.76","2456.61","40502.04","44571.35","1781805708606","0x8506535a52f6b682f53f20d77739545978544028b27e4ab3c2609a3b21b32096","62600.01000000",,,""
"4","2026-06-18T18:01:46.7054402+00:00","BTC","btc-updown-5m-1781805900","2584885","2026-06-18T18:05:00.0000000+00:00","2026-06-18T18:10:00.0000000+00:00","193.295","-193.295","493.295","Down","42465430903139473100546293101713411666359504294071645838614940811631751292310","0.49","457.45","0.5","1300.25","0.01","49","50","2456.61","2062.76","44571.35","40502.04","1781805708606","0x8506535a52f6b682f53f20d77739545978544028b27e4ab3c2609a3b21b32096","62600.01000000",,,""
"4","2026-06-18T18:01:46.7054402+00:00","SOL","sol-updown-5m-1781805900","2584886","2026-06-18T18:05:00.0000000+00:00","2026-06-18T18:10:00.0000000+00:00","193.295","-193.295","493.295","Up","17918595972159669296704757368041046382807284320771970511236606858231649587146","0.51","35.05","0.52","18.2","0.01","50","48","148.55","656.39","11081.16","11082.65","1781805709358","0x6fe6c50e9739f3ec9f319c15d99b69bf1a986466f2ad035b006f6343b0fe7078","68.50000000",,,""
"4","2026-06-18T18:01:46.7054402+00:00","SOL","sol-updown-5m-1781805900","2584886","2026-06-18T18:05:00.0000000+00:00","2026-06-18T18:10:00.0000000+00:00","193.295","-193.295","493.295","Down","19093975118609871406874996908570798158581047681193006965676263914632124416327","0.48","18.2","0.49","35.05","0.01","48","50","656.39","148.55","11082.65","11081.16","1781805709358","0x6fe6c50e9739f3ec9f319c15d99b69bf1a986466f2ad035b006f6343b0fe7078","68.50000000",,,""
"5","2026-06-18T18:02:21.1136942+00:00","BTC","btc-updown-5m-1781805300","2584774","2026-06-18T17:55:00.0000000+00:00","2026-06-18T18:00:00.0000000+00:00","-441.114","441.114","-141.114","Up","100366993284555439229136263731142874057115468471011666953870421192847222766172",,,"0.001","330715.6",,"0","77","0","1225789.22","0","1497253.30","1781805741000","0xa29dcb1f54b9d4e75465fcab657a4928c3952dad4b4828bcd9944e11f2b1d070","62644.72000000","62631.60000000","2.0947892118355590468709090000",""
"5","2026-06-18T18:02:21.1136942+00:00","BTC","btc-updown-5m-1781805300","2584774","2026-06-18T17:55:00.0000000+00:00","2026-06-18T18:00:00.0000000+00:00","-441.114","441.114","-141.114","Down","30945358799682125975622752445436537816479585992099959750063279707586060979279","0.999","330715.6",,,,"77","0","1225789.22","0","1497253.30","0","1781805741000","0xa29dcb1f54b9d4e75465fcab657a4928c3952dad4b4828bcd9944e11f2b1d070","62644.72000000","62631.60000000","2.0947892118355590468709090000",""
"5","2026-06-18T18:02:21.1136942+00:00","ETH","eth-updown-5m-1781805300","2584775","2026-06-18T17:55:00.0000000+00:00","2026-06-18T18:00:00.0000000+00:00","-441.114","441.114","-141.114","Up","84464230807213236425016885238522598164473602253759355671732117397567158540848",,,"0.001","234859.45",,"0","43","0","796172.46","0","982785.97","1781805741000","0x87d522cbec7d7e644ec5485f60d464a56e7495b8797d51a2e9bb26d96d7c7f93","1681.20000000","1679.79000000","8.393906381154787205543550000",""
"5","2026-06-18T18:02:21.1136942+00:00","ETH","eth-updown-5m-1781805300","2584775","2026-06-18T17:55:00.0000000+00:00","2026-06-18T18:00:00.0000000+00:00","-441.114","441.114","-141.114","Down","36868621506353927085332735174569787095878720872195622300005980530115725386975","0.999","234859.45",,,,"43","0","796172.46","0","982785.97","0","1781805741000","0x87d522cbec7d7e644ec5485f60d464a56e7495b8797d51a2e9bb26d96d7c7f93","1681.20000000","1679.79000000","8.393906381154787205543550000",""
"5","2026-06-18T18:02:21.1136942+00:00","SOL","sol-updown-5m-1781805300","2584777","2026-06-18T17:55:00.0000000+00:00","2026-06-18T18:00:00.0000000+00:00","-441.114","441.114","-141.114","Up","43590587833960170489458633973229110190958133890499213708362021339678110080916",,,"0.001","173406.52",,"0","39","0","640985.67","0","823200.67","1781805721000","0xa2a7fbb7f3fed9031df9d75228fbf4bfddbc4e8cc4f1fb9015ee7afa5a8bfcef","68.57000000","68.66000000","-13.108068744538304689775706000",""
"5","2026-06-18T18:02:21.1136942+00:00","SOL","sol-updown-5m-1781805300","2584777","2026-06-18T17:55:00.0000000+00:00","2026-06-18T18:00:00.0000000+00:00","-441.114","441.114","-141.114","Down","64729861947531231910320495939117410106727761033132301855694367299130238199956","0.999","173406.52",,,,"39","0","640985.67","0","823200.67","0","1781805721000","0xa2a7fbb7f3fed9031df9d75228fbf4bfddbc4e8cc4f1fb9015ee7afa5a8bfcef","68.57000000","68.66000000","-13.108068744538304689775706000",""
"5","2026-06-18T18:02:21.1136942+00:00","SOL","sol-updown-5m-1781805600","2584847","2026-06-18T18:00:00.0000000+00:00","2026-06-18T18:05:00.0000000+00:00","-141.114","141.114","158.886","Up","92887202688210559890269037787373548518364039356424906092889842946664474809719","0.27","125.12","0.28","17.6","0.01","27","72","459.30","111.60","3468.81","5951.42","1781805742257","0x240208a76cd02c37591e0b118ddd74d7caed524a1b0740d840fa5956862c2e6f","68.57000000","68.66000000","-13.108068744538304689775706000",""
"5","2026-06-18T18:02:21.1136942+00:00","SOL","sol-updown-5m-1781805600","2584847","2026-06-18T18:00:00.0000000+00:00","2026-06-18T18:05:00.0000000+00:00","-141.114","141.114","158.886","Down","42158671632333916299715271514496933316667556269910783091936524939668698929488","0.72","54.83","0.73","18.4","0.01","72","27","148.47","137.86","5998.79","3047.37","1781805742589","0x240208a76cd02c37591e0b118ddd74d7caed524a1b0740d840fa5956862c2e6f","68.57000000","68.66000000","-13.108068744538304689775706000",""
"5","2026-06-18T18:02:21.1136942+00:00","ETH","eth-updown-5m-1781805600","2584849","2026-06-18T18:00:00.0000000+00:00","2026-06-18T18:05:00.0000000+00:00","-141.114","141.114","158.886","Up","54440108909645803563712017609209311553790634574167288046576126967603211899968","0.71","5.79","0.72","69","0.01","71","28","192.79","1346.93","15775.91","12401.96","1781805742744","0x5321af2dd99ba82f4abd95b18c702fb05268b58967ad15b3afa0fa94ceb284f1","1681.20000000","1679.79000000","8.393906381154787205543550000",""
"5","2026-06-18T18:02:21.1136942+00:00","ETH","eth-updown-5m-1781805600","2584849","2026-06-18T18:00:00.0000000+00:00","2026-06-18T18:05:00.0000000+00:00","-141.114","141.114","158.886","Down","110358233053529115025378425927539828974870137637838800989881295649187961418248","0.29","239.92","0.3","15.39","0.01","29","70","1514.68","345.39","13992.41","15856.93","1781805742898","0x5321af2dd99ba82f4abd95b18c702fb05268b58967ad15b3afa0fa94ceb284f1","1681.20000000","1679.79000000","8.393906381154787205543550000",""
"5","2026-06-18T18:02:21.1136942+00:00","BTC","btc-updown-5m-1781805600","2584851","2026-06-18T18:00:00.0000000+00:00","2026-06-18T18:05:00.0000000+00:00","-141.114","141.114","158.886","Up","69551560445088382754714827577620718235813378023082728222424940352395440970822","0.7","30","0.71","1723.09","0.01","70","29","1477.48","6398.73","54509.48","39765.58","1781805743093","0xba71c99d7fb34fe556a1fa3203307333821ff8ed1d5297b70313adbdf2ff9b26","62644.72000000","62631.60000000","2.0947892118355590468709090000",""
"5","2026-06-18T18:02:21.1136942+00:00","BTC","btc-updown-5m-1781805600","2584851","2026-06-18T18:00:00.0000000+00:00","2026-06-18T18:05:00.0000000+00:00","-141.114","141.114","158.886","Down","20195300913110956058442138189418940832885706023824964145401620330744384196382","0.29","1926.54","0.31","232.52","0.02","29","69","7220.58","2672.03","40791.04","57406.11","1781805743305","0xba71c99d7fb34fe556a1fa3203307333821ff8ed1d5297b70313adbdf2ff9b26","62644.72000000","62631.60000000","2.0947892118355590468709090000",""
"5","2026-06-18T18:02:21.1136942+00:00","ETH","eth-updown-5m-1781805900","2584884","2026-06-18T18:05:00.0000000+00:00","2026-06-18T18:10:00.0000000+00:00","158.886","-158.886","458.886","Up","87638470687256180789625872353959436232072330222476306766552913512268745202636","0.51","20.05","0.52","85.66","0.01","51","48","335.20","1056.44","25211.62","25408.98","1781805743147","0xc4848f78d533e55544fdde0ded280ad7ca5126882d67812d9248377570186e23","1681.20000000",,,""
"5","2026-06-18T18:02:21.1136942+00:00","ETH","eth-updown-5m-1781805900","2584884","2026-06-18T18:05:00.0000000+00:00","2026-06-18T18:10:00.0000000+00:00","158.886","-158.886","458.886","Down","6433665683337383870393395622078943490078528184181542297078329973561292970114","0.48","85.66","0.49","20.05","0.01","48","51","1056.44","335.20","25408.98","25211.62","1781805743147","0xc4848f78d533e55544fdde0ded280ad7ca5126882d67812d9248377570186e23","1681.20000000",,,""
"5","2026-06-18T18:02:21.1136942+00:00","BTC","btc-updown-5m-1781805900","2584885","2026-06-18T18:05:00.0000000+00:00","2026-06-18T18:10:00.0000000+00:00","158.886","-158.886","458.886","Up","84992519852971935377829666695110129200269350761576584997248599646134881919776","0.5","1300.25","0.51","457.45","0.01","50","49","2157.76","3206.61","47862.66","51768.35","1781805743009","0x8506535a52f6b682f53f20d77739545978544028b27e4ab3c2609a3b21b32096","62644.72000000",,,""
"5","2026-06-18T18:02:21.1136942+00:00","BTC","btc-updown-5m-1781805900","2584885","2026-06-18T18:05:00.0000000+00:00","2026-06-18T18:10:00.0000000+00:00","158.886","-158.886","458.886","Down","42465430903139473100546293101713411666359504294071645838614940811631751292310","0.49","457.45","0.5","1300.25","0.01","49","50","3206.61","2157.76","51741.82","47862.66","1781805744011","0x8506535a52f6b682f53f20d77739545978544028b27e4ab3c2609a3b21b32096","62644.72000000",,,""
"5","2026-06-18T18:02:21.1136942+00:00","SOL","sol-updown-5m-1781805900","2584886","2026-06-18T18:05:00.0000000+00:00","2026-06-18T18:10:00.0000000+00:00","158.886","-158.886","458.886","Up","17918595972159669296704757368041046382807284320771970511236606858231649587146","0.51","35.05","0.52","43.25","0.01","50","48","128.55","716.44","14173.16","14179.70","1781805741102","0x6fe6c50e9739f3ec9f319c15d99b69bf1a986466f2ad035b006f6343b0fe7078","68.57000000",,,""
"5","2026-06-18T18:02:21.1136942+00:00","SOL","sol-updown-5m-1781805900","2584886","2026-06-18T18:05:00.0000000+00:00","2026-06-18T18:10:00.0000000+00:00","158.886","-158.886","458.886","Down","19093975118609871406874996908570798158581047681193006965676263914632124416327","0.48","43.25","0.49","35.05","0.01","48","50","716.44","128.55","14179.70","14173.16","1781805741102","0x6fe6c50e9739f3ec9f319c15d99b69bf1a986466f2ad035b006f6343b0fe7078","68.57000000",,,""
"6","2026-06-18T18:02:55.1205672+00:00","BTC","btc-updown-5m-1781805300","2584774","2026-06-18T17:55:00.0000000+00:00","2026-06-18T18:00:00.0000000+00:00","-475.121","475.121","-175.121","Up","100366993284555439229136263731142874057115468471011666953870421192847222766172",,,,,,"0","0",,,,,"","","62628.16000000","62631.60000000","-0.5492435128593234086307870000","The remote server returned an error: (404) Not Found."
"6","2026-06-18T18:02:55.1205672+00:00","BTC","btc-updown-5m-1781805300","2584774","2026-06-18T17:55:00.0000000+00:00","2026-06-18T18:00:00.0000000+00:00","-475.121","475.121","-175.121","Down","30945358799682125975622752445436537816479585992099959750063279707586060979279",,,,,,"0","0",,,,,"","","62628.16000000","62631.60000000","-0.5492435128593234086307870000","The remote server returned an error: (404) Not Found."
"6","2026-06-18T18:02:55.1205672+00:00","ETH","eth-updown-5m-1781805300","2584775","2026-06-18T17:55:00.0000000+00:00","2026-06-18T18:00:00.0000000+00:00","-475.121","475.121","-175.121","Up","84464230807213236425016885238522598164473602253759355671732117397567158540848",,,,,,"0","0",,,,,"","","1679.52000000","1679.79000000","-1.6073437751147464861679140000","The remote server returned an error: (404) Not Found."
"6","2026-06-18T18:02:55.1205672+00:00","ETH","eth-updown-5m-1781805300","2584775","2026-06-18T17:55:00.0000000+00:00","2026-06-18T18:00:00.0000000+00:00","-475.121","475.121","-175.121","Down","36868621506353927085332735174569787095878720872195622300005980530115725386975",,,,,,"0","0",,,,,"","","1679.52000000","1679.79000000","-1.6073437751147464861679140000","The remote server returned an error: (404) Not Found."
"6","2026-06-18T18:02:55.1205672+00:00","SOL","sol-updown-5m-1781805300","2584777","2026-06-18T17:55:00.0000000+00:00","2026-06-18T18:00:00.0000000+00:00","-475.121","475.121","-175.121","Up","43590587833960170489458633973229110190958133890499213708362021339678110080916",,,,,,"0","0",,,,,"","","68.48000000","68.66000000","-26.216137489076609379551413000","The remote server returned an error: (404) Not Found."
"6","2026-06-18T18:02:55.1205672+00:00","SOL","sol-updown-5m-1781805300","2584777","2026-06-18T17:55:00.0000000+00:00","2026-06-18T18:00:00.0000000+00:00","-475.121","475.121","-175.121","Down","64729861947531231910320495939117410106727761033132301855694367299130238199956",,,,,,"0","0",,,,,"","","68.48000000","68.66000000","-26.216137489076609379551413000","The remote server returned an error: (404) Not Found."
"6","2026-06-18T18:02:55.1205672+00:00","SOL","sol-updown-5m-1781805600","2584847","2026-06-18T18:00:00.0000000+00:00","2026-06-18T18:05:00.0000000+00:00","-175.121","175.121","124.879","Up","92887202688210559890269037787373548518364039356424906092889842946664474809719","0.09","12","0.1","95.31","0.01","9","90","689.69","657.44","2695.21","6971.00","1781805776174","0x240208a76cd02c37591e0b118ddd74d7caed524a1b0740d840fa5956862c2e6f","68.48000000","68.66000000","-26.216137489076609379551413000",""
"6","2026-06-18T18:02:55.1205672+00:00","SOL","sol-updown-5m-1781805600","2584847","2026-06-18T18:00:00.0000000+00:00","2026-06-18T18:05:00.0000000+00:00","-175.121","175.121","124.879","Down","42158671632333916299715271514496933316667556269910783091936524939668698929488","0.9","95.31","0.91","12","0.01","90","9","657.44","716.94","6971.00","2688.75","1781805776369","0x240208a76cd02c37591e0b118ddd74d7caed524a1b0740d840fa5956862c2e6f","68.48000000","68.66000000","-26.216137489076609379551413000",""
"6","2026-06-18T18:02:55.1205672+00:00","ETH","eth-updown-5m-1781805600","2584849","2026-06-18T18:00:00.0000000+00:00","2026-06-18T18:05:00.0000000+00:00","-175.121","175.121","124.879","Up","54440108909645803563712017609209311553790634574167288046576126967603211899968","0.48","132.73","0.49","270.31","0.01","48","51","699.58","1338.62","13669.09","19909.45","1781805776528","0x5321af2dd99ba82f4abd95b18c702fb05268b58967ad15b3afa0fa94ceb284f1","1679.52000000","1679.79000000","-1.6073437751147464861679140000",""
"6","2026-06-18T18:02:55.1205672+00:00","ETH","eth-updown-5m-1781805600","2584849","2026-06-18T18:00:00.0000000+00:00","2026-06-18T18:05:00.0000000+00:00","-175.121","175.121","124.879","Down","110358233053529115025378425927539828974870137637838800989881295649187961418248","0.51","246.31","0.52","17.73","0.01","51","48","1281.33","584.58","20857.16","14415.94","1781805776705","0x5321af2dd99ba82f4abd95b18c702fb05268b58967ad15b3afa0fa94ceb284f1","1679.52000000","1679.79000000","-1.6073437751147464861679140000",""
"6","2026-06-18T18:02:55.1205672+00:00","BTC","btc-updown-5m-1781805600","2584851","2026-06-18T18:00:00.0000000+00:00","2026-06-18T18:05:00.0000000+00:00","-175.121","175.121","124.879","Up","69551560445088382754714827577620718235813378023082728222424940352395440970822","0.62","592.83","0.63","806.64","0.01","62","37","2632.08","3693.79","54442.46","46461.31","1781805776987","0xba71c99d7fb34fe556a1fa3203307333821ff8ed1d5297b70313adbdf2ff9b26","62628.16000000","62631.60000000","-0.5492435128593234086307870000",""
"6","2026-06-18T18:02:55.1205672+00:00","BTC","btc-updown-5m-1781805600","2584851","2026-06-18T18:00:00.0000000+00:00","2026-06-18T18:05:00.0000000+00:00","-175.121","175.121","124.879","Down","20195300913110956058442138189418940832885706023824964145401620330744384196382","0.37","855.8","0.38","620.17","0.01","37","62","3740.49","2775.36","46381.51","54239.52","1781805777165","0xba71c99d7fb34fe556a1fa3203307333821ff8ed1d5297b70313adbdf2ff9b26","62628.16000000","62631.60000000","-0.5492435128593234086307870000",""
"6","2026-06-18T18:02:55.1205672+00:00","ETH","eth-updown-5m-1781805900","2584884","2026-06-18T18:05:00.0000000+00:00","2026-06-18T18:10:00.0000000+00:00","124.879","-124.879","424.879","Up","87638470687256180789625872353959436232072330222476306766552913512268745202636","0.51","95.05","0.52","50.66","0.01","51","48","295.20","1176.44","25401.62","25398.98","1781805775369","0xc4848f78d533e55544fdde0ded280ad7ca5126882d67812d9248377570186e23","1679.52000000",,,""
"6","2026-06-18T18:02:55.1205672+00:00","ETH","eth-updown-5m-1781805900","2584884","2026-06-18T18:05:00.0000000+00:00","2026-06-18T18:10:00.0000000+00:00","124.879","-124.879","424.879","Down","6433665683337383870393395622078943490078528184181542297078329973561292970114","0.48","50.66","0.49","95.05","0.01","48","51","1176.44","295.20","25398.98","25401.62","1781805775369","0xc4848f78d533e55544fdde0ded280ad7ca5126882d67812d9248377570186e23","1679.52000000",,,""
"6","2026-06-18T18:02:55.1205672+00:00","BTC","btc-updown-5m-1781805900","2584885","2026-06-18T18:05:00.0000000+00:00","2026-06-18T18:10:00.0000000+00:00","124.879","-124.879","424.879","Up","84992519852971935377829666695110129200269350761576584997248599646134881919776","0.5","1280.25","0.51","442.45","0.01","50","49","2137.76","3206.61","47887.66","51741.82","1781805777373","0x8506535a52f6b682f53f20d77739545978544028b27e4ab3c2609a3b21b32096","62628.16000000",,,""
"6","2026-06-18T18:02:55.1205672+00:00","BTC","btc-updown-5m-1781805900","2584885","2026-06-18T18:05:00.0000000+00:00","2026-06-18T18:10:00.0000000+00:00","124.879","-124.879","424.879","Down","42465430903139473100546293101713411666359504294071645838614940811631751292310","0.49","442.45","0.5","1280.25","0.01","49","50","3206.61","2137.76","51741.82","47887.66","1781805777373","0x8506535a52f6b682f53f20d77739545978544028b27e4ab3c2609a3b21b32096","62628.16000000",,,""
"6","2026-06-18T18:02:55.1205672+00:00","SOL","sol-updown-5m-1781805900","2584886","2026-06-18T18:05:00.0000000+00:00","2026-06-18T18:10:00.0000000+00:00","124.879","-124.879","424.879","Up","17918595972159669296704757368041046382807284320771970511236606858231649587146","0.51","35.05","0.52","23.25","0.01","50","48","148.55","656.44","14163.16","14169.70","1781805771629","0x6fe6c50e9739f3ec9f319c15d99b69bf1a986466f2ad035b006f6343b0fe7078","68.48000000",,,""
"6","2026-06-18T18:02:55.1205672+00:00","SOL","sol-updown-5m-1781805900","2584886","2026-06-18T18:05:00.0000000+00:00","2026-06-18T18:10:00.0000000+00:00","124.879","-124.879","424.879","Down","19093975118609871406874996908570798158581047681193006965676263914632124416327","0.48","23.25","0.49","35.05","0.01","48","50","656.44","148.55","14169.70","14163.16","1781805771629","0x6fe6c50e9739f3ec9f319c15d99b69bf1a986466f2ad035b006f6343b0fe7078","68.48000000",,,""
"7","2026-06-18T18:03:29.0435694+00:00","BTC","btc-updown-5m-1781805300","2584774","2026-06-18T17:55:00.0000000+00:00","2026-06-18T18:00:00.0000000+00:00","-509.044","509.044","-209.044","Up","100366993284555439229136263731142874057115468471011666953870421192847222766172",,,,,,"0","0",,,,,"","","62654.00000000","62631.60000000","3.5764693860607105678283810000","The remote server returned an error: (404) Not Found."
"7","2026-06-18T18:03:29.0435694+00:00","BTC","btc-updown-5m-1781805300","2584774","2026-06-18T17:55:00.0000000+00:00","2026-06-18T18:00:00.0000000+00:00","-509.044","509.044","-209.044","Down","30945358799682125975622752445436537816479585992099959750063279707586060979279",,,,,,"0","0",,,,,"","","62654.00000000","62631.60000000","3.5764693860607105678283810000","The remote server returned an error: (404) Not Found."
"7","2026-06-18T18:03:29.0435694+00:00","ETH","eth-updown-5m-1781805300","2584775","2026-06-18T17:55:00.0000000+00:00","2026-06-18T18:00:00.0000000+00:00","-509.044","509.044","-209.044","Up","84464230807213236425016885238522598164473602253759355671732117397567158540848",,,,,,"0","0",,,,,"","","1679.45000000","1679.79000000","-2.0240625316259770566558920000","The remote server returned an error: (404) Not Found."
"7","2026-06-18T18:03:29.0435694+00:00","ETH","eth-updown-5m-1781805300","2584775","2026-06-18T17:55:00.0000000+00:00","2026-06-18T18:00:00.0000000+00:00","-509.044","509.044","-209.044","Down","36868621506353927085332735174569787095878720872195622300005980530115725386975",,,,,,"0","0",,,,,"","","1679.45000000","1679.79000000","-2.0240625316259770566558920000","The remote server returned an error: (404) Not Found."
"7","2026-06-18T18:03:29.0435694+00:00","SOL","sol-updown-5m-1781805300","2584777","2026-06-18T17:55:00.0000000+00:00","2026-06-18T18:00:00.0000000+00:00","-509.044","509.044","-209.044","Up","43590587833960170489458633973229110190958133890499213708362021339678110080916",,,,,,"0","0",,,,,"","","68.53000000","68.66000000","-18.933877075444217885231576000","The remote server returned an error: (404) Not Found."
"7","2026-06-18T18:03:29.0435694+00:00","SOL","sol-updown-5m-1781805300","2584777","2026-06-18T17:55:00.0000000+00:00","2026-06-18T18:00:00.0000000+00:00","-509.044","509.044","-209.044","Down","64729861947531231910320495939117410106727761033132301855694367299130238199956",,,,,,"0","0",,,,,"","","68.53000000","68.66000000","-18.933877075444217885231576000","The remote server returned an error: (404) Not Found."
"7","2026-06-18T18:03:29.0435694+00:00","SOL","sol-updown-5m-1781805600","2584847","2026-06-18T18:00:00.0000000+00:00","2026-06-18T18:05:00.0000000+00:00","-209.044","209.044","90.956","Up","92887202688210559890269037787373548518364039356424906092889842946664474809719","0.1","92","0.11","85.89","0.01","10","89","520.12","271.39","2709.70","6859.52","1781805809871","0x240208a76cd02c37591e0b118ddd74d7caed524a1b0740d840fa5956862c2e6f","68.53000000","68.66000000","-18.933877075444217885231576000",""
"7","2026-06-18T18:03:29.0435694+00:00","SOL","sol-updown-5m-1781805600","2584847","2026-06-18T18:00:00.0000000+00:00","2026-06-18T18:05:00.0000000+00:00","-209.044","209.044","90.956","Down","42158671632333916299715271514496933316667556269910783091936524939668698929488","0.89","85.89","0.9","92","0.01","89","10","271.39","520.12","6869.52","2704.70","1781805810050","0x240208a76cd02c37591e0b118ddd74d7caed524a1b0740d840fa5956862c2e6f","68.53000000","68.66000000","-18.933877075444217885231576000",""
"7","2026-06-18T18:03:29.0435694+00:00","ETH","eth-updown-5m-1781805600","2584849","2026-06-18T18:00:00.0000000+00:00","2026-06-18T18:05:00.0000000+00:00","-209.044","209.044","90.956","Up","54440108909645803563712017609209311553790634574167288046576126967603211899968","0.49","96.32","0.5","142","0.01","49","50","598.09","1058.8","15661.27","18210.99","1781805810188","0x5321af2dd99ba82f4abd95b18c702fb05268b58967ad15b3afa0fa94ceb284f1","1679.45000000","1679.79000000","-2.0240625316259770566558920000",""
"7","2026-06-18T18:03:29.0435694+00:00","ETH","eth-updown-5m-1781805600","2584849","2026-06-18T18:00:00.0000000+00:00","2026-06-18T18:05:00.0000000+00:00","-209.044","209.044","90.956","Down","110358233053529115025378425927539828974870137637838800989881295649187961418248","0.5","40","0.51","177.38","0.01","50","49","946.8","684.15","18568.89","16217.33","1781805810321","0x5321af2dd99ba82f4abd95b18c702fb05268b58967ad15b3afa0fa94ceb284f1","1679.45000000","1679.79000000","-2.0240625316259770566558920000",""
"7","2026-06-18T18:03:29.0435694+00:00","BTC","btc-updown-5m-1781805600","2584851","2026-06-18T18:00:00.0000000+00:00","2026-06-18T18:05:00.0000000+00:00","-209.044","209.044","90.956","Up","69551560445088382754714827577620718235813378023082728222424940352395440970822","0.86","559.8","0.87","643.88","0.01","86","13","3245.74","4485.39","58570.86","22052.82","1781805810530","0xba71c99d7fb34fe556a1fa3203307333821ff8ed1d5297b70313adbdf2ff9b26","62654.00000000","62631.60000000","3.5764693860607105678283810000",""
"7","2026-06-18T18:03:29.0435694+00:00","BTC","btc-updown-5m-1781805600","2584851","2026-06-18T18:00:00.0000000+00:00","2026-06-18T18:05:00.0000000+00:00","-209.044","209.044","90.956","Down","20195300913110956058442138189418940832885706023824964145401620330744384196382","0.13","218.66","0.14","1051.79","0.01","13","86","3849.17","3655.85","21436.60","58387.46","1781805810685","0xba71c99d7fb34fe556a1fa3203307333821ff8ed1d5297b70313adbdf2ff9b26","62654.00000000","62631.60000000","3.5764693860607105678283810000",""
"7","2026-06-18T18:03:29.0435694+00:00","ETH","eth-updown-5m-1781805900","2584884","2026-06-18T18:05:00.0000000+00:00","2026-06-18T18:10:00.0000000+00:00","90.956","-90.956","390.956","Up","87638470687256180789625872353959436232072330222476306766552913512268745202636","0.51","95.05","0.52","10.66","0.01","51","48","375.20","901.44","25416.62","25413.98","1781805807574","0xc4848f78d533e55544fdde0ded280ad7ca5126882d67812d9248377570186e23","1679.45000000",,,""
"7","2026-06-18T18:03:29.0435694+00:00","ETH","eth-updown-5m-1781805900","2584884","2026-06-18T18:05:00.0000000+00:00","2026-06-18T18:10:00.0000000+00:00","90.956","-90.956","390.956","Down","6433665683337383870393395622078943490078528184181542297078329973561292970114","0.48","10.66","0.49","95.05","0.01","48","51","901.44","375.20","25413.98","25416.62","1781805807574","0xc4848f78d533e55544fdde0ded280ad7ca5126882d67812d9248377570186e23","1679.45000000",,,""
"7","2026-06-18T18:03:29.0435694+00:00","BTC","btc-updown-5m-1781805900","2584885","2026-06-18T18:05:00.0000000+00:00","2026-06-18T18:10:00.0000000+00:00","90.956","-90.956","390.956","Up","84992519852971935377829666695110129200269350761576584997248599646134881919776","0.5","1280.25","0.51","268.82","0.01","50","49","2626.27","2527.98","48205.70","52125.19","1781805811008","0x8506535a52f6b682f53f20d77739545978544028b27e4ab3c2609a3b21b32096","62654.00000000",,,""
"7","2026-06-18T18:03:29.0435694+00:00","BTC","btc-updown-5m-1781805900","2584885","2026-06-18T18:05:00.0000000+00:00","2026-06-18T18:10:00.0000000+00:00","90.956","-90.956","390.956","Down","42465430903139473100546293101713411666359504294071645838614940811631751292310","0.49","268.82","0.5","1280.25","0.01","49","50","2527.98","2626.27","52125.19","48205.70","1781805811009","0x8506535a52f6b682f53f20d77739545978544028b27e4ab3c2609a3b21b32096","62654.00000000",,,""
"7","2026-06-18T18:03:29.0435694+00:00","SOL","sol-updown-5m-1781805900","2584886","2026-06-18T18:05:00.0000000+00:00","2026-06-18T18:10:00.0000000+00:00","90.956","-90.956","390.956","Up","17918595972159669296704757368041046382807284320771970511236606858231649587146","0.51","35.05","0.52","5.05","0.01","51","48","149.20","513.24","14098.16","14106.50","1781805811004","0x6fe6c50e9739f3ec9f319c15d99b69bf1a986466f2ad035b006f6343b0fe7078","68.53000000",,,""
"7","2026-06-18T18:03:29.0435694+00:00","SOL","sol-updown-5m-1781805900","2584886","2026-06-18T18:05:00.0000000+00:00","2026-06-18T18:10:00.0000000+00:00","90.956","-90.956","390.956","Down","19093975118609871406874996908570798158581047681193006965676263914632124416327","0.48","5.05","0.49","35.05","0.01","48","51","513.24","149.20","14106.50","14098.16","1781805811004","0x6fe6c50e9739f3ec9f319c15d99b69bf1a986466f2ad035b006f6343b0fe7078","68.53000000",,,""
"8","2026-06-18T18:04:02.3288984+00:00","BTC","btc-updown-5m-1781805300","2584774","2026-06-18T17:55:00.0000000+00:00","2026-06-18T18:00:00.0000000+00:00","-542.329","542.329","-242.329","Up","100366993284555439229136263731142874057115468471011666953870421192847222766172",,,,,,"0","0",,,,,"","","62597.04000000","62631.60000000","-5.517981338493667733220930000","The remote server returned an error: (404) Not Found."
"8","2026-06-18T18:04:02.3288984+00:00","BTC","btc-updown-5m-1781805300","2584774","2026-06-18T17:55:00.0000000+00:00","2026-06-18T18:00:00.0000000+00:00","-542.329","542.329","-242.329","Down","30945358799682125975622752445436537816479585992099959750063279707586060979279",,,,,,"0","0",,,,,"","","62597.04000000","62631.60000000","-5.517981338493667733220930000","The remote server returned an error: (404) Not Found."
"8","2026-06-18T18:04:02.3288984+00:00","ETH","eth-updown-5m-1781805300","2584775","2026-06-18T17:55:00.0000000+00:00","2026-06-18T18:00:00.0000000+00:00","-542.329","542.329","-242.329","Up","84464230807213236425016885238522598164473602253759355671732117397567158540848",,,,,,"0","0",,,,,"","","1677.33000000","1679.79000000","-14.644687728823245762863215000","The remote server returned an error: (404) Not Found."
"8","2026-06-18T18:04:02.3288984+00:00","ETH","eth-updown-5m-1781805300","2584775","2026-06-18T17:55:00.0000000+00:00","2026-06-18T18:00:00.0000000+00:00","-542.329","542.329","-242.329","Down","36868621506353927085332735174569787095878720872195622300005980530115725386975",,,,,,"0","0",,,,,"","","1677.33000000","1679.79000000","-14.644687728823245762863215000","The remote server returned an error: (404) Not Found."
"8","2026-06-18T18:04:02.3288984+00:00","SOL","sol-updown-5m-1781805300","2584777","2026-06-18T17:55:00.0000000+00:00","2026-06-18T18:00:00.0000000+00:00","-542.329","542.329","-242.329","Up","43590587833960170489458633973229110190958133890499213708362021339678110080916",,,,,,"0","0",,,,,"","","68.46000000","68.66000000","-29.129041654529565977279348000","The remote server returned an error: (404) Not Found."
"8","2026-06-18T18:04:02.3288984+00:00","SOL","sol-updown-5m-1781805300","2584777","2026-06-18T17:55:00.0000000+00:00","2026-06-18T18:00:00.0000000+00:00","-542.329","542.329","-242.329","Down","64729861947531231910320495939117410106727761033132301855694367299130238199956",,,,,,"0","0",,,,,"","","68.46000000","68.66000000","-29.129041654529565977279348000","The remote server returned an error: (404) Not Found."
"8","2026-06-18T18:04:02.3288984+00:00","SOL","sol-updown-5m-1781805600","2584847","2026-06-18T18:00:00.0000000+00:00","2026-06-18T18:05:00.0000000+00:00","-242.329","242.329","57.671","Up","92887202688210559890269037787373548518364039356424906092889842946664474809719","0.01","191.03","0.02","245.46","0.01",,"98","191.03","759.60","191.03","8037.71","1781805843646","0x240208a76cd02c37591e0b118ddd74d7caed524a1b0740d840fa5956862c2e6f","68.46000000","68.66000000","-29.129041654529565977279348000",""
"8","2026-06-18T18:04:02.3288984+00:00","SOL","sol-updown-5m-1781805600","2584847","2026-06-18T18:00:00.0000000+00:00","2026-06-18T18:05:00.0000000+00:00","-242.329","242.329","57.671","Down","42158671632333916299715271514496933316667556269910783091936524939668698929488","0.98","245.46","0.99","197.03","0.01","98",,"759.60","197.03","8032.71","197.03","1781805843762","0x240208a76cd02c37591e0b118ddd74d7caed524a1b0740d840fa5956862c2e6f","68.46000000","68.66000000","-29.129041654529565977279348000",""
"8","2026-06-18T18:04:02.3288984+00:00","ETH","eth-updown-5m-1781805600","2584849","2026-06-18T18:00:00.0000000+00:00","2026-06-18T18:05:00.0000000+00:00","-242.329","242.329","57.671","Up","54440108909645803563712017609209311553790634574167288046576126967603211899968","0.06","159.58","0.07","96.45","0.01","6","93","2806.17","719.78","4653.04","22353.46","1781805843837","0x5321af2dd99ba82f4abd95b18c702fb05268b58967ad15b3afa0fa94ceb284f1","1677.33000000","1679.79000000","-14.644687728823245762863215000",""
"8","2026-06-18T18:04:02.3288984+00:00","ETH","eth-updown-5m-1781805600","2584849","2026-06-18T18:00:00.0000000+00:00","2026-06-18T18:05:00.0000000+00:00","-242.329","242.329","57.671","Down","110358233053529115025378425927539828974870137637838800989881295649187961418248","0.93","96.45","0.94","159.58","0.0099999999999999","93","6","719.78","3406.17","22983.46","5253.04","1781805843979","0x5321af2dd99ba82f4abd95b18c702fb05268b58967ad15b3afa0fa94ceb284f1","1677.33000000","1679.79000000","-14.644687728823245762863215000",""
"8","2026-06-18T18:04:02.3288984+00:00","BTC","btc-updown-5m-1781805600","2584851","2026-06-18T18:00:00.0000000+00:00","2026-06-18T18:05:00.0000000+00:00","-242.329","242.329","57.671","Up","69551560445088382754714827577620718235813378023082728222424940352395440970822","0.44","321.61","0.45","887.39","0.01","44","55","1587.62","1894.59","43894.14","44646.76","1781805844104","0xba71c99d7fb34fe556a1fa3203307333821ff8ed1d5297b70313adbdf2ff9b26","62597.04000000","62631.60000000","-5.517981338493667733220930000",""
"8","2026-06-18T18:04:02.3288984+00:00","BTC","btc-updown-5m-1781805600","2584851","2026-06-18T18:00:00.0000000+00:00","2026-06-18T18:05:00.0000000+00:00","-242.329","242.329","57.671","Down","20195300913110956058442138189418940832885706023824964145401620330744384196382","0.46","26","0.56","321.61","0.1","46","44","1831.07","1569.78","40518.35","43884.08","1781805844237","0xba71c99d7fb34fe556a1fa3203307333821ff8ed1d5297b70313adbdf2ff9b26","62597.04000000","62631.60000000","-5.517981338493667733220930000",""
"8","2026-06-18T18:04:02.3288984+00:00","ETH","eth-updown-5m-1781805900","2584884","2026-06-18T18:05:00.0000000+00:00","2026-06-18T18:10:00.0000000+00:00","57.671","-57.671","357.671","Up","87638470687256180789625872353959436232072330222476306766552913512268745202636","0.51","106.81","0.52","11.35","0.01","51","48","376.81","732.30","24656.37","24632.66","1781805844205","0xc4848f78d533e55544fdde0ded280ad7ca5126882d67812d9248377570186e23","1677.33000000",,,""
"8","2026-06-18T18:04:02.3288984+00:00","ETH","eth-updown-5m-1781805900","2584884","2026-06-18T18:05:00.0000000+00:00","2026-06-18T18:10:00.0000000+00:00","57.671","-57.671","357.671","Down","6433665683337383870393395622078943490078528184181542297078329973561292970114","0.48","11.35","0.49","106.81","0.01","48","51","732.30","376.81","24632.66","24656.37","1781805844205","0xc4848f78d533e55544fdde0ded280ad7ca5126882d67812d9248377570186e23","1677.33000000",,,""
"8","2026-06-18T18:04:02.3288984+00:00","BTC","btc-updown-5m-1781805900","2584885","2026-06-18T18:05:00.0000000+00:00","2026-06-18T18:10:00.0000000+00:00","57.671","-57.671","357.671","Up","84992519852971935377829666695110129200269350761576584997248599646134881919776","0.51","304.81","0.52","980.69","0.01","51","48","1870.21","3492.59","47733.25","51209.22","1781805844195","0x8506535a52f6b682f53f20d77739545978544028b27e4ab3c2609a3b21b32096","62597.04000000",,,""
"8","2026-06-18T18:04:02.3288984+00:00","BTC","btc-updown-5m-1781805900","2584885","2026-06-18T18:05:00.0000000+00:00","2026-06-18T18:10:00.0000000+00:00","57.671","-57.671","357.671","Down","42465430903139473100546293101713411666359504294071645838614940811631751292310","0.48","980.69","0.49","304.81","0.01","48","51","3492.59","1870.21","51209.22","47733.25","1781805844195","0x8506535a52f6b682f53f20d77739545978544028b27e4ab3c2609a3b21b32096","62597.04000000",,,""
"8","2026-06-18T18:04:02.3288984+00:00","SOL","sol-updown-5m-1781805900","2584886","2026-06-18T18:05:00.0000000+00:00","2026-06-18T18:10:00.0000000+00:00","57.671","-57.671","357.671","Up","17918595972159669296704757368041046382807284320771970511236606858231649587146","0.51","23.72","0.52","13.1","0.01","51","48","128.72","348.46","13299.42","13322.14","1781805844758","0x6fe6c50e9739f3ec9f319c15d99b69bf1a986466f2ad035b006f6343b0fe7078","68.46000000",,,""
"8","2026-06-18T18:04:02.3288984+00:00","SOL","sol-updown-5m-1781805900","2584886","2026-06-18T18:05:00.0000000+00:00","2026-06-18T18:10:00.0000000+00:00","57.671","-57.671","357.671","Down","19093975118609871406874996908570798158581047681193006965676263914632124416327","0.48","13.1","0.49","23.72","0.01","48","51","348.46","128.72","13322.14","13299.42","1781805844758","0x6fe6c50e9739f3ec9f319c15d99b69bf1a986466f2ad035b006f6343b0fe7078","68.46000000",,,""
"9","2026-06-18T18:04:35.6721226+00:00","BTC","btc-updown-5m-1781805300","2584774","2026-06-18T17:55:00.0000000+00:00","2026-06-18T18:00:00.0000000+00:00","-575.672","575.672","-275.672","Up","100366993284555439229136263731142874057115468471011666953870421192847222766172",,,,,,"0","0",,,,,"","","62609.27000000","62631.60000000","-3.5652929192292708473039170000","The remote server returned an error: (404) Not Found."
"9","2026-06-18T18:04:35.6721226+00:00","BTC","btc-updown-5m-1781805300","2584774","2026-06-18T17:55:00.0000000+00:00","2026-06-18T18:00:00.0000000+00:00","-575.672","575.672","-275.672","Down","30945358799682125975622752445436537816479585992099959750063279707586060979279",,,,,,"0","0",,,,,"","","62609.27000000","62631.60000000","-3.5652929192292708473039170000","The remote server returned an error: (404) Not Found."
"9","2026-06-18T18:04:35.6721226+00:00","ETH","eth-updown-5m-1781805300","2584775","2026-06-18T17:55:00.0000000+00:00","2026-06-18T18:00:00.0000000+00:00","-575.672","575.672","-275.672","Up","84464230807213236425016885238522598164473602253759355671732117397567158540848",,,,,,"0","0",,,,,"","","1679.15000000","1679.79000000","-3.8100000595312509301757960000","The remote server returned an error: (404) Not Found."
"9","2026-06-18T18:04:35.6721226+00:00","ETH","eth-updown-5m-1781805300","2584775","2026-06-18T17:55:00.0000000+00:00","2026-06-18T18:00:00.0000000+00:00","-575.672","575.672","-275.672","Down","36868621506353927085332735174569787095878720872195622300005980530115725386975",,,,,,"0","0",,,,,"","","1679.15000000","1679.79000000","-3.8100000595312509301757960000","The remote server returned an error: (404) Not Found."
"9","2026-06-18T18:04:35.6721226+00:00","SOL","sol-updown-5m-1781805300","2584777","2026-06-18T17:55:00.0000000+00:00","2026-06-18T18:00:00.0000000+00:00","-575.672","575.672","-275.672","Up","43590587833960170489458633973229110190958133890499213708362021339678110080916",,,,,,"0","0",,,,,"","","68.51000000","68.66000000","-21.846781240897174482959511000","The remote server returned an error: (404) Not Found."
"9","2026-06-18T18:04:35.6721226+00:00","SOL","sol-updown-5m-1781805300","2584777","2026-06-18T17:55:00.0000000+00:00","2026-06-18T18:00:00.0000000+00:00","-575.672","575.672","-275.672","Down","64729861947531231910320495939117410106727761033132301855694367299130238199956",,,,,,"0","0",,,,,"","","68.51000000","68.66000000","-21.846781240897174482959511000","The remote server returned an error: (404) Not Found."
"9","2026-06-18T18:04:35.6721226+00:00","SOL","sol-updown-5m-1781805600","2584847","2026-06-18T18:00:00.0000000+00:00","2026-06-18T18:05:00.0000000+00:00","-275.672","275.672","24.328","Up","92887202688210559890269037787373548518364039356424906092889842946664474809719",,,"0.01","549.93",,"0","99","0","820.39","0","5445.85","1781805876762","0x240208a76cd02c37591e0b118ddd74d7caed524a1b0740d840fa5956862c2e6f","68.51000000","68.66000000","-21.846781240897174482959511000",""
"9","2026-06-18T18:04:35.6721226+00:00","SOL","sol-updown-5m-1781805600","2584847","2026-06-18T18:00:00.0000000+00:00","2026-06-18T18:05:00.0000000+00:00","-275.672","275.672","24.328","Down","42158671632333916299715271514496933316667556269910783091936524939668698929488","0.99","549.93",,,,"99","0","820.39","0","5440.85","0","1781805876936","0x240208a76cd02c37591e0b118ddd74d7caed524a1b0740d840fa5956862c2e6f","68.51000000","68.66000000","-21.846781240897174482959511000",""
"9","2026-06-18T18:04:35.6721226+00:00","ETH","eth-updown-5m-1781805600","2584849","2026-06-18T18:00:00.0000000+00:00","2026-06-18T18:05:00.0000000+00:00","-275.672","275.672","24.328","Up","54440108909645803563712017609209311553790634574167288046576126967603211899968","0.34","34.4","0.35","61.16","0.00999999999999995","34","65","534.3","254.46","8784.56","14171.96","1781805877138","0x5321af2dd99ba82f4abd95b18c702fb05268b58967ad15b3afa0fa94ceb284f1","1679.15000000","1679.79000000","-3.8100000595312509301757960000",""
"9","2026-06-18T18:04:35.6721226+00:00","ETH","eth-updown-5m-1781805600","2584849","2026-06-18T18:00:00.0000000+00:00","2026-06-18T18:05:00.0000000+00:00","-275.672","275.672","24.328","Down","110358233053529115025378425927539828974870137637838800989881295649187961418248","0.65","76.16","0.66","26","0.01","65","34","269.46","519.9","14187.26","9057.16","1781805877255","0x5321af2dd99ba82f4abd95b18c702fb05268b58967ad15b3afa0fa94ceb284f1","1679.15000000","1679.79000000","-3.8100000595312509301757960000",""
"9","2026-06-18T18:04:35.6721226+00:00","BTC","btc-updown-5m-1781805600","2584851","2026-06-18T18:00:00.0000000+00:00","2026-06-18T18:05:00.0000000+00:00","-275.672","275.672","24.328","Up","69551560445088382754714827577620718235813378023082728222424940352395440970822","0.61","9.19","0.62","309.57","0.01","61","38","173.77","1101.21","34046.68","26731.50","1781805877597","0xba71c99d7fb34fe556a1fa3203307333821ff8ed1d5297b70313adbdf2ff9b26","62609.27000000","62631.60000000","-3.5652929192292708473039170000",""
"9","2026-06-18T18:04:35.6721226+00:00","BTC","btc-updown-5m-1781805600","2584851","2026-06-18T18:00:00.0000000+00:00","2026-06-18T18:05:00.0000000+00:00","-275.672","275.672","24.328","Down","20195300913110956058442138189418940832885706023824964145401620330744384196382","0.38","351.97","0.39","9.19","0.01","38","61","1156.53","196.89","27121.82","34474.74","1781805877744","0xba71c99d7fb34fe556a1fa3203307333821ff8ed1d5297b70313adbdf2ff9b26","62609.27000000","62631.60000000","-3.5652929192292708473039170000",""
"9","2026-06-18T18:04:35.6721226+00:00","ETH","eth-updown-5m-1781805900","2584884","2026-06-18T18:05:00.0000000+00:00","2026-06-18T18:10:00.0000000+00:00","24.328","-24.328","324.328","Up","87638470687256180789625872353959436232072330222476306766552913512268745202636","0.51","115.79","0.52","47.15","0.01","51","48","330.79","988.10","23976.56","23902.92","1781805877028","0xc4848f78d533e55544fdde0ded280ad7ca5126882d67812d9248377570186e23","1679.15000000",,,""
"9","2026-06-18T18:04:35.6721226+00:00","ETH","eth-updown-5m-1781805900","2584884","2026-06-18T18:05:00.0000000+00:00","2026-06-18T18:10:00.0000000+00:00","24.328","-24.328","324.328","Down","6433665683337383870393395622078943490078528184181542297078329973561292970114","0.48","47.15","0.49","115.79","0.01","48","51","988.10","330.79","23902.92","23976.56","1781805877028","0xc4848f78d533e55544fdde0ded280ad7ca5126882d67812d9248377570186e23","1679.15000000",,,""
"9","2026-06-18T18:04:35.6721226+00:00","BTC","btc-updown-5m-1781805900","2584885","2026-06-18T18:05:00.0000000+00:00","2026-06-18T18:10:00.0000000+00:00","24.328","-24.328","324.328","Up","84992519852971935377829666695110129200269350761576584997248599646134881919776","0.51","247.4","0.52","521.22","0.01","51","48","2090.68","2733.12","46322.56","49861.09","1781805878246","0x8506535a52f6b682f53f20d77739545978544028b27e4ab3c2609a3b21b32096","62609.27000000",,,""
"9","2026-06-18T18:04:35.6721226+00:00","BTC","btc-updown-5m-1781805900","2584885","2026-06-18T18:05:00.0000000+00:00","2026-06-18T18:10:00.0000000+00:00","24.328","-24.328","324.328","Down","42465430903139473100546293101713411666359504294071645838614940811631751292310","0.48","521.22","0.49","247.4","0.01","48","51","2733.12","2090.68","49861.09","46322.56","1781805878246","0x8506535a52f6b682f53f20d77739545978544028b27e4ab3c2609a3b21b32096","62609.27000000",,,""
"9","2026-06-18T18:04:35.6721226+00:00","SOL","sol-updown-5m-1781805900","2584886","2026-06-18T18:05:00.0000000+00:00","2026-06-18T18:10:00.0000000+00:00","24.328","-24.328","324.328","Up","17918595972159669296704757368041046382807284320771970511236606858231649587146","0.51","33.72","0.52","34.99","0.01","50","48","127.72","510.35","12151.20","12118.47","1781805876012","0x6fe6c50e9739f3ec9f319c15d99b69bf1a986466f2ad035b006f6343b0fe7078","68.51000000",,,""
"9","2026-06-18T18:04:35.6721226+00:00","SOL","sol-updown-5m-1781805900","2584886","2026-06-18T18:05:00.0000000+00:00","2026-06-18T18:10:00.0000000+00:00","24.328","-24.328","324.328","Down","19093975118609871406874996908570798158581047681193006965676263914632124416327","0.48","34.99","0.49","33.72","0.01","48","50","510.35","127.72","12118.47","12151.20","1781805876012","0x6fe6c50e9739f3ec9f319c15d99b69bf1a986466f2ad035b006f6343b0fe7078","68.51000000",,,""
"10","2026-06-18T18:05:09.6552535+00:00","BTC","btc-updown-5m-1781805300","2584774","2026-06-18T17:55:00.0000000+00:00","2026-06-18T18:00:00.0000000+00:00","-609.655","609.655","-309.655","Up","100366993284555439229136263731142874057115468471011666953870421192847222766172",,,,,,"0","0",,,,,"","","62639.99000000","62631.60000000","1.3395793816539893600035760000","The remote server returned an error: (404) Not Found."
"10","2026-06-18T18:05:09.6552535+00:00","BTC","btc-updown-5m-1781805300","2584774","2026-06-18T17:55:00.0000000+00:00","2026-06-18T18:00:00.0000000+00:00","-609.655","609.655","-309.655","Down","30945358799682125975622752445436537816479585992099959750063279707586060979279",,,,,,"0","0",,,,,"","","62639.99000000","62631.60000000","1.3395793816539893600035760000","The remote server returned an error: (404) Not Found."
"10","2026-06-18T18:05:09.6552535+00:00","ETH","eth-updown-5m-1781805300","2584775","2026-06-18T17:55:00.0000000+00:00","2026-06-18T18:00:00.0000000+00:00","-609.655","609.655","-309.655","Up","84464230807213236425016885238522598164473602253759355671732117397567158540848",,,,,,"0","0",,,,,"","","1680.11000000","1679.79000000","1.9050000297656254650878980000","The remote server returned an error: (404) Not Found."
"10","2026-06-18T18:05:09.6552535+00:00","ETH","eth-updown-5m-1781805300","2584775","2026-06-18T17:55:00.0000000+00:00","2026-06-18T18:00:00.0000000+00:00","-609.655","609.655","-309.655","Down","36868621506353927085332735174569787095878720872195622300005980530115725386975",,,,,,"0","0",,,,,"","","1680.11000000","1679.79000000","1.9050000297656254650878980000","The remote server returned an error: (404) Not Found."
"10","2026-06-18T18:05:09.6552535+00:00","SOL","sol-updown-5m-1781805300","2584777","2026-06-18T17:55:00.0000000+00:00","2026-06-18T18:00:00.0000000+00:00","-609.655","609.655","-309.655","Up","43590587833960170489458633973229110190958133890499213708362021339678110080916",,,,,,"0","0",,,,,"","","68.51000000","68.66000000","-21.846781240897174482959511000","The remote server returned an error: (404) Not Found."
"10","2026-06-18T18:05:09.6552535+00:00","SOL","sol-updown-5m-1781805300","2584777","2026-06-18T17:55:00.0000000+00:00","2026-06-18T18:00:00.0000000+00:00","-609.655","609.655","-309.655","Down","64729861947531231910320495939117410106727761033132301855694367299130238199956",,,,,,"0","0",,,,,"","","68.51000000","68.66000000","-21.846781240897174482959511000","The remote server returned an error: (404) Not Found."
"10","2026-06-18T18:05:09.6552535+00:00","SOL","sol-updown-5m-1781805600","2584847","2026-06-18T18:00:00.0000000+00:00","2026-06-18T18:05:00.0000000+00:00","-309.655","309.655","-9.655","Up","92887202688210559890269037787373548518364039356424906092889842946664474809719",,,"0.01","284247.23",,"0","39","0","288284.83","0","468427.83","1781805907709","0x240208a76cd02c37591e0b118ddd74d7caed524a1b0740d840fa5956862c2e6f","68.51000000","68.66000000","-21.846781240897174482959511000",""
"10","2026-06-18T18:05:09.6552535+00:00","SOL","sol-updown-5m-1781805600","2584847","2026-06-18T18:00:00.0000000+00:00","2026-06-18T18:05:00.0000000+00:00","-309.655","309.655","-9.655","Down","42158671632333916299715271514496933316667556269910783091936524939668698929488","0.99","284247.23",,,,"39","0","288284.83","0","468427.83","0","1781805907709","0x240208a76cd02c37591e0b118ddd74d7caed524a1b0740d840fa5956862c2e6f","68.51000000","68.66000000","-21.846781240897174482959511000",""
"10","2026-06-18T18:05:09.6552535+00:00","ETH","eth-updown-5m-1781805600","2584849","2026-06-18T18:00:00.0000000+00:00","2026-06-18T18:05:00.0000000+00:00","-309.655","309.655","-9.655","Up","54440108909645803563712017609209311553790634574167288046576126967603211899968","0.99","497060.69",,,,"35","0","505058.69","0","683504.48","0","1781805910775","0x5321af2dd99ba82f4abd95b18c702fb05268b58967ad15b3afa0fa94ceb284f1","1680.11000000","1679.79000000","1.9050000297656254650878980000",""
"10","2026-06-18T18:05:09.6552535+00:00","ETH","eth-updown-5m-1781805600","2584849","2026-06-18T18:00:00.0000000+00:00","2026-06-18T18:05:00.0000000+00:00","-309.655","309.655","-9.655","Down","110358233053529115025378425927539828974870137637838800989881295649187961418248",,,"0.01","497060.69",,"0","35","0","505058.69","0","683504.48","1781805910775","0x5321af2dd99ba82f4abd95b18c702fb05268b58967ad15b3afa0fa94ceb284f1","1680.11000000","1679.79000000","1.9050000297656254650878980000",""
"10","2026-06-18T18:05:09.6552535+00:00","BTC","btc-updown-5m-1781805600","2584851","2026-06-18T18:00:00.0000000+00:00","2026-06-18T18:05:00.0000000+00:00","-309.655","309.655","-9.655","Up","69551560445088382754714827577620718235813378023082728222424940352395440970822","0.99","701008.57",,,,"59","0","706701.77","0","975014.26","0","1781805911197","0xba71c99d7fb34fe556a1fa3203307333821ff8ed1d5297b70313adbdf2ff9b26","62639.99000000","62631.60000000","1.3395793816539893600035760000",""
"10","2026-06-18T18:05:09.6552535+00:00","BTC","btc-updown-5m-1781805600","2584851","2026-06-18T18:00:00.0000000+00:00","2026-06-18T18:05:00.0000000+00:00","-309.655","309.655","-9.655","Down","20195300913110956058442138189418940832885706023824964145401620330744384196382",,,"0.01","701008.57",,"0","59","0","706701.77","0","975014.26","1781805911197","0xba71c99d7fb34fe556a1fa3203307333821ff8ed1d5297b70313adbdf2ff9b26","62639.99000000","62631.60000000","1.3395793816539893600035760000",""
"10","2026-06-18T18:05:09.6552535+00:00","ETH","eth-updown-5m-1781805900","2584884","2026-06-18T18:05:00.0000000+00:00","2026-06-18T18:10:00.0000000+00:00","-9.655","9.655","290.345","Up","87638470687256180789625872353959436232072330222476306766552913512268745202636","0.52","19","0.53","182.46","0.01","52","47","323.24","996.80","7862.25","8257.17","1781805911577","0xc4848f78d533e55544fdde0ded280ad7ca5126882d67812d9248377570186e23","1680.11000000","1680.11000000","0",""
"10","2026-06-18T18:05:09.6552535+00:00","ETH","eth-updown-5m-1781805900","2584884","2026-06-18T18:05:00.0000000+00:00","2026-06-18T18:10:00.0000000+00:00","-9.655","9.655","290.345","Down","6433665683337383870393395622078943490078528184181542297078329973561292970114","0.48","45.82","0.49","6.13","0.01","48","51","978.22","566.34","8883.59","8234.72","1781805911730","0xc4848f78d533e55544fdde0ded280ad7ca5126882d67812d9248377570186e23","1680.11000000","1680.11000000","0",""
"10","2026-06-18T18:05:09.6552535+00:00","BTC","btc-updown-5m-1781805900","2584885","2026-06-18T18:05:00.0000000+00:00","2026-06-18T18:10:00.0000000+00:00","-9.655","9.655","290.345","Up","84992519852971935377829666695110129200269350761576584997248599646134881919776","0.49","181.29","0.5","1098.58","0.01","49","50","1648.79","4198.04","36929.54","39318.39","1781805911940","0x8506535a52f6b682f53f20d77739545978544028b27e4ab3c2609a3b21b32096","62639.99000000","62639.99000000","0",""
"10","2026-06-18T18:05:09.6552535+00:00","BTC","btc-updown-5m-1781805900","2584885","2026-06-18T18:05:00.0000000+00:00","2026-06-18T18:10:00.0000000+00:00","-9.655","9.655","290.345","Down","42465430903139473100546293101713411666359504294071645838614940811631751292310","0.5","1693.34","0.51","118","0.01","50","49","5559.00","1970.76","40167.35","36915.97","1781805912120","0x8506535a52f6b682f53f20d77739545978544028b27e4ab3c2609a3b21b32096","62639.99000000","62639.99000000","0",""
"10","2026-06-18T18:05:09.6552535+00:00","SOL","sol-updown-5m-1781805900","2584886","2026-06-18T18:05:00.0000000+00:00","2026-06-18T18:10:00.0000000+00:00","-9.655","9.655","290.345","Up","17918595972159669296704757368041046382807284320771970511236606858231649587146","0.43","28.52","0.44","91.79","0.01","43","56","90.44","319.77","2304.40","3228.62","1781805912303","0x6fe6c50e9739f3ec9f319c15d99b69bf1a986466f2ad035b006f6343b0fe7078","68.51000000","68.51000000","0",""
"10","2026-06-18T18:05:09.6552535+00:00","SOL","sol-updown-5m-1781805900","2584886","2026-06-18T18:05:00.0000000+00:00","2026-06-18T18:10:00.0000000+00:00","-9.655","9.655","290.345","Down","19093975118609871406874996908570798158581047681193006965676263914632124416327","0.56","7","0.57","112.66","0.0099999999999999","56","43","155.98","249.18","3332.97","3083.14","1781805912519","0x6fe6c50e9739f3ec9f319c15d99b69bf1a986466f2ad035b006f6343b0fe7078","68.51000000","68.51000000","0",""
"11","2026-06-18T18:05:43.2230139+00:00","BTC","btc-updown-5m-1781805300","2584774","2026-06-18T17:55:00.0000000+00:00","2026-06-18T18:00:00.0000000+00:00","-643.223","643.223","-343.223","Up","100366993284555439229136263731142874057115468471011666953870421192847222766172",,,,,,"0","0",,,,,"","","62667.99000000","62631.60000000","5.8101661142298775697890520000","The remote server returned an error: (404) Not Found."
"11","2026-06-18T18:05:43.2230139+00:00","BTC","btc-updown-5m-1781805300","2584774","2026-06-18T17:55:00.0000000+00:00","2026-06-18T18:00:00.0000000+00:00","-643.223","643.223","-343.223","Down","30945358799682125975622752445436537816479585992099959750063279707586060979279",,,,,,"0","0",,,,,"","","62667.99000000","62631.60000000","5.8101661142298775697890520000","The remote server returned an error: (404) Not Found."
"11","2026-06-18T18:05:43.2230139+00:00","ETH","eth-updown-5m-1781805300","2584775","2026-06-18T17:55:00.0000000+00:00","2026-06-18T18:00:00.0000000+00:00","-643.223","643.223","-343.223","Up","84464230807213236425016885238522598164473602253759355671732117397567158540848",,,,,,"0","0",,,,,"","","1681.28000000","1679.79000000","8.870156388596193571815525000","The remote server returned an error: (404) Not Found."
"11","2026-06-18T18:05:43.2230139+00:00","ETH","eth-updown-5m-1781805300","2584775","2026-06-18T17:55:00.0000000+00:00","2026-06-18T18:00:00.0000000+00:00","-643.223","643.223","-343.223","Down","36868621506353927085332735174569787095878720872195622300005980530115725386975",,,,,,"0","0",,,,,"","","1681.28000000","1679.79000000","8.870156388596193571815525000","The remote server returned an error: (404) Not Found."
"11","2026-06-18T18:05:43.2230139+00:00","SOL","sol-updown-5m-1781805300","2584777","2026-06-18T17:55:00.0000000+00:00","2026-06-18T18:00:00.0000000+00:00","-643.223","643.223","-343.223","Up","43590587833960170489458633973229110190958133890499213708362021339678110080916",,,,,,"0","0",,,,,"","","68.57000000","68.66000000","-13.108068744538304689775706000","The remote server returned an error: (404) Not Found."
"11","2026-06-18T18:05:43.2230139+00:00","SOL","sol-updown-5m-1781805300","2584777","2026-06-18T17:55:00.0000000+00:00","2026-06-18T18:00:00.0000000+00:00","-643.223","643.223","-343.223","Down","64729861947531231910320495939117410106727761033132301855694367299130238199956",,,,,,"0","0",,,,,"","","68.57000000","68.66000000","-13.108068744538304689775706000","The remote server returned an error: (404) Not Found."
"11","2026-06-18T18:05:43.2230139+00:00","SOL","sol-updown-5m-1781805600","2584847","2026-06-18T18:00:00.0000000+00:00","2026-06-18T18:05:00.0000000+00:00","-343.223","343.223","-43.223","Up","92887202688210559890269037787373548518364039356424906092889842946664474809719",,,"0.001","177115.24",,"0","42","0","453417.53","0","637680.53","1781805939290","0x240208a76cd02c37591e0b118ddd74d7caed524a1b0740d840fa5956862c2e6f","68.57000000","68.66000000","-13.108068744538304689775706000",""
"11","2026-06-18T18:05:43.2230139+00:00","SOL","sol-updown-5m-1781805600","2584847","2026-06-18T18:00:00.0000000+00:00","2026-06-18T18:05:00.0000000+00:00","-343.223","343.223","-43.223","Down","42158671632333916299715271514496933316667556269910783091936524939668698929488","0.999","177115.24",,,,"42","0","453417.53","0","637680.53","0","1781805939290","0x240208a76cd02c37591e0b118ddd74d7caed524a1b0740d840fa5956862c2e6f","68.57000000","68.66000000","-13.108068744538304689775706000",""
"11","2026-06-18T18:05:43.2230139+00:00","ETH","eth-updown-5m-1781805600","2584849","2026-06-18T18:00:00.0000000+00:00","2026-06-18T18:05:00.0000000+00:00","-343.223","343.223","-43.223","Up","54440108909645803563712017609209311553790634574167288046576126967603211899968","0.99","490118.36",,,,"35","0","498116.36","0","676562.15","0","1781805930490","0x5321af2dd99ba82f4abd95b18c702fb05268b58967ad15b3afa0fa94ceb284f1","1681.28000000","1679.79000000","8.870156388596193571815525000",""
"11","2026-06-18T18:05:43.2230139+00:00","ETH","eth-updown-5m-1781805600","2584849","2026-06-18T18:00:00.0000000+00:00","2026-06-18T18:05:00.0000000+00:00","-343.223","343.223","-43.223","Down","110358233053529115025378425927539828974870137637838800989881295649187961418248",,,"0.01","490118.36",,"0","35","0","498116.36","0","676562.15","1781805930490","0x5321af2dd99ba82f4abd95b18c702fb05268b58967ad15b3afa0fa94ceb284f1","1681.28000000","1679.79000000","8.870156388596193571815525000",""
"11","2026-06-18T18:05:43.2230139+00:00","BTC","btc-updown-5m-1781805600","2584851","2026-06-18T18:00:00.0000000+00:00","2026-06-18T18:05:00.0000000+00:00","-343.223","343.223","-43.223","Up","69551560445088382754714827577620718235813378023082728222424940352395440970822","0.99","674694.16",,,,"58","0","680362.10","0","948087.60","0","1781805940111","0xba71c99d7fb34fe556a1fa3203307333821ff8ed1d5297b70313adbdf2ff9b26","62667.99000000","62631.60000000","5.8101661142298775697890520000",""
"11","2026-06-18T18:05:43.2230139+00:00","BTC","btc-updown-5m-1781805600","2584851","2026-06-18T18:00:00.0000000+00:00","2026-06-18T18:05:00.0000000+00:00","-343.223","343.223","-43.223","Down","20195300913110956058442138189418940832885706023824964145401620330744384196382",,,"0.01","674694.16",,"0","58","0","680362.10","0","948087.60","1781805940111","0xba71c99d7fb34fe556a1fa3203307333821ff8ed1d5297b70313adbdf2ff9b26","62667.99000000","62631.60000000","5.8101661142298775697890520000",""
"11","2026-06-18T18:05:43.2230139+00:00","ETH","eth-updown-5m-1781805900","2584884","2026-06-18T18:05:00.0000000+00:00","2026-06-18T18:10:00.0000000+00:00","-43.223","43.223","256.777","Up","87638470687256180789625872353959436232072330222476306766552913512268745202636","0.71","364.42","0.72","23.83","0.01","71","28","1612.34","742.83","18106.81","10566.04","1781805945185","0xc4848f78d533e55544fdde0ded280ad7ca5126882d67812d9248377570186e23","1681.28000000","1680.11000000","6.9638297492426091148793830000",""
"11","2026-06-18T18:05:43.2230139+00:00","ETH","eth-updown-5m-1781805900","2584884","2026-06-18T18:05:00.0000000+00:00","2026-06-18T18:10:00.0000000+00:00","-43.223","43.223","256.777","Down","6433665683337383870393395622078943490078528184181542297078329973561292970114","0.28","23.83","0.29","438.24","0.00999999999999995","28","71","638.83","1691.16","10666.04","18136.88","1781805945390","0xc4848f78d533e55544fdde0ded280ad7ca5126882d67812d9248377570186e23","1681.28000000","1680.11000000","6.9638297492426091148793830000",""
"11","2026-06-18T18:05:43.2230139+00:00","BTC","btc-updown-5m-1781805900","2584885","2026-06-18T18:05:00.0000000+00:00","2026-06-18T18:10:00.0000000+00:00","-43.223","43.223","256.777","Up","84992519852971935377829666695110129200269350761576584997248599646134881919776","0.69","1805.33","0.7","225.07","0.01","69","30","6750.29","3041.10","56873.40","39703.93","1781805945575","0x8506535a52f6b682f53f20d77739545978544028b27e4ab3c2609a3b21b32096","62667.99000000","62639.99000000","4.4699879422075258951988980000",""
"11","2026-06-18T18:05:43.2230139+00:00","BTC","btc-updown-5m-1781805900","2584885","2026-06-18T18:05:00.0000000+00:00","2026-06-18T18:10:00.0000000+00:00","-43.223","43.223","256.777","Down","42465430903139473100546293101713411666359504294071645838614940811631751292310","0.3","105.69","0.31","2035.78","0.01","30","69","1281.36","6731.49","36867.03","55320.64","1781805945786","0x8506535a52f6b682f53f20d77739545978544028b27e4ab3c2609a3b21b32096","62667.99000000","62639.99000000","4.4699879422075258951988980000",""
"11","2026-06-18T18:05:43.2230139+00:00","SOL","sol-updown-5m-1781805900","2584886","2026-06-18T18:05:00.0000000+00:00","2026-06-18T18:10:00.0000000+00:00","-43.223","43.223","256.777","Up","17918595972159669296704757368041046382807284320771970511236606858231649587146","0.66","88.6","0.67","38.8","0.01","66","33","196.28","151.84","5309.12","4170.18","1781805945995","0x6fe6c50e9739f3ec9f319c15d99b69bf1a986466f2ad035b006f6343b0fe7078","68.57000000","68.51000000","8.757845569989782513501679000",""
"11","2026-06-18T18:05:43.2230139+00:00","SOL","sol-updown-5m-1781805900","2584886","2026-06-18T18:05:00.0000000+00:00","2026-06-18T18:10:00.0000000+00:00","-43.223","43.223","256.777","Down","19093975118609871406874996908570798158581047681193006965676263914632124416327","0.33","7","0.34","195.82","0.01","33","66","77.32","361.79","4153.22","5358.11","1781805946157","0x6fe6c50e9739f3ec9f319c15d99b69bf1a986466f2ad035b006f6343b0fe7078","68.57000000","68.51000000","8.757845569989782513501679000",""
"12","2026-06-18T18:06:16.8950649+00:00","BTC","btc-updown-5m-1781805300","2584774","2026-06-18T17:55:00.0000000+00:00","2026-06-18T18:00:00.0000000+00:00","-676.895","676.895","-376.895","Up","100366993284555439229136263731142874057115468471011666953870421192847222766172",,,,,,"0","0",,,,,"","","62671.99000000","62631.60000000","6.4488213617407187426155490000","The remote server returned an error: (404) Not Found."
"12","2026-06-18T18:06:16.8950649+00:00","BTC","btc-updown-5m-1781805300","2584774","2026-06-18T17:55:00.0000000+00:00","2026-06-18T18:00:00.0000000+00:00","-676.895","676.895","-376.895","Down","30945358799682125975622752445436537816479585992099959750063279707586060979279",,,,,,"0","0",,,,,"","","62671.99000000","62631.60000000","6.4488213617407187426155490000","The remote server returned an error: (404) Not Found."
"12","2026-06-18T18:06:16.8950649+00:00","ETH","eth-updown-5m-1781805300","2584775","2026-06-18T17:55:00.0000000+00:00","2026-06-18T18:00:00.0000000+00:00","-676.895","676.895","-376.895","Up","84464230807213236425016885238522598164473602253759355671732117397567158540848",,,,,,"0","0",,,,,"","","1680.34000000","1679.79000000","3.2742188011596687681198250000","The remote server returned an error: (404) Not Found."
"12","2026-06-18T18:06:16.8950649+00:00","ETH","eth-updown-5m-1781805300","2584775","2026-06-18T17:55:00.0000000+00:00","2026-06-18T18:00:00.0000000+00:00","-676.895","676.895","-376.895","Down","36868621506353927085332735174569787095878720872195622300005980530115725386975",,,,,,"0","0",,,,,"","","1680.34000000","1679.79000000","3.2742188011596687681198250000","The remote server returned an error: (404) Not Found."
"12","2026-06-18T18:06:16.8950649+00:00","SOL","sol-updown-5m-1781805300","2584777","2026-06-18T17:55:00.0000000+00:00","2026-06-18T18:00:00.0000000+00:00","-676.895","676.895","-376.895","Up","43590587833960170489458633973229110190958133890499213708362021339678110080916",,,,,,"0","0",,,,,"","","68.53000000","68.66000000","-18.933877075444217885231576000","The remote server returned an error: (404) Not Found."
"12","2026-06-18T18:06:16.8950649+00:00","SOL","sol-updown-5m-1781805300","2584777","2026-06-18T17:55:00.0000000+00:00","2026-06-18T18:00:00.0000000+00:00","-676.895","676.895","-376.895","Down","64729861947531231910320495939117410106727761033132301855694367299130238199956",,,,,,"0","0",,,,,"","","68.53000000","68.66000000","-18.933877075444217885231576000","The remote server returned an error: (404) Not Found."
"12","2026-06-18T18:06:16.8950649+00:00","SOL","sol-updown-5m-1781805600","2584847","2026-06-18T18:00:00.0000000+00:00","2026-06-18T18:05:00.0000000+00:00","-376.895","376.895","-76.895","Up","92887202688210559890269037787373548518364039356424906092889842946664474809719",,,"0.001","177115.24",,"0","42","0","453382.43","0","637645.43","1781805976000","0x240208a76cd02c37591e0b118ddd74d7caed524a1b0740d840fa5956862c2e6f","68.53000000","68.66000000","-18.933877075444217885231576000",""
"12","2026-06-18T18:06:16.8950649+00:00","SOL","sol-updown-5m-1781805600","2584847","2026-06-18T18:00:00.0000000+00:00","2026-06-18T18:05:00.0000000+00:00","-376.895","376.895","-76.895","Down","42158671632333916299715271514496933316667556269910783091936524939668698929488","0.999","177115.24",,,,"42","0","453382.43","0","637645.43","0","1781805976000","0x240208a76cd02c37591e0b118ddd74d7caed524a1b0740d840fa5956862c2e6f","68.53000000","68.66000000","-18.933877075444217885231576000",""
"12","2026-06-18T18:06:16.8950649+00:00","ETH","eth-updown-5m-1781805600","2584849","2026-06-18T18:00:00.0000000+00:00","2026-06-18T18:05:00.0000000+00:00","-376.895","376.895","-76.895","Up","54440108909645803563712017609209311553790634574167288046576126967603211899968","0.99","489923.36",,,,"35","0","497921.36","0","676362.15","0","1781805960279","0x5321af2dd99ba82f4abd95b18c702fb05268b58967ad15b3afa0fa94ceb284f1","1680.34000000","1679.79000000","3.2742188011596687681198250000",""
"12","2026-06-18T18:06:16.8950649+00:00","ETH","eth-updown-5m-1781805600","2584849","2026-06-18T18:00:00.0000000+00:00","2026-06-18T18:05:00.0000000+00:00","-376.895","376.895","-76.895","Down","110358233053529115025378425927539828974870137637838800989881295649187961418248",,,"0.01","489923.36",,"0","35","0","497921.36","0","676362.15","1781805960279","0x5321af2dd99ba82f4abd95b18c702fb05268b58967ad15b3afa0fa94ceb284f1","1680.34000000","1679.79000000","3.2742188011596687681198250000",""
"12","2026-06-18T18:06:16.8950649+00:00","BTC","btc-updown-5m-1781805600","2584851","2026-06-18T18:00:00.0000000+00:00","2026-06-18T18:05:00.0000000+00:00","-376.895","376.895","-76.895","Up","69551560445088382754714827577620718235813378023082728222424940352395440970822","0.99","674558.23",,,,"59","0","680226.17","0","947956.67","0","1781805970224","0xba71c99d7fb34fe556a1fa3203307333821ff8ed1d5297b70313adbdf2ff9b26","62671.99000000","62631.60000000","6.4488213617407187426155490000",""
"12","2026-06-18T18:06:16.8950649+00:00","BTC","btc-updown-5m-1781805600","2584851","2026-06-18T18:00:00.0000000+00:00","2026-06-18T18:05:00.0000000+00:00","-376.895","376.895","-76.895","Down","20195300913110956058442138189418940832885706023824964145401620330744384196382",,,"0.01","674558.23",,"0","59","0","680226.17","0","947956.67","1781805970224","0xba71c99d7fb34fe556a1fa3203307333821ff8ed1d5297b70313adbdf2ff9b26","62671.99000000","62631.60000000","6.4488213617407187426155490000",""
"12","2026-06-18T18:06:16.8950649+00:00","ETH","eth-updown-5m-1781805900","2584884","2026-06-18T18:05:00.0000000+00:00","2026-06-18T18:10:00.0000000+00:00","-76.895","76.895","223.105","Up","87638470687256180789625872353959436232072330222476306766552913512268745202636","0.59","150.52","0.6","80","0.01","59","40","1417.92","1257.81","19949.42","19752.65","1781805978507","0xc4848f78d533e55544fdde0ded280ad7ca5126882d67812d9248377570186e23","1680.34000000","1680.11000000","1.368957984893846236258340000",""
"12","2026-06-18T18:06:16.8950649+00:00","ETH","eth-updown-5m-1781805900","2584884","2026-06-18T18:05:00.0000000+00:00","2026-06-18T18:10:00.0000000+00:00","-76.895","76.895","223.105","Down","6433665683337383870393395622078943490078528184181542297078329973561292970114","0.4","80","0.41","150.52","0.00999999999999995","40","59","1257.81","1417.92","19752.65","19944.42","1781805978641","0xc4848f78d533e55544fdde0ded280ad7ca5126882d67812d9248377570186e23","1680.34000000","1680.11000000","1.368957984893846236258340000",""
"12","2026-06-18T18:06:16.8950649+00:00","BTC","btc-updown-5m-1781805900","2584885","2026-06-18T18:05:00.0000000+00:00","2026-06-18T18:10:00.0000000+00:00","-76.895","76.895","223.105","Up","84992519852971935377829666695110129200269350761576584997248599646134881919776","0.69","1113.27","0.7","156.67","0.01","69","30","6440.11","3770.64","63098.84","42631.76","1781805978805","0x8506535a52f6b682f53f20d77739545978544028b27e4ab3c2609a3b21b32096","62671.99000000","62639.99000000","5.1085576482371724516558830000",""
"12","2026-06-18T18:06:16.8950649+00:00","BTC","btc-updown-5m-1781805900","2584885","2026-06-18T18:05:00.0000000+00:00","2026-06-18T18:10:00.0000000+00:00","-76.895","76.895","223.105","Down","42465430903139473100546293101713411666359504294071645838614940811631751292310","0.3","62.1","0.31","1315.12","0.01","30","69","3190.13","6536.54","41318.77","62175.28","1781805978968","0x8506535a52f6b682f53f20d77739545978544028b27e4ab3c2609a3b21b32096","62671.99000000","62639.99000000","5.1085576482371724516558830000",""
"12","2026-06-18T18:06:16.8950649+00:00","SOL","sol-updown-5m-1781805900","2584886","2026-06-18T18:05:00.0000000+00:00","2026-06-18T18:10:00.0000000+00:00","-76.895","76.895","223.105","Up","17918595972159669296704757368041046382807284320771970511236606858231649587146","0.56","12","0.57","7","0.0099999999999999","56","43","290.98","258.11","6487.82","8106.46","1781805979140","0x6fe6c50e9739f3ec9f319c15d99b69bf1a986466f2ad035b006f6343b0fe7078","68.53000000","68.51000000","2.9192818566632608378338930000",""
"12","2026-06-18T18:06:16.8950649+00:00","SOL","sol-updown-5m-1781805900","2584886","2026-06-18T18:05:00.0000000+00:00","2026-06-18T18:10:00.0000000+00:00","-76.895","76.895","223.105","Down","19093975118609871406874996908570798158581047681193006965676263914632124416327","0.43","5.6","0.44","145.42","0.01","43","56","204.71","391.50","7518.93","6153.54","1781805979314","0x6fe6c50e9739f3ec9f319c15d99b69bf1a986466f2ad035b006f6343b0fe7078","68.53000000","68.51000000","2.9192818566632608378338930000",""
"13","2026-06-18T18:06:49.9942050+00:00","BTC","btc-updown-5m-1781805300","2584774","2026-06-18T17:55:00.0000000+00:00","2026-06-18T18:00:00.0000000+00:00","-709.994","709.994","-409.994","Up","100366993284555439229136263731142874057115468471011666953870421192847222766172",,,,,,"0","0",,,,,"","","62699.99000000","62631.60000000","10.919408094316606952401024000","The remote server returned an error: (404) Not Found."
"13","2026-06-18T18:06:49.9942050+00:00","BTC","btc-updown-5m-1781805300","2584774","2026-06-18T17:55:00.0000000+00:00","2026-06-18T18:00:00.0000000+00:00","-709.994","709.994","-409.994","Down","30945358799682125975622752445436537816479585992099959750063279707586060979279",,,,,,"0","0",,,,,"","","62699.99000000","62631.60000000","10.919408094316606952401024000","The remote server returned an error: (404) Not Found."
"13","2026-06-18T18:06:49.9942050+00:00","ETH","eth-updown-5m-1781805300","2584775","2026-06-18T17:55:00.0000000+00:00","2026-06-18T18:00:00.0000000+00:00","-709.994","709.994","-409.994","Up","84464230807213236425016885238522598164473602253759355671732117397567158540848",,,,,,"0","0",,,,,"","","1681.12000000","1679.79000000","7.9176563737133808392715760000","The remote server returned an error: (404) Not Found."
"13","2026-06-18T18:06:49.9942050+00:00","ETH","eth-updown-5m-1781805300","2584775","2026-06-18T17:55:00.0000000+00:00","2026-06-18T18:00:00.0000000+00:00","-709.994","709.994","-409.994","Down","36868621506353927085332735174569787095878720872195622300005980530115725386975",,,,,,"0","0",,,,,"","","1681.12000000","1679.79000000","7.9176563737133808392715760000","The remote server returned an error: (404) Not Found."
"13","2026-06-18T18:06:49.9942050+00:00","SOL","sol-updown-5m-1781805300","2584777","2026-06-18T17:55:00.0000000+00:00","2026-06-18T18:00:00.0000000+00:00","-709.994","709.994","-409.994","Up","43590587833960170489458633973229110190958133890499213708362021339678110080916",,,,,,"0","0",,,,,"","","68.53000000","68.66000000","-18.933877075444217885231576000","The remote server returned an error: (404) Not Found."
"13","2026-06-18T18:06:49.9942050+00:00","SOL","sol-updown-5m-1781805300","2584777","2026-06-18T17:55:00.0000000+00:00","2026-06-18T18:00:00.0000000+00:00","-709.994","709.994","-409.994","Down","64729861947531231910320495939117410106727761033132301855694367299130238199956",,,,,,"0","0",,,,,"","","68.53000000","68.66000000","-18.933877075444217885231576000","The remote server returned an error: (404) Not Found."
"13","2026-06-18T18:06:49.9942050+00:00","SOL","sol-updown-5m-1781805600","2584847","2026-06-18T18:00:00.0000000+00:00","2026-06-18T18:05:00.0000000+00:00","-409.994","409.994","-109.994","Up","92887202688210559890269037787373548518364039356424906092889842946664474809719",,,,,,"0","0",,,,,"","","68.53000000","68.66000000","-18.933877075444217885231576000","The remote server returned an error: (404) Not Found."
"13","2026-06-18T18:06:49.9942050+00:00","SOL","sol-updown-5m-1781805600","2584847","2026-06-18T18:00:00.0000000+00:00","2026-06-18T18:05:00.0000000+00:00","-409.994","409.994","-109.994","Down","42158671632333916299715271514496933316667556269910783091936524939668698929488",,,,,,"0","0",,,,,"","","68.53000000","68.66000000","-18.933877075444217885231576000","The remote server returned an error: (404) Not Found."
"13","2026-06-18T18:06:49.9942050+00:00","ETH","eth-updown-5m-1781805600","2584849","2026-06-18T18:00:00.0000000+00:00","2026-06-18T18:05:00.0000000+00:00","-409.994","409.994","-109.994","Up","54440108909645803563712017609209311553790634574167288046576126967603211899968",,,,,,"0","0",,,,,"","","1681.12000000","1679.79000000","7.9176563737133808392715760000","The remote server returned an error: (404) Not Found."
"13","2026-06-18T18:06:49.9942050+00:00","ETH","eth-updown-5m-1781805600","2584849","2026-06-18T18:00:00.0000000+00:00","2026-06-18T18:05:00.0000000+00:00","-409.994","409.994","-109.994","Down","110358233053529115025378425927539828974870137637838800989881295649187961418248",,,,,,"0","0",,,,,"","","1681.12000000","1679.79000000","7.9176563737133808392715760000","The remote server returned an error: (404) Not Found."
"13","2026-06-18T18:06:49.9942050+00:00","BTC","btc-updown-5m-1781805600","2584851","2026-06-18T18:00:00.0000000+00:00","2026-06-18T18:05:00.0000000+00:00","-409.994","409.994","-109.994","Up","69551560445088382754714827577620718235813378023082728222424940352395440970822",,,,,,"0","0",,,,,"","","62699.99000000","62631.60000000","10.919408094316606952401024000","The remote server returned an error: (404) Not Found."
"13","2026-06-18T18:06:49.9942050+00:00","BTC","btc-updown-5m-1781805600","2584851","2026-06-18T18:00:00.0000000+00:00","2026-06-18T18:05:00.0000000+00:00","-409.994","409.994","-109.994","Down","20195300913110956058442138189418940832885706023824964145401620330744384196382",,,,,,"0","0",,,,,"","","62699.99000000","62631.60000000","10.919408094316606952401024000","The remote server returned an error: (404) Not Found."
"13","2026-06-18T18:06:49.9942050+00:00","ETH","eth-updown-5m-1781805900","2584884","2026-06-18T18:05:00.0000000+00:00","2026-06-18T18:10:00.0000000+00:00","-109.994","109.994","190.006","Up","87638470687256180789625872353959436232072330222476306766552913512268745202636","0.67","21.5","0.68","213.51","0.01","67","32","783.66","1510.21","18741.25","13162.63","1781806011440","0xc4848f78d533e55544fdde0ded280ad7ca5126882d67812d9248377570186e23","1681.12000000","1680.11000000","6.0115111510555856461779290000",""
"13","2026-06-18T18:06:49.9942050+00:00","ETH","eth-updown-5m-1781805900","2584884","2026-06-18T18:05:00.0000000+00:00","2026-06-18T18:10:00.0000000+00:00","-109.994","109.994","190.006","Down","6433665683337383870393395622078943490078528184181542297078329973561292970114","0.32","168","0.33","129.98","0.01","32","67","1464.70","988.44","13152.62","18851.43","1781806011606","0xc4848f78d533e55544fdde0ded280ad7ca5126882d67812d9248377570186e23","1681.12000000","1680.11000000","6.0115111510555856461779290000",""
"13","2026-06-18T18:06:49.9942050+00:00","BTC","btc-updown-5m-1781805900","2584885","2026-06-18T18:05:00.0000000+00:00","2026-06-18T18:10:00.0000000+00:00","-109.994","109.994","190.006","Up","84992519852971935377829666695110129200269350761576584997248599646134881919776","0.78","910.22","0.79","737.51","0.01","78","21","6353.59","5291.78","64567.86","36461.27","1781806011737","0x8506535a52f6b682f53f20d77739545978544028b27e4ab3c2609a3b21b32096","62699.99000000","62639.99000000","9.578545590444698346854781000",""
"13","2026-06-18T18:06:49.9942050+00:00","BTC","btc-updown-5m-1781805900","2584885","2026-06-18T18:05:00.0000000+00:00","2026-06-18T18:10:00.0000000+00:00","-109.994","109.994","190.006","Down","42465430903139473100546293101713411666359504294071645838614940811631751292310","0.21","555","0.22","886.13","0.01","21","78","5166.24","6056.50","36356.53","64815.78","1781806011962","0x8506535a52f6b682f53f20d77739545978544028b27e4ab3c2609a3b21b32096","62699.99000000","62639.99000000","9.578545590444698346854781000",""
"13","2026-06-18T18:06:49.9942050+00:00","SOL","sol-updown-5m-1781805900","2584886","2026-06-18T18:05:00.0000000+00:00","2026-06-18T18:10:00.0000000+00:00","-109.994","109.994","190.006","Up","17918595972159669296704757368041046382807284320771970511236606858231649587146","0.57","85","0.58","36.2","0.01","57","42","390.51","165.12","5787.35","7307.52","1781806012127","0x6fe6c50e9739f3ec9f319c15d99b69bf1a986466f2ad035b006f6343b0fe7078","68.53000000","68.51000000","2.9192818566632608378338930000",""
"13","2026-06-18T18:06:49.9942050+00:00","SOL","sol-updown-5m-1781805900","2584886","2026-06-18T18:05:00.0000000+00:00","2026-06-18T18:10:00.0000000+00:00","-109.994","109.994","190.006","Down","19093975118609871406874996908570798158581047681193006965676263914632124416327","0.42","112.29","0.43","5","0.01","42","57","322.93","124.09","7476.73","5571.93","1781806012261","0x6fe6c50e9739f3ec9f319c15d99b69bf1a986466f2ad035b006f6343b0fe7078","68.53000000","68.51000000","2.9192818566632608378338930000",""
"14","2026-06-18T18:07:22.9453753+00:00","BTC","btc-updown-5m-1781805300","2584774","2026-06-18T17:55:00.0000000+00:00","2026-06-18T18:00:00.0000000+00:00","-742.945","742.945","-442.945","Up","100366993284555439229136263731142874057115468471011666953870421192847222766172",,,,,,"0","0",,,,,"","","62697.49000000","62631.60000000","10.520248564622331219384464000","The remote server returned an error: (404) Not Found."
"14","2026-06-18T18:07:22.9453753+00:00","BTC","btc-updown-5m-1781805300","2584774","2026-06-18T17:55:00.0000000+00:00","2026-06-18T18:00:00.0000000+00:00","-742.945","742.945","-442.945","Down","30945358799682125975622752445436537816479585992099959750063279707586060979279",,,,,,"0","0",,,,,"","","62697.49000000","62631.60000000","10.520248564622331219384464000","The remote server returned an error: (404) Not Found."
"14","2026-06-18T18:07:22.9453753+00:00","ETH","eth-updown-5m-1781805300","2584775","2026-06-18T17:55:00.0000000+00:00","2026-06-18T18:00:00.0000000+00:00","-742.945","742.945","-442.945","Up","84464230807213236425016885238522598164473602253759355671732117397567158540848",,,,,,"0","0",,,,,"","","1681.16000000","1679.79000000","8.155781377434084022407563000","The remote server returned an error: (404) Not Found."
"14","2026-06-18T18:07:22.9453753+00:00","ETH","eth-updown-5m-1781805300","2584775","2026-06-18T17:55:00.0000000+00:00","2026-06-18T18:00:00.0000000+00:00","-742.945","742.945","-442.945","Down","36868621506353927085332735174569787095878720872195622300005980530115725386975",,,,,,"0","0",,,,,"","","1681.16000000","1679.79000000","8.155781377434084022407563000","The remote server returned an error: (404) Not Found."
"14","2026-06-18T18:07:22.9453753+00:00","SOL","sol-updown-5m-1781805300","2584777","2026-06-18T17:55:00.0000000+00:00","2026-06-18T18:00:00.0000000+00:00","-742.945","742.945","-442.945","Up","43590587833960170489458633973229110190958133890499213708362021339678110080916",,,,,,"0","0",,,,,"","","68.55000000","68.66000000","-16.020972909991261287503641000","The remote server returned an error: (404) Not Found."
"14","2026-06-18T18:07:22.9453753+00:00","SOL","sol-updown-5m-1781805300","2584777","2026-06-18T17:55:00.0000000+00:00","2026-06-18T18:00:00.0000000+00:00","-742.945","742.945","-442.945","Down","64729861947531231910320495939117410106727761033132301855694367299130238199956",,,,,,"0","0",,,,,"","","68.55000000","68.66000000","-16.020972909991261287503641000","The remote server returned an error: (404) Not Found."
"14","2026-06-18T18:07:22.9453753+00:00","SOL","sol-updown-5m-1781805600","2584847","2026-06-18T18:00:00.0000000+00:00","2026-06-18T18:05:00.0000000+00:00","-442.945","442.945","-142.945","Up","92887202688210559890269037787373548518364039356424906092889842946664474809719",,,,,,"0","0",,,,,"","","68.55000000","68.66000000","-16.020972909991261287503641000","The remote server returned an error: (404) Not Found."
"14","2026-06-18T18:07:22.9453753+00:00","SOL","sol-updown-5m-1781805600","2584847","2026-06-18T18:00:00.0000000+00:00","2026-06-18T18:05:00.0000000+00:00","-442.945","442.945","-142.945","Down","42158671632333916299715271514496933316667556269910783091936524939668698929488",,,,,,"0","0",,,,,"","","68.55000000","68.66000000","-16.020972909991261287503641000","The remote server returned an error: (404) Not Found."
"14","2026-06-18T18:07:22.9453753+00:00","ETH","eth-updown-5m-1781805600","2584849","2026-06-18T18:00:00.0000000+00:00","2026-06-18T18:05:00.0000000+00:00","-442.945","442.945","-142.945","Up","54440108909645803563712017609209311553790634574167288046576126967603211899968",,,,,,"0","0",,,,,"","","1681.16000000","1679.79000000","8.155781377434084022407563000","The remote server returned an error: (404) Not Found."
"14","2026-06-18T18:07:22.9453753+00:00","ETH","eth-updown-5m-1781805600","2584849","2026-06-18T18:00:00.0000000+00:00","2026-06-18T18:05:00.0000000+00:00","-442.945","442.945","-142.945","Down","110358233053529115025378425927539828974870137637838800989881295649187961418248",,,,,,"0","0",,,,,"","","1681.16000000","1679.79000000","8.155781377434084022407563000","The remote server returned an error: (404) Not Found."
"14","2026-06-18T18:07:22.9453753+00:00","BTC","btc-updown-5m-1781805600","2584851","2026-06-18T18:00:00.0000000+00:00","2026-06-18T18:05:00.0000000+00:00","-442.945","442.945","-142.945","Up","69551560445088382754714827577620718235813378023082728222424940352395440970822",,,,,,"0","0",,,,,"","","62697.49000000","62631.60000000","10.520248564622331219384464000","The remote server returned an error: (404) Not Found."
"14","2026-06-18T18:07:22.9453753+00:00","BTC","btc-updown-5m-1781805600","2584851","2026-06-18T18:00:00.0000000+00:00","2026-06-18T18:05:00.0000000+00:00","-442.945","442.945","-142.945","Down","20195300913110956058442138189418940832885706023824964145401620330744384196382",,,,,,"0","0",,,,,"","","62697.49000000","62631.60000000","10.520248564622331219384464000","The remote server returned an error: (404) Not Found."
"14","2026-06-18T18:07:22.9453753+00:00","ETH","eth-updown-5m-1781805900","2584884","2026-06-18T18:05:00.0000000+00:00","2026-06-18T18:10:00.0000000+00:00","-142.945","142.945","157.055","Up","87638470687256180789625872353959436232072330222476306766552913512268745202636","0.72","366.52","0.73","5","0.01","72","27","1614.36","686.18","19970.61","11069.97","1781806044275","0xc4848f78d533e55544fdde0ded280ad7ca5126882d67812d9248377570186e23","1681.16000000","1680.11000000","6.2495908006023415133532920000",""
"14","2026-06-18T18:07:22.9453753+00:00","ETH","eth-updown-5m-1781805900","2584884","2026-06-18T18:05:00.0000000+00:00","2026-06-18T18:10:00.0000000+00:00","-142.945","142.945","157.055","Down","6433665683337383870393395622078943490078528184181542297078329973561292970114","0.27","11","0.28","366.52","0.01","27","72","658.18","1674.36","11066.89","21116.51","1781806044379","0xc4848f78d533e55544fdde0ded280ad7ca5126882d67812d9248377570186e23","1681.16000000","1680.11000000","6.2495908006023415133532920000",""
"14","2026-06-18T18:07:22.9453753+00:00","BTC","btc-updown-5m-1781805900","2584885","2026-06-18T18:05:00.0000000+00:00","2026-06-18T18:10:00.0000000+00:00","-142.945","142.945","157.055","Up","84992519852971935377829666695110129200269350761576584997248599646134881919776","0.84","1124.11","0.85","703.81","0.01","84","15","7647.57","4633.38","67883.69","30181.48","1781806044496","0x8506535a52f6b682f53f20d77739545978544028b27e4ab3c2609a3b21b32096","62697.49000000","62639.99000000","9.179439524176169249069165000",""
"14","2026-06-18T18:07:22.9453753+00:00","BTC","btc-updown-5m-1781805900","2584885","2026-06-18T18:05:00.0000000+00:00","2026-06-18T18:10:00.0000000+00:00","-142.945","142.945","157.055","Down","42465430903139473100546293101713411666359504294071645838614940811631751292310","0.15","703.81","0.16","1128.11","0.01","15","84","4633.38","7656.57","30176.48","67844.69","1781806044694","0x8506535a52f6b682f53f20d77739545978544028b27e4ab3c2609a3b21b32096","62697.49000000","62639.99000000","9.179439524176169249069165000",""
"14","2026-06-18T18:07:22.9453753+00:00","SOL","sol-updown-5m-1781805900","2584886","2026-06-18T18:05:00.0000000+00:00","2026-06-18T18:10:00.0000000+00:00","-142.945","142.945","157.055","Up","17918595972159669296704757368041046382807284320771970511236606858231649587146","0.64","33.52","0.65","124.32","0.01","64","35","103.52","383.56","5962.77","4817.13","1781806044819","0x6fe6c50e9739f3ec9f319c15d99b69bf1a986466f2ad035b006f6343b0fe7078","68.55000000","68.51000000","5.8385637133265216756677860000",""
"14","2026-06-18T18:07:22.9453753+00:00","SOL","sol-updown-5m-1781805900","2584886","2026-06-18T18:05:00.0000000+00:00","2026-06-18T18:10:00.0000000+00:00","-142.945","142.945","157.055","Down","19093975118609871406874996908570798158581047681193006965676263914632124416327","0.35","124.32","0.36","33.52","0.01","35","64","383.56","90.52","4817.13","5967.77","1781806044946","0x6fe6c50e9739f3ec9f319c15d99b69bf1a986466f2ad035b006f6343b0fe7078","68.55000000","68.51000000","5.8385637133265216756677860000",""
"15","2026-06-18T18:07:55.6675836+00:00","BTC","btc-updown-5m-1781805300","2584774","2026-06-18T17:55:00.0000000+00:00","2026-06-18T18:00:00.0000000+00:00","-775.668","775.668","-475.668","Up","100366993284555439229136263731142874057115468471011666953870421192847222766172",,,,,,"0","0",,,,,"","","62666.01000000","62631.60000000","5.4940317667120111892399360000","The remote server returned an error: (404) Not Found."
"15","2026-06-18T18:07:55.6675836+00:00","BTC","btc-updown-5m-1781805300","2584774","2026-06-18T17:55:00.0000000+00:00","2026-06-18T18:00:00.0000000+00:00","-775.668","775.668","-475.668","Down","30945358799682125975622752445436537816479585992099959750063279707586060979279",,,,,,"0","0",,,,,"","","62666.01000000","62631.60000000","5.4940317667120111892399360000","The remote server returned an error: (404) Not Found."
"15","2026-06-18T18:07:55.6675836+00:00","ETH","eth-updown-5m-1781805300","2584775","2026-06-18T17:55:00.0000000+00:00","2026-06-18T18:00:00.0000000+00:00","-775.668","775.668","-475.668","Up","84464230807213236425016885238522598164473602253759355671732117397567158540848",,,,,,"0","0",,,,,"","","1679.79000000","1679.79000000","0","The remote server returned an error: (404) Not Found."
"15","2026-06-18T18:07:55.6675836+00:00","ETH","eth-updown-5m-1781805300","2584775","2026-06-18T17:55:00.0000000+00:00","2026-06-18T18:00:00.0000000+00:00","-775.668","775.668","-475.668","Down","36868621506353927085332735174569787095878720872195622300005980530115725386975",,,,,,"0","0",,,,,"","","1679.79000000","1679.79000000","0","The remote server returned an error: (404) Not Found."
"15","2026-06-18T18:07:55.6675836+00:00","SOL","sol-updown-5m-1781805300","2584777","2026-06-18T17:55:00.0000000+00:00","2026-06-18T18:00:00.0000000+00:00","-775.668","775.668","-475.668","Up","43590587833960170489458633973229110190958133890499213708362021339678110080916",,,,,,"0","0",,,,,"","","68.50000000","68.66000000","-23.303233323623652781823478000","The remote server returned an error: (404) Not Found."
"15","2026-06-18T18:07:55.6675836+00:00","SOL","sol-updown-5m-1781805300","2584777","2026-06-18T17:55:00.0000000+00:00","2026-06-18T18:00:00.0000000+00:00","-775.668","775.668","-475.668","Down","64729861947531231910320495939117410106727761033132301855694367299130238199956",,,,,,"0","0",,,,,"","","68.50000000","68.66000000","-23.303233323623652781823478000","The remote server returned an error: (404) Not Found."
"15","2026-06-18T18:07:55.6675836+00:00","SOL","sol-updown-5m-1781805600","2584847","2026-06-18T18:00:00.0000000+00:00","2026-06-18T18:05:00.0000000+00:00","-475.668","475.668","-175.668","Up","92887202688210559890269037787373548518364039356424906092889842946664474809719",,,,,,"0","0",,,,,"","","68.50000000","68.66000000","-23.303233323623652781823478000","The remote server returned an error: (404) Not Found."
"15","2026-06-18T18:07:55.6675836+00:00","SOL","sol-updown-5m-1781805600","2584847","2026-06-18T18:00:00.0000000+00:00","2026-06-18T18:05:00.0000000+00:00","-475.668","475.668","-175.668","Down","42158671632333916299715271514496933316667556269910783091936524939668698929488",,,,,,"0","0",,,,,"","","68.50000000","68.66000000","-23.303233323623652781823478000","The remote server returned an error: (404) Not Found."
"15","2026-06-18T18:07:55.6675836+00:00","ETH","eth-updown-5m-1781805600","2584849","2026-06-18T18:00:00.0000000+00:00","2026-06-18T18:05:00.0000000+00:00","-475.668","475.668","-175.668","Up","54440108909645803563712017609209311553790634574167288046576126967603211899968",,,,,,"0","0",,,,,"","","1679.79000000","1679.79000000","0","The remote server returned an error: (404) Not Found."
"15","2026-06-18T18:07:55.6675836+00:00","ETH","eth-updown-5m-1781805600","2584849","2026-06-18T18:00:00.0000000+00:00","2026-06-18T18:05:00.0000000+00:00","-475.668","475.668","-175.668","Down","110358233053529115025378425927539828974870137637838800989881295649187961418248",,,,,,"0","0",,,,,"","","1679.79000000","1679.79000000","0","The remote server returned an error: (404) Not Found."
"15","2026-06-18T18:07:55.6675836+00:00","BTC","btc-updown-5m-1781805600","2584851","2026-06-18T18:00:00.0000000+00:00","2026-06-18T18:05:00.0000000+00:00","-475.668","475.668","-175.668","Up","69551560445088382754714827577620718235813378023082728222424940352395440970822",,,,,,"0","0",,,,,"","","62666.01000000","62631.60000000","5.4940317667120111892399360000","The remote server returned an error: (404) Not Found."
"15","2026-06-18T18:07:55.6675836+00:00","BTC","btc-updown-5m-1781805600","2584851","2026-06-18T18:00:00.0000000+00:00","2026-06-18T18:05:00.0000000+00:00","-475.668","475.668","-175.668","Down","20195300913110956058442138189418940832885706023824964145401620330744384196382",,,,,,"0","0",,,,,"","","62666.01000000","62631.60000000","5.4940317667120111892399360000","The remote server returned an error: (404) Not Found."
"15","2026-06-18T18:07:55.6675836+00:00","ETH","eth-updown-5m-1781805900","2584884","2026-06-18T18:05:00.0000000+00:00","2026-06-18T18:10:00.0000000+00:00","-175.668","175.668","124.332","Up","87638470687256180789625872353959436232072330222476306766552913512268745202636","0.54","231.39","0.55","134.12","0.01","54","45","1137.23","1065.40","17031.98","19200.54","1781806077550","0xc4848f78d533e55544fdde0ded280ad7ca5126882d67812d9248377570186e23","1679.79000000","1680.11000000","-1.9046371963740469374029080000",""
"15","2026-06-18T18:07:55.6675836+00:00","ETH","eth-updown-5m-1781805900","2584884","2026-06-18T18:05:00.0000000+00:00","2026-06-18T18:10:00.0000000+00:00","-175.668","175.668","124.332","Down","6433665683337383870393395622078943490078528184181542297078329973561292970114","0.45","5","0.46","313.56","0.01","45","54","448.08","1265.58","18297.86","16936.13","1781806077682","0xc4848f78d533e55544fdde0ded280ad7ca5126882d67812d9248377570186e23","1679.79000000","1680.11000000","-1.9046371963740469374029080000",""
"15","2026-06-18T18:07:55.6675836+00:00","BTC","btc-updown-5m-1781805900","2584885","2026-06-18T18:05:00.0000000+00:00","2026-06-18T18:10:00.0000000+00:00","-175.668","175.668","124.332","Up","84992519852971935377829666695110129200269350761576584997248599646134881919776","0.74","1734.95","0.75","5","0.01","74","25","6945.33","167.14","60646.72","27802.65","1781806077831","0x8506535a52f6b682f53f20d77739545978544028b27e4ab3c2609a3b21b32096","62666.01000000","62639.99000000","4.153895937722850849752690000",""
"15","2026-06-18T18:07:55.6675836+00:00","BTC","btc-updown-5m-1781805900","2584885","2026-06-18T18:05:00.0000000+00:00","2026-06-18T18:10:00.0000000+00:00","-175.668","175.668","124.332","Down","42465430903139473100546293101713411666359504294071645838614940811631751292310","0.21","34.54","0.23","378.85","0.02","21","77","2678.07","4479.54","30815.25","62440.45","1781806078041","0x8506535a52f6b682f53f20d77739545978544028b27e4ab3c2609a3b21b32096","62666.01000000","62639.99000000","4.153895937722850849752690000",""
"15","2026-06-18T18:07:55.6675836+00:00","SOL","sol-updown-5m-1781805900","2584886","2026-06-18T18:05:00.0000000+00:00","2026-06-18T18:10:00.0000000+00:00","-175.668","175.668","124.332","Up","17918595972159669296704757368041046382807284320771970511236606858231649587146","0.49","87","0.54","5.6","0.05","49","46","217.90","124.6","7562.34","5045.22","1781806078221","0x6fe6c50e9739f3ec9f319c15d99b69bf1a986466f2ad035b006f6343b0fe7078","68.50000000","68.51000000","-1.4596409283316304189169460000",""
"15","2026-06-18T18:07:55.6675836+00:00","SOL","sol-updown-5m-1781805900","2584886","2026-06-18T18:05:00.0000000+00:00","2026-06-18T18:10:00.0000000+00:00","-175.668","175.668","124.332","Down","19093975118609871406874996908570798158581047681193006965676263914632124416327","0.48","5","0.5","10","0.02","44","50","325.96","169.25","4782.08","5254.29","1781806078375","0x6fe6c50e9739f3ec9f319c15d99b69bf1a986466f2ad035b006f6343b0fe7078","68.50000000","68.51000000","-1.4596409283316304189169460000",""
"16","2026-06-18T18:08:29.0042569+00:00","BTC","btc-updown-5m-1781805300","2584774","2026-06-18T17:55:00.0000000+00:00","2026-06-18T18:00:00.0000000+00:00","-809.004","809.004","-509.004","Up","100366993284555439229136263731142874057115468471011666953870421192847222766172",,,,,,"0","0",,,,,"","","62715.22000000","62631.60000000","13.351087949214134717937910000","The remote server returned an error: (404) Not Found."
"16","2026-06-18T18:08:29.0042569+00:00","BTC","btc-updown-5m-1781805300","2584774","2026-06-18T17:55:00.0000000+00:00","2026-06-18T18:00:00.0000000+00:00","-809.004","809.004","-509.004","Down","30945358799682125975622752445436537816479585992099959750063279707586060979279",,,,,,"0","0",,,,,"","","62715.22000000","62631.60000000","13.351087949214134717937910000","The remote server returned an error: (404) Not Found."
"16","2026-06-18T18:08:29.0042569+00:00","ETH","eth-updown-5m-1781805300","2584775","2026-06-18T17:55:00.0000000+00:00","2026-06-18T18:00:00.0000000+00:00","-809.004","809.004","-509.004","Up","84464230807213236425016885238522598164473602253759355671732117397567158540848",,,,,,"0","0",,,,,"","","1681.44000000","1679.79000000","9.822656403479006304359474000","The remote server returned an error: (404) Not Found."
"16","2026-06-18T18:08:29.0042569+00:00","ETH","eth-updown-5m-1781805300","2584775","2026-06-18T17:55:00.0000000+00:00","2026-06-18T18:00:00.0000000+00:00","-809.004","809.004","-509.004","Down","36868621506353927085332735174569787095878720872195622300005980530115725386975",,,,,,"0","0",,,,,"","","1681.44000000","1679.79000000","9.822656403479006304359474000","The remote server returned an error: (404) Not Found."
"16","2026-06-18T18:08:29.0042569+00:00","SOL","sol-updown-5m-1781805300","2584777","2026-06-18T17:55:00.0000000+00:00","2026-06-18T18:00:00.0000000+00:00","-809.004","809.004","-509.004","Up","43590587833960170489458633973229110190958133890499213708362021339678110080916",,,,,,"0","0",,,,,"","","68.55000000","68.66000000","-16.020972909991261287503641000","The remote server returned an error: (404) Not Found."
"16","2026-06-18T18:08:29.0042569+00:00","SOL","sol-updown-5m-1781805300","2584777","2026-06-18T17:55:00.0000000+00:00","2026-06-18T18:00:00.0000000+00:00","-809.004","809.004","-509.004","Down","64729861947531231910320495939117410106727761033132301855694367299130238199956",,,,,,"0","0",,,,,"","","68.55000000","68.66000000","-16.020972909991261287503641000","The remote server returned an error: (404) Not Found."
"16","2026-06-18T18:08:29.0042569+00:00","SOL","sol-updown-5m-1781805600","2584847","2026-06-18T18:00:00.0000000+00:00","2026-06-18T18:05:00.0000000+00:00","-509.004","509.004","-209.004","Up","92887202688210559890269037787373548518364039356424906092889842946664474809719",,,,,,"0","0",,,,,"","","68.55000000","68.66000000","-16.020972909991261287503641000","The remote server returned an error: (404) Not Found."
"16","2026-06-18T18:08:29.0042569+00:00","SOL","sol-updown-5m-1781805600","2584847","2026-06-18T18:00:00.0000000+00:00","2026-06-18T18:05:00.0000000+00:00","-509.004","509.004","-209.004","Down","42158671632333916299715271514496933316667556269910783091936524939668698929488",,,,,,"0","0",,,,,"","","68.55000000","68.66000000","-16.020972909991261287503641000","The remote server returned an error: (404) Not Found."
"16","2026-06-18T18:08:29.0042569+00:00","ETH","eth-updown-5m-1781805600","2584849","2026-06-18T18:00:00.0000000+00:00","2026-06-18T18:05:00.0000000+00:00","-509.004","509.004","-209.004","Up","54440108909645803563712017609209311553790634574167288046576126967603211899968",,,,,,"0","0",,,,,"","","1681.44000000","1679.79000000","9.822656403479006304359474000","The remote server returned an error: (404) Not Found."
"16","2026-06-18T18:08:29.0042569+00:00","ETH","eth-updown-5m-1781805600","2584849","2026-06-18T18:00:00.0000000+00:00","2026-06-18T18:05:00.0000000+00:00","-509.004","509.004","-209.004","Down","110358233053529115025378425927539828974870137637838800989881295649187961418248",,,,,,"0","0",,,,,"","","1681.44000000","1679.79000000","9.822656403479006304359474000","The remote server returned an error: (404) Not Found."
"16","2026-06-18T18:08:29.0042569+00:00","BTC","btc-updown-5m-1781805600","2584851","2026-06-18T18:00:00.0000000+00:00","2026-06-18T18:05:00.0000000+00:00","-509.004","509.004","-209.004","Up","69551560445088382754714827577620718235813378023082728222424940352395440970822",,,,,,"0","0",,,,,"","","62715.22000000","62631.60000000","13.351087949214134717937910000","The remote server returned an error: (404) Not Found."
"16","2026-06-18T18:08:29.0042569+00:00","BTC","btc-updown-5m-1781805600","2584851","2026-06-18T18:00:00.0000000+00:00","2026-06-18T18:05:00.0000000+00:00","-509.004","509.004","-209.004","Down","20195300913110956058442138189418940832885706023824964145401620330744384196382",,,,,,"0","0",,,,,"","","62715.22000000","62631.60000000","13.351087949214134717937910000","The remote server returned an error: (404) Not Found."
"16","2026-06-18T18:08:29.0042569+00:00","ETH","eth-updown-5m-1781805900","2584884","2026-06-18T18:05:00.0000000+00:00","2026-06-18T18:10:00.0000000+00:00","-209.004","209.004","90.996","Up","87638470687256180789625872353959436232072330222476306766552913512268745202636","0.86","15.26","0.87","255.02","0.01","86","13","769.96","2435.46","23116.84","9476.42","1781806110852","0xc4848f78d533e55544fdde0ded280ad7ca5126882d67812d9248377570186e23","1681.44000000","1680.11000000","7.9161483474296325835808370000",""
"16","2026-06-18T18:08:29.0042569+00:00","ETH","eth-updown-5m-1781805900","2584884","2026-06-18T18:05:00.0000000+00:00","2026-06-18T18:10:00.0000000+00:00","-209.004","209.004","90.996","Down","6433665683337383870393395622078943490078528184181542297078329973561292970114","0.13","246.87","0.14","15.26","0.01","13","86","2427.31","774.96","9463.27","23116.84","1781806111056","0xc4848f78d533e55544fdde0ded280ad7ca5126882d67812d9248377570186e23","1681.44000000","1680.11000000","7.9161483474296325835808370000",""
"16","2026-06-18T18:08:29.0042569+00:00","BTC","btc-updown-5m-1781805900","2584885","2026-06-18T18:05:00.0000000+00:00","2026-06-18T18:10:00.0000000+00:00","-209.004","209.004","90.996","Up","84992519852971935377829666695110129200269350761576584997248599646134881919776","0.95","1165.01","0.96","108.77","0.01","95","4","8642.53","11460.27","66871.50","11460.27","1781806111189","0x8506535a52f6b682f53f20d77739545978544028b27e4ab3c2609a3b21b32096","62715.22000000","62639.99000000","12.009899746152577610564753000",""
"16","2026-06-18T18:08:29.0042569+00:00","BTC","btc-updown-5m-1781805900","2584885","2026-06-18T18:05:00.0000000+00:00","2026-06-18T18:10:00.0000000+00:00","-209.004","209.004","90.996","Down","42465430903139473100546293101713411666359504294071645838614940811631751292310","0.04","40.88","0.05","1262.11","0.01","4","95","11392.38","8720.94","11392.38","66479.92","1781806111354","0x8506535a52f6b682f53f20d77739545978544028b27e4ab3c2609a3b21b32096","62715.22000000","62639.99000000","12.009899746152577610564753000",""
"16","2026-06-18T18:08:29.0042569+00:00","SOL","sol-updown-5m-1781805900","2584886","2026-06-18T18:05:00.0000000+00:00","2026-06-18T18:10:00.0000000+00:00","-209.004","209.004","90.996","Up","17918595972159669296704757368041046382807284320771970511236606858231649587146","0.7","7","0.71","90.6","0.01","70","29","289.84","436.83","6189.90","4362.65","1781806111510","0x6fe6c50e9739f3ec9f319c15d99b69bf1a986466f2ad035b006f6343b0fe7078","68.55000000","68.51000000","5.8385637133265216756677860000",""
"16","2026-06-18T18:08:29.0042569+00:00","SOL","sol-updown-5m-1781805900","2584886","2026-06-18T18:05:00.0000000+00:00","2026-06-18T18:10:00.0000000+00:00","-209.004","209.004","90.996","Down","19093975118609871406874996908570798158581047681193006965676263914632124416327","0.3","104.21","0.31","7","0.01","30","69","488.29","231.74","4470.58","6643.48","1781806111872","0x6fe6c50e9739f3ec9f319c15d99b69bf1a986466f2ad035b006f6343b0fe7078","68.55000000","68.51000000","5.8385637133265216756677860000",""
"17","2026-06-18T18:09:02.5905794+00:00","BTC","btc-updown-5m-1781805300","2584774","2026-06-18T17:55:00.0000000+00:00","2026-06-18T18:00:00.0000000+00:00","-842.591","842.591","-542.591","Up","100366993284555439229136263731142874057115468471011666953870421192847222766172",,,,,,"0","0",,,,,"","","62694.17000000","62631.60000000","9.990164709188333045938472000","The remote server returned an error: (404) Not Found."
"17","2026-06-18T18:09:02.5905794+00:00","BTC","btc-updown-5m-1781805300","2584774","2026-06-18T17:55:00.0000000+00:00","2026-06-18T18:00:00.0000000+00:00","-842.591","842.591","-542.591","Down","30945358799682125975622752445436537816479585992099959750063279707586060979279",,,,,,"0","0",,,,,"","","62694.17000000","62631.60000000","9.990164709188333045938472000","The remote server returned an error: (404) Not Found."
"17","2026-06-18T18:09:02.5905794+00:00","ETH","eth-updown-5m-1781805300","2584775","2026-06-18T17:55:00.0000000+00:00","2026-06-18T18:00:00.0000000+00:00","-842.591","842.591","-542.591","Up","84464230807213236425016885238522598164473602253759355671732117397567158540848",,,,,,"0","0",,,,,"","","1680.09000000","1679.79000000","1.7859375279052738735199040000","The remote server returned an error: (404) Not Found."
"17","2026-06-18T18:09:02.5905794+00:00","ETH","eth-updown-5m-1781805300","2584775","2026-06-18T17:55:00.0000000+00:00","2026-06-18T18:00:00.0000000+00:00","-842.591","842.591","-542.591","Down","36868621506353927085332735174569787095878720872195622300005980530115725386975",,,,,,"0","0",,,,,"","","1680.09000000","1679.79000000","1.7859375279052738735199040000","The remote server returned an error: (404) Not Found."
"17","2026-06-18T18:09:02.5905794+00:00","SOL","sol-updown-5m-1781805300","2584777","2026-06-18T17:55:00.0000000+00:00","2026-06-18T18:00:00.0000000+00:00","-842.591","842.591","-542.591","Up","43590587833960170489458633973229110190958133890499213708362021339678110080916",,,,,,"0","0",,,,,"","","68.50000000","68.66000000","-23.303233323623652781823478000","The remote server returned an error: (404) Not Found."
"17","2026-06-18T18:09:02.5905794+00:00","SOL","sol-updown-5m-1781805300","2584777","2026-06-18T17:55:00.0000000+00:00","2026-06-18T18:00:00.0000000+00:00","-842.591","842.591","-542.591","Down","64729861947531231910320495939117410106727761033132301855694367299130238199956",,,,,,"0","0",,,,,"","","68.50000000","68.66000000","-23.303233323623652781823478000","The remote server returned an error: (404) Not Found."
"17","2026-06-18T18:09:02.5905794+00:00","SOL","sol-updown-5m-1781805600","2584847","2026-06-18T18:00:00.0000000+00:00","2026-06-18T18:05:00.0000000+00:00","-542.591","542.591","-242.591","Up","92887202688210559890269037787373548518364039356424906092889842946664474809719",,,,,,"0","0",,,,,"","","68.50000000","68.66000000","-23.303233323623652781823478000","The remote server returned an error: (404) Not Found."
"17","2026-06-18T18:09:02.5905794+00:00","SOL","sol-updown-5m-1781805600","2584847","2026-06-18T18:00:00.0000000+00:00","2026-06-18T18:05:00.0000000+00:00","-542.591","542.591","-242.591","Down","42158671632333916299715271514496933316667556269910783091936524939668698929488",,,,,,"0","0",,,,,"","","68.50000000","68.66000000","-23.303233323623652781823478000","The remote server returned an error: (404) Not Found."
"17","2026-06-18T18:09:02.5905794+00:00","ETH","eth-updown-5m-1781805600","2584849","2026-06-18T18:00:00.0000000+00:00","2026-06-18T18:05:00.0000000+00:00","-542.591","542.591","-242.591","Up","54440108909645803563712017609209311553790634574167288046576126967603211899968",,,,,,"0","0",,,,,"","","1680.09000000","1679.79000000","1.7859375279052738735199040000","The remote server returned an error: (404) Not Found."
"17","2026-06-18T18:09:02.5905794+00:00","ETH","eth-updown-5m-1781805600","2584849","2026-06-18T18:00:00.0000000+00:00","2026-06-18T18:05:00.0000000+00:00","-542.591","542.591","-242.591","Down","110358233053529115025378425927539828974870137637838800989881295649187961418248",,,,,,"0","0",,,,,"","","1680.09000000","1679.79000000","1.7859375279052738735199040000","The remote server returned an error: (404) Not Found."
"17","2026-06-18T18:09:02.5905794+00:00","BTC","btc-updown-5m-1781805600","2584851","2026-06-18T18:00:00.0000000+00:00","2026-06-18T18:05:00.0000000+00:00","-542.591","542.591","-242.591","Up","69551560445088382754714827577620718235813378023082728222424940352395440970822",,,,,,"0","0",,,,,"","","62694.17000000","62631.60000000","9.990164709188333045938472000","The remote server returned an error: (404) Not Found."
"17","2026-06-18T18:09:02.5905794+00:00","BTC","btc-updown-5m-1781805600","2584851","2026-06-18T18:00:00.0000000+00:00","2026-06-18T18:05:00.0000000+00:00","-542.591","542.591","-242.591","Down","20195300913110956058442138189418940832885706023824964145401620330744384196382",,,,,,"0","0",,,,,"","","62694.17000000","62631.60000000","9.990164709188333045938472000","The remote server returned an error: (404) Not Found."
"17","2026-06-18T18:09:02.5905794+00:00","ETH","eth-updown-5m-1781805900","2584884","2026-06-18T18:05:00.0000000+00:00","2026-06-18T18:10:00.0000000+00:00","-242.591","242.591","57.409","Up","87638470687256180789625872353959436232072330222476306766552913512268745202636","0.7","119.82","0.71","18.06","0.01","70","29","446.96","349.26","16772.10","11183.74","1781806144001","0xc4848f78d533e55544fdde0ded280ad7ca5126882d67812d9248377570186e23","1680.09000000","1680.11000000","-0.1190398247733779335876820000",""
"17","2026-06-18T18:09:02.5905794+00:00","ETH","eth-updown-5m-1781805900","2584884","2026-06-18T18:05:00.0000000+00:00","2026-06-18T18:10:00.0000000+00:00","-242.591","242.591","57.409","Down","6433665683337383870393395622078943490078528184181542297078329973561292970114","0.29","18.06","0.3","93.82","0.01","29","70","349.26","445.96","11176.14","16766.10","1781806144108","0xc4848f78d533e55544fdde0ded280ad7ca5126882d67812d9248377570186e23","1680.09000000","1680.11000000","-0.1190398247733779335876820000",""
"17","2026-06-18T18:09:02.5905794+00:00","BTC","btc-updown-5m-1781805900","2584885","2026-06-18T18:05:00.0000000+00:00","2026-06-18T18:10:00.0000000+00:00","-242.591","242.591","57.409","Up","84992519852971935377829666695110129200269350761576584997248599646134881919776","0.97","364.46","0.98","1793.99","0.01","97","2","3124.75","8149.84","57487.65","8149.84","1781806144320","0x8506535a52f6b682f53f20d77739545978544028b27e4ab3c2609a3b21b32096","62694.17000000","62639.99000000","8.649426668171562607209867000",""
"17","2026-06-18T18:09:02.5905794+00:00","BTC","btc-updown-5m-1781805900","2584885","2026-06-18T18:05:00.0000000+00:00","2026-06-18T18:10:00.0000000+00:00","-242.591","242.591","57.409","Down","42465430903139473100546293101713411666359504294071645838614940811631751292310","0.02","1976.38","0.03","348.52","0.01","2","97","8532.23","2965.05","8532.23","57832.95","1781806144436","0x8506535a52f6b682f53f20d77739545978544028b27e4ab3c2609a3b21b32096","62694.17000000","62639.99000000","8.649426668171562607209867000",""
"17","2026-06-18T18:09:02.5905794+00:00","SOL","sol-updown-5m-1781805900","2584886","2026-06-18T18:05:00.0000000+00:00","2026-06-18T18:10:00.0000000+00:00","-242.591","242.591","57.409","Up","17918595972159669296704757368041046382807284320771970511236606858231649587146","0.49","12.5","0.5","55.48","0.01","46","50","94.22","151.64","5086.94","7245.28","1781806144538","0x6fe6c50e9739f3ec9f319c15d99b69bf1a986466f2ad035b006f6343b0fe7078","68.50000000","68.51000000","-1.4596409283316304189169460000",""
"17","2026-06-18T18:09:02.5905794+00:00","SOL","sol-updown-5m-1781805900","2584886","2026-06-18T18:05:00.0000000+00:00","2026-06-18T18:10:00.0000000+00:00","-242.591","242.591","57.409","Down","19093975118609871406874996908570798158581047681193006965676263914632124416327","0.44","5","0.46","22","0.02","44","52","69.32","88.35","6942.04","7263.72","1781806144656","0x6fe6c50e9739f3ec9f319c15d99b69bf1a986466f2ad035b006f6343b0fe7078","68.50000000","68.51000000","-1.4596409283316304189169460000",""
"18","2026-06-18T18:09:35.2631079+00:00","BTC","btc-updown-5m-1781805300","2584774","2026-06-18T17:55:00.0000000+00:00","2026-06-18T18:00:00.0000000+00:00","-875.263","875.263","-575.263","Up","100366993284555439229136263731142874057115468471011666953870421192847222766172",,,,,,"0","0",,,,,"","","62696.66000000","62631.60000000","10.387727600763831676022966000","The remote server returned an error: (404) Not Found."
"18","2026-06-18T18:09:35.2631079+00:00","BTC","btc-updown-5m-1781805300","2584774","2026-06-18T17:55:00.0000000+00:00","2026-06-18T18:00:00.0000000+00:00","-875.263","875.263","-575.263","Down","30945358799682125975622752445436537816479585992099959750063279707586060979279",,,,,,"0","0",,,,,"","","62696.66000000","62631.60000000","10.387727600763831676022966000","The remote server returned an error: (404) Not Found."
"18","2026-06-18T18:09:35.2631079+00:00","ETH","eth-updown-5m-1781805300","2584775","2026-06-18T17:55:00.0000000+00:00","2026-06-18T18:00:00.0000000+00:00","-875.263","875.263","-575.263","Up","84464230807213236425016885238522598164473602253759355671732117397567158540848",,,,,,"0","0",,,,,"","","1680.72000000","1679.79000000","5.5364063365063490079117030000","The remote server returned an error: (404) Not Found."
"18","2026-06-18T18:09:35.2631079+00:00","ETH","eth-updown-5m-1781805300","2584775","2026-06-18T17:55:00.0000000+00:00","2026-06-18T18:00:00.0000000+00:00","-875.263","875.263","-575.263","Down","36868621506353927085332735174569787095878720872195622300005980530115725386975",,,,,,"0","0",,,,,"","","1680.72000000","1679.79000000","5.5364063365063490079117030000","The remote server returned an error: (404) Not Found."
"18","2026-06-18T18:09:35.2631079+00:00","SOL","sol-updown-5m-1781805300","2584777","2026-06-18T17:55:00.0000000+00:00","2026-06-18T18:00:00.0000000+00:00","-875.263","875.263","-575.263","Up","43590587833960170489458633973229110190958133890499213708362021339678110080916",,,,,,"0","0",,,,,"","","68.53000000","68.66000000","-18.933877075444217885231576000","The remote server returned an error: (404) Not Found."
"18","2026-06-18T18:09:35.2631079+00:00","SOL","sol-updown-5m-1781805300","2584777","2026-06-18T17:55:00.0000000+00:00","2026-06-18T18:00:00.0000000+00:00","-875.263","875.263","-575.263","Down","64729861947531231910320495939117410106727761033132301855694367299130238199956",,,,,,"0","0",,,,,"","","68.53000000","68.66000000","-18.933877075444217885231576000","The remote server returned an error: (404) Not Found."
"18","2026-06-18T18:09:35.2631079+00:00","SOL","sol-updown-5m-1781805600","2584847","2026-06-18T18:00:00.0000000+00:00","2026-06-18T18:05:00.0000000+00:00","-575.263","575.263","-275.263","Up","92887202688210559890269037787373548518364039356424906092889842946664474809719",,,,,,"0","0",,,,,"","","68.53000000","68.66000000","-18.933877075444217885231576000","The remote server returned an error: (404) Not Found."
"18","2026-06-18T18:09:35.2631079+00:00","SOL","sol-updown-5m-1781805600","2584847","2026-06-18T18:00:00.0000000+00:00","2026-06-18T18:05:00.0000000+00:00","-575.263","575.263","-275.263","Down","42158671632333916299715271514496933316667556269910783091936524939668698929488",,,,,,"0","0",,,,,"","","68.53000000","68.66000000","-18.933877075444217885231576000","The remote server returned an error: (404) Not Found."
"18","2026-06-18T18:09:35.2631079+00:00","ETH","eth-updown-5m-1781805600","2584849","2026-06-18T18:00:00.0000000+00:00","2026-06-18T18:05:00.0000000+00:00","-575.263","575.263","-275.263","Up","54440108909645803563712017609209311553790634574167288046576126967603211899968",,,,,,"0","0",,,,,"","","1680.72000000","1679.79000000","5.5364063365063490079117030000","The remote server returned an error: (404) Not Found."
"18","2026-06-18T18:09:35.2631079+00:00","ETH","eth-updown-5m-1781805600","2584849","2026-06-18T18:00:00.0000000+00:00","2026-06-18T18:05:00.0000000+00:00","-575.263","575.263","-275.263","Down","110358233053529115025378425927539828974870137637838800989881295649187961418248",,,,,,"0","0",,,,,"","","1680.72000000","1679.79000000","5.5364063365063490079117030000","The remote server returned an error: (404) Not Found."
"18","2026-06-18T18:09:35.2631079+00:00","BTC","btc-updown-5m-1781805600","2584851","2026-06-18T18:00:00.0000000+00:00","2026-06-18T18:05:00.0000000+00:00","-575.263","575.263","-275.263","Up","69551560445088382754714827577620718235813378023082728222424940352395440970822",,,,,,"0","0",,,,,"","","62696.66000000","62631.60000000","10.387727600763831676022966000","The remote server returned an error: (404) Not Found."
"18","2026-06-18T18:09:35.2631079+00:00","BTC","btc-updown-5m-1781805600","2584851","2026-06-18T18:00:00.0000000+00:00","2026-06-18T18:05:00.0000000+00:00","-575.263","575.263","-275.263","Down","20195300913110956058442138189418940832885706023824964145401620330744384196382",,,,,,"0","0",,,,,"","","62696.66000000","62631.60000000","10.387727600763831676022966000","The remote server returned an error: (404) Not Found."
"18","2026-06-18T18:09:35.2631079+00:00","ETH","eth-updown-5m-1781805900","2584884","2026-06-18T18:05:00.0000000+00:00","2026-06-18T18:10:00.0000000+00:00","-275.263","275.263","24.737","Up","87638470687256180789625872353959436232072330222476306766552913512268745202636","0.84","194.49","0.85","5","0.01","84","15","492.37","161.64","15045.73","2806.17","1781806176671","0xc4848f78d533e55544fdde0ded280ad7ca5126882d67812d9248377570186e23","1680.72000000","1680.11000000","3.6307146555880269744242940000",""
"18","2026-06-18T18:09:35.2631079+00:00","ETH","eth-updown-5m-1781805900","2584884","2026-06-18T18:05:00.0000000+00:00","2026-06-18T18:10:00.0000000+00:00","-275.263","275.263","24.737","Down","6433665683337383870393395622078943490078528184181542297078329973561292970114","0.15","1.47","0.16","189.49","0.01","15","84","171.41","487.37","2915.94","15130.35","1781806176778","0xc4848f78d533e55544fdde0ded280ad7ca5126882d67812d9248377570186e23","1680.72000000","1680.11000000","3.6307146555880269744242940000",""
"18","2026-06-18T18:09:35.2631079+00:00","BTC","btc-updown-5m-1781805900","2584885","2026-06-18T18:05:00.0000000+00:00","2026-06-18T18:10:00.0000000+00:00","-275.263","275.263","24.737","Up","84992519852971935377829666695110129200269350761576584997248599646134881919776","0.99","1836.85",,,,"99","0","3223.97","0","44810.22","0","1781806176925","0x8506535a52f6b682f53f20d77739545978544028b27e4ab3c2609a3b21b32096","62696.66000000","62639.99000000","9.046936310175017588604340000",""
"18","2026-06-18T18:09:35.2631079+00:00","BTC","btc-updown-5m-1781805900","2584885","2026-06-18T18:05:00.0000000+00:00","2026-06-18T18:10:00.0000000+00:00","-275.263","275.263","24.737","Down","42465430903139473100546293101713411666359504294071645838614940811631751292310",,,"0.01","1836.85",,"0","99","0","3223.97","0","45316.12","1781806177041","0x8506535a52f6b682f53f20d77739545978544028b27e4ab3c2609a3b21b32096","62696.66000000","62639.99000000","9.046936310175017588604340000",""
"18","2026-06-18T18:09:35.2631079+00:00","SOL","sol-updown-5m-1781805900","2584886","2026-06-18T18:05:00.0000000+00:00","2026-06-18T18:10:00.0000000+00:00","-275.263","275.263","24.737","Up","17918595972159669296704757368041046382807284320771970511236606858231649587146","0.55","13.97","0.56","5.6","0.01","55","42","126.93","83.76","3695.03","5366.73","1781806177139","0x6fe6c50e9739f3ec9f319c15d99b69bf1a986466f2ad035b006f6343b0fe7078","68.53000000","68.51000000","2.9192818566632608378338930000",""
"18","2026-06-18T18:09:35.2631079+00:00","SOL","sol-updown-5m-1781805900","2584886","2026-06-18T18:05:00.0000000+00:00","2026-06-18T18:10:00.0000000+00:00","-275.263","275.263","24.737","Down","19093975118609871406874996908570798158581047681193006965676263914632124416327","0.44","5.6","0.45","13.97","0.01","42","55","93.76","170.93","5360.32","3650.03","1781806177261","0x6fe6c50e9739f3ec9f319c15d99b69bf1a986466f2ad035b006f6343b0fe7078","68.53000000","68.51000000","2.9192818566632608378338930000",""
"19","2026-06-18T18:10:07.9147658+00:00","BTC","btc-updown-5m-1781805300","2584774","2026-06-18T17:55:00.0000000+00:00","2026-06-18T18:00:00.0000000+00:00","-907.915","907.915","-607.915","Up","100366993284555439229136263731142874057115468471011666953870421192847222766172",,,,,,"0","0",,,,,"","","62715.43000000","62631.60000000","13.384617349708453879511301000","The remote server returned an error: (404) Not Found."
"19","2026-06-18T18:10:07.9147658+00:00","BTC","btc-updown-5m-1781805300","2584774","2026-06-18T17:55:00.0000000+00:00","2026-06-18T18:00:00.0000000+00:00","-907.915","907.915","-607.915","Down","30945358799682125975622752445436537816479585992099959750063279707586060979279",,,,,,"0","0",,,,,"","","62715.43000000","62631.60000000","13.384617349708453879511301000","The remote server returned an error: (404) Not Found."
"19","2026-06-18T18:10:07.9147658+00:00","ETH","eth-updown-5m-1781805300","2584775","2026-06-18T17:55:00.0000000+00:00","2026-06-18T18:00:00.0000000+00:00","-907.915","907.915","-607.915","Up","84464230807213236425016885238522598164473602253759355671732117397567158540848",,,,,,"0","0",,,,,"","","1680.35000000","1679.79000000","3.3337500520898445639038210000","The remote server returned an error: (404) Not Found."
"19","2026-06-18T18:10:07.9147658+00:00","ETH","eth-updown-5m-1781805300","2584775","2026-06-18T17:55:00.0000000+00:00","2026-06-18T18:00:00.0000000+00:00","-907.915","907.915","-607.915","Down","36868621506353927085332735174569787095878720872195622300005980530115725386975",,,,,,"0","0",,,,,"","","1680.35000000","1679.79000000","3.3337500520898445639038210000","The remote server returned an error: (404) Not Found."
"19","2026-06-18T18:10:07.9147658+00:00","SOL","sol-updown-5m-1781805300","2584777","2026-06-18T17:55:00.0000000+00:00","2026-06-18T18:00:00.0000000+00:00","-907.915","907.915","-607.915","Up","43590587833960170489458633973229110190958133890499213708362021339678110080916",,,,,,"0","0",,,,,"","","68.55000000","68.66000000","-16.020972909991261287503641000","The remote server returned an error: (404) Not Found."
"19","2026-06-18T18:10:07.9147658+00:00","SOL","sol-updown-5m-1781805300","2584777","2026-06-18T17:55:00.0000000+00:00","2026-06-18T18:00:00.0000000+00:00","-907.915","907.915","-607.915","Down","64729861947531231910320495939117410106727761033132301855694367299130238199956",,,,,,"0","0",,,,,"","","68.55000000","68.66000000","-16.020972909991261287503641000","The remote server returned an error: (404) Not Found."
"19","2026-06-18T18:10:07.9147658+00:00","SOL","sol-updown-5m-1781805600","2584847","2026-06-18T18:00:00.0000000+00:00","2026-06-18T18:05:00.0000000+00:00","-607.915","607.915","-307.915","Up","92887202688210559890269037787373548518364039356424906092889842946664474809719",,,,,,"0","0",,,,,"","","68.55000000","68.66000000","-16.020972909991261287503641000","The remote server returned an error: (404) Not Found."
"19","2026-06-18T18:10:07.9147658+00:00","SOL","sol-updown-5m-1781805600","2584847","2026-06-18T18:00:00.0000000+00:00","2026-06-18T18:05:00.0000000+00:00","-607.915","607.915","-307.915","Down","42158671632333916299715271514496933316667556269910783091936524939668698929488",,,,,,"0","0",,,,,"","","68.55000000","68.66000000","-16.020972909991261287503641000","The remote server returned an error: (404) Not Found."
"19","2026-06-18T18:10:07.9147658+00:00","ETH","eth-updown-5m-1781805600","2584849","2026-06-18T18:00:00.0000000+00:00","2026-06-18T18:05:00.0000000+00:00","-607.915","607.915","-307.915","Up","54440108909645803563712017609209311553790634574167288046576126967603211899968",,,,,,"0","0",,,,,"","","1680.35000000","1679.79000000","3.3337500520898445639038210000","The remote server returned an error: (404) Not Found."
"19","2026-06-18T18:10:07.9147658+00:00","ETH","eth-updown-5m-1781805600","2584849","2026-06-18T18:00:00.0000000+00:00","2026-06-18T18:05:00.0000000+00:00","-607.915","607.915","-307.915","Down","110358233053529115025378425927539828974870137637838800989881295649187961418248",,,,,,"0","0",,,,,"","","1680.35000000","1679.79000000","3.3337500520898445639038210000","The remote server returned an error: (404) Not Found."
"19","2026-06-18T18:10:07.9147658+00:00","BTC","btc-updown-5m-1781805600","2584851","2026-06-18T18:00:00.0000000+00:00","2026-06-18T18:05:00.0000000+00:00","-607.915","607.915","-307.915","Up","69551560445088382754714827577620718235813378023082728222424940352395440970822",,,,,,"0","0",,,,,"","","62715.43000000","62631.60000000","13.384617349708453879511301000","The remote server returned an error: (404) Not Found."
"19","2026-06-18T18:10:07.9147658+00:00","BTC","btc-updown-5m-1781805600","2584851","2026-06-18T18:00:00.0000000+00:00","2026-06-18T18:05:00.0000000+00:00","-607.915","607.915","-307.915","Down","20195300913110956058442138189418940832885706023824964145401620330744384196382",,,,,,"0","0",,,,,"","","62715.43000000","62631.60000000","13.384617349708453879511301000","The remote server returned an error: (404) Not Found."
"19","2026-06-18T18:10:07.9147658+00:00","ETH","eth-updown-5m-1781805900","2584884","2026-06-18T18:05:00.0000000+00:00","2026-06-18T18:10:00.0000000+00:00","-307.915","307.915","-7.915","Up","87638470687256180789625872353959436232072330222476306766552913512268745202636","0.99","376249.62",,,,"40","0","382311.02","0","562714.47","0","1781806206945","0xc4848f78d533e55544fdde0ded280ad7ca5126882d67812d9248377570186e23","1680.35000000","1680.11000000","1.4284778972805352030521810000",""
"19","2026-06-18T18:10:07.9147658+00:00","ETH","eth-updown-5m-1781805900","2584884","2026-06-18T18:05:00.0000000+00:00","2026-06-18T18:10:00.0000000+00:00","-307.915","307.915","-7.915","Down","6433665683337383870393395622078943490078528184181542297078329973561292970114",,,"0.01","376249.62",,"0","40","0","382311.02","0","562714.47","1781806206945","0xc4848f78d533e55544fdde0ded280ad7ca5126882d67812d9248377570186e23","1680.35000000","1680.11000000","1.4284778972805352030521810000",""
"19","2026-06-18T18:10:07.9147658+00:00","BTC","btc-updown-5m-1781805900","2584885","2026-06-18T18:05:00.0000000+00:00","2026-06-18T18:10:00.0000000+00:00","-307.915","307.915","-7.915","Up","84992519852971935377829666695110129200269350761576584997248599646134881919776","0.99","761386.32",,,,"80","0","767114.45","0","1037794.90","0","1781806208809","0x8506535a52f6b682f53f20d77739545978544028b27e4ab3c2609a3b21b32096","62715.43000000","62639.99000000","12.043424655719134054778744000",""
"19","2026-06-18T18:10:07.9147658+00:00","BTC","btc-updown-5m-1781805900","2584885","2026-06-18T18:05:00.0000000+00:00","2026-06-18T18:10:00.0000000+00:00","-307.915","307.915","-7.915","Down","42465430903139473100546293101713411666359504294071645838614940811631751292310",,,"0.01","761386.32",,"0","80","0","767114.45","0","1037794.90","1781806208809","0x8506535a52f6b682f53f20d77739545978544028b27e4ab3c2609a3b21b32096","62715.43000000","62639.99000000","12.043424655719134054778744000",""
"19","2026-06-18T18:10:07.9147658+00:00","SOL","sol-updown-5m-1781805900","2584886","2026-06-18T18:05:00.0000000+00:00","2026-06-18T18:10:00.0000000+00:00","-307.915","307.915","-7.915","Up","17918595972159669296704757368041046382807284320771970511236606858231649587146","0.99","386473.2",,,,"34","0","392535.2","0","568932.97","0","1781806208194","0x6fe6c50e9739f3ec9f319c15d99b69bf1a986466f2ad035b006f6343b0fe7078","68.55000000","68.51000000","5.8385637133265216756677860000",""
"19","2026-06-18T18:10:07.9147658+00:00","SOL","sol-updown-5m-1781805900","2584886","2026-06-18T18:05:00.0000000+00:00","2026-06-18T18:10:00.0000000+00:00","-307.915","307.915","-7.915","Down","19093975118609871406874996908570798158581047681193006965676263914632124416327",,,"0.01","386473.2",,"0","34","0","392535.2","0","568932.97","1781806208194","0x6fe6c50e9739f3ec9f319c15d99b69bf1a986466f2ad035b006f6343b0fe7078","68.55000000","68.51000000","5.8385637133265216756677860000",""
