index,paper_run_id,event_time_utc,entered_at_utc,settled_at_utc,market_start_utc,market_slug,selected_outcome,entry_price,stake_usd,size_shares,settlement_value_usd,pnl_usd,cumulative_pnl_usd
1,9eb4e78c-2983-41b6-a16a-f9b5f8d17f2b,2026-07-03 06:50:21,2026-07-03 06:39:42,2026-07-03 06:50:21,2026-07-03 06:40:00,eth-updown-5m-1783060800,Up,0.53029301,6.00930003,11.33203704,11.33203704,5.32273701,5.32273701
2,c8f6f08d-830c-4826-ab46-07e9a1123c97,2026-07-03 06:55:36,2026-07-03 06:44:36,2026-07-03 06:55:36,2026-07-03 06:45:00,eth-updown-5m-1783061100,Up,0.52,6.0093,11.55634615,11.55634615,5.54704615,10.86978316
3,ad11dcfb-2221-4fb6-a63b-bd0c2b5e2f78,2026-07-03 06:58:06,2026-07-03 06:49:33,2026-07-03 06:58:06,2026-07-03 06:50:00,eth-updown-5m-1783061400,Up,0.51,6.0093,11.78294118,11.78294118,5.77364118,16.64342434
4,4c178ac2-11a3-4c4a-b8a3-80f47e272c84,2026-07-03 07:15:15,2026-07-03 07:04:34,2026-07-03 07:15:15,2026-07-03 07:05:00,eth-updown-5m-1783062300,Up,0.5,6.0093,12.0186,12.0186,6.0093,22.65272434
5,4725c0d2-9684-40ec-a4eb-69dd08631495,2026-07-03 07:25:22,2026-07-03 07:14:31,2026-07-03 07:25:22,2026-07-03 07:15:00,eth-updown-5m-1783062900,Up,0.5,6.0093,12.0186,12.0186,6.0093,28.66202434
6,11f498fe-932c-4bbb-978c-a3dd057264f9,2026-07-03 07:40:16,2026-07-03 07:29:30,2026-07-03 07:40:16,2026-07-03 07:30:00,eth-updown-5m-1783063800,Up,0.51,6.0093,11.78294118,11.78294118,5.77364118,34.43566552
7,eb84777e-1fe0-482e-93c2-6b97e2a3d64e,2026-07-03 07:50:04,2026-07-03 07:39:30,2026-07-03 07:50:04,2026-07-03 07:40:00,eth-updown-5m-1783064400,Up,0.50165207,6.00929998,11.97901961,11.97901961,5.96971963,40.40538515
8,9b8d0acb-a724-4422-aa97-64b2db3380db,2026-07-03 08:09:23,2026-07-03 07:59:34,2026-07-03 08:09:23,2026-07-03 08:00:00,eth-updown-5m-1783065600,Up,0.5,6.0093,12.0186,12.0186,6.0093,46.41468515
9,ce8a3fb9-4749-4d73-a7c5-879e29f942ba,2026-07-03 08:12:56,2026-07-03 08:04:30,2026-07-03 08:12:56,2026-07-03 08:05:00,eth-updown-5m-1783065900,Up,0.5,6.0093,12.0186,0,-6.0093,40.40538515
10,6ac1416c-9d02-4386-99bb-00ae2cd375d6,2026-07-03 08:20:05,2026-07-03 08:09:33,2026-07-03 08:20:05,2026-07-03 08:10:00,eth-updown-5m-1783066200,Up,0.51,6.0093,11.78294118,0,-6.0093,34.39608515
11,bdd397c8-a124-4b86-a189-0b0dbb39d7e5,2026-07-03 08:25:10,2026-07-03 08:14:30,2026-07-03 08:25:10,2026-07-03 08:15:00,eth-updown-5m-1783066500,Up,0.5,6.0093,12.0186,0,-6.0093,28.38678515
12,7087e8fb-6e6e-4f3b-9374-3a074e239f39,2026-07-03 08:28:50,2026-07-03 08:19:34,2026-07-03 08:28:50,2026-07-03 08:20:00,eth-updown-5m-1783066800,Up,0.51,6.0093,11.78294118,11.78294118,5.77364118,34.16042633
13,2e66bc0b-65a1-4fdc-b489-e5a019c153e2,2026-07-03 08:35:17,2026-07-03 08:24:35,2026-07-03 08:35:17,2026-07-03 08:25:00,eth-updown-5m-1783067100,Up,0.51,6.0093,11.78294118,11.78294118,5.77364118,39.93406751
14,b2a113f4-dead-4f4a-b246-d7c41e004e3b,2026-07-03 09:04:14,2026-07-03 08:54:34,2026-07-03 09:04:14,2026-07-03 08:55:00,eth-updown-5m-1783068900,Up,0.51,6.0093,11.78294118,11.78294118,5.77364118,45.70770869
15,0e99b838-0932-419b-b607-6c3770f4226e,2026-07-03 09:10:03,2026-07-03 08:59:33,2026-07-03 09:10:03,2026-07-03 09:00:00,eth-updown-5m-1783069200,Up,0.51,6.0093,11.78294118,11.78294118,5.77364118,51.48134987
16,ced6b95a-80ad-4352-bac2-d344cd282259,2026-07-03 09:15:10,2026-07-03 09:04:33,2026-07-03 09:15:10,2026-07-03 09:05:00,eth-updown-5m-1783069500,Up,0.5,6.0093,12.0186,12.0186,6.0093,57.49064987
17,0a6847c8-6a3c-4c34-827f-1396fb1f7beb,2026-07-03 09:27:37,2026-07-03 09:19:34,2026-07-03 09:27:37,2026-07-03 09:20:00,eth-updown-5m-1783070400,Up,0.49,6.0093,12.26387755,12.26387755,6.25457755,63.74522742
18,260e924d-e9a2-49d2-ae8c-7c0a86458607,2026-07-03 10:10:10,2026-07-03 09:59:30,2026-07-03 10:10:10,2026-07-03 10:00:00,eth-updown-5m-1783072800,Up,0.51,6.0093,11.78294118,11.78294118,5.77364118,69.5188686
19,2cff1684-c9c3-4a3a-901b-dbd123e13314,2026-07-03 10:42:45,2026-07-03 10:34:30,2026-07-03 10:42:45,2026-07-03 10:35:00,eth-updown-5m-1783074900,Up,0.51,6.0093,11.78294118,11.78294118,5.77364118,75.29250978
20,615761b4-e73c-4520-b2bd-eef3eb20f57d,2026-07-03 11:09:33,2026-07-03 10:59:30,2026-07-03 11:09:33,2026-07-03 11:00:00,eth-updown-5m-1783076400,Up,0.49,6.0093,12.26387755,12.26387755,6.25457755,81.54708733
21,8834ebdc-9852-4edd-b89b-d89f9da5bd41,2026-07-03 11:15:05,2026-07-03 11:04:30,2026-07-03 11:15:05,2026-07-03 11:05:00,eth-updown-5m-1783076700,Up,0.5,6.0093,12.0186,12.0186,6.0093,87.55638733
22,eb3f78d8-1a88-4cfb-bcb1-550ecea2560e,2026-07-03 11:19:08,2026-07-03 11:09:31,2026-07-03 11:19:08,2026-07-03 11:10:00,eth-updown-5m-1783077000,Up,0.5,6.0093,12.0186,0,-6.0093,81.54708733
23,aeeccb01-7440-4d33-9548-7cf41d3c249d,2026-07-03 11:25:09,2026-07-03 11:14:30,2026-07-03 11:25:09,2026-07-03 11:15:00,eth-updown-5m-1783077300,Up,0.5,6.0093,12.0186,0,-6.0093,75.53778733
24,4f695038-ddce-439a-a321-d02f9b71ec1c,2026-07-03 11:40:04,2026-07-03 11:29:33,2026-07-03 11:40:04,2026-07-03 11:30:00,eth-updown-5m-1783078200,Up,0.49,6.0093,12.26387755,12.26387755,6.25457755,81.79236488
25,cb22156b-9b6d-44fe-8337-a9a8e1f157fe,2026-07-03 11:45:17,2026-07-03 11:34:33,2026-07-03 11:45:17,2026-07-03 11:35:00,eth-updown-5m-1783078500,Up,0.490115,6.00930002,12.261,0,-6.00930002,75.78306486
26,01532da4-ed1e-4755-abe1-2f50a2b337d9,2026-07-03 11:50:05,2026-07-03 11:39:34,2026-07-03 11:50:05,2026-07-03 11:40:00,eth-updown-5m-1783078800,Up,0.51,6.0093,11.78294118,0,-6.0093,69.77376486
27,74a41738-e659-4698-949e-4a9045119c3d,2026-07-03 11:55:05,2026-07-03 11:44:34,2026-07-03 11:55:05,2026-07-03 11:45:00,eth-updown-5m-1783079100,Up,0.51,6.0093,11.78294118,11.78294118,5.77364118,75.54740604
28,89a6dce2-143b-47d5-8df1-d201c5950e32,2026-07-03 12:00:10,2026-07-03 11:49:30,2026-07-03 12:00:10,2026-07-03 11:50:00,eth-updown-5m-1783079400,Up,0.51,6.0093,11.78294118,11.78294118,5.77364118,81.32104722
29,4936ebbf-269c-4860-99b7-9743bed418be,2026-07-03 12:04:36,2026-07-03 11:54:30,2026-07-03 12:04:36,2026-07-03 11:55:00,eth-updown-5m-1783079700,Up,0.51,6.0093,11.78294118,0,-6.0093,75.31174722
30,c4f1c84b-1f75-4376-aa41-99092057b361,2026-07-03 12:20:20,2026-07-03 12:09:33,2026-07-03 12:20:20,2026-07-03 12:10:00,eth-updown-5m-1783080600,Up,0.51,6.0093,11.78294118,0,-6.0093,69.30244722
31,a909d71b-8b71-48e3-81f3-45835a793429,2026-07-03 12:25:12,2026-07-03 12:14:30,2026-07-03 12:25:12,2026-07-03 12:15:00,eth-updown-5m-1783080900,Up,0.51553891,6.00929999,11.65634615,0,-6.00929999,63.29314723
32,f72cc07b-239d-4fa8-a254-5b0ae8ca7f52,2026-07-03 12:27:12,2026-07-03 12:19:35,2026-07-03 12:27:12,2026-07-03 12:20:00,eth-updown-5m-1783081200,Up,0.55,6.0093,10.926,10.926,4.9167,68.20984723
33,949499ef-f219-4344-af0b-8ef45b1e9bd3,2026-07-03 12:34:17,2026-07-03 12:24:34,2026-07-03 12:34:17,2026-07-03 12:25:00,eth-updown-5m-1783081500,Up,0.53,6.0093,11.33830189,0,-6.0093,62.20054723
34,1abc2069-8376-4afc-8ee4-fa9dabd31038,2026-07-03 12:40:13,2026-07-03 12:29:34,2026-07-03 12:40:13,2026-07-03 12:30:00,eth-updown-5m-1783081800,Up,0.52,6.0093,11.55634615,11.55634615,5.54704615,67.74759338
35,652204ac-8b50-46a7-9ce2-f69f4fd3dab0,2026-07-03 12:42:11,2026-07-03 12:34:32,2026-07-03 12:42:11,2026-07-03 12:35:00,eth-updown-5m-1783082100,Up,0.52,6.0093,11.55634615,0,-6.0093,61.73829338
36,52b95c9e-7c0b-4197-8920-71cc40e6796a,2026-07-03 12:49:12,2026-07-03 12:39:34,2026-07-03 12:49:12,2026-07-03 12:40:00,eth-updown-5m-1783082400,Up,0.53,6.0093,11.33830189,11.33830189,5.32900189,67.06729527
37,1ddd1bb0-1b3d-449f-9295-9e60d09abc1e,2026-07-03 12:55:14,2026-07-03 12:44:34,2026-07-03 12:55:14,2026-07-03 12:45:00,eth-updown-5m-1783082700,Up,0.52,6.0093,11.55634615,11.55634615,5.54704615,72.61434142
38,affa6a64-bb34-45bb-b5ac-7be61cb4918e,2026-07-03 12:58:19,2026-07-03 12:49:30,2026-07-03 12:58:19,2026-07-03 12:50:00,eth-updown-5m-1783083000,Up,0.5,6.0093,12.0186,12.0186,6.0093,78.62364142
39,06cb25a2-294a-4f48-a965-3a5d7d701470,2026-07-03 13:03:46,2026-07-03 12:54:30,2026-07-03 13:03:46,2026-07-03 12:55:00,eth-updown-5m-1783083300,Up,0.51,6.0093,11.78294118,11.78294118,5.77364118,84.3972826
40,83411d39-2f58-4b83-9669-b519fd8ad703,2026-07-03 13:08:05,2026-07-03 12:59:30,2026-07-03 13:08:05,2026-07-03 13:00:00,eth-updown-5m-1783083600,Up,0.49,6.0093,12.26387755,12.26387755,6.25457755,90.65186015
41,cefcce18-60df-4b40-aaa3-a79b3ce8b933,2026-07-03 13:15:18,2026-07-03 13:04:30,2026-07-03 13:15:18,2026-07-03 13:05:00,eth-updown-5m-1783083900,Up,0.49,6.0093,12.26387755,0,-6.0093,84.64256015
42,14fcc567-ad82-4383-9eb6-66757818066e,2026-07-03 13:18:15,2026-07-03 13:09:32,2026-07-03 13:18:15,2026-07-03 13:10:00,eth-updown-5m-1783084200,Up,0.47,6.0093,12.78574468,12.78574468,6.77644468,91.41900483
43,1fe6d80d-cd0c-4c52-9a70-07a8d9690040,2026-07-03 13:23:29,2026-07-03 13:14:30,2026-07-03 13:23:29,2026-07-03 13:15:00,eth-updown-5m-1783084500,Up,0.49,6.0093,12.26387755,12.26387755,6.25457755,97.67358238
44,0ba5e8e5-73a0-40b4-a0a6-9c9b49ea60e4,2026-07-03 13:47:22,2026-07-03 13:39:35,2026-07-03 13:47:22,2026-07-03 13:40:00,eth-updown-5m-1783086000,Up,0.5,6.0093,12.0186,12.0186,6.0093,103.68288238
45,69356643-0212-49a0-bafd-da0d7712b498,2026-07-03 14:00:24,2026-07-03 13:49:34,2026-07-03 14:00:24,2026-07-03 13:50:00,eth-updown-5m-1783086600,Up,0.49,6.0093,12.26387755,12.26387755,6.25457755,109.93745993
46,0b5ed9bd-c8bb-4b70-8450-608f219641e5,2026-07-03 14:01:53,2026-07-03 13:54:31,2026-07-03 14:01:53,2026-07-03 13:55:00,eth-updown-5m-1783086900,Up,0.48,6.0093,12.519375,12.519375,6.510075,116.44753493
47,6c120b16-78b3-4393-8114-19490df52e67,2026-07-03 14:15:07,2026-07-03 14:04:34,2026-07-03 14:15:07,2026-07-03 14:05:00,eth-updown-5m-1783087500,Up,0.52,6.0093,11.55634615,0,-6.0093,110.43823493
48,84a1c537-534e-45d1-84d0-9aa4efaf076b,2026-07-03 14:20:05,2026-07-03 14:09:34,2026-07-03 14:20:05,2026-07-03 14:10:00,eth-updown-5m-1783087800,Up,0.53,6.0093,11.33830189,0,-6.0093,104.42893493
49,4025b8b2-526f-4fa2-bfca-1291a315efe6,2026-07-03 14:23:45,2026-07-03 14:14:35,2026-07-03 14:23:45,2026-07-03 14:15:00,eth-updown-5m-1783088100,Up,0.56,6.0093,10.73089286,0,-6.0093,98.41963493
50,ab2d615e-7cb3-4adf-a78a-521624129abb,2026-07-03 14:29:25,2026-07-03 14:19:35,2026-07-03 14:29:25,2026-07-03 14:20:00,eth-updown-5m-1783088400,Up,0.52,6.0093,11.55634615,0,-6.0093,92.41033493
51,8104e47a-e14e-4702-a16b-4a3b5b1b190c,2026-07-03 14:33:46,2026-07-03 14:24:35,2026-07-03 14:33:46,2026-07-03 14:25:00,eth-updown-5m-1783088700,Up,0.53,6.0093,11.33830189,11.33830189,5.32900189,97.73933682
52,6da1350a-99aa-4c27-8d55-bcde6cfde8ca,2026-07-03 14:37:53,2026-07-03 14:29:33,2026-07-03 14:37:53,2026-07-03 14:30:00,eth-updown-5m-1783089000,Up,0.52,6.0093,11.55634615,0,-6.0093,91.73003682
53,10f95295-8422-4bb4-bf05-91d965145544,2026-07-03 14:45:14,2026-07-03 14:34:34,2026-07-03 14:45:14,2026-07-03 14:35:00,eth-updown-5m-1783089300,Up,0.52,6.0093,11.55634615,11.55634615,5.54704615,97.27708297
54,6721237d-e6bf-493f-b3ee-5de096d6021c,2026-07-03 14:50:16,2026-07-03 14:39:33,2026-07-03 14:50:16,2026-07-03 14:40:00,eth-updown-5m-1783089600,Up,0.52,6.0093,11.55634615,11.55634615,5.54704615,102.82412912
55,ef9f4a13-4525-4281-9ee1-c9148e97483a,2026-07-03 14:54:19,2026-07-03 14:44:31,2026-07-03 14:54:19,2026-07-03 14:45:00,eth-updown-5m-1783089900,Up,0.5,6.0093,12.0186,0,-6.0093,96.81482912
56,3aa33199-6d7f-4c39-a1d6-04c75b99226f,2026-07-03 14:59:42,2026-07-03 14:49:30,2026-07-03 14:59:42,2026-07-03 14:50:00,eth-updown-5m-1783090200,Up,0.5,6.0093,12.0186,12.0186,6.0093,102.82412912
57,de153832-9979-4d7b-b55f-14cb6b0da7e7,2026-07-03 15:02:46,2026-07-03 14:54:30,2026-07-03 15:02:46,2026-07-03 14:55:00,eth-updown-5m-1783090500,Up,0.5,6.0093,12.0186,0,-6.0093,96.81482912
58,7a8efa60-8a87-478a-855b-a1e1c752a680,2026-07-03 15:07:41,2026-07-03 14:59:30,2026-07-03 15:07:41,2026-07-03 15:00:00,eth-updown-5m-1783090800,Up,0.5,6.0093,12.0186,0,-6.0093,90.80552912
59,c9df824f-30d5-4012-be99-c46d01674e8b,2026-07-03 15:12:48,2026-07-03 15:04:30,2026-07-03 15:12:48,2026-07-03 15:05:00,eth-updown-5m-1783091100,Up,0.51,6.0093,11.78294118,11.78294118,5.77364118,96.5791703
60,482ff55b-e384-4d9e-b967-c469af1ab149,2026-07-03 15:22:02,2026-07-03 15:14:34,2026-07-03 15:22:02,2026-07-03 15:15:00,eth-updown-5m-1783091700,Up,0.51,6.0093,11.78294118,11.78294118,5.77364118,102.35281148
61,cf7dc550-80ea-42d4-bbf7-cf381e95409e,2026-07-03 16:01:56,2026-07-03 15:24:34,2026-07-03 16:01:56,2026-07-03 15:25:00,eth-updown-5m-1783092300,Up,0.51062749,6.00929998,11.76846154,0,-6.00929998,96.3435115
62,9ed95d2f-1e51-42c4-be2f-816a59aa1856,2026-07-03 16:01:57,2026-07-03 15:29:35,2026-07-03 16:01:57,2026-07-03 15:30:00,eth-updown-5m-1783092600,Up,0.52,6.0093,11.55634615,11.55634615,5.54704615,101.89055765
63,1da3f76f-873c-4529-8bff-5eb20bbbb38a,2026-07-03 16:02:07,2026-07-03 15:34:34,2026-07-03 16:02:07,2026-07-03 15:35:00,eth-updown-5m-1783092900,Up,0.51,6.0093,11.78294118,11.78294118,5.77364118,107.66419883
64,278a9fa9-a9d9-4ccd-b409-52bae03ae3d2,2026-07-03 16:43:03,2026-07-03 16:34:30,2026-07-03 16:43:03,2026-07-03 16:35:00,eth-updown-5m-1783096500,Up,0.51,6.0093,11.78294118,11.78294118,5.77364118,113.43784001
65,3e548782-9ff8-4204-8f64-80f697197899,2026-07-03 16:50:05,2026-07-03 16:39:30,2026-07-03 16:50:05,2026-07-03 16:40:00,eth-updown-5m-1783096800,Up,0.51,6.0093,11.78294118,11.78294118,5.77364118,119.21148119
66,f6d8660e-8748-46eb-be9d-0eaf0769f392,2026-07-03 17:00:05,2026-07-03 16:49:30,2026-07-03 17:00:05,2026-07-03 16:50:00,eth-updown-5m-1783097400,Up,0.51,6.0093,11.78294118,11.78294118,5.77364118,124.98512237
67,a8b2d219-f5e5-4ea8-95b5-72f5aa83ba35,2026-07-03 17:45:11,2026-07-03 17:34:30,2026-07-03 17:45:11,2026-07-03 17:35:00,eth-updown-5m-1783100100,Up,0.51,6.0093,11.78294118,11.78294118,5.77364118,130.75876355
68,7e7f44ea-9b2c-477d-88db-9df92b256f89,2026-07-03 18:00:25,2026-07-03 17:49:30,2026-07-03 18:00:25,2026-07-03 17:50:00,eth-updown-5m-1783101000,Up,0.5,6.0093,12.0186,12.0186,6.0093,136.76806355
69,04c42ae0-3ab3-4ac4-8547-59e2100283d2,2026-07-03 18:05:03,2026-07-03 17:54:30,2026-07-03 18:05:03,2026-07-03 17:55:00,eth-updown-5m-1783101300,Up,0.51,6.0093,11.78294118,0,-6.0093,130.75876355
70,97661ee0-8d33-4c15-b35a-f2fde4c93dce,2026-07-03 18:07:59,2026-07-03 17:59:30,2026-07-03 18:07:59,2026-07-03 18:00:00,eth-updown-5m-1783101600,Up,0.52,6.0093,11.55634615,0,-6.0093,124.74946355
71,a6df839e-6565-4aa8-aa67-8eb5032f984d,2026-07-03 18:14:51,2026-07-03 18:04:34,2026-07-03 18:14:51,2026-07-03 18:05:00,eth-updown-5m-1783101900,Up,0.51,6.0093,11.78294118,0,-6.0093,118.74016355
72,4a0aa49c-f7b9-47a0-9b8a-e6526556f0a9,2026-07-03 18:18:12,2026-07-03 18:09:32,2026-07-03 18:18:12,2026-07-03 18:10:00,eth-updown-5m-1783102200,Up,0.52,6.0093,11.55634615,0,-6.0093,112.73086355
73,69196533-9f1c-444b-8e2a-67cf0037be30,2026-07-03 18:25:15,2026-07-03 18:14:30,2026-07-03 18:25:15,2026-07-03 18:15:00,eth-updown-5m-1783102500,Up,0.51570908,6.00930005,11.6525,11.6525,5.64319995,118.3740635
74,eda57b90-0c70-48ba-b776-ef2f65eac67a,2026-07-03 18:30:14,2026-07-03 18:19:31,2026-07-03 18:30:14,2026-07-03 18:20:00,eth-updown-5m-1783102800,Up,0.51,6.0093,11.78294118,0,-6.0093,112.3647635
75,9cf9b177-8523-41de-98a6-87a2f448d959,2026-07-03 18:32:48,2026-07-03 18:24:30,2026-07-03 18:32:48,2026-07-03 18:25:00,eth-updown-5m-1783103100,Up,0.51,6.0093,11.78294118,11.78294118,5.77364118,118.13840468
76,8003689a-b55f-47ab-80c0-ac23e6f18689,2026-07-03 18:50:05,2026-07-03 18:39:31,2026-07-03 18:50:05,2026-07-03 18:40:00,eth-updown-5m-1783104000,Up,0.5,6.0093,12.0186,12.0186,6.0093,124.14770468
77,fc733a44-db3d-4061-b12b-9f9874b97ab4,2026-07-03 19:00:02,2026-07-03 18:49:30,2026-07-03 19:00:02,2026-07-03 18:50:00,eth-updown-5m-1783104600,Up,0.51,6.0093,11.78294118,11.78294118,5.77364118,129.92134586
78,7ce84055-79df-412c-b828-3e455f183b6c,2026-07-03 19:08:37,2026-07-03 18:59:31,2026-07-03 19:08:37,2026-07-03 19:00:00,eth-updown-5m-1783105200,Up,0.5,6.0093,12.0186,12.0186,6.0093,135.93064586
79,08271839-2e7f-4f98-8ae1-d71f95fb4c03,2026-07-03 19:19:24,2026-07-03 19:09:30,2026-07-03 19:19:24,2026-07-03 19:10:00,eth-updown-5m-1783105800,Up,0.5,6.0093,12.0186,0,-6.0093,129.92134586
80,975b18ff-2dec-4b75-bc39-474d17989432,2026-07-03 19:25:16,2026-07-03 19:14:30,2026-07-03 19:25:16,2026-07-03 19:15:00,eth-updown-5m-1783106100,Up,0.52,6.0093,11.55634615,11.55634615,5.54704615,135.46839201
81,501aee4a-0ad1-4ade-8230-ae565781380f,2026-07-03 19:55:01,2026-07-03 19:44:31,2026-07-03 19:55:01,2026-07-03 19:45:00,eth-updown-5m-1783107900,Up,0.49,6.0093,12.26387755,0,-6.0093,129.45909201
82,7c3b853f-e5a4-4ae2-8009-3425891412c8,2026-07-03 20:00:15,2026-07-03 19:49:35,2026-07-03 20:00:15,2026-07-03 19:50:00,eth-updown-5m-1783108200,Up,0.50413591,6.00930005,11.92,0,-6.00930005,123.44979196
83,a22d9267-45b4-4d74-acb0-5908bee0eab5,2026-07-03 20:05:06,2026-07-03 19:54:33,2026-07-03 20:05:06,2026-07-03 19:55:00,eth-updown-5m-1783108500,Up,0.51,6.0093,11.78294118,0,-6.0093,117.44049196
84,af57bae6-8621-4e3b-b44c-509970a118a6,2026-07-03 20:15:05,2026-07-03 20:04:33,2026-07-03 20:15:05,2026-07-03 20:05:00,eth-updown-5m-1783109100,Up,0.52,6.0093,11.55634615,11.55634615,5.54704615,122.98753811
85,dffc7748-98de-4ec4-848d-5cd0dde2b5de,2026-07-03 20:43:16,2026-07-03 20:34:35,2026-07-03 20:43:16,2026-07-03 20:35:00,eth-updown-5m-1783110900,Up,0.47,6.0093,12.78574468,12.78574468,6.77644468,129.76398279
86,872f97f2-d2a0-481a-ae16-761a9d367d7a,2026-07-03 21:40:01,2026-07-03 21:29:30,2026-07-03 21:40:01,2026-07-03 21:30:00,eth-updown-5m-1783114200,Up,0.50579159,6.00929996,11.88098039,0,-6.00929996,123.75468283
87,04323779-1775-4038-8a45-e1d40eab4724,2026-07-03 21:44:10,2026-07-03 21:34:33,2026-07-03 21:44:10,2026-07-03 21:35:00,eth-updown-5m-1783114500,Up,0.54,6.0093,11.12833333,0,-6.0093,117.74538283
88,293b0d3c-657a-4f96-b4af-a53debe0c90b,2026-07-03 21:47:53,2026-07-03 21:39:38,2026-07-03 21:47:53,2026-07-03 21:40:00,eth-updown-5m-1783114800,Up,0.52041324,6.00930005,11.54716981,11.54716981,5.53786976,123.28325259
89,eab99763-0218-405b-9bd1-1c64fb89007b,2026-07-03 21:55:18,2026-07-03 21:44:30,2026-07-03 21:55:18,2026-07-03 21:45:00,eth-updown-5m-1783115100,Up,0.52562656,6.00930003,11.43264151,11.43264151,5.42334148,128.70659407
90,ff839e3e-7e59-4e39-a3b2-64130a4a1a05,2026-07-03 22:13:22,2026-07-03 22:04:35,2026-07-03 22:13:22,2026-07-03 22:05:00,eth-updown-5m-1783116300,Up,0.51,6.0093,11.78294118,0,-6.0093,122.69729407
91,3d056fef-2836-4559-b525-1512522f4b26,2026-07-03 22:16:40,2026-07-03 22:09:36,2026-07-03 22:16:40,2026-07-03 22:10:00,eth-updown-5m-1783116600,Up,0.53,6.0093,11.33830189,11.33830189,5.32900189,128.02629596
92,946f284b-966b-4ae8-bd77-c220b15858ab,2026-07-03 22:22:49,2026-07-03 22:14:34,2026-07-03 22:22:49,2026-07-03 22:15:00,eth-updown-5m-1783116900,Up,0.53368561,6.00929997,11.26,11.26,5.25070003,133.27699599
93,833e0efb-ffb6-4986-bd8e-edc1716dcd8c,2026-07-03 22:26:28,2026-07-03 22:19:31,2026-07-03 22:26:28,2026-07-03 22:20:00,eth-updown-5m-1783117200,Up,0.52,6.0093,11.55634615,11.55634615,5.54704615,138.82404214
94,c122f37a-3291-488f-ba9f-d0842a586cb0,2026-07-03 22:36:15,2026-07-03 22:24:30,2026-07-03 22:36:15,2026-07-03 22:25:00,eth-updown-5m-1783117500,Up,0.52,6.0093,11.55634615,11.55634615,5.54704615,144.37108829
95,c815d974-9994-4d5f-8606-8c626e3f233a,2026-07-03 22:38:14,2026-07-03 22:29:34,2026-07-03 22:38:14,2026-07-03 22:30:00,eth-updown-5m-1783117800,Up,0.51,6.0093,11.78294118,0,-6.0093,138.36178829
96,745b49fd-2f40-4380-80d2-0c49a93d3c0f,2026-07-03 22:43:10,2026-07-03 22:34:35,2026-07-03 22:43:10,2026-07-03 22:35:00,eth-updown-5m-1783118100,Up,0.52,6.0093,11.55634615,0,-6.0093,132.35248829
97,6ce5ce0b-fb33-43f8-a0e6-535e753ca28e,2026-07-03 22:47:46,2026-07-03 22:39:34,2026-07-03 22:47:46,2026-07-03 22:40:00,eth-updown-5m-1783118400,Up,0.52,6.0093,11.55634615,11.55634615,5.54704615,137.89953444
98,0d9aebc7-d12a-4e1e-9275-02a9a3703c3d,2026-07-03 22:53:37,2026-07-03 22:44:30,2026-07-03 22:53:37,2026-07-03 22:45:00,eth-updown-5m-1783118700,Up,0.52,6.0093,11.55634615,0,-6.0093,131.89023444
99,f0e99368-e532-4693-a09b-5b9c55d1042d,2026-07-03 23:00:22,2026-07-03 22:49:36,2026-07-03 23:00:22,2026-07-03 22:50:00,eth-updown-5m-1783119000,Up,0.51,6.0093,11.78294118,0,-6.0093,125.88093444
100,535a1454-fe51-4889-9605-0362c47084af,2026-07-03 23:05:01,2026-07-03 22:54:35,2026-07-03 23:05:01,2026-07-03 22:55:00,eth-updown-5m-1783119300,Up,0.52,6.0093,11.55634615,11.55634615,5.54704615,131.42798059
101,a6b9164f-0351-45f4-a0b7-947451ff2e55,2026-07-03 23:07:39,2026-07-03 22:59:34,2026-07-03 23:07:39,2026-07-03 23:00:00,eth-updown-5m-1783119600,Up,0.52,6.0093,11.55634615,11.55634615,5.54704615,136.97502674
102,b24ae308-1e2d-4bf5-89f1-fde692665861,2026-07-03 23:13:59,2026-07-03 23:04:30,2026-07-03 23:13:59,2026-07-03 23:05:00,eth-updown-5m-1783119900,Up,0.51,6.0093,11.78294118,0,-6.0093,130.96572674
103,48cf4e68-aab1-43c7-80da-572c10e1de89,2026-07-03 23:20:11,2026-07-03 23:09:35,2026-07-03 23:20:11,2026-07-03 23:10:00,eth-updown-5m-1783120200,Up,0.53,6.0093,11.33830189,11.33830189,5.32900189,136.29472863
104,e71bc6bd-6499-40a5-86d7-e51fb1bbb93b,2026-07-03 23:22:17,2026-07-03 23:14:34,2026-07-03 23:22:17,2026-07-03 23:15:00,eth-updown-5m-1783120500,Up,0.51,6.0093,11.78294118,11.78294118,5.77364118,142.06836981
105,7a587b83-c6ef-46af-8b2a-5d114013d502,2026-07-03 23:36:49,2026-07-03 23:29:34,2026-07-03 23:36:49,2026-07-03 23:30:00,eth-updown-5m-1783121400,Up,0.51,6.0093,11.78294118,11.78294118,5.77364118,147.84201099
106,e8d0c8d5-cfe3-4073-9393-2aff4e6cdec4,2026-07-04 00:05:09,2026-07-03 23:54:30,2026-07-04 00:05:09,2026-07-03 23:55:00,eth-updown-5m-1783122900,Up,0.52,6.0093,11.55634615,11.55634615,5.54704615,153.38905714
107,7dc1ee0f-64d2-4095-89b9-d88883d297c4,2026-07-04 00:09:26,2026-07-03 23:59:30,2026-07-04 00:09:26,2026-07-04 00:00:00,eth-updown-5m-1783123200,Up,0.52,6.0093,11.55634615,11.55634615,5.54704615,158.93610329
108,1a50d3fc-6c4c-4e5f-af94-7fc0633d5f33,2026-07-04 00:12:36,2026-07-04 00:04:30,2026-07-04 00:12:36,2026-07-04 00:05:00,eth-updown-5m-1783123500,Up,0.51,6.0093,11.78294118,11.78294118,5.77364118,164.70974447
109,32e91cea-8755-464a-8912-150d2f9a735b,2026-07-04 00:35:13,2026-07-04 00:24:34,2026-07-04 00:35:13,2026-07-04 00:25:00,eth-updown-5m-1783124700,Up,0.52,6.0093,11.55634615,11.55634615,5.54704615,170.25679062
110,92f4ce50-61b1-491d-9153-9f9d1305e3a3,2026-07-04 00:37:24,2026-07-04 00:29:30,2026-07-04 00:37:24,2026-07-04 00:30:00,eth-updown-5m-1783125000,Up,0.53,6.0093,11.33830189,11.33830189,5.32900189,175.58579251
111,aeea644a-4c67-4acf-add9-132be47385b2,2026-07-04 00:45:17,2026-07-04 00:34:31,2026-07-04 00:45:17,2026-07-04 00:35:00,eth-updown-5m-1783125300,Up,0.51,6.0093,11.78294118,0,-6.0093,169.57649251
112,a3d6cc1d-273d-4b06-b92c-c5f5615b6644,2026-07-04 00:50:33,2026-07-04 00:39:30,2026-07-04 00:50:33,2026-07-04 00:40:00,eth-updown-5m-1783125600,Up,0.52,6.0093,11.55634615,11.55634615,5.54704615,175.12353866
113,2ad4bb7e-594b-4e60-a84d-f1671765c2d1,2026-07-04 00:58:15,2026-07-04 00:49:30,2026-07-04 00:58:15,2026-07-04 00:50:00,eth-updown-5m-1783126200,Up,0.5,6.0093,12.0186,0,-6.0093,169.11423866
114,7978425e-bc22-4f69-8639-6aca3c298817,2026-07-04 01:05:07,2026-07-04 00:54:36,2026-07-04 01:05:07,2026-07-04 00:55:00,eth-updown-5m-1783126500,Up,0.54,6.0093,11.12833333,11.12833333,5.11903333,174.23327199
115,e4990c2d-8709-411e-a033-81cd6470f1eb,2026-07-04 01:10:12,2026-07-04 00:59:33,2026-07-04 01:10:12,2026-07-04 01:00:00,eth-updown-5m-1783126800,Up,0.52,6.0093,11.55634615,0,-6.0093,168.22397199
116,45371827-e0bb-49b5-ac04-e6cd721aeb96,2026-07-04 01:14:15,2026-07-04 01:04:34,2026-07-04 01:14:15,2026-07-04 01:05:00,eth-updown-5m-1783127100,Up,0.6,6.0093,10.0155,0,-6.0093,162.21467199
117,ef1c2431-10f3-43bc-962e-59834398b6d2,2026-07-04 01:20:23,2026-07-04 01:09:34,2026-07-04 01:20:23,2026-07-04 01:10:00,eth-updown-5m-1783127400,Up,0.54447309,6.0093,11.03690909,0,-6.0093,156.20537199
118,355fa426-2494-42ef-ab3d-4db184332eec,2026-07-04 01:25:20,2026-07-04 01:14:35,2026-07-04 01:25:20,2026-07-04 01:15:00,eth-updown-5m-1783127700,Up,0.54255146,6.00929997,11.076,11.076,5.06670003,161.27207202
119,22618fd3-2f5a-43c2-a0cb-35a6b6f221b8,2026-07-04 01:30:14,2026-07-04 01:19:34,2026-07-04 01:30:14,2026-07-04 01:20:00,eth-updown-5m-1783128000,Up,0.52,6.0093,11.55634615,0,-6.0093,155.26277202
120,ebaa57c0-eecb-4a6d-8b12-6482bf34d6e6,2026-07-04 01:35:10,2026-07-04 01:24:34,2026-07-04 01:35:10,2026-07-04 01:25:00,eth-updown-5m-1783128300,Up,0.54,6.0093,11.12833333,11.12833333,5.11903333,160.38180535
121,95799947-ae04-4bc9-95c9-7e71783a6e43,2026-07-04 01:37:55,2026-07-04 01:29:31,2026-07-04 01:37:55,2026-07-04 01:30:00,eth-updown-5m-1783128600,Up,0.55,6.0093,10.926,10.926,4.9167,165.29850535
122,71b92037-2afa-4a8c-835d-664cac364cdb,2026-07-04 01:43:07,2026-07-04 01:34:35,2026-07-04 01:43:07,2026-07-04 01:35:00,eth-updown-5m-1783128900,Up,0.51,6.0093,11.78294118,0,-6.0093,159.28920535
123,9b01f557-e3ef-4b23-9e97-e09d585159a4,2026-07-04 01:50:30,2026-07-04 01:39:35,2026-07-04 01:50:30,2026-07-04 01:40:00,eth-updown-5m-1783129200,Up,0.54,6.0093,11.12833333,0,-6.0093,153.27990535
124,42ec96b3-be87-45e1-b932-aa8bc0f4f79a,2026-07-04 01:54:19,2026-07-04 01:44:35,2026-07-04 01:54:19,2026-07-04 01:45:00,eth-updown-5m-1783129500,Up,0.55,6.0093,10.926,0,-6.0093,147.27060535
125,fbf7557c-0a87-4cb4-8990-1c592a56cf38,2026-07-04 02:00:04,2026-07-04 01:49:35,2026-07-04 02:00:04,2026-07-04 01:50:00,eth-updown-5m-1783129800,Up,0.5284172,6.00929998,11.37226415,11.37226415,5.36296417,152.63356952
126,21d768cf-6722-44fa-8c14-8aa3a68cd0e2,2026-07-04 02:05:07,2026-07-04 01:54:34,2026-07-04 02:05:07,2026-07-04 01:55:00,eth-updown-5m-1783130100,Up,0.52047277,6.00930004,11.54584906,11.54584906,5.53654902,158.17011854
127,20b49e95-e823-4ac8-b1b3-bf68b43067ff,2026-07-04 02:09:38,2026-07-04 01:59:35,2026-07-04 02:09:38,2026-07-04 02:00:00,eth-updown-5m-1783130400,Up,0.52,6.0093,11.55634615,0,-6.0093,152.16081854
128,3d9b3e6a-9c01-4558-afde-997eb3b3da76,2026-07-04 02:13:11,2026-07-04 02:04:35,2026-07-04 02:13:11,2026-07-04 02:05:00,eth-updown-5m-1783130700,Up,0.53,6.0093,11.33830189,11.33830189,5.32900189,157.48982043
129,354852ab-6d42-4117-9063-4fb7f43092dd,2026-07-04 02:20:18,2026-07-04 02:09:34,2026-07-04 02:20:18,2026-07-04 02:10:00,eth-updown-5m-1783131000,Up,0.51,6.0093,11.78294118,0,-6.0093,151.48052043
130,e0d6703b-fd4d-4fae-8925-6e101c8af799,2026-07-04 02:25:07,2026-07-04 02:14:35,2026-07-04 02:25:07,2026-07-04 02:15:00,eth-updown-5m-1783131300,Up,0.51,6.0093,11.78294118,0,-6.0093,145.47122043
131,6c7b7009-6d56-4379-8afd-634c01facd2d,2026-07-04 02:30:02,2026-07-04 02:19:34,2026-07-04 02:30:02,2026-07-04 02:20:00,eth-updown-5m-1783131600,Up,0.52387147,6.00929998,11.4709434,11.4709434,5.46164342,150.93286385
132,35389755-9555-4d25-a6ee-6228e9a36449,2026-07-04 02:35:05,2026-07-04 02:24:34,2026-07-04 02:35:05,2026-07-04 02:25:00,eth-updown-5m-1783131900,Up,0.52,6.0093,11.55634615,11.55634615,5.54704615,156.47991
133,b66e647e-db50-499e-a1b0-464073daeaf0,2026-07-04 02:40:06,2026-07-04 02:29:34,2026-07-04 02:40:06,2026-07-04 02:30:00,eth-updown-5m-1783132200,Up,0.54,6.0093,11.12833333,0,-6.0093,150.47061
134,950e6513-8df2-4922-be0f-4118bdec4744,2026-07-04 02:42:31,2026-07-04 02:34:35,2026-07-04 02:42:31,2026-07-04 02:35:00,eth-updown-5m-1783132500,Up,0.5,6.0093,12.0186,12.0186,6.0093,156.47991
135,28e958de-816b-47bc-8fd4-c6ebe38b2dcd,2026-07-04 02:50:21,2026-07-04 02:39:33,2026-07-04 02:50:21,2026-07-04 02:40:00,eth-updown-5m-1783132800,Up,0.51,6.0093,11.78294118,11.78294118,5.77364118,162.25355118
136,22d558d1-9c04-4d6f-9a52-5a808d602bca,2026-07-04 02:53:59,2026-07-04 02:44:30,2026-07-04 02:53:59,2026-07-04 02:45:00,eth-updown-5m-1783133100,Up,0.5,6.0093,12.0186,0,-6.0093,156.24425118
137,f0478293-eaf2-4add-9baf-b8ecd1a8bb92,2026-07-04 03:00:18,2026-07-04 02:49:30,2026-07-04 03:00:18,2026-07-04 02:50:00,eth-updown-5m-1783133400,Up,0.51,6.0093,11.78294118,11.78294118,5.77364118,162.01789236
138,206fcc6a-6768-4f5d-9cba-7f5149d68a9e,2026-07-04 03:05:06,2026-07-04 02:54:30,2026-07-04 03:05:06,2026-07-04 02:55:00,eth-updown-5m-1783133700,Up,0.49,6.0093,12.26387755,0,-6.0093,156.00859236
139,5f5cda9b-b36f-4330-a5e7-3004dbedbc4b,2026-07-04 03:09:35,2026-07-04 02:59:30,2026-07-04 03:09:35,2026-07-04 03:00:00,eth-updown-5m-1783134000,Up,0.49,6.0093,12.26387755,0,-6.0093,149.99929236
140,6faec6b1-02ba-4cca-aecc-adfd5e800570,2026-07-04 03:15:19,2026-07-04 03:04:30,2026-07-04 03:15:19,2026-07-04 03:05:00,eth-updown-5m-1783134300,Up,0.48,6.0093,12.519375,0,-6.0093,143.98999236
141,fcf8ce42-89ff-496e-aef1-66151548655b,2026-07-04 03:17:23,2026-07-04 03:09:34,2026-07-04 03:17:23,2026-07-04 03:10:00,eth-updown-5m-1783134600,Up,0.49,6.0093,12.26387755,12.26387755,6.25457755,150.24456991
142,edb2a9a2-c566-4272-aee7-08b6776141c2,2026-07-04 03:25:21,2026-07-04 03:14:30,2026-07-04 03:25:21,2026-07-04 03:15:00,eth-updown-5m-1783134900,Up,0.49,6.0093,12.26387755,0,-6.0093,144.23526991
143,6e1b54fd-bcc9-4ee9-b8f2-b80bfed04adc,2026-07-04 03:30:09,2026-07-04 03:19:30,2026-07-04 03:30:09,2026-07-04 03:20:00,eth-updown-5m-1783135200,Up,0.49,6.0093,12.26387755,12.26387755,6.25457755,150.48984746
144,be3befad-ce05-41aa-8d68-f23a6417c6fa,2026-07-04 03:36:02,2026-07-04 03:24:30,2026-07-04 03:36:02,2026-07-04 03:25:00,eth-updown-5m-1783135500,Up,0.49,6.0093,12.26387755,0,-6.0093,144.48054746
145,a84c4dde-153c-4c30-b97a-d89f97a84a12,2026-07-04 03:38:16,2026-07-04 03:29:32,2026-07-04 03:38:16,2026-07-04 03:30:00,eth-updown-5m-1783135800,Up,0.51,6.0093,11.78294118,11.78294118,5.77364118,150.25418864
146,06dcd9fc-185d-4cee-8c1a-b178081ada51,2026-07-04 03:42:52,2026-07-04 03:34:30,2026-07-04 03:42:52,2026-07-04 03:35:00,eth-updown-5m-1783136100,Up,0.51,6.0093,11.78294118,11.78294118,5.77364118,156.02782982
147,391e3646-9913-49c8-8f74-7dde118d6f9d,2026-07-04 03:50:18,2026-07-04 03:39:30,2026-07-04 03:50:18,2026-07-04 03:40:00,eth-updown-5m-1783136400,Up,0.46,6.0093,13.06369565,13.06369565,7.05439565,163.08222547
148,fa342a34-b1a4-4394-a8ad-da33d5ff38d4,2026-07-04 04:05:13,2026-07-04 03:54:30,2026-07-04 04:05:13,2026-07-04 03:55:00,eth-updown-5m-1783137300,Up,0.5,6.0093,12.0186,12.0186,6.0093,169.09152547
149,4addb333-9acf-4414-9d57-271486be60e5,2026-07-04 04:10:27,2026-07-04 03:59:30,2026-07-04 04:10:27,2026-07-04 04:00:00,eth-updown-5m-1783137600,Up,0.51,6.0093,11.78294118,0,-6.0093,163.08222547
150,1c22f178-275b-4a5c-80ac-a8da125b7b77,2026-07-04 04:22:15,2026-07-04 04:14:30,2026-07-04 04:22:15,2026-07-04 04:15:00,eth-updown-5m-1783138500,Up,0.51,6.0093,11.78294118,0,-6.0093,157.07292547
151,e00550e1-50bf-4795-8bcc-680f5ef96845,2026-07-04 04:26:45,2026-07-04 04:19:34,2026-07-04 04:26:45,2026-07-04 04:20:00,eth-updown-5m-1783138800,Up,0.52,6.0093,11.55634615,11.55634615,5.54704615,162.61997162
152,cfe5153e-ab06-44ac-a6c2-e632a8114dba,2026-07-04 05:15:22,2026-07-04 05:04:35,2026-07-04 05:15:22,2026-07-04 05:05:00,eth-updown-5m-1783141500,Up,0.51,6.0093,11.78294118,0,-6.0093,156.61067162
153,a8c6350e-dee4-49dc-8fec-93bf57e23e10,2026-07-04 05:18:52,2026-07-04 05:09:35,2026-07-04 05:18:52,2026-07-04 05:10:00,eth-updown-5m-1783141800,Up,0.52,6.0093,11.55634615,11.55634615,5.54704615,162.15771777
154,5880ef18-0358-4f82-818a-e8581f57d4d2,2026-07-04 05:23:48,2026-07-04 05:14:35,2026-07-04 05:23:48,2026-07-04 05:15:00,eth-updown-5m-1783142100,Up,0.53,6.0093,11.33830189,0,-6.0093,156.14841777
155,ee40a6fb-bece-4865-8f6b-ca14f5ea25d5,2026-07-04 05:30:20,2026-07-04 05:19:34,2026-07-04 05:30:20,2026-07-04 05:20:00,eth-updown-5m-1783142400,Up,0.54,6.0093,11.12833333,0,-6.0093,150.13911777
156,ef1818e6-4640-46dc-9b92-277ddcdacc96,2026-07-04 05:35:17,2026-07-04 05:24:34,2026-07-04 05:35:17,2026-07-04 05:25:00,eth-updown-5m-1783142700,Up,0.55,6.0093,10.926,10.926,4.9167,155.05581777
157,ed72f101-5f25-4e92-a2cd-31126107451f,2026-07-04 05:36:36,2026-07-04 05:29:34,2026-07-04 05:36:36,2026-07-04 05:30:00,eth-updown-5m-1783143000,Up,0.52,6.0093,11.55634615,11.55634615,5.54704615,160.60286392
158,029966bc-6d39-4433-add6-d5ab85b18442,2026-07-04 05:47:12,2026-07-04 05:39:30,2026-07-04 05:47:12,2026-07-04 05:40:00,eth-updown-5m-1783143600,Up,0.51,6.0093,11.78294118,11.78294118,5.77364118,166.3765051
159,aa134d28-befb-480f-b6b9-13f3791a59e1,2026-07-04 06:05:19,2026-07-04 05:54:35,2026-07-04 06:05:19,2026-07-04 05:55:00,eth-updown-5m-1783144500,Up,0.52,6.0093,11.55634615,11.55634615,5.54704615,171.92355125
160,2e458e2c-b380-4198-afbb-fded9c011743,2026-07-04 06:07:30,2026-07-04 05:59:30,2026-07-04 06:07:30,2026-07-04 06:00:00,eth-updown-5m-1783144800,Up,0.53,6.0093,11.33830189,11.33830189,5.32900189,177.25255314
161,d8f0ce62-c6e2-437d-8d8f-b378d65c6c4b,2026-07-04 06:13:45,2026-07-04 06:04:30,2026-07-04 06:13:45,2026-07-04 06:05:00,eth-updown-5m-1783145100,Up,0.5,6.0093,12.0186,12.0186,6.0093,183.26185314
162,3bf53f88-3334-44df-bd3f-bd3d01826775,2026-07-04 06:26:36,2026-07-04 06:14:36,2026-07-04 06:26:36,2026-07-04 06:15:00,eth-updown-5m-1783145700,Up,0.52,6.0093,11.55634615,11.55634615,5.54704615,188.80889929
163,8bf3a705-2a8d-4919-a142-bd524fb45d92,2026-07-04 06:36:34,2026-07-04 06:24:34,2026-07-04 06:36:34,2026-07-04 06:25:00,eth-updown-5m-1783146300,Up,0.55,6.0093,10.926,10.926,4.9167,193.72559929
164,974ff919-945c-42b3-aa2c-854f848e208d,2026-07-04 06:40:01,2026-07-04 06:29:35,2026-07-04 06:40:01,2026-07-04 06:30:00,eth-updown-5m-1783146600,Up,0.54,6.0093,11.12833333,11.12833333,5.11903333,198.84463262
165,0dab973e-a25f-4047-9173-4d1e93ea36fb,2026-07-04 06:42:02,2026-07-04 06:34:34,2026-07-04 06:42:02,2026-07-04 06:35:00,eth-updown-5m-1783146900,Up,0.5,6.0093,12.0186,12.0186,6.0093,204.85393262
166,50be2904-5d81-470a-9ea0-f9dfca418e10,2026-07-04 06:50:03,2026-07-04 06:39:34,2026-07-04 06:50:03,2026-07-04 06:40:00,eth-updown-5m-1783147200,Up,0.5,6.0093,12.0186,0,-6.0093,198.84463262
167,4c7d5ddb-7e61-4872-95fb-e24b0f2196b7,2026-07-04 06:55:29,2026-07-04 06:44:35,2026-07-04 06:55:29,2026-07-04 06:45:00,eth-updown-5m-1783147500,Up,0.53,6.0093,11.33830189,11.33830189,5.32900189,204.17363451
168,2bf72491-5a7a-447c-be0f-dbd513de4034,2026-07-04 06:57:30,2026-07-04 06:49:34,2026-07-04 06:57:30,2026-07-04 06:50:00,eth-updown-5m-1783147800,Up,0.51,6.0093,11.78294118,11.78294118,5.77364118,209.94727569
169,818d08c8-8036-4d32-93d8-a22b05f8dfd8,2026-07-04 07:02:19,2026-07-04 06:54:35,2026-07-04 07:02:19,2026-07-04 06:55:00,eth-updown-5m-1783148100,Up,0.51,6.0093,11.78294118,0,-6.0093,203.93797569
170,c017b5c9-fc3d-4d53-bfc1-e42217671c3f,2026-07-04 07:07:37,2026-07-04 06:59:36,2026-07-04 07:07:37,2026-07-04 07:00:00,eth-updown-5m-1783148400,Up,0.51,6.0093,11.78294118,0,-6.0093,197.92867569
171,872209d7-2686-4195-b9f3-23c841e360c0,2026-07-04 07:14:51,2026-07-04 07:04:35,2026-07-04 07:14:51,2026-07-04 07:05:00,eth-updown-5m-1783148700,Up,0.52,6.0093,11.55634615,11.55634615,5.54704615,203.47572184
172,c0c81807-7e31-4f82-87e9-205cfc7c0e4b,2026-07-04 07:19:48,2026-07-04 07:09:36,2026-07-04 07:19:48,2026-07-04 07:10:00,eth-updown-5m-1783149000,Up,0.52562656,6.00930003,11.43264151,11.43264151,5.42334148,208.89906332
173,27306b78-6bf3-47bf-bdf4-a3cb0959df05,2026-07-04 07:24:59,2026-07-04 07:14:35,2026-07-04 07:24:59,2026-07-04 07:15:00,eth-updown-5m-1783149300,Up,0.5,6.0093,12.0186,12.0186,6.0093,214.90836332
174,545868df-e33d-49d5-bade-4c588df2f2ca,2026-07-04 07:30:03,2026-07-04 07:19:35,2026-07-04 07:30:03,2026-07-04 07:20:00,eth-updown-5m-1783149600,Up,0.51,6.0093,11.78294118,11.78294118,5.77364118,220.6820045
175,c38edfa6-f8f2-4875-8b00-b20a59f10554,2026-07-04 07:39:48,2026-07-04 07:29:35,2026-07-04 07:39:48,2026-07-04 07:30:00,eth-updown-5m-1783150200,Up,0.48,6.0093,12.519375,0,-6.0093,214.6727045
176,72b3138f-497f-45f8-89fc-a15c7b5cc81c,2026-07-04 07:44:51,2026-07-04 07:34:35,2026-07-04 07:44:51,2026-07-04 07:35:00,eth-updown-5m-1783150500,Up,0.51,6.0093,11.78294118,11.78294118,5.77364118,220.44634568
177,5d509d73-2e4b-470f-b605-1f4f2b93ee14,2026-07-04 07:49:54,2026-07-04 07:39:36,2026-07-04 07:49:54,2026-07-04 07:40:00,eth-updown-5m-1783150800,Up,0.51,6.0093,11.78294118,11.78294118,5.77364118,226.21998686
178,af78d4dd-7b9c-42d2-8709-cdd738332006,2026-07-04 08:39:38,2026-07-04 08:29:30,2026-07-04 08:39:38,2026-07-04 08:30:00,eth-updown-5m-1783153800,Up,0.5,6.0093,12.0186,12.0186,6.0093,232.22928686
179,1c2256cb-61d9-4aec-9432-96ed69bab575,2026-07-04 08:54:48,2026-07-04 08:44:36,2026-07-04 08:54:48,2026-07-04 08:45:00,eth-updown-5m-1783154700,Up,0.49,6.0093,12.26387755,12.26387755,6.25457755,238.48386441
180,61029db2-17e2-4a03-a7aa-6ea5e2dbae67,2026-07-04 09:09:38,2026-07-04 08:59:35,2026-07-04 09:09:38,2026-07-04 09:00:00,eth-updown-5m-1783155600,Up,0.51,6.0093,11.78294118,0,-6.0093,232.47456441
181,c5358d1b-b0ac-485c-86d1-93bc70085c14,2026-07-04 09:14:55,2026-07-04 09:04:36,2026-07-04 09:14:55,2026-07-04 09:05:00,eth-updown-5m-1783155900,Up,0.53,6.0093,11.33830189,11.33830189,5.32900189,237.8035663
182,54256c4e-79b7-4cbb-9b9e-5c69a5785c02,2026-07-04 09:19:46,2026-07-04 09:09:37,2026-07-04 09:19:46,2026-07-04 09:10:00,eth-updown-5m-1783156200,Up,0.51721994,6.00929998,11.61846154,11.61846154,5.60916156,243.41272786
183,1802cf2b-12ef-480c-ab7e-11638ce5aa4f,2026-07-04 09:24:59,2026-07-04 09:14:36,2026-07-04 09:24:59,2026-07-04 09:15:00,eth-updown-5m-1783156500,Up,0.51,6.0093,11.78294118,11.78294118,5.77364118,249.18636904
184,1bf4ee00-4fdd-4adb-89ee-14ab8b7511de,2026-07-04 09:27:42,2026-07-04 09:19:35,2026-07-04 09:27:42,2026-07-04 09:20:00,eth-updown-5m-1783156800,Up,0.5,6.0093,12.0186,0,-6.0093,243.17706904
185,c1ae9c1a-d99d-44f3-a748-509cda514dbb,2026-07-04 09:34:56,2026-07-04 09:24:35,2026-07-04 09:34:56,2026-07-04 09:25:00,eth-updown-5m-1783157100,Up,0.53,6.0093,11.33830189,11.33830189,5.32900189,248.50607093
186,c58c373f-576c-4f4e-859a-67ca5b11fe6c,2026-07-04 09:39:55,2026-07-04 09:29:37,2026-07-04 09:39:55,2026-07-04 09:30:00,eth-updown-5m-1783157400,Up,0.53,6.0093,11.33830189,0,-6.0093,242.49677093
187,a643b200-b49d-41a5-8d98-9bd7a26cb84d,2026-07-04 09:44:44,2026-07-04 09:34:36,2026-07-04 09:44:44,2026-07-04 09:35:00,eth-updown-5m-1783157700,Up,0.55,6.0093,10.926,0,-6.0093,236.48747093
188,bcbb332b-cd5d-4f0c-9fb0-50610bc1fcfa,2026-07-04 09:49:10,2026-07-04 09:39:36,2026-07-04 09:49:10,2026-07-04 09:40:00,eth-updown-5m-1783158000,Up,0.56,6.0093,10.73089286,10.73089286,4.72159286,241.20906379
189,519d6ace-38a2-4664-918b-3526a71ecb03,2026-07-04 09:54:45,2026-07-04 09:44:34,2026-07-04 09:54:45,2026-07-04 09:45:00,eth-updown-5m-1783158300,Up,0.53999996,5.999999,11.11111,11.11111,5.111111,246.32017479
190,780bc30a-8e45-468e-af0d-b19ff679784d,2026-07-04 09:59:47,2026-07-04 09:49:32,2026-07-04 09:59:47,2026-07-04 09:50:00,eth-updown-5m-1783158600,Up,0.51999998,5.999999,11.53846,11.53846,5.538461,251.85863579
191,6b223ff1-f2ec-4dcb-a3ae-b842c8cadbce,2026-07-04 10:03:47,2026-07-04 09:54:32,2026-07-04 10:03:47,2026-07-04 09:55:00,eth-updown-5m-1783158900,Up,0.51999998,5.999999,11.53846,0,-5.999999,245.85863679
192,7c4c1bf2-068a-4577-8efd-03096eed99a2,2026-07-04 10:09:45,2026-07-04 09:59:33,2026-07-04 10:09:45,2026-07-04 10:00:00,eth-updown-5m-1783159200,Up,0.5,6,12,0,-6,239.85863679
193,b70f3ef8-52ba-4762-aaa6-e17890686748,2026-07-04 10:14:43,2026-07-04 10:04:32,2026-07-04 10:14:43,2026-07-04 10:05:00,eth-updown-5m-1783159500,Up,0.5,6,12,12,6,245.85863679
194,30744c08-1b5b-4bc2-aa73-5a779a4a7c8b,2026-07-04 10:19:47,2026-07-04 10:09:33,2026-07-04 10:19:47,2026-07-04 10:10:00,eth-updown-5m-1783159800,Up,0.49,5.999999,12.244896,12.244896,6.244897,252.10353379
195,ea142cae-1144-4bd4-abdd-13dc1e0c92b8,2026-07-04 10:34:42,2026-07-04 10:24:33,2026-07-04 10:34:42,2026-07-04 10:25:00,eth-updown-5m-1783160700,Up,0.5,6,12,0,-6,246.10353379
196,b815981d-eaba-44a3-9d70-bb6f912badf6,2026-07-04 10:39:47,2026-07-04 10:29:34,2026-07-04 10:39:47,2026-07-04 10:30:00,eth-updown-5m-1783161000,Up,0.50328946,5.999999,11.921567,11.921567,5.921568,252.02510179
197,cd382558-8d7a-4a89-843c-37f47b904e96,2026-07-04 10:44:41,2026-07-04 10:34:32,2026-07-04 10:44:41,2026-07-04 10:35:00,eth-updown-5m-1783161300,Up,0.51,5.999999,11.764704,0,-5.999999,246.02510279
198,76b29c8a-49b9-47fa-b652-caf41f4fc10a,2026-07-04 10:49:46,2026-07-04 10:39:32,2026-07-04 10:49:46,2026-07-04 10:40:00,eth-updown-5m-1783161600,Up,0.99,6.0093,6.07,6.07,0.0607,246.08580279
199,99130c63-4758-4fd9-b3b0-c031541f36eb,2026-07-04 10:54:42,2026-07-04 10:44:33,2026-07-04 10:54:42,2026-07-04 10:45:00,eth-updown-5m-1783161900,Up,0.51999998,5.999999,11.53846,11.53846,5.538461,251.62426379
200,6bca2d27-2933-4b20-9b08-947f472cd2fc,2026-07-04 10:59:45,2026-07-04 10:49:33,2026-07-04 10:59:45,2026-07-04 10:50:00,eth-updown-5m-1783162200,Up,0.5,6,12,12,6,257.62426379
201,f924b2e6-3a52-4ad9-b7db-e306c80c6b72,2026-07-04 11:14:38,2026-07-04 11:04:33,2026-07-04 11:14:38,2026-07-04 11:05:00,eth-updown-5m-1783163100,Up,0.51017068,5.999999,11.760768,11.760768,5.760769,263.38503279
202,e4ea2160-ba2b-4587-8802-be640a18cec5,2026-07-04 11:19:40,2026-07-04 11:09:33,2026-07-04 11:19:40,2026-07-04 11:10:00,eth-updown-5m-1783163400,Up,0.51999998,5.999999,11.53846,0,-5.999999,257.38503379
203,ea85ab64-e739-45bb-9e0d-cfb21f63184e,2026-07-04 11:24:47,2026-07-04 11:14:33,2026-07-04 11:24:47,2026-07-04 11:15:00,eth-updown-5m-1783163700,Up,0.51,5.999999,11.764704,0,-5.999999,251.38503479
204,c769ea83-b170-4d7a-84ac-2fc2467ca6ca,2026-07-04 11:30:13,2026-07-04 11:19:33,2026-07-04 11:30:13,2026-07-04 11:20:00,eth-updown-5m-1783164000,Up,0.99,6.0093,6.07,6.07,0.0607,251.44573479
205,f40bfa48-e885-4577-a2fd-a3153a1df92a,2026-07-04 11:34:46,2026-07-04 11:24:32,2026-07-04 11:34:46,2026-07-04 11:25:00,eth-updown-5m-1783164300,Up,0.99,6.0093,6.07,6.07,0.0607,251.50643479
206,81009ad1-f38f-4dc2-86de-d3596ded25a2,2026-07-04 11:39:45,2026-07-04 11:29:33,2026-07-04 11:39:45,2026-07-04 11:30:00,eth-updown-5m-1783164600,Up,0.51999998,5.999999,11.53846,11.53846,5.538461,257.04489579
207,5e34deb8-56cd-4bb3-906a-a77c50099f25,2026-07-04 11:54:40,2026-07-04 11:44:32,2026-07-04 11:54:40,2026-07-04 11:45:00,eth-updown-5m-1783165500,Up,0.52999999,5.999999,11.320753,0,-5.999999,251.04489679
208,28c987e4-9a10-4dc1-84cb-0a563c81cbf1,2026-07-04 11:59:40,2026-07-04 11:49:32,2026-07-04 11:59:40,2026-07-04 11:50:00,eth-updown-5m-1783165800,Up,0.51,5.999999,11.764704,11.764704,5.764705,256.80960179
209,d1aa5191-c250-4178-b50c-bf3b7bcd32ee,2026-07-04 12:04:43,2026-07-04 11:54:33,2026-07-04 12:04:43,2026-07-04 11:55:00,eth-updown-5m-1783166100,Up,0.52999999,5.999999,11.320753,11.320753,5.320754,262.13035579
210,67be53f4-0bf1-4610-88e8-60140fe38394,2026-07-04 12:09:37,2026-07-04 11:59:32,2026-07-04 12:09:37,2026-07-04 12:00:00,eth-updown-5m-1783166400,Up,0.51,5.999999,11.764704,11.764704,5.764705,267.89506079
211,64c4a055-ac92-4211-a0b8-642661b9d4e6,2026-07-04 12:49:36,2026-07-04 12:39:32,2026-07-04 12:49:36,2026-07-04 12:40:00,eth-updown-5m-1783168800,Up,0.5,6,12,0,-6,261.89506079
212,378582ad-558d-4bcc-aa2c-601574d99205,2026-07-04 12:59:46,2026-07-04 12:49:33,2026-07-04 12:59:46,2026-07-04 12:50:00,eth-updown-5m-1783169400,Up,0.51,5.999999,11.764704,11.764704,5.764705,267.65976579
213,ec66b658-e7cb-4401-b843-a1b2cf87f714,2026-07-04 13:19:40,2026-07-04 13:09:33,2026-07-04 13:19:40,2026-07-04 13:10:00,eth-updown-5m-1783170600,Up,0.51,5.999999,11.764704,0,-5.999999,261.65976679
214,4fa6a88f-8188-4316-82fb-3b4d6d71b89c,2026-07-04 13:24:46,2026-07-04 13:14:32,2026-07-04 13:24:46,2026-07-04 13:15:00,eth-updown-5m-1783170900,Up,0.51,5.999999,11.764704,11.764704,5.764705,267.42447179
215,9c270c56-4ab6-426f-8f4a-576055d7b064,2026-07-04 13:39:40,2026-07-04 13:29:33,2026-07-04 13:39:40,2026-07-04 13:30:00,eth-updown-5m-1783171800,Up,0.51999998,5.999999,11.53846,0,-5.999999,261.42447279
216,91ee44a9-2512-46fc-9b6c-bf5790eed5b1,2026-07-04 13:44:47,2026-07-04 13:34:32,2026-07-04 13:44:47,2026-07-04 13:35:00,eth-updown-5m-1783172100,Up,0.51999998,5.999999,11.53846,0,-5.999999,255.42447379
217,875b95b3-15dc-4fdd-a246-c56db9bcdbc2,2026-07-04 13:49:49,2026-07-04 13:39:33,2026-07-04 13:49:49,2026-07-04 13:40:00,eth-updown-5m-1783172400,Up,0.52999999,5.999999,11.320753,0,-5.999999,249.42447479
218,ef42c70d-473b-4a65-9ca4-14f6299d92d5,2026-07-04 13:53:34,2026-07-04 13:44:32,2026-07-04 13:53:34,2026-07-04 13:45:00,eth-updown-5m-1783172700,Up,0.52999999,5.999999,11.320753,0,-5.999999,243.42447579
219,93e360d7-2c33-47b1-b653-658cfdca7b8b,2026-07-04 13:59:44,2026-07-04 13:49:32,2026-07-04 13:59:44,2026-07-04 13:50:00,eth-updown-5m-1783173000,Up,0.53999996,5.999999,11.11111,0,-5.999999,237.42447679
220,7370c16b-b7ea-4467-8fdc-836ac9c7a379,2026-07-04 14:04:42,2026-07-04 13:54:32,2026-07-04 14:04:42,2026-07-04 13:55:00,eth-updown-5m-1783173300,Up,0.53999996,5.999999,11.11111,11.11111,5.111111,242.53558779
221,056c8f5a-2dfe-426f-af2e-123582bb2477,2026-07-04 14:09:43,2026-07-04 13:59:32,2026-07-04 14:09:43,2026-07-04 14:00:00,eth-updown-5m-1783173600,Up,0.51999998,5.999999,11.53846,11.53846,5.538461,248.07404879
222,a4b5aaea-959d-42ba-9aa0-9f335551e323,2026-07-04 14:49:42,2026-07-04 14:39:33,2026-07-04 14:49:42,2026-07-04 14:40:00,eth-updown-5m-1783176000,Up,0.51,5.999999,11.764704,11.764704,5.764705,253.83875379
223,c16d49a9-0e05-4f5f-aca9-f22392c46d3a,2026-07-04 14:59:39,2026-07-04 14:49:32,2026-07-04 14:59:39,2026-07-04 14:50:00,eth-updown-5m-1783176600,Up,0.5,6,12,12,6,259.83875379
224,0aa05e72-1326-4aaa-ad38-016657c51d3c,2026-07-04 15:04:42,2026-07-04 14:54:32,2026-07-04 15:04:42,2026-07-04 14:55:00,eth-updown-5m-1783176900,Up,0.5,6,12,12,6,265.83875379
225,0be5ace1-1784-496e-9787-621379ebeea8,2026-07-04 15:49:39,2026-07-04 15:39:33,2026-07-04 15:49:39,2026-07-04 15:40:00,eth-updown-5m-1783179600,Up,0.49,5.999999,12.244896,12.244896,6.244897,272.08365079
226,8d59a63e-daab-4a67-893c-5ccd30dc2596,2026-07-04 15:54:44,2026-07-04 15:44:34,2026-07-04 15:54:44,2026-07-04 15:45:00,eth-updown-5m-1783179900,Up,0.46999997,5.999999,12.765956,12.765956,6.765957,278.84960779
227,38cc5387-c83a-43bb-b884-687d6ab7d18e,2026-07-04 16:09:33,2026-07-04 15:59:32,2026-07-04 16:09:33,2026-07-04 16:00:00,eth-updown-5m-1783180800,Up,0.5,6,12,0,-6,272.84960779
228,9a0a0726-6441-4b77-9d10-bdfb9cb80a3b,2026-07-04 16:54:43,2026-07-04 16:44:34,2026-07-04 16:54:43,2026-07-04 16:45:00,eth-updown-5m-1783183500,Up,0.5,6,12,0,-6,266.84960779
229,f085a4fb-6e68-4421-8bb8-2b8c33038fcc,2026-07-04 16:59:39,2026-07-04 16:49:32,2026-07-04 16:59:39,2026-07-04 16:50:00,eth-updown-5m-1783183800,Up,0.51,5.999999,11.764704,11.764704,5.764705,272.61431279
230,d369ecb4-564d-4802-94a1-4e4553f2b9e4,2026-07-04 17:04:39,2026-07-04 16:54:32,2026-07-04 17:04:39,2026-07-04 16:55:00,eth-updown-5m-1783184100,Up,0.5,6,12,0,-6,266.61431279
231,77a59135-ede7-466d-be07-76d0b28b60e1,2026-07-04 17:09:45,2026-07-04 16:59:34,2026-07-04 17:09:45,2026-07-04 17:00:00,eth-updown-5m-1783184400,Up,0.51,5.999999,11.764704,0,-5.999999,260.61431379
232,82abbd8d-a27f-4058-bf01-41ef6a9a3b0a,2026-07-04 17:14:43,2026-07-04 17:04:32,2026-07-04 17:14:43,2026-07-04 17:05:00,eth-updown-5m-1783184700,Up,0.53519215,5.999998,11.210923,11.210923,5.210925,265.82523879
233,a412d778-5e39-4c5a-bc1b-9d66086f7191,2026-07-04 17:19:39,2026-07-04 17:09:32,2026-07-04 17:19:39,2026-07-04 17:10:00,eth-updown-5m-1783185000,Up,0.52999999,5.999999,11.320753,0,-5.999999,259.82523979
234,43451fc4-859b-4d44-8df3-d45f87e7a47e,2026-07-04 17:22:10,2026-07-04 17:14:33,2026-07-04 17:22:10,2026-07-04 17:15:00,eth-updown-5m-1783185300,Up,0.53999996,5.999999,11.11111,11.11111,5.111111,264.93635079
235,fda5a06d-27d7-47e8-ba7f-1f0376196d3f,2026-07-04 17:29:39,2026-07-04 17:19:32,2026-07-04 17:29:39,2026-07-04 17:20:00,eth-updown-5m-1783185600,Up,0.51,5.999999,11.764704,11.764704,5.764705,270.70105579
236,db5ad28e-df29-448c-bc4b-67f24b11dfc0,2026-07-04 17:34:38,2026-07-04 17:24:34,2026-07-04 17:34:38,2026-07-04 17:25:00,eth-updown-5m-1783185900,Up,0.5,6,12,12,6,276.70105579
237,3479d8c4-34fe-4ffb-8c64-7036ea2570dc,2026-07-04 18:10:04,2026-07-04 17:59:36,2026-07-04 18:10:04,2026-07-04 18:00:00,eth-updown-5m-1783188000,Up,0.5,6.0093,12.0186,0,-6.0093,270.69175579
238,902d3afe-5139-4cf8-8519-386638116053,2026-07-04 18:13:45,2026-07-04 18:04:36,2026-07-04 18:13:45,2026-07-04 18:05:00,eth-updown-5m-1783188300,Up,0.48595663,6.00930002,12.36591837,0,-6.00930002,264.68245577
239,bc46e7e2-da29-4390-8b41-8dececbec91b,2026-07-04 18:19:42,2026-07-04 18:09:36,2026-07-04 18:19:42,2026-07-04 18:10:00,eth-updown-5m-1783188600,Up,0.49,6.0093,12.26387755,12.26387755,6.25457755,270.93703332
240,ebe2f9e8-0574-41bb-b2a5-eff7425e249b,2026-07-04 18:29:46,2026-07-04 18:19:36,2026-07-04 18:29:46,2026-07-04 18:20:00,eth-updown-5m-1783189200,Up,0.47,6.0093,12.78574468,0,-6.0093,264.92773332
241,29d4453a-2aae-4e8f-9e04-f09440bc0e32,2026-07-04 18:35:11,2026-07-04 18:24:36,2026-07-04 18:35:11,2026-07-04 18:25:00,eth-updown-5m-1783189500,Up,0.5,6.0093,12.0186,0,-6.0093,258.91843332
242,597240b3-d3af-4b77-af22-dd9af0abdc85,2026-07-04 18:39:58,2026-07-04 18:29:35,2026-07-04 18:39:58,2026-07-04 18:30:00,eth-updown-5m-1783189800,Up,0.51,6.0093,11.78294118,0,-6.0093,252.90913332
243,50dffa8f-7298-4058-8459-f267d8a0044f,2026-07-04 18:44:47,2026-07-04 18:34:37,2026-07-04 18:44:47,2026-07-04 18:35:00,eth-updown-5m-1783190100,Up,0.53,6.0093,11.33830189,0,-6.0093,246.89983332
244,f1696bec-8399-49a8-bc01-030b2a496bb9,2026-07-04 18:49:42,2026-07-04 18:39:36,2026-07-04 18:49:42,2026-07-04 18:40:00,eth-updown-5m-1783190400,Up,0.53,6.0093,11.33830189,11.33830189,5.32900189,252.22883521
245,a5b903b8-3d0e-41c7-85f8-e813ca22f519,2026-07-04 18:54:56,2026-07-04 18:44:36,2026-07-04 18:54:56,2026-07-04 18:45:00,eth-updown-5m-1783190700,Up,0.52,6.0093,11.55634615,0,-6.0093,246.21953521
246,37c1cebb-ce4e-4434-a9c7-b589ecbc931d,2026-07-04 18:59:46,2026-07-04 18:49:36,2026-07-04 18:59:46,2026-07-04 18:50:00,eth-updown-5m-1783191000,Up,0.52,6.0093,11.55634615,11.55634615,5.54704615,251.76658136
247,226dd205-4f82-43da-abe2-9a4d9b4731a6,2026-07-04 19:04:52,2026-07-04 18:54:38,2026-07-04 19:04:52,2026-07-04 18:55:00,eth-updown-5m-1783191300,Up,0.51,6.0093,11.78294118,0,-6.0093,245.75728136
248,ae943d43-1480-4627-b7ac-a4210163ada2,2026-07-04 19:09:58,2026-07-04 18:59:36,2026-07-04 19:09:58,2026-07-04 19:00:00,eth-updown-5m-1783191600,Up,0.51,6.0093,11.78294118,11.78294118,5.77364118,251.53092254
249,8d0fe221-c3f9-4bae-bc1d-39f11129fe02,2026-07-04 19:15:30,2026-07-04 19:04:46,2026-07-04 19:15:30,2026-07-04 19:05:00,eth-updown-5m-1783191900,Up,0.51,6.0093,11.78294118,0,-6.0093,245.52162254
250,f1ec4364-2ada-4e97-aeb7-0c053a65b783,2026-07-04 19:25:01,2026-07-04 19:14:36,2026-07-04 19:25:01,2026-07-04 19:15:00,eth-updown-5m-1783192500,Up,0.53672213,6.0093,11.1962963,11.1962963,5.1869963,250.70861884
251,90cf533a-3e58-4e18-a43f-a91642c8bf28,2026-07-04 19:28:38,2026-07-04 19:19:40,2026-07-04 19:28:38,2026-07-04 19:20:00,eth-updown-5m-1783192800,Up,0.52,6.0093,11.55634615,11.55634615,5.54704615,256.25566499
252,5a13cbd6-9873-4d0e-b5d5-93d2dbf3988d,2026-07-04 19:33:23,2026-07-04 19:24:38,2026-07-04 19:33:23,2026-07-04 19:25:00,eth-updown-5m-1783193100,Up,0.49,6.0093,12.26387755,0,-6.0093,250.24636499
253,dc4024e9-bc24-4d2c-bb90-96ce0c72688b,2026-07-04 19:39:55,2026-07-04 19:29:36,2026-07-04 19:39:55,2026-07-04 19:30:00,eth-updown-5m-1783193400,Up,0.47,6.0093,12.78574468,12.78574468,6.77644468,257.02280967
254,3ed07d6d-71a6-4abe-be99-b2e5c4debde6,2026-07-04 19:49:57,2026-07-04 19:39:36,2026-07-04 19:49:57,2026-07-04 19:40:00,eth-updown-5m-1783194000,Up,0.51,6.0093,11.78294118,11.78294118,5.77364118,262.79645085
255,944015a8-aca8-4bf7-a7a4-facedeb792b4,2026-07-04 20:04:54,2026-07-04 19:54:35,2026-07-04 20:04:54,2026-07-04 19:55:00,eth-updown-5m-1783194900,Up,0.5213247,6.00929998,11.52698113,11.52698113,5.51768115,268.314132
256,c6d15a0d-415b-43cd-a874-062673b96181,2026-07-04 20:09:27,2026-07-04 19:59:35,2026-07-04 20:09:27,2026-07-04 20:00:00,eth-updown-5m-1783195200,Up,0.52,6.0093,11.55634615,11.55634615,5.54704615,273.86117815
257,2dcfda35-e086-46bc-a5c7-7c623c1692c6,2026-07-04 20:14:40,2026-07-04 20:04:36,2026-07-04 20:14:40,2026-07-04 20:05:00,eth-updown-5m-1783195500,Up,0.51,6.0093,11.78294118,0,-6.0093,267.85187815
258,6c1dd74b-6fde-4824-9a02-ee0570ec807c,2026-07-04 20:29:36,2026-07-04 20:19:35,2026-07-04 20:29:36,2026-07-04 20:20:00,eth-updown-5m-1783196400,Up,0.53,6.0093,11.33830189,0,-6.0093,261.84257815
259,d64e11da-d5fb-4652-bcea-3f484568c4f7,2026-07-04 20:34:51,2026-07-04 20:24:36,2026-07-04 20:34:51,2026-07-04 20:25:00,eth-updown-5m-1783196700,Up,0.54,6.0093,11.12833333,0,-6.0093,255.83327815
260,34d5989d-71fa-42f3-bd43-d9bfe2c394aa,2026-07-04 20:39:47,2026-07-04 20:29:36,2026-07-04 20:39:47,2026-07-04 20:30:00,eth-updown-5m-1783197000,Up,0.555379,6.00929995,10.82017857,10.82017857,4.81087862,260.64415677
261,450debb2-adc7-40bf-a733-ea8be742dc52,2026-07-04 20:44:49,2026-07-04 20:34:36,2026-07-04 20:44:49,2026-07-04 20:35:00,eth-updown-5m-1783197300,Up,0.55,6.0093,10.926,10.926,4.9167,265.56085677
262,47b40cbf-39aa-407d-8271-d4373af482e4,2026-07-04 20:49:52,2026-07-04 20:39:36,2026-07-04 20:49:52,2026-07-04 20:40:00,eth-updown-5m-1783197600,Up,0.51,6.0093,11.78294118,11.78294118,5.77364118,271.33449795
263,5aa87976-f1dd-4a4a-a1e3-b29dd94fe150,2026-07-04 20:54:50,2026-07-04 20:44:36,2026-07-04 20:54:50,2026-07-04 20:45:00,eth-updown-5m-1783197900,Up,0.51,6.0093,11.78294118,0,-6.0093,265.32519795
264,715fabe4-5d35-4102-ae35-19a0a9fddca6,2026-07-04 20:59:44,2026-07-04 20:49:36,2026-07-04 20:59:44,2026-07-04 20:50:00,eth-updown-5m-1783198200,Up,0.51,6.0093,11.78294118,11.78294118,5.77364118,271.09883913
265,6600055e-14e7-421f-95e5-7841980d5303,2026-07-04 21:04:47,2026-07-04 20:54:36,2026-07-04 21:04:47,2026-07-04 20:55:00,eth-updown-5m-1783198500,Up,0.52,6.0093,11.55634615,0,-6.0093,265.08953913
266,c72fe9c8-727a-4856-8c79-898405df55a5,2026-07-04 21:09:53,2026-07-04 20:59:35,2026-07-04 21:09:53,2026-07-04 21:00:00,eth-updown-5m-1783198800,Up,0.5205238,6.00929995,11.54471698,0,-6.00929995,259.08023918
267,1f7fa699-bcaa-4853-8132-71822a5f83cc,2026-07-04 21:14:50,2026-07-04 21:04:37,2026-07-04 21:14:50,2026-07-04 21:05:00,eth-updown-5m-1783199100,Up,0.53,6.0093,11.33830189,0,-6.0093,253.07093918
268,43119e18-2d55-4d98-8481-f175e5b35983,2026-07-04 21:19:42,2026-07-04 21:09:36,2026-07-04 21:19:42,2026-07-04 21:10:00,eth-updown-5m-1783199400,Up,0.52,6.0093,11.55634615,11.55634615,5.54704615,258.61798533
269,19605e8f-f38a-4f6b-aa47-3bbdbc59f29f,2026-07-04 21:24:40,2026-07-04 21:14:36,2026-07-04 21:24:40,2026-07-04 21:15:00,eth-updown-5m-1783199700,Up,0.49,6.0093,12.26387755,12.26387755,6.25457755,264.87256288
270,a1f6d330-e520-4b6f-8f84-e83cd881a306,2026-07-04 21:28:05,2026-07-04 21:19:36,2026-07-04 21:28:05,2026-07-04 21:20:00,eth-updown-5m-1783200000,Up,0.51,6.0093,11.78294118,11.78294118,5.77364118,270.64620406
271,9ad49c88-6d48-49a8-af42-0bcce4ff2921,2026-07-04 21:44:44,2026-07-04 21:34:34,2026-07-04 21:44:44,2026-07-04 21:35:00,eth-updown-5m-1783200900,Up,0.48,6.0093,12.519375,12.519375,6.510075,277.15627906
272,fa0e7edc-588d-4775-a0e6-7693b5f1c784,2026-07-04 21:54:40,2026-07-04 21:44:35,2026-07-04 21:54:40,2026-07-04 21:45:00,eth-updown-5m-1783201500,Up,0.51,6.0093,11.78294118,0,-6.0093,271.14697906
273,f67c8f97-d133-4704-80cd-03fe99475cd2,2026-07-04 21:57:46,2026-07-04 21:49:35,2026-07-04 21:57:46,2026-07-04 21:50:00,eth-updown-5m-1783201800,Up,0.52,6.0093,11.55634615,0,-6.0093,265.13767906
274,8933a3b9-a2d7-4354-adee-c6f37d3434e4,2026-07-04 22:04:55,2026-07-04 21:54:36,2026-07-04 22:04:55,2026-07-04 21:55:00,eth-updown-5m-1783202100,Up,0.52,6.0093,11.55634615,11.55634615,5.54704615,270.68472521
275,9e615652-f677-4165-9a80-b46d315cb59d,2026-07-04 22:09:59,2026-07-04 21:59:35,2026-07-04 22:09:59,2026-07-04 22:00:00,eth-updown-5m-1783202400,Up,0.53,6.0093,11.33830189,0,-6.0093,264.67542521
276,45899a2a-c72b-415d-9e95-8e0c63899262,2026-07-04 22:19:23,2026-07-04 22:04:36,2026-07-04 22:19:23,2026-07-04 22:05:00,eth-updown-5m-1783202700,Up,0.55,6.0093,10.926,10.926,4.9167,269.59212521
277,ce9c6eeb-062a-4e18-8fdc-9c5605fa5e34,2026-07-04 22:19:56,2026-07-04 22:09:36,2026-07-04 22:19:56,2026-07-04 22:10:00,eth-updown-5m-1783203000,Up,0.52562656,6.00930003,11.43264151,0,-6.00930003,263.58282518
278,363776a6-2f9d-49f4-b97a-573ad71d3902,2026-07-04 22:24:48,2026-07-04 22:14:35,2026-07-04 22:24:48,2026-07-04 22:15:00,eth-updown-5m-1783203300,Up,0.53,6.0093,11.33830189,11.33830189,5.32900189,268.91182707
279,0b14df63-75b7-47fc-a5e4-7b2c21f8739b,2026-07-04 22:27:04,2026-07-04 22:19:35,2026-07-04 22:27:04,2026-07-04 22:20:00,eth-updown-5m-1783203600,Up,0.51,6.0093,11.78294118,0,-6.0093,262.90252707
280,080575b2-8d5f-4700-b33c-4b8f4764cfc2,2026-07-04 22:34:36,2026-07-04 22:24:35,2026-07-04 22:34:36,2026-07-04 22:25:00,eth-updown-5m-1783203900,Up,0.54546152,6.00929998,11.01690909,11.01690909,5.00760911,267.91013618
281,75805ecb-7337-49bf-9aef-f0dee024819e,2026-07-04 22:39:48,2026-07-04 22:29:36,2026-07-04 22:39:48,2026-07-04 22:30:00,eth-updown-5m-1783204200,Up,0.54111248,6.00930005,11.10545455,0,-6.00930005,261.90083613
282,03947e35-ca2b-4630-a835-4bea1de1f88d,2026-07-04 22:44:51,2026-07-04 22:34:36,2026-07-04 22:44:51,2026-07-04 22:35:00,eth-updown-5m-1783204500,Up,0.52,6.0093,11.55634615,11.55634615,5.54704615,267.44788228
283,d953677d-12a5-47ee-b136-d209b7ed84e5,2026-07-04 22:49:57,2026-07-04 22:39:35,2026-07-04 22:49:57,2026-07-04 22:40:00,eth-updown-5m-1783204800,Up,0.52,6.0093,11.55634615,0,-6.0093,261.43858228
284,a75f724c-68a8-4f3b-8003-0b64ee7a633e,2026-07-04 22:54:40,2026-07-04 22:44:35,2026-07-04 22:54:40,2026-07-04 22:45:00,eth-updown-5m-1783205100,Up,0.53554404,6.00930001,11.22092593,0,-6.00930001,255.42928227
285,f4b98ddd-cd2a-4f9f-9643-216bd1214b81,2026-07-04 22:57:17,2026-07-04 22:49:36,2026-07-04 22:57:17,2026-07-04 22:50:00,eth-updown-5m-1783205400,Up,0.55165536,6.00930005,10.89321429,10.89321429,4.88391424,260.31319651
286,916b1b0d-4f62-4b57-bdba-8f37d9ce0cb2,2026-07-04 23:04:40,2026-07-04 22:54:36,2026-07-04 23:04:40,2026-07-04 22:55:00,eth-updown-5m-1783205700,Up,0.53680204,6.00930002,11.19462963,11.19462963,5.18532961,265.49852612
287,081e3745-1cb1-4272-b0ee-5aeb363f4882,2026-07-04 23:10:01,2026-07-04 22:59:36,2026-07-04 23:10:01,2026-07-04 23:00:00,eth-updown-5m-1783206000,Up,0.53,6.0093,11.33830189,0,-6.0093,259.48922612
288,72cb300b-80c1-439f-a114-6665e8ccd2bb,2026-07-04 23:14:54,2026-07-04 23:04:36,2026-07-04 23:14:54,2026-07-04 23:05:00,eth-updown-5m-1783206300,Up,0.51,6.0093,11.78294118,11.78294118,5.77364118,265.2628673
289,c61dc539-bbaf-4133-b79d-f9e88791f102,2026-07-04 23:19:53,2026-07-04 23:09:36,2026-07-04 23:19:53,2026-07-04 23:10:00,eth-updown-5m-1783206600,Up,0.5,6.0093,12.0186,0,-6.0093,259.2535673
290,67588baf-914c-4937-a6f2-00a55779a96d,2026-07-04 23:24:53,2026-07-04 23:14:36,2026-07-04 23:24:53,2026-07-04 23:15:00,eth-updown-5m-1783206900,Up,0.5409265,6.00930002,11.10927273,11.10927273,5.09997271,264.35354001
291,8d9751ca-24f7-423e-a66c-7a70c9ee5732,2026-07-04 23:29:53,2026-07-04 23:19:34,2026-07-04 23:29:53,2026-07-04 23:20:00,eth-updown-5m-1783207200,Up,0.54,6.0093,11.12833333,11.12833333,5.11903333,269.47257334
292,a5f1736f-46b2-4c6a-8554-b8c3cc019fee,2026-07-04 23:34:41,2026-07-04 23:24:36,2026-07-04 23:34:41,2026-07-04 23:25:00,eth-updown-5m-1783207500,Up,0.53626091,6.00930004,11.20592593,11.20592593,5.19662589,274.66919923
293,1a14dfb6-f27a-4e9b-865f-842b383d43ea,2026-07-04 23:40:02,2026-07-04 23:29:35,2026-07-04 23:40:02,2026-07-04 23:30:00,eth-updown-5m-1783207800,Up,0.53,6.0093,11.33830189,11.33830189,5.32900189,279.99820112
294,293b8b63-ebd7-47a6-8cc2-62033106ae13,2026-07-04 23:44:36,2026-07-04 23:34:36,2026-07-04 23:44:36,2026-07-04 23:35:00,eth-updown-5m-1783208100,Up,0.51,6.0093,11.78294118,0,-6.0093,273.98890112
295,179182ee-c0a1-4157-bb9c-1702f4ea52a0,2026-07-04 23:49:43,2026-07-04 23:39:35,2026-07-04 23:49:43,2026-07-04 23:40:00,eth-updown-5m-1783208400,Up,0.51,6.0093,11.78294118,11.78294118,5.77364118,279.7625423
296,50a09be1-42e8-45ea-b436-54e218981755,2026-07-04 23:54:39,2026-07-04 23:44:36,2026-07-04 23:54:39,2026-07-04 23:45:00,eth-updown-5m-1783208700,Up,0.48395986,6.00929995,12.41693878,0,-6.00929995,273.75324235
297,8b3b3563-7f5e-4709-8430-47e7f1b6a966,2026-07-04 23:59:36,2026-07-04 23:49:34,2026-07-04 23:59:36,2026-07-04 23:50:00,eth-updown-5m-1783209000,Up,0.51,6.0093,11.78294118,0,-6.0093,267.74394235
298,42ba1b28-6251-4904-946c-873bbb4862bd,2026-07-05 00:04:41,2026-07-04 23:54:36,2026-07-05 00:04:41,2026-07-04 23:55:00,eth-updown-5m-1783209300,Up,0.52,6.0093,11.55634615,0,-6.0093,261.73464235
299,21625414-ce2f-4091-9dc6-63fab8a10eb2,2026-07-05 00:09:51,2026-07-04 23:59:36,2026-07-05 00:09:51,2026-07-05 00:00:00,eth-updown-5m-1783209600,Up,0.51213387,6.00930004,11.73384615,0,-6.00930004,255.72534231
300,7ec31810-513d-4295-b4d1-77615457f42d,2026-07-05 00:19:53,2026-07-05 00:09:35,2026-07-05 00:19:53,2026-07-05 00:10:00,eth-updown-5m-1783210200,Up,0.53231988,6.00929998,11.28888889,11.28888889,5.27958891,261.00493122
301,0de08e3f-b9a0-4fe1-9c6e-cb654936a5ba,2026-07-05 00:24:46,2026-07-05 00:14:34,2026-07-05 00:24:46,2026-07-05 00:15:00,eth-updown-5m-1783210500,Up,0.53077874,6.00929997,11.32166667,0,-6.00929997,254.99563125
302,52ab8e38-a7f2-408b-a5de-786fb3a599ff,2026-07-05 00:29:54,2026-07-05 00:19:35,2026-07-05 00:29:54,2026-07-05 00:20:00,eth-updown-5m-1783210800,Up,0.54,6.0093,11.12833333,0,-6.0093,248.98633125
303,42a3952e-1e3a-4ae3-9f8d-a88987563b5f,2026-07-05 00:34:56,2026-07-05 00:24:38,2026-07-05 00:34:56,2026-07-05 00:25:00,eth-updown-5m-1783211100,Up,0.54,6.0093,11.12833333,11.12833333,5.11903333,254.10536458
304,a65519a9-6994-4e1e-b3f9-29d32b5d42c3,2026-07-05 00:37:38,2026-07-05 00:29:35,2026-07-05 00:37:38,2026-07-05 00:30:00,eth-updown-5m-1783211400,Up,0.53,6.0093,11.33830189,0,-6.0093,248.09606458
305,93aaebb1-bc67-4359-a08d-1f2a1e8fd871,2026-07-05 00:44:56,2026-07-05 00:34:38,2026-07-05 00:44:56,2026-07-05 00:35:00,eth-updown-5m-1783211700,Up,0.54,6.0093,11.12833333,11.12833333,5.11903333,253.21509791
306,5c58d50c-f1a1-4d59-87d2-fd325172075b,2026-07-05 00:49:57,2026-07-05 00:39:36,2026-07-05 00:49:57,2026-07-05 00:40:00,eth-updown-5m-1783212000,Up,0.52,6.0093,11.55634615,0,-6.0093,247.20579791
307,52624cd1-a5d3-4a82-88cf-b5bb327db025,2026-07-05 00:54:43,2026-07-05 00:44:37,2026-07-05 00:54:43,2026-07-05 00:45:00,eth-updown-5m-1783212300,Up,0.51,6.0093,11.78294118,0,-6.0093,241.19649791
308,1325d6bd-8b70-4bbb-8bf1-201387401651,2026-07-05 00:59:53,2026-07-05 00:49:37,2026-07-05 00:59:53,2026-07-05 00:50:00,eth-updown-5m-1783212600,Up,0.52,6.0093,11.55634615,0,-6.0093,235.18719791
309,e47897a8-961a-4b0d-a285-bfde3885bd53,2026-07-05 01:04:20,2026-07-05 00:54:35,2026-07-05 01:04:20,2026-07-05 00:55:00,eth-updown-5m-1783212900,Up,0.52562656,6.00930003,11.43264151,0,-6.00930003,229.17789788
310,ab5b91ec-609a-4461-bed9-cb0ea639b64b,2026-07-05 01:09:49,2026-07-05 00:59:38,2026-07-05 01:09:49,2026-07-05 01:00:00,eth-updown-5m-1783213200,Up,0.54,6.0093,11.12833333,11.12833333,5.11903333,234.29693121
311,af912a6b-6142-449c-b9eb-51b3e4601333,2026-07-05 01:14:57,2026-07-05 01:04:37,2026-07-05 01:14:57,2026-07-05 01:05:00,eth-updown-5m-1783213500,Up,0.51,6.0093,11.78294118,0,-6.0093,228.28763121
312,a33317df-f7ef-4402-a784-fa0cb077e5ff,2026-07-05 01:19:40,2026-07-05 01:09:38,2026-07-05 01:19:40,2026-07-05 01:10:00,eth-updown-5m-1783213800,Up,0.53,6.0093,11.33830189,0,-6.0093,222.27833121
313,1e2f55cf-327e-41c1-b9f3-e56e22a7f3a9,2026-07-05 01:24:45,2026-07-05 01:14:37,2026-07-05 01:24:45,2026-07-05 01:15:00,eth-updown-5m-1783214100,Up,0.53554404,6.00930001,11.22092593,0,-6.00930001,216.2690312
314,1c91833a-d390-4bda-bc6a-999f47676e6d,2026-07-05 01:29:51,2026-07-05 01:19:37,2026-07-05 01:29:51,2026-07-05 01:20:00,eth-updown-5m-1783214400,Up,0.54782122,6.00929997,10.96945455,10.96945455,4.96015458,221.22918578
315,6e85cd52-1f62-4919-b42c-9dde4f2a064e,2026-07-05 01:34:54,2026-07-05 01:24:37,2026-07-05 01:34:54,2026-07-05 01:25:00,eth-updown-5m-1783214700,Up,0.56,6.0093,10.73089286,10.73089286,4.72159286,225.95077864
316,405b1da7-c032-439b-83e8-f8cfffb2db4c,2026-07-05 01:40:38,2026-07-05 01:29:36,2026-07-05 01:40:38,2026-07-05 01:30:00,eth-updown-5m-1783215000,Up,0.52,6.0093,11.55634615,0,-6.0093,219.94147864
317,5ae6ab63-78c2-46dc-bc15-c7224578c3e1,2026-07-05 01:44:38,2026-07-05 01:34:37,2026-07-05 01:44:38,2026-07-05 01:35:00,eth-updown-5m-1783215300,Up,0.54546152,6.00929998,11.01690909,11.01690909,5.00760911,224.94908775
318,742fb47c-b0e9-4996-bda4-c3c9f781ef8b,2026-07-05 01:49:59,2026-07-05 01:39:37,2026-07-05 01:49:59,2026-07-05 01:40:00,eth-updown-5m-1783215600,Up,0.54546152,6.00929998,11.01690909,11.01690909,5.00760911,229.95669686
319,acef099c-6810-4eb8-a51b-7a7ec742e1fb,2026-07-05 01:51:37,2026-07-05 01:44:36,2026-07-05 01:51:37,2026-07-05 01:45:00,eth-updown-5m-1783215900,Up,0.53,6.0093,11.33830189,0,-6.0093,223.94739686
320,1e98d79e-8947-47e3-9bed-7664e738f910,2026-07-05 02:00:16,2026-07-05 01:49:37,2026-07-05 02:00:16,2026-07-05 01:50:00,eth-updown-5m-1783216200,Up,0.52697459,6.00930005,11.40339623,11.40339623,5.39409618,229.34149304
321,ea1a4c53-e14e-477d-89cd-8e492eb58482,2026-07-05 02:02:13,2026-07-05 01:54:36,2026-07-05 02:02:13,2026-07-05 01:55:00,eth-updown-5m-1783216500,Up,0.52,6.0093,11.55634615,11.55634615,5.54704615,234.88853919
322,bc842f12-f11b-4a3d-8634-ba7dc6dc83c2,2026-07-05 02:08:06,2026-07-05 01:59:38,2026-07-05 02:08:06,2026-07-05 02:00:00,eth-updown-5m-1783216800,Up,0.5,6.0093,12.0186,0,-6.0093,228.87923919
323,c9c6e19f-f3d6-4eef-b7f8-3c65384cf038,2026-07-05 02:13:57,2026-07-05 02:04:37,2026-07-05 02:13:57,2026-07-05 02:05:00,eth-updown-5m-1783217100,Up,0.52,6.0093,11.55634615,0,-6.0093,222.86993919
324,94afd2b9-dd17-4376-987c-718cb21a1bae,2026-07-05 02:20:18,2026-07-05 02:09:37,2026-07-05 02:20:18,2026-07-05 02:10:00,eth-updown-5m-1783217400,Up,0.53813734,6.00929995,11.16685185,0,-6.00929995,216.86063924
325,62ab0cd8-3a4f-4b6a-9af7-14cf8579fbf7,2026-07-05 02:25:02,2026-07-05 02:14:37,2026-07-05 02:25:02,2026-07-05 02:15:00,eth-updown-5m-1783217700,Up,0.56,6.0093,10.73089286,10.73089286,4.72159286,221.5822321
326,27822d10-84e1-44de-a92a-151ce2f92742,2026-07-05 02:28:45,2026-07-05 02:19:37,2026-07-05 02:28:45,2026-07-05 02:20:00,eth-updown-5m-1783218000,Up,0.53083952,6.00929997,11.32037037,0,-6.00929997,215.57293213
327,f863dc57-b257-474a-965d-2c9519cc396f,2026-07-05 02:32:56,2026-07-05 02:24:36,2026-07-05 02:32:56,2026-07-05 02:25:00,eth-updown-5m-1783218300,Up,0.52562656,6.00930003,11.43264151,11.43264151,5.42334148,220.99627361
328,01385472-cf6c-4304-ba1a-48649465f307,2026-07-05 02:39:08,2026-07-05 02:29:37,2026-07-05 02:39:08,2026-07-05 02:30:00,eth-updown-5m-1783218600,Up,0.52,6.0093,11.55634615,11.55634615,5.54704615,226.54331976
329,8f8a5c08-3039-4a3c-ab92-be05c146156a,2026-07-05 02:45:33,2026-07-05 02:34:36,2026-07-05 02:45:33,2026-07-05 02:35:00,eth-updown-5m-1783218900,Up,0.51,6.0093,11.78294118,0,-6.0093,220.53401976
330,f0b5e49a-7904-4e79-8f96-9aa3331e9392,2026-07-05 02:47:28,2026-07-05 02:39:36,2026-07-05 02:47:28,2026-07-05 02:40:00,eth-updown-5m-1783219200,Up,0.5,6.0093,12.0186,0,-6.0093,214.52471976
331,2a6b6021-c850-4bac-af91-3b0c67337439,2026-07-05 02:54:17,2026-07-05 02:44:36,2026-07-05 02:54:17,2026-07-05 02:45:00,eth-updown-5m-1783219500,Up,0.53,6.0093,11.33830189,11.33830189,5.32900189,219.85372165
332,171d8bd4-4cfc-4b20-abb1-7fb4bf7db94a,2026-07-05 02:57:48,2026-07-05 02:49:36,2026-07-05 02:57:48,2026-07-05 02:50:00,eth-updown-5m-1783219800,Up,0.54,6.0093,11.12833333,11.12833333,5.11903333,224.97275498
333,64bb213a-09fc-4bad-acec-c39ec8ec3d81,2026-07-05 03:03:08,2026-07-05 02:54:36,2026-07-05 03:03:08,2026-07-05 02:55:00,eth-updown-5m-1783220100,Up,0.53,6.0093,11.33830189,11.33830189,5.32900189,230.30175687
334,f1150370-28cb-4759-be8e-876f4c5601b9,2026-07-05 03:09:43,2026-07-05 02:59:37,2026-07-05 03:09:43,2026-07-05 03:00:00,eth-updown-5m-1783220400,Up,0.52,6.0093,11.55634615,11.55634615,5.54704615,235.84880302
335,1b719c52-d5bc-4c5e-8a82-755caeba1aa3,2026-07-05 03:12:19,2026-07-05 03:04:37,2026-07-05 03:12:19,2026-07-05 03:05:00,eth-updown-5m-1783220700,Up,0.51,6.0093,11.78294118,11.78294118,5.77364118,241.6224442
336,570c26d4-8a48-4ca9-8199-df45b424e53d,2026-07-05 03:20:22,2026-07-05 03:09:38,2026-07-05 03:20:22,2026-07-05 03:10:00,eth-updown-5m-1783221000,Up,0.49,6.0093,12.26387755,12.26387755,6.25457755,247.87702175
337,4825c931-19a1-4b3b-823b-082e97cff491,2026-07-05 03:22:12,2026-07-05 03:14:37,2026-07-05 03:22:12,2026-07-05 03:15:00,eth-updown-5m-1783221300,Up,0.5,6.0093,12.0186,0,-6.0093,241.86772175
338,f1b35d41-0282-41bb-9b51-444109e6bd04,2026-07-05 03:30:19,2026-07-05 03:19:35,2026-07-05 03:30:19,2026-07-05 03:20:00,eth-updown-5m-1783221600,Up,0.5,6.0093,12.0186,0,-6.0093,235.85842175
339,90e867e4-3d16-4266-abb6-3636c8d5f6c9,2026-07-05 03:35:24,2026-07-05 03:24:37,2026-07-05 03:35:24,2026-07-05 03:25:00,eth-updown-5m-1783221900,Up,0.53,6.0093,11.33830189,0,-6.0093,229.84912175
340,2049e8c3-977a-4595-87df-948ad7cee27d,2026-07-05 03:40:29,2026-07-05 03:29:30,2026-07-05 03:40:29,2026-07-05 03:30:00,eth-updown-5m-1783222200,Up,0.55,6.0093,10.926,10.926,4.9167,234.76582175
341,d2931f9d-c145-4628-8770-e7a05dd4f0a1,2026-07-05 03:45:27,2026-07-05 03:34:35,2026-07-05 03:45:27,2026-07-05 03:35:00,eth-updown-5m-1783222500,Up,0.54,6.0093,11.12833333,11.12833333,5.11903333,239.88485508
342,4df987b8-3cd1-4f21-a8e5-4fbd43069852,2026-07-05 03:47:18,2026-07-05 03:39:37,2026-07-05 03:47:18,2026-07-05 03:40:00,eth-updown-5m-1783222800,Up,0.49,6.0093,12.26387755,0,-6.0093,233.87555508
343,fdf4b1fb-f9fe-4e85-ac7f-a7e5e58939e9,2026-07-05 03:55:21,2026-07-05 03:44:30,2026-07-05 03:55:21,2026-07-05 03:45:00,eth-updown-5m-1783223100,Up,0.51,6.0093,11.78294118,11.78294118,5.77364118,239.64919626
344,a92881f8-6afd-4fb1-919a-ce2e859db931,2026-07-05 04:00:30,2026-07-05 03:49:37,2026-07-05 04:00:30,2026-07-05 03:50:00,eth-updown-5m-1783223400,Up,0.51,6.0093,11.78294118,0,-6.0093,233.63989626
345,3d86dbba-42bb-441b-973d-aaa249af93ec,2026-07-05 04:05:37,2026-07-05 03:54:36,2026-07-05 04:05:37,2026-07-05 03:55:00,eth-updown-5m-1783223700,Up,0.51,6.0093,11.78294118,0,-6.0093,227.63059626
346,694beb11-f756-436d-9cb4-cd663c939d18,2026-07-05 04:10:10,2026-07-05 03:59:36,2026-07-05 04:10:10,2026-07-05 04:00:00,eth-updown-5m-1783224000,Up,0.51,6.0093,11.78294118,11.78294118,5.77364118,233.40423744
347,136310a1-b903-4fe5-a74f-01e126f2a1f6,2026-07-05 04:15:39,2026-07-05 04:04:37,2026-07-05 04:15:39,2026-07-05 04:05:00,eth-updown-5m-1783224300,Up,0.51,6.0093,11.78294118,11.78294118,5.77364118,239.17787862
348,75073785-d722-4a6d-8d5a-b155fe375307,2026-07-05 04:20:21,2026-07-05 04:09:36,2026-07-05 04:20:21,2026-07-05 04:10:00,eth-updown-5m-1783224600,Up,0.46,6.0093,13.06369565,13.06369565,7.05439565,246.23227427
349,090dfd6f-5a2e-475e-a436-e3a7f54b08c2,2026-07-05 04:25:15,2026-07-05 04:14:37,2026-07-05 04:25:15,2026-07-05 04:15:00,eth-updown-5m-1783224900,Up,0.48186113,6.00929999,12.47102041,12.47102041,6.46172042,252.69399469
350,923cfa34-cbbd-4cba-9ae8-da488120440f,2026-07-05 04:30:03,2026-07-05 04:19:37,2026-07-05 04:30:03,2026-07-05 04:20:00,eth-updown-5m-1783225200,Up,0.47,6.0093,12.78574468,12.78574468,6.77644468,259.47043937
351,ce6e965a-c159-4e23-b271-698e8d7b80fb,2026-07-05 04:32:25,2026-07-05 04:24:37,2026-07-05 04:32:25,2026-07-05 04:25:00,eth-updown-5m-1783225500,Up,0.44,6.0093,13.6575,0,-6.0093,253.46113937
352,233f73b9-dbca-46fe-a8d4-c1ad8788c201,2026-07-05 04:39:45,2026-07-05 04:29:36,2026-07-05 04:39:45,2026-07-05 04:30:00,eth-updown-5m-1783225800,Up,0.44,6.0093,13.6575,13.6575,7.6482,261.10933937
353,b150a57e-7421-4621-ab88-f0d34d2947db,2026-07-05 04:45:26,2026-07-05 04:34:37,2026-07-05 04:45:26,2026-07-05 04:35:00,eth-updown-5m-1783226100,Up,0.45957937,6.00929999,13.07565217,0,-6.00929999,255.10003938
354,01e80276-0db3-4f75-854a-f9010d3a3a16,2026-07-05 04:50:13,2026-07-05 04:39:36,2026-07-05 04:50:13,2026-07-05 04:40:00,eth-updown-5m-1783226400,Up,0.5,6.0093,12.0186,12.0186,6.0093,261.10933938
355,02245c3c-ca9c-465e-a84c-3f75e6382372,2026-07-05 04:53:36,2026-07-05 04:44:37,2026-07-05 04:53:36,2026-07-05 04:45:00,eth-updown-5m-1783226700,Up,0.46,6.0093,13.06369565,0,-6.0093,255.10003938
356,9af21eb0-0442-4f6c-8d14-68b6f8bf7d52,2026-07-05 05:00:18,2026-07-05 04:49:37,2026-07-05 05:00:18,2026-07-05 04:50:00,eth-updown-5m-1783227000,Up,0.5,6.0093,12.0186,0,-6.0093,249.09073938
357,3f17a2a2-c735-47be-a6c9-7f83c92a74db,2026-07-05 05:03:15,2026-07-05 04:54:37,2026-07-05 05:03:15,2026-07-05 04:55:00,eth-updown-5m-1783227300,Up,0.50579159,6.00929996,11.88098039,0,-6.00929996,243.08143942
358,de23edf0-2122-4256-8c2b-3b9c99e26759,2026-07-05 05:10:06,2026-07-05 04:59:35,2026-07-05 05:10:06,2026-07-05 05:00:00,eth-updown-5m-1783227600,Up,0.50981939,6.00929997,11.78711538,0,-6.00929997,237.07213945
359,5eff659b-ec4b-41ab-a407-dfc73a0e011c,2026-07-05 05:15:05,2026-07-05 05:04:37,2026-07-05 05:15:05,2026-07-05 05:05:00,eth-updown-5m-1783227900,Up,0.53,6.0093,11.33830189,0,-6.0093,231.06283945
360,20169d6e-70ed-4802-a967-da4ba72b887a,2026-07-05 05:20:28,2026-07-05 05:09:36,2026-07-05 05:20:28,2026-07-05 05:10:00,eth-updown-5m-1783228200,Up,0.54,6.0093,11.12833333,11.12833333,5.11903333,236.18187278
361,a0323a13-f1fa-45a0-b410-77569d9e6ff3,2026-07-05 05:22:41,2026-07-05 05:14:37,2026-07-05 05:22:41,2026-07-05 05:15:00,eth-updown-5m-1783228500,Up,0.52,6.0093,11.55634615,11.55634615,5.54704615,241.72891893
362,e472f2f8-b25b-4e56-b29c-784d64d415b6,2026-07-05 05:29:42,2026-07-05 05:19:37,2026-07-05 05:29:42,2026-07-05 05:20:00,eth-updown-5m-1783228800,Up,0.52,6.0093,11.55634615,0,-6.0093,235.71961893
363,168bd1a3-64e4-41a3-ae03-30651571d8a9,2026-07-05 05:35:09,2026-07-05 05:24:38,2026-07-05 05:35:09,2026-07-05 05:25:00,eth-updown-5m-1783229100,Up,0.53763805,6.00929996,11.17722222,11.17722222,5.16792226,240.88754119
364,a048d0fb-773d-45d3-a1c3-dbe74465219b,2026-07-05 05:39:56,2026-07-05 05:29:38,2026-07-05 05:39:56,2026-07-05 05:30:00,eth-updown-5m-1783229400,Up,0.53,6.0093,11.33830189,11.33830189,5.32900189,246.21654308
365,8ac9a960-447a-4d9a-9094-a18e8281cf98,2026-07-05 05:45:27,2026-07-05 05:34:30,2026-07-05 05:45:27,2026-07-05 05:35:00,eth-updown-5m-1783229700,Up,0.52,6.0093,11.55634615,0,-6.0093,240.20724308
366,840306e3-fa03-4055-8699-881b45131f8a,2026-07-05 05:50:07,2026-07-05 05:39:30,2026-07-05 05:50:07,2026-07-05 05:40:00,eth-updown-5m-1783230000,Up,0.51,6.0093,11.78294118,0,-6.0093,234.19794308
367,9b5d42b0-6a46-450c-8759-e6c6b54de549,2026-07-05 05:55:10,2026-07-05 05:44:30,2026-07-05 05:55:10,2026-07-05 05:45:00,eth-updown-5m-1783230300,Up,0.55,6.0093,10.926,10.926,4.9167,239.11464308
368,fe0f3722-6cd2-4a83-91a9-dbb46ecc6c52,2026-07-05 06:00:09,2026-07-05 05:49:30,2026-07-05 06:00:09,2026-07-05 05:50:00,eth-updown-5m-1783230600,Up,0.53,6.0093,11.33830189,11.33830189,5.32900189,244.44364497
369,80725789-827b-41ec-983a-b0b69c5849b3,2026-07-05 06:05:28,2026-07-05 05:54:30,2026-07-05 06:05:28,2026-07-05 05:55:00,eth-updown-5m-1783230900,Up,0.51,6.0093,11.78294118,11.78294118,5.77364118,250.21728615
370,5a3dc043-fdb9-4b09-9fae-7288e1674195,2026-07-05 06:10:03,2026-07-05 05:59:30,2026-07-05 06:10:03,2026-07-05 06:00:00,eth-updown-5m-1783231200,Up,0.51,6.0093,11.78294118,0,-6.0093,244.20798615
371,1a82f638-f3b0-4971-8f2d-6a93cf8f8b60,2026-07-05 06:14:47,2026-07-05 06:04:39,2026-07-05 06:14:47,2026-07-05 06:05:00,eth-updown-5m-1783231500,Up,0.52,6.0093,11.55634615,0,-6.0093,238.19868615
372,e99d491a-d126-4a23-b3e8-322b2ce4b1de,2026-07-05 06:19:57,2026-07-05 06:09:30,2026-07-05 06:19:57,2026-07-05 06:10:00,eth-updown-5m-1783231800,Up,0.51,6.0093,11.78294118,11.78294118,5.77364118,243.97232733
373,19340673-65f4-4242-9541-1893aa21c8fe,2026-07-05 06:25:08,2026-07-05 06:14:30,2026-07-05 06:25:08,2026-07-05 06:15:00,eth-updown-5m-1783232100,Up,0.52,6.0093,11.55634615,11.55634615,5.54704615,249.51937348
374,a48fb507-5883-44a3-bf5b-04923981ef9a,2026-07-05 06:30:20,2026-07-05 06:19:30,2026-07-05 06:30:20,2026-07-05 06:20:00,eth-updown-5m-1783232400,Up,0.51,6.0093,11.78294118,0,-6.0093,243.51007348
375,9f479781-2e67-4db8-9288-53a0743b8171,2026-07-05 06:34:36,2026-07-05 06:24:30,2026-07-05 06:34:36,2026-07-05 06:25:00,eth-updown-5m-1783232700,Up,0.51230179,6.0093,11.73,11.73,5.7207,249.23077348
376,570baa54-71d8-4dd8-85d2-f8b9fb95342c,2026-07-05 06:40:11,2026-07-05 06:29:30,2026-07-05 06:40:11,2026-07-05 06:30:00,eth-updown-5m-1783233000,Up,0.51,6.0093,11.78294118,11.78294118,5.77364118,255.00441466
377,8cba8164-6f76-4e8a-836e-205ff21d1668,2026-07-05 06:45:33,2026-07-05 06:34:30,2026-07-05 06:45:33,2026-07-05 06:35:00,eth-updown-5m-1783233300,Up,0.48,6.0093,12.519375,0,-6.0093,248.99511466
378,1a5dcbea-29ed-4bf1-be70-d34edfac95eb,2026-07-05 06:49:58,2026-07-05 06:39:37,2026-07-05 06:49:58,2026-07-05 06:40:00,eth-updown-5m-1783233600,Up,0.50053782,6.00930003,12.00568627,0,-6.00930003,242.98581463
379,63a100fb-355c-4410-bbc4-1ae3b01502a6,2026-07-05 06:53:53,2026-07-05 06:44:38,2026-07-05 06:53:53,2026-07-05 06:45:00,eth-updown-5m-1783233900,Up,0.5,6.0093,12.0186,0,-6.0093,236.97651463
380,f56e8661-3e7d-478b-a219-7c05a3bf06e1,2026-07-05 06:59:50,2026-07-05 06:49:37,2026-07-05 06:59:50,2026-07-05 06:50:00,eth-updown-5m-1783234200,Up,0.52,6.0093,11.55634615,0,-6.0093,230.96721463
381,925d8508-3370-42f0-ad28-30085d25bc25,2026-07-05 07:05:05,2026-07-05 06:54:37,2026-07-05 07:05:05,2026-07-05 06:55:00,eth-updown-5m-1783234500,Up,0.53,6.0093,11.33830189,11.33830189,5.32900189,236.29621652
382,f0fe5878-ff43-46eb-b006-e750ee6eedf3,2026-07-05 07:10:02,2026-07-05 06:59:38,2026-07-05 07:10:02,2026-07-05 07:00:00,eth-updown-5m-1783234800,Up,0.51,6.0093,11.78294118,0,-6.0093,230.28691652
383,8f3fd427-0891-429b-b239-8f2cebf2996a,2026-07-05 07:17:38,2026-07-05 07:09:32,2026-07-05 07:17:38,2026-07-05 07:10:00,eth-updown-5m-1783235400,Up,0.51,6.0093,11.78294118,0,-6.0093,224.27761652
384,3ad6dd4a-dee2-4673-aa88-9273f7e5fbe7,2026-07-05 07:25:14,2026-07-05 07:14:33,2026-07-05 07:25:14,2026-07-05 07:15:00,eth-updown-5m-1783235700,Up,0.52,6.0093,11.55634615,11.55634615,5.54704615,229.82466267
385,dd35915e-c76c-41cc-9259-a9828313d9c2,2026-07-05 07:30:29,2026-07-05 07:19:32,2026-07-05 07:30:29,2026-07-05 07:20:00,eth-updown-5m-1783236000,Up,0.53,6.0093,11.33830189,11.33830189,5.32900189,235.15366456
386,12c2fe2b-343f-4cda-bee4-8438a523278a,2026-07-05 07:34:54,2026-07-05 07:24:38,2026-07-05 07:34:54,2026-07-05 07:25:00,eth-updown-5m-1783236300,Up,0.51,6.0093,11.78294118,0,-6.0093,229.14436456
387,79322df1-bd20-4255-a0f3-3503ea42a40b,2026-07-05 07:39:48,2026-07-05 07:29:36,2026-07-05 07:39:48,2026-07-05 07:30:00,eth-updown-5m-1783236600,Up,0.53,6.0093,11.33830189,11.33830189,5.32900189,234.47336645
388,4262b64d-1f74-4451-9667-75987c808285,2026-07-05 07:42:22,2026-07-05 07:34:36,2026-07-05 07:42:22,2026-07-05 07:35:00,eth-updown-5m-1783236900,Up,0.49,6.0093,12.26387755,12.26387755,6.25457755,240.727944
389,4cf68f1c-c07f-4e3a-b2fa-4c73cbd5b7c2,2026-07-05 07:49:43,2026-07-05 07:39:35,2026-07-05 07:49:43,2026-07-05 07:40:00,eth-updown-5m-1783237200,Up,0.48595663,6.00930002,12.36591837,12.36591837,6.35661835,247.08456235
390,4e0a9daa-49a8-4713-be76-4aed115bac01,2026-07-05 07:54:39,2026-07-05 07:44:35,2026-07-05 07:54:39,2026-07-05 07:45:00,eth-updown-5m-1783237500,Up,0.5,6.0093,12.0186,0,-6.0093,241.07526235
391,f51f5e57-7b63-4908-9839-834b344cb3d5,2026-07-05 07:59:55,2026-07-05 07:49:39,2026-07-05 07:59:55,2026-07-05 07:50:00,eth-updown-5m-1783237800,Up,0.49,6.0093,12.26387755,12.26387755,6.25457755,247.3298399
392,89c5afa6-5abd-4662-84cb-3f94c214aa9d,2026-07-05 08:05:04,2026-07-05 07:54:36,2026-07-05 08:05:04,2026-07-05 07:55:00,eth-updown-5m-1783238100,Up,0.48,6.0093,12.519375,12.519375,6.510075,253.8399149
393,1d7d54d4-b592-43bd-a3c9-5f97222228e7,2026-07-05 08:09:56,2026-07-05 07:59:37,2026-07-05 08:09:56,2026-07-05 08:00:00,eth-updown-5m-1783238400,Up,0.47,6.0093,12.78574468,0,-6.0093,247.8306149
394,5752e1f4-ad06-4590-a8f0-85430a84ec37,2026-07-05 08:14:52,2026-07-05 08:04:39,2026-07-05 08:14:52,2026-07-05 08:05:00,eth-updown-5m-1783238700,Up,0.49,6.0093,12.26387755,0,-6.0093,241.8213149
395,d5ba919b-cfdf-4322-9e15-89997948e422,2026-07-05 08:20:05,2026-07-05 08:09:35,2026-07-05 08:20:05,2026-07-05 08:10:00,eth-updown-5m-1783239000,Up,0.51,6.0093,11.78294118,11.78294118,5.77364118,247.59495608
396,0edb068f-1d41-42c6-b460-ba8786542f82,2026-07-05 08:24:42,2026-07-05 08:14:38,2026-07-05 08:24:42,2026-07-05 08:15:00,eth-updown-5m-1783239300,Up,0.49056311,6.00929998,12.2498,0,-6.00929998,241.5856561
397,f0e693a4-5b87-4dde-a186-4de9bb15212e,2026-07-05 08:29:58,2026-07-05 08:19:38,2026-07-05 08:29:58,2026-07-05 08:20:00,eth-updown-5m-1783239600,Up,0.50662771,6.00930001,11.86137255,0,-6.00930001,235.57635609
398,9700fcac-ce59-4221-bb3d-98630188e049,2026-07-05 08:35:02,2026-07-05 08:24:38,2026-07-05 08:35:02,2026-07-05 08:25:00,eth-updown-5m-1783239900,Up,0.51,6.0093,11.78294118,0,-6.0093,229.56705609
399,efd789d5-ac27-4ce9-8e6f-4c7789755be9,2026-07-05 08:40:06,2026-07-05 08:29:38,2026-07-05 08:40:06,2026-07-05 08:30:00,eth-updown-5m-1783240200,Up,0.51,6.0093,11.78294118,11.78294118,5.77364118,235.34069727
400,0f10ba36-06a2-402a-8678-e7334af55c6d,2026-07-05 08:44:37,2026-07-05 08:34:39,2026-07-05 08:44:37,2026-07-05 08:35:00,eth-updown-5m-1783240500,Up,0.51,6.0093,11.78294118,0,-6.0093,229.33139727
401,cd57a4c0-c475-42fb-a127-a8e28a656a6f,2026-07-05 08:48:21,2026-07-05 08:39:40,2026-07-05 08:48:21,2026-07-05 08:40:00,eth-updown-5m-1783240800,Up,0.51216744,6.00929997,11.73307692,11.73307692,5.72377695,235.05517422
402,bc8674bb-c7a0-4102-9af1-46708bc12e5b,2026-07-05 08:54:41,2026-07-05 08:44:36,2026-07-05 08:54:41,2026-07-05 08:45:00,eth-updown-5m-1783241100,Up,0.52,6.0093,11.55634615,11.55634615,5.54704615,240.60222037
403,1821fd54-2da7-4282-b73b-0ed34f8988cc,2026-07-05 09:00:09,2026-07-05 08:49:38,2026-07-05 09:00:09,2026-07-05 08:50:00,eth-updown-5m-1783241400,Up,0.47,6.0093,12.78574468,0,-6.0093,234.59292037
404,9176141f-11a4-49ba-b266-80f1eab7b983,2026-07-05 09:02:40,2026-07-05 08:54:40,2026-07-05 09:02:40,2026-07-05 08:55:00,eth-updown-5m-1783241700,Up,0.51,6.0093,11.78294118,0,-6.0093,228.58362037
405,9ef37d0c-dcc1-401d-a905-d0007200db78,2026-07-05 09:09:59,2026-07-05 08:59:39,2026-07-05 09:09:59,2026-07-05 09:00:00,eth-updown-5m-1783242000,Up,0.51,6.0093,11.78294118,0,-6.0093,222.57432037
406,22ffaa3d-d250-4375-978b-9ccb2a9cb9a0,2026-07-05 09:14:53,2026-07-05 09:04:40,2026-07-05 09:14:53,2026-07-05 09:05:00,eth-updown-5m-1783242300,Up,0.54,6.0093,11.12833333,11.12833333,5.11903333,227.6933537
407,5c18f1d6-2b96-4bb5-884b-31b7409db809,2026-07-05 09:19:51,2026-07-05 09:09:39,2026-07-05 09:19:51,2026-07-05 09:10:00,eth-updown-5m-1783242600,Up,0.53,6.0093,11.33830189,0,-6.0093,221.6840537
408,708c121c-a3de-40b8-b3f8-2191f4e5d7a2,2026-07-05 09:25:08,2026-07-05 09:14:38,2026-07-05 09:25:08,2026-07-05 09:15:00,eth-updown-5m-1783242900,Up,0.52562656,6.00930003,11.43264151,11.43264151,5.42334148,227.10739518
409,2b2f11af-bdbc-4202-a4c6-426d153f07c7,2026-07-05 09:30:03,2026-07-05 09:19:39,2026-07-05 09:30:03,2026-07-05 09:20:00,eth-updown-5m-1783243200,Up,0.53,6.0093,11.33830189,0,-6.0093,221.09809518
410,a4580563-4901-4d71-8849-5055a76a34b5,2026-07-05 09:35:21,2026-07-05 09:24:39,2026-07-05 09:35:21,2026-07-05 09:25:00,eth-updown-5m-1783243500,Up,0.55056329,6.0093,10.91482143,0,-6.0093,215.08879518
411,caeda4bb-fd82-4b57-8a3b-b13e43e6f7af,2026-07-05 09:40:04,2026-07-05 09:29:39,2026-07-05 09:40:04,2026-07-05 09:30:00,eth-updown-5m-1783243800,Up,0.56,6.0093,10.73089286,0,-6.0093,209.07949518
412,98da40b7-c789-4b96-ba1f-7278136dcd56,2026-07-05 09:43:57,2026-07-05 09:34:39,2026-07-05 09:43:57,2026-07-05 09:35:00,eth-updown-5m-1783244100,Up,0.55,6.0093,10.926,0,-6.0093,203.07019518
413,e9f92030-0c19-471a-95dd-090e49e50b2b,2026-07-05 09:49:54,2026-07-05 09:39:38,2026-07-05 09:49:54,2026-07-05 09:40:00,eth-updown-5m-1783244400,Up,0.54449103,6.0093,11.03654545,0,-6.0093,197.06089518
414,7da60f26-d7a6-401a-8171-3cc0735ec483,2026-07-05 10:19:24,2026-07-05 10:09:38,2026-07-05 10:19:24,2026-07-05 10:10:00,eth-updown-5m-1783246200,Up,0.49,6.0093,12.26387755,12.26387755,6.25457755,203.31547273
415,3205512e-c318-4f23-944e-a321e7044502,2026-07-05 10:25:18,2026-07-05 10:14:30,2026-07-05 10:25:18,2026-07-05 10:15:00,eth-updown-5m-1783246500,Up,0.5,6.0093,12.0186,12.0186,6.0093,209.32477273
416,1038f3d1-1fa8-4713-be53-a85df2b031e3,2026-07-05 10:30:00,2026-07-05 10:19:34,2026-07-05 10:30:00,2026-07-05 10:20:00,eth-updown-5m-1783246800,Up,0.51,6.0093,11.78294118,11.78294118,5.77364118,215.09841391
417,8ad28b5c-c724-4e07-b22e-66cce9bd89c3,2026-07-05 10:35:23,2026-07-05 10:24:35,2026-07-05 10:35:23,2026-07-05 10:25:00,eth-updown-5m-1783247100,Up,0.5,6.0093,12.0186,0,-6.0093,209.08911391
418,be8808aa-c693-4d88-bc4d-978dd6b97f6e,2026-07-05 10:39:41,2026-07-05 10:29:38,2026-07-05 10:39:41,2026-07-05 10:30:00,eth-updown-5m-1783247400,Up,0.5,6.0093,12.0186,12.0186,6.0093,215.09841391
419,016ea262-339c-4177-902f-664fa266a6bf,2026-07-05 10:45:30,2026-07-05 10:34:33,2026-07-05 10:45:30,2026-07-05 10:35:00,eth-updown-5m-1783247700,Up,0.51,6.0093,11.78294118,11.78294118,5.77364118,220.87205509
420,c212daf3-bcbd-448a-af01-39140bfa2882,2026-07-05 10:49:43,2026-07-05 10:39:37,2026-07-05 10:49:43,2026-07-05 10:40:00,eth-updown-5m-1783248000,Up,0.5,6.0093,12.0186,0,-6.0093,214.86275509
421,2f94de5d-c36c-4243-aa46-bd037614d38b,2026-07-05 10:54:42,2026-07-05 10:44:37,2026-07-05 10:54:42,2026-07-05 10:45:00,eth-updown-5m-1783248300,Up,0.49937675,6.00930006,12.0336,12.0336,6.02429994,220.88705503
422,2c621c23-d192-4ee8-9904-a23c4d9e6777,2026-07-05 10:59:53,2026-07-05 10:49:39,2026-07-05 10:59:53,2026-07-05 10:50:00,eth-updown-5m-1783248600,Up,0.49,6.0093,12.26387755,12.26387755,6.25457755,227.14163258
423,3572850d-bfaf-4c8a-8c52-b4bbe6f3583f,2026-07-05 11:04:58,2026-07-05 10:54:37,2026-07-05 11:04:58,2026-07-05 10:55:00,eth-updown-5m-1783248900,Up,0.48,6.0093,12.519375,12.519375,6.510075,233.65170758
424,de6de457-ee90-4231-97c9-6f0fe6c7546e,2026-07-05 11:09:54,2026-07-05 10:59:37,2026-07-05 11:09:54,2026-07-05 11:00:00,eth-updown-5m-1783249200,Up,0.49,6.0093,12.26387755,12.26387755,6.25457755,239.90628513
425,9e958386-7180-4d89-9c01-047042c0ce9e,2026-07-05 11:14:46,2026-07-05 11:04:39,2026-07-05 11:14:46,2026-07-05 11:05:00,eth-updown-5m-1783249500,Up,0.47000862,6.00930001,12.7855102,12.7855102,6.77621019,246.68249532
426,3b937865-5516-4525-a103-1314dae2833b,2026-07-05 11:19:51,2026-07-05 11:09:38,2026-07-05 11:19:51,2026-07-05 11:10:00,eth-updown-5m-1783249800,Up,0.5,6.0093,12.0186,12.0186,6.0093,252.69179532
427,60c00fd8-a392-4dac-b458-59f080973257,2026-07-05 11:30:02,2026-07-05 11:19:38,2026-07-05 11:30:02,2026-07-05 11:20:00,eth-updown-5m-1783250400,Up,0.5,6.0093,12.0186,0,-6.0093,246.68249532
428,bac30b19-e3c9-427c-84fd-e98bdfb05cc7,2026-07-05 11:39:55,2026-07-05 11:29:38,2026-07-05 11:39:55,2026-07-05 11:30:00,eth-updown-5m-1783251000,Up,0.52,6.0093,11.55634615,11.55634615,5.54704615,252.22954147
429,d3a70e55-c03a-41d2-8cbf-0695c9ee8bbb,2026-07-05 11:42:50,2026-07-05 11:34:37,2026-07-05 11:42:50,2026-07-05 11:35:00,eth-updown-5m-1783251300,Up,0.5,6.0093,12.0186,12.0186,6.0093,258.23884147
430,df29a4b7-3245-44b8-bf6d-3d38f76a983b,2026-07-05 11:49:54,2026-07-05 11:39:37,2026-07-05 11:49:54,2026-07-05 11:40:00,eth-updown-5m-1783251600,Up,0.49,6.0093,12.26387755,0,-6.0093,252.22954147
431,27fc214d-911b-4c05-ba35-f9e3a5809ac7,2026-07-05 11:54:55,2026-07-05 11:44:37,2026-07-05 11:54:55,2026-07-05 11:45:00,eth-updown-5m-1783251900,Up,0.5,6.0093,12.0186,0,-6.0093,246.22024147
432,55c04d21-9ac3-47ff-8e2d-7a74d5f5dfaa,2026-07-05 11:59:42,2026-07-05 11:49:36,2026-07-05 11:59:42,2026-07-05 11:50:00,eth-updown-5m-1783252200,Up,0.51,6.0093,11.78294118,0,-6.0093,240.21094147
433,1f225957-88c3-44cd-a730-fb30b1bb2ac2,2026-07-05 12:05:29,2026-07-05 11:54:38,2026-07-05 12:05:29,2026-07-05 11:55:00,eth-updown-5m-1783252500,Up,0.52562656,6.00930003,11.43264151,11.43264151,5.42334148,245.63428295
434,8c02861f-0b4a-4961-86e8-e22fe5642a5c,2026-07-05 12:10:18,2026-07-05 11:59:30,2026-07-05 12:10:18,2026-07-05 12:00:00,eth-updown-5m-1783252800,Up,0.51148839,6.00930004,11.74865385,0,-6.00930004,239.62498291
435,62731ffa-30e2-44de-8fa4-4e5c40b61aec,2026-07-05 12:15:25,2026-07-05 12:04:37,2026-07-05 12:15:25,2026-07-05 12:05:00,eth-updown-5m-1783253100,Up,0.54,6.0093,11.12833333,11.12833333,5.11903333,244.74401624
436,e76bbe72-84de-4d99-aab5-e71642dc6183,2026-07-05 12:20:01,2026-07-05 12:09:38,2026-07-05 12:20:01,2026-07-05 12:10:00,eth-updown-5m-1783253400,Up,0.53,6.0093,11.33830189,11.33830189,5.32900189,250.07301813
437,ae9ab7b1-cedc-40dd-a3c5-36756bf2bf1f,2026-07-05 12:25:21,2026-07-05 12:14:30,2026-07-05 12:25:21,2026-07-05 12:15:00,eth-updown-5m-1783253700,Up,0.51,6.0093,11.78294118,11.78294118,5.77364118,255.84665931
438,edaf3796-4d3b-41a7-96a7-2eefeff0e163,2026-07-05 12:30:34,2026-07-05 12:19:30,2026-07-05 12:30:34,2026-07-05 12:20:00,eth-updown-5m-1783254000,Up,0.49,6.0093,12.26387755,12.26387755,6.25457755,262.10123686
439,db83daf2-2b7f-4abf-9f30-578476828805,2026-07-05 12:34:12,2026-07-05 12:24:30,2026-07-05 12:34:12,2026-07-05 12:25:00,eth-updown-5m-1783254300,Up,0.48,6.0093,12.519375,12.519375,6.510075,268.61131186
440,ff960f05-7f30-4dcc-ab3f-b0aa41024b04,2026-07-05 12:40:13,2026-07-05 12:29:30,2026-07-05 12:40:13,2026-07-05 12:30:00,eth-updown-5m-1783254600,Up,0.48014822,6.00929994,12.5155102,0,-6.00929994,262.60201192
441,5619ca65-f063-4463-9952-b961d640d230,2026-07-05 12:45:25,2026-07-05 12:34:30,2026-07-05 12:45:25,2026-07-05 12:35:00,eth-updown-5m-1783254900,Up,0.49,6.0093,12.26387755,12.26387755,6.25457755,268.85658947
442,8b6a8372-1303-46a4-a0d3-86b3c052dc09,2026-07-05 12:47:05,2026-07-05 12:39:31,2026-07-05 12:47:05,2026-07-05 12:40:00,eth-updown-5m-1783255200,Up,0.5,6.0093,12.0186,0,-6.0093,262.84728947
443,73997fc0-ef5d-46bf-a4f5-582cd6b4bb5b,2026-07-05 12:55:23,2026-07-05 12:44:31,2026-07-05 12:55:23,2026-07-05 12:45:00,eth-updown-5m-1783255500,Up,0.49,6.0093,12.26387755,12.26387755,6.25457755,269.10186702
444,261b887f-74c3-4cf0-a130-9c8cd51f8c5b,2026-07-05 13:00:15,2026-07-05 12:49:30,2026-07-05 13:00:15,2026-07-05 12:50:00,eth-updown-5m-1783255800,Up,0.48197944,6.00929998,12.46795918,0,-6.00929998,263.09256704
445,0b2ec744-fab6-4e55-8599-03d4d8e197bc,2026-07-05 13:05:40,2026-07-05 12:54:30,2026-07-05 13:05:40,2026-07-05 12:55:00,eth-updown-5m-1783256100,Up,0.49,6.0093,12.26387755,0,-6.0093,257.08326704
446,ca96f4d2-fd17-4f1f-ab0c-cc2a53750eaf,2026-07-05 13:13:22,2026-07-05 13:04:30,2026-07-05 13:13:22,2026-07-05 13:05:00,eth-updown-5m-1783256700,Up,0.5,6.0093,12.0186,12.0186,6.0093,263.09256704
447,dba5dea0-e05c-4c0f-a920-56d1e26b3805,2026-07-05 13:19:31,2026-07-05 13:09:30,2026-07-05 13:19:31,2026-07-05 13:10:00,eth-updown-5m-1783257000,Up,0.49,6.0093,12.26387755,0,-6.0093,257.08326704
448,5e2407db-efea-4143-bd08-aa340e100ce4,2026-07-05 13:23:37,2026-07-05 13:14:30,2026-07-05 13:23:37,2026-07-05 13:15:00,eth-updown-5m-1783257300,Up,0.49,6.0093,12.26387755,12.26387755,6.25457755,263.33784459
449,55e604b0-a842-480c-93f5-29de08d7643a,2026-07-05 13:29:34,2026-07-05 13:19:31,2026-07-05 13:29:34,2026-07-05 13:20:00,eth-updown-5m-1783257600,Up,0.48,6.0093,12.519375,0,-6.0093,257.32854459
450,3486a9fd-877b-420a-ab30-0fb22da28e5d,2026-07-05 13:35:10,2026-07-05 13:24:31,2026-07-05 13:35:10,2026-07-05 13:25:00,eth-updown-5m-1783257900,Up,0.5,6.0093,12.0186,0,-6.0093,251.31924459
451,3140d4c3-da7f-42bf-a1b3-4aee3ded79ff,2026-07-05 13:40:03,2026-07-05 13:29:30,2026-07-05 13:40:03,2026-07-05 13:30:00,eth-updown-5m-1783258200,Up,0.51065253,6.00930005,11.76788462,0,-6.00930005,245.30994454
452,5f90e8e6-84d3-4dca-b945-c7a29443edaa,2026-07-05 13:41:40,2026-07-05 13:34:31,2026-07-05 13:41:40,2026-07-05 13:35:00,eth-updown-5m-1783258500,Up,0.52,6.0093,11.55634615,11.55634615,5.54704615,250.85699069
453,731491e3-2592-49d2-a783-aa21ef87b456,2026-07-05 13:49:09,2026-07-05 13:39:30,2026-07-05 13:49:09,2026-07-05 13:40:00,eth-updown-5m-1783258800,Up,0.52,6.0093,11.55634615,11.55634615,5.54704615,256.40403684
454,8422f518-4c82-4f4e-994f-b76268d0ef8f,2026-07-05 13:55:35,2026-07-05 13:44:31,2026-07-05 13:55:35,2026-07-05 13:45:00,eth-updown-5m-1783259100,Up,0.5,6.0093,12.0186,12.0186,6.0093,262.41333684
455,a95af638-8be9-4176-9094-b174794195dd,2026-07-05 14:04:15,2026-07-05 13:54:31,2026-07-05 14:04:15,2026-07-05 13:55:00,eth-updown-5m-1783259700,Up,0.49587411,6.00929999,12.1186,12.1186,6.10930001,268.52263685
456,70c32db3-fedc-4cc1-990b-404c1f8b6702,2026-07-05 14:10:22,2026-07-05 13:59:30,2026-07-05 14:10:22,2026-07-05 14:00:00,eth-updown-5m-1783260000,Up,0.49181576,6.00930005,12.2186,0,-6.00930005,262.5133368
457,12a484a5-44e8-47a1-a8cf-2b4c4b8d4c65,2026-07-05 14:15:25,2026-07-05 14:04:30,2026-07-05 14:15:25,2026-07-05 14:05:00,eth-updown-5m-1783260300,Up,0.5,6.0093,12.0186,12.0186,6.0093,268.5226368
458,216a9d63-c336-468b-8974-8b06a8750d73,2026-07-05 14:19:47,2026-07-05 14:09:30,2026-07-05 14:19:47,2026-07-05 14:10:00,eth-updown-5m-1783260600,Up,0.49,6.0093,12.26387755,12.26387755,6.25457755,274.77721435
459,844f428e-2abd-42a2-85bd-5572f5e53ca4,2026-07-05 14:25:18,2026-07-05 14:14:30,2026-07-05 14:25:18,2026-07-05 14:15:00,eth-updown-5m-1783260900,Up,0.48061845,6.00929999,12.50326531,0,-6.00929999,268.76791436
460,f843eec6-c11d-40a0-af37-460005a55b20,2026-07-05 14:30:14,2026-07-05 14:19:30,2026-07-05 14:30:14,2026-07-05 14:20:00,eth-updown-5m-1783261200,Up,0.51,6.0093,11.78294118,11.78294118,5.77364118,274.54155554
461,1efa4da4-f798-458b-acc1-bf0c123e8c80,2026-07-05 14:35:40,2026-07-05 14:24:36,2026-07-05 14:35:40,2026-07-05 14:25:00,eth-updown-5m-1783261500,Up,0.5,6.0093,12.0186,12.0186,6.0093,280.55085554
462,b2907cd8-541b-48af-8734-8415d74f725c,2026-07-05 14:39:47,2026-07-05 14:29:30,2026-07-05 14:39:47,2026-07-05 14:30:00,eth-updown-5m-1783261800,Up,0.49,6.0093,12.26387755,0,-6.0093,274.54155554
463,6bdae264-2bff-40f7-a0af-a86fa1dcc96a,2026-07-05 14:45:28,2026-07-05 14:34:30,2026-07-05 14:45:28,2026-07-05 14:35:00,eth-updown-5m-1783262100,Up,0.51,6.0093,11.78294118,11.78294118,5.77364118,280.31519672
464,d7e9939d-52d1-4b77-a02c-0e34e1809152,2026-07-05 14:47:04,2026-07-05 14:39:30,2026-07-05 14:47:04,2026-07-05 14:40:00,eth-updown-5m-1783262400,Up,0.49,6.0093,12.26387755,0,-6.0093,274.30589672
465,48f40ed0-6b6c-4f50-b2bd-680a06669b66,2026-07-05 14:55:23,2026-07-05 14:44:31,2026-07-05 14:55:23,2026-07-05 14:45:00,eth-updown-5m-1783262700,Up,0.48595663,6.00930002,12.36591837,0,-6.00930002,268.2965967
466,0240bb1a-041c-4451-84fa-289a76229605,2026-07-05 15:00:17,2026-07-05 14:49:30,2026-07-05 15:00:17,2026-07-05 14:50:00,eth-updown-5m-1783263000,Up,0.49,6.0093,12.26387755,12.26387755,6.25457755,274.55117425
467,90e66c13-29cd-419b-87da-6a621a354ecb,2026-07-05 15:05:31,2026-07-05 14:54:32,2026-07-05 15:05:31,2026-07-05 14:55:00,eth-updown-5m-1783263300,Up,0.48,6.0093,12.519375,12.519375,6.510075,281.06124925
468,3f5a1e73-5f7c-461a-ab74-220f00b5abbc,2026-07-05 15:07:13,2026-07-05 14:59:30,2026-07-05 15:07:13,2026-07-05 15:00:00,eth-updown-5m-1783263600,Up,0.47,6.0093,12.78574468,12.78574468,6.77644468,287.83769393
469,c22ad329-0a62-48db-b35e-d343210a7436,2026-07-05 15:30:24,2026-07-05 15:19:30,2026-07-05 15:30:24,2026-07-05 15:20:00,eth-updown-5m-1783264800,Up,0.5,6.0093,12.0186,0,-6.0093,281.82839393
470,4a0abbd4-d1e5-4d29-a39e-1a119fadea22,2026-07-05 15:35:27,2026-07-05 15:24:30,2026-07-05 15:35:27,2026-07-05 15:25:00,eth-updown-5m-1783265100,Up,0.5,6.0093,12.0186,12.0186,6.0093,287.83769393
471,905af138-2f5b-48cc-9c2d-b2d47d8bc87c,2026-07-05 15:50:04,2026-07-05 15:39:31,2026-07-05 15:50:04,2026-07-05 15:40:00,eth-updown-5m-1783266000,Up,0.49121273,6.00930005,12.2336,0,-6.00930005,281.82839388
472,2d4c91e2-aa60-4bfe-8983-161dab0bf4fb,2026-07-05 15:55:20,2026-07-05 15:44:31,2026-07-05 15:55:20,2026-07-05 15:45:00,eth-updown-5m-1783266300,Up,0.52,6.0093,11.55634615,11.55634615,5.54704615,287.37544003
473,5debe1d7-bdeb-4e9d-acb6-74ff54dcd044,2026-07-05 15:59:29,2026-07-05 15:49:30,2026-07-05 15:59:29,2026-07-05 15:50:00,eth-updown-5m-1783266600,Up,0.52,6.0093,11.55634615,11.55634615,5.54704615,292.92248618
474,782463fa-d601-40f5-a434-1ade400129d9,2026-07-05 16:05:10,2026-07-05 15:54:30,2026-07-05 16:05:10,2026-07-05 15:55:00,eth-updown-5m-1783266900,Up,0.5,6.0093,12.0186,12.0186,6.0093,298.93178618
475,786059d0-ec45-4507-89da-9a4dd0949dbc,2026-07-05 16:20:03,2026-07-05 16:09:31,2026-07-05 16:20:03,2026-07-05 16:10:00,eth-updown-5m-1783267800,Up,0.5,6.0093,12.0186,12.0186,6.0093,304.94108618
476,98c975d2-6bc2-49c9-84ac-670fdf0806e0,2026-07-05 16:25:30,2026-07-05 16:14:30,2026-07-05 16:25:30,2026-07-05 16:15:00,eth-updown-5m-1783268100,Up,0.5,6.0093,12.0186,0,-6.0093,298.93178618
477,8e328900-1dcb-40c2-8cdf-aa728df837ac,2026-07-05 16:30:37,2026-07-05 16:19:30,2026-07-05 16:30:37,2026-07-05 16:20:00,eth-updown-5m-1783268400,Up,0.51,6.0093,11.78294118,0,-6.0093,292.92248618
478,ba8ec4a9-3ab8-4c09-b686-8bc0f05a39d8,2026-07-05 16:35:15,2026-07-05 16:24:30,2026-07-05 16:35:15,2026-07-05 16:25:00,eth-updown-5m-1783268700,Up,0.51,6.0093,11.78294118,0,-6.0093,286.91318618
479,19d1c6d1-0511-4807-a477-4399a3845e4c,2026-07-05 16:39:31,2026-07-05 16:29:31,2026-07-05 16:39:31,2026-07-05 16:30:00,eth-updown-5m-1783269000,Up,0.52,6.0093,11.55634615,11.55634615,5.54704615,292.46023233
480,78986877-4ebb-4adf-9202-c9e0818b8009,2026-07-05 16:45:56,2026-07-05 16:34:30,2026-07-05 16:45:56,2026-07-05 16:35:00,eth-updown-5m-1783269300,Up,0.52,6.0093,11.55634615,0,-6.0093,286.45093233
481,bd1a3a8c-3a41-450f-8a05-6007cc0678d9,2026-07-05 16:49:28,2026-07-05 16:39:30,2026-07-05 16:49:28,2026-07-05 16:40:00,eth-updown-5m-1783269600,Up,0.52,6.0093,11.55634615,0,-6.0093,280.44163233
482,17b76e6b-19db-4926-a2fc-d92934c538a8,2026-07-05 16:55:10,2026-07-05 16:44:31,2026-07-05 16:55:10,2026-07-05 16:45:00,eth-updown-5m-1783269900,Up,0.53,6.0093,11.33830189,11.33830189,5.32900189,285.77063422
483,f25d0e94-6e56-40f4-91ab-5d5e958289b4,2026-07-05 17:00:11,2026-07-05 16:49:30,2026-07-05 17:00:11,2026-07-05 16:50:00,eth-updown-5m-1783270200,Up,0.52,6.0093,11.55634615,11.55634615,5.54704615,291.31768037
484,6efd9091-1309-4f71-a2fa-3970eac499ef,2026-07-05 17:05:06,2026-07-05 16:54:30,2026-07-05 17:05:06,2026-07-05 16:55:00,eth-updown-5m-1783270500,Up,0.52,6.0093,11.55634615,11.55634615,5.54704615,296.86472652
485,1c7b7b25-eaf0-4d96-92a2-7a6fb857c268,2026-07-05 17:10:12,2026-07-05 16:59:30,2026-07-05 17:10:12,2026-07-05 17:00:00,eth-updown-5m-1783270800,Up,0.49,6.0093,12.26387755,12.26387755,6.25457755,303.11930407
486,55c820b3-61a3-45dc-a174-a940a238c7cf,2026-07-05 17:40:05,2026-07-05 17:29:30,2026-07-05 17:40:05,2026-07-05 17:30:00,eth-updown-5m-1783272600,Up,0.51,6.0093,11.78294118,11.78294118,5.77364118,308.89294525
487,44f5359a-e2b5-4c12-94e1-2a5c4eaf6e02,2026-07-05 17:45:18,2026-07-05 17:34:30,2026-07-05 17:45:18,2026-07-05 17:35:00,eth-updown-5m-1783272900,Up,0.5,6.0093,12.0186,12.0186,6.0093,314.90224525
488,912d95be-50bb-4701-84a4-2e25b734baac,2026-07-05 17:55:02,2026-07-05 17:44:30,2026-07-05 17:55:02,2026-07-05 17:45:00,eth-updown-5m-1783273500,Up,0.51,6.0093,11.78294118,11.78294118,5.77364118,320.67588643
489,fa9c6b4b-c29c-46f7-8f4e-2d3ab63447c9,2026-07-05 18:04:42,2026-07-05 17:54:30,2026-07-05 18:04:42,2026-07-05 17:55:00,eth-updown-5m-1783274100,Up,0.52,6.0093,11.55634615,11.55634615,5.54704615,326.22293258
490,c80f2465-be98-4759-baec-8b0a05f4de49,2026-07-05 18:15:25,2026-07-05 18:04:30,2026-07-05 18:15:25,2026-07-05 18:05:00,eth-updown-5m-1783274700,Up,0.5,6.0093,12.0186,0,-6.0093,320.21363258
491,47e69c23-d62f-4aad-993d-5755422e8266,2026-07-05 18:20:13,2026-07-05 18:09:30,2026-07-05 18:20:13,2026-07-05 18:10:00,eth-updown-5m-1783275000,Up,0.51,6.0093,11.78294118,0,-6.0093,314.20433258
492,042c4a25-c41b-44d1-8a54-934ce3153af3,2026-07-05 18:23:47,2026-07-05 18:14:31,2026-07-05 18:23:47,2026-07-05 18:15:00,eth-updown-5m-1783275300,Up,0.51570908,6.00930005,11.6525,11.6525,5.64319995,319.84753253
493,c61e4c6a-540b-4105-9cb0-83d8b145d5fb,2026-07-05 18:29:28,2026-07-05 18:19:31,2026-07-05 18:29:28,2026-07-05 18:20:00,eth-updown-5m-1783275600,Up,0.5,6.0093,12.0186,0,-6.0093,313.83823253
494,62b962c0-a0b0-48e3-ab5f-16fe55307ef1,2026-07-06 06:00:15,2026-07-06 05:49:30,2026-07-06 06:00:15,2026-07-06 05:50:00,eth-updown-5m-1783317000,Up,0.51,6.0093,11.78294118,11.78294118,5.77364118,319.61187371
495,25cd1ac8-d7b6-43d7-a03d-22397bc818ce,2026-07-06 06:05:26,2026-07-06 05:54:30,2026-07-06 06:05:26,2026-07-06 05:55:00,eth-updown-5m-1783317300,Up,0.5,6.0093,12.0186,0,-6.0093,313.60257371
496,4aece64c-ce7b-4ed8-99a2-5f5166bfe830,2026-07-06 06:15:24,2026-07-06 06:04:30,2026-07-06 06:15:24,2026-07-06 06:05:00,eth-updown-5m-1783317900,Up,0.51,6.0093,11.78294118,0,-6.0093,307.59327371
497,9b86ddb8-deb7-4d08-97ca-e4f9d8e552d0,2026-07-06 06:20:31,2026-07-06 06:09:39,2026-07-06 06:20:31,2026-07-06 06:10:00,eth-updown-5m-1783318200,Up,0.51,6.0093,11.78294118,11.78294118,5.77364118,313.36691489
498,b457a998-070c-48f1-b104-2ac8752bdedc,2026-07-06 06:25:23,2026-07-06 06:14:31,2026-07-06 06:25:23,2026-07-06 06:15:00,eth-updown-5m-1783318500,Up,0.5,6.0093,12.0186,0,-6.0093,307.35761489
499,0839ce18-b80b-4ab8-bd2d-148bb06459e7,2026-07-06 06:30:33,2026-07-06 06:19:35,2026-07-06 06:30:33,2026-07-06 06:20:00,eth-updown-5m-1783318800,Up,0.51,6.0093,11.78294118,0,-6.0093,301.34831489
500,39a29f05-84b9-4870-be4a-0496cc9d6bca,2026-07-06 06:33:17,2026-07-06 06:24:36,2026-07-06 06:33:17,2026-07-06 06:25:00,eth-updown-5m-1783319100,Up,0.52,6.0093,11.55634615,11.55634615,5.54704615,306.89536104
501,b7d2ae46-101d-4227-a9a3-8cb62873fde7,2026-07-06 06:40:22,2026-07-06 06:29:34,2026-07-06 06:40:22,2026-07-06 06:30:00,eth-updown-5m-1783319400,Up,0.52,6.0093,11.55634615,0,-6.0093,300.88606104
502,0d30e4cc-7288-4953-b041-f698e0d2c937,2026-07-06 06:41:48,2026-07-06 06:34:36,2026-07-06 06:41:48,2026-07-06 06:35:00,eth-updown-5m-1783319700,Up,0.54,6.0093,11.12833333,11.12833333,5.11903333,306.00509437
503,396f5dba-01e7-4672-a9f1-96841e552be2,2026-07-06 06:46:57,2026-07-06 06:39:34,2026-07-06 06:46:57,2026-07-06 06:40:00,eth-updown-5m-1783320000,Up,0.5104023,6.0093,11.77365385,11.77365385,5.76435385,311.76944822
504,c5bc5151-9b71-491a-9452-1913c81586ce,2026-07-06 06:55:28,2026-07-06 06:44:30,2026-07-06 06:55:28,2026-07-06 06:45:00,eth-updown-5m-1783320300,Up,0.5,6.0093,12.0186,0,-6.0093,305.76014822
505,38e2fb46-bb6b-471a-95d7-a944efcc3afa,2026-07-06 06:59:23,2026-07-06 06:49:35,2026-07-06 06:59:23,2026-07-06 06:50:00,eth-updown-5m-1783320600,Up,0.5,6.0093,12.0186,0,-6.0093,299.75084822
506,7220bdc5-4836-4e5c-a202-211198f36537,2026-07-06 07:05:10,2026-07-06 06:54:35,2026-07-06 07:05:10,2026-07-06 06:55:00,eth-updown-5m-1783320900,Up,0.54546152,6.00929998,11.01690909,11.01690909,5.00760911,304.75845733
507,0af5c8a1-7a35-4303-914b-a73bb2e3281c,2026-07-06 07:07:52,2026-07-06 06:59:35,2026-07-06 07:07:52,2026-07-06 07:00:00,eth-updown-5m-1783321200,Up,0.53780735,6.00929998,11.1737037,0,-6.00929998,298.74915735
508,f8944c85-ca82-4243-8631-c33403ddeae8,2026-07-06 07:15:09,2026-07-06 07:04:36,2026-07-06 07:15:09,2026-07-06 07:05:00,eth-updown-5m-1783321500,Up,0.54,6.0093,11.12833333,11.12833333,5.11903333,303.86819068
509,5c70c50f-84b8-4feb-9294-3dc68684e71d,2026-07-06 07:20:14,2026-07-06 07:09:30,2026-07-06 07:20:14,2026-07-06 07:10:00,eth-updown-5m-1783321800,Up,0.52,6.0093,11.55634615,0,-6.0093,297.85889068
510,f2632233-a854-4c1d-a341-3187e97a4c58,2026-07-06 07:24:29,2026-07-06 07:14:30,2026-07-06 07:24:29,2026-07-06 07:15:00,eth-updown-5m-1783322100,Up,0.53,6.0093,11.33830189,11.33830189,5.32900189,303.18789257
511,e21e87e5-963c-42b6-b446-841de823ab39,2026-07-06 07:30:19,2026-07-06 07:19:30,2026-07-06 07:30:19,2026-07-06 07:20:00,eth-updown-5m-1783322400,Up,0.51570908,6.00930005,11.6525,11.6525,5.64319995,308.83109252
512,95b48749-5a06-4615-87e1-9d0564bfbc78,2026-07-06 07:34:21,2026-07-06 07:24:30,2026-07-06 07:34:21,2026-07-06 07:25:00,eth-updown-5m-1783322700,Up,0.49587411,6.00929999,12.1186,0,-6.00929999,302.82179253
513,c9297ef8-5e22-4b1a-8631-6b10947111d6,2026-07-06 07:39:14,2026-07-06 07:29:31,2026-07-06 07:39:14,2026-07-06 07:30:00,eth-updown-5m-1783323000,Up,0.49,6.0093,12.26387755,12.26387755,6.25457755,309.07637008
514,37c2cacd-e726-4686-96a9-e6a759570285,2026-07-06 07:43:11,2026-07-06 07:34:30,2026-07-06 07:43:11,2026-07-06 07:35:00,eth-updown-5m-1783323300,Up,0.5,6.0093,12.0186,12.0186,6.0093,315.08567008
515,97ba6ffa-5d60-41a6-8361-de494fdab081,2026-07-06 07:49:04,2026-07-06 07:39:30,2026-07-06 07:49:04,2026-07-06 07:40:00,eth-updown-5m-1783323600,Up,0.51,6.0093,11.78294118,11.78294118,5.77364118,320.85931126
516,72dad0d6-2c5a-47e7-9624-24b9d981380f,2026-07-06 07:55:26,2026-07-06 07:44:30,2026-07-06 07:55:26,2026-07-06 07:45:00,eth-updown-5m-1783323900,Up,0.48,6.0093,12.519375,0,-6.0093,314.85001126
517,e2c8dcbb-e507-44e2-92c3-4ceadf982304,2026-07-06 08:00:11,2026-07-06 07:49:31,2026-07-06 08:00:11,2026-07-06 07:50:00,eth-updown-5m-1783324200,Up,0.49,6.0093,12.26387755,0,-6.0093,308.84071126
518,7de04338-8697-40ac-820f-f07410c5a756,2026-07-06 08:04:48,2026-07-06 07:54:30,2026-07-06 08:04:48,2026-07-06 07:55:00,eth-updown-5m-1783324500,Up,0.51,6.0093,11.78294118,0,-6.0093,302.83141126
519,39460d28-728a-4fd6-a4c1-80450544a943,2026-07-06 08:10:12,2026-07-06 07:59:30,2026-07-06 08:10:12,2026-07-06 08:00:00,eth-updown-5m-1783324800,Up,0.51,6.0093,11.78294118,11.78294118,5.77364118,308.60505244
520,c59cba0d-0f31-40a0-9a64-70844009f6ad,2026-07-06 08:14:15,2026-07-06 08:04:30,2026-07-06 08:14:15,2026-07-06 08:05:00,eth-updown-5m-1783325100,Up,0.51,6.0093,11.78294118,0,-6.0093,302.59575244
521,e0dfb9e6-2ca0-4863-9d2b-e7b04a7bef19,2026-07-06 08:19:30,2026-07-06 08:09:30,2026-07-06 08:19:30,2026-07-06 08:10:00,eth-updown-5m-1783325400,Up,0.49,6.0093,12.26387755,0,-6.0093,296.58645244
522,5b084213-441b-44f9-93b8-e0b28aab25b3,2026-07-06 08:25:08,2026-07-06 08:14:30,2026-07-06 08:25:08,2026-07-06 08:15:00,eth-updown-5m-1783325700,Up,0.52,6.0093,11.55634615,0,-6.0093,290.57715244
523,1eb4832e-9b55-4431-a26f-b8d476ba5423,2026-07-06 08:30:27,2026-07-06 08:19:30,2026-07-06 08:30:27,2026-07-06 08:20:00,eth-updown-5m-1783326000,Up,0.53,6.0093,11.33830189,0,-6.0093,284.56785244
524,95c2232d-0414-4735-bfb5-3b6701c351ac,2026-07-06 08:33:14,2026-07-06 08:24:30,2026-07-06 08:33:14,2026-07-06 08:25:00,eth-updown-5m-1783326300,Up,0.53,6.0093,11.33830189,11.33830189,5.32900189,289.89685433
525,bbe0f3cb-1ccc-4f69-ac2e-52f8f8902441,2026-07-06 08:42:51,2026-07-06 08:34:30,2026-07-06 08:42:51,2026-07-06 08:35:00,eth-updown-5m-1783326900,Up,0.55,6.0093,10.926,0,-6.0093,283.88755433
526,82487a93-b43f-4b71-839d-fc175a1c0e5c,2026-07-06 08:50:45,2026-07-06 08:39:37,2026-07-06 08:50:45,2026-07-06 08:40:00,eth-updown-5m-1783327200,Up,0.58492873,6.00930001,10.27355932,10.27355932,4.26425931,288.15181364
527,72c5a37c-a51b-4a5c-8d98-856b5c4ce8f1,2026-07-06 08:54:19,2026-07-06 08:44:30,2026-07-06 08:54:19,2026-07-06 08:45:00,eth-updown-5m-1783327500,Up,0.54546152,6.00929998,11.01690909,0,-6.00929998,282.14251366
528,6c9c23d0-9c8c-4cef-aa18-f1497c103a0a,2026-07-06 09:00:28,2026-07-06 08:49:30,2026-07-06 09:00:28,2026-07-06 08:50:00,eth-updown-5m-1783327800,Up,0.55,6.0093,10.926,0,-6.0093,276.13321366
529,94fc8689-2b58-4aa2-833b-1326d65c7175,2026-07-06 09:05:32,2026-07-06 08:54:30,2026-07-06 09:05:32,2026-07-06 08:55:00,eth-updown-5m-1783328100,Up,0.53900341,6.00930002,11.14890909,11.14890909,5.13960907,281.27282273
530,8f44c6ca-d8fe-44f1-a8c4-abd9afc16089,2026-07-06 09:09:36,2026-07-06 08:59:30,2026-07-06 09:09:36,2026-07-06 09:00:00,eth-updown-5m-1783328400,Up,0.55,6.0093,10.926,0,-6.0093,275.26352273
531,cb8b9022-785a-4bed-bc04-2145bda4e80b,2026-07-06 09:15:03,2026-07-06 09:04:30,2026-07-06 09:15:03,2026-07-06 09:05:00,eth-updown-5m-1783328700,Up,0.55,6.0093,10.926,0,-6.0093,269.25422273
532,e5e7203e-3b44-4491-86f6-441e9353e8a4,2026-07-06 09:25:15,2026-07-06 09:14:30,2026-07-06 09:25:15,2026-07-06 09:15:00,eth-updown-5m-1783329300,Up,0.53660562,6.00929999,11.19872727,11.19872727,5.18942728,274.44365001
533,e8a5d2cc-bb07-4692-8b25-1d6842af8dc5,2026-07-06 09:27:27,2026-07-06 09:19:36,2026-07-06 09:27:27,2026-07-06 09:20:00,eth-updown-5m-1783329600,Up,0.54,6.0093,11.12833333,0,-6.0093,268.43435001
534,eb56bd8a-f7aa-4f0d-b0e1-631fa3421a7c,2026-07-06 09:33:11,2026-07-06 09:24:34,2026-07-06 09:33:11,2026-07-06 09:25:00,eth-updown-5m-1783329900,Up,0.55,6.0093,10.926,0,-6.0093,262.42505001
535,31b3f852-83a1-4681-bc1f-95b0f21c78b6,2026-07-06 09:39:54,2026-07-06 09:29:36,2026-07-06 09:39:54,2026-07-06 09:30:00,eth-updown-5m-1783330200,Up,0.55,6.0093,10.926,0,-6.0093,256.41575001
536,e211da55-96f8-478e-bfaf-fedf36215685,2026-07-06 09:44:43,2026-07-06 09:34:37,2026-07-06 09:44:43,2026-07-06 09:35:00,eth-updown-5m-1783330500,Up,0.56,6.0093,10.73089286,0,-6.0093,250.40645001
537,4aa7af79-28f1-413e-8bc3-e8ded3a6feff,2026-07-06 09:49:53,2026-07-06 09:39:35,2026-07-06 09:49:53,2026-07-06 09:40:00,eth-updown-5m-1783330800,Up,0.55,6.0093,10.926,10.926,4.9167,255.32315001
538,a42b4a2b-6b4e-4eb6-9224-f1a585c3aca3,2026-07-06 09:54:44,2026-07-06 09:44:38,2026-07-06 09:54:44,2026-07-06 09:45:00,eth-updown-5m-1783331100,Up,0.55,6.0093,10.926,0,-6.0093,249.31385001
539,e2d57dec-a63e-43b7-a189-dd9026fb0d5a,2026-07-06 10:00:16,2026-07-06 09:49:37,2026-07-06 10:00:16,2026-07-06 09:50:00,eth-updown-5m-1783331400,Up,0.54044886,6.00930001,11.11909091,11.11909091,5.1097909,254.42364091
540,1eea8605-c620-48f0-bb93-76843a2352bc,2026-07-06 10:05:03,2026-07-06 09:54:37,2026-07-06 10:05:03,2026-07-06 09:55:00,eth-updown-5m-1783331700,Up,0.52,6.0093,11.55634615,0,-6.0093,248.41434091
541,90a23cc1-2e40-47b1-9d4d-dcc8419cfc42,2026-07-06 10:09:27,2026-07-06 09:59:38,2026-07-06 10:09:27,2026-07-06 10:00:00,eth-updown-5m-1783332000,Up,0.55,6.0093,10.926,10.926,4.9167,253.33104091
542,1312f488-bfe6-45b7-a77f-32d02012626c,2026-07-06 10:13:51,2026-07-06 10:04:35,2026-07-06 10:13:51,2026-07-06 10:05:00,eth-updown-5m-1783332300,Up,0.49,6.0093,12.26387755,12.26387755,6.25457755,259.58561846
543,19c01029-2849-4280-8730-af4039a59c83,2026-07-06 10:20:04,2026-07-06 10:09:36,2026-07-06 10:20:04,2026-07-06 10:10:00,eth-updown-5m-1783332600,Up,0.47,6.0093,12.78574468,12.78574468,6.77644468,266.36206314
544,c0fa9995-911d-4ff5-8fa9-ab037786fad3,2026-07-06 10:24:34,2026-07-06 10:14:36,2026-07-06 10:24:34,2026-07-06 10:15:00,eth-updown-5m-1783332900,Up,0.46566056,6.00929999,12.90489362,12.90489362,6.89559363,273.25765677
545,e700298b-5107-4b9c-85f7-7d5885ff64b5,2026-07-06 10:30:55,2026-07-06 10:19:30,2026-07-06 10:30:55,2026-07-06 10:20:00,eth-updown-5m-1783333200,Up,0.47358497,6.00929995,12.68895833,12.68895833,6.67965838,279.93731515
546,43203ec5-8ebb-4360-be29-11b9643bce00,2026-07-06 10:33:21,2026-07-06 10:24:30,2026-07-06 10:33:21,2026-07-06 10:25:00,eth-updown-5m-1783333500,Up,0.46,6.0093,13.06369565,13.06369565,7.05439565,286.9917108
547,9c47805e-1948-4a8e-bcec-481e19452ac5,2026-07-06 10:40:27,2026-07-06 10:29:30,2026-07-06 10:40:27,2026-07-06 10:30:00,eth-updown-5m-1783333800,Up,0.46,6.0093,13.06369565,13.06369565,7.05439565,294.04610645
548,3fe23b07-b618-48a9-b7bd-a10aeffd2a97,2026-07-06 10:43:30,2026-07-06 10:34:30,2026-07-06 10:43:30,2026-07-06 10:35:00,eth-updown-5m-1783334100,Up,0.46,6.0093,13.06369565,13.06369565,7.05439565,301.1005021
549,ad80a44e-8cc3-4a01-8814-8452d74ceaf9,2026-07-06 10:50:36,2026-07-06 10:39:30,2026-07-06 10:50:36,2026-07-06 10:40:00,eth-updown-5m-1783334400,Up,0.44263418,6.00929999,13.57622222,0,-6.00929999,295.09120211
550,35ec616d-8860-4fd0-99ed-a5e5f04243b2,2026-07-06 10:55:07,2026-07-06 10:44:31,2026-07-06 10:55:07,2026-07-06 10:45:00,eth-updown-5m-1783334700,Up,0.46,6.0093,13.06369565,0,-6.0093,289.08190211
551,401703f7-7a07-44a5-8957-0e730aa171b1,2026-07-06 11:00:20,2026-07-06 10:49:30,2026-07-06 11:00:20,2026-07-06 10:50:00,eth-updown-5m-1783335000,Up,0.49,6.0093,12.26387755,0,-6.0093,283.07260211
552,852d38cc-4035-414a-a5a8-35789d2b54fb,2026-07-06 11:05:34,2026-07-06 10:54:30,2026-07-06 11:05:34,2026-07-06 10:55:00,eth-updown-5m-1783335300,Up,0.49,6.0093,12.26387755,12.26387755,6.25457755,289.32717966
553,e1155f73-5b74-4ea4-9dac-ae161426fb77,2026-07-06 11:10:23,2026-07-06 10:59:31,2026-07-06 11:10:23,2026-07-06 11:00:00,eth-updown-5m-1783335600,Up,0.5,6.0093,12.0186,0,-6.0093,283.31787966
554,c766e5a7-f3c5-43c8-960c-2857e893eba7,2026-07-06 11:15:28,2026-07-06 11:04:30,2026-07-06 11:15:28,2026-07-06 11:05:00,eth-updown-5m-1783335900,Up,0.51,6.0093,11.78294118,0,-6.0093,277.30857966
555,29f55e6b-6558-4970-b29e-50a1daf53f92,2026-07-06 11:20:23,2026-07-06 11:09:30,2026-07-06 11:20:23,2026-07-06 11:10:00,eth-updown-5m-1783336200,Up,0.51,6.0093,11.78294118,11.78294118,5.77364118,283.08222084
556,1d7c3b98-2260-45e4-a26f-5a3b524b6949,2026-07-06 11:25:07,2026-07-06 11:14:30,2026-07-06 11:25:07,2026-07-06 11:15:00,eth-updown-5m-1783336500,Up,0.52,6.0093,11.55634615,11.55634615,5.54704615,288.62926699
557,f1a54f68-7b1c-4f47-b8a4-1f52c5716dd9,2026-07-06 11:29:16,2026-07-06 11:19:30,2026-07-06 11:29:16,2026-07-06 11:20:00,eth-updown-5m-1783336800,Up,0.52,6.0093,11.55634615,0,-6.0093,282.61996699
558,55d16aed-9e8a-4a01-b5b0-ca9ec48c9448,2026-07-06 11:33:19,2026-07-06 11:24:30,2026-07-06 11:33:19,2026-07-06 11:25:00,eth-updown-5m-1783337100,Up,0.5,6.0093,12.0186,0,-6.0093,276.61066699
559,a6a002b5-a474-4630-8fa9-5f15e1a87d27,2026-07-06 11:40:06,2026-07-06 11:29:30,2026-07-06 11:40:06,2026-07-06 11:30:00,eth-updown-5m-1783337400,Up,0.51,6.0093,11.78294118,11.78294118,5.77364118,282.38430817
560,6ea8eb31-1912-46b8-8ade-50b3b0c9ea61,2026-07-06 11:45:20,2026-07-06 11:34:30,2026-07-06 11:45:20,2026-07-06 11:35:00,eth-updown-5m-1783337700,Up,0.5,6.0093,12.0186,0,-6.0093,276.37500817
561,59fd9e28-124d-4972-b399-454fbfbb63f9,2026-07-06 11:50:22,2026-07-06 11:39:30,2026-07-06 11:50:22,2026-07-06 11:40:00,eth-updown-5m-1783338000,Up,0.49181576,6.00930005,12.2186,12.2186,6.20929995,282.58430812
562,c169e56b-9d77-4a38-8a3b-2ea58eff3f78,2026-07-06 11:55:10,2026-07-06 11:44:30,2026-07-06 11:55:10,2026-07-06 11:45:00,eth-updown-5m-1783338300,Up,0.49,6.0093,12.26387755,0,-6.0093,276.57500812
563,d1329af2-7de6-4a75-91fd-c72c2193a9de,2026-07-06 12:00:21,2026-07-06 11:49:31,2026-07-06 12:00:21,2026-07-06 11:50:00,eth-updown-5m-1783338600,Up,0.51,6.0093,11.78294118,0,-6.0093,270.56570812
564,7268af2d-f1b3-49f5-aa74-718955696fbb,2026-07-06 12:05:17,2026-07-06 11:54:30,2026-07-06 12:05:17,2026-07-06 11:55:00,eth-updown-5m-1783338900,Up,0.51,6.0093,11.78294118,0,-6.0093,264.55640812
565,135159ba-b62f-459a-98cd-b49a054a4d41,2026-07-06 12:10:20,2026-07-06 11:59:34,2026-07-06 12:10:20,2026-07-06 12:00:00,eth-updown-5m-1783339200,Up,0.56,6.0093,10.73089286,0,-6.0093,258.54710812
566,3096b2c1-2748-43c5-8b46-af9c439e8921,2026-07-06 12:15:06,2026-07-06 12:04:37,2026-07-06 12:15:06,2026-07-06 12:05:00,eth-updown-5m-1783339500,Up,0.55,6.0093,10.926,10.926,4.9167,263.46380812
567,7f7ec69e-f143-49c9-9215-63558dd39a98,2026-07-06 12:19:49,2026-07-06 12:09:37,2026-07-06 12:19:49,2026-07-06 12:10:00,eth-updown-5m-1783339800,Up,0.54,6.0093,11.12833333,11.12833333,5.11903333,268.58284145
568,acc2b00f-3358-43ee-9ea1-405e0e9638f7,2026-07-06 12:24:43,2026-07-06 12:14:36,2026-07-06 12:24:43,2026-07-06 12:15:00,eth-updown-5m-1783340100,Up,0.56,6.0093,10.73089286,10.73089286,4.72159286,273.30443431
569,4dd01904-0aa3-4265-8027-4bff0b6ec4ac,2026-07-06 12:29:57,2026-07-06 12:19:37,2026-07-06 12:29:57,2026-07-06 12:20:00,eth-updown-5m-1783340400,Up,0.53594206,6.00929997,11.21259259,0,-6.00929997,267.29513434
570,58d9bec0-5f54-4e97-bef3-a55a04ea38aa,2026-07-06 12:34:51,2026-07-06 12:24:36,2026-07-06 12:34:51,2026-07-06 12:25:00,eth-updown-5m-1783340700,Up,0.53,6.0093,11.33830189,11.33830189,5.32900189,272.62413623
571,02663216-2cd2-4a23-8a3d-7542353e1e53,2026-07-06 12:39:58,2026-07-06 12:29:37,2026-07-06 12:39:58,2026-07-06 12:30:00,eth-updown-5m-1783341000,Up,0.53,6.0093,11.33830189,11.33830189,5.32900189,277.95313812
572,a7e54ad5-0a27-4f7a-b9d2-0b73adfb557a,2026-07-06 12:45:08,2026-07-06 12:34:36,2026-07-06 12:45:08,2026-07-06 12:35:00,eth-updown-5m-1783341300,Up,0.51,6.0093,11.78294118,0,-6.0093,271.94383812
573,abd52256-4490-4a22-b76a-4df3194ead1b,2026-07-06 12:49:51,2026-07-06 12:39:36,2026-07-06 12:49:51,2026-07-06 12:40:00,eth-updown-5m-1783341600,Up,0.54,6.0093,11.12833333,0,-6.0093,265.93453812
574,b6cc32f4-0450-4641-a393-2ebdadcd8579,2026-07-06 12:54:39,2026-07-06 12:44:37,2026-07-06 12:54:39,2026-07-06 12:45:00,eth-updown-5m-1783341900,Up,0.54362232,6.00929997,11.05418182,0,-6.00929997,259.92523815
575,f920be9f-9a11-46a6-af84-7927032b8bd9,2026-07-06 13:04:51,2026-07-06 12:49:36,2026-07-06 13:04:51,2026-07-06 12:50:00,eth-updown-5m-1783342200,Up,0.55,6.0093,10.926,10.926,4.9167,264.84193815
576,2e4a051d-a05a-4ed0-9245-05e1a80813f5,2026-07-06 13:05:24,2026-07-06 12:54:38,2026-07-06 13:05:24,2026-07-06 12:55:00,eth-updown-5m-1783342500,Up,0.51,6.0093,11.78294118,0,-6.0093,258.83263815
577,182f2e86-3d7c-42b2-a1af-bc2d6e36c942,2026-07-06 13:09:51,2026-07-06 12:59:36,2026-07-06 13:09:51,2026-07-06 13:00:00,eth-updown-5m-1783342800,Up,0.51541986,6.00929997,11.65903846,0,-6.00929997,252.82333818
578,2f22390d-12e0-4200-baa4-42c0b0d79f55,2026-07-06 13:15:03,2026-07-06 13:04:37,2026-07-06 13:15:03,2026-07-06 13:05:00,eth-updown-5m-1783343100,Up,0.55,6.0093,10.926,10.926,4.9167,257.74003818
579,0bf964e7-6cae-490c-973a-4bcb9fc93720,2026-07-06 13:19:41,2026-07-06 13:09:36,2026-07-06 13:19:41,2026-07-06 13:10:00,eth-updown-5m-1783343400,Up,0.53798568,6.00930005,11.17,0,-6.00930005,251.73073813
580,6ebff73a-4872-4db5-8469-de552d2caef2,2026-07-06 13:25:13,2026-07-06 13:14:37,2026-07-06 13:25:13,2026-07-06 13:15:00,eth-updown-5m-1783343700,Up,0.51046066,6.00929995,11.77230769,11.77230769,5.76300774,257.49374587
581,a5151989-7680-4b05-aa73-f12e319510d5,2026-07-06 13:30:05,2026-07-06 13:19:37,2026-07-06 13:30:05,2026-07-06 13:20:00,eth-updown-5m-1783344000,Up,0.54,6.0093,11.12833333,11.12833333,5.11903333,262.6127792
582,c838860a-219b-4524-b045-ee915a490b5f,2026-07-06 13:34:44,2026-07-06 13:24:38,2026-07-06 13:34:44,2026-07-06 13:25:00,eth-updown-5m-1783344300,Up,0.51,6.0093,11.78294118,0,-6.0093,256.6034792
583,a23955cb-23aa-4902-a4e0-614a0f3979f8,2026-07-06 13:39:40,2026-07-06 13:29:36,2026-07-06 13:39:40,2026-07-06 13:30:00,eth-updown-5m-1783344600,Up,0.53,6.0093,11.33830189,11.33830189,5.32900189,261.93248109
584,cf73ce6c-944a-4d38-a066-6b9c5c6b176d,2026-07-06 13:45:03,2026-07-06 13:34:37,2026-07-06 13:45:03,2026-07-06 13:35:00,eth-updown-5m-1783344900,Up,0.51,6.0093,11.78294118,0,-6.0093,255.92318109
585,3a1cdc2f-6e93-43c3-80bb-2c2e3727e9b0,2026-07-06 13:49:56,2026-07-06 13:39:38,2026-07-06 13:49:56,2026-07-06 13:40:00,eth-updown-5m-1783345200,Up,0.54,6.0093,11.12833333,11.12833333,5.11903333,261.04221442
586,13e01a25-8529-499f-bb06-f6be2990af20,2026-07-06 13:54:59,2026-07-06 13:44:36,2026-07-06 13:54:59,2026-07-06 13:45:00,eth-updown-5m-1783345500,Up,0.5,6.0093,12.0186,12.0186,6.0093,267.05151442
587,75b6c484-cc97-45c3-af16-61c30c9c55a0,2026-07-06 13:59:56,2026-07-06 13:49:37,2026-07-06 13:59:56,2026-07-06 13:50:00,eth-updown-5m-1783345800,Up,0.49,6.0093,12.26387755,12.26387755,6.25457755,273.30609197
588,91fb82e0-32aa-43db-80f5-97922dd05f2c,2026-07-06 14:03:41,2026-07-06 13:54:37,2026-07-06 14:03:41,2026-07-06 13:55:00,eth-updown-5m-1783346100,Up,0.52,6.0093,11.55634615,0,-6.0093,267.29679197
589,65e43065-bb10-46fc-adf8-f28420a8b4bc,2026-07-06 14:09:54,2026-07-06 13:59:36,2026-07-06 14:09:54,2026-07-06 14:00:00,eth-updown-5m-1783346400,Up,0.5,6.0093,12.0186,12.0186,6.0093,273.30609197
590,e720dfe2-2eff-4a5e-a007-6b24c3176836,2026-07-06 14:14:56,2026-07-06 14:04:37,2026-07-06 14:14:56,2026-07-06 14:05:00,eth-updown-5m-1783346700,Up,0.51,6.0093,11.78294118,11.78294118,5.77364118,279.07973315
591,f433c0ad-1281-488f-89a6-f4f4fd6ca236,2026-07-06 14:19:48,2026-07-06 14:09:37,2026-07-06 14:19:48,2026-07-06 14:10:00,eth-updown-5m-1783347000,Up,0.50165207,6.00929998,11.97901961,11.97901961,5.96971963,285.04945278
592,c7b322a7-723b-4582-a8ed-9df5b827483a,2026-07-06 14:24:50,2026-07-06 14:14:37,2026-07-06 14:24:50,2026-07-06 14:15:00,eth-updown-5m-1783347300,Up,0.5,6.0093,12.0186,0,-6.0093,279.04015278
593,71377611-6193-4614-9503-7869c01fa4a2,2026-07-06 14:29:38,2026-07-06 14:19:37,2026-07-06 14:29:38,2026-07-06 14:20:00,eth-updown-5m-1783347600,Up,0.51,6.0093,11.78294118,11.78294118,5.77364118,284.81379396
594,ff8b98df-57a4-45fa-8fe1-d9e94792df01,2026-07-06 14:34:57,2026-07-06 14:24:37,2026-07-06 14:34:57,2026-07-06 14:25:00,eth-updown-5m-1783347900,Up,0.47,6.0093,12.78574468,12.78574468,6.77644468,291.59023864
595,bde71d79-70ee-4089-9add-def5a351263d,2026-07-06 14:38:53,2026-07-06 14:29:37,2026-07-06 14:38:53,2026-07-06 14:30:00,eth-updown-5m-1783348200,Up,0.48,6.0093,12.519375,12.519375,6.510075,298.10031364
596,14f1cf07-ddc5-4d09-bfe0-a9852317f3a6,2026-07-06 14:44:56,2026-07-06 14:34:36,2026-07-06 14:44:56,2026-07-06 14:35:00,eth-updown-5m-1783348500,Up,0.49,6.0093,12.26387755,12.26387755,6.25457755,304.35489119
597,d46ff195-7d8f-4778-bc87-7ca0bdbbab4e,2026-07-06 14:49:41,2026-07-06 14:39:36,2026-07-06 14:49:41,2026-07-06 14:40:00,eth-updown-5m-1783348800,Up,0.51,6.0093,11.78294118,0,-6.0093,298.34559119
598,2ccfa94a-e434-4781-b398-c701c8ddf0a8,2026-07-06 14:54:45,2026-07-06 14:44:38,2026-07-06 14:54:45,2026-07-06 14:45:00,eth-updown-5m-1783349100,Up,0.5,6.0093,12.0186,0,-6.0093,292.33629119
599,d33920e2-9e2f-4269-9d5f-c13de31d1569,2026-07-06 14:59:50,2026-07-06 14:49:36,2026-07-06 14:59:50,2026-07-06 14:50:00,eth-updown-5m-1783349400,Up,0.52,6.0093,11.55634615,11.55634615,5.54704615,297.88333734
600,14c36373-cf86-41f5-a55f-ccca9f4a1eb8,2026-07-06 15:05:09,2026-07-06 14:54:38,2026-07-06 15:05:09,2026-07-06 14:55:00,eth-updown-5m-1783349700,Up,0.51,6.0093,11.78294118,11.78294118,5.77364118,303.65697852
601,ee985758-296b-41cb-bcfd-13971c3ae942,2026-07-06 15:09:36,2026-07-06 14:59:37,2026-07-06 15:09:36,2026-07-06 15:00:00,eth-updown-5m-1783350000,Up,0.51,6.0093,11.78294118,11.78294118,5.77364118,309.4306197
602,69029ec6-6ec0-4f16-a3a3-120412008e7d,2026-07-06 15:15:16,2026-07-06 15:04:36,2026-07-06 15:15:16,2026-07-06 15:05:00,eth-updown-5m-1783350300,Up,0.48,6.0093,12.519375,12.519375,6.510075,315.9406947
603,4a854d59-4510-447c-9677-0e651d0d6923,2026-07-06 15:19:52,2026-07-06 15:09:30,2026-07-06 15:19:52,2026-07-06 15:10:00,eth-updown-5m-1783350600,Up,0.46,6.0093,13.06369565,13.06369565,7.05439565,322.99509035
604,ab81d129-3357-4387-9650-e480e2a03e09,2026-07-06 15:30:20,2026-07-06 15:14:30,2026-07-06 15:30:20,2026-07-06 15:15:00,eth-updown-5m-1783350900,Up,0.44,6.0093,13.6575,0,-6.0093,316.98579035
605,8874eae3-dffb-462b-bf1f-895763fcf6bb,2026-07-06 15:30:41,2026-07-06 15:19:30,2026-07-06 15:30:41,2026-07-06 15:20:00,eth-updown-5m-1783351200,Up,0.5,6.0093,12.0186,0,-6.0093,310.97649035
606,3ce2ac82-d031-4e37-a6a8-f2059bf34242,2026-07-06 15:36:06,2026-07-06 15:24:30,2026-07-06 15:36:06,2026-07-06 15:25:00,eth-updown-5m-1783351500,Up,0.5,6.0093,12.0186,12.0186,6.0093,316.98579035
607,4b7443ca-c44e-4ccb-9f69-af0c652f3788,2026-07-06 15:38:11,2026-07-06 15:29:30,2026-07-06 15:38:11,2026-07-06 15:30:00,eth-updown-5m-1783351800,Up,0.47,6.0093,12.78574468,0,-6.0093,310.97649035
608,41d6e4fe-61ae-4c57-8ff7-e9ea12c2233d,2026-07-06 15:45:15,2026-07-06 15:34:30,2026-07-06 15:45:15,2026-07-06 15:35:00,eth-updown-5m-1783352100,Up,0.4968006,6.00930006,12.096,12.096,6.08669994,317.06319029
609,56e22e76-d230-4295-addd-f43231fb217b,2026-07-06 16:06:19,2026-07-06 15:39:30,2026-07-06 16:06:19,2026-07-06 15:40:00,eth-updown-5m-1783352400,Up,0.5,6.0093,12.0186,12.0186,6.0093,323.07249029
610,405f8aed-0b46-4382-a3f2-211da42997be,2026-07-06 16:10:03,2026-07-06 15:49:30,2026-07-06 16:10:03,2026-07-06 15:50:00,eth-updown-5m-1783353000,Up,0.48,6.0093,12.519375,12.519375,6.510075,329.58256529
611,464a9f29-75a1-430a-9c17-4ab4ace5602e,2026-07-06 16:16:30,2026-07-06 16:04:30,2026-07-06 16:16:30,2026-07-06 16:05:00,eth-updown-5m-1783353900,Up,0.49181576,6.00930005,12.2186,12.2186,6.20929995,335.79186524
612,55fd2af8-86b7-4f08-a0df-0d279fc60408,2026-07-06 16:35:30,2026-07-06 16:24:31,2026-07-06 16:35:30,2026-07-06 16:25:00,eth-updown-5m-1783355100,Up,0.50371333,6.00930003,11.93,0,-6.00930003,329.78256521
613,59159554-da98-4432-8d63-70c228502fb9,2026-07-06 16:40:29,2026-07-06 16:29:30,2026-07-06 16:40:29,2026-07-06 16:30:00,eth-updown-5m-1783355400,Up,0.51,6.0093,11.78294118,11.78294118,5.77364118,335.55620639
614,5b750f16-7143-4259-9530-b1c2773296dc,2026-07-06 16:45:05,2026-07-06 16:34:30,2026-07-06 16:45:05,2026-07-06 16:35:00,eth-updown-5m-1783355700,Up,0.51,6.0093,11.78294118,11.78294118,5.77364118,341.32984757
615,edbd7be5-825c-4711-b647-c5560d30aa02,2026-07-06 16:57:30,2026-07-06 16:49:30,2026-07-06 16:57:30,2026-07-06 16:50:00,eth-updown-5m-1783356600,Up,0.51,6.0093,11.78294118,0,-6.0093,335.32054757
616,d898dbd2-2af9-4d56-adb0-0cc3286ad48d,2026-07-06 17:05:05,2026-07-06 16:54:30,2026-07-06 17:05:05,2026-07-06 16:55:00,eth-updown-5m-1783356900,Up,0.51,6.0093,11.78294118,11.78294118,5.77364118,341.09418875
617,9c6b1af3-a1bf-405e-bfad-89071f1c8bd1,2026-07-06 17:09:13,2026-07-06 16:59:30,2026-07-06 17:09:13,2026-07-06 17:00:00,eth-updown-5m-1783357200,Up,0.51,6.0093,11.78294118,0,-6.0093,335.08488875
618,eb6f2f17-b702-4005-9d62-a6fd0718584e,2026-07-06 17:15:13,2026-07-06 17:04:30,2026-07-06 17:15:13,2026-07-06 17:05:00,eth-updown-5m-1783357500,Up,0.5,6.0093,12.0186,12.0186,6.0093,341.09418875
619,62dcb6e1-590f-4800-8b5b-9efc29c961ce,2026-07-06 17:45:07,2026-07-06 17:34:32,2026-07-06 17:45:07,2026-07-06 17:35:00,eth-updown-5m-1783359300,Up,0.5,6.0093,12.0186,0,-6.0093,335.08488875
620,b77c51a0-ab48-4eaf-9dac-5566f25c5f88,2026-07-06 17:50:15,2026-07-06 17:39:30,2026-07-06 17:50:15,2026-07-06 17:40:00,eth-updown-5m-1783359600,Up,0.52,6.0093,11.55634615,0,-6.0093,329.07558875
621,3ec6634e-05bf-43a7-bc64-85ad9930180f,2026-07-06 17:55:14,2026-07-06 17:44:30,2026-07-06 17:55:14,2026-07-06 17:45:00,eth-updown-5m-1783359900,Up,0.51,6.0093,11.78294118,11.78294118,5.77364118,334.84922993
622,5171be73-c448-4b6c-85b2-d0ccfcdffe36,2026-07-06 18:00:24,2026-07-06 17:49:30,2026-07-06 18:00:24,2026-07-06 17:50:00,eth-updown-5m-1783360200,Up,0.52,6.0093,11.55634615,0,-6.0093,328.83992993
623,122966dd-edaf-4712-9563-bba7aea72851,2026-07-06 18:05:20,2026-07-06 17:54:31,2026-07-06 18:05:20,2026-07-06 17:55:00,eth-updown-5m-1783360500,Up,0.52,6.0093,11.55634615,11.55634615,5.54704615,334.38697608
624,8fe50664-6a04-4bb8-819f-08df5fe1fcdd,2026-07-06 18:10:32,2026-07-06 17:59:30,2026-07-06 18:10:32,2026-07-06 18:00:00,eth-updown-5m-1783360800,Up,0.53,6.0093,11.33830189,11.33830189,5.32900189,339.71597797
625,e91a427e-42f7-45b1-8cd9-2906f59abf03,2026-07-06 18:15:01,2026-07-06 18:04:30,2026-07-06 18:15:01,2026-07-06 18:05:00,eth-updown-5m-1783361100,Up,0.5,6.0093,12.0186,0,-6.0093,333.70667797
626,c3bbc5ac-5304-48dc-a4b4-6be2464abe5a,2026-07-06 18:19:58,2026-07-06 18:09:30,2026-07-06 18:19:58,2026-07-06 18:10:00,eth-updown-5m-1783361400,Up,0.5,6.0093,12.0186,0,-6.0093,327.69737797
627,df1faab3-f368-43c4-b903-2108ba7463bf,2026-07-06 18:25:12,2026-07-06 18:14:30,2026-07-06 18:25:12,2026-07-06 18:15:00,eth-updown-5m-1783361700,Up,0.52,6.0093,11.55634615,0,-6.0093,321.68807797
628,dbea1677-d215-4708-99eb-9bcb83bf81ed,2026-07-06 18:30:22,2026-07-06 18:19:30,2026-07-06 18:30:22,2026-07-06 18:20:00,eth-updown-5m-1783362000,Up,0.52,6.0093,11.55634615,11.55634615,5.54704615,327.23512412
629,24842b7b-fb16-4ecf-bae1-7a99159175fd,2026-07-06 18:45:27,2026-07-06 18:34:30,2026-07-06 18:45:27,2026-07-06 18:35:00,eth-updown-5m-1783362900,Up,0.5,6.0093,12.0186,12.0186,6.0093,333.24442412
630,9bca1966-bda4-485f-89c4-12379e6b1a29,2026-07-06 19:15:18,2026-07-06 19:04:30,2026-07-06 19:15:18,2026-07-06 19:05:00,eth-updown-5m-1783364700,Up,0.50579159,6.00929996,11.88098039,11.88098039,5.87168043,339.11610455
631,d11f7026-961e-42de-a4a4-1714085d6d18,2026-07-06 19:47:42,2026-07-06 19:39:31,2026-07-06 19:47:42,2026-07-06 19:40:00,eth-updown-5m-1783366800,Up,0.51,6.0093,11.78294118,11.78294118,5.77364118,344.88974573
632,d92bebb1-28c1-4396-ba64-1b105bb07cb8,2026-07-06 20:07:24,2026-07-06 19:59:30,2026-07-06 20:07:24,2026-07-06 20:00:00,eth-updown-5m-1783368000,Up,0.53,6.0093,11.33830189,0,-6.0093,338.88044573
633,f2549d87-08ea-4355-a143-282afe7dac3b,2026-07-06 20:12:50,2026-07-06 20:04:31,2026-07-06 20:12:50,2026-07-06 20:05:00,eth-updown-5m-1783368300,Up,0.54,6.0093,11.12833333,11.12833333,5.11903333,343.99947906
634,a5fe10e5-8150-45a0-a0e6-6e0022b50d63,2026-07-06 20:18:16,2026-07-06 20:09:30,2026-07-06 20:18:16,2026-07-06 20:10:00,eth-updown-5m-1783368600,Up,0.53203187,6.00929997,11.295,0,-6.00929997,337.99017909
635,acd94546-86a7-4180-b848-0c6ecc6df2f5,2026-07-06 20:24:20,2026-07-06 20:14:30,2026-07-06 20:24:20,2026-07-06 20:15:00,eth-updown-5m-1783368900,Up,0.54,6.0093,11.12833333,0,-6.0093,331.98087909
636,652fc32e-7298-4b90-bac4-347568f8248b,2026-07-06 20:30:31,2026-07-06 20:19:30,2026-07-06 20:30:31,2026-07-06 20:20:00,eth-updown-5m-1783369200,Up,0.52,6.0093,11.55634615,11.55634615,5.54704615,337.52792524
637,7eb9498b-4b67-4fb6-8c6e-f4a18bba27a1,2026-07-06 20:35:22,2026-07-06 20:24:30,2026-07-06 20:35:22,2026-07-06 20:25:00,eth-updown-5m-1783369500,Up,0.52,6.0093,11.55634615,11.55634615,5.54704615,343.07497139
638,8fec1db0-1f32-4231-a5fa-5f9be879760b,2026-07-06 20:40:08,2026-07-06 20:29:30,2026-07-06 20:40:08,2026-07-06 20:30:00,eth-updown-5m-1783369800,Up,0.5,6.0093,12.0186,12.0186,6.0093,349.08427139
639,67f1623f-a639-4e76-a05e-d0e9b6531b7b,2026-07-06 21:00:18,2026-07-06 20:49:30,2026-07-06 21:00:18,2026-07-06 20:50:00,eth-updown-5m-1783371000,Up,0.5,6.0093,12.0186,12.0186,6.0093,355.09357139
640,025e1d56-c71b-4486-9281-f891375c11a0,2026-07-06 21:10:28,2026-07-06 20:59:30,2026-07-06 21:10:28,2026-07-06 21:00:00,eth-updown-5m-1783371600,Up,0.50579159,6.00929996,11.88098039,11.88098039,5.87168043,360.96525182
641,471b9d8f-2a99-4ef6-b372-87e9b2fdb0d6,2026-07-06 21:29:52,2026-07-06 21:19:30,2026-07-06 21:29:52,2026-07-06 21:20:00,eth-updown-5m-1783372800,Up,0.50165207,6.00929998,11.97901961,0,-6.00929998,354.95595184
642,6ec0d8ef-aeb5-4350-b4c2-9a76449ab61a,2026-07-06 21:32:19,2026-07-06 21:24:30,2026-07-06 21:32:19,2026-07-06 21:25:00,eth-updown-5m-1783373100,Up,0.47,6.0093,12.78574468,0,-6.0093,348.94665184
643,2bc2199b-8b99-4050-8fd2-16f4611f2dff,2026-07-06 21:40:18,2026-07-06 21:29:30,2026-07-06 21:40:18,2026-07-06 21:30:00,eth-updown-5m-1783373400,Up,0.5,6.0093,12.0186,0,-6.0093,342.93735184
644,5ccc3788-8ccc-404d-a834-6e3c5680e67f,2026-07-06 21:45:17,2026-07-06 21:34:30,2026-07-06 21:45:17,2026-07-06 21:35:00,eth-updown-5m-1783373700,Up,0.49,6.0093,12.26387755,0,-6.0093,336.92805184
645,2a9beaf2-785c-4da6-8bde-4cd6f71a3561,2026-07-06 21:50:37,2026-07-06 21:39:30,2026-07-06 21:50:37,2026-07-06 21:40:00,eth-updown-5m-1783374000,Up,0.5,6.0093,12.0186,12.0186,6.0093,342.93735184
646,8c15725c-01f7-42e8-8cda-6247016ed487,2026-07-06 21:55:28,2026-07-06 21:44:31,2026-07-06 21:55:28,2026-07-06 21:45:00,eth-updown-5m-1783374300,Up,0.5,6.0093,12.0186,0,-6.0093,336.92805184
647,e8094988-e466-4583-a32b-40ab3f1febfa,2026-07-06 21:59:19,2026-07-06 21:49:30,2026-07-06 21:59:19,2026-07-06 21:50:00,eth-updown-5m-1783374600,Up,0.49,6.0093,12.26387755,12.26387755,6.25457755,343.18262939
648,b3e0fb1d-4d20-4d5e-ba12-ed81485e7748,2026-07-06 22:05:06,2026-07-06 21:54:31,2026-07-06 22:05:06,2026-07-06 21:55:00,eth-updown-5m-1783374900,Up,0.47,6.0093,12.78574468,0,-6.0093,337.17332939
649,8c98491f-53aa-40b1-a151-3f7e0cafd2b8,2026-07-06 22:10:16,2026-07-06 21:59:30,2026-07-06 22:10:16,2026-07-06 22:00:00,eth-updown-5m-1783375200,Up,0.51,6.0093,11.78294118,0,-6.0093,331.16402939
650,b557766a-1967-4467-be3f-c4d73c67611b,2026-07-06 22:20:12,2026-07-06 22:09:30,2026-07-06 22:20:12,2026-07-06 22:10:00,eth-updown-5m-1783375800,Up,0.51,6.0093,11.78294118,11.78294118,5.77364118,336.93767057
651,9b8af5f6-7fc6-407d-9339-695a32887ae1,2026-07-06 22:34:45,2026-07-06 22:24:32,2026-07-06 22:34:45,2026-07-06 22:25:00,eth-updown-5m-1783376700,Up,0.52970911,6.00929999,11.3445283,0,-6.00929999,330.92837058
652,8aa2c34d-f34b-4f1c-b6cd-bc685799c4ef,2026-07-06 22:39:48,2026-07-06 22:29:30,2026-07-06 22:39:48,2026-07-06 22:30:00,eth-updown-5m-1783377000,Up,0.54,6.0093,11.12833333,0,-6.0093,324.91907058
653,fc97e53b-a9f0-4bd2-92cd-27ea957f9cc6,2026-07-06 22:44:56,2026-07-06 22:34:30,2026-07-06 22:44:56,2026-07-06 22:35:00,eth-updown-5m-1783377300,Up,0.53,6.0093,11.33830189,11.33830189,5.32900189,330.24807247
654,5e0520aa-5b47-4f7e-812d-95566b1ad6dd,2026-07-06 22:49:56,2026-07-06 22:39:30,2026-07-06 22:49:56,2026-07-06 22:40:00,eth-updown-5m-1783377600,Up,0.51,6.0093,11.78294118,0,-6.0093,324.23877247
655,d7b20a0d-5a33-45f8-86e4-d805aef692b4,2026-07-06 22:54:48,2026-07-06 22:44:30,2026-07-06 22:54:48,2026-07-06 22:45:00,eth-updown-5m-1783377900,Up,0.54,6.0093,11.12833333,11.12833333,5.11903333,329.3578058
656,aa348639-0355-4880-b1e8-b527f1239a8e,2026-07-06 22:59:49,2026-07-06 22:49:30,2026-07-06 22:59:49,2026-07-06 22:50:00,eth-updown-5m-1783378200,Up,0.53,6.0093,11.33830189,0,-6.0093,323.3485058
657,472b3da7-1bde-459c-accd-6a33cb67a1ba,2026-07-06 23:04:51,2026-07-06 22:54:30,2026-07-06 23:04:51,2026-07-06 22:55:00,eth-updown-5m-1783378500,Up,0.53466166,6.00930002,11.23944444,11.23944444,5.23014442,328.57865022
658,e1f4de28-021e-4113-8d1a-85d76778706d,2026-07-06 23:09:52,2026-07-06 22:59:30,2026-07-06 23:09:52,2026-07-06 23:00:00,eth-updown-5m-1783378800,Up,0.54,6.0093,11.12833333,11.12833333,5.11903333,333.69768355
659,05fcb664-b1a4-45f2-835f-9ef8623afe85,2026-07-06 23:14:51,2026-07-06 23:04:30,2026-07-06 23:14:51,2026-07-06 23:05:00,eth-updown-5m-1783379100,Up,0.50057052,6.00930002,12.00490196,0,-6.00930002,327.68838353
660,db9913fb-10e4-40f2-b66e-fb971554d8c6,2026-07-06 23:19:44,2026-07-06 23:09:30,2026-07-06 23:19:44,2026-07-06 23:10:00,eth-updown-5m-1783379400,Up,0.51,6.0093,11.78294118,11.78294118,5.77364118,333.46202471
661,dfed0f43-07f0-4b60-940a-d0f8683a84a6,2026-07-06 23:24:46,2026-07-06 23:14:30,2026-07-06 23:24:46,2026-07-06 23:15:00,eth-updown-5m-1783379700,Up,0.51,6.0093,11.78294118,0,-6.0093,327.45272471
662,dc82f0bc-f4c5-4afe-aa05-6ad039356509,2026-07-06 23:29:57,2026-07-06 23:19:31,2026-07-06 23:29:57,2026-07-06 23:20:00,eth-updown-5m-1783380000,Up,0.51,6.0093,11.78294118,0,-6.0093,321.44342471
663,7dd0c258-ce5b-4e9f-8f85-36764c6a26a8,2026-07-06 23:34:43,2026-07-06 23:24:30,2026-07-06 23:34:43,2026-07-06 23:25:00,eth-updown-5m-1783380300,Up,0.5213247,6.00929998,11.52698113,11.52698113,5.51768115,326.96110586
664,61cba243-9cd6-4383-97b5-cff1e7791cfd,2026-07-06 23:39:47,2026-07-06 23:29:32,2026-07-06 23:39:47,2026-07-06 23:30:00,eth-updown-5m-1783380600,Up,0.52495945,6.00929997,11.44716981,0,-6.00929997,320.95180589
665,e208c732-3158-49b9-85bd-9e264e784c50,2026-07-06 23:44:49,2026-07-06 23:34:30,2026-07-06 23:44:49,2026-07-06 23:35:00,eth-updown-5m-1783380900,Up,0.51570908,6.00930005,11.6525,0,-6.00930005,314.94250584
666,6b43dfb5-6ce8-452c-abe1-dddd7aa8bf6d,2026-07-06 23:49:56,2026-07-06 23:39:30,2026-07-06 23:49:56,2026-07-06 23:40:00,eth-updown-5m-1783381200,Up,0.52,6.0093,11.55634615,0,-6.0093,308.93320584
667,815e312e-c605-4ed1-9608-3b892f18a31d,2026-07-06 23:54:56,2026-07-06 23:44:31,2026-07-06 23:54:56,2026-07-06 23:45:00,eth-updown-5m-1783381500,Up,0.54,6.0093,11.12833333,11.12833333,5.11903333,314.05223917
668,7c546936-e43d-466a-a122-295073e1b079,2026-07-06 23:59:51,2026-07-06 23:49:30,2026-07-06 23:59:51,2026-07-06 23:50:00,eth-updown-5m-1783381800,Up,0.54,6.0093,11.12833333,11.12833333,5.11903333,319.1712725
669,75288f89-cde2-4caf-9282-447e071f63e6,2026-07-07 00:04:54,2026-07-06 23:54:30,2026-07-07 00:04:54,2026-07-06 23:55:00,eth-updown-5m-1783382100,Up,0.51,6.0093,11.78294118,0,-6.0093,313.1619725
670,158b0ca8-efa4-4762-9116-88f7bdb9371f,2026-07-07 00:07:07,2026-07-06 23:59:30,2026-07-07 00:07:07,2026-07-07 00:00:00,eth-updown-5m-1783382400,Up,0.53,6.0093,11.33830189,0,-6.0093,307.1526725
671,f7755f13-b9e8-4777-b0e4-78e41812f034,2026-07-07 00:11:44,2026-07-07 00:04:32,2026-07-07 00:11:44,2026-07-07 00:05:00,eth-updown-5m-1783382700,Up,0.52562656,6.00930003,11.43264151,11.43264151,5.42334148,312.57601398
672,d7c254a6-7be3-4ddb-8c5c-5897fb84d0a6,2026-07-07 00:19:54,2026-07-07 00:09:30,2026-07-07 00:19:54,2026-07-07 00:10:00,eth-updown-5m-1783383000,Up,0.51,6.0093,11.78294118,0,-6.0093,306.56671398
673,f2d97734-2d02-4b1f-b6bf-eaf0aac569b8,2026-07-07 00:25:21,2026-07-07 00:14:30,2026-07-07 00:25:21,2026-07-07 00:15:00,eth-updown-5m-1783383300,Up,0.52,6.0093,11.55634615,11.55634615,5.54704615,312.11376013
674,0af21286-f042-4718-98b3-e1b885fd7d29,2026-07-07 00:30:15,2026-07-07 00:19:30,2026-07-07 00:30:15,2026-07-07 00:20:00,eth-updown-5m-1783383600,Up,0.52,6.0093,11.55634615,11.55634615,5.54704615,317.66080628
675,086ff4d1-d7b9-48b5-84bf-9ccc8bb0d511,2026-07-07 00:35:06,2026-07-07 00:24:31,2026-07-07 00:35:06,2026-07-07 00:25:00,eth-updown-5m-1783383900,Up,0.47,6.0093,12.78574468,12.78574468,6.77644468,324.43725096
676,c45358ba-e5b8-4b21-816c-4c5764f1a7df,2026-07-07 00:40:30,2026-07-07 00:29:30,2026-07-07 00:40:30,2026-07-07 00:30:00,eth-updown-5m-1783384200,Up,0.48,6.0093,12.519375,12.519375,6.510075,330.94732596
677,ca074ab7-3092-40f0-949c-04cf35b6f033,2026-07-07 00:45:03,2026-07-07 00:34:31,2026-07-07 00:45:03,2026-07-07 00:35:00,eth-updown-5m-1783384500,Up,0.51,6.0093,11.78294118,0,-6.0093,324.93802596
678,7935ade6-8028-4c2a-8abc-de47ec904371,2026-07-07 00:47:48,2026-07-07 00:39:30,2026-07-07 00:47:48,2026-07-07 00:40:00,eth-updown-5m-1783384800,Up,0.52,6.0093,11.55634615,11.55634615,5.54704615,330.48507211
679,bddc4e5d-00fb-44cb-b906-3005ac010a01,2026-07-07 00:55:24,2026-07-07 00:44:30,2026-07-07 00:55:24,2026-07-07 00:45:00,eth-updown-5m-1783385100,Up,0.51,6.0093,11.78294118,11.78294118,5.77364118,336.25871329
680,deac98dd-e97b-4b59-9de6-64ff47c7c84b,2026-07-07 01:00:44,2026-07-07 00:49:31,2026-07-07 01:00:44,2026-07-07 00:50:00,eth-updown-5m-1783385400,Up,0.5,6.0093,12.0186,12.0186,6.0093,342.26801329
681,6394583f-65d9-4850-a357-420f00a38775,2026-07-07 01:10:01,2026-07-07 00:59:30,2026-07-07 01:10:01,2026-07-07 01:00:00,eth-updown-5m-1783386000,Up,0.5,6.0093,12.0186,0,-6.0093,336.25871329
682,a842a218-266b-474b-a471-70e94cf78b35,2026-07-07 01:15:11,2026-07-07 01:04:30,2026-07-07 01:15:11,2026-07-07 01:05:00,eth-updown-5m-1783386300,Up,0.53,6.0093,11.33830189,11.33830189,5.32900189,341.58771518
683,43899d01-0d03-4223-8992-13781298ee29,2026-07-07 01:20:07,2026-07-07 01:09:31,2026-07-07 01:20:07,2026-07-07 01:10:00,eth-updown-5m-1783386600,Up,0.53,6.0093,11.33830189,11.33830189,5.32900189,346.91671707
684,071d4d1c-5b62-4bfa-92a1-2813d9702b17,2026-07-07 01:24:21,2026-07-07 01:14:31,2026-07-07 01:24:21,2026-07-07 01:15:00,eth-updown-5m-1783386900,Up,0.53,6.0093,11.33830189,11.33830189,5.32900189,352.24571896
685,792ff7ba-ac2e-4b10-9a28-9ad89f4cf875,2026-07-07 01:29:24,2026-07-07 01:19:30,2026-07-07 01:29:24,2026-07-07 01:20:00,eth-updown-5m-1783387200,Up,0.52,6.0093,11.55634615,0,-6.0093,346.23641896
686,da9314c9-c9d4-44ee-a033-20fbf27489dd,2026-07-07 01:34:49,2026-07-07 01:24:31,2026-07-07 01:34:49,2026-07-07 01:25:00,eth-updown-5m-1783387500,Up,0.52020923,6.00929998,11.55169811,0,-6.00929998,340.22711898
687,03991cd7-6c60-413d-8515-acbdd41e8dd6,2026-07-07 01:40:14,2026-07-07 01:29:30,2026-07-07 01:40:14,2026-07-07 01:30:00,eth-updown-5m-1783387800,Up,0.52020923,6.00929998,11.55169811,0,-6.00929998,334.217819
688,3084fe96-ddd0-4b72-9f71-4a7f8127d250,2026-07-07 01:44:25,2026-07-07 01:34:30,2026-07-07 01:44:25,2026-07-07 01:35:00,eth-updown-5m-1783388100,Up,0.52,6.0093,11.55634615,11.55634615,5.54704615,339.76486515
689,166c3cf6-0d53-4f71-8c71-dc39ec16fc13,2026-07-07 01:50:14,2026-07-07 01:39:30,2026-07-07 01:50:14,2026-07-07 01:40:00,eth-updown-5m-1783388400,Up,0.52,6.0093,11.55634615,11.55634615,5.54704615,345.3119113
690,052438f0-fb89-4857-8c5c-68032af55013,2026-07-07 01:54:40,2026-07-07 01:44:30,2026-07-07 01:54:40,2026-07-07 01:45:00,eth-updown-5m-1783388700,Up,0.5,6.0093,12.0186,12.0186,6.0093,351.3212113
691,1b52e37e-5299-4e7e-99f1-35aa646281bd,2026-07-07 02:00:27,2026-07-07 01:49:30,2026-07-07 02:00:27,2026-07-07 01:50:00,eth-updown-5m-1783389000,Up,0.49,6.0093,12.26387755,0,-6.0093,345.3119113
692,08d18c64-7611-4527-bd83-6685e741f4f5,2026-07-07 02:05:15,2026-07-07 01:54:32,2026-07-07 02:05:15,2026-07-07 01:55:00,eth-updown-5m-1783389300,Up,0.5,6.0093,12.0186,0,-6.0093,339.3026113
693,bb9d34e9-87b2-4735-adc4-a0b01d83ec31,2026-07-07 02:10:11,2026-07-07 01:59:30,2026-07-07 02:10:11,2026-07-07 02:00:00,eth-updown-5m-1783389600,Up,0.52,6.0093,11.55634615,11.55634615,5.54704615,344.84965745
694,5dce1ff8-440c-4eeb-8c66-044449d8dca4,2026-07-07 02:15:12,2026-07-07 02:04:30,2026-07-07 02:15:12,2026-07-07 02:05:00,eth-updown-5m-1783389900,Up,0.51,6.0093,11.78294118,0,-6.0093,338.84035745
695,b468b7b0-5a87-488c-8135-cc95db448707,2026-07-07 02:20:01,2026-07-07 02:09:30,2026-07-07 02:20:01,2026-07-07 02:10:00,eth-updown-5m-1783390200,Up,0.53,6.0093,11.33830189,11.33830189,5.32900189,344.16935934
696,493c2658-899a-4ffd-983e-09cfe08c8982,2026-07-07 02:24:21,2026-07-07 02:14:30,2026-07-07 02:24:21,2026-07-07 02:15:00,eth-updown-5m-1783390500,Up,0.52,6.0093,11.55634615,0,-6.0093,338.16005934
697,230d67a5-5507-48a8-86de-4b85246c8020,2026-07-07 02:30:20,2026-07-07 02:19:31,2026-07-07 02:30:20,2026-07-07 02:20:00,eth-updown-5m-1783390800,Up,0.52,6.0093,11.55634615,0,-6.0093,332.15075934
698,bced4f7d-ae00-497e-97bc-67bf83b11cdd,2026-07-07 02:34:39,2026-07-07 02:24:36,2026-07-07 02:34:39,2026-07-07 02:25:00,eth-updown-5m-1783391100,Up,0.55,6.0093,10.926,0,-6.0093,326.14145934
699,0a2033f8-d374-40c3-bf40-0faf5232a233,2026-07-07 02:39:49,2026-07-07 02:29:37,2026-07-07 02:39:49,2026-07-07 02:30:00,eth-updown-5m-1783391400,Up,0.54,6.0093,11.12833333,11.12833333,5.11903333,331.26049267
700,bcbe9856-ebc6-4cc6-a516-23fdc7b71575,2026-07-07 02:44:39,2026-07-07 02:34:38,2026-07-07 02:44:39,2026-07-07 02:35:00,eth-updown-5m-1783391700,Up,0.55,6.0093,10.926,10.926,4.9167,336.17719267
701,7ad8c703-611d-493a-a7bf-a9dcd4273b2a,2026-07-07 02:49:57,2026-07-07 02:39:38,2026-07-07 02:49:57,2026-07-07 02:40:00,eth-updown-5m-1783392000,Up,0.54,6.0093,11.12833333,11.12833333,5.11903333,341.296226
702,779d3aed-4d17-4f67-93b2-8ed6b92ce7c3,2026-07-07 02:54:53,2026-07-07 02:44:35,2026-07-07 02:54:53,2026-07-07 02:45:00,eth-updown-5m-1783392300,Up,0.52,6.0093,11.55634615,0,-6.0093,335.286926
703,133b3bac-7b47-4364-bc4a-ec577d0b93a6,2026-07-07 02:57:26,2026-07-07 02:49:37,2026-07-07 02:57:26,2026-07-07 02:50:00,eth-updown-5m-1783392600,Up,0.52,6.0093,11.55634615,0,-6.0093,329.277626
704,68093b17-22a8-41f1-98bd-07d2e4731a27,2026-07-07 03:04:42,2026-07-07 02:54:40,2026-07-07 03:04:42,2026-07-07 02:55:00,eth-updown-5m-1783392900,Up,0.53,6.0093,11.33830189,0,-6.0093,323.268326
705,9f044b8e-43cc-44cd-9aa2-2f1472c3c5a0,2026-07-07 03:07:30,2026-07-07 02:59:30,2026-07-07 03:07:30,2026-07-07 03:00:00,eth-updown-5m-1783393200,Up,0.54,6.0093,11.12833333,11.12833333,5.11903333,328.38735933
706,d46ad871-a5da-4911-9826-9f6c5da2d848,2026-07-07 03:15:02,2026-07-07 03:04:38,2026-07-07 03:15:02,2026-07-07 03:05:00,eth-updown-5m-1783393500,Up,0.52,6.0093,11.55634615,11.55634615,5.54704615,333.93440548
707,fc9faf7a-cae0-4c0a-92c7-dd569a19723f,2026-07-07 03:20:14,2026-07-07 03:09:38,2026-07-07 03:20:14,2026-07-07 03:10:00,eth-updown-5m-1783393800,Up,0.51,6.0093,11.78294118,0,-6.0093,327.92510548
708,aaaa80ad-847e-4ae7-994c-7064ad448401,2026-07-07 03:25:01,2026-07-07 03:14:38,2026-07-07 03:25:01,2026-07-07 03:15:00,eth-updown-5m-1783394100,Up,0.53,6.0093,11.33830189,0,-6.0093,321.91580548
709,61c08c47-378e-4e74-8a4a-60e64a99c53b,2026-07-07 03:29:51,2026-07-07 03:19:39,2026-07-07 03:29:51,2026-07-07 03:20:00,eth-updown-5m-1783394400,Up,0.54,6.0093,11.12833333,11.12833333,5.11903333,327.03483881
710,261e7433-1858-46e1-9e41-d5f890b2a2af,2026-07-07 03:35:03,2026-07-07 03:24:40,2026-07-07 03:35:03,2026-07-07 03:25:00,eth-updown-5m-1783394700,Up,0.55,6.0093,10.926,0,-6.0093,321.02553881
711,bed381f4-a1aa-4a78-8d16-cdd3680c32a9,2026-07-07 03:39:44,2026-07-07 03:29:38,2026-07-07 03:39:44,2026-07-07 03:30:00,eth-updown-5m-1783395000,Up,0.55,6.0093,10.926,10.926,4.9167,325.94223881
712,3db048db-b596-4fe9-8811-4b059b6b3fd2,2026-07-07 03:44:43,2026-07-07 03:34:40,2026-07-07 03:44:43,2026-07-07 03:35:00,eth-updown-5m-1783395300,Up,0.54502078,6.00930002,11.02581818,0,-6.00930002,319.93293879
713,f86d17db-2c15-4ba7-8b69-cb139dc76e71,2026-07-07 03:49:42,2026-07-07 03:39:41,2026-07-07 03:49:42,2026-07-07 03:40:00,eth-updown-5m-1783395600,Up,0.53,6.0093,11.33830189,0,-6.0093,313.92363879
714,f8acf4a5-1ae4-4fd7-a10b-53ffbb1183ea,2026-07-07 03:54:11,2026-07-07 03:44:40,2026-07-07 03:54:11,2026-07-07 03:45:00,eth-updown-5m-1783395900,Up,0.56,6.0093,10.73089286,0,-6.0093,307.91433879
715,6c370141-23a7-418a-bbb5-e33df93172bd,2026-07-07 03:59:41,2026-07-07 03:49:41,2026-07-07 03:59:41,2026-07-07 03:50:00,eth-updown-5m-1783396200,Up,0.54520059,6.00930003,11.02218182,11.02218182,5.01288179,312.92722058
716,a1d4e9bf-5dae-44f0-b591-b714579c3371,2026-07-07 04:04:53,2026-07-07 03:54:30,2026-07-07 04:04:53,2026-07-07 03:55:00,eth-updown-5m-1783396500,Up,0.53554404,6.00930001,11.22092593,11.22092593,5.21162592,318.1388465
717,fcfc0882-923a-4d5b-bb57-1ef6ca6cffb0,2026-07-07 04:10:08,2026-07-07 03:59:40,2026-07-07 04:10:08,2026-07-07 04:00:00,eth-updown-5m-1783396800,Up,0.53,6.0093,11.33830189,0,-6.0093,312.1295465
718,ffd7ef74-1142-494e-9732-8f5a81e6a3bc,2026-07-07 04:14:57,2026-07-07 04:04:40,2026-07-07 04:14:57,2026-07-07 04:05:00,eth-updown-5m-1783397100,Up,0.53,6.0093,11.33830189,11.33830189,5.32900189,317.45854839
719,19f9957e-5612-4380-86fa-2f2cc17300df,2026-07-07 04:24:59,2026-07-07 04:14:41,2026-07-07 04:24:59,2026-07-07 04:15:00,eth-updown-5m-1783397700,Up,0.53,6.0093,11.33830189,0,-6.0093,311.44924839
720,6353b425-3fb5-4014-a051-4f0d7665100c,2026-07-07 04:30:01,2026-07-07 04:19:42,2026-07-07 04:30:01,2026-07-07 04:20:00,eth-updown-5m-1783398000,Up,0.53,6.0093,11.33830189,11.33830189,5.32900189,316.77825028
721,ed58d148-7765-4b91-bd97-4c23091ed654,2026-07-07 04:34:43,2026-07-07 04:24:41,2026-07-07 04:34:43,2026-07-07 04:25:00,eth-updown-5m-1783398300,Up,0.54,6.0093,11.12833333,11.12833333,5.11903333,321.89728361
722,f3310990-5ee2-4e9e-883d-223a58361626,2026-07-07 04:39:58,2026-07-07 04:29:40,2026-07-07 04:39:58,2026-07-07 04:30:00,eth-updown-5m-1783398600,Up,0.5,6.0093,12.0186,0,-6.0093,315.88798361
723,90ca8d10-a219-4eca-9871-bc7cf5c633b0,2026-07-07 04:44:56,2026-07-07 04:34:40,2026-07-07 04:44:56,2026-07-07 04:35:00,eth-updown-5m-1783398900,Up,0.52,6.0093,11.55634615,0,-6.0093,309.87868361
724,0b80166a-34ba-456a-b6f8-838ce017256b,2026-07-07 04:49:54,2026-07-07 04:39:39,2026-07-07 04:49:54,2026-07-07 04:40:00,eth-updown-5m-1783399200,Up,0.52956819,6.00930002,11.34754717,0,-6.00930002,303.86938359
725,023fe423-4ffc-4775-ab39-c6f34b4fd0b6,2026-07-07 04:55:04,2026-07-07 04:44:41,2026-07-07 04:55:04,2026-07-07 04:45:00,eth-updown-5m-1783399500,Up,0.54546152,6.00929998,11.01690909,0,-6.00929998,297.86008361
726,854a174a-61bc-42f6-965c-fb143ae658f3,2026-07-07 04:59:52,2026-07-07 04:49:40,2026-07-07 04:59:52,2026-07-07 04:50:00,eth-updown-5m-1783399800,Up,0.56,6.0093,10.73089286,10.73089286,4.72159286,302.58167647
727,6133e9a5-27f8-462f-ab11-cfcae546e84c,2026-07-07 05:05:06,2026-07-07 04:54:30,2026-07-07 05:05:06,2026-07-07 04:55:00,eth-updown-5m-1783400100,Up,0.52,6.0093,11.55634615,11.55634615,5.54704615,308.12872262
728,82657c80-2e6a-4d61-9018-add84193a294,2026-07-07 05:07:44,2026-07-07 04:59:40,2026-07-07 05:07:44,2026-07-07 05:00:00,eth-updown-5m-1783400400,Up,0.5,6.0093,12.0186,0,-6.0093,302.11942262
729,c3ffdd3f-7546-4be2-bcc2-6f96335f83a5,2026-07-07 05:14:54,2026-07-07 05:04:41,2026-07-07 05:14:54,2026-07-07 05:05:00,eth-updown-5m-1783400700,Up,0.52,6.0093,11.55634615,0,-6.0093,296.11012262
730,ed65a50c-3340-4cd1-9665-bdd91d313f94,2026-07-07 05:19:53,2026-07-07 05:09:41,2026-07-07 05:19:53,2026-07-07 05:10:00,eth-updown-5m-1783401000,Up,0.55,6.0093,10.926,0,-6.0093,290.10082262
731,76da2456-2c58-40ac-aed5-9fb1dc2e74d2,2026-07-07 05:25:20,2026-07-07 05:14:33,2026-07-07 05:25:20,2026-07-07 05:15:00,eth-updown-5m-1783401300,Up,0.56,6.0093,10.73089286,10.73089286,4.72159286,294.82241548
732,adc246d6-5aa7-44a1-b0a8-78d27df45afa,2026-07-07 05:30:05,2026-07-07 05:19:33,2026-07-07 05:30:05,2026-07-07 05:20:00,eth-updown-5m-1783401600,Up,0.52540978,6.00930001,11.43735849,11.43735849,5.42805848,300.25047396
733,0858245c-052d-4988-9d33-c052e393ef14,2026-07-07 05:35:17,2026-07-07 05:24:34,2026-07-07 05:35:17,2026-07-07 05:25:00,eth-updown-5m-1783401900,Up,0.51,6.0093,11.78294118,0,-6.0093,294.24117396
734,4ebaf070-72cf-432f-898c-ee0fa792f1da,2026-07-07 05:40:04,2026-07-07 05:29:33,2026-07-07 05:40:04,2026-07-07 05:30:00,eth-updown-5m-1783402200,Up,0.55,6.0093,10.926,10.926,4.9167,299.15787396
735,3c69263a-775c-4019-a171-0923f8eba46d,2026-07-07 05:45:11,2026-07-07 05:34:32,2026-07-07 05:45:11,2026-07-07 05:35:00,eth-updown-5m-1783402500,Up,0.50346508,6.00929996,11.93588235,11.93588235,5.92658239,305.08445635
736,330b5a48-698d-46c5-bf6b-b95b5836ef8b,2026-07-07 05:50:14,2026-07-07 05:39:33,2026-07-07 05:50:14,2026-07-07 05:40:00,eth-updown-5m-1783402800,Up,0.48,6.0093,12.519375,0,-6.0093,299.07515635
737,8602f791-ab05-4cdb-abe2-cd57828706df,2026-07-07 05:55:14,2026-07-07 05:44:33,2026-07-07 05:55:14,2026-07-07 05:45:00,eth-updown-5m-1783403100,Up,0.49021095,6.00929995,12.2586,12.2586,6.24930005,305.3244564
738,fdab1c6b-9bdb-4ccf-9595-ac097fa7215f,2026-07-07 06:00:38,2026-07-07 05:49:32,2026-07-07 06:00:38,2026-07-07 05:50:00,eth-updown-5m-1783403400,Up,0.51,6.0093,11.78294118,11.78294118,5.77364118,311.09809758
739,7aa8a6ab-175e-4318-b6f0-880bd1c48579,2026-07-07 06:05:18,2026-07-07 05:54:32,2026-07-07 06:05:18,2026-07-07 05:55:00,eth-updown-5m-1783403700,Up,0.48,6.0093,12.519375,0,-6.0093,305.08879758
740,c8522311-6ef7-4c7b-97f6-4befef3396a3,2026-07-07 06:10:05,2026-07-07 05:59:32,2026-07-07 06:10:05,2026-07-07 06:00:00,eth-updown-5m-1783404000,Up,0.5,6.0093,12.0186,12.0186,6.0093,311.09809758
741,cf15d074-bd64-4d1a-a36b-bccae6f7b736,2026-07-07 06:15:10,2026-07-07 06:04:32,2026-07-07 06:15:10,2026-07-07 06:05:00,eth-updown-5m-1783404300,Up,0.5,6.0093,12.0186,0,-6.0093,305.08879758
742,09c90be3-bf8d-42d4-9dcf-1c877bc204fe,2026-07-07 06:20:16,2026-07-07 06:09:32,2026-07-07 06:20:16,2026-07-07 06:10:00,eth-updown-5m-1783404600,Up,0.51,6.0093,11.78294118,0,-6.0093,299.07949758
743,366071b1-5e60-41a3-b934-6de6ff3fb0fc,2026-07-07 06:22:17,2026-07-07 06:14:34,2026-07-07 06:22:17,2026-07-07 06:15:00,eth-updown-5m-1783404900,Up,0.53,6.0093,11.33830189,11.33830189,5.32900189,304.40849947
744,7a301a6e-5aae-459f-bd47-a8c17691135d,2026-07-07 06:29:36,2026-07-07 06:19:33,2026-07-07 06:29:36,2026-07-07 06:20:00,eth-updown-5m-1783405200,Up,0.52,6.0093,11.55634615,0,-6.0093,298.39919947
745,64631d32-3692-4820-93cc-e089d665ac54,2026-07-07 06:38:11,2026-07-07 06:29:33,2026-07-07 06:38:11,2026-07-07 06:30:00,eth-updown-5m-1783405800,Up,0.49,6.0093,12.26387755,12.26387755,6.25457755,304.65377702
746,21be234e-2943-48d0-8715-5654063c6d39,2026-07-07 06:41:55,2026-07-07 06:34:32,2026-07-07 06:41:55,2026-07-07 06:35:00,eth-updown-5m-1783406100,Up,0.48,6.0093,12.519375,12.519375,6.510075,311.16385202
747,7400c364-6eb3-4b53-93a2-80bab26d54a7,2026-07-07 06:47:12,2026-07-07 06:39:30,2026-07-07 06:47:12,2026-07-07 06:40:00,eth-updown-5m-1783406400,Up,0.45,6.0093,13.354,13.354,7.3447,318.50855202
748,a8a6dc05-e5f0-452a-a3c5-34ff676d7ee0,2026-07-07 06:52:31,2026-07-07 06:44:30,2026-07-07 06:52:31,2026-07-07 06:45:00,eth-updown-5m-1783406700,Up,0.48595663,6.00930002,12.36591837,12.36591837,6.35661835,324.86517037
749,bef58042-361b-48b1-9c8f-a2eaae7314a2,2026-07-07 07:00:04,2026-07-07 06:49:30,2026-07-07 07:00:04,2026-07-07 06:50:00,eth-updown-5m-1783407000,Up,0.46,6.0093,13.06369565,13.06369565,7.05439565,331.91956602
750,3526ebde-8a9b-451c-a78d-a73bdd0e8e57,2026-07-07 07:05:01,2026-07-07 06:54:30,2026-07-07 07:05:01,2026-07-07 06:55:00,eth-updown-5m-1783407300,Up,0.46230681,6.00929999,12.99851064,0,-6.00929999,325.91026603
751,bf80727c-1ff6-46f1-ba09-83032baa1b59,2026-07-07 07:10:02,2026-07-07 06:59:30,2026-07-07 07:10:02,2026-07-07 07:00:00,eth-updown-5m-1783407600,Up,0.49,6.0093,12.26387755,12.26387755,6.25457755,332.16484358
752,1f76beb1-925f-4ed3-b534-2ab33220e194,2026-07-07 07:15:07,2026-07-07 07:04:30,2026-07-07 07:15:07,2026-07-07 07:05:00,eth-updown-5m-1783407900,Up,0.5,6.0093,12.0186,0,-6.0093,326.15554358
753,9fdd20f2-6fb2-45a7-9f10-5980a31fbadd,2026-07-07 07:20:08,2026-07-07 07:09:30,2026-07-07 07:20:08,2026-07-07 07:10:00,eth-updown-5m-1783408200,Up,0.5,6.0093,12.0186,12.0186,6.0093,332.16484358
754,fbba7668-3d18-4920-a331-e12cfd26328e,2026-07-07 07:23:18,2026-07-07 07:14:30,2026-07-07 07:23:18,2026-07-07 07:15:00,eth-updown-5m-1783408500,Up,0.46,6.0093,13.06369565,0,-6.0093,326.15554358
755,8e731ecd-2d2b-4c08-8c76-6426292a5b27,2026-07-07 07:27:53,2026-07-07 07:19:30,2026-07-07 07:27:53,2026-07-07 07:20:00,eth-updown-5m-1783408800,Up,0.48,6.0093,12.519375,0,-6.0093,320.14624358
756,604ac39d-0eff-485d-b234-0419fec431c8,2026-07-07 07:35:19,2026-07-07 07:24:30,2026-07-07 07:35:19,2026-07-07 07:25:00,eth-updown-5m-1783409100,Up,0.51,6.0093,11.78294118,0,-6.0093,314.13694358
757,722df3c5-4af4-4fc4-9a24-951eba7c942a,2026-07-07 07:40:10,2026-07-07 07:29:30,2026-07-07 07:40:10,2026-07-07 07:30:00,eth-updown-5m-1783409400,Up,0.5,6.0093,12.0186,0,-6.0093,308.12764358
758,63ce1efd-0fd0-48a2-90ed-d1b76a1d5c27,2026-07-07 07:45:09,2026-07-07 07:34:30,2026-07-07 07:45:09,2026-07-07 07:35:00,eth-updown-5m-1783409700,Up,0.54546152,6.00929998,11.01690909,0,-6.00929998,302.1183436
759,cb3191d5-714a-4b5b-bb76-e476ff56b070,2026-07-07 07:47:39,2026-07-07 07:39:32,2026-07-07 07:47:39,2026-07-07 07:40:00,eth-updown-5m-1783410000,Up,0.55,6.0093,10.926,10.926,4.9167,307.0350436
760,47925a85-f018-427a-98e0-7daf1d819802,2026-07-07 07:52:23,2026-07-07 07:44:30,2026-07-07 07:52:23,2026-07-07 07:45:00,eth-updown-5m-1783410300,Up,0.54,6.0093,11.12833333,11.12833333,5.11903333,312.15407693
761,26884ce3-0e82-4d54-a332-15c437a15812,2026-07-07 08:00:04,2026-07-07 07:49:31,2026-07-07 08:00:04,2026-07-07 07:50:00,eth-updown-5m-1783410600,Up,0.52030271,6.00929996,11.54962264,0,-6.00929996,306.14477697
762,b7d3bb15-aade-42fc-abbc-a79e8fa8dc6f,2026-07-07 08:05:11,2026-07-07 07:54:31,2026-07-07 08:05:11,2026-07-07 07:55:00,eth-updown-5m-1783410900,Up,0.51547088,6.00930004,11.65788462,0,-6.00930004,300.13547693
763,adbd622f-f897-4cfe-803e-64e8e9247729,2026-07-07 08:09:54,2026-07-07 07:59:32,2026-07-07 08:09:54,2026-07-07 08:00:00,eth-updown-5m-1783411200,Up,0.54,6.0093,11.12833333,0,-6.0093,294.12617693
764,b0e86e0f-38f0-4311-9604-884b7461c243,2026-07-07 08:19:48,2026-07-07 08:09:39,2026-07-07 08:19:48,2026-07-07 08:10:00,eth-updown-5m-1783411800,Up,0.55,6.0093,10.926,10.926,4.9167,299.04287693
765,16d5d87a-610b-4a05-a143-c36abdc39153,2026-07-07 08:25:03,2026-07-07 08:14:32,2026-07-07 08:25:03,2026-07-07 08:15:00,eth-updown-5m-1783412100,Up,0.51,6.0093,11.78294118,11.78294118,5.77364118,304.81651811
766,a828942c-54da-4e6f-bfce-94e849b67778,2026-07-07 08:29:19,2026-07-07 08:19:30,2026-07-07 08:29:19,2026-07-07 08:20:00,eth-updown-5m-1783412400,Up,0.51,6.0093,11.78294118,0,-6.0093,298.80721811
767,92daa491-9bec-4481-804b-53c01daa1caa,2026-07-07 08:35:13,2026-07-07 08:24:30,2026-07-07 08:35:13,2026-07-07 08:25:00,eth-updown-5m-1783412700,Up,0.51,6.0093,11.78294118,0,-6.0093,292.79791811
768,777cfc0d-8115-4476-aeaf-5d6b8e597097,2026-07-07 08:39:44,2026-07-07 08:29:31,2026-07-07 08:39:44,2026-07-07 08:30:00,eth-updown-5m-1783413000,Up,0.5,6.0093,12.0186,0,-6.0093,286.78861811
769,62a51932-0a8b-4424-89ae-07230bee0945,2026-07-07 08:44:51,2026-07-07 08:34:37,2026-07-07 08:44:51,2026-07-07 08:35:00,eth-updown-5m-1783413300,Up,0.53,6.0093,11.33830189,11.33830189,5.32900189,292.11762
770,6bc1e983-2c4e-4f09-82df-6387927ca33a,2026-07-07 08:50:15,2026-07-07 08:39:30,2026-07-07 08:50:15,2026-07-07 08:40:00,eth-updown-5m-1783413600,Up,0.53,6.0093,11.33830189,0,-6.0093,286.10832
771,e768c8fc-9069-41ec-8d7c-f242cca92ce0,2026-07-07 08:53:49,2026-07-07 08:44:35,2026-07-07 08:53:49,2026-07-07 08:45:00,eth-updown-5m-1783413900,Up,0.53,6.0093,11.33830189,11.33830189,5.32900189,291.43732189
772,c76abd78-0557-4f3d-a1f4-750b9e8b0fee,2026-07-07 09:00:10,2026-07-07 08:49:30,2026-07-07 09:00:10,2026-07-07 08:50:00,eth-updown-5m-1783414200,Up,0.53,6.0093,11.33830189,0,-6.0093,285.42802189
773,403161cc-45d5-4450-9086-90d30106999e,2026-07-07 09:05:21,2026-07-07 08:54:31,2026-07-07 09:05:21,2026-07-07 08:55:00,eth-updown-5m-1783414500,Up,0.52,6.0093,11.55634615,11.55634615,5.54704615,290.97506804
774,7eab8715-fd66-4f03-9e6c-6a587cb54915,2026-07-07 09:10:15,2026-07-07 08:59:30,2026-07-07 09:10:15,2026-07-07 09:00:00,eth-updown-5m-1783414800,Up,0.51,6.0093,11.78294118,11.78294118,5.77364118,296.74870922
775,3dd0e6db-fa8b-4bf3-8ac0-85609b93bedf,2026-07-07 09:13:12,2026-07-07 09:04:30,2026-07-07 09:13:12,2026-07-07 09:05:00,eth-updown-5m-1783415100,Up,0.51,6.0093,11.78294118,0,-6.0093,290.73940922
776,b470a221-cec6-4ce4-9c47-f24de89c1468,2026-07-07 09:20:17,2026-07-07 09:09:30,2026-07-07 09:20:17,2026-07-07 09:10:00,eth-updown-5m-1783415400,Up,0.48595663,6.00930002,12.36591837,12.36591837,6.35661835,297.09602757
777,06e8253f-ea6b-40b3-ad00-4d7e97dceed6,2026-07-07 09:25:02,2026-07-07 09:14:31,2026-07-07 09:25:02,2026-07-07 09:15:00,eth-updown-5m-1783415700,Up,0.49,6.0093,12.26387755,0,-6.0093,291.08672757
778,17ee6197-e320-4f3a-8117-47a6baf543e7,2026-07-07 09:30:10,2026-07-07 09:19:30,2026-07-07 09:30:10,2026-07-07 09:20:00,eth-updown-5m-1783416000,Up,0.4880708,6.00929995,12.31235294,0,-6.00929995,285.07742762
779,2c8ff20c-1d1a-4c60-8430-a5593e34074b,2026-07-07 09:35:20,2026-07-07 09:24:31,2026-07-07 09:35:20,2026-07-07 09:25:00,eth-updown-5m-1783416300,Up,0.51,6.0093,11.78294118,11.78294118,5.77364118,290.8510688
780,e60f2c70-0102-4747-a2f5-f6dd2639869a,2026-07-07 09:40:18,2026-07-07 09:29:32,2026-07-07 09:40:18,2026-07-07 09:30:00,eth-updown-5m-1783416600,Up,0.51046066,6.00929995,11.77230769,11.77230769,5.76300774,296.61407654
781,c385d4ae-84b9-4c29-ba98-7bdbed3dc784,2026-07-07 09:44:24,2026-07-07 09:34:31,2026-07-07 09:44:24,2026-07-07 09:35:00,eth-updown-5m-1783416900,Up,0.51,6.0093,11.78294118,0,-6.0093,290.60477654
782,5c4e58bc-61e7-4ef1-ab77-29b5bebaad37,2026-07-07 09:50:19,2026-07-07 09:39:30,2026-07-07 09:50:19,2026-07-07 09:40:00,eth-updown-5m-1783417200,Up,0.48,6.0093,12.519375,12.519375,6.510075,297.11485154
