"Asset","StrategyName","Side","N","TriggerCondition","BetOutcome","Price","StakeUsd","Bets","Wins","Losses","WinRatePct","PnlUsd","RoiPct","FirstBetUtc","LastBetUtc","MaxConsecutiveWins","MaxConsecutiveLosses"
"BTC","BTC Down 1 Diff","Down","1","-Diff >= 1","Up","0.5","1","41","25","16","60.9756","9","21.9512","2026-04-07T18:40:00Z","2026-06-06T20:15:00Z","9","4"
"BTC","BTC Down 2 Diff","Down","2","-Diff >= 2","Up","0.5","1","27","16","11","59.2593","5","18.5185","2026-04-07T18:45:00Z","2026-04-07T21:35:00Z","3","3"
"BTC","BTC Down 3 Diff","Down","3","-Diff >= 3","Up","0.5","1","15","11","4","73.3333","7","46.6667","2026-04-07T18:50:00Z","2026-04-07T21:30:00Z","5","2"
"BTC","BTC Down 4 Diff","Down","4","-Diff >= 4","Up","0.5","1","5","4","1","80","3","60","2026-04-07T18:55:00Z","2026-04-07T20:55:00Z","3","1"
"BTC","BTC Down 5 Diff","Down","5","-Diff >= 5","Up","0.5","1","1","1","0","100","1","100","2026-04-07T19:40:00Z","2026-04-07T19:40:00Z","1","0"
"BTC","BTC Down 6 Diff","Down","6","-Diff >= 6","Up","0.5","1","0","0","0","0","0","0",,,"0","0"
"BTC","BTC Down 7 Diff","Down","7","-Diff >= 7","Up","0.5","1","0","0","0","0","0","0",,,"0","0"
"BTC","BTC Down 8 Diff","Down","8","-Diff >= 8","Up","0.5","1","0","0","0","0","0","0",,,"0","0"
"BTC","BTC Down 9 Diff","Down","9","-Diff >= 9","Up","0.5","1","0","0","0","0","0","0",,,"0","0"
"BTC","BTC Down 10 Diff","Down","10","-Diff >= 10","Up","0.5","1","0","0","0","0","0","0",,,"0","0"
"BTC","BTC Down 11 Diff","Down","11","-Diff >= 11","Up","0.5","1","0","0","0","0","0","0",,,"0","0"
"BTC","BTC Down 12 Diff","Down","12","-Diff >= 12","Up","0.5","1","0","0","0","0","0","0",,,"0","0"
"BTC","BTC Down 13 Diff","Down","13","-Diff >= 13","Up","0.5","1","0","0","0","0","0","0",,,"0","0"
"BTC","BTC Down 14 Diff","Down","14","-Diff >= 14","Up","0.5","1","0","0","0","0","0","0",,,"0","0"
"BTC","BTC Down 15 Diff","Down","15","-Diff >= 15","Up","0.5","1","0","0","0","0","0","0",,,"0","0"
"BTC","BTC Down 16 Diff","Down","16","-Diff >= 16","Up","0.5","1","0","0","0","0","0","0",,,"0","0"
"BTC","BTC Down 17 Diff","Down","17","-Diff >= 17","Up","0.5","1","0","0","0","0","0","0",,,"0","0"
"BTC","BTC Down 18 Diff","Down","18","-Diff >= 18","Up","0.5","1","0","0","0","0","0","0",,,"0","0"
"BTC","BTC Down 19 Diff","Down","19","-Diff >= 19","Up","0.5","1","0","0","0","0","0","0",,,"0","0"
"BTC","BTC Down 20 Diff","Down","20","-Diff >= 20","Up","0.5","1","0","0","0","0","0","0",,,"0","0"
"BTC","BTC Down 21 Diff","Down","21","-Diff >= 21","Up","0.5","1","0","0","0","0","0","0",,,"0","0"
"BTC","BTC Down 22 Diff","Down","22","-Diff >= 22","Up","0.5","1","0","0","0","0","0","0",,,"0","0"
"BTC","BTC Down 23 Diff","Down","23","-Diff >= 23","Up","0.5","1","0","0","0","0","0","0",,,"0","0"
"BTC","BTC Down 24 Diff","Down","24","-Diff >= 24","Up","0.5","1","0","0","0","0","0","0",,,"0","0"
"BTC","BTC Down 25 Diff","Down","25","-Diff >= 25","Up","0.5","1","0","0","0","0","0","0",,,"0","0"
"BTC","BTC Down 26 Diff","Down","26","-Diff >= 26","Up","0.5","1","0","0","0","0","0","0",,,"0","0"
"BTC","BTC Down 27 Diff","Down","27","-Diff >= 27","Up","0.5","1","0","0","0","0","0","0",,,"0","0"
"BTC","BTC Down 28 Diff","Down","28","-Diff >= 28","Up","0.5","1","0","0","0","0","0","0",,,"0","0"
"BTC","BTC Down 29 Diff","Down","29","-Diff >= 29","Up","0.5","1","0","0","0","0","0","0",,,"0","0"
"BTC","BTC Down 30 Diff","Down","30","-Diff >= 30","Up","0.5","1","0","0","0","0","0","0",,,"0","0"
"BTC","BTC Down 31 Diff","Down","31","-Diff >= 31","Up","0.5","1","0","0","0","0","0","0",,,"0","0"
"BTC","BTC Down 32 Diff","Down","32","-Diff >= 32","Up","0.5","1","0","0","0","0","0","0",,,"0","0"
"BTC","BTC Down 33 Diff","Down","33","-Diff >= 33","Up","0.5","1","0","0","0","0","0","0",,,"0","0"
"BTC","BTC Down 34 Diff","Down","34","-Diff >= 34","Up","0.5","1","0","0","0","0","0","0",,,"0","0"
"BTC","BTC Down 35 Diff","Down","35","-Diff >= 35","Up","0.5","1","0","0","0","0","0","0",,,"0","0"
"BTC","BTC Down 36 Diff","Down","36","-Diff >= 36","Up","0.5","1","0","0","0","0","0","0",,,"0","0"
"BTC","BTC Down 37 Diff","Down","37","-Diff >= 37","Up","0.5","1","0","0","0","0","0","0",,,"0","0"
"BTC","BTC Down 38 Diff","Down","38","-Diff >= 38","Up","0.5","1","0","0","0","0","0","0",,,"0","0"
"BTC","BTC Down 39 Diff","Down","39","-Diff >= 39","Up","0.5","1","0","0","0","0","0","0",,,"0","0"
"BTC","BTC Down 40 Diff","Down","40","-Diff >= 40","Up","0.5","1","0","0","0","0","0","0",,,"0","0"
"BTC","BTC Down 41 Diff","Down","41","-Diff >= 41","Up","0.5","1","0","0","0","0","0","0",,,"0","0"
"BTC","BTC Down 42 Diff","Down","42","-Diff >= 42","Up","0.5","1","0","0","0","0","0","0",,,"0","0"
"BTC","BTC Down 43 Diff","Down","43","-Diff >= 43","Up","0.5","1","0","0","0","0","0","0",,,"0","0"
"BTC","BTC Down 44 Diff","Down","44","-Diff >= 44","Up","0.5","1","0","0","0","0","0","0",,,"0","0"
"BTC","BTC Down 45 Diff","Down","45","-Diff >= 45","Up","0.5","1","0","0","0","0","0","0",,,"0","0"
"BTC","BTC Down 46 Diff","Down","46","-Diff >= 46","Up","0.5","1","0","0","0","0","0","0",,,"0","0"
"BTC","BTC Down 47 Diff","Down","47","-Diff >= 47","Up","0.5","1","0","0","0","0","0","0",,,"0","0"
"BTC","BTC Down 48 Diff","Down","48","-Diff >= 48","Up","0.5","1","0","0","0","0","0","0",,,"0","0"
"BTC","BTC Down 49 Diff","Down","49","-Diff >= 49","Up","0.5","1","0","0","0","0","0","0",,,"0","0"
"BTC","BTC Down 50 Diff","Down","50","-Diff >= 50","Up","0.5","1","0","0","0","0","0","0",,,"0","0"
"BTC","BTC Down 51 Diff","Down","51","-Diff >= 51","Up","0.5","1","0","0","0","0","0","0",,,"0","0"
"BTC","BTC Down 52 Diff","Down","52","-Diff >= 52","Up","0.5","1","0","0","0","0","0","0",,,"0","0"
"BTC","BTC Down 53 Diff","Down","53","-Diff >= 53","Up","0.5","1","0","0","0","0","0","0",,,"0","0"
"BTC","BTC Down 54 Diff","Down","54","-Diff >= 54","Up","0.5","1","0","0","0","0","0","0",,,"0","0"
"BTC","BTC Down 55 Diff","Down","55","-Diff >= 55","Up","0.5","1","0","0","0","0","0","0",,,"0","0"
"BTC","BTC Down 56 Diff","Down","56","-Diff >= 56","Up","0.5","1","0","0","0","0","0","0",,,"0","0"
"BTC","BTC Down 57 Diff","Down","57","-Diff >= 57","Up","0.5","1","0","0","0","0","0","0",,,"0","0"
"BTC","BTC Down 58 Diff","Down","58","-Diff >= 58","Up","0.5","1","0","0","0","0","0","0",,,"0","0"
"BTC","BTC Down 59 Diff","Down","59","-Diff >= 59","Up","0.5","1","0","0","0","0","0","0",,,"0","0"
"BTC","BTC Down 60 Diff","Down","60","-Diff >= 60","Up","0.5","1","0","0","0","0","0","0",,,"0","0"
"BTC","BTC Down 61 Diff","Down","61","-Diff >= 61","Up","0.5","1","0","0","0","0","0","0",,,"0","0"
"BTC","BTC Down 62 Diff","Down","62","-Diff >= 62","Up","0.5","1","0","0","0","0","0","0",,,"0","0"
"BTC","BTC Down 63 Diff","Down","63","-Diff >= 63","Up","0.5","1","0","0","0","0","0","0",,,"0","0"
"BTC","BTC Down 64 Diff","Down","64","-Diff >= 64","Up","0.5","1","0","0","0","0","0","0",,,"0","0"
"BTC","BTC Down 65 Diff","Down","65","-Diff >= 65","Up","0.5","1","0","0","0","0","0","0",,,"0","0"
"BTC","BTC Down 66 Diff","Down","66","-Diff >= 66","Up","0.5","1","0","0","0","0","0","0",,,"0","0"
"BTC","BTC Down 67 Diff","Down","67","-Diff >= 67","Up","0.5","1","0","0","0","0","0","0",,,"0","0"
"BTC","BTC Down 68 Diff","Down","68","-Diff >= 68","Up","0.5","1","0","0","0","0","0","0",,,"0","0"
"BTC","BTC Down 69 Diff","Down","69","-Diff >= 69","Up","0.5","1","0","0","0","0","0","0",,,"0","0"
"BTC","BTC Down 70 Diff","Down","70","-Diff >= 70","Up","0.5","1","0","0","0","0","0","0",,,"0","0"
"BTC","BTC Down 71 Diff","Down","71","-Diff >= 71","Up","0.5","1","0","0","0","0","0","0",,,"0","0"
"BTC","BTC Down 72 Diff","Down","72","-Diff >= 72","Up","0.5","1","0","0","0","0","0","0",,,"0","0"
"BTC","BTC Down 73 Diff","Down","73","-Diff >= 73","Up","0.5","1","0","0","0","0","0","0",,,"0","0"
"BTC","BTC Down 74 Diff","Down","74","-Diff >= 74","Up","0.5","1","0","0","0","0","0","0",,,"0","0"
"BTC","BTC Down 75 Diff","Down","75","-Diff >= 75","Up","0.5","1","0","0","0","0","0","0",,,"0","0"
"BTC","BTC Down 76 Diff","Down","76","-Diff >= 76","Up","0.5","1","0","0","0","0","0","0",,,"0","0"
"BTC","BTC Down 77 Diff","Down","77","-Diff >= 77","Up","0.5","1","0","0","0","0","0","0",,,"0","0"
"BTC","BTC Down 78 Diff","Down","78","-Diff >= 78","Up","0.5","1","0","0","0","0","0","0",,,"0","0"
"BTC","BTC Down 79 Diff","Down","79","-Diff >= 79","Up","0.5","1","0","0","0","0","0","0",,,"0","0"
"BTC","BTC Down 80 Diff","Down","80","-Diff >= 80","Up","0.5","1","0","0","0","0","0","0",,,"0","0"
"BTC","BTC Down 81 Diff","Down","81","-Diff >= 81","Up","0.5","1","0","0","0","0","0","0",,,"0","0"
"BTC","BTC Down 82 Diff","Down","82","-Diff >= 82","Up","0.5","1","0","0","0","0","0","0",,,"0","0"
"BTC","BTC Down 83 Diff","Down","83","-Diff >= 83","Up","0.5","1","0","0","0","0","0","0",,,"0","0"
"BTC","BTC Down 84 Diff","Down","84","-Diff >= 84","Up","0.5","1","0","0","0","0","0","0",,,"0","0"
"BTC","BTC Down 85 Diff","Down","85","-Diff >= 85","Up","0.5","1","0","0","0","0","0","0",,,"0","0"
"BTC","BTC Down 86 Diff","Down","86","-Diff >= 86","Up","0.5","1","0","0","0","0","0","0",,,"0","0"
"BTC","BTC Down 87 Diff","Down","87","-Diff >= 87","Up","0.5","1","0","0","0","0","0","0",,,"0","0"
"BTC","BTC Down 88 Diff","Down","88","-Diff >= 88","Up","0.5","1","0","0","0","0","0","0",,,"0","0"
"BTC","BTC Down 89 Diff","Down","89","-Diff >= 89","Up","0.5","1","0","0","0","0","0","0",,,"0","0"
"BTC","BTC Down 90 Diff","Down","90","-Diff >= 90","Up","0.5","1","0","0","0","0","0","0",,,"0","0"
"BTC","BTC Down 91 Diff","Down","91","-Diff >= 91","Up","0.5","1","0","0","0","0","0","0",,,"0","0"
"BTC","BTC Down 92 Diff","Down","92","-Diff >= 92","Up","0.5","1","0","0","0","0","0","0",,,"0","0"
"BTC","BTC Down 93 Diff","Down","93","-Diff >= 93","Up","0.5","1","0","0","0","0","0","0",,,"0","0"
"BTC","BTC Down 94 Diff","Down","94","-Diff >= 94","Up","0.5","1","0","0","0","0","0","0",,,"0","0"
"BTC","BTC Down 95 Diff","Down","95","-Diff >= 95","Up","0.5","1","0","0","0","0","0","0",,,"0","0"
"BTC","BTC Down 96 Diff","Down","96","-Diff >= 96","Up","0.5","1","0","0","0","0","0","0",,,"0","0"
"BTC","BTC Down 97 Diff","Down","97","-Diff >= 97","Up","0.5","1","0","0","0","0","0","0",,,"0","0"
"BTC","BTC Down 98 Diff","Down","98","-Diff >= 98","Up","0.5","1","0","0","0","0","0","0",,,"0","0"
"BTC","BTC Down 99 Diff","Down","99","-Diff >= 99","Up","0.5","1","0","0","0","0","0","0",,,"0","0"
"BTC","BTC Down 100 Diff","Down","100","-Diff >= 100","Up","0.5","1","0","0","0","0","0","0",,,"0","0"
"BTC","BTC Down 101 Diff","Down","101","-Diff >= 101","Up","0.5","1","0","0","0","0","0","0",,,"0","0"
"BTC","BTC Down 102 Diff","Down","102","-Diff >= 102","Up","0.5","1","0","0","0","0","0","0",,,"0","0"
"BTC","BTC Down 103 Diff","Down","103","-Diff >= 103","Up","0.5","1","0","0","0","0","0","0",,,"0","0"
"BTC","BTC Down 104 Diff","Down","104","-Diff >= 104","Up","0.5","1","0","0","0","0","0","0",,,"0","0"
"BTC","BTC Down 105 Diff","Down","105","-Diff >= 105","Up","0.5","1","0","0","0","0","0","0",,,"0","0"
"BTC","BTC Down 106 Diff","Down","106","-Diff >= 106","Up","0.5","1","0","0","0","0","0","0",,,"0","0"
"BTC","BTC Down 107 Diff","Down","107","-Diff >= 107","Up","0.5","1","0","0","0","0","0","0",,,"0","0"
"BTC","BTC Down 108 Diff","Down","108","-Diff >= 108","Up","0.5","1","0","0","0","0","0","0",,,"0","0"
"BTC","BTC Down 109 Diff","Down","109","-Diff >= 109","Up","0.5","1","0","0","0","0","0","0",,,"0","0"
"BTC","BTC Down 110 Diff","Down","110","-Diff >= 110","Up","0.5","1","0","0","0","0","0","0",,,"0","0"
"BTC","BTC Down 111 Diff","Down","111","-Diff >= 111","Up","0.5","1","0","0","0","0","0","0",,,"0","0"
"BTC","BTC Down 112 Diff","Down","112","-Diff >= 112","Up","0.5","1","0","0","0","0","0","0",,,"0","0"
"BTC","BTC Down 113 Diff","Down","113","-Diff >= 113","Up","0.5","1","0","0","0","0","0","0",,,"0","0"
"BTC","BTC Down 114 Diff","Down","114","-Diff >= 114","Up","0.5","1","0","0","0","0","0","0",,,"0","0"
"BTC","BTC Down 115 Diff","Down","115","-Diff >= 115","Up","0.5","1","0","0","0","0","0","0",,,"0","0"
"BTC","BTC Down 116 Diff","Down","116","-Diff >= 116","Up","0.5","1","0","0","0","0","0","0",,,"0","0"
"BTC","BTC Down 117 Diff","Down","117","-Diff >= 117","Up","0.5","1","0","0","0","0","0","0",,,"0","0"
"BTC","BTC Down 118 Diff","Down","118","-Diff >= 118","Up","0.5","1","0","0","0","0","0","0",,,"0","0"
"BTC","BTC Down 119 Diff","Down","119","-Diff >= 119","Up","0.5","1","0","0","0","0","0","0",,,"0","0"
"BTC","BTC Down 120 Diff","Down","120","-Diff >= 120","Up","0.5","1","0","0","0","0","0","0",,,"0","0"
"BTC","BTC Down 121 Diff","Down","121","-Diff >= 121","Up","0.5","1","0","0","0","0","0","0",,,"0","0"
"BTC","BTC Down 122 Diff","Down","122","-Diff >= 122","Up","0.5","1","0","0","0","0","0","0",,,"0","0"
"BTC","BTC Down 123 Diff","Down","123","-Diff >= 123","Up","0.5","1","0","0","0","0","0","0",,,"0","0"
"BTC","BTC Down 124 Diff","Down","124","-Diff >= 124","Up","0.5","1","0","0","0","0","0","0",,,"0","0"
"BTC","BTC Down 125 Diff","Down","125","-Diff >= 125","Up","0.5","1","0","0","0","0","0","0",,,"0","0"
"BTC","BTC Down 126 Diff","Down","126","-Diff >= 126","Up","0.5","1","0","0","0","0","0","0",,,"0","0"
"BTC","BTC Down 127 Diff","Down","127","-Diff >= 127","Up","0.5","1","0","0","0","0","0","0",,,"0","0"
"BTC","BTC Down 128 Diff","Down","128","-Diff >= 128","Up","0.5","1","0","0","0","0","0","0",,,"0","0"
"BTC","BTC Down 129 Diff","Down","129","-Diff >= 129","Up","0.5","1","0","0","0","0","0","0",,,"0","0"
"BTC","BTC Down 130 Diff","Down","130","-Diff >= 130","Up","0.5","1","0","0","0","0","0","0",,,"0","0"
"BTC","BTC Down 131 Diff","Down","131","-Diff >= 131","Up","0.5","1","0","0","0","0","0","0",,,"0","0"
"BTC","BTC Down 132 Diff","Down","132","-Diff >= 132","Up","0.5","1","0","0","0","0","0","0",,,"0","0"
"BTC","BTC Down 133 Diff","Down","133","-Diff >= 133","Up","0.5","1","0","0","0","0","0","0",,,"0","0"
"BTC","BTC Down 134 Diff","Down","134","-Diff >= 134","Up","0.5","1","0","0","0","0","0","0",,,"0","0"
"BTC","BTC Down 135 Diff","Down","135","-Diff >= 135","Up","0.5","1","0","0","0","0","0","0",,,"0","0"
"BTC","BTC Down 136 Diff","Down","136","-Diff >= 136","Up","0.5","1","0","0","0","0","0","0",,,"0","0"
"BTC","BTC Down 137 Diff","Down","137","-Diff >= 137","Up","0.5","1","0","0","0","0","0","0",,,"0","0"
"BTC","BTC Down 138 Diff","Down","138","-Diff >= 138","Up","0.5","1","0","0","0","0","0","0",,,"0","0"
"BTC","BTC Down 139 Diff","Down","139","-Diff >= 139","Up","0.5","1","0","0","0","0","0","0",,,"0","0"
"BTC","BTC Down 140 Diff","Down","140","-Diff >= 140","Up","0.5","1","0","0","0","0","0","0",,,"0","0"
"BTC","BTC Down 141 Diff","Down","141","-Diff >= 141","Up","0.5","1","0","0","0","0","0","0",,,"0","0"
"BTC","BTC Down 142 Diff","Down","142","-Diff >= 142","Up","0.5","1","0","0","0","0","0","0",,,"0","0"
"BTC","BTC Down 143 Diff","Down","143","-Diff >= 143","Up","0.5","1","0","0","0","0","0","0",,,"0","0"
"BTC","BTC Down 144 Diff","Down","144","-Diff >= 144","Up","0.5","1","0","0","0","0","0","0",,,"0","0"
"BTC","BTC Down 145 Diff","Down","145","-Diff >= 145","Up","0.5","1","0","0","0","0","0","0",,,"0","0"
"BTC","BTC Down 146 Diff","Down","146","-Diff >= 146","Up","0.5","1","0","0","0","0","0","0",,,"0","0"
"BTC","BTC Down 147 Diff","Down","147","-Diff >= 147","Up","0.5","1","0","0","0","0","0","0",,,"0","0"
"BTC","BTC Down 148 Diff","Down","148","-Diff >= 148","Up","0.5","1","0","0","0","0","0","0",,,"0","0"
"BTC","BTC Down 149 Diff","Down","149","-Diff >= 149","Up","0.5","1","0","0","0","0","0","0",,,"0","0"
"BTC","BTC Down 150 Diff","Down","150","-Diff >= 150","Up","0.5","1","0","0","0","0","0","0",,,"0","0"
"BTC","BTC Up 1 Diff","Up","1","Diff >= 1","Down","0.5","1","17505","8742","8763","49.94","-21","-0.12","2026-04-07T22:10:00Z","2026-06-07T18:35:00Z","12","12"
"BTC","BTC Up 2 Diff","Up","2","Diff >= 2","Down","0.5","1","17490","8734","8756","49.9371","-22","-0.1258","2026-04-07T22:15:00Z","2026-06-07T18:35:00Z","12","12"
"BTC","BTC Up 3 Diff","Up","3","Diff >= 3","Down","0.5","1","17469","8728","8741","49.9628","-13","-0.0744","2026-04-07T22:30:00Z","2026-06-07T18:35:00Z","12","12"
"BTC","BTC Up 4 Diff","Up","4","Diff >= 4","Down","0.5","1","17439","8714","8725","49.9685","-11","-0.0631","2026-04-07T22:35:00Z","2026-06-07T18:35:00Z","12","12"
"BTC","BTC Up 5 Diff","Up","5","Diff >= 5","Down","0.5","1","17405","8699","8706","49.9799","-7","-0.0402","2026-04-07T22:40:00Z","2026-06-07T18:35:00Z","12","12"
"BTC","BTC Up 6 Diff","Up","6","Diff >= 6","Down","0.5","1","17365","8681","8684","49.9914","-3","-0.0173","2026-04-07T22:55:00Z","2026-06-07T18:35:00Z","12","12"
"BTC","BTC Up 7 Diff","Up","7","Diff >= 7","Down","0.5","1","17311","8660","8651","50.026","9","0.052","2026-04-07T23:00:00Z","2026-06-07T18:35:00Z","12","12"
"BTC","BTC Up 8 Diff","Up","8","Diff >= 8","Down","0.5","1","17246","8628","8618","50.029","10","0.058","2026-04-07T23:15:00Z","2026-06-07T18:35:00Z","12","11"
"BTC","BTC Up 9 Diff","Up","9","Diff >= 9","Down","0.5","1","17175","8596","8579","50.0495","17","0.099","2026-04-07T23:20:00Z","2026-06-07T18:35:00Z","12","11"
"BTC","BTC Up 10 Diff","Up","10","Diff >= 10","Down","0.5","1","17106","8558","8548","50.0292","10","0.0585","2026-04-07T23:25:00Z","2026-06-07T18:35:00Z","12","11"
"BTC","BTC Up 11 Diff","Up","11","Diff >= 11","Down","0.5","1","17043","8528","8515","50.0381","13","0.0763","2026-04-07T23:30:00Z","2026-06-07T18:35:00Z","12","11"
"BTC","BTC Up 12 Diff","Up","12","Diff >= 12","Down","0.5","1","16981","8496","8485","50.0324","11","0.0648","2026-04-08T08:35:00Z","2026-06-07T18:35:00Z","12","11"
"BTC","BTC Up 13 Diff","Up","13","Diff >= 13","Down","0.5","1","16918","8467","8451","50.0473","16","0.0946","2026-04-08T11:20:00Z","2026-06-07T18:35:00Z","12","11"
"BTC","BTC Up 14 Diff","Up","14","Diff >= 14","Down","0.5","1","16848","8434","8414","50.0594","20","0.1187","2026-04-08T11:55:00Z","2026-06-07T18:35:00Z","12","11"
"BTC","BTC Up 15 Diff","Up","15","Diff >= 15","Down","0.5","1","16787","8398","8389","50.0268","9","0.0536","2026-04-08T12:40:00Z","2026-06-07T18:35:00Z","12","11"
"BTC","BTC Up 16 Diff","Up","16","Diff >= 16","Down","0.5","1","16736","8374","8362","50.0359","12","0.0717","2026-04-08T12:45:00Z","2026-06-07T18:35:00Z","12","11"
"BTC","BTC Up 17 Diff","Up","17","Diff >= 17","Down","0.5","1","16674","8348","8326","50.066","22","0.1319","2026-04-08T13:00:00Z","2026-06-07T18:35:00Z","12","11"
"BTC","BTC Up 18 Diff","Up","18","Diff >= 18","Down","0.5","1","16596","8313","8283","50.0904","30","0.1808","2026-04-08T13:05:00Z","2026-06-07T18:35:00Z","12","11"
"BTC","BTC Up 19 Diff","Up","19","Diff >= 19","Down","0.5","1","16519","8271","8248","50.0696","23","0.1392","2026-04-08T13:10:00Z","2026-06-07T18:35:00Z","12","11"
"BTC","BTC Up 20 Diff","Up","20","Diff >= 20","Down","0.5","1","16453","8237","8216","50.0638","21","0.1276","2026-04-08T16:05:00Z","2026-06-07T18:35:00Z","12","11"
"BTC","BTC Up 21 Diff","Up","21","Diff >= 21","Down","0.5","1","16385","8206","8179","50.0824","27","0.1648","2026-04-08T16:20:00Z","2026-06-07T18:35:00Z","12","11"
"BTC","BTC Up 22 Diff","Up","22","Diff >= 22","Down","0.5","1","16317","8170","8147","50.0705","23","0.141","2026-04-08T16:25:00Z","2026-06-07T18:35:00Z","12","11"
"BTC","BTC Up 23 Diff","Up","23","Diff >= 23","Down","0.5","1","16261","8139","8122","50.0523","17","0.1045","2026-04-08T16:50:00Z","2026-06-07T18:35:00Z","12","11"
"BTC","BTC Up 24 Diff","Up","24","Diff >= 24","Down","0.5","1","16200","8115","8085","50.0926","30","0.1852","2026-04-08T17:05:00Z","2026-06-07T18:35:00Z","12","11"
"BTC","BTC Up 25 Diff","Up","25","Diff >= 25","Down","0.5","1","16128","8079","8049","50.093","30","0.186","2026-04-08T17:40:00Z","2026-06-07T18:35:00Z","12","11"
"BTC","BTC Up 26 Diff","Up","26","Diff >= 26","Down","0.5","1","16056","8044","8012","50.0997","32","0.1993","2026-04-08T17:45:00Z","2026-06-07T18:35:00Z","12","11"
"BTC","BTC Up 27 Diff","Up","27","Diff >= 27","Down","0.5","1","15987","8008","7979","50.0907","29","0.1814","2026-04-08T17:50:00Z","2026-06-07T18:35:00Z","12","11"
"BTC","BTC Up 28 Diff","Up","28","Diff >= 28","Down","0.5","1","15929","7976","7953","50.0722","23","0.1444","2026-04-09T07:15:00Z","2026-06-07T18:35:00Z","12","11"
"BTC","BTC Up 29 Diff","Up","29","Diff >= 29","Down","0.5","1","15871","7951","7920","50.0977","31","0.1953","2026-04-09T07:40:00Z","2026-06-07T18:35:00Z","12","11"
"BTC","BTC Up 30 Diff","Up","30","Diff >= 30","Down","0.5","1","15809","7919","7890","50.0917","29","0.1834","2026-04-10T16:55:00Z","2026-06-07T18:35:00Z","12","11"
"BTC","BTC Up 31 Diff","Up","31","Diff >= 31","Down","0.5","1","15752","7890","7862","50.0889","28","0.1778","2026-04-10T17:00:00Z","2026-06-07T18:35:00Z","12","11"
"BTC","BTC Up 32 Diff","Up","32","Diff >= 32","Down","0.5","1","15700","7862","7838","50.0764","24","0.1529","2026-04-10T17:25:00Z","2026-06-07T17:20:00Z","12","11"
"BTC","BTC Up 33 Diff","Up","33","Diff >= 33","Down","0.5","1","15654","7838","7816","50.0703","22","0.1405","2026-04-10T17:30:00Z","2026-06-07T17:15:00Z","12","11"
"BTC","BTC Up 34 Diff","Up","34","Diff >= 34","Down","0.5","1","15606","7816","7790","50.0833","26","0.1666","2026-04-10T17:45:00Z","2026-06-05T10:00:00Z","12","11"
"BTC","BTC Up 35 Diff","Up","35","Diff >= 35","Down","0.5","1","15560","7790","7770","50.0643","20","0.1285","2026-04-10T17:50:00Z","2026-06-05T09:55:00Z","12","11"
"BTC","BTC Up 36 Diff","Up","36","Diff >= 36","Down","0.5","1","15526","7770","7756","50.0451","14","0.0902","2026-04-10T17:55:00Z","2026-06-05T03:50:00Z","12","11"
"BTC","BTC Up 37 Diff","Up","37","Diff >= 37","Down","0.5","1","15491","7756","7735","50.0678","21","0.1356","2026-04-10T18:00:00Z","2026-06-05T03:35:00Z","12","11"
"BTC","BTC Up 38 Diff","Up","38","Diff >= 38","Down","0.5","1","15453","7735","7718","50.055","17","0.11","2026-04-10T18:15:00Z","2026-06-05T03:20:00Z","12","11"
"BTC","BTC Up 39 Diff","Up","39","Diff >= 39","Down","0.5","1","15416","7718","7698","50.0649","20","0.1297","2026-04-10T18:50:00Z","2026-06-05T03:05:00Z","12","11"
"BTC","BTC Up 40 Diff","Up","40","Diff >= 40","Down","0.5","1","15376","7698","7678","50.065","20","0.1301","2026-04-10T18:55:00Z","2026-06-05T03:00:00Z","12","11"
"BTC","BTC Up 41 Diff","Up","41","Diff >= 41","Down","0.5","1","15331","7678","7653","50.0815","25","0.1631","2026-04-10T19:00:00Z","2026-06-05T02:55:00Z","12","11"
"BTC","BTC Up 42 Diff","Up","42","Diff >= 42","Down","0.5","1","15276","7653","7623","50.0982","30","0.1964","2026-04-10T19:05:00Z","2026-06-05T02:50:00Z","12","11"
"BTC","BTC Up 43 Diff","Up","43","Diff >= 43","Down","0.5","1","15219","7623","7596","50.0887","27","0.1774","2026-04-10T21:00:00Z","2026-06-05T02:45:00Z","12","11"
"BTC","BTC Up 44 Diff","Up","44","Diff >= 44","Down","0.5","1","15170","7596","7574","50.0725","22","0.145","2026-04-10T21:55:00Z","2026-06-05T02:40:00Z","12","11"
"BTC","BTC Up 45 Diff","Up","45","Diff >= 45","Down","0.5","1","15123","7574","7549","50.0827","25","0.1653","2026-04-10T22:00:00Z","2026-06-05T02:15:00Z","12","11"
"BTC","BTC Up 46 Diff","Up","46","Diff >= 46","Down","0.5","1","15079","7549","7530","50.063","19","0.126","2026-04-10T22:05:00Z","2026-06-05T02:10:00Z","12","11"
"BTC","BTC Up 47 Diff","Up","47","Diff >= 47","Down","0.5","1","15048","7530","7518","50.0399","12","0.0797","2026-04-13T04:40:00Z","2026-06-05T02:05:00Z","12","11"
"BTC","BTC Up 48 Diff","Up","48","Diff >= 48","Down","0.5","1","15026","7518","7508","50.0333","10","0.0666","2026-04-13T06:05:00Z","2026-06-05T02:00:00Z","12","11"
"BTC","BTC Up 49 Diff","Up","49","Diff >= 49","Down","0.5","1","15009","7508","7501","50.0233","7","0.0466","2026-04-13T06:10:00Z","2026-06-05T00:35:00Z","12","11"
"BTC","BTC Up 50 Diff","Up","50","Diff >= 50","Down","0.5","1","14987","7501","7486","50.05","15","0.1001","2026-04-13T06:15:00Z","2026-06-05T00:30:00Z","12","11"
"BTC","BTC Up 51 Diff","Up","51","Diff >= 51","Down","0.5","1","14959","7486","7473","50.0435","13","0.0869","2026-04-13T06:20:00Z","2026-06-04T17:55:00Z","12","11"
"BTC","BTC Up 52 Diff","Up","52","Diff >= 52","Down","0.5","1","14925","7473","7452","50.0704","21","0.1407","2026-04-13T06:25:00Z","2026-06-04T16:50:00Z","12","11"
"BTC","BTC Up 53 Diff","Up","53","Diff >= 53","Down","0.5","1","14883","7452","7431","50.0706","21","0.1411","2026-04-13T17:20:00Z","2026-06-04T16:45:00Z","12","11"
"BTC","BTC Up 54 Diff","Up","54","Diff >= 54","Down","0.5","1","14834","7431","7403","50.0944","28","0.1888","2026-04-13T17:35:00Z","2026-06-04T15:30:00Z","12","11"
"BTC","BTC Up 55 Diff","Up","55","Diff >= 55","Down","0.5","1","14776","7403","7373","50.1015","30","0.203","2026-04-13T18:20:00Z","2026-06-04T15:15:00Z","12","11"
"BTC","BTC Up 56 Diff","Up","56","Diff >= 56","Down","0.5","1","14713","7373","7340","50.1121","33","0.2243","2026-04-13T18:35:00Z","2026-06-04T14:30:00Z","12","11"
"BTC","BTC Up 57 Diff","Up","57","Diff >= 57","Down","0.5","1","14638","7340","7298","50.1435","42","0.2869","2026-04-13T19:00:00Z","2026-06-04T14:25:00Z","12","11"
"BTC","BTC Up 58 Diff","Up","58","Diff >= 58","Down","0.5","1","14548","7298","7250","50.165","48","0.3299","2026-04-13T19:25:00Z","2026-06-04T12:50:00Z","12","11"
"BTC","BTC Up 59 Diff","Up","59","Diff >= 59","Down","0.5","1","14456","7250","7206","50.1522","44","0.3044","2026-04-13T19:30:00Z","2026-06-04T09:15:00Z","12","11"
"BTC","BTC Up 60 Diff","Up","60","Diff >= 60","Down","0.5","1","14369","7206","7163","50.1496","43","0.2993","2026-04-13T19:35:00Z","2026-06-04T09:10:00Z","12","11"
"BTC","BTC Up 61 Diff","Up","61","Diff >= 61","Down","0.5","1","14291","7163","7128","50.1225","35","0.2449","2026-04-13T19:40:00Z","2026-06-04T09:05:00Z","12","11"
"BTC","BTC Up 62 Diff","Up","62","Diff >= 62","Down","0.5","1","14219","7128","7091","50.1301","37","0.2602","2026-04-13T19:55:00Z","2026-06-04T09:00:00Z","12","11"
"BTC","BTC Up 63 Diff","Up","63","Diff >= 63","Down","0.5","1","14154","7091","7063","50.0989","28","0.1978","2026-04-13T23:10:00Z","2026-06-04T06:55:00Z","12","11"
"BTC","BTC Up 64 Diff","Up","64","Diff >= 64","Down","0.5","1","14107","7063","7044","50.0673","19","0.1347","2026-04-14T01:55:00Z","2026-06-04T06:50:00Z","12","11"
"BTC","BTC Up 65 Diff","Up","65","Diff >= 65","Down","0.5","1","14056","7044","7012","50.1138","32","0.2277","2026-04-14T02:10:00Z","2026-06-04T06:45:00Z","12","11"
"BTC","BTC Up 66 Diff","Up","66","Diff >= 66","Down","0.5","1","13991","7012","6979","50.1179","33","0.2359","2026-04-14T02:15:00Z","2026-06-04T06:40:00Z","12","11"
"BTC","BTC Up 67 Diff","Up","67","Diff >= 67","Down","0.5","1","13924","6979","6945","50.1221","34","0.2442","2026-04-14T02:20:00Z","2026-06-04T06:25:00Z","12","11"
"BTC","BTC Up 68 Diff","Up","68","Diff >= 68","Down","0.5","1","13854","6945","6909","50.1299","36","0.2599","2026-04-14T03:45:00Z","2026-06-04T06:20:00Z","12","11"
"BTC","BTC Up 69 Diff","Up","69","Diff >= 69","Down","0.5","1","13778","6909","6869","50.1452","40","0.2903","2026-04-14T04:20:00Z","2026-06-04T04:55:00Z","12","11"
"BTC","BTC Up 70 Diff","Up","70","Diff >= 70","Down","0.5","1","13706","6869","6837","50.1167","32","0.2335","2026-04-14T07:05:00Z","2026-06-04T03:40:00Z","12","11"
"BTC","BTC Up 71 Diff","Up","71","Diff >= 71","Down","0.5","1","13649","6837","6812","50.0916","25","0.1832","2026-04-14T07:10:00Z","2026-06-03T22:45:00Z","12","11"
"BTC","BTC Up 72 Diff","Up","72","Diff >= 72","Down","0.5","1","13602","6812","6790","50.0809","22","0.1617","2026-04-14T18:05:00Z","2026-06-03T22:20:00Z","12","11"
"BTC","BTC Up 73 Diff","Up","73","Diff >= 73","Down","0.5","1","13551","6790","6761","50.107","29","0.214","2026-04-14T18:10:00Z","2026-06-03T22:15:00Z","12","11"
"BTC","BTC Up 74 Diff","Up","74","Diff >= 74","Down","0.5","1","13480","6761","6719","50.1558","42","0.3116","2026-04-14T19:05:00Z","2026-06-03T22:10:00Z","12","11"
"BTC","BTC Up 75 Diff","Up","75","Diff >= 75","Down","0.5","1","13388","6719","6669","50.1867","50","0.3735","2026-04-14T19:10:00Z","2026-06-03T20:35:00Z","12","11"
"BTC","BTC Up 76 Diff","Up","76","Diff >= 76","Down","0.5","1","13292","6669","6623","50.173","46","0.3461","2026-04-14T19:55:00Z","2026-06-03T20:30:00Z","12","11"
"BTC","BTC Up 77 Diff","Up","77","Diff >= 77","Down","0.5","1","13203","6623","6580","50.1628","43","0.3257","2026-04-14T20:10:00Z","2026-06-03T19:15:00Z","12","11"
"BTC","BTC Up 78 Diff","Up","78","Diff >= 78","Down","0.5","1","13115","6580","6535","50.1716","45","0.3431","2026-04-14T20:15:00Z","2026-06-03T19:00:00Z","12","11"
"BTC","BTC Up 79 Diff","Up","79","Diff >= 79","Down","0.5","1","13016","6535","6481","50.2074","54","0.4149","2026-04-17T09:30:00Z","2026-06-03T18:55:00Z","12","11"
"BTC","BTC Up 80 Diff","Up","80","Diff >= 80","Down","0.5","1","12894","6481","6413","50.2637","68","0.5274","2026-04-17T09:55:00Z","2026-06-03T15:00:00Z","12","11"
"BTC","BTC Up 81 Diff","Up","81","Diff >= 81","Down","0.5","1","12744","6413","6331","50.3217","82","0.6434","2026-04-17T11:10:00Z","2026-06-03T14:55:00Z","12","11"
"BTC","BTC Up 82 Diff","Up","82","Diff >= 82","Down","0.5","1","12571","6331","6240","50.3619","91","0.7239","2026-04-17T11:25:00Z","2026-06-03T13:20:00Z","14","11"
"BTC","BTC Up 83 Diff","Up","83","Diff >= 83","Down","0.5","1","12395","6240","6155","50.3429","85","0.6858","2026-04-17T11:30:00Z","2026-06-03T01:55:00Z","12","11"
"BTC","BTC Up 84 Diff","Up","84","Diff >= 84","Down","0.5","1","12212","6155","6057","50.4012","98","0.8025","2026-04-17T11:35:00Z","2026-06-03T01:30:00Z","12","11"
"BTC","BTC Up 85 Diff","Up","85","Diff >= 85","Down","0.5","1","12019","6057","5962","50.3952","95","0.7904","2026-04-17T12:00:00Z","2026-06-03T00:55:00Z","12","11"
"BTC","BTC Up 86 Diff","Up","86","Diff >= 86","Down","0.5","1","11804","5962","5842","50.5083","120","1.0166","2026-04-17T12:15:00Z","2026-06-02T22:10:00Z","12","11"
"BTC","BTC Up 87 Diff","Up","87","Diff >= 87","Down","0.5","1","11577","5842","5735","50.4621","107","0.9242","2026-04-17T12:20:00Z","2026-06-02T22:05:00Z","13","11"
"BTC","BTC Up 88 Diff","Up","88","Diff >= 88","Down","0.5","1","11339","5735","5604","50.5777","131","1.1553","2026-04-17T12:25:00Z","2026-06-02T22:00:00Z","14","11"
"BTC","BTC Up 89 Diff","Up","89","Diff >= 89","Down","0.5","1","11091","5604","5487","50.5275","117","1.0549","2026-04-17T12:50:00Z","2026-06-02T21:45:00Z","12","11"
"BTC","BTC Up 90 Diff","Up","90","Diff >= 90","Down","0.5","1","10858","5487","5371","50.5342","116","1.0683","2026-04-17T12:55:00Z","2026-06-02T21:40:00Z","12","11"
"BTC","BTC Up 91 Diff","Up","91","Diff >= 91","Down","0.5","1","10616","5371","5245","50.5934","126","1.1869","2026-04-17T13:00:00Z","2026-06-02T21:35:00Z","12","11"
"BTC","BTC Up 92 Diff","Up","92","Diff >= 92","Down","0.5","1","10373","5245","5128","50.564","117","1.1279","2026-04-17T13:15:00Z","2026-06-02T18:10:00Z","12","11"
"BTC","BTC Up 93 Diff","Up","93","Diff >= 93","Down","0.5","1","10141","5128","5013","50.567","115","1.134","2026-04-17T13:50:00Z","2026-06-02T14:55:00Z","12","11"
"BTC","BTC Up 94 Diff","Up","94","Diff >= 94","Down","0.5","1","9907","5013","4894","50.6006","119","1.2012","2026-04-17T13:55:00Z","2026-06-02T14:50:00Z","12","11"
"BTC","BTC Up 95 Diff","Up","95","Diff >= 95","Down","0.5","1","9688","4894","4794","50.5161","100","1.0322","2026-04-17T14:00:00Z","2026-06-02T14:15:00Z","12","11"
"BTC","BTC Up 96 Diff","Up","96","Diff >= 96","Down","0.5","1","9491","4794","4697","50.511","97","1.022","2026-04-17T14:45:00Z","2026-06-02T14:00:00Z","12","11"
"BTC","BTC Up 97 Diff","Up","97","Diff >= 97","Down","0.5","1","9278","4697","4581","50.6251","116","1.2503","2026-04-17T15:20:00Z","2026-06-02T13:45:00Z","14","11"
"BTC","BTC Up 98 Diff","Up","98","Diff >= 98","Down","0.5","1","9055","4581","4474","50.5908","107","1.1817","2026-04-17T20:05:00Z","2026-06-02T13:40:00Z","12","11"
"BTC","BTC Up 99 Diff","Up","99","Diff >= 99","Down","0.5","1","8853","4474","4379","50.5365","95","1.0731","2026-04-17T20:10:00Z","2026-06-02T13:35:00Z","12","11"
"BTC","BTC Up 100 Diff","Up","100","Diff >= 100","Down","0.5","1","8651","4379","4272","50.6184","107","1.2369","2026-04-17T21:05:00Z","2026-06-02T13:30:00Z","12","11"
"BTC","BTC Up 101 Diff","Up","101","Diff >= 101","Down","0.5","1","8444","4272","4172","50.5921","100","1.1843","2026-04-17T21:30:00Z","2026-06-02T13:25:00Z","12","11"
"BTC","BTC Up 102 Diff","Up","102","Diff >= 102","Down","0.5","1","8257","4172","4085","50.5268","87","1.0537","2026-04-17T22:35:00Z","2026-06-02T12:50:00Z","12","11"
"BTC","BTC Up 103 Diff","Up","103","Diff >= 103","Down","0.5","1","8110","4085","4025","50.3699","60","0.7398","2026-04-20T03:40:00Z","2026-06-02T12:45:00Z","12","11"
"BTC","BTC Up 104 Diff","Up","104","Diff >= 104","Down","0.5","1","7975","4025","3950","50.4702","75","0.9404","2026-04-20T03:45:00Z","2026-06-02T12:30:00Z","12","11"
"BTC","BTC Up 105 Diff","Up","105","Diff >= 105","Down","0.5","1","7806","3950","3856","50.6021","94","1.2042","2026-04-20T03:50:00Z","2026-06-02T12:25:00Z","12","11"
"BTC","BTC Up 106 Diff","Up","106","Diff >= 106","Down","0.5","1","7607","3856","3751","50.6902","105","1.3803","2026-04-20T03:55:00Z","2026-06-02T12:10:00Z","12","11"
"BTC","BTC Up 107 Diff","Up","107","Diff >= 107","Down","0.5","1","7385","3751","3634","50.7921","117","1.5843","2026-04-21T08:50:00Z","2026-06-02T12:05:00Z","12","11"
"BTC","BTC Up 108 Diff","Up","108","Diff >= 108","Down","0.5","1","7130","3634","3496","50.9677","138","1.9355","2026-04-21T10:25:00Z","2026-06-02T11:10:00Z","12","11"
"BTC","BTC Up 109 Diff","Up","109","Diff >= 109","Down","0.5","1","6849","3496","3353","51.0439","143","2.0879","2026-04-21T10:40:00Z","2026-06-02T10:55:00Z","12","11"
"BTC","BTC Up 110 Diff","Up","110","Diff >= 110","Down","0.5","1","6551","3353","3198","51.183","155","2.3661","2026-04-21T10:45:00Z","2026-06-02T10:30:00Z","13","11"
"BTC","BTC Up 111 Diff","Up","111","Diff >= 111","Down","0.5","1","6231","3198","3033","51.324","165","2.6481","2026-04-21T10:50:00Z","2026-06-02T07:55:00Z","12","11"
"BTC","BTC Up 112 Diff","Up","112","Diff >= 112","Down","0.5","1","5896","3033","2863","51.4417","170","2.8833","2026-04-21T10:55:00Z","2026-06-02T06:40:00Z","12","10"
"BTC","BTC Up 113 Diff","Up","113","Diff >= 113","Down","0.5","1","5540","2863","2677","51.6787","186","3.3574","2026-04-21T23:10:00Z","2026-06-02T06:35:00Z","13","10"
"BTC","BTC Up 114 Diff","Up","114","Diff >= 114","Down","0.5","1","5164","2677","2487","51.8397","190","3.6793","2026-04-21T23:45:00Z","2026-06-02T06:30:00Z","12","10"
"BTC","BTC Up 115 Diff","Up","115","Diff >= 115","Down","0.5","1","4794","2487","2307","51.8773","180","3.7547","2026-04-21T23:50:00Z","2026-06-02T06:15:00Z","12","10"
"BTC","BTC Up 116 Diff","Up","116","Diff >= 116","Down","0.5","1","4464","2307","2157","51.6801","150","3.3602","2026-04-22T15:25:00Z","2026-06-02T06:10:00Z","14","10"
"BTC","BTC Up 117 Diff","Up","117","Diff >= 117","Down","0.5","1","4172","2157","2015","51.7018","142","3.4036","2026-04-22T15:30:00Z","2026-06-02T05:45:00Z","12","10"
"BTC","BTC Up 118 Diff","Up","118","Diff >= 118","Down","0.5","1","3856","2015","1841","52.2562","174","4.5124","2026-04-22T15:35:00Z","2026-06-02T05:40:00Z","11","10"
"BTC","BTC Up 119 Diff","Up","119","Diff >= 119","Down","0.5","1","3527","1841","1686","52.1973","155","4.3947","2026-04-22T15:40:00Z","2026-06-02T05:35:00Z","13","10"
"BTC","BTC Up 120 Diff","Up","120","Diff >= 120","Down","0.5","1","3229","1686","1543","52.2143","143","4.4286","2026-04-22T15:45:00Z","2026-06-02T04:50:00Z","12","10"
"BTC","BTC Up 121 Diff","Up","121","Diff >= 121","Down","0.5","1","2964","1543","1421","52.058","122","4.1161","2026-04-22T18:20:00Z","2026-06-02T04:45:00Z","12","10"
"BTC","BTC Up 122 Diff","Up","122","Diff >= 122","Down","0.5","1","2723","1421","1302","52.1851","119","4.3702","2026-04-22T18:25:00Z","2026-06-02T04:40:00Z","10","10"
"BTC","BTC Up 123 Diff","Up","123","Diff >= 123","Down","0.5","1","2493","1302","1191","52.2262","111","4.4525","2026-04-22T18:50:00Z","2026-06-02T03:55:00Z","10","10"
"BTC","BTC Up 124 Diff","Up","124","Diff >= 124","Down","0.5","1","2283","1191","1092","52.1682","99","4.3364","2026-04-24T11:15:00Z","2026-06-02T01:20:00Z","11","10"
"BTC","BTC Up 125 Diff","Up","125","Diff >= 125","Down","0.5","1","2087","1092","995","52.3239","97","4.6478","2026-04-24T11:30:00Z","2026-06-02T01:15:00Z","18","10"
"BTC","BTC Up 126 Diff","Up","126","Diff >= 126","Down","0.5","1","1906","995","911","52.2036","84","4.4071","2026-04-24T11:35:00Z","2026-06-02T01:00:00Z","10","10"
"BTC","BTC Up 127 Diff","Up","127","Diff >= 127","Down","0.5","1","1744","911","833","52.2362","78","4.4725","2026-04-26T17:10:00Z","2026-06-02T00:05:00Z","10","10"
"BTC","BTC Up 128 Diff","Up","128","Diff >= 128","Down","0.5","1","1593","833","760","52.2913","73","4.5825","2026-04-26T17:15:00Z","2026-06-02T00:00:00Z","12","9"
"BTC","BTC Up 129 Diff","Up","129","Diff >= 129","Down","0.5","1","1463","760","703","51.9481","57","3.8961","2026-04-26T17:20:00Z","2026-06-01T23:55:00Z","11","8"
"BTC","BTC Up 130 Diff","Up","130","Diff >= 130","Down","0.5","1","1348","703","645","52.1513","58","4.3027","2026-04-26T18:25:00Z","2026-06-01T23:50:00Z","10","8"
"BTC","BTC Up 131 Diff","Up","131","Diff >= 131","Down","0.5","1","1235","645","590","52.2267","55","4.4534","2026-04-26T18:50:00Z","2026-06-01T21:35:00Z","10","8"
"BTC","BTC Up 132 Diff","Up","132","Diff >= 132","Down","0.5","1","1122","590","532","52.5847","58","5.1693","2026-04-26T18:55:00Z","2026-06-01T21:30:00Z","10","8"
"BTC","BTC Up 133 Diff","Up","133","Diff >= 133","Down","0.5","1","1017","532","485","52.3107","47","4.6214","2026-04-26T19:00:00Z","2026-06-01T21:25:00Z","11","7"
"BTC","BTC Up 134 Diff","Up","134","Diff >= 134","Down","0.5","1","908","485","423","53.4141","62","6.8282","2026-04-26T19:15:00Z","2026-06-01T21:00:00Z","10","7"
"BTC","BTC Up 135 Diff","Up","135","Diff >= 135","Down","0.5","1","786","423","363","53.8168","60","7.6336","2026-04-26T23:50:00Z","2026-06-01T20:55:00Z","8","6"
"BTC","BTC Up 136 Diff","Up","136","Diff >= 136","Down","0.5","1","670","363","307","54.1791","56","8.3582","2026-04-27T00:55:00Z","2026-06-01T20:50:00Z","10","6"
"BTC","BTC Up 137 Diff","Up","137","Diff >= 137","Down","0.5","1","565","307","258","54.3363","49","8.6726","2026-04-27T01:00:00Z","2026-06-01T18:35:00Z","8","6"
"BTC","BTC Up 138 Diff","Up","138","Diff >= 138","Down","0.5","1","460","258","202","56.087","56","12.1739","2026-04-27T01:05:00Z","2026-06-01T18:00:00Z","7","5"
"BTC","BTC Up 139 Diff","Up","139","Diff >= 139","Down","0.5","1","354","202","152","57.0621","50","14.1243","2026-04-27T20:30:00Z","2026-06-01T17:55:00Z","7","5"
"BTC","BTC Up 140 Diff","Up","140","Diff >= 140","Down","0.5","1","260","152","108","58.4615","44","16.9231","2026-04-27T20:35:00Z","2026-06-01T17:50:00Z","9","5"
"BTC","BTC Up 141 Diff","Up","141","Diff >= 141","Down","0.5","1","196","108","88","55.102","20","10.2041","2026-04-30T02:10:00Z","2026-06-01T10:55:00Z","6","4"
"BTC","BTC Up 142 Diff","Up","142","Diff >= 142","Down","0.5","1","146","88","58","60.274","30","20.5479","2026-04-30T02:15:00Z","2026-06-01T09:30:00Z","8","4"
"BTC","BTC Up 143 Diff","Up","143","Diff >= 143","Down","0.5","1","91","58","33","63.7363","25","27.4725","2026-04-30T03:30:00Z","2026-06-01T05:45:00Z","12","4"
"BTC","BTC Up 144 Diff","Up","144","Diff >= 144","Down","0.5","1","60","33","27","55","6","10","2026-05-01T07:25:00Z","2026-06-01T05:20:00Z","5","4"
"BTC","BTC Up 145 Diff","Up","145","Diff >= 145","Down","0.5","1","42","27","15","64.2857","12","28.5714","2026-05-01T07:40:00Z","2026-06-01T05:15:00Z","6","3"
"BTC","BTC Up 146 Diff","Up","146","Diff >= 146","Down","0.5","1","20","15","5","75","10","50","2026-05-01T07:55:00Z","2026-06-01T05:00:00Z","7","2"
"BTC","BTC Up 147 Diff","Up","147","Diff >= 147","Down","0.5","1","6","5","1","83.3333","4","66.6667","2026-05-01T08:20:00Z","2026-06-01T04:05:00Z","5","1"
"BTC","BTC Up 148 Diff","Up","148","Diff >= 148","Down","0.5","1","1","1","0","100","1","100","2026-05-01T08:25:00Z","2026-05-01T08:25:00Z","1","0"
"BTC","BTC Up 149 Diff","Up","149","Diff >= 149","Down","0.5","1","0","0","0","0","0","0",,,"0","0"
"BTC","BTC Up 150 Diff","Up","150","Diff >= 150","Down","0.5","1","0","0","0","0","0","0",,,"0","0"
"ETH","ETH Down 1 Diff","Down","1","-Diff >= 1","Up","0.5","1","4940","2468","2472","49.9595","-4","-0.081","2026-04-07T18:40:00Z","2026-06-07T18:35:00Z","10","8"
"ETH","ETH Down 2 Diff","Down","2","-Diff >= 2","Up","0.5","1","4700","2355","2345","50.1064","10","0.2128","2026-04-07T18:45:00Z","2026-06-07T18:35:00Z","15","8"
"ETH","ETH Down 3 Diff","Down","3","-Diff >= 3","Up","0.5","1","4461","2229","2232","49.9664","-3","-0.0672","2026-04-07T18:50:00Z","2026-06-07T18:35:00Z","10","8"
"ETH","ETH Down 4 Diff","Down","4","-Diff >= 4","Up","0.5","1","4204","2117","2087","50.3568","30","0.7136","2026-04-07T18:55:00Z","2026-06-07T18:35:00Z","10","8"
"ETH","ETH Down 5 Diff","Down","5","-Diff >= 5","Up","0.5","1","3907","1973","1934","50.4991","39","0.9982","2026-05-12T01:35:00Z","2026-06-07T18:35:00Z","12","8"
"ETH","ETH Down 6 Diff","Down","6","-Diff >= 6","Up","0.5","1","3590","1821","1769","50.7242","52","1.4485","2026-05-12T01:40:00Z","2026-06-07T18:35:00Z","17","8"
"ETH","ETH Down 7 Diff","Down","7","-Diff >= 7","Up","0.5","1","3297","1657","1640","50.2578","17","0.5156","2026-05-12T07:45:00Z","2026-06-07T18:35:00Z","10","8"
"ETH","ETH Down 8 Diff","Down","8","-Diff >= 8","Up","0.5","1","3057","1529","1528","50.0164","1","0.0327","2026-05-12T07:50:00Z","2026-06-07T18:35:00Z","10","8"
"ETH","ETH Down 9 Diff","Down","9","-Diff >= 9","Up","0.5","1","2835","1418","1417","50.0176","1","0.0353","2026-05-12T08:05:00Z","2026-06-07T18:35:00Z","12","8"
"ETH","ETH Down 10 Diff","Down","10","-Diff >= 10","Up","0.5","1","2638","1308","1330","49.583","-22","-0.834","2026-05-12T08:10:00Z","2026-06-07T18:35:00Z","12","8"
"ETH","ETH Down 11 Diff","Down","11","-Diff >= 11","Up","0.5","1","2493","1222","1271","49.0172","-49","-1.9655","2026-05-12T08:15:00Z","2026-06-07T18:35:00Z","10","8"
"ETH","ETH Down 12 Diff","Down","12","-Diff >= 12","Up","0.5","1","2366","1164","1202","49.197","-38","-1.6061","2026-05-12T10:50:00Z","2026-06-07T18:35:00Z","11","8"
"ETH","ETH Down 13 Diff","Down","13","-Diff >= 13","Up","0.5","1","2246","1096","1150","48.7979","-54","-2.4043","2026-05-12T15:25:00Z","2026-06-07T18:35:00Z","10","8"
"ETH","ETH Down 14 Diff","Down","14","-Diff >= 14","Up","0.5","1","2155","1045","1110","48.4919","-65","-3.0162","2026-05-16T15:30:00Z","2026-06-07T18:35:00Z","10","8"
"ETH","ETH Down 15 Diff","Down","15","-Diff >= 15","Up","0.5","1","2074","1006","1068","48.5053","-62","-2.9894","2026-05-16T20:35:00Z","2026-06-07T18:35:00Z","10","8"
"ETH","ETH Down 16 Diff","Down","16","-Diff >= 16","Up","0.5","1","2003","965","1038","48.1777","-73","-3.6445","2026-05-16T20:40:00Z","2026-06-07T18:35:00Z","10","8"
"ETH","ETH Down 17 Diff","Down","17","-Diff >= 17","Up","0.5","1","1939","936","1003","48.2723","-67","-3.4554","2026-05-16T23:55:00Z","2026-06-07T18:35:00Z","14","8"
"ETH","ETH Down 18 Diff","Down","18","-Diff >= 18","Up","0.5","1","1883","902","981","47.9023","-79","-4.1954","2026-05-17T00:50:00Z","2026-06-07T18:35:00Z","10","8"
"ETH","ETH Down 19 Diff","Down","19","-Diff >= 19","Up","0.5","1","1827","881","946","48.2211","-65","-3.5577","2026-05-17T01:35:00Z","2026-06-07T18:35:00Z","11","8"
"ETH","ETH Down 20 Diff","Down","20","-Diff >= 20","Up","0.5","1","1765","847","918","47.9887","-71","-4.0227","2026-05-17T02:50:00Z","2026-06-07T18:35:00Z","9","8"
"ETH","ETH Down 21 Diff","Down","21","-Diff >= 21","Up","0.5","1","1724","820","904","47.5638","-84","-4.8724","2026-05-17T02:55:00Z","2026-06-07T18:35:00Z","11","8"
"ETH","ETH Down 22 Diff","Down","22","-Diff >= 22","Up","0.5","1","1697","807","890","47.5545","-83","-4.891","2026-05-18T14:30:00Z","2026-06-07T18:35:00Z","9","8"
"ETH","ETH Down 23 Diff","Down","23","-Diff >= 23","Up","0.5","1","1673","794","879","47.4597","-85","-5.0807","2026-05-18T14:35:00Z","2026-06-07T18:35:00Z","7","8"
"ETH","ETH Down 24 Diff","Down","24","-Diff >= 24","Up","0.5","1","1651","784","867","47.4864","-83","-5.0273","2026-05-18T14:50:00Z","2026-06-07T18:35:00Z","7","8"
"ETH","ETH Down 25 Diff","Down","25","-Diff >= 25","Up","0.5","1","1634","773","861","47.3072","-88","-5.3856","2026-05-18T14:55:00Z","2026-06-07T18:35:00Z","7","8"
"ETH","ETH Down 26 Diff","Down","26","-Diff >= 26","Up","0.5","1","1619","768","851","47.4367","-83","-5.1266","2026-05-18T15:10:00Z","2026-06-07T18:35:00Z","7","8"
"ETH","ETH Down 27 Diff","Down","27","-Diff >= 27","Up","0.5","1","1605","759","846","47.2897","-87","-5.4206","2026-06-01T15:45:00Z","2026-06-07T18:35:00Z","7","8"
"ETH","ETH Down 28 Diff","Down","28","-Diff >= 28","Up","0.5","1","1595","755","840","47.3354","-85","-5.3292","2026-06-01T15:50:00Z","2026-06-07T18:35:00Z","7","8"
"ETH","ETH Down 29 Diff","Down","29","-Diff >= 29","Up","0.5","1","1585","750","835","47.3186","-85","-5.3628","2026-06-01T15:55:00Z","2026-06-07T18:35:00Z","7","8"
"ETH","ETH Down 30 Diff","Down","30","-Diff >= 30","Up","0.5","1","1576","746","830","47.335","-84","-5.3299","2026-06-01T16:00:00Z","2026-06-07T18:35:00Z","7","8"
"ETH","ETH Down 31 Diff","Down","31","-Diff >= 31","Up","0.5","1","1570","742","828","47.2611","-86","-5.4777","2026-06-02T07:05:00Z","2026-06-07T18:35:00Z","7","8"
"ETH","ETH Down 32 Diff","Down","32","-Diff >= 32","Up","0.5","1","1566","741","825","47.318","-84","-5.364","2026-06-02T08:00:00Z","2026-06-07T18:35:00Z","7","8"
"ETH","ETH Down 33 Diff","Down","33","-Diff >= 33","Up","0.5","1","1559","739","820","47.4022","-81","-5.1956","2026-06-02T08:05:00Z","2026-06-07T18:35:00Z","7","8"
"ETH","ETH Down 34 Diff","Down","34","-Diff >= 34","Up","0.5","1","1550","735","815","47.4194","-80","-5.1613","2026-06-02T08:50:00Z","2026-06-07T18:35:00Z","7","8"
"ETH","ETH Down 35 Diff","Down","35","-Diff >= 35","Up","0.5","1","1533","731","802","47.6843","-71","-4.6314","2026-06-02T08:55:00Z","2026-06-07T18:35:00Z","10","8"
"ETH","ETH Down 36 Diff","Down","36","-Diff >= 36","Up","0.5","1","1517","719","798","47.3962","-79","-5.2076","2026-06-02T09:30:00Z","2026-06-07T18:35:00Z","7","8"
"ETH","ETH Down 37 Diff","Down","37","-Diff >= 37","Up","0.5","1","1510","716","794","47.4172","-78","-5.1656","2026-06-02T12:35:00Z","2026-06-07T18:35:00Z","7","8"
"ETH","ETH Down 38 Diff","Down","38","-Diff >= 38","Up","0.5","1","1501","713","788","47.5017","-75","-4.9967","2026-06-02T12:40:00Z","2026-06-07T18:35:00Z","7","8"
"ETH","ETH Down 39 Diff","Down","39","-Diff >= 39","Up","0.5","1","1493","708","785","47.4213","-77","-5.1574","2026-06-02T12:55:00Z","2026-06-07T18:35:00Z","7","8"
"ETH","ETH Down 40 Diff","Down","40","-Diff >= 40","Up","0.5","1","1489","706","783","47.4144","-77","-5.1713","2026-06-02T14:30:00Z","2026-06-07T18:35:00Z","7","8"
"ETH","ETH Down 41 Diff","Down","41","-Diff >= 41","Up","0.5","1","1483","705","778","47.5388","-73","-4.9225","2026-06-02T14:45:00Z","2026-06-07T18:35:00Z","7","8"
"ETH","ETH Down 42 Diff","Down","42","-Diff >= 42","Up","0.5","1","1473","701","772","47.59","-71","-4.8201","2026-06-02T15:00:00Z","2026-06-07T18:35:00Z","9","8"
"ETH","ETH Down 43 Diff","Down","43","-Diff >= 43","Up","0.5","1","1463","696","767","47.5735","-71","-4.853","2026-06-02T15:05:00Z","2026-06-07T18:35:00Z","7","8"
"ETH","ETH Down 44 Diff","Down","44","-Diff >= 44","Up","0.5","1","1455","692","763","47.5601","-71","-4.8797","2026-06-02T15:20:00Z","2026-06-07T18:35:00Z","7","8"
"ETH","ETH Down 45 Diff","Down","45","-Diff >= 45","Up","0.5","1","1447","689","758","47.6158","-69","-4.7685","2026-06-02T15:25:00Z","2026-06-07T18:35:00Z","7","8"
"ETH","ETH Down 46 Diff","Down","46","-Diff >= 46","Up","0.5","1","1436","685","751","47.7019","-66","-4.5961","2026-06-02T15:30:00Z","2026-06-07T18:35:00Z","7","8"
"ETH","ETH Down 47 Diff","Down","47","-Diff >= 47","Up","0.5","1","1421","679","742","47.7833","-63","-4.4335","2026-06-02T15:35:00Z","2026-06-07T18:35:00Z","7","8"
"ETH","ETH Down 48 Diff","Down","48","-Diff >= 48","Up","0.5","1","1408","671","737","47.6562","-66","-4.6875","2026-06-02T18:50:00Z","2026-06-07T18:35:00Z","7","8"
"ETH","ETH Down 49 Diff","Down","49","-Diff >= 49","Up","0.5","1","1400","667","733","47.6429","-66","-4.7143","2026-06-02T18:55:00Z","2026-06-07T18:35:00Z","7","8"
"ETH","ETH Down 50 Diff","Down","50","-Diff >= 50","Up","0.5","1","1394","664","730","47.6327","-66","-4.7346","2026-06-02T19:30:00Z","2026-06-07T18:35:00Z","7","8"
"ETH","ETH Down 51 Diff","Down","51","-Diff >= 51","Up","0.5","1","1389","662","727","47.6602","-65","-4.6796","2026-06-02T19:35:00Z","2026-06-07T18:35:00Z","7","8"
"ETH","ETH Down 52 Diff","Down","52","-Diff >= 52","Up","0.5","1","1381","660","721","47.7915","-61","-4.4171","2026-06-02T23:00:00Z","2026-06-07T18:35:00Z","7","8"
"ETH","ETH Down 53 Diff","Down","53","-Diff >= 53","Up","0.5","1","1369","655","714","47.8451","-59","-4.3097","2026-06-02T23:05:00Z","2026-06-07T18:35:00Z","7","8"
"ETH","ETH Down 54 Diff","Down","54","-Diff >= 54","Up","0.5","1","1357","649","708","47.8261","-59","-4.3478","2026-06-02T23:30:00Z","2026-06-07T18:35:00Z","7","8"
"ETH","ETH Down 55 Diff","Down","55","-Diff >= 55","Up","0.5","1","1345","644","701","47.881","-57","-4.2379","2026-06-03T01:15:00Z","2026-06-07T18:35:00Z","7","8"
"ETH","ETH Down 56 Diff","Down","56","-Diff >= 56","Up","0.5","1","1334","638","696","47.8261","-58","-4.3478","2026-06-03T03:00:00Z","2026-06-07T18:35:00Z","7","8"
"ETH","ETH Down 57 Diff","Down","57","-Diff >= 57","Up","0.5","1","1321","634","687","47.9939","-53","-4.0121","2026-06-03T03:05:00Z","2026-06-07T18:35:00Z","7","8"
"ETH","ETH Down 58 Diff","Down","58","-Diff >= 58","Up","0.5","1","1303","626","677","48.043","-51","-3.914","2026-06-03T03:10:00Z","2026-06-07T18:35:00Z","7","8"
"ETH","ETH Down 59 Diff","Down","59","-Diff >= 59","Up","0.5","1","1282","617","665","48.1279","-48","-3.7441","2026-06-03T03:35:00Z","2026-06-07T18:35:00Z","7","8"
"ETH","ETH Down 60 Diff","Down","60","-Diff >= 60","Up","0.5","1","1262","606","656","48.019","-50","-3.962","2026-06-03T03:40:00Z","2026-06-07T18:35:00Z","7","8"
"ETH","ETH Down 61 Diff","Down","61","-Diff >= 61","Up","0.5","1","1244","598","646","48.0707","-48","-3.8585","2026-06-03T03:45:00Z","2026-06-07T18:35:00Z","7","8"
"ETH","ETH Down 62 Diff","Down","62","-Diff >= 62","Up","0.5","1","1223","589","634","48.1603","-45","-3.6795","2026-06-03T03:50:00Z","2026-06-07T18:35:00Z","7","8"
"ETH","ETH Down 63 Diff","Down","63","-Diff >= 63","Up","0.5","1","1203","578","625","48.0466","-47","-3.9069","2026-06-03T04:15:00Z","2026-06-07T18:35:00Z","7","8"
"ETH","ETH Down 64 Diff","Down","64","-Diff >= 64","Up","0.5","1","1181","570","611","48.2642","-41","-3.4716","2026-06-03T14:10:00Z","2026-06-07T18:35:00Z","7","8"
"ETH","ETH Down 65 Diff","Down","65","-Diff >= 65","Up","0.5","1","1151","557","594","48.3927","-37","-3.2146","2026-06-03T14:25:00Z","2026-06-07T18:35:00Z","7","8"
"ETH","ETH Down 66 Diff","Down","66","-Diff >= 66","Up","0.5","1","1123","541","582","48.1745","-41","-3.6509","2026-06-03T16:00:00Z","2026-06-07T18:35:00Z","7","8"
"ETH","ETH Down 67 Diff","Down","67","-Diff >= 67","Up","0.5","1","1107","530","577","47.8771","-47","-4.2457","2026-06-03T16:15:00Z","2026-06-07T18:35:00Z","7","8"
"ETH","ETH Down 68 Diff","Down","68","-Diff >= 68","Up","0.5","1","1095","526","569","48.0365","-43","-3.9269","2026-06-03T16:20:00Z","2026-06-07T18:35:00Z","7","8"
"ETH","ETH Down 69 Diff","Down","69","-Diff >= 69","Up","0.5","1","1078","519","559","48.1447","-40","-3.7106","2026-06-03T16:25:00Z","2026-06-07T18:35:00Z","7","8"
"ETH","ETH Down 70 Diff","Down","70","-Diff >= 70","Up","0.5","1","1061","510","551","48.0679","-41","-3.8643","2026-06-03T21:00:00Z","2026-06-07T18:35:00Z","7","8"
"ETH","ETH Down 71 Diff","Down","71","-Diff >= 71","Up","0.5","1","1046","503","543","48.088","-40","-3.8241","2026-06-03T23:25:00Z","2026-06-07T18:35:00Z","7","8"
"ETH","ETH Down 72 Diff","Down","72","-Diff >= 72","Up","0.5","1","1027","496","531","48.296","-35","-3.408","2026-06-03T23:40:00Z","2026-06-07T18:35:00Z","7","8"
"ETH","ETH Down 73 Diff","Down","73","-Diff >= 73","Up","0.5","1","1011","485","526","47.9723","-41","-4.0554","2026-06-04T00:25:00Z","2026-06-07T18:35:00Z","7","8"
"ETH","ETH Down 74 Diff","Down","74","-Diff >= 74","Up","0.5","1","999","481","518","48.1481","-37","-3.7037","2026-06-04T00:30:00Z","2026-06-07T18:35:00Z","7","8"
"ETH","ETH Down 75 Diff","Down","75","-Diff >= 75","Up","0.5","1","985","474","511","48.1218","-37","-3.7563","2026-06-04T00:55:00Z","2026-06-07T18:35:00Z","7","8"
"ETH","ETH Down 76 Diff","Down","76","-Diff >= 76","Up","0.5","1","972","468","504","48.1481","-36","-3.7037","2026-06-04T01:20:00Z","2026-06-07T18:35:00Z","7","8"
"ETH","ETH Down 77 Diff","Down","77","-Diff >= 77","Up","0.5","1","960","462","498","48.125","-36","-3.75","2026-06-04T01:25:00Z","2026-06-07T18:35:00Z","7","8"
"ETH","ETH Down 78 Diff","Down","78","-Diff >= 78","Up","0.5","1","948","457","491","48.2068","-34","-3.5865","2026-06-04T10:30:00Z","2026-06-07T18:35:00Z","7","8"
"ETH","ETH Down 79 Diff","Down","79","-Diff >= 79","Up","0.5","1","932","451","481","48.3906","-30","-3.2189","2026-06-04T10:45:00Z","2026-06-07T18:35:00Z","7","8"
"ETH","ETH Down 80 Diff","Down","80","-Diff >= 80","Up","0.5","1","918","442","476","48.1481","-34","-3.7037","2026-06-04T10:50:00Z","2026-06-07T18:35:00Z","7","8"
"ETH","ETH Down 81 Diff","Down","81","-Diff >= 81","Up","0.5","1","909","438","471","48.1848","-33","-3.6304","2026-06-04T10:55:00Z","2026-06-07T18:35:00Z","7","8"
"ETH","ETH Down 82 Diff","Down","82","-Diff >= 82","Up","0.5","1","902","434","468","48.1153","-34","-3.7694","2026-06-04T14:40:00Z","2026-06-07T18:35:00Z","7","8"
"ETH","ETH Down 83 Diff","Down","83","-Diff >= 83","Up","0.5","1","899","432","467","48.0534","-35","-3.8932","2026-06-04T15:45:00Z","2026-06-07T18:35:00Z","7","8"
"ETH","ETH Down 84 Diff","Down","84","-Diff >= 84","Up","0.5","1","896","432","464","48.2143","-32","-3.5714","2026-06-04T15:50:00Z","2026-06-07T18:35:00Z","7","8"
"ETH","ETH Down 85 Diff","Down","85","-Diff >= 85","Up","0.5","1","889","430","459","48.369","-29","-3.2621","2026-06-04T15:55:00Z","2026-06-07T18:35:00Z","7","8"
"ETH","ETH Down 86 Diff","Down","86","-Diff >= 86","Up","0.5","1","884","426","458","48.19","-32","-3.6199","2026-06-04T17:00:00Z","2026-06-07T18:35:00Z","7","8"
"ETH","ETH Down 87 Diff","Down","87","-Diff >= 87","Up","0.5","1","882","426","456","48.2993","-30","-3.4014","2026-06-04T17:05:00Z","2026-06-07T18:35:00Z","7","8"
"ETH","ETH Down 88 Diff","Down","88","-Diff >= 88","Up","0.5","1","880","425","455","48.2955","-30","-3.4091","2026-06-04T17:20:00Z","2026-06-07T18:35:00Z","7","8"
"ETH","ETH Down 89 Diff","Down","89","-Diff >= 89","Up","0.5","1","877","425","452","48.4607","-27","-3.0787","2026-06-04T17:25:00Z","2026-06-07T18:35:00Z","7","8"
"ETH","ETH Down 90 Diff","Down","90","-Diff >= 90","Up","0.5","1","871","423","448","48.5649","-25","-2.8703","2026-06-04T17:40:00Z","2026-06-07T18:35:00Z","7","8"
"ETH","ETH Down 91 Diff","Down","91","-Diff >= 91","Up","0.5","1","861","420","441","48.7805","-21","-2.439","2026-06-04T17:45:00Z","2026-06-07T18:35:00Z","7","8"
"ETH","ETH Down 92 Diff","Down","92","-Diff >= 92","Up","0.5","1","847","414","433","48.8784","-19","-2.2432","2026-06-04T18:10:00Z","2026-06-07T18:35:00Z","7","8"
"ETH","ETH Down 93 Diff","Down","93","-Diff >= 93","Up","0.5","1","828","407","421","49.1546","-14","-1.6908","2026-06-04T18:15:00Z","2026-06-07T18:35:00Z","7","8"
"ETH","ETH Down 94 Diff","Down","94","-Diff >= 94","Up","0.5","1","809","396","413","48.9493","-17","-2.1014","2026-06-04T20:10:00Z","2026-06-07T18:35:00Z","7","8"
"ETH","ETH Down 95 Diff","Down","95","-Diff >= 95","Up","0.5","1","798","389","409","48.7469","-20","-2.5063","2026-06-04T21:35:00Z","2026-06-07T18:35:00Z","7","8"
"ETH","ETH Down 96 Diff","Down","96","-Diff >= 96","Up","0.5","1","789","386","403","48.9227","-17","-2.1546","2026-06-04T21:40:00Z","2026-06-07T18:35:00Z","7","8"
"ETH","ETH Down 97 Diff","Down","97","-Diff >= 97","Up","0.5","1","778","381","397","48.9717","-16","-2.0566","2026-06-04T22:05:00Z","2026-06-07T18:35:00Z","7","8"
"ETH","ETH Down 98 Diff","Down","98","-Diff >= 98","Up","0.5","1","769","376","393","48.8947","-17","-2.2107","2026-06-04T22:10:00Z","2026-06-07T18:35:00Z","7","8"
"ETH","ETH Down 99 Diff","Down","99","-Diff >= 99","Up","0.5","1","764","373","391","48.822","-18","-2.356","2026-06-04T22:35:00Z","2026-06-07T18:35:00Z","7","8"
"ETH","ETH Down 100 Diff","Down","100","-Diff >= 100","Up","0.5","1","762","372","390","48.8189","-18","-2.3622","2026-06-05T03:10:00Z","2026-06-07T18:35:00Z","7","8"
"ETH","ETH Down 101 Diff","Down","101","-Diff >= 101","Up","0.5","1","760","372","388","48.9474","-16","-2.1053","2026-06-05T03:15:00Z","2026-06-07T18:35:00Z","7","8"
"ETH","ETH Down 102 Diff","Down","102","-Diff >= 102","Up","0.5","1","757","371","386","49.0092","-15","-1.9815","2026-06-05T03:30:00Z","2026-06-07T18:35:00Z","7","8"
"ETH","ETH Down 103 Diff","Down","103","-Diff >= 103","Up","0.5","1","754","370","384","49.0716","-14","-1.8568","2026-06-05T03:45:00Z","2026-06-07T18:35:00Z","7","8"
"ETH","ETH Down 104 Diff","Down","104","-Diff >= 104","Up","0.5","1","752","369","383","49.0691","-14","-1.8617","2026-06-05T04:00:00Z","2026-06-07T18:35:00Z","7","8"
"ETH","ETH Down 105 Diff","Down","105","-Diff >= 105","Up","0.5","1","746","369","377","49.4638","-8","-1.0724","2026-06-05T04:05:00Z","2026-06-07T18:35:00Z","7","8"
"ETH","ETH Down 106 Diff","Down","106","-Diff >= 106","Up","0.5","1","736","364","372","49.4565","-8","-1.087","2026-06-05T04:20:00Z","2026-06-07T18:35:00Z","7","8"
"ETH","ETH Down 107 Diff","Down","107","-Diff >= 107","Up","0.5","1","729","360","369","49.3827","-9","-1.2346","2026-06-05T05:45:00Z","2026-06-07T18:35:00Z","8","8"
"ETH","ETH Down 108 Diff","Down","108","-Diff >= 108","Up","0.5","1","723","358","365","49.5159","-7","-0.9682","2026-06-05T05:50:00Z","2026-06-07T18:35:00Z","7","8"
"ETH","ETH Down 109 Diff","Down","109","-Diff >= 109","Up","0.5","1","712","355","357","49.8596","-2","-0.2809","2026-06-05T05:55:00Z","2026-06-07T18:35:00Z","7","8"
"ETH","ETH Down 110 Diff","Down","110","-Diff >= 110","Up","0.5","1","695","348","347","50.0719","1","0.1439","2026-06-05T06:00:00Z","2026-06-07T18:35:00Z","7","8"
"ETH","ETH Down 111 Diff","Down","111","-Diff >= 111","Up","0.5","1","678","339","339","50","0","0","2026-06-05T06:05:00Z","2026-06-07T18:35:00Z","7","8"
"ETH","ETH Down 112 Diff","Down","112","-Diff >= 112","Up","0.5","1","661","332","329","50.2269","3","0.4539","2026-06-05T06:20:00Z","2026-06-07T18:35:00Z","7","8"
"ETH","ETH Down 113 Diff","Down","113","-Diff >= 113","Up","0.5","1","643","323","320","50.2333","3","0.4666","2026-06-05T06:25:00Z","2026-06-07T18:35:00Z","8","8"
"ETH","ETH Down 114 Diff","Down","114","-Diff >= 114","Up","0.5","1","633","315","318","49.763","-3","-0.4739","2026-06-05T13:50:00Z","2026-06-07T18:35:00Z","7","8"
"ETH","ETH Down 115 Diff","Down","115","-Diff >= 115","Up","0.5","1","627","314","313","50.0797","1","0.1595","2026-06-05T13:55:00Z","2026-06-07T18:35:00Z","8","8"
"ETH","ETH Down 116 Diff","Down","116","-Diff >= 116","Up","0.5","1","619","310","309","50.0808","1","0.1616","2026-06-05T14:00:00Z","2026-06-07T18:35:00Z","7","8"
"ETH","ETH Down 117 Diff","Down","117","-Diff >= 117","Up","0.5","1","610","307","303","50.3279","4","0.6557","2026-06-05T14:05:00Z","2026-06-07T18:35:00Z","7","8"
"ETH","ETH Down 118 Diff","Down","118","-Diff >= 118","Up","0.5","1","598","302","296","50.5017","6","1.0033","2026-06-05T14:20:00Z","2026-06-07T18:35:00Z","7","8"
"ETH","ETH Down 119 Diff","Down","119","-Diff >= 119","Up","0.5","1","578","296","282","51.2111","14","2.4221","2026-06-05T14:25:00Z","2026-06-07T18:35:00Z","7","8"
"ETH","ETH Down 120 Diff","Down","120","-Diff >= 120","Up","0.5","1","551","282","269","51.1797","13","2.3593","2026-06-05T14:30:00Z","2026-06-07T18:30:00Z","7","8"
"ETH","ETH Down 121 Diff","Down","121","-Diff >= 121","Up","0.5","1","514","269","245","52.3346","24","4.6693","2026-06-05T14:55:00Z","2026-06-07T18:25:00Z","7","8"
"ETH","ETH Down 122 Diff","Down","122","-Diff >= 122","Up","0.5","1","462","245","217","53.0303","28","6.0606","2026-06-05T15:10:00Z","2026-06-07T18:20:00Z","7","8"
"ETH","ETH Down 123 Diff","Down","123","-Diff >= 123","Up","0.5","1","410","217","193","52.9268","24","5.8537","2026-06-05T15:15:00Z","2026-06-07T18:05:00Z","7","8"
"ETH","ETH Down 124 Diff","Down","124","-Diff >= 124","Up","0.5","1","377","193","184","51.1936","9","2.3873","2026-06-05T15:40:00Z","2026-06-07T14:50:00Z","7","8"
"ETH","ETH Down 125 Diff","Down","125","-Diff >= 125","Up","0.5","1","361","184","177","50.9695","7","1.9391","2026-06-05T18:25:00Z","2026-06-07T14:15:00Z","7","8"
"ETH","ETH Down 126 Diff","Down","126","-Diff >= 126","Up","0.5","1","345","177","168","51.3043","9","2.6087","2026-06-05T18:30:00Z","2026-06-07T14:00:00Z","7","8"
"ETH","ETH Down 127 Diff","Down","127","-Diff >= 127","Up","0.5","1","315","168","147","53.3333","21","6.6667","2026-06-05T18:55:00Z","2026-06-07T13:55:00Z","11","8"
"ETH","ETH Down 128 Diff","Down","128","-Diff >= 128","Up","0.5","1","280","147","133","52.5","14","5","2026-06-05T19:20:00Z","2026-06-07T13:50:00Z","7","7"
"ETH","ETH Down 129 Diff","Down","129","-Diff >= 129","Up","0.5","1","259","133","126","51.3514","7","2.7027","2026-06-05T23:15:00Z","2026-06-06T22:35:00Z","7","6"
"ETH","ETH Down 130 Diff","Down","130","-Diff >= 130","Up","0.5","1","244","126","118","51.6393","8","3.2787","2026-06-05T23:20:00Z","2026-06-06T22:30:00Z","11","6"
"ETH","ETH Down 131 Diff","Down","131","-Diff >= 131","Up","0.5","1","228","118","110","51.7544","8","3.5088","2026-06-05T23:25:00Z","2026-06-06T21:15:00Z","6","6"
"ETH","ETH Down 132 Diff","Down","132","-Diff >= 132","Up","0.5","1","206","110","96","53.3981","14","6.7961","2026-06-05T23:30:00Z","2026-06-06T21:10:00Z","6","6"
"ETH","ETH Down 133 Diff","Down","133","-Diff >= 133","Up","0.5","1","173","96","77","55.4913","19","10.9827","2026-06-05T23:35:00Z","2026-06-06T21:05:00Z","5","6"
"ETH","ETH Down 134 Diff","Down","134","-Diff >= 134","Up","0.5","1","129","77","52","59.6899","25","19.3798","2026-06-06T02:20:00Z","2026-06-06T21:00:00Z","5","6"
"ETH","ETH Down 135 Diff","Down","135","-Diff >= 135","Up","0.5","1","84","52","32","61.9048","20","23.8095","2026-06-06T03:05:00Z","2026-06-06T20:55:00Z","5","5"
"ETH","ETH Down 136 Diff","Down","136","-Diff >= 136","Up","0.5","1","50","32","18","64","14","28","2026-06-06T07:30:00Z","2026-06-06T20:50:00Z","6","4"
"ETH","ETH Down 137 Diff","Down","137","-Diff >= 137","Up","0.5","1","30","18","12","60","6","20","2026-06-06T10:15:00Z","2026-06-06T20:35:00Z","8","3"
"ETH","ETH Down 138 Diff","Down","138","-Diff >= 138","Up","0.5","1","20","12","8","60","4","20","2026-06-06T10:20:00Z","2026-06-06T20:30:00Z","3","2"
"ETH","ETH Down 139 Diff","Down","139","-Diff >= 139","Up","0.5","1","12","8","4","66.6667","4","33.3333","2026-06-06T10:35:00Z","2026-06-06T20:25:00Z","3","1"
"ETH","ETH Down 140 Diff","Down","140","-Diff >= 140","Up","0.5","1","4","4","0","100","4","100","2026-06-06T10:40:00Z","2026-06-06T20:20:00Z","4","0"
"ETH","ETH Down 141 Diff","Down","141","-Diff >= 141","Up","0.5","1","0","0","0","0","0","0",,,"0","0"
"ETH","ETH Down 142 Diff","Down","142","-Diff >= 142","Up","0.5","1","0","0","0","0","0","0",,,"0","0"
"ETH","ETH Down 143 Diff","Down","143","-Diff >= 143","Up","0.5","1","0","0","0","0","0","0",,,"0","0"
"ETH","ETH Down 144 Diff","Down","144","-Diff >= 144","Up","0.5","1","0","0","0","0","0","0",,,"0","0"
"ETH","ETH Down 145 Diff","Down","145","-Diff >= 145","Up","0.5","1","0","0","0","0","0","0",,,"0","0"
"ETH","ETH Down 146 Diff","Down","146","-Diff >= 146","Up","0.5","1","0","0","0","0","0","0",,,"0","0"
"ETH","ETH Down 147 Diff","Down","147","-Diff >= 147","Up","0.5","1","0","0","0","0","0","0",,,"0","0"
"ETH","ETH Down 148 Diff","Down","148","-Diff >= 148","Up","0.5","1","0","0","0","0","0","0",,,"0","0"
"ETH","ETH Down 149 Diff","Down","149","-Diff >= 149","Up","0.5","1","0","0","0","0","0","0",,,"0","0"
"ETH","ETH Down 150 Diff","Down","150","-Diff >= 150","Up","0.5","1","0","0","0","0","0","0",,,"0","0"
"ETH","ETH Up 1 Diff","Up","1","Diff >= 1","Down","0.5","1","12413","6254","6159","50.3827","95","0.7653","2026-04-07T19:50:00Z","2026-05-31T05:05:00Z","12","11"
"ETH","ETH Up 2 Diff","Up","2","Diff >= 2","Down","0.5","1","12239","6159","6080","50.3227","79","0.6455","2026-04-07T19:55:00Z","2026-05-31T05:00:00Z","11","11"
"ETH","ETH Up 3 Diff","Up","3","Diff >= 3","Down","0.5","1","12085","6080","6005","50.3103","75","0.6206","2026-04-07T20:00:00Z","2026-05-31T04:45:00Z","11","11"
"ETH","ETH Up 4 Diff","Up","4","Diff >= 4","Down","0.5","1","11945","6005","5940","50.2721","65","0.5442","2026-04-07T20:05:00Z","2026-05-31T03:50:00Z","13","11"
"ETH","ETH Up 5 Diff","Up","5","Diff >= 5","Down","0.5","1","11817","5940","5877","50.2666","63","0.5331","2026-04-07T20:10:00Z","2026-05-28T21:55:00Z","14","11"
"ETH","ETH Up 6 Diff","Up","6","Diff >= 6","Down","0.5","1","11703","5877","5826","50.2179","51","0.4358","2026-04-07T21:15:00Z","2026-05-28T21:40:00Z","11","11"
"ETH","ETH Up 7 Diff","Up","7","Diff >= 7","Down","0.5","1","11596","5826","5770","50.2415","56","0.4829","2026-04-07T22:00:00Z","2026-05-28T20:45:00Z","11","11"
"ETH","ETH Up 8 Diff","Up","8","Diff >= 8","Down","0.5","1","11477","5770","5707","50.2745","63","0.5489","2026-04-07T22:05:00Z","2026-05-28T09:50:00Z","11","11"
"ETH","ETH Up 9 Diff","Up","9","Diff >= 9","Down","0.5","1","11357","5707","5650","50.2509","57","0.5019","2026-04-07T22:10:00Z","2026-05-27T10:25:00Z","11","11"
"ETH","ETH Up 10 Diff","Up","10","Diff >= 10","Down","0.5","1","11213","5650","5563","50.3879","87","0.7759","2026-04-07T22:15:00Z","2026-05-27T09:50:00Z","11","11"
"ETH","ETH Up 11 Diff","Up","11","Diff >= 11","Down","0.5","1","11031","5563","5468","50.4306","95","0.8612","2026-04-07T22:30:00Z","2026-05-27T09:45:00Z","11","11"
"ETH","ETH Up 12 Diff","Up","12","Diff >= 12","Down","0.5","1","10865","5468","5397","50.3267","71","0.6535","2026-04-07T22:35:00Z","2026-05-27T09:40:00Z","11","11"
"ETH","ETH Up 13 Diff","Up","13","Diff >= 13","Down","0.5","1","10705","5397","5308","50.4157","89","0.8314","2026-04-07T22:40:00Z","2026-05-25T18:15:00Z","11","11"
"ETH","ETH Up 14 Diff","Up","14","Diff >= 14","Down","0.5","1","10530","5308","5222","50.4084","86","0.8167","2026-04-07T22:55:00Z","2026-05-25T18:10:00Z","11","11"
"ETH","ETH Up 15 Diff","Up","15","Diff >= 15","Down","0.5","1","10370","5222","5148","50.3568","74","0.7136","2026-04-07T23:00:00Z","2026-05-25T17:45:00Z","11","11"
"ETH","ETH Up 16 Diff","Up","16","Diff >= 16","Down","0.5","1","10227","5148","5079","50.3373","69","0.6747","2026-04-07T23:05:00Z","2026-05-25T17:40:00Z","11","11"
"ETH","ETH Up 17 Diff","Up","17","Diff >= 17","Down","0.5","1","10086","5079","5007","50.3569","72","0.7139","2026-04-07T23:10:00Z","2026-05-25T17:35:00Z","11","11"
"ETH","ETH Up 18 Diff","Up","18","Diff >= 18","Down","0.5","1","9956","5007","4949","50.2913","58","0.5826","2026-04-07T23:25:00Z","2026-05-25T17:30:00Z","11","11"
"ETH","ETH Up 19 Diff","Up","19","Diff >= 19","Down","0.5","1","9852","4949","4903","50.2335","46","0.4669","2026-04-07T23:30:00Z","2026-05-25T17:15:00Z","11","11"
"ETH","ETH Up 20 Diff","Up","20","Diff >= 20","Down","0.5","1","9760","4903","4857","50.2357","46","0.4713","2026-04-08T11:25:00Z","2026-05-25T17:10:00Z","11","11"
"ETH","ETH Up 21 Diff","Up","21","Diff >= 21","Down","0.5","1","9663","4857","4806","50.2639","51","0.5278","2026-04-08T11:30:00Z","2026-05-25T17:05:00Z","12","10"
"ETH","ETH Up 22 Diff","Up","22","Diff >= 22","Down","0.5","1","9570","4806","4764","50.2194","42","0.4389","2026-04-08T11:55:00Z","2026-05-24T20:00:00Z","11","9"
"ETH","ETH Up 23 Diff","Up","23","Diff >= 23","Down","0.5","1","9480","4764","4716","50.2532","48","0.5063","2026-04-08T12:10:00Z","2026-05-24T19:55:00Z","11","9"
"ETH","ETH Up 24 Diff","Up","24","Diff >= 24","Down","0.5","1","9385","4716","4669","50.2504","47","0.5008","2026-04-08T12:15:00Z","2026-05-24T19:50:00Z","11","9"
"ETH","ETH Up 25 Diff","Up","25","Diff >= 25","Down","0.5","1","9285","4669","4616","50.2854","53","0.5708","2026-04-08T12:40:00Z","2026-05-24T17:55:00Z","11","9"
"ETH","ETH Up 26 Diff","Up","26","Diff >= 26","Down","0.5","1","9180","4616","4564","50.2832","52","0.5664","2026-04-08T12:45:00Z","2026-05-24T17:50:00Z","11","9"
"ETH","ETH Up 27 Diff","Up","27","Diff >= 27","Down","0.5","1","9086","4564","4522","50.2311","42","0.4622","2026-04-08T12:50:00Z","2026-05-24T12:45:00Z","11","9"
"ETH","ETH Up 28 Diff","Up","28","Diff >= 28","Down","0.5","1","8991","4522","4469","50.2947","53","0.5895","2026-04-08T13:05:00Z","2026-05-24T12:20:00Z","11","9"
"ETH","ETH Up 29 Diff","Up","29","Diff >= 29","Down","0.5","1","8860","4469","4391","50.4402","78","0.8804","2026-04-08T13:10:00Z","2026-05-24T12:15:00Z","11","9"
"ETH","ETH Up 30 Diff","Up","30","Diff >= 30","Down","0.5","1","8688","4391","4297","50.541","94","1.082","2026-04-08T17:15:00Z","2026-05-24T12:00:00Z","11","9"
"ETH","ETH Up 31 Diff","Up","31","Diff >= 31","Down","0.5","1","8508","4297","4211","50.5054","86","1.0108","2026-04-08T17:40:00Z","2026-05-24T11:55:00Z","11","9"
"ETH","ETH Up 32 Diff","Up","32","Diff >= 32","Down","0.5","1","8350","4211","4139","50.4311","72","0.8623","2026-04-08T17:45:00Z","2026-05-24T03:30:00Z","11","9"
"ETH","ETH Up 33 Diff","Up","33","Diff >= 33","Down","0.5","1","8197","4139","4058","50.4941","81","0.9882","2026-04-10T21:00:00Z","2026-05-24T03:05:00Z","11","9"
"ETH","ETH Up 34 Diff","Up","34","Diff >= 34","Down","0.5","1","8037","4058","3979","50.4915","79","0.983","2026-04-10T21:05:00Z","2026-05-23T23:20:00Z","11","9"
"ETH","ETH Up 35 Diff","Up","35","Diff >= 35","Down","0.5","1","7875","3979","3896","50.527","83","1.054","2026-04-10T21:50:00Z","2026-05-23T22:05:00Z","11","9"
"ETH","ETH Up 36 Diff","Up","36","Diff >= 36","Down","0.5","1","7708","3896","3812","50.5449","84","1.0898","2026-04-10T21:55:00Z","2026-05-23T21:20:00Z","11","9"
"ETH","ETH Up 37 Diff","Up","37","Diff >= 37","Down","0.5","1","7540","3812","3728","50.557","84","1.1141","2026-04-10T22:00:00Z","2026-05-23T21:15:00Z","11","9"
"ETH","ETH Up 38 Diff","Up","38","Diff >= 38","Down","0.5","1","7371","3728","3643","50.5766","85","1.1532","2026-04-10T23:45:00Z","2026-05-23T21:10:00Z","11","9"
"ETH","ETH Up 39 Diff","Up","39","Diff >= 39","Down","0.5","1","7190","3643","3547","50.6676","96","1.3352","2026-04-10T23:50:00Z","2026-05-23T21:05:00Z","11","9"
"ETH","ETH Up 40 Diff","Up","40","Diff >= 40","Down","0.5","1","6979","3547","3432","50.8239","115","1.6478","2026-04-11T00:15:00Z","2026-05-23T21:00:00Z","11","8"
"ETH","ETH Up 41 Diff","Up","41","Diff >= 41","Down","0.5","1","6745","3432","3313","50.8821","119","1.7643","2026-04-11T11:50:00Z","2026-05-09T23:25:00Z","11","8"
"ETH","ETH Up 42 Diff","Up","42","Diff >= 42","Down","0.5","1","6535","3313","3222","50.6963","91","1.3925","2026-04-11T11:55:00Z","2026-05-09T23:20:00Z","11","8"
"ETH","ETH Up 43 Diff","Up","43","Diff >= 43","Down","0.5","1","6350","3222","3128","50.7402","94","1.4803","2026-04-11T19:10:00Z","2026-05-09T23:15:00Z","11","8"
"ETH","ETH Up 44 Diff","Up","44","Diff >= 44","Down","0.5","1","6173","3128","3045","50.6723","83","1.3446","2026-04-11T19:35:00Z","2026-05-09T22:50:00Z","11","8"
"ETH","ETH Up 45 Diff","Up","45","Diff >= 45","Down","0.5","1","6019","3045","2974","50.5898","71","1.1796","2026-04-11T22:20:00Z","2026-05-09T22:45:00Z","11","8"
"ETH","ETH Up 46 Diff","Up","46","Diff >= 46","Down","0.5","1","5897","2974","2923","50.4324","51","0.8648","2026-04-11T22:25:00Z","2026-05-09T17:10:00Z","11","8"
"ETH","ETH Up 47 Diff","Up","47","Diff >= 47","Down","0.5","1","5795","2923","2872","50.44","51","0.8801","2026-04-12T00:20:00Z","2026-05-07T09:15:00Z","14","8"
"ETH","ETH Up 48 Diff","Up","48","Diff >= 48","Down","0.5","1","5699","2872","2827","50.3948","45","0.7896","2026-04-12T00:25:00Z","2026-05-07T08:10:00Z","11","8"
"ETH","ETH Up 49 Diff","Up","49","Diff >= 49","Down","0.5","1","5610","2827","2783","50.3922","44","0.7843","2026-04-12T01:00:00Z","2026-05-07T00:15:00Z","11","8"
"ETH","ETH Up 50 Diff","Up","50","Diff >= 50","Down","0.5","1","5532","2783","2749","50.3073","34","0.6146","2026-04-14T13:05:00Z","2026-05-07T00:10:00Z","11","8"
"ETH","ETH Up 51 Diff","Up","51","Diff >= 51","Down","0.5","1","5461","2749","2712","50.3388","37","0.6775","2026-04-14T13:10:00Z","2026-05-07T00:05:00Z","12","8"
"ETH","ETH Up 52 Diff","Up","52","Diff >= 52","Down","0.5","1","5396","2712","2684","50.2595","28","0.5189","2026-04-14T13:15:00Z","2026-05-07T00:00:00Z","11","8"
"ETH","ETH Up 53 Diff","Up","53","Diff >= 53","Down","0.5","1","5341","2684","2657","50.2528","27","0.5055","2026-04-14T13:20:00Z","2026-05-06T23:55:00Z","11","8"
"ETH","ETH Up 54 Diff","Up","54","Diff >= 54","Down","0.5","1","5285","2657","2628","50.2744","29","0.5487","2026-04-14T13:25:00Z","2026-05-06T23:30:00Z","11","8"
"ETH","ETH Up 55 Diff","Up","55","Diff >= 55","Down","0.5","1","5217","2628","2589","50.3738","39","0.7476","2026-04-14T13:40:00Z","2026-05-06T21:55:00Z","11","8"
"ETH","ETH Up 56 Diff","Up","56","Diff >= 56","Down","0.5","1","5119","2589","2530","50.5763","59","1.1526","2026-04-14T13:45:00Z","2026-05-06T21:40:00Z","16","8"
"ETH","ETH Up 57 Diff","Up","57","Diff >= 57","Down","0.5","1","5000","2530","2470","50.6","60","1.2","2026-04-14T14:00:00Z","2026-05-06T13:45:00Z","11","8"
"ETH","ETH Up 58 Diff","Up","58","Diff >= 58","Down","0.5","1","4886","2470","2416","50.5526","54","1.1052","2026-04-14T19:55:00Z","2026-05-06T13:20:00Z","11","8"
"ETH","ETH Up 59 Diff","Up","59","Diff >= 59","Down","0.5","1","4783","2416","2367","50.5122","49","1.0245","2026-04-14T20:00:00Z","2026-05-06T13:15:00Z","11","8"
"ETH","ETH Up 60 Diff","Up","60","Diff >= 60","Down","0.5","1","4678","2367","2311","50.5985","56","1.1971","2026-04-14T20:05:00Z","2026-05-06T13:10:00Z","11","8"
"ETH","ETH Up 61 Diff","Up","61","Diff >= 61","Down","0.5","1","4565","2311","2254","50.6243","57","1.2486","2026-04-14T20:10:00Z","2026-05-06T13:05:00Z","11","8"
"ETH","ETH Up 62 Diff","Up","62","Diff >= 62","Down","0.5","1","4434","2254","2180","50.8345","74","1.6689","2026-04-14T20:15:00Z","2026-05-06T13:00:00Z","11","8"
"ETH","ETH Up 63 Diff","Up","63","Diff >= 63","Down","0.5","1","4289","2180","2109","50.8277","71","1.6554","2026-04-14T20:50:00Z","2026-05-02T07:25:00Z","12","8"
"ETH","ETH Up 64 Diff","Up","64","Diff >= 64","Down","0.5","1","4154","2109","2045","50.7703","64","1.5407","2026-04-14T21:05:00Z","2026-05-02T00:10:00Z","11","8"
"ETH","ETH Up 65 Diff","Up","65","Diff >= 65","Down","0.5","1","4023","2045","1978","50.8327","67","1.6654","2026-04-14T23:50:00Z","2026-05-02T00:05:00Z","11","8"
"ETH","ETH Up 66 Diff","Up","66","Diff >= 66","Down","0.5","1","3876","1978","1898","51.032","80","2.064","2026-04-15T00:05:00Z","2026-05-02T00:00:00Z","11","8"
"ETH","ETH Up 67 Diff","Up","67","Diff >= 67","Down","0.5","1","3723","1898","1825","50.9804","73","1.9608","2026-04-15T00:10:00Z","2026-05-01T23:15:00Z","11","8"
"ETH","ETH Up 68 Diff","Up","68","Diff >= 68","Down","0.5","1","3585","1825","1760","50.9066","65","1.8131","2026-04-15T01:15:00Z","2026-05-01T22:30:00Z","12","8"
"ETH","ETH Up 69 Diff","Up","69","Diff >= 69","Down","0.5","1","3464","1760","1704","50.8083","56","1.6166","2026-04-15T01:50:00Z","2026-05-01T22:25:00Z","11","8"
"ETH","ETH Up 70 Diff","Up","70","Diff >= 70","Down","0.5","1","3358","1704","1654","50.7445","50","1.489","2026-04-15T04:05:00Z","2026-05-01T14:20:00Z","11","8"
"ETH","ETH Up 71 Diff","Up","71","Diff >= 71","Down","0.5","1","3242","1654","1588","51.0179","66","2.0358","2026-04-16T16:10:00Z","2026-05-01T14:15:00Z","11","7"
"ETH","ETH Up 72 Diff","Up","72","Diff >= 72","Down","0.5","1","3100","1588","1512","51.2258","76","2.4516","2026-04-16T17:25:00Z","2026-05-01T03:50:00Z","11","7"
"ETH","ETH Up 73 Diff","Up","73","Diff >= 73","Down","0.5","1","2929","1512","1417","51.6217","95","3.2434","2026-04-16T17:30:00Z","2026-04-30T14:55:00Z","11","7"
"ETH","ETH Up 74 Diff","Up","74","Diff >= 74","Down","0.5","1","2763","1417","1346","51.2848","71","2.5697","2026-04-16T18:05:00Z","2026-04-30T14:50:00Z","11","7"
"ETH","ETH Up 75 Diff","Up","75","Diff >= 75","Down","0.5","1","2625","1346","1279","51.2762","67","2.5524","2026-04-16T18:20:00Z","2026-04-30T13:45:00Z","11","7"
"ETH","ETH Up 76 Diff","Up","76","Diff >= 76","Down","0.5","1","2500","1279","1221","51.16","58","2.32","2026-04-16T18:35:00Z","2026-04-30T02:10:00Z","11","7"
"ETH","ETH Up 77 Diff","Up","77","Diff >= 77","Down","0.5","1","2383","1221","1162","51.2379","59","2.4759","2026-04-16T18:40:00Z","2026-04-29T11:55:00Z","11","7"
"ETH","ETH Up 78 Diff","Up","78","Diff >= 78","Down","0.5","1","2267","1162","1105","51.2572","57","2.5143","2026-04-16T18:45:00Z","2026-04-29T11:20:00Z","11","7"
"ETH","ETH Up 79 Diff","Up","79","Diff >= 79","Down","0.5","1","2155","1105","1050","51.2761","55","2.5522","2026-04-16T18:50:00Z","2026-04-29T11:15:00Z","11","7"
"ETH","ETH Up 80 Diff","Up","80","Diff >= 80","Down","0.5","1","2036","1050","986","51.5717","64","3.1434","2026-04-16T18:55:00Z","2026-04-29T10:50:00Z","11","7"
"ETH","ETH Up 81 Diff","Up","81","Diff >= 81","Down","0.5","1","1911","986","925","51.596","61","3.192","2026-04-16T19:00:00Z","2026-04-29T10:35:00Z","11","7"
"ETH","ETH Up 82 Diff","Up","82","Diff >= 82","Down","0.5","1","1774","925","849","52.1421","76","4.2841","2026-04-16T19:35:00Z","2026-04-29T10:30:00Z","11","7"
"ETH","ETH Up 83 Diff","Up","83","Diff >= 83","Down","0.5","1","1625","849","776","52.2462","73","4.4923","2026-04-16T19:40:00Z","2026-04-29T10:15:00Z","11","7"
"ETH","ETH Up 84 Diff","Up","84","Diff >= 84","Down","0.5","1","1474","776","698","52.6459","78","5.2917","2026-04-16T19:45:00Z","2026-04-29T06:30:00Z","12","7"
"ETH","ETH Up 85 Diff","Up","85","Diff >= 85","Down","0.5","1","1329","698","631","52.5207","67","5.0414","2026-04-16T20:00:00Z","2026-04-29T06:15:00Z","12","7"
"ETH","ETH Up 86 Diff","Up","86","Diff >= 86","Down","0.5","1","1220","631","589","51.7213","42","3.4426","2026-04-17T11:10:00Z","2026-04-29T06:10:00Z","10","7"
"ETH","ETH Up 87 Diff","Up","87","Diff >= 87","Down","0.5","1","1120","589","531","52.5893","58","5.1786","2026-04-17T11:25:00Z","2026-04-29T04:45:00Z","11","7"
"ETH","ETH Up 88 Diff","Up","88","Diff >= 88","Down","0.5","1","1003","531","472","52.9412","59","5.8824","2026-04-17T12:00:00Z","2026-04-28T16:00:00Z","8","7"
"ETH","ETH Up 89 Diff","Up","89","Diff >= 89","Down","0.5","1","887","472","415","53.2131","57","6.4262","2026-04-17T12:15:00Z","2026-04-28T15:55:00Z","11","7"
"ETH","ETH Up 90 Diff","Up","90","Diff >= 90","Down","0.5","1","783","415","368","53.0013","47","6.0026","2026-04-17T12:20:00Z","2026-04-28T14:10:00Z","13","7"
"ETH","ETH Up 91 Diff","Up","91","Diff >= 91","Down","0.5","1","704","368","336","52.2727","32","4.5455","2026-04-17T12:25:00Z","2026-04-28T05:05:00Z","11","7"
"ETH","ETH Up 92 Diff","Up","92","Diff >= 92","Down","0.5","1","649","336","313","51.772","23","3.5439","2026-04-17T12:30:00Z","2026-04-28T04:50:00Z","8","7"
"ETH","ETH Up 93 Diff","Up","93","Diff >= 93","Down","0.5","1","595","313","282","52.605","31","5.2101","2026-04-17T12:35:00Z","2026-04-28T02:05:00Z","12","7"
"ETH","ETH Up 94 Diff","Up","94","Diff >= 94","Down","0.5","1","544","282","262","51.8382","20","3.6765","2026-04-17T12:50:00Z","2026-04-28T01:50:00Z","8","7"
"ETH","ETH Up 95 Diff","Up","95","Diff >= 95","Down","0.5","1","492","262","230","53.252","32","6.5041","2026-04-17T12:55:00Z","2026-04-28T01:25:00Z","8","7"
"ETH","ETH Up 96 Diff","Up","96","Diff >= 96","Down","0.5","1","430","230","200","53.4884","30","6.9767","2026-04-17T13:20:00Z","2026-04-28T01:10:00Z","10","7"
"ETH","ETH Up 97 Diff","Up","97","Diff >= 97","Down","0.5","1","367","200","167","54.4959","33","8.9918","2026-04-17T13:25:00Z","2026-04-27T23:55:00Z","8","7"
"ETH","ETH Up 98 Diff","Up","98","Diff >= 98","Down","0.5","1","311","167","144","53.6977","23","7.3955","2026-04-17T13:50:00Z","2026-04-27T23:00:00Z","8","7"
"ETH","ETH Up 99 Diff","Up","99","Diff >= 99","Down","0.5","1","269","144","125","53.5316","19","7.0632","2026-04-17T13:55:00Z","2026-04-27T22:55:00Z","7","6"
"ETH","ETH Up 100 Diff","Up","100","Diff >= 100","Down","0.5","1","218","125","93","57.3394","32","14.6789","2026-04-17T14:00:00Z","2026-04-27T22:50:00Z","9","5"
"ETH","ETH Up 101 Diff","Up","101","Diff >= 101","Down","0.5","1","154","93","61","60.3896","32","20.7792","2026-04-17T14:05:00Z","2026-04-27T21:35:00Z","8","5"
"ETH","ETH Up 102 Diff","Up","102","Diff >= 102","Down","0.5","1","97","61","36","62.8866","25","25.7732","2026-04-17T14:40:00Z","2026-04-27T21:00:00Z","9","4"
"ETH","ETH Up 103 Diff","Up","103","Diff >= 103","Down","0.5","1","53","36","17","67.9245","19","35.8491","2026-04-17T14:45:00Z","2026-04-27T20:55:00Z","5","3"
"ETH","ETH Up 104 Diff","Up","104","Diff >= 104","Down","0.5","1","22","17","5","77.2727","12","54.5455","2026-04-17T14:50:00Z","2026-04-27T20:50:00Z","5","2"
"ETH","ETH Up 105 Diff","Up","105","Diff >= 105","Down","0.5","1","6","5","1","83.3333","4","66.6667","2026-04-17T19:45:00Z","2026-04-27T20:45:00Z","3","1"
"ETH","ETH Up 106 Diff","Up","106","Diff >= 106","Down","0.5","1","1","1","0","100","1","100","2026-04-27T20:40:00Z","2026-04-27T20:40:00Z","1","0"
"ETH","ETH Up 107 Diff","Up","107","Diff >= 107","Down","0.5","1","0","0","0","0","0","0",,,"0","0"
"ETH","ETH Up 108 Diff","Up","108","Diff >= 108","Down","0.5","1","0","0","0","0","0","0",,,"0","0"
"ETH","ETH Up 109 Diff","Up","109","Diff >= 109","Down","0.5","1","0","0","0","0","0","0",,,"0","0"
"ETH","ETH Up 110 Diff","Up","110","Diff >= 110","Down","0.5","1","0","0","0","0","0","0",,,"0","0"
"ETH","ETH Up 111 Diff","Up","111","Diff >= 111","Down","0.5","1","0","0","0","0","0","0",,,"0","0"
"ETH","ETH Up 112 Diff","Up","112","Diff >= 112","Down","0.5","1","0","0","0","0","0","0",,,"0","0"
"ETH","ETH Up 113 Diff","Up","113","Diff >= 113","Down","0.5","1","0","0","0","0","0","0",,,"0","0"
"ETH","ETH Up 114 Diff","Up","114","Diff >= 114","Down","0.5","1","0","0","0","0","0","0",,,"0","0"
"ETH","ETH Up 115 Diff","Up","115","Diff >= 115","Down","0.5","1","0","0","0","0","0","0",,,"0","0"
"ETH","ETH Up 116 Diff","Up","116","Diff >= 116","Down","0.5","1","0","0","0","0","0","0",,,"0","0"
"ETH","ETH Up 117 Diff","Up","117","Diff >= 117","Down","0.5","1","0","0","0","0","0","0",,,"0","0"
"ETH","ETH Up 118 Diff","Up","118","Diff >= 118","Down","0.5","1","0","0","0","0","0","0",,,"0","0"
"ETH","ETH Up 119 Diff","Up","119","Diff >= 119","Down","0.5","1","0","0","0","0","0","0",,,"0","0"
"ETH","ETH Up 120 Diff","Up","120","Diff >= 120","Down","0.5","1","0","0","0","0","0","0",,,"0","0"
"ETH","ETH Up 121 Diff","Up","121","Diff >= 121","Down","0.5","1","0","0","0","0","0","0",,,"0","0"
"ETH","ETH Up 122 Diff","Up","122","Diff >= 122","Down","0.5","1","0","0","0","0","0","0",,,"0","0"
"ETH","ETH Up 123 Diff","Up","123","Diff >= 123","Down","0.5","1","0","0","0","0","0","0",,,"0","0"
"ETH","ETH Up 124 Diff","Up","124","Diff >= 124","Down","0.5","1","0","0","0","0","0","0",,,"0","0"
"ETH","ETH Up 125 Diff","Up","125","Diff >= 125","Down","0.5","1","0","0","0","0","0","0",,,"0","0"
"ETH","ETH Up 126 Diff","Up","126","Diff >= 126","Down","0.5","1","0","0","0","0","0","0",,,"0","0"
"ETH","ETH Up 127 Diff","Up","127","Diff >= 127","Down","0.5","1","0","0","0","0","0","0",,,"0","0"
"ETH","ETH Up 128 Diff","Up","128","Diff >= 128","Down","0.5","1","0","0","0","0","0","0",,,"0","0"
"ETH","ETH Up 129 Diff","Up","129","Diff >= 129","Down","0.5","1","0","0","0","0","0","0",,,"0","0"
"ETH","ETH Up 130 Diff","Up","130","Diff >= 130","Down","0.5","1","0","0","0","0","0","0",,,"0","0"
"ETH","ETH Up 131 Diff","Up","131","Diff >= 131","Down","0.5","1","0","0","0","0","0","0",,,"0","0"
"ETH","ETH Up 132 Diff","Up","132","Diff >= 132","Down","0.5","1","0","0","0","0","0","0",,,"0","0"
"ETH","ETH Up 133 Diff","Up","133","Diff >= 133","Down","0.5","1","0","0","0","0","0","0",,,"0","0"
"ETH","ETH Up 134 Diff","Up","134","Diff >= 134","Down","0.5","1","0","0","0","0","0","0",,,"0","0"
"ETH","ETH Up 135 Diff","Up","135","Diff >= 135","Down","0.5","1","0","0","0","0","0","0",,,"0","0"
"ETH","ETH Up 136 Diff","Up","136","Diff >= 136","Down","0.5","1","0","0","0","0","0","0",,,"0","0"
"ETH","ETH Up 137 Diff","Up","137","Diff >= 137","Down","0.5","1","0","0","0","0","0","0",,,"0","0"
"ETH","ETH Up 138 Diff","Up","138","Diff >= 138","Down","0.5","1","0","0","0","0","0","0",,,"0","0"
"ETH","ETH Up 139 Diff","Up","139","Diff >= 139","Down","0.5","1","0","0","0","0","0","0",,,"0","0"
"ETH","ETH Up 140 Diff","Up","140","Diff >= 140","Down","0.5","1","0","0","0","0","0","0",,,"0","0"
"ETH","ETH Up 141 Diff","Up","141","Diff >= 141","Down","0.5","1","0","0","0","0","0","0",,,"0","0"
"ETH","ETH Up 142 Diff","Up","142","Diff >= 142","Down","0.5","1","0","0","0","0","0","0",,,"0","0"
"ETH","ETH Up 143 Diff","Up","143","Diff >= 143","Down","0.5","1","0","0","0","0","0","0",,,"0","0"
"ETH","ETH Up 144 Diff","Up","144","Diff >= 144","Down","0.5","1","0","0","0","0","0","0",,,"0","0"
"ETH","ETH Up 145 Diff","Up","145","Diff >= 145","Down","0.5","1","0","0","0","0","0","0",,,"0","0"
"ETH","ETH Up 146 Diff","Up","146","Diff >= 146","Down","0.5","1","0","0","0","0","0","0",,,"0","0"
"ETH","ETH Up 147 Diff","Up","147","Diff >= 147","Down","0.5","1","0","0","0","0","0","0",,,"0","0"
"ETH","ETH Up 148 Diff","Up","148","Diff >= 148","Down","0.5","1","0","0","0","0","0","0",,,"0","0"
"ETH","ETH Up 149 Diff","Up","149","Diff >= 149","Down","0.5","1","0","0","0","0","0","0",,,"0","0"
"ETH","ETH Up 150 Diff","Up","150","Diff >= 150","Down","0.5","1","0","0","0","0","0","0",,,"0","0"
"SOL","SOL Down 1 Diff","Down","1","-Diff >= 1","Up","0.5","1","465","242","223","52.043","19","4.086","2026-04-07T18:40:00Z","2026-06-07T16:10:00Z","7","8"
"SOL","SOL Down 2 Diff","Down","2","-Diff >= 2","Up","0.5","1","420","223","197","53.0952","26","6.1905","2026-04-07T18:45:00Z","2026-06-07T15:25:00Z","7","8"
"SOL","SOL Down 3 Diff","Down","3","-Diff >= 3","Up","0.5","1","377","197","180","52.2546","17","4.5093","2026-06-05T06:20:00Z","2026-06-07T15:20:00Z","7","7"
"SOL","SOL Down 4 Diff","Down","4","-Diff >= 4","Up","0.5","1","332","180","152","54.2169","28","8.4337","2026-06-05T06:25:00Z","2026-06-07T15:05:00Z","7","7"
"SOL","SOL Down 5 Diff","Down","5","-Diff >= 5","Up","0.5","1","279","152","127","54.4803","25","8.9606","2026-06-06T03:10:00Z","2026-06-07T14:50:00Z","7","7"
"SOL","SOL Down 6 Diff","Down","6","-Diff >= 6","Up","0.5","1","231","127","104","54.9784","23","9.9567","2026-06-06T04:15:00Z","2026-06-07T14:15:00Z","13","7"
"SOL","SOL Down 7 Diff","Down","7","-Diff >= 7","Up","0.5","1","192","104","88","54.1667","16","8.3333","2026-06-06T04:20:00Z","2026-06-07T04:30:00Z","8","7"
"SOL","SOL Down 8 Diff","Down","8","-Diff >= 8","Up","0.5","1","162","88","74","54.321","14","8.642","2026-06-06T04:35:00Z","2026-06-06T23:25:00Z","6","6"
"SOL","SOL Down 9 Diff","Down","9","-Diff >= 9","Up","0.5","1","134","74","60","55.2239","14","10.4478","2026-06-06T07:00:00Z","2026-06-06T22:40:00Z","6","6"
"SOL","SOL Down 10 Diff","Down","10","-Diff >= 10","Up","0.5","1","105","60","45","57.1429","15","14.2857","2026-06-06T07:05:00Z","2026-06-06T22:35:00Z","7","6"
"SOL","SOL Down 11 Diff","Down","11","-Diff >= 11","Up","0.5","1","75","45","30","60","15","20","2026-06-06T07:30:00Z","2026-06-06T22:30:00Z","6","5"
"SOL","SOL Down 12 Diff","Down","12","-Diff >= 12","Up","0.5","1","54","30","24","55.5556","6","11.1111","2026-06-06T08:05:00Z","2026-06-06T20:55:00Z","4","4"
"SOL","SOL Down 13 Diff","Down","13","-Diff >= 13","Up","0.5","1","33","24","9","72.7273","15","45.4545","2026-06-06T10:40:00Z","2026-06-06T20:50:00Z","6","3"
"SOL","SOL Down 14 Diff","Down","14","-Diff >= 14","Up","0.5","1","12","9","3","75","6","50","2026-06-06T15:25:00Z","2026-06-06T20:05:00Z","5","2"
"SOL","SOL Down 15 Diff","Down","15","-Diff >= 15","Up","0.5","1","4","3","1","75","2","50","2026-06-06T16:30:00Z","2026-06-06T17:10:00Z","3","1"
"SOL","SOL Down 16 Diff","Down","16","-Diff >= 16","Up","0.5","1","1","1","0","100","1","100","2026-06-06T16:35:00Z","2026-06-06T16:35:00Z","1","0"
"SOL","SOL Down 17 Diff","Down","17","-Diff >= 17","Up","0.5","1","0","0","0","0","0","0",,,"0","0"
"SOL","SOL Down 18 Diff","Down","18","-Diff >= 18","Up","0.5","1","0","0","0","0","0","0",,,"0","0"
"SOL","SOL Down 19 Diff","Down","19","-Diff >= 19","Up","0.5","1","0","0","0","0","0","0",,,"0","0"
"SOL","SOL Down 20 Diff","Down","20","-Diff >= 20","Up","0.5","1","0","0","0","0","0","0",,,"0","0"
"SOL","SOL Down 21 Diff","Down","21","-Diff >= 21","Up","0.5","1","0","0","0","0","0","0",,,"0","0"
"SOL","SOL Down 22 Diff","Down","22","-Diff >= 22","Up","0.5","1","0","0","0","0","0","0",,,"0","0"
"SOL","SOL Down 23 Diff","Down","23","-Diff >= 23","Up","0.5","1","0","0","0","0","0","0",,,"0","0"
"SOL","SOL Down 24 Diff","Down","24","-Diff >= 24","Up","0.5","1","0","0","0","0","0","0",,,"0","0"
"SOL","SOL Down 25 Diff","Down","25","-Diff >= 25","Up","0.5","1","0","0","0","0","0","0",,,"0","0"
"SOL","SOL Down 26 Diff","Down","26","-Diff >= 26","Up","0.5","1","0","0","0","0","0","0",,,"0","0"
"SOL","SOL Down 27 Diff","Down","27","-Diff >= 27","Up","0.5","1","0","0","0","0","0","0",,,"0","0"
"SOL","SOL Down 28 Diff","Down","28","-Diff >= 28","Up","0.5","1","0","0","0","0","0","0",,,"0","0"
"SOL","SOL Down 29 Diff","Down","29","-Diff >= 29","Up","0.5","1","0","0","0","0","0","0",,,"0","0"
"SOL","SOL Down 30 Diff","Down","30","-Diff >= 30","Up","0.5","1","0","0","0","0","0","0",,,"0","0"
"SOL","SOL Down 31 Diff","Down","31","-Diff >= 31","Up","0.5","1","0","0","0","0","0","0",,,"0","0"
"SOL","SOL Down 32 Diff","Down","32","-Diff >= 32","Up","0.5","1","0","0","0","0","0","0",,,"0","0"
"SOL","SOL Down 33 Diff","Down","33","-Diff >= 33","Up","0.5","1","0","0","0","0","0","0",,,"0","0"
"SOL","SOL Down 34 Diff","Down","34","-Diff >= 34","Up","0.5","1","0","0","0","0","0","0",,,"0","0"
"SOL","SOL Down 35 Diff","Down","35","-Diff >= 35","Up","0.5","1","0","0","0","0","0","0",,,"0","0"
"SOL","SOL Down 36 Diff","Down","36","-Diff >= 36","Up","0.5","1","0","0","0","0","0","0",,,"0","0"
"SOL","SOL Down 37 Diff","Down","37","-Diff >= 37","Up","0.5","1","0","0","0","0","0","0",,,"0","0"
"SOL","SOL Down 38 Diff","Down","38","-Diff >= 38","Up","0.5","1","0","0","0","0","0","0",,,"0","0"
"SOL","SOL Down 39 Diff","Down","39","-Diff >= 39","Up","0.5","1","0","0","0","0","0","0",,,"0","0"
"SOL","SOL Down 40 Diff","Down","40","-Diff >= 40","Up","0.5","1","0","0","0","0","0","0",,,"0","0"
"SOL","SOL Down 41 Diff","Down","41","-Diff >= 41","Up","0.5","1","0","0","0","0","0","0",,,"0","0"
"SOL","SOL Down 42 Diff","Down","42","-Diff >= 42","Up","0.5","1","0","0","0","0","0","0",,,"0","0"
"SOL","SOL Down 43 Diff","Down","43","-Diff >= 43","Up","0.5","1","0","0","0","0","0","0",,,"0","0"
"SOL","SOL Down 44 Diff","Down","44","-Diff >= 44","Up","0.5","1","0","0","0","0","0","0",,,"0","0"
"SOL","SOL Down 45 Diff","Down","45","-Diff >= 45","Up","0.5","1","0","0","0","0","0","0",,,"0","0"
"SOL","SOL Down 46 Diff","Down","46","-Diff >= 46","Up","0.5","1","0","0","0","0","0","0",,,"0","0"
"SOL","SOL Down 47 Diff","Down","47","-Diff >= 47","Up","0.5","1","0","0","0","0","0","0",,,"0","0"
"SOL","SOL Down 48 Diff","Down","48","-Diff >= 48","Up","0.5","1","0","0","0","0","0","0",,,"0","0"
"SOL","SOL Down 49 Diff","Down","49","-Diff >= 49","Up","0.5","1","0","0","0","0","0","0",,,"0","0"
"SOL","SOL Down 50 Diff","Down","50","-Diff >= 50","Up","0.5","1","0","0","0","0","0","0",,,"0","0"
"SOL","SOL Down 51 Diff","Down","51","-Diff >= 51","Up","0.5","1","0","0","0","0","0","0",,,"0","0"
"SOL","SOL Down 52 Diff","Down","52","-Diff >= 52","Up","0.5","1","0","0","0","0","0","0",,,"0","0"
"SOL","SOL Down 53 Diff","Down","53","-Diff >= 53","Up","0.5","1","0","0","0","0","0","0",,,"0","0"
"SOL","SOL Down 54 Diff","Down","54","-Diff >= 54","Up","0.5","1","0","0","0","0","0","0",,,"0","0"
"SOL","SOL Down 55 Diff","Down","55","-Diff >= 55","Up","0.5","1","0","0","0","0","0","0",,,"0","0"
"SOL","SOL Down 56 Diff","Down","56","-Diff >= 56","Up","0.5","1","0","0","0","0","0","0",,,"0","0"
"SOL","SOL Down 57 Diff","Down","57","-Diff >= 57","Up","0.5","1","0","0","0","0","0","0",,,"0","0"
"SOL","SOL Down 58 Diff","Down","58","-Diff >= 58","Up","0.5","1","0","0","0","0","0","0",,,"0","0"
"SOL","SOL Down 59 Diff","Down","59","-Diff >= 59","Up","0.5","1","0","0","0","0","0","0",,,"0","0"
"SOL","SOL Down 60 Diff","Down","60","-Diff >= 60","Up","0.5","1","0","0","0","0","0","0",,,"0","0"
"SOL","SOL Down 61 Diff","Down","61","-Diff >= 61","Up","0.5","1","0","0","0","0","0","0",,,"0","0"
"SOL","SOL Down 62 Diff","Down","62","-Diff >= 62","Up","0.5","1","0","0","0","0","0","0",,,"0","0"
"SOL","SOL Down 63 Diff","Down","63","-Diff >= 63","Up","0.5","1","0","0","0","0","0","0",,,"0","0"
"SOL","SOL Down 64 Diff","Down","64","-Diff >= 64","Up","0.5","1","0","0","0","0","0","0",,,"0","0"
"SOL","SOL Down 65 Diff","Down","65","-Diff >= 65","Up","0.5","1","0","0","0","0","0","0",,,"0","0"
"SOL","SOL Down 66 Diff","Down","66","-Diff >= 66","Up","0.5","1","0","0","0","0","0","0",,,"0","0"
"SOL","SOL Down 67 Diff","Down","67","-Diff >= 67","Up","0.5","1","0","0","0","0","0","0",,,"0","0"
"SOL","SOL Down 68 Diff","Down","68","-Diff >= 68","Up","0.5","1","0","0","0","0","0","0",,,"0","0"
"SOL","SOL Down 69 Diff","Down","69","-Diff >= 69","Up","0.5","1","0","0","0","0","0","0",,,"0","0"
"SOL","SOL Down 70 Diff","Down","70","-Diff >= 70","Up","0.5","1","0","0","0","0","0","0",,,"0","0"
"SOL","SOL Down 71 Diff","Down","71","-Diff >= 71","Up","0.5","1","0","0","0","0","0","0",,,"0","0"
"SOL","SOL Down 72 Diff","Down","72","-Diff >= 72","Up","0.5","1","0","0","0","0","0","0",,,"0","0"
"SOL","SOL Down 73 Diff","Down","73","-Diff >= 73","Up","0.5","1","0","0","0","0","0","0",,,"0","0"
"SOL","SOL Down 74 Diff","Down","74","-Diff >= 74","Up","0.5","1","0","0","0","0","0","0",,,"0","0"
"SOL","SOL Down 75 Diff","Down","75","-Diff >= 75","Up","0.5","1","0","0","0","0","0","0",,,"0","0"
"SOL","SOL Down 76 Diff","Down","76","-Diff >= 76","Up","0.5","1","0","0","0","0","0","0",,,"0","0"
"SOL","SOL Down 77 Diff","Down","77","-Diff >= 77","Up","0.5","1","0","0","0","0","0","0",,,"0","0"
"SOL","SOL Down 78 Diff","Down","78","-Diff >= 78","Up","0.5","1","0","0","0","0","0","0",,,"0","0"
"SOL","SOL Down 79 Diff","Down","79","-Diff >= 79","Up","0.5","1","0","0","0","0","0","0",,,"0","0"
"SOL","SOL Down 80 Diff","Down","80","-Diff >= 80","Up","0.5","1","0","0","0","0","0","0",,,"0","0"
"SOL","SOL Down 81 Diff","Down","81","-Diff >= 81","Up","0.5","1","0","0","0","0","0","0",,,"0","0"
"SOL","SOL Down 82 Diff","Down","82","-Diff >= 82","Up","0.5","1","0","0","0","0","0","0",,,"0","0"
"SOL","SOL Down 83 Diff","Down","83","-Diff >= 83","Up","0.5","1","0","0","0","0","0","0",,,"0","0"
"SOL","SOL Down 84 Diff","Down","84","-Diff >= 84","Up","0.5","1","0","0","0","0","0","0",,,"0","0"
"SOL","SOL Down 85 Diff","Down","85","-Diff >= 85","Up","0.5","1","0","0","0","0","0","0",,,"0","0"
"SOL","SOL Down 86 Diff","Down","86","-Diff >= 86","Up","0.5","1","0","0","0","0","0","0",,,"0","0"
"SOL","SOL Down 87 Diff","Down","87","-Diff >= 87","Up","0.5","1","0","0","0","0","0","0",,,"0","0"
"SOL","SOL Down 88 Diff","Down","88","-Diff >= 88","Up","0.5","1","0","0","0","0","0","0",,,"0","0"
"SOL","SOL Down 89 Diff","Down","89","-Diff >= 89","Up","0.5","1","0","0","0","0","0","0",,,"0","0"
"SOL","SOL Down 90 Diff","Down","90","-Diff >= 90","Up","0.5","1","0","0","0","0","0","0",,,"0","0"
"SOL","SOL Down 91 Diff","Down","91","-Diff >= 91","Up","0.5","1","0","0","0","0","0","0",,,"0","0"
"SOL","SOL Down 92 Diff","Down","92","-Diff >= 92","Up","0.5","1","0","0","0","0","0","0",,,"0","0"
"SOL","SOL Down 93 Diff","Down","93","-Diff >= 93","Up","0.5","1","0","0","0","0","0","0",,,"0","0"
"SOL","SOL Down 94 Diff","Down","94","-Diff >= 94","Up","0.5","1","0","0","0","0","0","0",,,"0","0"
"SOL","SOL Down 95 Diff","Down","95","-Diff >= 95","Up","0.5","1","0","0","0","0","0","0",,,"0","0"
"SOL","SOL Down 96 Diff","Down","96","-Diff >= 96","Up","0.5","1","0","0","0","0","0","0",,,"0","0"
"SOL","SOL Down 97 Diff","Down","97","-Diff >= 97","Up","0.5","1","0","0","0","0","0","0",,,"0","0"
"SOL","SOL Down 98 Diff","Down","98","-Diff >= 98","Up","0.5","1","0","0","0","0","0","0",,,"0","0"
"SOL","SOL Down 99 Diff","Down","99","-Diff >= 99","Up","0.5","1","0","0","0","0","0","0",,,"0","0"
"SOL","SOL Down 100 Diff","Down","100","-Diff >= 100","Up","0.5","1","0","0","0","0","0","0",,,"0","0"
"SOL","SOL Down 101 Diff","Down","101","-Diff >= 101","Up","0.5","1","0","0","0","0","0","0",,,"0","0"
"SOL","SOL Down 102 Diff","Down","102","-Diff >= 102","Up","0.5","1","0","0","0","0","0","0",,,"0","0"
"SOL","SOL Down 103 Diff","Down","103","-Diff >= 103","Up","0.5","1","0","0","0","0","0","0",,,"0","0"
"SOL","SOL Down 104 Diff","Down","104","-Diff >= 104","Up","0.5","1","0","0","0","0","0","0",,,"0","0"
"SOL","SOL Down 105 Diff","Down","105","-Diff >= 105","Up","0.5","1","0","0","0","0","0","0",,,"0","0"
"SOL","SOL Down 106 Diff","Down","106","-Diff >= 106","Up","0.5","1","0","0","0","0","0","0",,,"0","0"
"SOL","SOL Down 107 Diff","Down","107","-Diff >= 107","Up","0.5","1","0","0","0","0","0","0",,,"0","0"
"SOL","SOL Down 108 Diff","Down","108","-Diff >= 108","Up","0.5","1","0","0","0","0","0","0",,,"0","0"
"SOL","SOL Down 109 Diff","Down","109","-Diff >= 109","Up","0.5","1","0","0","0","0","0","0",,,"0","0"
"SOL","SOL Down 110 Diff","Down","110","-Diff >= 110","Up","0.5","1","0","0","0","0","0","0",,,"0","0"
"SOL","SOL Down 111 Diff","Down","111","-Diff >= 111","Up","0.5","1","0","0","0","0","0","0",,,"0","0"
"SOL","SOL Down 112 Diff","Down","112","-Diff >= 112","Up","0.5","1","0","0","0","0","0","0",,,"0","0"
"SOL","SOL Down 113 Diff","Down","113","-Diff >= 113","Up","0.5","1","0","0","0","0","0","0",,,"0","0"
"SOL","SOL Down 114 Diff","Down","114","-Diff >= 114","Up","0.5","1","0","0","0","0","0","0",,,"0","0"
"SOL","SOL Down 115 Diff","Down","115","-Diff >= 115","Up","0.5","1","0","0","0","0","0","0",,,"0","0"
"SOL","SOL Down 116 Diff","Down","116","-Diff >= 116","Up","0.5","1","0","0","0","0","0","0",,,"0","0"
"SOL","SOL Down 117 Diff","Down","117","-Diff >= 117","Up","0.5","1","0","0","0","0","0","0",,,"0","0"
"SOL","SOL Down 118 Diff","Down","118","-Diff >= 118","Up","0.5","1","0","0","0","0","0","0",,,"0","0"
"SOL","SOL Down 119 Diff","Down","119","-Diff >= 119","Up","0.5","1","0","0","0","0","0","0",,,"0","0"
"SOL","SOL Down 120 Diff","Down","120","-Diff >= 120","Up","0.5","1","0","0","0","0","0","0",,,"0","0"
"SOL","SOL Down 121 Diff","Down","121","-Diff >= 121","Up","0.5","1","0","0","0","0","0","0",,,"0","0"
"SOL","SOL Down 122 Diff","Down","122","-Diff >= 122","Up","0.5","1","0","0","0","0","0","0",,,"0","0"
"SOL","SOL Down 123 Diff","Down","123","-Diff >= 123","Up","0.5","1","0","0","0","0","0","0",,,"0","0"
"SOL","SOL Down 124 Diff","Down","124","-Diff >= 124","Up","0.5","1","0","0","0","0","0","0",,,"0","0"
"SOL","SOL Down 125 Diff","Down","125","-Diff >= 125","Up","0.5","1","0","0","0","0","0","0",,,"0","0"
"SOL","SOL Down 126 Diff","Down","126","-Diff >= 126","Up","0.5","1","0","0","0","0","0","0",,,"0","0"
"SOL","SOL Down 127 Diff","Down","127","-Diff >= 127","Up","0.5","1","0","0","0","0","0","0",,,"0","0"
"SOL","SOL Down 128 Diff","Down","128","-Diff >= 128","Up","0.5","1","0","0","0","0","0","0",,,"0","0"
"SOL","SOL Down 129 Diff","Down","129","-Diff >= 129","Up","0.5","1","0","0","0","0","0","0",,,"0","0"
"SOL","SOL Down 130 Diff","Down","130","-Diff >= 130","Up","0.5","1","0","0","0","0","0","0",,,"0","0"
"SOL","SOL Down 131 Diff","Down","131","-Diff >= 131","Up","0.5","1","0","0","0","0","0","0",,,"0","0"
"SOL","SOL Down 132 Diff","Down","132","-Diff >= 132","Up","0.5","1","0","0","0","0","0","0",,,"0","0"
"SOL","SOL Down 133 Diff","Down","133","-Diff >= 133","Up","0.5","1","0","0","0","0","0","0",,,"0","0"
"SOL","SOL Down 134 Diff","Down","134","-Diff >= 134","Up","0.5","1","0","0","0","0","0","0",,,"0","0"
"SOL","SOL Down 135 Diff","Down","135","-Diff >= 135","Up","0.5","1","0","0","0","0","0","0",,,"0","0"
"SOL","SOL Down 136 Diff","Down","136","-Diff >= 136","Up","0.5","1","0","0","0","0","0","0",,,"0","0"
"SOL","SOL Down 137 Diff","Down","137","-Diff >= 137","Up","0.5","1","0","0","0","0","0","0",,,"0","0"
"SOL","SOL Down 138 Diff","Down","138","-Diff >= 138","Up","0.5","1","0","0","0","0","0","0",,,"0","0"
"SOL","SOL Down 139 Diff","Down","139","-Diff >= 139","Up","0.5","1","0","0","0","0","0","0",,,"0","0"
"SOL","SOL Down 140 Diff","Down","140","-Diff >= 140","Up","0.5","1","0","0","0","0","0","0",,,"0","0"
"SOL","SOL Down 141 Diff","Down","141","-Diff >= 141","Up","0.5","1","0","0","0","0","0","0",,,"0","0"
"SOL","SOL Down 142 Diff","Down","142","-Diff >= 142","Up","0.5","1","0","0","0","0","0","0",,,"0","0"
"SOL","SOL Down 143 Diff","Down","143","-Diff >= 143","Up","0.5","1","0","0","0","0","0","0",,,"0","0"
"SOL","SOL Down 144 Diff","Down","144","-Diff >= 144","Up","0.5","1","0","0","0","0","0","0",,,"0","0"
"SOL","SOL Down 145 Diff","Down","145","-Diff >= 145","Up","0.5","1","0","0","0","0","0","0",,,"0","0"
"SOL","SOL Down 146 Diff","Down","146","-Diff >= 146","Up","0.5","1","0","0","0","0","0","0",,,"0","0"
"SOL","SOL Down 147 Diff","Down","147","-Diff >= 147","Up","0.5","1","0","0","0","0","0","0",,,"0","0"
"SOL","SOL Down 148 Diff","Down","148","-Diff >= 148","Up","0.5","1","0","0","0","0","0","0",,,"0","0"
"SOL","SOL Down 149 Diff","Down","149","-Diff >= 149","Up","0.5","1","0","0","0","0","0","0",,,"0","0"
"SOL","SOL Down 150 Diff","Down","150","-Diff >= 150","Up","0.5","1","0","0","0","0","0","0",,,"0","0"
"SOL","SOL Up 1 Diff","Up","1","Diff >= 1","Down","0.5","1","17045","8538","8507","50.0909","31","0.1819","2026-04-07T19:10:00Z","2026-06-07T18:35:00Z","14","11"
"SOL","SOL Up 2 Diff","Up","2","Diff >= 2","Down","0.5","1","16985","8505","8480","50.0736","25","0.1472","2026-04-07T19:15:00Z","2026-06-07T18:35:00Z","14","11"
"SOL","SOL Up 3 Diff","Up","3","Diff >= 3","Down","0.5","1","16931","8479","8452","50.0797","27","0.1595","2026-04-07T19:20:00Z","2026-06-07T18:35:00Z","14","11"
"SOL","SOL Up 4 Diff","Up","4","Diff >= 4","Down","0.5","1","16866","8452","8414","50.1127","38","0.2253","2026-04-07T19:45:00Z","2026-06-07T18:35:00Z","14","11"
"SOL","SOL Up 5 Diff","Up","5","Diff >= 5","Down","0.5","1","16805","8414","8391","50.0684","23","0.1369","2026-04-07T19:50:00Z","2026-06-07T18:30:00Z","14","11"
"SOL","SOL Up 6 Diff","Up","6","Diff >= 6","Down","0.5","1","16758","8391","8367","50.0716","24","0.1432","2026-04-07T19:55:00Z","2026-06-06T01:05:00Z","14","11"
"SOL","SOL Up 7 Diff","Up","7","Diff >= 7","Down","0.5","1","16708","8367","8341","50.0778","26","0.1556","2026-04-07T20:00:00Z","2026-06-05T04:30:00Z","14","11"
"SOL","SOL Up 8 Diff","Up","8","Diff >= 8","Down","0.5","1","16656","8341","8315","50.078","26","0.1561","2026-04-07T20:05:00Z","2026-06-05T03:55:00Z","14","11"
"SOL","SOL Up 9 Diff","Up","9","Diff >= 9","Down","0.5","1","16604","8315","8289","50.0783","26","0.1566","2026-04-07T20:10:00Z","2026-06-05T03:20:00Z","14","11"
"SOL","SOL Up 10 Diff","Up","10","Diff >= 10","Down","0.5","1","16539","8289","8250","50.1179","39","0.2358","2026-04-07T20:35:00Z","2026-06-05T03:05:00Z","14","11"
"SOL","SOL Up 11 Diff","Up","11","Diff >= 11","Down","0.5","1","16443","8250","8193","50.1733","57","0.3467","2026-04-07T20:40:00Z","2026-06-05T02:50:00Z","14","11"
"SOL","SOL Up 12 Diff","Up","12","Diff >= 12","Down","0.5","1","16342","8193","8149","50.1346","44","0.2692","2026-04-07T21:15:00Z","2026-06-05T02:05:00Z","14","11"
"SOL","SOL Up 13 Diff","Up","13","Diff >= 13","Down","0.5","1","16246","8149","8097","50.16","52","0.3201","2026-04-07T21:50:00Z","2026-06-05T02:00:00Z","14","11"
"SOL","SOL Up 14 Diff","Up","14","Diff >= 14","Down","0.5","1","16129","8097","8032","50.2015","65","0.403","2026-04-07T21:55:00Z","2026-06-04T19:35:00Z","14","11"
"SOL","SOL Up 15 Diff","Up","15","Diff >= 15","Down","0.5","1","16001","8032","7969","50.1969","63","0.3937","2026-04-07T22:00:00Z","2026-06-04T19:30:00Z","14","11"
"SOL","SOL Up 16 Diff","Up","16","Diff >= 16","Down","0.5","1","15880","7969","7911","50.1826","58","0.3652","2026-04-07T22:05:00Z","2026-06-04T18:55:00Z","14","11"
"SOL","SOL Up 17 Diff","Up","17","Diff >= 17","Down","0.5","1","15735","7911","7824","50.2765","87","0.5529","2026-04-07T22:10:00Z","2026-06-04T17:30:00Z","14","11"
"SOL","SOL Up 18 Diff","Up","18","Diff >= 18","Down","0.5","1","15593","7824","7769","50.1764","55","0.3527","2026-04-07T22:15:00Z","2026-06-04T17:15:00Z","14","11"
"SOL","SOL Up 19 Diff","Up","19","Diff >= 19","Down","0.5","1","15501","7769","7732","50.1193","37","0.2387","2026-04-07T22:30:00Z","2026-06-04T16:00:00Z","14","11"
"SOL","SOL Up 20 Diff","Up","20","Diff >= 20","Down","0.5","1","15440","7732","7708","50.0777","24","0.1554","2026-04-07T22:35:00Z","2026-06-04T15:45:00Z","14","11"
"SOL","SOL Up 21 Diff","Up","21","Diff >= 21","Down","0.5","1","15393","7708","7685","50.0747","23","0.1494","2026-04-07T22:40:00Z","2026-06-04T15:40:00Z","14","11"
"SOL","SOL Up 22 Diff","Up","22","Diff >= 22","Down","0.5","1","15356","7685","7671","50.0456","14","0.0912","2026-04-07T22:55:00Z","2026-06-04T15:35:00Z","14","11"
"SOL","SOL Up 23 Diff","Up","23","Diff >= 23","Down","0.5","1","15322","7671","7651","50.0653","20","0.1305","2026-04-07T23:00:00Z","2026-06-04T15:30:00Z","14","11"
"SOL","SOL Up 24 Diff","Up","24","Diff >= 24","Down","0.5","1","15284","7651","7633","50.0589","18","0.1178","2026-04-07T23:05:00Z","2026-06-04T15:15:00Z","14","11"
"SOL","SOL Up 25 Diff","Up","25","Diff >= 25","Down","0.5","1","15252","7633","7619","50.0459","14","0.0918","2026-04-07T23:10:00Z","2026-06-04T15:10:00Z","14","11"
"SOL","SOL Up 26 Diff","Up","26","Diff >= 26","Down","0.5","1","15221","7619","7602","50.0558","17","0.1117","2026-04-07T23:25:00Z","2026-06-04T14:25:00Z","14","11"
"SOL","SOL Up 27 Diff","Up","27","Diff >= 27","Down","0.5","1","15192","7602","7590","50.0395","12","0.079","2026-04-07T23:30:00Z","2026-06-04T14:20:00Z","14","11"
"SOL","SOL Up 28 Diff","Up","28","Diff >= 28","Down","0.5","1","15171","7590","7581","50.0297","9","0.0593","2026-04-12T16:35:00Z","2026-06-04T14:15:00Z","14","11"
"SOL","SOL Up 29 Diff","Up","29","Diff >= 29","Down","0.5","1","15158","7581","7577","50.0132","4","0.0264","2026-04-12T16:50:00Z","2026-06-04T13:00:00Z","14","11"
"SOL","SOL Up 30 Diff","Up","30","Diff >= 30","Down","0.5","1","15151","7577","7574","50.0099","3","0.0198","2026-04-12T16:55:00Z","2026-06-04T12:55:00Z","14","11"
"SOL","SOL Up 31 Diff","Up","31","Diff >= 31","Down","0.5","1","15143","7574","7569","50.0165","5","0.033","2026-04-12T17:00:00Z","2026-06-04T12:50:00Z","14","11"
"SOL","SOL Up 32 Diff","Up","32","Diff >= 32","Down","0.5","1","15136","7569","7567","50.0066","2","0.0132","2026-04-12T17:05:00Z","2026-06-04T07:05:00Z","14","11"
"SOL","SOL Up 33 Diff","Up","33","Diff >= 33","Down","0.5","1","15131","7567","7564","50.0099","3","0.0198","2026-04-12T17:30:00Z","2026-06-04T07:00:00Z","14","11"
"SOL","SOL Up 34 Diff","Up","34","Diff >= 34","Down","0.5","1","15122","7564","7558","50.0198","6","0.0397","2026-04-12T17:35:00Z","2026-06-04T06:55:00Z","14","11"
"SOL","SOL Up 35 Diff","Up","35","Diff >= 35","Down","0.5","1","15110","7558","7552","50.0199","6","0.0397","2026-04-12T18:00:00Z","2026-06-04T06:50:00Z","14","11"
"SOL","SOL Up 36 Diff","Up","36","Diff >= 36","Down","0.5","1","15090","7552","7538","50.0464","14","0.0928","2026-04-12T18:05:00Z","2026-06-04T06:45:00Z","14","11"
"SOL","SOL Up 37 Diff","Up","37","Diff >= 37","Down","0.5","1","15067","7538","7529","50.0299","9","0.0597","2026-04-12T20:20:00Z","2026-06-04T06:40:00Z","14","11"
"SOL","SOL Up 38 Diff","Up","38","Diff >= 38","Down","0.5","1","15035","7529","7506","50.0765","23","0.153","2026-04-12T20:25:00Z","2026-06-04T06:25:00Z","14","11"
"SOL","SOL Up 39 Diff","Up","39","Diff >= 39","Down","0.5","1","14979","7506","7473","50.1102","33","0.2203","2026-04-12T20:40:00Z","2026-06-04T06:20:00Z","14","11"
"SOL","SOL Up 40 Diff","Up","40","Diff >= 40","Down","0.5","1","14903","7473","7430","50.1443","43","0.2885","2026-04-12T20:45:00Z","2026-06-04T04:55:00Z","14","11"
"SOL","SOL Up 41 Diff","Up","41","Diff >= 41","Down","0.5","1","14803","7430","7373","50.1925","57","0.3851","2026-04-12T21:00:00Z","2026-06-04T04:30:00Z","14","11"
"SOL","SOL Up 42 Diff","Up","42","Diff >= 42","Down","0.5","1","14687","7373","7314","50.2009","59","0.4017","2026-04-12T21:05:00Z","2026-06-04T04:25:00Z","14","11"
"SOL","SOL Up 43 Diff","Up","43","Diff >= 43","Down","0.5","1","14569","7314","7255","50.2025","59","0.405","2026-04-13T00:10:00Z","2026-06-04T03:20:00Z","14","11"
"SOL","SOL Up 44 Diff","Up","44","Diff >= 44","Down","0.5","1","14431","7255","7176","50.2737","79","0.5474","2026-04-13T00:55:00Z","2026-06-03T22:25:00Z","14","11"
"SOL","SOL Up 45 Diff","Up","45","Diff >= 45","Down","0.5","1","14269","7176","7093","50.2908","83","0.5817","2026-04-13T01:30:00Z","2026-06-03T22:10:00Z","14","11"
"SOL","SOL Up 46 Diff","Up","46","Diff >= 46","Down","0.5","1","14094","7093","7001","50.3264","92","0.6528","2026-04-13T01:35:00Z","2026-06-03T20:35:00Z","14","11"
"SOL","SOL Up 47 Diff","Up","47","Diff >= 47","Down","0.5","1","13917","7001","6916","50.3054","85","0.6108","2026-04-13T01:50:00Z","2026-06-03T20:30:00Z","14","11"
"SOL","SOL Up 48 Diff","Up","48","Diff >= 48","Down","0.5","1","13750","6916","6834","50.2982","82","0.5964","2026-04-13T01:55:00Z","2026-06-03T14:15:00Z","14","11"
"SOL","SOL Up 49 Diff","Up","49","Diff >= 49","Down","0.5","1","13585","6834","6751","50.3055","83","0.611","2026-04-13T02:00:00Z","2026-06-03T13:40:00Z","14","11"
"SOL","SOL Up 50 Diff","Up","50","Diff >= 50","Down","0.5","1","13405","6751","6654","50.3618","97","0.7236","2026-04-13T04:05:00Z","2026-06-03T13:35:00Z","14","11"
"SOL","SOL Up 51 Diff","Up","51","Diff >= 51","Down","0.5","1","13198","6654","6544","50.4167","110","0.8335","2026-04-13T04:40:00Z","2026-06-03T13:20:00Z","14","11"
"SOL","SOL Up 52 Diff","Up","52","Diff >= 52","Down","0.5","1","12990","6544","6446","50.3772","98","0.7544","2026-04-13T08:05:00Z","2026-06-03T11:25:00Z","14","11"
"SOL","SOL Up 53 Diff","Up","53","Diff >= 53","Down","0.5","1","12806","6446","6360","50.3358","86","0.6716","2026-04-13T19:40:00Z","2026-06-03T11:20:00Z","14","11"
"SOL","SOL Up 54 Diff","Up","54","Diff >= 54","Down","0.5","1","12630","6360","6270","50.3563","90","0.7126","2026-04-13T19:55:00Z","2026-06-03T11:15:00Z","14","11"
"SOL","SOL Up 55 Diff","Up","55","Diff >= 55","Down","0.5","1","12454","6270","6184","50.3453","86","0.6905","2026-04-13T21:40:00Z","2026-06-03T11:00:00Z","14","11"
"SOL","SOL Up 56 Diff","Up","56","Diff >= 56","Down","0.5","1","12296","6184","6112","50.2928","72","0.5856","2026-04-13T22:15:00Z","2026-06-02T22:35:00Z","14","11"
"SOL","SOL Up 57 Diff","Up","57","Diff >= 57","Down","0.5","1","12151","6112","6039","50.3004","73","0.6008","2026-04-13T22:20:00Z","2026-06-02T22:30:00Z","14","11"
"SOL","SOL Up 58 Diff","Up","58","Diff >= 58","Down","0.5","1","12002","6039","5963","50.3166","76","0.6332","2026-04-13T22:25:00Z","2026-06-02T22:25:00Z","14","11"
"SOL","SOL Up 59 Diff","Up","59","Diff >= 59","Down","0.5","1","11863","5963","5900","50.2655","63","0.5311","2026-04-13T22:50:00Z","2026-06-02T22:10:00Z","14","11"
"SOL","SOL Up 60 Diff","Up","60","Diff >= 60","Down","0.5","1","11717","5900","5817","50.3542","83","0.7084","2026-04-13T22:55:00Z","2026-06-02T22:05:00Z","14","11"
"SOL","SOL Up 61 Diff","Up","61","Diff >= 61","Down","0.5","1","11543","5817","5726","50.3942","91","0.7884","2026-04-13T23:30:00Z","2026-06-02T22:00:00Z","14","11"
"SOL","SOL Up 62 Diff","Up","62","Diff >= 62","Down","0.5","1","11339","5726","5613","50.4983","113","0.9966","2026-04-16T18:45:00Z","2026-06-02T21:45:00Z","14","11"
"SOL","SOL Up 63 Diff","Up","63","Diff >= 63","Down","0.5","1","11094","5613","5481","50.5949","132","1.1898","2026-04-16T18:50:00Z","2026-06-02T18:10:00Z","14","11"
"SOL","SOL Up 64 Diff","Up","64","Diff >= 64","Down","0.5","1","10840","5481","5359","50.5627","122","1.1255","2026-04-16T18:55:00Z","2026-06-02T18:05:00Z","14","10"
"SOL","SOL Up 65 Diff","Up","65","Diff >= 65","Down","0.5","1","10603","5359","5244","50.5423","115","1.0846","2026-04-16T19:00:00Z","2026-06-02T17:40:00Z","15","10"
"SOL","SOL Up 66 Diff","Up","66","Diff >= 66","Down","0.5","1","10399","5244","5155","50.4279","89","0.8559","2026-04-16T19:25:00Z","2026-06-02T17:25:00Z","14","10"
"SOL","SOL Up 67 Diff","Up","67","Diff >= 67","Down","0.5","1","10208","5155","5053","50.4996","102","0.9992","2026-04-16T19:40:00Z","2026-06-02T16:30:00Z","14","10"
"SOL","SOL Up 68 Diff","Up","68","Diff >= 68","Down","0.5","1","10014","5053","4961","50.4594","92","0.9187","2026-04-16T19:45:00Z","2026-06-02T14:15:00Z","14","10"
"SOL","SOL Up 69 Diff","Up","69","Diff >= 69","Down","0.5","1","9828","4961","4867","50.4782","94","0.9565","2026-04-16T19:50:00Z","2026-06-02T14:00:00Z","14","10"
"SOL","SOL Up 70 Diff","Up","70","Diff >= 70","Down","0.5","1","9642","4867","4775","50.4771","92","0.9542","2026-04-16T19:55:00Z","2026-06-02T13:45:00Z","14","10"
"SOL","SOL Up 71 Diff","Up","71","Diff >= 71","Down","0.5","1","9451","4775","4676","50.5238","99","1.0475","2026-04-16T20:00:00Z","2026-06-02T13:30:00Z","14","10"
"SOL","SOL Up 72 Diff","Up","72","Diff >= 72","Down","0.5","1","9251","4676","4575","50.5459","101","1.0918","2026-04-16T20:05:00Z","2026-06-02T13:25:00Z","14","10"
"SOL","SOL Up 73 Diff","Up","73","Diff >= 73","Down","0.5","1","9053","4575","4478","50.5357","97","1.0715","2026-04-17T13:20:00Z","2026-06-02T11:10:00Z","14","10"
"SOL","SOL Up 74 Diff","Up","74","Diff >= 74","Down","0.5","1","8856","4478","4378","50.5646","100","1.1292","2026-04-17T13:25:00Z","2026-06-02T11:05:00Z","14","10"
"SOL","SOL Up 75 Diff","Up","75","Diff >= 75","Down","0.5","1","8655","4378","4277","50.5835","101","1.167","2026-04-17T14:00:00Z","2026-06-02T11:00:00Z","14","10"
"SOL","SOL Up 76 Diff","Up","76","Diff >= 76","Down","0.5","1","8457","4277","4180","50.5735","97","1.147","2026-04-17T16:25:00Z","2026-06-02T05:15:00Z","14","10"
"SOL","SOL Up 77 Diff","Up","77","Diff >= 77","Down","0.5","1","8253","4180","4073","50.6482","107","1.2965","2026-04-17T16:30:00Z","2026-06-02T04:50:00Z","14","10"
"SOL","SOL Up 78 Diff","Up","78","Diff >= 78","Down","0.5","1","8080","4073","4007","50.4084","66","0.8168","2026-04-17T19:45:00Z","2026-06-02T04:45:00Z","14","10"
"SOL","SOL Up 79 Diff","Up","79","Diff >= 79","Down","0.5","1","7956","4007","3949","50.3645","58","0.729","2026-04-23T11:30:00Z","2026-06-02T04:40:00Z","14","10"
"SOL","SOL Up 80 Diff","Up","80","Diff >= 80","Down","0.5","1","7838","3949","3889","50.3828","60","0.7655","2026-04-23T11:45:00Z","2026-06-02T03:55:00Z","14","10"
"SOL","SOL Up 81 Diff","Up","81","Diff >= 81","Down","0.5","1","7724","3889","3835","50.3496","54","0.6991","2026-04-23T11:50:00Z","2026-06-02T01:30:00Z","14","10"
"SOL","SOL Up 82 Diff","Up","82","Diff >= 82","Down","0.5","1","7595","3835","3760","50.4937","75","0.9875","2026-04-23T11:55:00Z","2026-06-02T01:25:00Z","14","10"
"SOL","SOL Up 83 Diff","Up","83","Diff >= 83","Down","0.5","1","7446","3760","3686","50.4969","74","0.9938","2026-04-23T12:20:00Z","2026-06-02T01:00:00Z","14","10"
"SOL","SOL Up 84 Diff","Up","84","Diff >= 84","Down","0.5","1","7273","3686","3587","50.6806","99","1.3612","2026-04-23T14:55:00Z","2026-06-02T00:55:00Z","14","10"
"SOL","SOL Up 85 Diff","Up","85","Diff >= 85","Down","0.5","1","7079","3587","3492","50.671","95","1.342","2026-04-23T15:40:00Z","2026-06-02T00:40:00Z","15","10"
"SOL","SOL Up 86 Diff","Up","86","Diff >= 86","Down","0.5","1","6878","3492","3386","50.7706","106","1.5411","2026-04-23T15:45:00Z","2026-06-02T00:35:00Z","13","10"
"SOL","SOL Up 87 Diff","Up","87","Diff >= 87","Down","0.5","1","6654","3386","3268","50.8867","118","1.7734","2026-04-23T15:50:00Z","2026-06-02T00:20:00Z","11","10"
"SOL","SOL Up 88 Diff","Up","88","Diff >= 88","Down","0.5","1","6441","3268","3173","50.7375","95","1.4749","2026-04-23T21:35:00Z","2026-06-02T00:15:00Z","14","10"
"SOL","SOL Up 89 Diff","Up","89","Diff >= 89","Down","0.5","1","6266","3173","3093","50.6384","80","1.2767","2026-04-23T21:40:00Z","2026-06-02T00:00:00Z","10","10"
"SOL","SOL Up 90 Diff","Up","90","Diff >= 90","Down","0.5","1","6122","3093","3029","50.5227","64","1.0454","2026-04-23T21:45:00Z","2026-06-01T23:45:00Z","13","10"
"SOL","SOL Up 91 Diff","Up","91","Diff >= 91","Down","0.5","1","5996","3029","2967","50.517","62","1.034","2026-04-23T21:50:00Z","2026-06-01T23:40:00Z","9","10"
"SOL","SOL Up 92 Diff","Up","92","Diff >= 92","Down","0.5","1","5874","2967","2907","50.5107","60","1.0215","2026-04-23T21:55:00Z","2026-06-01T18:35:00Z","9","10"
"SOL","SOL Up 93 Diff","Up","93","Diff >= 93","Down","0.5","1","5749","2907","2842","50.5653","65","1.1306","2026-04-23T22:20:00Z","2026-06-01T17:50:00Z","9","10"
"SOL","SOL Up 94 Diff","Up","94","Diff >= 94","Down","0.5","1","5632","2842","2790","50.4616","52","0.9233","2026-04-23T22:45:00Z","2026-06-01T17:45:00Z","10","10"
"SOL","SOL Up 95 Diff","Up","95","Diff >= 95","Down","0.5","1","5520","2790","2730","50.5435","60","1.087","2026-04-24T00:40:00Z","2026-06-01T11:30:00Z","11","10"
"SOL","SOL Up 96 Diff","Up","96","Diff >= 96","Down","0.5","1","5398","2730","2668","50.5743","62","1.1486","2026-04-24T03:55:00Z","2026-06-01T11:25:00Z","11","10"
"SOL","SOL Up 97 Diff","Up","97","Diff >= 97","Down","0.5","1","5263","2668","2595","50.6935","73","1.387","2026-04-24T04:00:00Z","2026-06-01T11:20:00Z","9","10"
"SOL","SOL Up 98 Diff","Up","98","Diff >= 98","Down","0.5","1","5115","2595","2520","50.7331","75","1.4663","2026-04-24T04:15:00Z","2026-06-01T10:55:00Z","9","10"
"SOL","SOL Up 99 Diff","Up","99","Diff >= 99","Down","0.5","1","4957","2520","2437","50.8372","83","1.6744","2026-04-24T04:20:00Z","2026-06-01T10:10:00Z","14","10"
"SOL","SOL Up 100 Diff","Up","100","Diff >= 100","Down","0.5","1","4801","2437","2364","50.7603","73","1.5205","2026-04-24T06:15:00Z","2026-06-01T09:35:00Z","11","10"
"SOL","SOL Up 101 Diff","Up","101","Diff >= 101","Down","0.5","1","4695","2364","2331","50.3514","33","0.7029","2026-04-24T07:10:00Z","2026-06-01T09:20:00Z","10","10"
"SOL","SOL Up 102 Diff","Up","102","Diff >= 102","Down","0.5","1","4629","2331","2298","50.3564","33","0.7129","2026-04-24T10:25:00Z","2026-05-16T21:35:00Z","9","10"
"SOL","SOL Up 103 Diff","Up","103","Diff >= 103","Down","0.5","1","4549","2298","2251","50.5166","47","1.0332","2026-04-24T10:30:00Z","2026-05-16T21:30:00Z","9","10"
"SOL","SOL Up 104 Diff","Up","104","Diff >= 104","Down","0.5","1","4448","2251","2197","50.607","54","1.214","2026-04-24T10:35:00Z","2026-05-16T21:15:00Z","9","10"
"SOL","SOL Up 105 Diff","Up","105","Diff >= 105","Down","0.5","1","4338","2197","2141","50.6455","56","1.2909","2026-04-24T10:40:00Z","2026-05-16T20:50:00Z","9","10"
"SOL","SOL Up 106 Diff","Up","106","Diff >= 106","Down","0.5","1","4212","2141","2071","50.831","70","1.6619","2026-04-24T10:55:00Z","2026-05-16T20:25:00Z","9","10"
"SOL","SOL Up 107 Diff","Up","107","Diff >= 107","Down","0.5","1","4046","2071","1975","51.1864","96","2.3727","2026-04-24T11:00:00Z","2026-05-16T20:20:00Z","10","10"
"SOL","SOL Up 108 Diff","Up","108","Diff >= 108","Down","0.5","1","3866","1975","1891","51.0864","84","2.1728","2026-04-24T11:05:00Z","2026-05-16T17:35:00Z","9","10"
"SOL","SOL Up 109 Diff","Up","109","Diff >= 109","Down","0.5","1","3676","1891","1785","51.4418","106","2.8836","2026-04-24T11:10:00Z","2026-05-16T15:50:00Z","10","10"
"SOL","SOL Up 110 Diff","Up","110","Diff >= 110","Down","0.5","1","3425","1785","1640","52.1168","145","4.2336","2026-04-24T11:15:00Z","2026-05-16T15:15:00Z","10","10"
"SOL","SOL Up 111 Diff","Up","111","Diff >= 111","Down","0.5","1","3153","1640","1513","52.014","127","4.0279","2026-04-24T11:30:00Z","2026-05-16T15:10:00Z","11","10"
"SOL","SOL Up 112 Diff","Up","112","Diff >= 112","Down","0.5","1","2907","1513","1394","52.0468","119","4.0936","2026-04-29T04:25:00Z","2026-05-16T15:05:00Z","12","10"
"SOL","SOL Up 113 Diff","Up","113","Diff >= 113","Down","0.5","1","2688","1394","1294","51.8601","100","3.7202","2026-04-29T04:40:00Z","2026-05-16T06:40:00Z","9","10"
"SOL","SOL Up 114 Diff","Up","114","Diff >= 114","Down","0.5","1","2493","1294","1199","51.9053","95","3.8107","2026-04-29T04:45:00Z","2026-05-16T06:35:00Z","9","10"
"SOL","SOL Up 115 Diff","Up","115","Diff >= 115","Down","0.5","1","2317","1199","1118","51.7479","81","3.4959","2026-04-29T04:50:00Z","2026-05-16T06:10:00Z","9","10"
"SOL","SOL Up 116 Diff","Up","116","Diff >= 116","Down","0.5","1","2150","1118","1032","52","86","4","2026-04-29T04:55:00Z","2026-05-16T06:05:00Z","12","10"
"SOL","SOL Up 117 Diff","Up","117","Diff >= 117","Down","0.5","1","2009","1032","977","51.3688","55","2.7377","2026-04-29T05:00:00Z","2026-05-16T05:50:00Z","9","10"
"SOL","SOL Up 118 Diff","Up","118","Diff >= 118","Down","0.5","1","1906","977","929","51.2592","48","2.5184","2026-04-29T07:35:00Z","2026-05-16T05:15:00Z","11","10"
"SOL","SOL Up 119 Diff","Up","119","Diff >= 119","Down","0.5","1","1814","929","885","51.2128","44","2.4256","2026-04-29T10:10:00Z","2026-05-16T05:10:00Z","9","10"
"SOL","SOL Up 120 Diff","Up","120","Diff >= 120","Down","0.5","1","1716","885","831","51.5734","54","3.1469","2026-04-29T10:15:00Z","2026-05-16T05:05:00Z","9","10"
"SOL","SOL Up 121 Diff","Up","121","Diff >= 121","Down","0.5","1","1621","831","790","51.2647","41","2.5293","2026-04-29T10:20:00Z","2026-05-16T05:00:00Z","9","10"
"SOL","SOL Up 122 Diff","Up","122","Diff >= 122","Down","0.5","1","1539","790","749","51.332","41","2.6641","2026-04-30T00:35:00Z","2026-05-16T04:15:00Z","11","10"
"SOL","SOL Up 123 Diff","Up","123","Diff >= 123","Down","0.5","1","1473","749","724","50.8486","25","1.6972","2026-04-30T00:40:00Z","2026-05-16T04:10:00Z","9","10"
"SOL","SOL Up 124 Diff","Up","124","Diff >= 124","Down","0.5","1","1422","724","698","50.9142","26","1.8284","2026-04-30T00:55:00Z","2026-05-16T03:55:00Z","9","10"
"SOL","SOL Up 125 Diff","Up","125","Diff >= 125","Down","0.5","1","1378","698","680","50.6531","18","1.3062","2026-04-30T01:50:00Z","2026-05-16T03:30:00Z","9","9"
"SOL","SOL Up 126 Diff","Up","126","Diff >= 126","Down","0.5","1","1334","680","654","50.9745","26","1.949","2026-04-30T01:55:00Z","2026-05-16T03:25:00Z","9","8"
"SOL","SOL Up 127 Diff","Up","127","Diff >= 127","Down","0.5","1","1287","654","633","50.8159","21","1.6317","2026-04-30T02:10:00Z","2026-05-13T11:50:00Z","9","8"
"SOL","SOL Up 128 Diff","Up","128","Diff >= 128","Down","0.5","1","1233","633","600","51.3382","33","2.6764","2026-05-08T17:05:00Z","2026-05-13T11:45:00Z","10","8"
"SOL","SOL Up 129 Diff","Up","129","Diff >= 129","Down","0.5","1","1184","600","584","50.6757","16","1.3514","2026-05-08T17:20:00Z","2026-05-13T10:40:00Z","9","8"
"SOL","SOL Up 130 Diff","Up","130","Diff >= 130","Down","0.5","1","1139","584","555","51.273","29","2.5461","2026-05-08T17:35:00Z","2026-05-13T10:35:00Z","9","8"
"SOL","SOL Up 131 Diff","Up","131","Diff >= 131","Down","0.5","1","1072","555","517","51.7724","38","3.5448","2026-05-08T17:40:00Z","2026-05-13T10:30:00Z","9","8"
"SOL","SOL Up 132 Diff","Up","132","Diff >= 132","Down","0.5","1","994","517","477","52.0121","40","4.0241","2026-05-08T17:55:00Z","2026-05-13T10:25:00Z","16","8"
"SOL","SOL Up 133 Diff","Up","133","Diff >= 133","Down","0.5","1","926","477","449","51.5119","28","3.0238","2026-05-08T18:10:00Z","2026-05-13T10:00:00Z","9","8"
"SOL","SOL Up 134 Diff","Up","134","Diff >= 134","Down","0.5","1","875","449","426","51.3143","23","2.6286","2026-05-08T18:15:00Z","2026-05-13T09:55:00Z","9","8"
"SOL","SOL Up 135 Diff","Up","135","Diff >= 135","Down","0.5","1","823","426","397","51.7618","29","3.5237","2026-05-08T18:20:00Z","2026-05-13T09:50:00Z","8","8"
"SOL","SOL Up 136 Diff","Up","136","Diff >= 136","Down","0.5","1","759","397","362","52.3057","35","4.6113","2026-05-08T18:25:00Z","2026-05-13T04:25:00Z","10","7"
"SOL","SOL Up 137 Diff","Up","137","Diff >= 137","Down","0.5","1","698","362","336","51.8625","26","3.7249","2026-05-08T18:30:00Z","2026-05-12T06:40:00Z","8","7"
"SOL","SOL Up 138 Diff","Up","138","Diff >= 138","Down","0.5","1","643","336","307","52.2551","29","4.5101","2026-05-08T18:35:00Z","2026-05-12T06:35:00Z","7","7"
"SOL","SOL Up 139 Diff","Up","139","Diff >= 139","Down","0.5","1","567","307","260","54.1446","47","8.2892","2026-05-08T18:40:00Z","2026-05-12T06:30:00Z","7","7"
"SOL","SOL Up 140 Diff","Up","140","Diff >= 140","Down","0.5","1","479","260","219","54.2797","41","8.5595","2026-05-08T18:55:00Z","2026-05-12T06:25:00Z","7","7"
"SOL","SOL Up 141 Diff","Up","141","Diff >= 141","Down","0.5","1","401","219","182","54.6135","37","9.2269","2026-05-08T19:20:00Z","2026-05-12T01:00:00Z","7","7"
"SOL","SOL Up 142 Diff","Up","142","Diff >= 142","Down","0.5","1","331","182","149","54.9849","33","9.9698","2026-05-08T19:55:00Z","2026-05-12T00:55:00Z","7","6"
"SOL","SOL Up 143 Diff","Up","143","Diff >= 143","Down","0.5","1","274","149","125","54.3796","24","8.7591","2026-05-08T20:00:00Z","2026-05-11T20:20:00Z","7","5"
"SOL","SOL Up 144 Diff","Up","144","Diff >= 144","Down","0.5","1","236","125","111","52.9661","14","5.9322","2026-05-09T06:05:00Z","2026-05-11T20:05:00Z","5","4"
"SOL","SOL Up 145 Diff","Up","145","Diff >= 145","Down","0.5","1","207","111","96","53.6232","15","7.2464","2026-05-09T06:10:00Z","2026-05-11T16:50:00Z","6","4"
"SOL","SOL Up 146 Diff","Up","146","Diff >= 146","Down","0.5","1","178","96","82","53.9326","14","7.8652","2026-05-10T17:25:00Z","2026-05-11T16:35:00Z","6","4"
"SOL","SOL Up 147 Diff","Up","147","Diff >= 147","Down","0.5","1","157","82","75","52.2293","7","4.4586","2026-05-10T17:30:00Z","2026-05-11T12:00:00Z","4","4"
"SOL","SOL Up 148 Diff","Up","148","Diff >= 148","Down","0.5","1","138","75","63","54.3478","12","8.6957","2026-05-10T21:35:00Z","2026-05-11T11:45:00Z","6","4"
"SOL","SOL Up 149 Diff","Up","149","Diff >= 149","Down","0.5","1","113","63","50","55.7522","13","11.5044","2026-05-10T21:50:00Z","2026-05-11T11:40:00Z","5","4"
"SOL","SOL Up 150 Diff","Up","150","Diff >= 150","Down","0.5","1","85","50","35","58.8235","15","17.6471","2026-05-10T22:15:00Z","2026-05-11T10:45:00Z","6","4"
