asset_symbol,binance_symbol,day_utc,first_open_time_utc,last_open_time_utc,points,up_count,down_count,flat_count,close_diff,min_diff,min_open_time_utc,max_diff,max_open_time_utc,intraday_range
BTC,BTCUSDT,2025-12-28,2025-12-28T08:25:00.0000000+00:00,2025-12-28T23:55:00.0000000+00:00,187,86,96,5,-10,-16,2025-12-28T23:25:00.0000000+00:00,0,2025-12-28T10:20:00.0000000+00:00,16
BTC,BTCUSDT,2025-12-29,2025-12-29T00:00:00.0000000+00:00,2025-12-29T23:55:00.0000000+00:00,288,139,149,0,-10,-12,2025-12-29T20:45:00.0000000+00:00,12,2025-12-29T04:35:00.0000000+00:00,24
BTC,BTCUSDT,2025-12-30,2025-12-30T00:00:00.0000000+00:00,2025-12-30T23:55:00.0000000+00:00,288,159,129,0,30,0,2025-12-30T00:35:00.0000000+00:00,37,2025-12-30T15:50:00.0000000+00:00,37
BTC,BTCUSDT,2025-12-31,2025-12-31T00:00:00.0000000+00:00,2025-12-31T23:55:00.0000000+00:00,288,143,145,0,-2,-8,2025-12-31T05:15:00.0000000+00:00,9,2025-12-31T11:40:00.0000000+00:00,17
BTC,BTCUSDT,2026-01-01,2026-01-01T00:00:00.0000000+00:00,2026-01-01T23:55:00.0000000+00:00,288,151,130,7,21,-7,2026-01-01T07:40:00.0000000+00:00,21,2026-01-01T23:55:00.0000000+00:00,28
BTC,BTCUSDT,2026-01-02,2026-01-02T00:00:00.0000000+00:00,2026-01-02T23:55:00.0000000+00:00,288,145,143,0,2,-6,2026-01-02T01:35:00.0000000+00:00,14,2026-01-02T18:15:00.0000000+00:00,20
BTC,BTCUSDT,2026-01-03,2026-01-03T00:00:00.0000000+00:00,2026-01-03T23:55:00.0000000+00:00,288,149,138,1,11,-4,2026-01-03T05:35:00.0000000+00:00,15,2026-01-03T21:35:00.0000000+00:00,19
BTC,BTCUSDT,2026-01-04,2026-01-04T00:00:00.0000000+00:00,2026-01-04T23:55:00.0000000+00:00,288,147,141,0,6,-1,2026-01-04T02:10:00.0000000+00:00,11,2026-01-04T14:10:00.0000000+00:00,12
BTC,BTCUSDT,2026-01-05,2026-01-05T00:00:00.0000000+00:00,2026-01-05T23:55:00.0000000+00:00,288,148,140,0,8,-2,2026-01-05T06:25:00.0000000+00:00,15,2026-01-05T22:20:00.0000000+00:00,17
BTC,BTCUSDT,2026-01-06,2026-01-06T00:00:00.0000000+00:00,2026-01-06T23:55:00.0000000+00:00,288,138,149,1,-11,-18,2026-01-06T22:40:00.0000000+00:00,5,2026-01-06T04:10:00.0000000+00:00,23
BTC,BTCUSDT,2026-01-07,2026-01-07T00:00:00.0000000+00:00,2026-01-07T23:55:00.0000000+00:00,288,144,144,0,0,-18,2026-01-07T05:55:00.0000000+00:00,0,2026-01-07T23:55:00.0000000+00:00,18
BTC,BTCUSDT,2026-01-08,2026-01-08T00:00:00.0000000+00:00,2026-01-08T23:55:00.0000000+00:00,288,148,140,0,8,-17,2026-01-08T07:00:00.0000000+00:00,8,2026-01-08T23:05:00.0000000+00:00,25
BTC,BTCUSDT,2026-01-09,2026-01-09T00:00:00.0000000+00:00,2026-01-09T23:55:00.0000000+00:00,288,144,144,0,0,-8,2026-01-09T19:55:00.0000000+00:00,6,2026-01-09T16:55:00.0000000+00:00,14
BTC,BTCUSDT,2026-01-10,2026-01-10T00:00:00.0000000+00:00,2026-01-10T23:55:00.0000000+00:00,288,144,131,13,13,-1,2026-01-10T00:50:00.0000000+00:00,20,2026-01-10T20:10:00.0000000+00:00,21
BTC,BTCUSDT,2026-01-11,2026-01-11T00:00:00.0000000+00:00,2026-01-11T23:55:00.0000000+00:00,288,150,129,9,21,-2,2026-01-11T00:05:00.0000000+00:00,23,2026-01-11T18:55:00.0000000+00:00,25
BTC,BTCUSDT,2026-01-12,2026-01-12T00:00:00.0000000+00:00,2026-01-12T23:55:00.0000000+00:00,288,145,142,1,3,-14,2026-01-12T10:55:00.0000000+00:00,9,2026-01-12T03:20:00.0000000+00:00,23
BTC,BTCUSDT,2026-01-13,2026-01-13T00:00:00.0000000+00:00,2026-01-13T23:55:00.0000000+00:00,288,149,139,0,10,-9,2026-01-13T02:40:00.0000000+00:00,17,2026-01-13T20:20:00.0000000+00:00,26
BTC,BTCUSDT,2026-01-14,2026-01-14T00:00:00.0000000+00:00,2026-01-14T23:55:00.0000000+00:00,288,148,140,0,8,-7,2026-01-14T02:00:00.0000000+00:00,19,2026-01-14T21:30:00.0000000+00:00,26
BTC,BTCUSDT,2026-01-15,2026-01-15T00:00:00.0000000+00:00,2026-01-15T23:55:00.0000000+00:00,288,141,147,0,-6,-12,2026-01-15T03:05:00.0000000+00:00,3,2026-01-15T14:10:00.0000000+00:00,15
BTC,BTCUSDT,2026-01-16,2026-01-16T00:00:00.0000000+00:00,2026-01-16T23:55:00.0000000+00:00,288,138,150,0,-12,-16,2026-01-16T10:35:00.0000000+00:00,3,2026-01-16T00:30:00.0000000+00:00,19
BTC,BTCUSDT,2026-01-17,2026-01-17T00:00:00.0000000+00:00,2026-01-17T23:55:00.0000000+00:00,288,132,151,5,-19,-23,2026-01-17T10:55:00.0000000+00:00,-1,2026-01-17T00:00:00.0000000+00:00,22
BTC,BTCUSDT,2026-01-18,2026-01-18T00:00:00.0000000+00:00,2026-01-18T23:55:00.0000000+00:00,288,135,148,5,-13,-13,2026-01-18T23:55:00.0000000+00:00,6,2026-01-18T09:50:00.0000000+00:00,19
BTC,BTCUSDT,2026-01-19,2026-01-19T00:00:00.0000000+00:00,2026-01-19T23:55:00.0000000+00:00,288,142,146,0,-4,-9,2026-01-19T02:10:00.0000000+00:00,9,2026-01-19T21:00:00.0000000+00:00,18
BTC,BTCUSDT,2026-01-20,2026-01-20T00:00:00.0000000+00:00,2026-01-20T23:55:00.0000000+00:00,288,135,153,0,-18,-23,2026-01-20T22:30:00.0000000+00:00,2,2026-01-20T01:25:00.0000000+00:00,25
BTC,BTCUSDT,2026-01-21,2026-01-21T00:00:00.0000000+00:00,2026-01-21T23:55:00.0000000+00:00,288,147,140,1,7,-5,2026-01-21T17:10:00.0000000+00:00,11,2026-01-21T09:20:00.0000000+00:00,16
BTC,BTCUSDT,2026-01-22,2026-01-22T00:00:00.0000000+00:00,2026-01-22T23:55:00.0000000+00:00,288,155,133,0,22,1,2026-01-22T00:00:00.0000000+00:00,26,2026-01-22T13:25:00.0000000+00:00,25
BTC,BTCUSDT,2026-01-23,2026-01-23T00:00:00.0000000+00:00,2026-01-23T23:55:00.0000000+00:00,288,150,138,0,12,-4,2026-01-23T02:55:00.0000000+00:00,21,2026-01-23T15:00:00.0000000+00:00,25
BTC,BTCUSDT,2026-01-24,2026-01-24T00:00:00.0000000+00:00,2026-01-24T23:55:00.0000000+00:00,288,122,150,16,-28,-28,2026-01-24T22:40:00.0000000+00:00,9,2026-01-24T03:25:00.0000000+00:00,37
BTC,BTCUSDT,2026-01-25,2026-01-25T00:00:00.0000000+00:00,2026-01-25T23:55:00.0000000+00:00,288,138,145,5,-7,-20,2026-01-25T08:45:00.0000000+00:00,4,2026-01-25T00:45:00.0000000+00:00,24
BTC,BTCUSDT,2026-01-26,2026-01-26T00:00:00.0000000+00:00,2026-01-26T23:55:00.0000000+00:00,288,148,140,0,8,-2,2026-01-26T17:15:00.0000000+00:00,12,2026-01-26T23:35:00.0000000+00:00,14
BTC,BTCUSDT,2026-01-27,2026-01-27T00:00:00.0000000+00:00,2026-01-27T23:55:00.0000000+00:00,288,138,149,1,-11,-25,2026-01-27T17:40:00.0000000+00:00,1,2026-01-27T00:20:00.0000000+00:00,26
BTC,BTCUSDT,2026-01-28,2026-01-28T00:00:00.0000000+00:00,2026-01-28T23:55:00.0000000+00:00,288,127,161,0,-34,-35,2026-01-28T23:50:00.0000000+00:00,2,2026-01-28T00:55:00.0000000+00:00,37
BTC,BTCUSDT,2026-01-29,2026-01-29T00:00:00.0000000+00:00,2026-01-29T23:55:00.0000000+00:00,288,132,156,0,-24,-32,2026-01-29T20:35:00.0000000+00:00,-1,2026-01-29T00:00:00.0000000+00:00,31
BTC,BTCUSDT,2026-01-30,2026-01-30T00:00:00.0000000+00:00,2026-01-30T23:55:00.0000000+00:00,288,145,143,0,2,-13,2026-01-30T02:20:00.0000000+00:00,5,2026-01-30T21:50:00.0000000+00:00,18
BTC,BTCUSDT,2026-01-31,2026-01-31T00:00:00.0000000+00:00,2026-01-31T23:55:00.0000000+00:00,288,132,155,1,-23,-29,2026-01-31T19:35:00.0000000+00:00,6,2026-01-31T01:05:00.0000000+00:00,35
BTC,BTCUSDT,2026-02-01,2026-02-01T00:00:00.0000000+00:00,2026-02-01T23:55:00.0000000+00:00,288,143,145,0,-2,-6,2026-02-01T15:15:00.0000000+00:00,9,2026-02-01T18:30:00.0000000+00:00,15
BTC,BTCUSDT,2026-02-02,2026-02-02T00:00:00.0000000+00:00,2026-02-02T23:55:00.0000000+00:00,288,137,151,0,-14,-24,2026-02-02T20:55:00.0000000+00:00,3,2026-02-02T00:20:00.0000000+00:00,27
BTC,BTCUSDT,2026-02-03,2026-02-03T00:00:00.0000000+00:00,2026-02-03T23:55:00.0000000+00:00,288,139,149,0,-10,-16,2026-02-03T18:55:00.0000000+00:00,4,2026-02-03T10:05:00.0000000+00:00,20
BTC,BTCUSDT,2026-02-04,2026-02-04T00:00:00.0000000+00:00,2026-02-04T23:55:00.0000000+00:00,288,132,156,0,-24,-28,2026-02-04T21:25:00.0000000+00:00,2,2026-02-04T00:35:00.0000000+00:00,30
BTC,BTCUSDT,2026-02-05,2026-02-05T00:00:00.0000000+00:00,2026-02-05T23:55:00.0000000+00:00,288,128,160,0,-32,-32,2026-02-05T23:55:00.0000000+00:00,5,2026-02-05T09:10:00.0000000+00:00,37
BTC,BTCUSDT,2026-02-06,2026-02-06T00:00:00.0000000+00:00,2026-02-06T23:55:00.0000000+00:00,288,160,128,0,32,-5,2026-02-06T03:50:00.0000000+00:00,35,2026-02-06T22:50:00.0000000+00:00,40
BTC,BTCUSDT,2026-02-07,2026-02-07T00:00:00.0000000+00:00,2026-02-07T23:55:00.0000000+00:00,288,150,137,1,13,-5,2026-02-07T00:40:00.0000000+00:00,17,2026-02-07T22:05:00.0000000+00:00,22
BTC,BTCUSDT,2026-02-08,2026-02-08T00:00:00.0000000+00:00,2026-02-08T23:55:00.0000000+00:00,288,152,136,0,16,-10,2026-02-08T03:55:00.0000000+00:00,18,2026-02-08T23:05:00.0000000+00:00,28
BTC,BTCUSDT,2026-02-09,2026-02-09T00:00:00.0000000+00:00,2026-02-09T23:55:00.0000000+00:00,288,148,140,0,8,-4,2026-02-09T01:45:00.0000000+00:00,13,2026-02-09T19:50:00.0000000+00:00,17
BTC,BTCUSDT,2026-02-10,2026-02-10T00:00:00.0000000+00:00,2026-02-10T23:55:00.0000000+00:00,288,140,148,0,-8,-13,2026-02-10T21:40:00.0000000+00:00,5,2026-02-10T01:40:00.0000000+00:00,18
BTC,BTCUSDT,2026-02-11,2026-02-11T00:00:00.0000000+00:00,2026-02-11T23:55:00.0000000+00:00,288,141,147,0,-6,-9,2026-02-11T23:20:00.0000000+00:00,7,2026-02-11T19:40:00.0000000+00:00,16
BTC,BTCUSDT,2026-02-12,2026-02-12T00:00:00.0000000+00:00,2026-02-12T23:55:00.0000000+00:00,288,150,138,0,12,-9,2026-02-12T07:10:00.0000000+00:00,13,2026-02-12T23:20:00.0000000+00:00,22
BTC,BTCUSDT,2026-02-13,2026-02-13T00:00:00.0000000+00:00,2026-02-13T23:55:00.0000000+00:00,288,153,135,0,18,-5,2026-02-13T00:30:00.0000000+00:00,24,2026-02-13T16:35:00.0000000+00:00,29
BTC,BTCUSDT,2026-02-14,2026-02-14T00:00:00.0000000+00:00,2026-02-14T23:55:00.0000000+00:00,288,159,129,0,30,-6,2026-02-14T04:55:00.0000000+00:00,34,2026-02-14T21:15:00.0000000+00:00,40
BTC,BTCUSDT,2026-02-15,2026-02-15T00:00:00.0000000+00:00,2026-02-15T23:55:00.0000000+00:00,288,151,137,0,14,-5,2026-02-15T00:40:00.0000000+00:00,14,2026-02-15T23:55:00.0000000+00:00,19
BTC,BTCUSDT,2026-02-16,2026-02-16T00:00:00.0000000+00:00,2026-02-16T23:55:00.0000000+00:00,288,154,134,0,20,-10,2026-02-16T03:25:00.0000000+00:00,21,2026-02-16T21:30:00.0000000+00:00,31
BTC,BTCUSDT,2026-02-17,2026-02-17T00:00:00.0000000+00:00,2026-02-17T23:55:00.0000000+00:00,288,139,149,0,-10,-13,2026-02-17T15:30:00.0000000+00:00,5,2026-02-17T06:40:00.0000000+00:00,18
BTC,BTCUSDT,2026-02-18,2026-02-18T00:00:00.0000000+00:00,2026-02-18T23:55:00.0000000+00:00,288,144,143,1,1,-5,2026-02-18T01:10:00.0000000+00:00,8,2026-02-18T09:40:00.0000000+00:00,13
BTC,BTCUSDT,2026-02-19,2026-02-19T00:00:00.0000000+00:00,2026-02-19T23:55:00.0000000+00:00,288,148,140,0,8,-2,2026-02-19T00:25:00.0000000+00:00,21,2026-02-19T07:50:00.0000000+00:00,23
BTC,BTCUSDT,2026-02-20,2026-02-20T00:00:00.0000000+00:00,2026-02-20T23:55:00.0000000+00:00,288,150,138,0,12,-5,2026-02-20T11:40:00.0000000+00:00,15,2026-02-20T19:20:00.0000000+00:00,20
BTC,BTCUSDT,2026-02-21,2026-02-21T00:00:00.0000000+00:00,2026-02-21T23:55:00.0000000+00:00,288,147,141,0,6,-4,2026-02-21T02:15:00.0000000+00:00,15,2026-02-21T09:20:00.0000000+00:00,19
BTC,BTCUSDT,2026-02-22,2026-02-22T00:00:00.0000000+00:00,2026-02-22T23:55:00.0000000+00:00,288,142,146,0,-4,-10,2026-02-22T18:25:00.0000000+00:00,10,2026-02-22T11:45:00.0000000+00:00,20
BTC,BTCUSDT,2026-02-23,2026-02-23T00:00:00.0000000+00:00,2026-02-23T23:55:00.0000000+00:00,288,128,160,0,-32,-36,2026-02-23T19:35:00.0000000+00:00,0,2026-02-23T00:05:00.0000000+00:00,36
BTC,BTCUSDT,2026-02-24,2026-02-24T00:00:00.0000000+00:00,2026-02-24T23:55:00.0000000+00:00,288,149,139,0,10,-11,2026-02-24T04:30:00.0000000+00:00,13,2026-02-24T22:00:00.0000000+00:00,24
BTC,BTCUSDT,2026-02-25,2026-02-25T00:00:00.0000000+00:00,2026-02-25T23:55:00.0000000+00:00,288,152,136,0,16,-7,2026-02-25T07:00:00.0000000+00:00,32,2026-02-25T18:55:00.0000000+00:00,39
BTC,BTCUSDT,2026-02-26,2026-02-26T00:00:00.0000000+00:00,2026-02-26T23:55:00.0000000+00:00,288,143,145,0,-2,-3,2026-02-26T20:50:00.0000000+00:00,18,2026-02-26T04:35:00.0000000+00:00,21
BTC,BTCUSDT,2026-02-27,2026-02-27T00:00:00.0000000+00:00,2026-02-27T23:55:00.0000000+00:00,288,143,145,0,-2,-16,2026-02-27T12:45:00.0000000+00:00,2,2026-02-27T04:15:00.0000000+00:00,18
BTC,BTCUSDT,2026-02-28,2026-02-28T00:00:00.0000000+00:00,2026-02-28T23:55:00.0000000+00:00,288,141,146,1,-5,-13,2026-02-28T10:00:00.0000000+00:00,7,2026-02-28T02:50:00.0000000+00:00,20
BTC,BTCUSDT,2026-03-01,2026-03-01T00:00:00.0000000+00:00,2026-03-01T23:55:00.0000000+00:00,288,134,154,0,-20,-25,2026-03-01T21:00:00.0000000+00:00,1,2026-03-01T00:00:00.0000000+00:00,26
BTC,BTCUSDT,2026-03-02,2026-03-02T00:00:00.0000000+00:00,2026-03-02T23:55:00.0000000+00:00,288,146,142,0,4,-4,2026-03-02T08:25:00.0000000+00:00,10,2026-03-02T16:05:00.0000000+00:00,14
BTC,BTCUSDT,2026-03-03,2026-03-03T00:00:00.0000000+00:00,2026-03-03T23:55:00.0000000+00:00,288,143,145,0,-2,-12,2026-03-03T10:35:00.0000000+00:00,8,2026-03-03T01:45:00.0000000+00:00,20
BTC,BTCUSDT,2026-03-04,2026-03-04T00:00:00.0000000+00:00,2026-03-04T23:55:00.0000000+00:00,288,155,133,0,22,-7,2026-03-04T02:30:00.0000000+00:00,34,2026-03-04T19:15:00.0000000+00:00,41
BTC,BTCUSDT,2026-03-05,2026-03-05T00:00:00.0000000+00:00,2026-03-05T23:55:00.0000000+00:00,288,138,150,0,-12,-14,2026-03-05T19:55:00.0000000+00:00,3,2026-03-05T00:20:00.0000000+00:00,17
BTC,BTCUSDT,2026-03-06,2026-03-06T00:00:00.0000000+00:00,2026-03-06T23:55:00.0000000+00:00,288,138,150,0,-12,-17,2026-03-06T20:30:00.0000000+00:00,9,2026-03-06T02:40:00.0000000+00:00,26
BTC,BTCUSDT,2026-03-07,2026-03-07T00:00:00.0000000+00:00,2026-03-07T23:55:00.0000000+00:00,288,142,146,0,-4,-9,2026-03-07T19:50:00.0000000+00:00,11,2026-03-07T03:10:00.0000000+00:00,20
BTC,BTCUSDT,2026-03-08,2026-03-08T00:00:00.0000000+00:00,2026-03-08T23:55:00.0000000+00:00,288,140,148,0,-8,-17,2026-03-08T04:50:00.0000000+00:00,2,2026-03-08T00:05:00.0000000+00:00,19
BTC,BTCUSDT,2026-03-09,2026-03-09T00:00:00.0000000+00:00,2026-03-09T23:55:00.0000000+00:00,288,135,153,0,-18,-18,2026-03-09T23:55:00.0000000+00:00,8,2026-03-09T05:45:00.0000000+00:00,26
BTC,BTCUSDT,2026-03-10,2026-03-10T00:00:00.0000000+00:00,2026-03-10T23:55:00.0000000+00:00,288,151,137,0,14,-2,2026-03-10T12:05:00.0000000+00:00,20,2026-03-10T15:25:00.0000000+00:00,22
BTC,BTCUSDT,2026-03-11,2026-03-11T00:00:00.0000000+00:00,2026-03-11T23:55:00.0000000+00:00,288,137,151,0,-14,-16,2026-03-11T12:05:00.0000000+00:00,2,2026-03-11T01:55:00.0000000+00:00,18
BTC,BTCUSDT,2026-03-12,2026-03-12T00:00:00.0000000+00:00,2026-03-12T23:55:00.0000000+00:00,288,151,137,0,14,-9,2026-03-12T02:20:00.0000000+00:00,24,2026-03-12T15:25:00.0000000+00:00,33
BTC,BTCUSDT,2026-03-13,2026-03-13T00:00:00.0000000+00:00,2026-03-13T23:55:00.0000000+00:00,288,145,143,0,2,-7,2026-03-13T04:30:00.0000000+00:00,11,2026-03-13T14:20:00.0000000+00:00,18
BTC,BTCUSDT,2026-03-14,2026-03-14T00:00:00.0000000+00:00,2026-03-14T23:55:00.0000000+00:00,288,163,124,1,39,-1,2026-03-14T00:00:00.0000000+00:00,39,2026-03-14T23:35:00.0000000+00:00,40
BTC,BTCUSDT,2026-03-15,2026-03-15T00:00:00.0000000+00:00,2026-03-15T23:55:00.0000000+00:00,288,142,146,0,-4,-17,2026-03-15T21:10:00.0000000+00:00,6,2026-03-15T04:05:00.0000000+00:00,23
BTC,BTCUSDT,2026-03-16,2026-03-16T00:00:00.0000000+00:00,2026-03-16T23:55:00.0000000+00:00,288,143,145,0,-2,-10,2026-03-16T10:15:00.0000000+00:00,2,2026-03-16T03:35:00.0000000+00:00,12
BTC,BTCUSDT,2026-03-17,2026-03-17T00:00:00.0000000+00:00,2026-03-17T23:55:00.0000000+00:00,288,142,146,0,-4,-4,2026-03-17T23:55:00.0000000+00:00,15,2026-03-17T18:50:00.0000000+00:00,19
BTC,BTCUSDT,2026-03-18,2026-03-18T00:00:00.0000000+00:00,2026-03-18T23:55:00.0000000+00:00,288,138,150,0,-12,-17,2026-03-18T22:30:00.0000000+00:00,7,2026-03-18T02:10:00.0000000+00:00,24
BTC,BTCUSDT,2026-03-19,2026-03-19T00:00:00.0000000+00:00,2026-03-19T23:55:00.0000000+00:00,288,128,160,0,-32,-40,2026-03-19T15:25:00.0000000+00:00,1,2026-03-19T00:00:00.0000000+00:00,41
BTC,BTCUSDT,2026-03-20,2026-03-20T00:00:00.0000000+00:00,2026-03-20T23:55:00.0000000+00:00,288,144,144,0,0,-5,2026-03-20T10:10:00.0000000+00:00,9,2026-03-20T05:10:00.0000000+00:00,14
BTC,BTCUSDT,2026-03-21,2026-03-21T00:00:00.0000000+00:00,2026-03-21T23:55:00.0000000+00:00,288,136,152,0,-16,-16,2026-03-21T23:25:00.0000000+00:00,2,2026-03-21T00:15:00.0000000+00:00,18
BTC,BTCUSDT,2026-03-22,2026-03-22T00:00:00.0000000+00:00,2026-03-22T23:55:00.0000000+00:00,288,137,151,0,-14,-15,2026-03-22T21:50:00.0000000+00:00,5,2026-03-22T04:10:00.0000000+00:00,20
BTC,BTCUSDT,2026-03-23,2026-03-23T00:00:00.0000000+00:00,2026-03-23T23:55:00.0000000+00:00,288,148,140,0,8,-4,2026-03-23T01:55:00.0000000+00:00,12,2026-03-23T14:05:00.0000000+00:00,16
BTC,BTCUSDT,2026-03-24,2026-03-24T00:00:00.0000000+00:00,2026-03-24T23:55:00.0000000+00:00,288,155,133,0,22,-7,2026-03-24T05:10:00.0000000+00:00,26,2026-03-24T23:35:00.0000000+00:00,33
BTC,BTCUSDT,2026-03-25,2026-03-25T00:00:00.0000000+00:00,2026-03-25T23:55:00.0000000+00:00,288,145,143,0,2,-8,2026-03-25T04:45:00.0000000+00:00,7,2026-03-25T13:00:00.0000000+00:00,15
BTC,BTCUSDT,2026-03-26,2026-03-26T00:00:00.0000000+00:00,2026-03-26T23:55:00.0000000+00:00,288,137,151,0,-14,-20,2026-03-26T22:25:00.0000000+00:00,3,2026-03-26T01:30:00.0000000+00:00,23
BTC,BTCUSDT,2026-03-27,2026-03-27T00:00:00.0000000+00:00,2026-03-27T23:55:00.0000000+00:00,288,141,147,0,-6,-15,2026-03-27T12:30:00.0000000+00:00,2,2026-03-27T02:05:00.0000000+00:00,17
BTC,BTCUSDT,2026-03-28,2026-03-28T00:00:00.0000000+00:00,2026-03-28T23:55:00.0000000+00:00,288,148,140,0,8,-2,2026-03-28T01:35:00.0000000+00:00,15,2026-03-28T15:20:00.0000000+00:00,17
BTC,BTCUSDT,2026-03-29,2026-03-29T00:00:00.0000000+00:00,2026-03-29T23:55:00.0000000+00:00,288,140,148,0,-8,-15,2026-03-29T17:20:00.0000000+00:00,13,2026-03-29T03:00:00.0000000+00:00,28
BTC,BTCUSDT,2026-03-30,2026-03-30T00:00:00.0000000+00:00,2026-03-30T23:55:00.0000000+00:00,288,149,139,0,10,-10,2026-03-30T10:35:00.0000000+00:00,10,2026-03-30T23:55:00.0000000+00:00,20
BTC,BTCUSDT,2026-03-31,2026-03-31T00:00:00.0000000+00:00,2026-03-31T23:55:00.0000000+00:00,288,138,150,0,-12,-12,2026-03-31T23:45:00.0000000+00:00,3,2026-03-31T01:20:00.0000000+00:00,15
BTC,BTCUSDT,2026-04-01,2026-04-01T00:00:00.0000000+00:00,2026-04-01T23:55:00.0000000+00:00,288,147,141,0,6,-5,2026-04-01T02:30:00.0000000+00:00,18,2026-04-01T07:05:00.0000000+00:00,23
BTC,BTCUSDT,2026-04-02,2026-04-02T00:00:00.0000000+00:00,2026-04-02T23:55:00.0000000+00:00,288,137,151,0,-14,-22,2026-04-02T13:15:00.0000000+00:00,5,2026-04-02T00:40:00.0000000+00:00,27
BTC,BTCUSDT,2026-04-03,2026-04-03T00:00:00.0000000+00:00,2026-04-03T23:55:00.0000000+00:00,288,153,134,1,19,-2,2026-04-03T02:05:00.0000000+00:00,19,2026-04-03T23:55:00.0000000+00:00,21
BTC,BTCUSDT,2026-04-04,2026-04-04T00:00:00.0000000+00:00,2026-04-04T23:55:00.0000000+00:00,288,154,133,1,21,-7,2026-04-04T04:00:00.0000000+00:00,28,2026-04-04T22:20:00.0000000+00:00,35
BTC,BTCUSDT,2026-04-05,2026-04-05T00:00:00.0000000+00:00,2026-04-05T23:55:00.0000000+00:00,288,139,149,0,-10,-18,2026-04-05T04:45:00.0000000+00:00,-1,2026-04-05T00:00:00.0000000+00:00,17
BTC,BTCUSDT,2026-04-06,2026-04-06T00:00:00.0000000+00:00,2026-04-06T23:55:00.0000000+00:00,288,137,151,0,-14,-16,2026-04-06T23:25:00.0000000+00:00,6,2026-04-06T18:15:00.0000000+00:00,22
BTC,BTCUSDT,2026-04-07,2026-04-07T00:00:00.0000000+00:00,2026-04-07T23:55:00.0000000+00:00,288,146,142,0,4,-8,2026-04-07T01:55:00.0000000+00:00,8,2026-04-07T23:25:00.0000000+00:00,16
BTC,BTCUSDT,2026-04-08,2026-04-08T00:00:00.0000000+00:00,2026-04-08T23:55:00.0000000+00:00,288,149,139,0,10,-6,2026-04-08T01:25:00.0000000+00:00,18,2026-04-08T17:45:00.0000000+00:00,24
BTC,BTCUSDT,2026-04-09,2026-04-09T00:00:00.0000000+00:00,2026-04-09T23:55:00.0000000+00:00,288,136,152,0,-16,-17,2026-04-09T23:30:00.0000000+00:00,6,2026-04-09T07:35:00.0000000+00:00,23
BTC,BTCUSDT,2026-04-10,2026-04-10T00:00:00.0000000+00:00,2026-04-10T23:55:00.0000000+00:00,288,161,127,0,34,-7,2026-04-10T07:50:00.0000000+00:00,37,2026-04-10T22:00:00.0000000+00:00,44
BTC,BTCUSDT,2026-04-11,2026-04-11T00:00:00.0000000+00:00,2026-04-11T23:55:00.0000000+00:00,288,136,152,0,-16,-20,2026-04-11T08:55:00.0000000+00:00,2,2026-04-11T00:25:00.0000000+00:00,22
BTC,BTCUSDT,2026-04-12,2026-04-12T00:00:00.0000000+00:00,2026-04-12T23:55:00.0000000+00:00,288,146,142,0,4,-12,2026-04-12T15:25:00.0000000+00:00,5,2026-04-12T07:40:00.0000000+00:00,17
BTC,BTCUSDT,2026-04-13,2026-04-13T00:00:00.0000000+00:00,2026-04-13T23:55:00.0000000+00:00,288,155,133,0,22,-1,2026-04-13T00:00:00.0000000+00:00,26,2026-04-13T23:05:00.0000000+00:00,27
BTC,BTCUSDT,2026-04-14,2026-04-14T00:00:00.0000000+00:00,2026-04-14T23:55:00.0000000+00:00,288,146,142,0,4,-1,2026-04-14T00:30:00.0000000+00:00,15,2026-04-14T20:10:00.0000000+00:00,16
BTC,BTCUSDT,2026-04-15,2026-04-15T00:00:00.0000000+00:00,2026-04-15T23:55:00.0000000+00:00,288,140,148,0,-8,-11,2026-04-15T10:30:00.0000000+00:00,5,2026-04-15T01:10:00.0000000+00:00,16
BTC,BTCUSDT,2026-04-16,2026-04-16T00:00:00.0000000+00:00,2026-04-16T23:55:00.0000000+00:00,288,140,148,0,-8,-12,2026-04-16T10:15:00.0000000+00:00,2,2026-04-16T05:35:00.0000000+00:00,14
BTC,BTCUSDT,2026-04-17,2026-04-17T00:00:00.0000000+00:00,2026-04-17T23:55:00.0000000+00:00,288,165,123,0,42,-7,2026-04-17T01:50:00.0000000+00:00,47,2026-04-17T22:30:00.0000000+00:00,54
BTC,BTCUSDT,2026-04-18,2026-04-18T00:00:00.0000000+00:00,2026-04-18T23:55:00.0000000+00:00,288,143,145,0,-2,-16,2026-04-18T18:15:00.0000000+00:00,4,2026-04-18T01:15:00.0000000+00:00,20
BTC,BTCUSDT,2026-04-19,2026-04-19T00:00:00.0000000+00:00,2026-04-19T23:55:00.0000000+00:00,288,144,144,0,0,-13,2026-04-19T08:30:00.0000000+00:00,3,2026-04-19T05:10:00.0000000+00:00,16
BTC,BTCUSDT,2026-04-20,2026-04-20T00:00:00.0000000+00:00,2026-04-20T23:55:00.0000000+00:00,288,146,142,0,4,-5,2026-04-20T13:50:00.0000000+00:00,11,2026-04-20T03:50:00.0000000+00:00,16
BTC,BTCUSDT,2026-04-21,2026-04-21T00:00:00.0000000+00:00,2026-04-21T23:55:00.0000000+00:00,288,154,134,0,20,-4,2026-04-21T03:15:00.0000000+00:00,22,2026-04-21T23:45:00.0000000+00:00,26
BTC,BTCUSDT,2026-04-22,2026-04-22T00:00:00.0000000+00:00,2026-04-22T23:55:00.0000000+00:00,288,145,143,0,2,-11,2026-04-22T04:50:00.0000000+00:00,12,2026-04-22T18:45:00.0000000+00:00,23
BTC,BTCUSDT,2026-04-23,2026-04-23T00:00:00.0000000+00:00,2026-04-23T23:55:00.0000000+00:00,288,146,142,0,4,-9,2026-04-23T08:40:00.0000000+00:00,10,2026-04-23T18:35:00.0000000+00:00,19
BTC,BTCUSDT,2026-04-24,2026-04-24T00:00:00.0000000+00:00,2026-04-24T23:55:00.0000000+00:00,288,143,144,1,-1,-8,2026-04-24T18:15:00.0000000+00:00,7,2026-04-24T11:30:00.0000000+00:00,15
BTC,BTCUSDT,2026-04-25,2026-04-25T00:00:00.0000000+00:00,2026-04-25T23:55:00.0000000+00:00,288,150,137,1,13,-10,2026-04-25T17:50:00.0000000+00:00,13,2026-04-25T23:55:00.0000000+00:00,23
BTC,BTCUSDT,2026-04-26,2026-04-26T00:00:00.0000000+00:00,2026-04-26T23:55:00.0000000+00:00,288,151,136,1,15,-6,2026-04-26T00:55:00.0000000+00:00,19,2026-04-26T20:30:00.0000000+00:00,25
BTC,BTCUSDT,2026-04-27,2026-04-27T00:00:00.0000000+00:00,2026-04-27T23:55:00.0000000+00:00,288,146,142,0,4,-12,2026-04-27T06:35:00.0000000+00:00,6,2026-04-27T20:35:00.0000000+00:00,18
BTC,BTCUSDT,2026-04-28,2026-04-28T00:00:00.0000000+00:00,2026-04-28T23:55:00.0000000+00:00,288,131,157,0,-26,-32,2026-04-28T17:15:00.0000000+00:00,0,2026-04-28T00:05:00.0000000+00:00,32
BTC,BTCUSDT,2026-04-29,2026-04-29T00:00:00.0000000+00:00,2026-04-29T23:55:00.0000000+00:00,288,152,135,1,17,-8,2026-04-29T16:20:00.0000000+00:00,18,2026-04-29T23:40:00.0000000+00:00,26
BTC,BTCUSDT,2026-04-30,2026-04-30T00:00:00.0000000+00:00,2026-04-30T23:55:00.0000000+00:00,288,144,144,0,0,-6,2026-04-30T21:55:00.0000000+00:00,14,2026-04-30T09:35:00.0000000+00:00,20
BTC,BTCUSDT,2026-05-01,2026-05-01T00:00:00.0000000+00:00,2026-05-01T23:55:00.0000000+00:00,288,140,148,0,-8,-13,2026-05-01T20:50:00.0000000+00:00,9,2026-05-01T08:20:00.0000000+00:00,22
BTC,BTCUSDT,2026-05-02,2026-05-02T00:00:00.0000000+00:00,2026-05-02T23:55:00.0000000+00:00,288,132,153,3,-21,-21,2026-05-02T23:45:00.0000000+00:00,4,2026-05-02T01:55:00.0000000+00:00,25
BTC,BTCUSDT,2026-05-03,2026-05-03T00:00:00.0000000+00:00,2026-05-03T23:55:00.0000000+00:00,288,136,152,0,-16,-16,2026-05-03T23:45:00.0000000+00:00,4,2026-05-03T00:35:00.0000000+00:00,20
BTC,BTCUSDT,2026-05-04,2026-05-04T00:00:00.0000000+00:00,2026-05-04T23:55:00.0000000+00:00,288,139,149,0,-10,-17,2026-05-04T11:40:00.0000000+00:00,0,2026-05-04T00:45:00.0000000+00:00,17
BTC,BTCUSDT,2026-05-05,2026-05-05T00:00:00.0000000+00:00,2026-05-05T23:55:00.0000000+00:00,288,147,141,0,6,0,2026-05-05T00:05:00.0000000+00:00,23,2026-05-05T13:10:00.0000000+00:00,23
BTC,BTCUSDT,2026-05-06,2026-05-06T00:00:00.0000000+00:00,2026-05-06T23:55:00.0000000+00:00,288,156,130,2,26,-3,2026-05-06T05:35:00.0000000+00:00,27,2026-05-06T18:15:00.0000000+00:00,30
BTC,BTCUSDT,2026-05-07,2026-05-07T00:00:00.0000000+00:00,2026-05-07T23:55:00.0000000+00:00,288,140,148,0,-8,-24,2026-05-07T10:25:00.0000000+00:00,-1,2026-05-07T00:00:00.0000000+00:00,23
BTC,BTCUSDT,2026-05-08,2026-05-08T00:00:00.0000000+00:00,2026-05-08T23:55:00.0000000+00:00,288,149,138,1,11,-5,2026-05-08T03:00:00.0000000+00:00,16,2026-05-08T12:25:00.0000000+00:00,21
BTC,BTCUSDT,2026-05-09,2026-05-09T00:00:00.0000000+00:00,2026-05-09T23:55:00.0000000+00:00,288,151,136,1,15,-3,2026-05-09T00:40:00.0000000+00:00,24,2026-05-09T17:35:00.0000000+00:00,27
BTC,BTCUSDT,2026-05-10,2026-05-10T00:00:00.0000000+00:00,2026-05-10T23:55:00.0000000+00:00,288,156,132,0,24,-3,2026-05-10T02:10:00.0000000+00:00,25,2026-05-10T23:10:00.0000000+00:00,28
BTC,BTCUSDT,2026-05-11,2026-05-11T00:00:00.0000000+00:00,2026-05-11T23:55:00.0000000+00:00,288,131,157,0,-26,-28,2026-05-11T22:25:00.0000000+00:00,-1,2026-05-11T00:00:00.0000000+00:00,27
BTC,BTCUSDT,2026-05-12,2026-05-12T00:00:00.0000000+00:00,2026-05-12T23:55:00.0000000+00:00,288,130,158,0,-28,-33,2026-05-12T16:50:00.0000000+00:00,-1,2026-05-12T00:00:00.0000000+00:00,32
BTC,BTCUSDT,2026-05-13,2026-05-13T00:00:00.0000000+00:00,2026-05-13T23:55:00.0000000+00:00,288,134,152,2,-18,-29,2026-05-13T15:55:00.0000000+00:00,4,2026-05-13T01:45:00.0000000+00:00,33
BTC,BTCUSDT,2026-05-14,2026-05-14T00:00:00.0000000+00:00,2026-05-14T23:55:00.0000000+00:00,288,154,134,0,20,-4,2026-05-14T01:35:00.0000000+00:00,27,2026-05-14T18:20:00.0000000+00:00,31
BTC,BTCUSDT,2026-05-15,2026-05-15T00:00:00.0000000+00:00,2026-05-15T23:55:00.0000000+00:00,288,142,146,0,-4,-17,2026-05-15T15:40:00.0000000+00:00,5,2026-05-15T00:30:00.0000000+00:00,22
BTC,BTCUSDT,2026-05-16,2026-05-16T00:00:00.0000000+00:00,2026-05-16T23:55:00.0000000+00:00,288,130,158,0,-28,-28,2026-05-16T23:55:00.0000000+00:00,2,2026-05-16T00:05:00.0000000+00:00,30
BTC,BTCUSDT,2026-05-17,2026-05-17T00:00:00.0000000+00:00,2026-05-17T23:55:00.0000000+00:00,288,147,140,1,7,-3,2026-05-17T01:40:00.0000000+00:00,20,2026-05-17T10:25:00.0000000+00:00,23
BTC,BTCUSDT,2026-05-18,2026-05-18T00:00:00.0000000+00:00,2026-05-18T23:55:00.0000000+00:00,288,141,147,0,-6,-18,2026-05-18T15:05:00.0000000+00:00,3,2026-05-18T05:00:00.0000000+00:00,21
BTC,BTCUSDT,2026-05-19,2026-05-19T00:00:00.0000000+00:00,2026-05-19T23:55:00.0000000+00:00,288,149,139,0,10,-2,2026-05-19T02:55:00.0000000+00:00,18,2026-05-19T21:35:00.0000000+00:00,20
BTC,BTCUSDT,2026-05-20,2026-05-20T00:00:00.0000000+00:00,2026-05-20T23:55:00.0000000+00:00,288,154,134,0,20,-3,2026-05-20T00:20:00.0000000+00:00,20,2026-05-20T23:55:00.0000000+00:00,23
BTC,BTCUSDT,2026-05-21,2026-05-21T00:00:00.0000000+00:00,2026-05-21T23:55:00.0000000+00:00,288,152,136,0,16,1,2026-05-21T00:00:00.0000000+00:00,20,2026-05-21T21:05:00.0000000+00:00,19
BTC,BTCUSDT,2026-05-22,2026-05-22T00:00:00.0000000+00:00,2026-05-22T23:55:00.0000000+00:00,288,133,155,0,-22,-27,2026-05-22T22:40:00.0000000+00:00,1,2026-05-22T02:00:00.0000000+00:00,28
BTC,BTCUSDT,2026-05-23,2026-05-23T00:00:00.0000000+00:00,2026-05-23T23:55:00.0000000+00:00,288,157,128,3,29,-1,2026-05-23T00:40:00.0000000+00:00,29,2026-05-23T23:55:00.0000000+00:00,30
BTC,BTCUSDT,2026-05-24,2026-05-24T00:00:00.0000000+00:00,2026-05-24T23:55:00.0000000+00:00,288,137,150,1,-13,-22,2026-05-24T15:30:00.0000000+00:00,9,2026-05-24T02:40:00.0000000+00:00,31
BTC,BTCUSDT,2026-05-25,2026-05-25T00:00:00.0000000+00:00,2026-05-25T23:55:00.0000000+00:00,288,142,146,0,-4,-9,2026-05-25T21:40:00.0000000+00:00,10,2026-05-25T10:15:00.0000000+00:00,19
BTC,BTCUSDT,2026-05-26,2026-05-26T00:00:00.0000000+00:00,2026-05-26T23:55:00.0000000+00:00,288,144,144,0,0,-15,2026-05-26T10:00:00.0000000+00:00,4,2026-05-26T23:35:00.0000000+00:00,19
BTC,BTCUSDT,2026-05-27,2026-05-27T00:00:00.0000000+00:00,2026-05-27T23:55:00.0000000+00:00,288,141,147,0,-6,-22,2026-05-27T13:45:00.0000000+00:00,1,2026-05-27T01:10:00.0000000+00:00,23
BTC,BTCUSDT,2026-05-28,2026-05-28T00:00:00.0000000+00:00,2026-05-28T23:55:00.0000000+00:00,288,135,153,0,-18,-22,2026-05-28T15:15:00.0000000+00:00,2,2026-05-28T00:55:00.0000000+00:00,24
BTC,BTCUSDT,2026-05-29,2026-05-29T00:00:00.0000000+00:00,2026-05-29T23:55:00.0000000+00:00,288,143,144,1,-1,-6,2026-05-29T13:20:00.0000000+00:00,10,2026-05-29T09:25:00.0000000+00:00,16
BTC,BTCUSDT,2026-05-30,2026-05-30T00:00:00.0000000+00:00,2026-05-30T23:55:00.0000000+00:00,288,143,142,3,1,-13,2026-05-30T04:30:00.0000000+00:00,8,2026-05-30T19:15:00.0000000+00:00,21
BTC,BTCUSDT,2026-05-31,2026-05-31T00:00:00.0000000+00:00,2026-05-31T23:55:00.0000000+00:00,288,160,128,0,32,-1,2026-05-31T00:00:00.0000000+00:00,35,2026-05-31T22:50:00.0000000+00:00,36
BTC,BTCUSDT,2026-06-01,2026-06-01T00:00:00.0000000+00:00,2026-06-01T23:55:00.0000000+00:00,288,134,154,0,-20,-22,2026-06-01T23:25:00.0000000+00:00,5,2026-06-01T03:20:00.0000000+00:00,27
BTC,BTCUSDT,2026-06-02,2026-06-02T00:00:00.0000000+00:00,2026-06-02T23:55:00.0000000+00:00,288,121,167,0,-46,-50,2026-06-02T23:25:00.0000000+00:00,-1,2026-06-02T00:00:00.0000000+00:00,49
BTC,BTCUSDT,2026-06-03,2026-06-03T00:00:00.0000000+00:00,2026-06-03T23:55:00.0000000+00:00,288,134,154,0,-20,-21,2026-06-03T23:20:00.0000000+00:00,1,2026-06-03T00:40:00.0000000+00:00,22
BTC,BTCUSDT,2026-06-04,2026-06-04T00:00:00.0000000+00:00,2026-06-04T23:55:00.0000000+00:00,288,135,153,0,-18,-29,2026-06-04T22:30:00.0000000+00:00,2,2026-06-04T03:35:00.0000000+00:00,31
BTC,BTCUSDT,2026-06-05,2026-06-05T00:00:00.0000000+00:00,2026-06-05T23:55:00.0000000+00:00,288,128,160,0,-32,-37,2026-06-05T23:30:00.0000000+00:00,2,2026-06-05T00:25:00.0000000+00:00,39
BTC,BTCUSDT,2026-06-06,2026-06-06T00:00:00.0000000+00:00,2026-06-06T23:55:00.0000000+00:00,288,145,143,0,2,-12,2026-06-06T10:35:00.0000000+00:00,3,2026-06-06T23:50:00.0000000+00:00,15
BTC,BTCUSDT,2026-06-07,2026-06-07T00:00:00.0000000+00:00,2026-06-07T23:55:00.0000000+00:00,288,149,139,0,10,-2,2026-06-07T00:45:00.0000000+00:00,17,2026-06-07T16:20:00.0000000+00:00,19
BTC,BTCUSDT,2026-06-08,2026-06-08T00:00:00.0000000+00:00,2026-06-08T23:55:00.0000000+00:00,288,136,151,1,-15,-19,2026-06-08T20:15:00.0000000+00:00,-1,2026-06-08T00:00:00.0000000+00:00,18
BTC,BTCUSDT,2026-06-09,2026-06-09T00:00:00.0000000+00:00,2026-06-09T23:55:00.0000000+00:00,288,136,152,0,-16,-18,2026-06-09T23:35:00.0000000+00:00,7,2026-06-09T12:00:00.0000000+00:00,25
BTC,BTCUSDT,2026-06-10,2026-06-10T00:00:00.0000000+00:00,2026-06-10T23:55:00.0000000+00:00,288,132,156,0,-24,-25,2026-06-10T23:10:00.0000000+00:00,3,2026-06-10T01:30:00.0000000+00:00,28
BTC,BTCUSDT,2026-06-11,2026-06-11T00:00:00.0000000+00:00,2026-06-11T23:55:00.0000000+00:00,288,154,134,0,20,0,2026-06-11T00:55:00.0000000+00:00,20,2026-06-11T23:55:00.0000000+00:00,20
BTC,BTCUSDT,2026-06-12,2026-06-12T00:00:00.0000000+00:00,2026-06-12T23:55:00.0000000+00:00,288,144,144,0,0,-11,2026-06-12T07:50:00.0000000+00:00,7,2026-06-12T18:40:00.0000000+00:00,18
BTC,BTCUSDT,2026-06-13,2026-06-13T00:00:00.0000000+00:00,2026-06-13T23:55:00.0000000+00:00,288,156,132,0,24,-1,2026-06-13T00:00:00.0000000+00:00,32,2026-06-13T19:45:00.0000000+00:00,33
BTC,BTCUSDT,2026-06-14,2026-06-14T00:00:00.0000000+00:00,2026-06-14T23:55:00.0000000+00:00,288,142,146,0,-4,-22,2026-06-14T18:15:00.0000000+00:00,2,2026-06-14T01:15:00.0000000+00:00,24
BTC,BTCUSDT,2026-06-15,2026-06-15T00:00:00.0000000+00:00,2026-06-15T23:55:00.0000000+00:00,288,149,139,0,10,-2,2026-06-15T00:35:00.0000000+00:00,11,2026-06-15T16:10:00.0000000+00:00,13
BTC,BTCUSDT,2026-06-16,2026-06-16T00:00:00.0000000+00:00,2026-06-16T23:55:00.0000000+00:00,288,142,146,0,-4,-10,2026-06-16T05:55:00.0000000+00:00,7,2026-06-16T08:50:00.0000000+00:00,17
BTC,BTCUSDT,2026-06-17,2026-06-17T00:00:00.0000000+00:00,2026-06-17T23:55:00.0000000+00:00,288,148,139,1,9,-1,2026-06-17T08:45:00.0000000+00:00,17,2026-06-17T16:25:00.0000000+00:00,18
BTC,BTCUSDT,2026-06-18,2026-06-18T00:00:00.0000000+00:00,2026-06-18T23:55:00.0000000+00:00,288,141,147,0,-6,-26,2026-06-18T15:55:00.0000000+00:00,5,2026-06-18T01:30:00.0000000+00:00,31
BTC,BTCUSDT,2026-06-19,2026-06-19T00:00:00.0000000+00:00,2026-06-19T23:55:00.0000000+00:00,288,148,140,0,8,-3,2026-06-19T21:40:00.0000000+00:00,10,2026-06-19T13:45:00.0000000+00:00,13
BTC,BTCUSDT,2026-06-20,2026-06-20T00:00:00.0000000+00:00,2026-06-20T23:55:00.0000000+00:00,288,149,138,1,11,-9,2026-06-20T13:20:00.0000000+00:00,12,2026-06-20T23:20:00.0000000+00:00,21
BTC,BTCUSDT,2026-06-21,2026-06-21T00:00:00.0000000+00:00,2026-06-21T23:55:00.0000000+00:00,288,151,136,1,15,-1,2026-06-21T00:00:00.0000000+00:00,19,2026-06-21T20:05:00.0000000+00:00,20
BTC,BTCUSDT,2026-06-22,2026-06-22T00:00:00.0000000+00:00,2026-06-22T23:55:00.0000000+00:00,288,133,155,0,-22,-23,2026-06-22T22:40:00.0000000+00:00,9,2026-06-22T01:50:00.0000000+00:00,32
BTC,BTCUSDT,2026-06-23,2026-06-23T00:00:00.0000000+00:00,2026-06-23T23:55:00.0000000+00:00,288,136,152,0,-16,-24,2026-06-23T21:15:00.0000000+00:00,3,2026-06-23T01:10:00.0000000+00:00,27
BTC,BTCUSDT,2026-06-24,2026-06-24T00:00:00.0000000+00:00,2026-06-24T23:55:00.0000000+00:00,288,134,154,0,-20,-29,2026-06-24T17:20:00.0000000+00:00,9,2026-06-24T01:30:00.0000000+00:00,38
BTC,BTCUSDT,2026-06-25,2026-06-25T00:00:00.0000000+00:00,2026-06-25T23:55:00.0000000+00:00,288,137,150,1,-13,-16,2026-06-25T20:50:00.0000000+00:00,17,2026-06-25T09:40:00.0000000+00:00,33
BTC,BTCUSDT,2026-06-26,2026-06-26T00:00:00.0000000+00:00,2026-06-26T23:55:00.0000000+00:00,288,146,142,0,4,-14,2026-06-26T19:45:00.0000000+00:00,8,2026-06-26T07:35:00.0000000+00:00,22
BTC,BTCUSDT,2026-06-27,2026-06-27T00:00:00.0000000+00:00,2026-06-27T23:55:00.0000000+00:00,288,149,138,1,11,-5,2026-06-27T03:10:00.0000000+00:00,12,2026-06-27T23:00:00.0000000+00:00,17
BTC,BTCUSDT,2026-06-28,2026-06-28T00:00:00.0000000+00:00,2026-06-28T08:25:00.0000000+00:00,102,59,43,0,16,1,2026-06-28T00:00:00.0000000+00:00,16,2026-06-28T07:45:00.0000000+00:00,15
ETH,ETHUSDT,2025-12-28,2025-12-28T08:25:00.0000000+00:00,2025-12-28T23:55:00.0000000+00:00,187,98,86,3,12,-2,2025-12-28T09:40:00.0000000+00:00,13,2025-12-28T22:50:00.0000000+00:00,15
ETH,ETHUSDT,2025-12-29,2025-12-29T00:00:00.0000000+00:00,2025-12-29T23:55:00.0000000+00:00,288,151,137,0,14,-2,2025-12-29T00:15:00.0000000+00:00,16,2025-12-29T04:35:00.0000000+00:00,18
ETH,ETHUSDT,2025-12-30,2025-12-30T00:00:00.0000000+00:00,2025-12-30T23:55:00.0000000+00:00,288,159,128,1,31,-1,2025-12-30T00:35:00.0000000+00:00,31,2025-12-30T13:45:00.0000000+00:00,32
ETH,ETHUSDT,2025-12-31,2025-12-31T00:00:00.0000000+00:00,2025-12-31T23:55:00.0000000+00:00,288,136,151,1,-15,-19,2025-12-31T20:45:00.0000000+00:00,-1,2025-12-31T00:00:00.0000000+00:00,18
ETH,ETHUSDT,2026-01-01,2026-01-01T00:00:00.0000000+00:00,2026-01-01T23:55:00.0000000+00:00,288,150,133,5,17,-6,2026-01-01T08:40:00.0000000+00:00,17,2026-01-01T23:55:00.0000000+00:00,23
ETH,ETHUSDT,2026-01-02,2026-01-02T00:00:00.0000000+00:00,2026-01-02T23:55:00.0000000+00:00,288,148,139,1,9,-5,2026-01-02T02:20:00.0000000+00:00,11,2026-01-02T18:15:00.0000000+00:00,16
ETH,ETHUSDT,2026-01-03,2026-01-03T00:00:00.0000000+00:00,2026-01-03T23:55:00.0000000+00:00,288,151,136,1,15,-5,2026-01-03T11:30:00.0000000+00:00,15,2026-01-03T21:35:00.0000000+00:00,20
ETH,ETHUSDT,2026-01-04,2026-01-04T00:00:00.0000000+00:00,2026-01-04T23:55:00.0000000+00:00,288,151,137,0,14,1,2026-01-04T00:00:00.0000000+00:00,19,2026-01-04T21:10:00.0000000+00:00,18
ETH,ETHUSDT,2026-01-05,2026-01-05T00:00:00.0000000+00:00,2026-01-05T23:55:00.0000000+00:00,288,149,136,3,13,-4,2026-01-05T05:10:00.0000000+00:00,19,2026-01-05T22:20:00.0000000+00:00,23
ETH,ETHUSDT,2026-01-06,2026-01-06T00:00:00.0000000+00:00,2026-01-06T23:55:00.0000000+00:00,288,157,131,0,26,-6,2026-01-06T09:35:00.0000000+00:00,26,2026-01-06T23:55:00.0000000+00:00,32
ETH,ETHUSDT,2026-01-07,2026-01-07T00:00:00.0000000+00:00,2026-01-07T23:55:00.0000000+00:00,288,129,159,0,-30,-39,2026-01-07T19:20:00.0000000+00:00,-1,2026-01-07T00:00:00.0000000+00:00,38
ETH,ETHUSDT,2026-01-08,2026-01-08T00:00:00.0000000+00:00,2026-01-08T23:55:00.0000000+00:00,288,147,140,1,7,-7,2026-01-08T06:20:00.0000000+00:00,14,2026-01-08T13:40:00.0000000+00:00,21
ETH,ETHUSDT,2026-01-09,2026-01-09T00:00:00.0000000+00:00,2026-01-09T23:55:00.0000000+00:00,288,144,143,1,1,-7,2026-01-09T21:45:00.0000000+00:00,7,2026-01-09T01:00:00.0000000+00:00,14
ETH,ETHUSDT,2026-01-10,2026-01-10T00:00:00.0000000+00:00,2026-01-10T23:55:00.0000000+00:00,288,145,140,3,5,-4,2026-01-10T00:55:00.0000000+00:00,14,2026-01-10T17:15:00.0000000+00:00,18
ETH,ETHUSDT,2026-01-11,2026-01-11T00:00:00.0000000+00:00,2026-01-11T23:55:00.0000000+00:00,288,160,126,2,34,-1,2026-01-11T00:00:00.0000000+00:00,39,2026-01-11T21:50:00.0000000+00:00,40
ETH,ETHUSDT,2026-01-12,2026-01-12T00:00:00.0000000+00:00,2026-01-12T23:55:00.0000000+00:00,288,138,150,0,-12,-20,2026-01-12T10:55:00.0000000+00:00,2,2026-01-12T02:45:00.0000000+00:00,22
ETH,ETHUSDT,2026-01-13,2026-01-13T00:00:00.0000000+00:00,2026-01-13T23:55:00.0000000+00:00,288,157,130,1,27,-7,2026-01-13T03:50:00.0000000+00:00,28,2026-01-13T22:40:00.0000000+00:00,35
ETH,ETHUSDT,2026-01-14,2026-01-14T00:00:00.0000000+00:00,2026-01-14T23:55:00.0000000+00:00,288,149,138,1,11,-5,2026-01-14T00:40:00.0000000+00:00,19,2026-01-14T16:35:00.0000000+00:00,24
ETH,ETHUSDT,2026-01-15,2026-01-15T00:00:00.0000000+00:00,2026-01-15T23:55:00.0000000+00:00,288,152,135,1,17,-6,2026-01-15T01:45:00.0000000+00:00,19,2026-01-15T09:40:00.0000000+00:00,25
ETH,ETHUSDT,2026-01-16,2026-01-16T00:00:00.0000000+00:00,2026-01-16T23:55:00.0000000+00:00,288,142,146,0,-4,-19,2026-01-16T10:50:00.0000000+00:00,1,2026-01-16T00:00:00.0000000+00:00,20
ETH,ETHUSDT,2026-01-17,2026-01-17T00:00:00.0000000+00:00,2026-01-17T23:55:00.0000000+00:00,288,155,131,2,24,-6,2026-01-17T00:35:00.0000000+00:00,36,2026-01-17T17:15:00.0000000+00:00,42
ETH,ETHUSDT,2026-01-18,2026-01-18T00:00:00.0000000+00:00,2026-01-18T23:55:00.0000000+00:00,288,146,142,0,4,-7,2026-01-18T02:30:00.0000000+00:00,8,2026-01-18T10:55:00.0000000+00:00,15
ETH,ETHUSDT,2026-01-19,2026-01-19T00:00:00.0000000+00:00,2026-01-19T23:55:00.0000000+00:00,288,137,149,2,-12,-16,2026-01-19T23:15:00.0000000+00:00,4,2026-01-19T07:50:00.0000000+00:00,20
ETH,ETHUSDT,2026-01-20,2026-01-20T00:00:00.0000000+00:00,2026-01-20T23:55:00.0000000+00:00,288,134,153,1,-19,-22,2026-01-20T21:45:00.0000000+00:00,4,2026-01-20T01:25:00.0000000+00:00,26
ETH,ETHUSDT,2026-01-21,2026-01-21T00:00:00.0000000+00:00,2026-01-21T23:55:00.0000000+00:00,288,146,142,0,4,-6,2026-01-21T02:35:00.0000000+00:00,10,2026-01-21T05:45:00.0000000+00:00,16
ETH,ETHUSDT,2026-01-22,2026-01-22T00:00:00.0000000+00:00,2026-01-22T23:55:00.0000000+00:00,288,142,146,0,-4,-11,2026-01-22T20:40:00.0000000+00:00,13,2026-01-22T05:00:00.0000000+00:00,24
ETH,ETHUSDT,2026-01-23,2026-01-23T00:00:00.0000000+00:00,2026-01-23T23:55:00.0000000+00:00,288,151,137,0,14,-2,2026-01-23T00:35:00.0000000+00:00,14,2026-01-23T23:55:00.0000000+00:00,16
ETH,ETHUSDT,2026-01-24,2026-01-24T00:00:00.0000000+00:00,2026-01-24T23:55:00.0000000+00:00,288,147,137,4,10,-5,2026-01-24T00:55:00.0000000+00:00,19,2026-01-24T18:55:00.0000000+00:00,24
ETH,ETHUSDT,2026-01-25,2026-01-25T00:00:00.0000000+00:00,2026-01-25T23:55:00.0000000+00:00,288,142,146,0,-4,-13,2026-01-25T19:50:00.0000000+00:00,8,2026-01-25T02:05:00.0000000+00:00,21
ETH,ETHUSDT,2026-01-26,2026-01-26T00:00:00.0000000+00:00,2026-01-26T23:55:00.0000000+00:00,288,155,133,0,22,1,2026-01-26T00:00:00.0000000+00:00,32,2026-01-26T14:45:00.0000000+00:00,31
ETH,ETHUSDT,2026-01-27,2026-01-27T00:00:00.0000000+00:00,2026-01-27T23:55:00.0000000+00:00,288,147,140,1,7,-10,2026-01-27T13:25:00.0000000+00:00,9,2026-01-27T23:35:00.0000000+00:00,19
ETH,ETHUSDT,2026-01-28,2026-01-28T00:00:00.0000000+00:00,2026-01-28T23:55:00.0000000+00:00,288,134,153,1,-19,-25,2026-01-28T16:10:00.0000000+00:00,1,2026-01-28T00:10:00.0000000+00:00,26
ETH,ETHUSDT,2026-01-29,2026-01-29T00:00:00.0000000+00:00,2026-01-29T23:55:00.0000000+00:00,288,133,155,0,-22,-27,2026-01-29T18:30:00.0000000+00:00,1,2026-01-29T04:50:00.0000000+00:00,28
ETH,ETHUSDT,2026-01-30,2026-01-30T00:00:00.0000000+00:00,2026-01-30T23:55:00.0000000+00:00,288,142,146,0,-4,-19,2026-01-30T18:20:00.0000000+00:00,1,2026-01-30T00:00:00.0000000+00:00,20
ETH,ETHUSDT,2026-01-31,2026-01-31T00:00:00.0000000+00:00,2026-01-31T23:55:00.0000000+00:00,288,131,157,0,-26,-33,2026-01-31T20:10:00.0000000+00:00,3,2026-01-31T00:40:00.0000000+00:00,36
ETH,ETHUSDT,2026-02-01,2026-02-01T00:00:00.0000000+00:00,2026-02-01T23:55:00.0000000+00:00,288,145,143,0,2,-1,2026-02-01T01:40:00.0000000+00:00,14,2026-02-01T13:15:00.0000000+00:00,15
ETH,ETHUSDT,2026-02-02,2026-02-02T00:00:00.0000000+00:00,2026-02-02T23:55:00.0000000+00:00,288,134,154,0,-20,-23,2026-02-02T20:50:00.0000000+00:00,3,2026-02-02T00:20:00.0000000+00:00,26
ETH,ETHUSDT,2026-02-03,2026-02-03T00:00:00.0000000+00:00,2026-02-03T23:55:00.0000000+00:00,288,132,156,0,-24,-30,2026-02-03T18:45:00.0000000+00:00,2,2026-02-03T00:55:00.0000000+00:00,32
ETH,ETHUSDT,2026-02-04,2026-02-04T00:00:00.0000000+00:00,2026-02-04T23:55:00.0000000+00:00,288,136,152,0,-16,-22,2026-02-04T22:05:00.0000000+00:00,5,2026-02-04T01:10:00.0000000+00:00,27
ETH,ETHUSDT,2026-02-05,2026-02-05T00:00:00.0000000+00:00,2026-02-05T23:55:00.0000000+00:00,288,133,155,0,-22,-23,2026-02-05T21:50:00.0000000+00:00,10,2026-02-05T08:35:00.0000000+00:00,33
ETH,ETHUSDT,2026-02-06,2026-02-06T00:00:00.0000000+00:00,2026-02-06T23:55:00.0000000+00:00,288,155,133,0,22,-5,2026-02-06T09:00:00.0000000+00:00,23,2026-02-06T22:50:00.0000000+00:00,28
ETH,ETHUSDT,2026-02-07,2026-02-07T00:00:00.0000000+00:00,2026-02-07T23:55:00.0000000+00:00,288,159,129,0,30,-5,2026-02-07T00:40:00.0000000+00:00,33,2026-02-07T20:50:00.0000000+00:00,38
ETH,ETHUSDT,2026-02-08,2026-02-08T00:00:00.0000000+00:00,2026-02-08T23:55:00.0000000+00:00,288,144,143,1,1,-6,2026-02-08T16:50:00.0000000+00:00,6,2026-02-08T02:20:00.0000000+00:00,12
ETH,ETHUSDT,2026-02-09,2026-02-09T00:00:00.0000000+00:00,2026-02-09T23:55:00.0000000+00:00,288,142,146,0,-4,-7,2026-02-09T14:10:00.0000000+00:00,10,2026-02-09T07:15:00.0000000+00:00,17
ETH,ETHUSDT,2026-02-10,2026-02-10T00:00:00.0000000+00:00,2026-02-10T23:55:00.0000000+00:00,288,140,148,0,-8,-17,2026-02-10T21:30:00.0000000+00:00,5,2026-02-10T01:40:00.0000000+00:00,22
ETH,ETHUSDT,2026-02-11,2026-02-11T00:00:00.0000000+00:00,2026-02-11T23:55:00.0000000+00:00,288,145,141,2,4,-7,2026-02-11T15:05:00.0000000+00:00,5,2026-02-11T21:35:00.0000000+00:00,12
ETH,ETHUSDT,2026-02-12,2026-02-12T00:00:00.0000000+00:00,2026-02-12T23:55:00.0000000+00:00,288,143,145,0,-2,-10,2026-02-12T20:25:00.0000000+00:00,7,2026-02-12T01:10:00.0000000+00:00,17
ETH,ETHUSDT,2026-02-13,2026-02-13T00:00:00.0000000+00:00,2026-02-13T23:55:00.0000000+00:00,288,155,132,1,23,-6,2026-02-13T00:45:00.0000000+00:00,26,2026-02-13T19:20:00.0000000+00:00,32
ETH,ETHUSDT,2026-02-14,2026-02-14T00:00:00.0000000+00:00,2026-02-14T23:55:00.0000000+00:00,288,146,141,1,5,-3,2026-02-14T00:20:00.0000000+00:00,17,2026-02-14T21:05:00.0000000+00:00,20
ETH,ETHUSDT,2026-02-15,2026-02-15T00:00:00.0000000+00:00,2026-02-15T23:55:00.0000000+00:00,288,154,134,0,20,-11,2026-02-15T01:40:00.0000000+00:00,20,2026-02-15T23:55:00.0000000+00:00,31
ETH,ETHUSDT,2026-02-16,2026-02-16T00:00:00.0000000+00:00,2026-02-16T23:55:00.0000000+00:00,288,155,133,0,22,-7,2026-02-16T03:30:00.0000000+00:00,23,2026-02-16T21:10:00.0000000+00:00,30
ETH,ETHUSDT,2026-02-17,2026-02-17T00:00:00.0000000+00:00,2026-02-17T23:55:00.0000000+00:00,288,134,154,0,-20,-25,2026-02-17T15:30:00.0000000+00:00,5,2026-02-17T01:20:00.0000000+00:00,30
ETH,ETHUSDT,2026-02-18,2026-02-18T00:00:00.0000000+00:00,2026-02-18T23:55:00.0000000+00:00,288,142,146,0,-4,-12,2026-02-18T19:35:00.0000000+00:00,5,2026-02-18T03:50:00.0000000+00:00,17
ETH,ETHUSDT,2026-02-19,2026-02-19T00:00:00.0000000+00:00,2026-02-19T23:55:00.0000000+00:00,288,146,141,1,5,-8,2026-02-19T17:50:00.0000000+00:00,12,2026-02-19T06:20:00.0000000+00:00,20
ETH,ETHUSDT,2026-02-20,2026-02-20T00:00:00.0000000+00:00,2026-02-20T23:55:00.0000000+00:00,288,153,134,1,19,-1,2026-02-20T00:00:00.0000000+00:00,23,2026-02-20T21:55:00.0000000+00:00,24
ETH,ETHUSDT,2026-02-21,2026-02-21T00:00:00.0000000+00:00,2026-02-21T23:55:00.0000000+00:00,288,140,146,2,-6,-6,2026-02-21T03:40:00.0000000+00:00,10,2026-02-21T19:15:00.0000000+00:00,16
ETH,ETHUSDT,2026-02-22,2026-02-22T00:00:00.0000000+00:00,2026-02-22T23:55:00.0000000+00:00,288,156,131,1,25,-1,2026-02-22T00:20:00.0000000+00:00,28,2026-02-22T21:50:00.0000000+00:00,29
ETH,ETHUSDT,2026-02-23,2026-02-23T00:00:00.0000000+00:00,2026-02-23T23:55:00.0000000+00:00,288,136,152,0,-16,-18,2026-02-23T19:35:00.0000000+00:00,5,2026-02-23T13:40:00.0000000+00:00,23
ETH,ETHUSDT,2026-02-24,2026-02-24T00:00:00.0000000+00:00,2026-02-24T23:55:00.0000000+00:00,288,146,140,2,6,-10,2026-02-24T09:20:00.0000000+00:00,10,2026-02-24T22:25:00.0000000+00:00,20
ETH,ETHUSDT,2026-02-25,2026-02-25T00:00:00.0000000+00:00,2026-02-25T23:55:00.0000000+00:00,288,156,132,0,24,-8,2026-02-25T05:35:00.0000000+00:00,32,2026-02-25T18:25:00.0000000+00:00,40
ETH,ETHUSDT,2026-02-26,2026-02-26T00:00:00.0000000+00:00,2026-02-26T23:55:00.0000000+00:00,288,145,143,0,2,-8,2026-02-26T16:55:00.0000000+00:00,7,2026-02-26T04:50:00.0000000+00:00,15
ETH,ETHUSDT,2026-02-27,2026-02-27T00:00:00.0000000+00:00,2026-02-27T23:55:00.0000000+00:00,288,133,155,0,-22,-29,2026-02-27T22:30:00.0000000+00:00,4,2026-02-27T05:35:00.0000000+00:00,33
ETH,ETHUSDT,2026-02-28,2026-02-28T00:00:00.0000000+00:00,2026-02-28T23:55:00.0000000+00:00,288,138,150,0,-12,-19,2026-02-28T18:10:00.0000000+00:00,7,2026-02-28T02:50:00.0000000+00:00,26
ETH,ETHUSDT,2026-03-01,2026-03-01T00:00:00.0000000+00:00,2026-03-01T23:55:00.0000000+00:00,288,135,152,1,-17,-29,2026-03-01T20:45:00.0000000+00:00,2,2026-03-01T03:05:00.0000000+00:00,31
ETH,ETHUSDT,2026-03-02,2026-03-02T00:00:00.0000000+00:00,2026-03-02T23:55:00.0000000+00:00,288,148,139,1,9,1,2026-03-02T00:00:00.0000000+00:00,15,2026-03-02T22:35:00.0000000+00:00,14
ETH,ETHUSDT,2026-03-03,2026-03-03T00:00:00.0000000+00:00,2026-03-03T23:55:00.0000000+00:00,288,137,150,1,-13,-17,2026-03-03T21:30:00.0000000+00:00,4,2026-03-03T01:45:00.0000000+00:00,21
ETH,ETHUSDT,2026-03-04,2026-03-04T00:00:00.0000000+00:00,2026-03-04T23:55:00.0000000+00:00,288,147,141,0,6,-9,2026-03-04T03:30:00.0000000+00:00,20,2026-03-04T19:15:00.0000000+00:00,29
ETH,ETHUSDT,2026-03-05,2026-03-05T00:00:00.0000000+00:00,2026-03-05T23:55:00.0000000+00:00,288,146,141,1,5,-9,2026-03-05T03:30:00.0000000+00:00,11,2026-03-05T10:50:00.0000000+00:00,20
ETH,ETHUSDT,2026-03-06,2026-03-06T00:00:00.0000000+00:00,2026-03-06T23:55:00.0000000+00:00,288,140,147,1,-7,-10,2026-03-06T17:40:00.0000000+00:00,9,2026-03-06T02:10:00.0000000+00:00,19
ETH,ETHUSDT,2026-03-07,2026-03-07T00:00:00.0000000+00:00,2026-03-07T23:55:00.0000000+00:00,288,148,140,0,8,-6,2026-03-07T07:05:00.0000000+00:00,11,2026-03-07T17:20:00.0000000+00:00,17
ETH,ETHUSDT,2026-03-08,2026-03-08T00:00:00.0000000+00:00,2026-03-08T23:55:00.0000000+00:00,288,141,147,0,-6,-12,2026-03-08T21:15:00.0000000+00:00,6,2026-03-08T14:15:00.0000000+00:00,18
ETH,ETHUSDT,2026-03-09,2026-03-09T00:00:00.0000000+00:00,2026-03-09T23:55:00.0000000+00:00,288,134,153,1,-19,-20,2026-03-09T23:50:00.0000000+00:00,6,2026-03-09T17:10:00.0000000+00:00,26
ETH,ETHUSDT,2026-03-10,2026-03-10T00:00:00.0000000+00:00,2026-03-10T23:55:00.0000000+00:00,288,149,139,0,10,-2,2026-03-10T13:35:00.0000000+00:00,12,2026-03-10T05:15:00.0000000+00:00,14
ETH,ETHUSDT,2026-03-11,2026-03-11T00:00:00.0000000+00:00,2026-03-11T23:55:00.0000000+00:00,288,138,150,0,-12,-15,2026-03-11T12:00:00.0000000+00:00,1,2026-03-11T00:10:00.0000000+00:00,16
ETH,ETHUSDT,2026-03-12,2026-03-12T00:00:00.0000000+00:00,2026-03-12T23:55:00.0000000+00:00,288,152,134,2,18,-6,2026-03-12T03:45:00.0000000+00:00,22,2026-03-12T16:35:00.0000000+00:00,28
ETH,ETHUSDT,2026-03-13,2026-03-13T00:00:00.0000000+00:00,2026-03-13T23:55:00.0000000+00:00,288,138,149,1,-11,-16,2026-03-13T16:15:00.0000000+00:00,5,2026-03-13T00:30:00.0000000+00:00,21
ETH,ETHUSDT,2026-03-14,2026-03-14T00:00:00.0000000+00:00,2026-03-14T23:55:00.0000000+00:00,288,151,137,0,14,-2,2026-03-14T10:35:00.0000000+00:00,16,2026-03-14T20:45:00.0000000+00:00,18
ETH,ETHUSDT,2026-03-15,2026-03-15T00:00:00.0000000+00:00,2026-03-15T23:55:00.0000000+00:00,288,149,139,0,10,-4,2026-03-15T00:25:00.0000000+00:00,13,2026-03-15T23:10:00.0000000+00:00,17
ETH,ETHUSDT,2026-03-16,2026-03-16T00:00:00.0000000+00:00,2026-03-16T23:55:00.0000000+00:00,288,154,131,3,23,-4,2026-03-16T01:00:00.0000000+00:00,24,2026-03-16T23:30:00.0000000+00:00,28
ETH,ETHUSDT,2026-03-17,2026-03-17T00:00:00.0000000+00:00,2026-03-17T23:55:00.0000000+00:00,288,142,146,0,-4,-6,2026-03-17T03:45:00.0000000+00:00,7,2026-03-17T07:20:00.0000000+00:00,13
ETH,ETHUSDT,2026-03-18,2026-03-18T00:00:00.0000000+00:00,2026-03-18T23:55:00.0000000+00:00,288,141,147,0,-6,-17,2026-03-18T16:20:00.0000000+00:00,10,2026-03-18T02:05:00.0000000+00:00,27
ETH,ETHUSDT,2026-03-19,2026-03-19T00:00:00.0000000+00:00,2026-03-19T23:55:00.0000000+00:00,288,134,154,0,-20,-24,2026-03-19T18:45:00.0000000+00:00,7,2026-03-19T03:20:00.0000000+00:00,31
ETH,ETHUSDT,2026-03-20,2026-03-20T00:00:00.0000000+00:00,2026-03-20T23:55:00.0000000+00:00,288,139,146,3,-7,-15,2026-03-20T18:35:00.0000000+00:00,4,2026-03-20T00:35:00.0000000+00:00,19
ETH,ETHUSDT,2026-03-21,2026-03-21T00:00:00.0000000+00:00,2026-03-21T23:55:00.0000000+00:00,288,144,144,0,0,-1,2026-03-21T02:00:00.0000000+00:00,13,2026-03-21T11:40:00.0000000+00:00,14
ETH,ETHUSDT,2026-03-22,2026-03-22T00:00:00.0000000+00:00,2026-03-22T23:55:00.0000000+00:00,288,139,149,0,-10,-12,2026-03-22T08:05:00.0000000+00:00,10,2026-03-22T03:35:00.0000000+00:00,22
ETH,ETHUSDT,2026-03-23,2026-03-23T00:00:00.0000000+00:00,2026-03-23T23:55:00.0000000+00:00,288,149,138,1,11,-4,2026-03-23T03:15:00.0000000+00:00,16,2026-03-23T19:00:00.0000000+00:00,20
ETH,ETHUSDT,2026-03-24,2026-03-24T00:00:00.0000000+00:00,2026-03-24T23:55:00.0000000+00:00,288,152,136,0,16,-6,2026-03-24T03:05:00.0000000+00:00,20,2026-03-24T23:35:00.0000000+00:00,26
ETH,ETHUSDT,2026-03-25,2026-03-25T00:00:00.0000000+00:00,2026-03-25T23:55:00.0000000+00:00,288,144,142,2,2,-4,2026-03-25T17:50:00.0000000+00:00,8,2026-03-25T07:10:00.0000000+00:00,12
ETH,ETHUSDT,2026-03-26,2026-03-26T00:00:00.0000000+00:00,2026-03-26T23:55:00.0000000+00:00,288,139,147,2,-8,-16,2026-03-26T18:25:00.0000000+00:00,5,2026-03-26T01:30:00.0000000+00:00,21
ETH,ETHUSDT,2026-03-27,2026-03-27T00:00:00.0000000+00:00,2026-03-27T23:55:00.0000000+00:00,288,139,148,1,-9,-13,2026-03-27T22:05:00.0000000+00:00,10,2026-03-27T06:20:00.0000000+00:00,23
ETH,ETHUSDT,2026-03-28,2026-03-28T00:00:00.0000000+00:00,2026-03-28T23:55:00.0000000+00:00,288,146,140,2,6,-1,2026-03-28T00:10:00.0000000+00:00,22,2026-03-28T13:55:00.0000000+00:00,23
ETH,ETHUSDT,2026-03-29,2026-03-29T00:00:00.0000000+00:00,2026-03-29T23:55:00.0000000+00:00,288,140,145,3,-5,-9,2026-03-29T17:20:00.0000000+00:00,7,2026-03-29T02:50:00.0000000+00:00,16
ETH,ETHUSDT,2026-03-30,2026-03-30T00:00:00.0000000+00:00,2026-03-30T23:55:00.0000000+00:00,288,148,140,0,8,-8,2026-03-30T10:35:00.0000000+00:00,11,2026-03-30T05:30:00.0000000+00:00,19
ETH,ETHUSDT,2026-03-31,2026-03-31T00:00:00.0000000+00:00,2026-03-31T23:55:00.0000000+00:00,288,149,138,1,11,-3,2026-03-31T00:10:00.0000000+00:00,14,2026-03-31T21:50:00.0000000+00:00,17
ETH,ETHUSDT,2026-04-01,2026-04-01T00:00:00.0000000+00:00,2026-04-01T23:55:00.0000000+00:00,288,143,145,0,-2,-7,2026-04-01T02:30:00.0000000+00:00,10,2026-04-01T07:05:00.0000000+00:00,17
ETH,ETHUSDT,2026-04-02,2026-04-02T00:00:00.0000000+00:00,2026-04-02T23:55:00.0000000+00:00,288,141,147,0,-6,-20,2026-04-02T13:15:00.0000000+00:00,3,2026-04-02T00:40:00.0000000+00:00,23
ETH,ETHUSDT,2026-04-03,2026-04-03T00:00:00.0000000+00:00,2026-04-03T23:55:00.0000000+00:00,288,150,137,1,13,0,2026-04-03T00:05:00.0000000+00:00,16,2026-04-03T11:35:00.0000000+00:00,16
ETH,ETHUSDT,2026-04-04,2026-04-04T00:00:00.0000000+00:00,2026-04-04T23:55:00.0000000+00:00,288,144,143,1,1,-3,2026-04-04T02:20:00.0000000+00:00,11,2026-04-04T15:15:00.0000000+00:00,14
ETH,ETHUSDT,2026-04-05,2026-04-05T00:00:00.0000000+00:00,2026-04-05T23:55:00.0000000+00:00,288,137,150,1,-13,-22,2026-04-05T16:50:00.0000000+00:00,3,2026-04-05T00:40:00.0000000+00:00,25
ETH,ETHUSDT,2026-04-06,2026-04-06T00:00:00.0000000+00:00,2026-04-06T23:55:00.0000000+00:00,288,141,147,0,-6,-10,2026-04-06T23:25:00.0000000+00:00,14,2026-04-06T18:25:00.0000000+00:00,24
ETH,ETHUSDT,2026-04-07,2026-04-07T00:00:00.0000000+00:00,2026-04-07T23:55:00.0000000+00:00,288,143,145,0,-2,-21,2026-04-07T14:40:00.0000000+00:00,4,2026-04-07T00:25:00.0000000+00:00,25
ETH,ETHUSDT,2026-04-08,2026-04-08T00:00:00.0000000+00:00,2026-04-08T23:55:00.0000000+00:00,288,151,137,0,14,-14,2026-04-08T05:35:00.0000000+00:00,16,2026-04-08T21:25:00.0000000+00:00,30
ETH,ETHUSDT,2026-04-09,2026-04-09T00:00:00.0000000+00:00,2026-04-09T23:55:00.0000000+00:00,288,134,154,0,-20,-27,2026-04-09T13:50:00.0000000+00:00,3,2026-04-09T00:10:00.0000000+00:00,30
ETH,ETHUSDT,2026-04-10,2026-04-10T00:00:00.0000000+00:00,2026-04-10T23:55:00.0000000+00:00,288,159,129,0,30,-4,2026-04-10T00:15:00.0000000+00:00,30,2026-04-10T21:55:00.0000000+00:00,34
ETH,ETHUSDT,2026-04-11,2026-04-11T00:00:00.0000000+00:00,2026-04-11T23:55:00.0000000+00:00,288,144,144,0,0,-9,2026-04-11T17:50:00.0000000+00:00,5,2026-04-11T11:50:00.0000000+00:00,14
ETH,ETHUSDT,2026-04-12,2026-04-12T00:00:00.0000000+00:00,2026-04-12T23:55:00.0000000+00:00,288,141,147,0,-6,-23,2026-04-12T14:50:00.0000000+00:00,4,2026-04-12T00:55:00.0000000+00:00,27
ETH,ETHUSDT,2026-04-13,2026-04-13T00:00:00.0000000+00:00,2026-04-13T23:55:00.0000000+00:00,288,144,143,1,1,-15,2026-04-13T15:35:00.0000000+00:00,9,2026-04-13T06:20:00.0000000+00:00,24
ETH,ETHUSDT,2026-04-14,2026-04-14T00:00:00.0000000+00:00,2026-04-14T23:55:00.0000000+00:00,288,152,136,0,16,-6,2026-04-14T11:25:00.0000000+00:00,16,2026-04-14T23:45:00.0000000+00:00,22
ETH,ETHUSDT,2026-04-15,2026-04-15T00:00:00.0000000+00:00,2026-04-15T23:55:00.0000000+00:00,288,139,148,1,-9,-12,2026-04-15T23:15:00.0000000+00:00,5,2026-04-15T08:30:00.0000000+00:00,17
ETH,ETHUSDT,2026-04-16,2026-04-16T00:00:00.0000000+00:00,2026-04-16T23:55:00.0000000+00:00,288,156,132,0,24,-1,2026-04-16T00:00:00.0000000+00:00,30,2026-04-16T19:55:00.0000000+00:00,31
ETH,ETHUSDT,2026-04-17,2026-04-17T00:00:00.0000000+00:00,2026-04-17T23:55:00.0000000+00:00,288,155,131,2,24,-7,2026-04-17T01:20:00.0000000+00:00,34,2026-04-17T19:40:00.0000000+00:00,41
ETH,ETHUSDT,2026-04-18,2026-04-18T00:00:00.0000000+00:00,2026-04-18T23:55:00.0000000+00:00,288,135,152,1,-17,-19,2026-04-18T19:40:00.0000000+00:00,3,2026-04-18T00:50:00.0000000+00:00,22
ETH,ETHUSDT,2026-04-19,2026-04-19T00:00:00.0000000+00:00,2026-04-19T23:55:00.0000000+00:00,288,144,144,0,0,-10,2026-04-19T09:35:00.0000000+00:00,4,2026-04-19T15:15:00.0000000+00:00,14
ETH,ETHUSDT,2026-04-20,2026-04-20T00:00:00.0000000+00:00,2026-04-20T23:55:00.0000000+00:00,288,133,154,1,-21,-21,2026-04-20T23:15:00.0000000+00:00,5,2026-04-20T01:10:00.0000000+00:00,26
ETH,ETHUSDT,2026-04-21,2026-04-21T00:00:00.0000000+00:00,2026-04-21T23:55:00.0000000+00:00,288,143,144,1,-1,-12,2026-04-21T19:40:00.0000000+00:00,5,2026-04-21T00:30:00.0000000+00:00,17
ETH,ETHUSDT,2026-04-22,2026-04-22T00:00:00.0000000+00:00,2026-04-22T23:55:00.0000000+00:00,288,148,140,0,8,-6,2026-04-22T01:25:00.0000000+00:00,15,2026-04-22T19:20:00.0000000+00:00,21
ETH,ETHUSDT,2026-04-23,2026-04-23T00:00:00.0000000+00:00,2026-04-23T23:55:00.0000000+00:00,288,141,147,0,-6,-16,2026-04-23T05:35:00.0000000+00:00,1,2026-04-23T00:00:00.0000000+00:00,17
ETH,ETHUSDT,2026-04-24,2026-04-24T00:00:00.0000000+00:00,2026-04-24T23:55:00.0000000+00:00,288,142,145,1,-3,-9,2026-04-24T17:20:00.0000000+00:00,8,2026-04-24T11:25:00.0000000+00:00,17
ETH,ETHUSDT,2026-04-25,2026-04-25T00:00:00.0000000+00:00,2026-04-25T23:55:00.0000000+00:00,288,146,138,4,8,-4,2026-04-25T00:15:00.0000000+00:00,11,2026-04-25T22:00:00.0000000+00:00,15
ETH,ETHUSDT,2026-04-26,2026-04-26T00:00:00.0000000+00:00,2026-04-26T23:55:00.0000000+00:00,288,148,139,1,9,-7,2026-04-26T01:00:00.0000000+00:00,14,2026-04-26T10:15:00.0000000+00:00,21
ETH,ETHUSDT,2026-04-27,2026-04-27T00:00:00.0000000+00:00,2026-04-27T23:55:00.0000000+00:00,288,141,146,1,-5,-15,2026-04-27T06:00:00.0000000+00:00,6,2026-04-27T03:25:00.0000000+00:00,21
ETH,ETHUSDT,2026-04-28,2026-04-28T00:00:00.0000000+00:00,2026-04-28T23:55:00.0000000+00:00,288,134,154,0,-20,-27,2026-04-28T22:50:00.0000000+00:00,0,2026-04-28T00:05:00.0000000+00:00,27
ETH,ETHUSDT,2026-04-29,2026-04-29T00:00:00.0000000+00:00,2026-04-29T23:55:00.0000000+00:00,288,137,151,0,-14,-23,2026-04-29T17:10:00.0000000+00:00,5,2026-04-29T04:40:00.0000000+00:00,28
ETH,ETHUSDT,2026-04-30,2026-04-30T00:00:00.0000000+00:00,2026-04-30T23:55:00.0000000+00:00,288,141,144,3,-3,-6,2026-04-30T05:25:00.0000000+00:00,9,2026-04-30T12:20:00.0000000+00:00,15
ETH,ETHUSDT,2026-05-01,2026-05-01T00:00:00.0000000+00:00,2026-05-01T23:55:00.0000000+00:00,288,145,143,0,2,-4,2026-05-01T07:25:00.0000000+00:00,9,2026-05-01T14:00:00.0000000+00:00,13
ETH,ETHUSDT,2026-05-02,2026-05-02T00:00:00.0000000+00:00,2026-05-02T23:55:00.0000000+00:00,288,134,152,2,-18,-18,2026-05-02T22:25:00.0000000+00:00,1,2026-05-02T00:00:00.0000000+00:00,19
ETH,ETHUSDT,2026-05-03,2026-05-03T00:00:00.0000000+00:00,2026-05-03T23:55:00.0000000+00:00,288,139,148,1,-9,-9,2026-05-03T23:45:00.0000000+00:00,2,2026-05-03T15:00:00.0000000+00:00,11
ETH,ETHUSDT,2026-05-04,2026-05-04T00:00:00.0000000+00:00,2026-05-04T23:55:00.0000000+00:00,288,138,148,2,-10,-11,2026-05-04T23:40:00.0000000+00:00,13,2026-05-04T04:50:00.0000000+00:00,24
ETH,ETHUSDT,2026-05-05,2026-05-05T00:00:00.0000000+00:00,2026-05-05T23:55:00.0000000+00:00,288,153,134,1,19,-2,2026-05-05T00:25:00.0000000+00:00,27,2026-05-05T15:45:00.0000000+00:00,29
ETH,ETHUSDT,2026-05-06,2026-05-06T00:00:00.0000000+00:00,2026-05-06T23:55:00.0000000+00:00,288,146,139,3,7,-4,2026-05-06T04:35:00.0000000+00:00,17,2026-05-06T12:45:00.0000000+00:00,21
ETH,ETHUSDT,2026-05-07,2026-05-07T00:00:00.0000000+00:00,2026-05-07T23:55:00.0000000+00:00,288,135,153,0,-18,-25,2026-05-07T22:30:00.0000000+00:00,-1,2026-05-07T00:00:00.0000000+00:00,24
ETH,ETHUSDT,2026-05-08,2026-05-08T00:00:00.0000000+00:00,2026-05-08T23:55:00.0000000+00:00,288,144,143,1,1,-7,2026-05-08T06:30:00.0000000+00:00,11,2026-05-08T19:15:00.0000000+00:00,18
ETH,ETHUSDT,2026-05-09,2026-05-09T00:00:00.0000000+00:00,2026-05-09T23:55:00.0000000+00:00,288,140,147,1,-7,-8,2026-05-09T23:40:00.0000000+00:00,11,2026-05-09T08:15:00.0000000+00:00,19
ETH,ETHUSDT,2026-05-10,2026-05-10T00:00:00.0000000+00:00,2026-05-10T23:55:00.0000000+00:00,288,145,142,1,3,-13,2026-05-10T11:35:00.0000000+00:00,7,2026-05-10T23:05:00.0000000+00:00,20
ETH,ETHUSDT,2026-05-11,2026-05-11T00:00:00.0000000+00:00,2026-05-11T23:55:00.0000000+00:00,288,131,156,1,-25,-26,2026-05-11T21:20:00.0000000+00:00,-1,2026-05-11T00:00:00.0000000+00:00,25
ETH,ETHUSDT,2026-05-12,2026-05-12T00:00:00.0000000+00:00,2026-05-12T23:55:00.0000000+00:00,288,140,147,1,-7,-9,2026-05-12T01:35:00.0000000+00:00,6,2026-05-12T19:10:00.0000000+00:00,15
ETH,ETHUSDT,2026-05-13,2026-05-13T00:00:00.0000000+00:00,2026-05-13T23:55:00.0000000+00:00,288,150,137,1,13,1,2026-05-13T00:00:00.0000000+00:00,17,2026-05-13T09:35:00.0000000+00:00,16
ETH,ETHUSDT,2026-05-14,2026-05-14T00:00:00.0000000+00:00,2026-05-14T23:55:00.0000000+00:00,288,142,146,0,-4,-4,2026-05-14T09:35:00.0000000+00:00,13,2026-05-14T16:10:00.0000000+00:00,17
ETH,ETHUSDT,2026-05-15,2026-05-15T00:00:00.0000000+00:00,2026-05-15T23:55:00.0000000+00:00,288,140,147,1,-7,-9,2026-05-15T20:45:00.0000000+00:00,6,2026-05-15T01:15:00.0000000+00:00,15
ETH,ETHUSDT,2026-05-16,2026-05-16T00:00:00.0000000+00:00,2026-05-16T23:55:00.0000000+00:00,288,144,142,2,2,-6,2026-05-16T15:25:00.0000000+00:00,12,2026-05-16T05:25:00.0000000+00:00,18
ETH,ETHUSDT,2026-05-17,2026-05-17T00:00:00.0000000+00:00,2026-05-17T23:55:00.0000000+00:00,288,150,138,0,12,-7,2026-05-17T02:50:00.0000000+00:00,17,2026-05-17T21:20:00.0000000+00:00,24
ETH,ETHUSDT,2026-05-18,2026-05-18T00:00:00.0000000+00:00,2026-05-18T23:55:00.0000000+00:00,288,143,144,1,-1,-18,2026-05-18T14:50:00.0000000+00:00,8,2026-05-18T04:55:00.0000000+00:00,26
ETH,ETHUSDT,2026-05-19,2026-05-19T00:00:00.0000000+00:00,2026-05-19T23:55:00.0000000+00:00,288,154,133,1,21,-5,2026-05-19T02:50:00.0000000+00:00,28,2026-05-19T20:50:00.0000000+00:00,33
ETH,ETHUSDT,2026-05-20,2026-05-20T00:00:00.0000000+00:00,2026-05-20T23:55:00.0000000+00:00,288,150,137,1,13,-1,2026-05-20T00:10:00.0000000+00:00,19,2026-05-20T06:55:00.0000000+00:00,20
ETH,ETHUSDT,2026-05-21,2026-05-21T00:00:00.0000000+00:00,2026-05-21T23:55:00.0000000+00:00,288,154,134,0,20,-3,2026-05-21T07:00:00.0000000+00:00,26,2026-05-21T19:55:00.0000000+00:00,29
ETH,ETHUSDT,2026-05-22,2026-05-22T00:00:00.0000000+00:00,2026-05-22T23:55:00.0000000+00:00,288,135,153,0,-18,-24,2026-05-22T19:45:00.0000000+00:00,3,2026-05-22T04:10:00.0000000+00:00,27
ETH,ETHUSDT,2026-05-23,2026-05-23T00:00:00.0000000+00:00,2026-05-23T23:55:00.0000000+00:00,288,154,133,1,21,-5,2026-05-23T07:50:00.0000000+00:00,29,2026-05-23T20:55:00.0000000+00:00,34
ETH,ETHUSDT,2026-05-24,2026-05-24T00:00:00.0000000+00:00,2026-05-24T23:55:00.0000000+00:00,288,134,153,1,-19,-21,2026-05-24T21:45:00.0000000+00:00,5,2026-05-24T02:40:00.0000000+00:00,26
ETH,ETHUSDT,2026-05-25,2026-05-25T00:00:00.0000000+00:00,2026-05-25T23:55:00.0000000+00:00,288,138,150,0,-12,-19,2026-05-25T21:40:00.0000000+00:00,7,2026-05-25T17:00:00.0000000+00:00,26
ETH,ETHUSDT,2026-05-26,2026-05-26T00:00:00.0000000+00:00,2026-05-26T23:55:00.0000000+00:00,288,138,150,0,-12,-21,2026-05-26T17:30:00.0000000+00:00,-1,2026-05-26T00:00:00.0000000+00:00,20
ETH,ETHUSDT,2026-05-27,2026-05-27T00:00:00.0000000+00:00,2026-05-27T23:55:00.0000000+00:00,288,150,138,0,12,-1,2026-05-27T13:40:00.0000000+00:00,18,2026-05-27T08:25:00.0000000+00:00,19
ETH,ETHUSDT,2026-05-28,2026-05-28T00:00:00.0000000+00:00,2026-05-28T23:55:00.0000000+00:00,288,138,150,0,-12,-15,2026-05-28T13:40:00.0000000+00:00,2,2026-05-28T00:55:00.0000000+00:00,17
ETH,ETHUSDT,2026-05-29,2026-05-29T00:00:00.0000000+00:00,2026-05-29T23:55:00.0000000+00:00,288,143,145,0,-2,-9,2026-05-29T13:10:00.0000000+00:00,7,2026-05-29T06:50:00.0000000+00:00,16
ETH,ETHUSDT,2026-05-30,2026-05-30T00:00:00.0000000+00:00,2026-05-30T23:55:00.0000000+00:00,288,143,141,4,2,-7,2026-05-30T04:30:00.0000000+00:00,7,2026-05-30T18:40:00.0000000+00:00,14
ETH,ETHUSDT,2026-05-31,2026-05-31T00:00:00.0000000+00:00,2026-05-31T23:55:00.0000000+00:00,288,143,145,0,-2,-9,2026-05-31T19:10:00.0000000+00:00,10,2026-05-31T03:45:00.0000000+00:00,19
ETH,ETHUSDT,2026-06-01,2026-06-01T00:00:00.0000000+00:00,2026-06-01T23:55:00.0000000+00:00,288,141,147,0,-6,-22,2026-06-01T15:55:00.0000000+00:00,2,2026-06-01T00:25:00.0000000+00:00,24
ETH,ETHUSDT,2026-06-02,2026-06-02T00:00:00.0000000+00:00,2026-06-02T23:55:00.0000000+00:00,288,126,162,0,-36,-38,2026-06-02T23:25:00.0000000+00:00,-1,2026-06-02T00:00:00.0000000+00:00,37
ETH,ETHUSDT,2026-06-03,2026-06-03T00:00:00.0000000+00:00,2026-06-03T23:55:00.0000000+00:00,288,136,152,0,-16,-16,2026-06-03T23:35:00.0000000+00:00,4,2026-06-03T00:15:00.0000000+00:00,20
ETH,ETHUSDT,2026-06-04,2026-06-04T00:00:00.0000000+00:00,2026-06-04T23:55:00.0000000+00:00,288,137,151,0,-14,-21,2026-06-04T22:30:00.0000000+00:00,11,2026-06-04T04:00:00.0000000+00:00,32
ETH,ETHUSDT,2026-06-05,2026-06-05T00:00:00.0000000+00:00,2026-06-05T23:55:00.0000000+00:00,288,128,160,0,-32,-37,2026-06-05T23:30:00.0000000+00:00,1,2026-06-05T01:30:00.0000000+00:00,38
ETH,ETHUSDT,2026-06-06,2026-06-06T00:00:00.0000000+00:00,2026-06-06T23:55:00.0000000+00:00,288,146,142,0,4,-16,2026-06-06T10:35:00.0000000+00:00,4,2026-06-06T23:55:00.0000000+00:00,20
ETH,ETHUSDT,2026-06-07,2026-06-07T00:00:00.0000000+00:00,2026-06-07T23:55:00.0000000+00:00,288,150,137,1,13,-2,2026-06-07T12:25:00.0000000+00:00,15,2026-06-07T23:25:00.0000000+00:00,17
ETH,ETHUSDT,2026-06-08,2026-06-08T00:00:00.0000000+00:00,2026-06-08T23:55:00.0000000+00:00,288,138,150,0,-12,-19,2026-06-08T05:40:00.0000000+00:00,-1,2026-06-08T00:00:00.0000000+00:00,18
ETH,ETHUSDT,2026-06-09,2026-06-09T00:00:00.0000000+00:00,2026-06-09T23:55:00.0000000+00:00,288,136,152,0,-16,-16,2026-06-09T23:25:00.0000000+00:00,9,2026-06-09T12:00:00.0000000+00:00,25
ETH,ETHUSDT,2026-06-10,2026-06-10T00:00:00.0000000+00:00,2026-06-10T23:55:00.0000000+00:00,288,137,151,0,-14,-18,2026-06-10T10:15:00.0000000+00:00,3,2026-06-10T01:30:00.0000000+00:00,21
ETH,ETHUSDT,2026-06-11,2026-06-11T00:00:00.0000000+00:00,2026-06-11T23:55:00.0000000+00:00,288,147,141,0,6,1,2026-06-11T00:00:00.0000000+00:00,17,2026-06-11T18:40:00.0000000+00:00,16
ETH,ETHUSDT,2026-06-12,2026-06-12T00:00:00.0000000+00:00,2026-06-12T23:55:00.0000000+00:00,288,146,141,1,5,-7,2026-06-12T06:30:00.0000000+00:00,12,2026-06-12T09:45:00.0000000+00:00,19
ETH,ETHUSDT,2026-06-13,2026-06-13T00:00:00.0000000+00:00,2026-06-13T23:55:00.0000000+00:00,288,147,140,1,7,-2,2026-06-13T04:05:00.0000000+00:00,17,2026-06-13T19:45:00.0000000+00:00,19
ETH,ETHUSDT,2026-06-14,2026-06-14T00:00:00.0000000+00:00,2026-06-14T23:55:00.0000000+00:00,288,140,148,0,-8,-23,2026-06-14T14:40:00.0000000+00:00,2,2026-06-14T00:35:00.0000000+00:00,25
ETH,ETHUSDT,2026-06-15,2026-06-15T00:00:00.0000000+00:00,2026-06-15T23:55:00.0000000+00:00,288,145,143,0,2,-16,2026-06-15T09:35:00.0000000+00:00,7,2026-06-15T19:40:00.0000000+00:00,23
ETH,ETHUSDT,2026-06-16,2026-06-16T00:00:00.0000000+00:00,2026-06-16T23:55:00.0000000+00:00,288,144,144,0,0,-11,2026-06-16T05:50:00.0000000+00:00,6,2026-06-16T20:55:00.0000000+00:00,17
ETH,ETHUSDT,2026-06-17,2026-06-17T00:00:00.0000000+00:00,2026-06-17T23:55:00.0000000+00:00,288,143,144,1,-1,-10,2026-06-17T14:35:00.0000000+00:00,7,2026-06-17T02:20:00.0000000+00:00,17
ETH,ETHUSDT,2026-06-18,2026-06-18T00:00:00.0000000+00:00,2026-06-18T23:55:00.0000000+00:00,288,152,136,0,16,-13,2026-06-18T05:00:00.0000000+00:00,17,2026-06-18T23:50:00.0000000+00:00,30
ETH,ETHUSDT,2026-06-19,2026-06-19T00:00:00.0000000+00:00,2026-06-19T23:55:00.0000000+00:00,288,141,146,1,-5,-10,2026-06-19T17:00:00.0000000+00:00,2,2026-06-19T00:15:00.0000000+00:00,12
ETH,ETHUSDT,2026-06-20,2026-06-20T00:00:00.0000000+00:00,2026-06-20T23:55:00.0000000+00:00,288,139,145,4,-6,-10,2026-06-20T11:30:00.0000000+00:00,3,2026-06-20T15:15:00.0000000+00:00,13
ETH,ETHUSDT,2026-06-21,2026-06-21T00:00:00.0000000+00:00,2026-06-21T23:55:00.0000000+00:00,288,145,142,1,3,-8,2026-06-21T12:30:00.0000000+00:00,7,2026-06-21T03:45:00.0000000+00:00,15
ETH,ETHUSDT,2026-06-22,2026-06-22T00:00:00.0000000+00:00,2026-06-22T23:55:00.0000000+00:00,288,135,152,1,-17,-19,2026-06-22T22:25:00.0000000+00:00,6,2026-06-22T01:25:00.0000000+00:00,25
ETH,ETHUSDT,2026-06-23,2026-06-23T00:00:00.0000000+00:00,2026-06-23T23:55:00.0000000+00:00,288,131,157,0,-26,-31,2026-06-23T17:00:00.0000000+00:00,2,2026-06-23T04:05:00.0000000+00:00,33
ETH,ETHUSDT,2026-06-24,2026-06-24T00:00:00.0000000+00:00,2026-06-24T23:55:00.0000000+00:00,288,136,152,0,-16,-25,2026-06-24T18:50:00.0000000+00:00,12,2026-06-24T05:25:00.0000000+00:00,37
ETH,ETHUSDT,2026-06-25,2026-06-25T00:00:00.0000000+00:00,2026-06-25T23:55:00.0000000+00:00,288,135,153,0,-18,-21,2026-06-25T20:50:00.0000000+00:00,6,2026-06-25T07:55:00.0000000+00:00,27
ETH,ETHUSDT,2026-06-26,2026-06-26T00:00:00.0000000+00:00,2026-06-26T23:55:00.0000000+00:00,288,147,139,2,8,-5,2026-06-26T03:00:00.0000000+00:00,17,2026-06-26T15:20:00.0000000+00:00,22
ETH,ETHUSDT,2026-06-27,2026-06-27T00:00:00.0000000+00:00,2026-06-27T23:55:00.0000000+00:00,288,154,134,0,20,-5,2026-06-27T06:10:00.0000000+00:00,22,2026-06-27T17:15:00.0000000+00:00,27
ETH,ETHUSDT,2026-06-28,2026-06-28T00:00:00.0000000+00:00,2026-06-28T08:25:00.0000000+00:00,102,54,48,0,6,-5,2026-06-28T00:50:00.0000000+00:00,8,2026-06-28T07:45:00.0000000+00:00,13
SOL,SOLUSDT,2025-12-28,2025-12-28T08:25:00.0000000+00:00,2025-12-28T23:55:00.0000000+00:00,187,92,90,5,2,-7,2025-12-28T19:00:00.0000000+00:00,7,2025-12-28T14:15:00.0000000+00:00,14
SOL,SOLUSDT,2025-12-29,2025-12-29T00:00:00.0000000+00:00,2025-12-29T23:55:00.0000000+00:00,288,132,149,7,-17,-19,2025-12-29T23:25:00.0000000+00:00,3,2025-12-29T00:30:00.0000000+00:00,22
SOL,SOLUSDT,2025-12-30,2025-12-30T00:00:00.0000000+00:00,2025-12-30T23:55:00.0000000+00:00,288,141,136,11,5,-6,2025-12-30T02:30:00.0000000+00:00,10,2025-12-30T09:55:00.0000000+00:00,16
SOL,SOLUSDT,2025-12-31,2025-12-31T00:00:00.0000000+00:00,2025-12-31T23:55:00.0000000+00:00,288,128,156,4,-28,-28,2025-12-31T23:55:00.0000000+00:00,3,2025-12-31T01:30:00.0000000+00:00,31
SOL,SOLUSDT,2026-01-01,2026-01-01T00:00:00.0000000+00:00,2026-01-01T23:55:00.0000000+00:00,288,144,132,12,12,-7,2026-01-01T07:55:00.0000000+00:00,12,2026-01-01T23:55:00.0000000+00:00,19
SOL,SOLUSDT,2026-01-02,2026-01-02T00:00:00.0000000+00:00,2026-01-02T23:55:00.0000000+00:00,288,141,137,10,4,-7,2026-01-02T02:05:00.0000000+00:00,9,2026-01-02T22:20:00.0000000+00:00,16
SOL,SOLUSDT,2026-01-03,2026-01-03T00:00:00.0000000+00:00,2026-01-03T23:55:00.0000000+00:00,288,143,138,7,5,-11,2026-01-03T20:05:00.0000000+00:00,9,2026-01-03T23:25:00.0000000+00:00,20
SOL,SOLUSDT,2026-01-04,2026-01-04T00:00:00.0000000+00:00,2026-01-04T23:55:00.0000000+00:00,288,139,138,11,1,-11,2026-01-04T03:30:00.0000000+00:00,11,2026-01-04T15:10:00.0000000+00:00,22
SOL,SOLUSDT,2026-01-05,2026-01-05T00:00:00.0000000+00:00,2026-01-05T23:55:00.0000000+00:00,288,149,134,5,15,-2,2026-01-05T05:55:00.0000000+00:00,21,2026-01-05T19:30:00.0000000+00:00,23
SOL,SOLUSDT,2026-01-06,2026-01-06T00:00:00.0000000+00:00,2026-01-06T23:55:00.0000000+00:00,288,149,137,2,12,-1,2026-01-06T00:10:00.0000000+00:00,18,2026-01-06T11:35:00.0000000+00:00,19
SOL,SOLUSDT,2026-01-07,2026-01-07T00:00:00.0000000+00:00,2026-01-07T23:55:00.0000000+00:00,288,137,143,8,-6,-21,2026-01-07T19:10:00.0000000+00:00,1,2026-01-07T00:20:00.0000000+00:00,22
SOL,SOLUSDT,2026-01-08,2026-01-08T00:00:00.0000000+00:00,2026-01-08T23:55:00.0000000+00:00,288,146,133,9,13,-18,2026-01-08T10:00:00.0000000+00:00,15,2026-01-08T22:10:00.0000000+00:00,33
SOL,SOLUSDT,2026-01-09,2026-01-09T00:00:00.0000000+00:00,2026-01-09T23:55:00.0000000+00:00,288,137,147,4,-10,-19,2026-01-09T20:00:00.0000000+00:00,7,2026-01-09T03:15:00.0000000+00:00,26
SOL,SOLUSDT,2026-01-10,2026-01-10T00:00:00.0000000+00:00,2026-01-10T23:55:00.0000000+00:00,288,137,134,17,3,-4,2026-01-10T19:05:00.0000000+00:00,15,2026-01-10T10:45:00.0000000+00:00,19
SOL,SOLUSDT,2026-01-11,2026-01-11T00:00:00.0000000+00:00,2026-01-11T23:55:00.0000000+00:00,288,150,128,10,22,-6,2026-01-11T03:05:00.0000000+00:00,31,2026-01-11T14:55:00.0000000+00:00,37
SOL,SOLUSDT,2026-01-12,2026-01-12T00:00:00.0000000+00:00,2026-01-12T23:55:00.0000000+00:00,288,142,143,3,-1,-3,2026-01-12T23:15:00.0000000+00:00,13,2026-01-12T16:05:00.0000000+00:00,16
SOL,SOLUSDT,2026-01-13,2026-01-13T00:00:00.0000000+00:00,2026-01-13T23:55:00.0000000+00:00,288,146,136,6,10,-4,2026-01-13T01:35:00.0000000+00:00,16,2026-01-13T20:00:00.0000000+00:00,20
SOL,SOLUSDT,2026-01-14,2026-01-14T00:00:00.0000000+00:00,2026-01-14T23:55:00.0000000+00:00,288,148,132,8,16,-4,2026-01-14T05:05:00.0000000+00:00,20,2026-01-14T19:25:00.0000000+00:00,24
SOL,SOLUSDT,2026-01-15,2026-01-15T00:00:00.0000000+00:00,2026-01-15T23:55:00.0000000+00:00,288,146,136,6,10,-9,2026-01-15T02:30:00.0000000+00:00,18,2026-01-15T11:20:00.0000000+00:00,27
SOL,SOLUSDT,2026-01-16,2026-01-16T00:00:00.0000000+00:00,2026-01-16T23:55:00.0000000+00:00,288,138,143,7,-5,-11,2026-01-16T04:50:00.0000000+00:00,3,2026-01-16T00:30:00.0000000+00:00,14
SOL,SOLUSDT,2026-01-17,2026-01-17T00:00:00.0000000+00:00,2026-01-17T23:55:00.0000000+00:00,288,130,143,15,-13,-19,2026-01-17T16:20:00.0000000+00:00,-1,2026-01-17T00:00:00.0000000+00:00,18
SOL,SOLUSDT,2026-01-18,2026-01-18T00:00:00.0000000+00:00,2026-01-18T23:55:00.0000000+00:00,288,132,147,9,-15,-15,2026-01-18T23:55:00.0000000+00:00,1,2026-01-18T00:30:00.0000000+00:00,16
SOL,SOLUSDT,2026-01-19,2026-01-19T00:00:00.0000000+00:00,2026-01-19T23:55:00.0000000+00:00,288,141,131,16,10,-6,2026-01-19T01:45:00.0000000+00:00,18,2026-01-19T20:25:00.0000000+00:00,24
SOL,SOLUSDT,2026-01-20,2026-01-20T00:00:00.0000000+00:00,2026-01-20T23:55:00.0000000+00:00,288,122,156,10,-34,-34,2026-01-20T23:50:00.0000000+00:00,1,2026-01-20T00:00:00.0000000+00:00,35
SOL,SOLUSDT,2026-01-21,2026-01-21T00:00:00.0000000+00:00,2026-01-21T23:55:00.0000000+00:00,288,144,134,10,10,-1,2026-01-21T00:10:00.0000000+00:00,18,2026-01-21T15:50:00.0000000+00:00,19
SOL,SOLUSDT,2026-01-22,2026-01-22T00:00:00.0000000+00:00,2026-01-22T23:55:00.0000000+00:00,288,149,133,6,16,0,2026-01-22T00:05:00.0000000+00:00,21,2026-01-22T19:40:00.0000000+00:00,21
SOL,SOLUSDT,2026-01-23,2026-01-23T00:00:00.0000000+00:00,2026-01-23T23:55:00.0000000+00:00,288,135,147,6,-12,-18,2026-01-23T20:35:00.0000000+00:00,8,2026-01-23T04:50:00.0000000+00:00,26
SOL,SOLUSDT,2026-01-24,2026-01-24T00:00:00.0000000+00:00,2026-01-24T23:55:00.0000000+00:00,288,129,133,26,-4,-5,2026-01-24T01:00:00.0000000+00:00,12,2026-01-24T18:35:00.0000000+00:00,17
SOL,SOLUSDT,2026-01-25,2026-01-25T00:00:00.0000000+00:00,2026-01-25T23:55:00.0000000+00:00,288,135,142,11,-7,-16,2026-01-25T19:50:00.0000000+00:00,3,2026-01-25T01:00:00.0000000+00:00,19
SOL,SOLUSDT,2026-01-26,2026-01-26T00:00:00.0000000+00:00,2026-01-26T23:55:00.0000000+00:00,288,144,137,7,7,1,2026-01-26T00:00:00.0000000+00:00,17,2026-01-26T07:20:00.0000000+00:00,16
SOL,SOLUSDT,2026-01-27,2026-01-27T00:00:00.0000000+00:00,2026-01-27T23:55:00.0000000+00:00,288,144,138,6,6,-12,2026-01-27T15:25:00.0000000+00:00,9,2026-01-27T21:10:00.0000000+00:00,21
SOL,SOLUSDT,2026-01-28,2026-01-28T00:00:00.0000000+00:00,2026-01-28T23:55:00.0000000+00:00,288,127,151,10,-24,-27,2026-01-28T21:30:00.0000000+00:00,0,2026-01-28T00:05:00.0000000+00:00,27
SOL,SOLUSDT,2026-01-29,2026-01-29T00:00:00.0000000+00:00,2026-01-29T23:55:00.0000000+00:00,288,129,150,9,-21,-29,2026-01-29T21:20:00.0000000+00:00,0,2026-01-29T00:05:00.0000000+00:00,29
SOL,SOLUSDT,2026-01-30,2026-01-30T00:00:00.0000000+00:00,2026-01-30T23:55:00.0000000+00:00,288,142,141,5,1,-9,2026-01-30T02:20:00.0000000+00:00,6,2026-01-30T05:30:00.0000000+00:00,15
SOL,SOLUSDT,2026-01-31,2026-01-31T00:00:00.0000000+00:00,2026-01-31T23:55:00.0000000+00:00,288,131,150,7,-19,-29,2026-01-31T20:10:00.0000000+00:00,8,2026-01-31T04:05:00.0000000+00:00,37
SOL,SOLUSDT,2026-02-01,2026-02-01T00:00:00.0000000+00:00,2026-02-01T23:55:00.0000000+00:00,288,137,146,5,-9,-12,2026-02-01T21:05:00.0000000+00:00,7,2026-02-01T02:50:00.0000000+00:00,19
SOL,SOLUSDT,2026-02-02,2026-02-02T00:00:00.0000000+00:00,2026-02-02T23:55:00.0000000+00:00,288,136,147,5,-11,-22,2026-02-02T06:35:00.0000000+00:00,1,2026-02-02T00:20:00.0000000+00:00,23
SOL,SOLUSDT,2026-02-03,2026-02-03T00:00:00.0000000+00:00,2026-02-03T23:55:00.0000000+00:00,288,133,153,2,-20,-23,2026-02-03T23:00:00.0000000+00:00,4,2026-02-03T04:10:00.0000000+00:00,27
SOL,SOLUSDT,2026-02-04,2026-02-04T00:00:00.0000000+00:00,2026-02-04T23:55:00.0000000+00:00,288,137,144,7,-7,-11,2026-02-04T08:00:00.0000000+00:00,5,2026-02-04T01:30:00.0000000+00:00,16
SOL,SOLUSDT,2026-02-05,2026-02-05T00:00:00.0000000+00:00,2026-02-05T23:55:00.0000000+00:00,288,125,156,7,-31,-32,2026-02-05T23:40:00.0000000+00:00,11,2026-02-05T08:30:00.0000000+00:00,43
SOL,SOLUSDT,2026-02-06,2026-02-06T00:00:00.0000000+00:00,2026-02-06T23:55:00.0000000+00:00,288,156,130,2,26,-4,2026-02-06T00:15:00.0000000+00:00,32,2026-02-06T22:50:00.0000000+00:00,36
SOL,SOLUSDT,2026-02-07,2026-02-07T00:00:00.0000000+00:00,2026-02-07T23:55:00.0000000+00:00,288,154,130,4,24,-5,2026-02-07T01:10:00.0000000+00:00,27,2026-02-07T18:45:00.0000000+00:00,32
SOL,SOLUSDT,2026-02-08,2026-02-08T00:00:00.0000000+00:00,2026-02-08T23:55:00.0000000+00:00,288,146,134,8,12,-5,2026-02-08T16:50:00.0000000+00:00,14,2026-02-08T23:05:00.0000000+00:00,19
SOL,SOLUSDT,2026-02-09,2026-02-09T00:00:00.0000000+00:00,2026-02-09T23:55:00.0000000+00:00,288,135,144,9,-9,-17,2026-02-09T16:05:00.0000000+00:00,3,2026-02-09T05:30:00.0000000+00:00,20
SOL,SOLUSDT,2026-02-10,2026-02-10T00:00:00.0000000+00:00,2026-02-10T23:55:00.0000000+00:00,288,130,150,8,-20,-26,2026-02-10T21:30:00.0000000+00:00,2,2026-02-10T01:25:00.0000000+00:00,28
SOL,SOLUSDT,2026-02-11,2026-02-11T00:00:00.0000000+00:00,2026-02-11T23:55:00.0000000+00:00,288,136,143,9,-7,-11,2026-02-11T20:25:00.0000000+00:00,9,2026-02-11T02:25:00.0000000+00:00,20
SOL,SOLUSDT,2026-02-12,2026-02-12T00:00:00.0000000+00:00,2026-02-12T23:55:00.0000000+00:00,288,133,145,10,-12,-24,2026-02-12T20:45:00.0000000+00:00,7,2026-02-12T01:10:00.0000000+00:00,31
SOL,SOLUSDT,2026-02-13,2026-02-13T00:00:00.0000000+00:00,2026-02-13T23:55:00.0000000+00:00,288,142,136,10,6,-7,2026-02-13T05:10:00.0000000+00:00,16,2026-02-13T17:30:00.0000000+00:00,23
SOL,SOLUSDT,2026-02-14,2026-02-14T00:00:00.0000000+00:00,2026-02-14T23:55:00.0000000+00:00,288,152,130,6,22,-2,2026-02-14T00:05:00.0000000+00:00,28,2026-02-14T22:50:00.0000000+00:00,30
SOL,SOLUSDT,2026-02-15,2026-02-15T00:00:00.0000000+00:00,2026-02-15T23:55:00.0000000+00:00,288,138,141,9,-3,-12,2026-02-15T20:00:00.0000000+00:00,9,2026-02-15T08:00:00.0000000+00:00,21
SOL,SOLUSDT,2026-02-16,2026-02-16T00:00:00.0000000+00:00,2026-02-16T23:55:00.0000000+00:00,288,141,140,7,1,-11,2026-02-16T13:50:00.0000000+00:00,3,2026-02-16T21:10:00.0000000+00:00,14
SOL,SOLUSDT,2026-02-17,2026-02-17T00:00:00.0000000+00:00,2026-02-17T23:55:00.0000000+00:00,288,136,147,5,-11,-20,2026-02-17T14:50:00.0000000+00:00,7,2026-02-17T02:50:00.0000000+00:00,27
SOL,SOLUSDT,2026-02-18,2026-02-18T00:00:00.0000000+00:00,2026-02-18T23:55:00.0000000+00:00,288,130,143,15,-13,-20,2026-02-18T16:05:00.0000000+00:00,2,2026-02-18T00:05:00.0000000+00:00,22
SOL,SOLUSDT,2026-02-19,2026-02-19T00:00:00.0000000+00:00,2026-02-19T23:55:00.0000000+00:00,288,148,133,7,15,-2,2026-02-19T00:25:00.0000000+00:00,20,2026-02-19T06:25:00.0000000+00:00,22
SOL,SOLUSDT,2026-02-20,2026-02-20T00:00:00.0000000+00:00,2026-02-20T23:55:00.0000000+00:00,288,141,138,9,3,-4,2026-02-20T11:40:00.0000000+00:00,10,2026-02-20T18:45:00.0000000+00:00,14
SOL,SOLUSDT,2026-02-21,2026-02-21T00:00:00.0000000+00:00,2026-02-21T23:55:00.0000000+00:00,288,134,140,14,-6,-6,2026-02-21T04:15:00.0000000+00:00,14,2026-02-21T15:45:00.0000000+00:00,20
SOL,SOLUSDT,2026-02-22,2026-02-22T00:00:00.0000000+00:00,2026-02-22T23:55:00.0000000+00:00,288,130,136,22,-6,-10,2026-02-22T17:40:00.0000000+00:00,6,2026-02-22T07:45:00.0000000+00:00,16
SOL,SOLUSDT,2026-02-23,2026-02-23T00:00:00.0000000+00:00,2026-02-23T23:55:00.0000000+00:00,288,126,149,13,-23,-24,2026-02-23T23:50:00.0000000+00:00,6,2026-02-23T07:35:00.0000000+00:00,30
SOL,SOLUSDT,2026-02-24,2026-02-24T00:00:00.0000000+00:00,2026-02-24T23:55:00.0000000+00:00,288,146,136,6,10,-4,2026-02-24T04:10:00.0000000+00:00,12,2026-02-24T22:25:00.0000000+00:00,16
SOL,SOLUSDT,2026-02-25,2026-02-25T00:00:00.0000000+00:00,2026-02-25T23:55:00.0000000+00:00,288,154,127,7,27,-2,2026-02-25T00:05:00.0000000+00:00,39,2026-02-25T21:35:00.0000000+00:00,41
SOL,SOLUSDT,2026-02-26,2026-02-26T00:00:00.0000000+00:00,2026-02-26T23:55:00.0000000+00:00,288,142,140,6,2,-12,2026-02-26T10:50:00.0000000+00:00,3,2026-02-26T01:00:00.0000000+00:00,15
SOL,SOLUSDT,2026-02-27,2026-02-27T00:00:00.0000000+00:00,2026-02-27T23:55:00.0000000+00:00,288,141,137,10,4,-4,2026-02-27T00:40:00.0000000+00:00,12,2026-02-27T05:35:00.0000000+00:00,16
SOL,SOLUSDT,2026-02-28,2026-02-28T00:00:00.0000000+00:00,2026-02-28T23:55:00.0000000+00:00,288,136,146,6,-10,-17,2026-02-28T10:00:00.0000000+00:00,5,2026-02-28T01:15:00.0000000+00:00,22
SOL,SOLUSDT,2026-03-01,2026-03-01T00:00:00.0000000+00:00,2026-03-01T23:55:00.0000000+00:00,288,134,149,5,-15,-24,2026-03-01T21:00:00.0000000+00:00,5,2026-03-01T03:05:00.0000000+00:00,29
SOL,SOLUSDT,2026-03-02,2026-03-02T00:00:00.0000000+00:00,2026-03-02T23:55:00.0000000+00:00,288,145,135,8,10,-1,2026-03-02T08:25:00.0000000+00:00,16,2026-03-02T22:40:00.0000000+00:00,17
SOL,SOLUSDT,2026-03-03,2026-03-03T00:00:00.0000000+00:00,2026-03-03T23:55:00.0000000+00:00,288,140,142,6,-2,-18,2026-03-03T21:00:00.0000000+00:00,7,2026-03-03T01:00:00.0000000+00:00,25
SOL,SOLUSDT,2026-03-04,2026-03-04T00:00:00.0000000+00:00,2026-03-04T23:55:00.0000000+00:00,288,145,139,4,6,-7,2026-03-04T06:50:00.0000000+00:00,20,2026-03-04T20:40:00.0000000+00:00,27
SOL,SOLUSDT,2026-03-05,2026-03-05T00:00:00.0000000+00:00,2026-03-05T23:55:00.0000000+00:00,288,146,133,9,13,-11,2026-03-05T03:40:00.0000000+00:00,19,2026-03-05T10:30:00.0000000+00:00,30
SOL,SOLUSDT,2026-03-06,2026-03-06T00:00:00.0000000+00:00,2026-03-06T23:55:00.0000000+00:00,288,145,139,4,6,-2,2026-03-06T17:35:00.0000000+00:00,14,2026-03-06T07:25:00.0000000+00:00,16
SOL,SOLUSDT,2026-03-07,2026-03-07T00:00:00.0000000+00:00,2026-03-07T23:55:00.0000000+00:00,288,137,134,17,3,-5,2026-03-07T19:50:00.0000000+00:00,7,2026-03-07T01:45:00.0000000+00:00,12
SOL,SOLUSDT,2026-03-08,2026-03-08T00:00:00.0000000+00:00,2026-03-08T23:55:00.0000000+00:00,288,144,136,8,8,-14,2026-03-08T04:50:00.0000000+00:00,14,2026-03-08T22:45:00.0000000+00:00,28
SOL,SOLUSDT,2026-03-09,2026-03-09T00:00:00.0000000+00:00,2026-03-09T23:55:00.0000000+00:00,288,142,146,0,-4,-4,2026-03-09T23:25:00.0000000+00:00,17,2026-03-09T14:40:00.0000000+00:00,21
SOL,SOLUSDT,2026-03-10,2026-03-10T00:00:00.0000000+00:00,2026-03-10T23:55:00.0000000+00:00,288,147,135,6,12,0,2026-03-10T00:00:00.0000000+00:00,17,2026-03-10T05:30:00.0000000+00:00,17
SOL,SOLUSDT,2026-03-11,2026-03-11T00:00:00.0000000+00:00,2026-03-11T23:55:00.0000000+00:00,288,136,146,6,-10,-13,2026-03-11T12:05:00.0000000+00:00,3,2026-03-11T00:50:00.0000000+00:00,16
SOL,SOLUSDT,2026-03-12,2026-03-12T00:00:00.0000000+00:00,2026-03-12T23:55:00.0000000+00:00,288,144,132,12,12,-6,2026-03-12T03:50:00.0000000+00:00,20,2026-03-12T16:45:00.0000000+00:00,26
SOL,SOLUSDT,2026-03-13,2026-03-13T00:00:00.0000000+00:00,2026-03-13T23:55:00.0000000+00:00,288,139,140,9,-1,-13,2026-03-13T06:45:00.0000000+00:00,3,2026-03-13T00:20:00.0000000+00:00,16
SOL,SOLUSDT,2026-03-14,2026-03-14T00:00:00.0000000+00:00,2026-03-14T23:55:00.0000000+00:00,288,139,134,15,5,-5,2026-03-14T10:40:00.0000000+00:00,7,2026-03-14T03:05:00.0000000+00:00,12
SOL,SOLUSDT,2026-03-15,2026-03-15T00:00:00.0000000+00:00,2026-03-15T23:55:00.0000000+00:00,288,144,134,10,10,-15,2026-03-15T13:15:00.0000000+00:00,12,2026-03-15T23:05:00.0000000+00:00,27
SOL,SOLUSDT,2026-03-16,2026-03-16T00:00:00.0000000+00:00,2026-03-16T23:55:00.0000000+00:00,288,143,136,9,7,-7,2026-03-16T02:30:00.0000000+00:00,11,2026-03-16T21:35:00.0000000+00:00,18
SOL,SOLUSDT,2026-03-17,2026-03-17T00:00:00.0000000+00:00,2026-03-17T23:55:00.0000000+00:00,288,133,142,13,-9,-17,2026-03-17T10:45:00.0000000+00:00,3,2026-03-17T19:05:00.0000000+00:00,20
SOL,SOLUSDT,2026-03-18,2026-03-18T00:00:00.0000000+00:00,2026-03-18T23:55:00.0000000+00:00,288,135,143,10,-8,-13,2026-03-18T19:45:00.0000000+00:00,10,2026-03-18T02:10:00.0000000+00:00,23
SOL,SOLUSDT,2026-03-19,2026-03-19T00:00:00.0000000+00:00,2026-03-19T23:55:00.0000000+00:00,288,137,140,11,-3,-12,2026-03-19T07:20:00.0000000+00:00,8,2026-03-19T03:25:00.0000000+00:00,20
SOL,SOLUSDT,2026-03-20,2026-03-20T00:00:00.0000000+00:00,2026-03-20T23:55:00.0000000+00:00,288,137,143,8,-6,-15,2026-03-20T09:20:00.0000000+00:00,5,2026-03-20T01:00:00.0000000+00:00,20
SOL,SOLUSDT,2026-03-21,2026-03-21T00:00:00.0000000+00:00,2026-03-21T23:55:00.0000000+00:00,288,131,137,20,-6,-8,2026-03-21T07:45:00.0000000+00:00,5,2026-03-21T03:25:00.0000000+00:00,13
SOL,SOLUSDT,2026-03-22,2026-03-22T00:00:00.0000000+00:00,2026-03-22T23:55:00.0000000+00:00,288,139,140,9,-1,-3,2026-03-22T21:15:00.0000000+00:00,12,2026-03-22T04:55:00.0000000+00:00,15
SOL,SOLUSDT,2026-03-23,2026-03-23T00:00:00.0000000+00:00,2026-03-23T23:55:00.0000000+00:00,288,144,135,9,9,-5,2026-03-23T06:45:00.0000000+00:00,20,2026-03-23T20:40:00.0000000+00:00,25
SOL,SOLUSDT,2026-03-24,2026-03-24T00:00:00.0000000+00:00,2026-03-24T23:55:00.0000000+00:00,288,140,139,9,1,-14,2026-03-24T05:40:00.0000000+00:00,5,2026-03-24T09:55:00.0000000+00:00,19
SOL,SOLUSDT,2026-03-25,2026-03-25T00:00:00.0000000+00:00,2026-03-25T23:55:00.0000000+00:00,288,137,141,10,-4,-10,2026-03-25T08:55:00.0000000+00:00,5,2026-03-25T00:35:00.0000000+00:00,15
SOL,SOLUSDT,2026-03-26,2026-03-26T00:00:00.0000000+00:00,2026-03-26T23:55:00.0000000+00:00,288,137,140,11,-3,-15,2026-03-26T19:55:00.0000000+00:00,4,2026-03-26T01:55:00.0000000+00:00,19
SOL,SOLUSDT,2026-03-27,2026-03-27T00:00:00.0000000+00:00,2026-03-27T23:55:00.0000000+00:00,288,148,133,7,15,-2,2026-03-27T00:25:00.0000000+00:00,17,2026-03-27T15:30:00.0000000+00:00,19
SOL,SOLUSDT,2026-03-28,2026-03-28T00:00:00.0000000+00:00,2026-03-28T23:55:00.0000000+00:00,288,126,144,18,-18,-19,2026-03-28T23:45:00.0000000+00:00,2,2026-03-28T15:20:00.0000000+00:00,21
SOL,SOLUSDT,2026-03-29,2026-03-29T00:00:00.0000000+00:00,2026-03-29T23:55:00.0000000+00:00,288,143,132,13,11,-2,2026-03-29T17:25:00.0000000+00:00,15,2026-03-29T03:05:00.0000000+00:00,17
SOL,SOLUSDT,2026-03-30,2026-03-30T00:00:00.0000000+00:00,2026-03-30T23:55:00.0000000+00:00,288,137,140,11,-3,-9,2026-03-30T19:20:00.0000000+00:00,5,2026-03-30T05:05:00.0000000+00:00,14
SOL,SOLUSDT,2026-03-31,2026-03-31T00:00:00.0000000+00:00,2026-03-31T23:55:00.0000000+00:00,288,143,138,7,5,-12,2026-03-31T10:40:00.0000000+00:00,7,2026-03-31T17:20:00.0000000+00:00,19
SOL,SOLUSDT,2026-04-01,2026-04-01T00:00:00.0000000+00:00,2026-04-01T23:55:00.0000000+00:00,288,137,141,10,-4,-8,2026-04-01T02:30:00.0000000+00:00,16,2026-04-01T07:10:00.0000000+00:00,24
SOL,SOLUSDT,2026-04-02,2026-04-02T00:00:00.0000000+00:00,2026-04-02T23:55:00.0000000+00:00,288,123,154,11,-31,-33,2026-04-02T13:35:00.0000000+00:00,1,2026-04-02T00:40:00.0000000+00:00,34
SOL,SOLUSDT,2026-04-03,2026-04-03T00:00:00.0000000+00:00,2026-04-03T23:55:00.0000000+00:00,288,150,130,8,20,-2,2026-04-03T13:00:00.0000000+00:00,20,2026-04-03T23:55:00.0000000+00:00,22
SOL,SOLUSDT,2026-04-04,2026-04-04T00:00:00.0000000+00:00,2026-04-04T23:55:00.0000000+00:00,288,131,140,17,-9,-11,2026-04-04T16:55:00.0000000+00:00,1,2026-04-04T04:40:00.0000000+00:00,12
SOL,SOLUSDT,2026-04-05,2026-04-05T00:00:00.0000000+00:00,2026-04-05T23:55:00.0000000+00:00,288,126,142,20,-16,-25,2026-04-05T22:20:00.0000000+00:00,0,2026-04-05T00:05:00.0000000+00:00,25
SOL,SOLUSDT,2026-04-06,2026-04-06T00:00:00.0000000+00:00,2026-04-06T23:55:00.0000000+00:00,288,133,141,14,-8,-9,2026-04-06T23:30:00.0000000+00:00,12,2026-04-06T20:40:00.0000000+00:00,21
SOL,SOLUSDT,2026-04-07,2026-04-07T00:00:00.0000000+00:00,2026-04-07T23:55:00.0000000+00:00,288,153,121,14,32,-6,2026-04-07T01:55:00.0000000+00:00,36,2026-04-07T23:25:00.0000000+00:00,42
SOL,SOLUSDT,2026-04-08,2026-04-08T00:00:00.0000000+00:00,2026-04-08T23:55:00.0000000+00:00,288,137,141,10,-4,-9,2026-04-08T06:00:00.0000000+00:00,6,2026-04-08T11:50:00.0000000+00:00,15
SOL,SOLUSDT,2026-04-09,2026-04-09T00:00:00.0000000+00:00,2026-04-09T23:55:00.0000000+00:00,288,135,141,12,-6,-14,2026-04-09T04:25:00.0000000+00:00,1,2026-04-09T22:15:00.0000000+00:00,15
SOL,SOLUSDT,2026-04-10,2026-04-10T00:00:00.0000000+00:00,2026-04-10T23:55:00.0000000+00:00,288,147,132,9,15,-2,2026-04-10T00:15:00.0000000+00:00,21,2026-04-10T21:55:00.0000000+00:00,23
SOL,SOLUSDT,2026-04-11,2026-04-11T00:00:00.0000000+00:00,2026-04-11T23:55:00.0000000+00:00,288,143,132,13,11,-5,2026-04-11T06:10:00.0000000+00:00,11,2026-04-11T21:05:00.0000000+00:00,16
SOL,SOLUSDT,2026-04-12,2026-04-12T00:00:00.0000000+00:00,2026-04-12T23:55:00.0000000+00:00,288,149,128,11,21,-7,2026-04-12T02:00:00.0000000+00:00,22,2026-04-12T21:00:00.0000000+00:00,29
SOL,SOLUSDT,2026-04-13,2026-04-13T00:00:00.0000000+00:00,2026-04-13T23:55:00.0000000+00:00,288,140,131,17,9,-3,2026-04-13T15:35:00.0000000+00:00,13,2026-04-13T23:25:00.0000000+00:00,16
SOL,SOLUSDT,2026-04-14,2026-04-14T00:00:00.0000000+00:00,2026-04-14T23:55:00.0000000+00:00,288,132,145,11,-13,-16,2026-04-14T11:25:00.0000000+00:00,-1,2026-04-14T00:00:00.0000000+00:00,15
SOL,SOLUSDT,2026-04-15,2026-04-15T00:00:00.0000000+00:00,2026-04-15T23:55:00.0000000+00:00,288,137,138,13,-1,-9,2026-04-15T05:50:00.0000000+00:00,6,2026-04-15T19:55:00.0000000+00:00,15
SOL,SOLUSDT,2026-04-16,2026-04-16T00:00:00.0000000+00:00,2026-04-16T23:55:00.0000000+00:00,288,154,123,11,31,-4,2026-04-16T01:05:00.0000000+00:00,40,2026-04-16T20:00:00.0000000+00:00,44
SOL,SOLUSDT,2026-04-17,2026-04-17T00:00:00.0000000+00:00,2026-04-17T23:55:00.0000000+00:00,288,141,132,15,9,-7,2026-04-17T02:25:00.0000000+00:00,16,2026-04-17T16:55:00.0000000+00:00,23
SOL,SOLUSDT,2026-04-18,2026-04-18T00:00:00.0000000+00:00,2026-04-18T23:55:00.0000000+00:00,288,130,141,17,-11,-19,2026-04-18T18:35:00.0000000+00:00,2,2026-04-18T00:15:00.0000000+00:00,21
SOL,SOLUSDT,2026-04-19,2026-04-19T00:00:00.0000000+00:00,2026-04-19T23:55:00.0000000+00:00,288,130,147,11,-17,-25,2026-04-19T09:45:00.0000000+00:00,2,2026-04-19T00:05:00.0000000+00:00,27
SOL,SOLUSDT,2026-04-20,2026-04-20T00:00:00.0000000+00:00,2026-04-20T23:55:00.0000000+00:00,288,139,134,15,5,-3,2026-04-20T08:50:00.0000000+00:00,12,2026-04-20T17:15:00.0000000+00:00,15
SOL,SOLUSDT,2026-04-21,2026-04-21T00:00:00.0000000+00:00,2026-04-21T23:55:00.0000000+00:00,288,145,133,10,12,0,2026-04-21T00:05:00.0000000+00:00,16,2026-04-21T15:15:00.0000000+00:00,16
SOL,SOLUSDT,2026-04-22,2026-04-22T00:00:00.0000000+00:00,2026-04-22T23:55:00.0000000+00:00,288,147,131,10,16,-3,2026-04-22T00:40:00.0000000+00:00,22,2026-04-22T21:45:00.0000000+00:00,25
SOL,SOLUSDT,2026-04-23,2026-04-23T00:00:00.0000000+00:00,2026-04-23T23:55:00.0000000+00:00,288,143,129,16,14,-6,2026-04-23T02:35:00.0000000+00:00,17,2026-04-23T22:40:00.0000000+00:00,23
SOL,SOLUSDT,2026-04-24,2026-04-24T00:00:00.0000000+00:00,2026-04-24T23:55:00.0000000+00:00,288,130,135,23,-5,-5,2026-04-24T19:45:00.0000000+00:00,14,2026-04-24T11:25:00.0000000+00:00,19
SOL,SOLUSDT,2026-04-25,2026-04-25T00:00:00.0000000+00:00,2026-04-25T23:55:00.0000000+00:00,288,127,123,38,4,-7,2026-04-25T19:15:00.0000000+00:00,8,2026-04-25T15:25:00.0000000+00:00,15
SOL,SOLUSDT,2026-04-26,2026-04-26T00:00:00.0000000+00:00,2026-04-26T23:55:00.0000000+00:00,288,136,127,25,9,-4,2026-04-26T01:25:00.0000000+00:00,17,2026-04-26T08:30:00.0000000+00:00,21
SOL,SOLUSDT,2026-04-27,2026-04-27T00:00:00.0000000+00:00,2026-04-27T23:55:00.0000000+00:00,288,133,138,17,-5,-19,2026-04-27T15:20:00.0000000+00:00,5,2026-04-27T03:25:00.0000000+00:00,24
SOL,SOLUSDT,2026-04-28,2026-04-28T00:00:00.0000000+00:00,2026-04-28T23:55:00.0000000+00:00,288,133,135,20,-2,-14,2026-04-28T02:40:00.0000000+00:00,0,2026-04-28T00:05:00.0000000+00:00,14
SOL,SOLUSDT,2026-04-29,2026-04-29T00:00:00.0000000+00:00,2026-04-29T23:55:00.0000000+00:00,288,145,129,14,16,-4,2026-04-29T00:30:00.0000000+00:00,17,2026-04-29T22:50:00.0000000+00:00,21
SOL,SOLUSDT,2026-04-30,2026-04-30T00:00:00.0000000+00:00,2026-04-30T23:55:00.0000000+00:00,288,135,140,13,-5,-17,2026-04-30T22:05:00.0000000+00:00,7,2026-04-30T02:05:00.0000000+00:00,24
SOL,SOLUSDT,2026-05-01,2026-05-01T00:00:00.0000000+00:00,2026-05-01T23:55:00.0000000+00:00,288,133,139,16,-6,-13,2026-05-01T20:50:00.0000000+00:00,6,2026-05-01T01:50:00.0000000+00:00,19
SOL,SOLUSDT,2026-05-02,2026-05-02T00:00:00.0000000+00:00,2026-05-02T23:55:00.0000000+00:00,288,134,128,26,6,-3,2026-05-02T00:15:00.0000000+00:00,11,2026-05-02T21:35:00.0000000+00:00,14
SOL,SOLUSDT,2026-05-03,2026-05-03T00:00:00.0000000+00:00,2026-05-03T23:55:00.0000000+00:00,288,135,131,22,4,-7,2026-05-03T02:25:00.0000000+00:00,11,2026-05-03T23:00:00.0000000+00:00,18
SOL,SOLUSDT,2026-05-04,2026-05-04T00:00:00.0000000+00:00,2026-05-04T23:55:00.0000000+00:00,288,124,148,16,-24,-25,2026-05-04T23:20:00.0000000+00:00,8,2026-05-04T04:30:00.0000000+00:00,33
SOL,SOLUSDT,2026-05-05,2026-05-05T00:00:00.0000000+00:00,2026-05-05T23:55:00.0000000+00:00,288,137,134,17,3,-6,2026-05-05T09:35:00.0000000+00:00,11,2026-05-05T22:25:00.0000000+00:00,17
SOL,SOLUSDT,2026-05-06,2026-05-06T00:00:00.0000000+00:00,2026-05-06T23:55:00.0000000+00:00,288,155,124,9,31,-1,2026-05-06T00:25:00.0000000+00:00,35,2026-05-06T21:35:00.0000000+00:00,36
SOL,SOLUSDT,2026-05-07,2026-05-07T00:00:00.0000000+00:00,2026-05-07T23:55:00.0000000+00:00,288,139,139,10,0,-10,2026-05-07T02:40:00.0000000+00:00,4,2026-05-07T08:50:00.0000000+00:00,14
SOL,SOLUSDT,2026-05-08,2026-05-08T00:00:00.0000000+00:00,2026-05-08T23:55:00.0000000+00:00,288,147,132,9,15,-10,2026-05-08T07:10:00.0000000+00:00,22,2026-05-08T19:55:00.0000000+00:00,32
SOL,SOLUSDT,2026-05-09,2026-05-09T00:00:00.0000000+00:00,2026-05-09T23:55:00.0000000+00:00,288,137,143,8,-6,-12,2026-05-09T15:10:00.0000000+00:00,7,2026-05-09T06:05:00.0000000+00:00,19
SOL,SOLUSDT,2026-05-10,2026-05-10T00:00:00.0000000+00:00,2026-05-10T23:55:00.0000000+00:00,288,145,132,11,13,-14,2026-05-10T11:20:00.0000000+00:00,15,2026-05-10T23:35:00.0000000+00:00,29
SOL,SOLUSDT,2026-05-11,2026-05-11T00:00:00.0000000+00:00,2026-05-11T23:55:00.0000000+00:00,288,133,147,8,-14,-20,2026-05-11T14:45:00.0000000+00:00,1,2026-05-11T00:00:00.0000000+00:00,21
SOL,SOLUSDT,2026-05-12,2026-05-12T00:00:00.0000000+00:00,2026-05-12T23:55:00.0000000+00:00,288,131,149,8,-18,-21,2026-05-12T15:20:00.0000000+00:00,2,2026-05-12T00:50:00.0000000+00:00,23
SOL,SOLUSDT,2026-05-13,2026-05-13T00:00:00.0000000+00:00,2026-05-13T23:55:00.0000000+00:00,288,134,143,11,-9,-16,2026-05-13T19:20:00.0000000+00:00,11,2026-05-13T04:20:00.0000000+00:00,27
SOL,SOLUSDT,2026-05-14,2026-05-14T00:00:00.0000000+00:00,2026-05-14T23:55:00.0000000+00:00,288,142,140,6,2,-15,2026-05-14T05:10:00.0000000+00:00,9,2026-05-14T22:40:00.0000000+00:00,24
SOL,SOLUSDT,2026-05-15,2026-05-15T00:00:00.0000000+00:00,2026-05-15T23:55:00.0000000+00:00,288,134,143,11,-9,-16,2026-05-15T15:40:00.0000000+00:00,5,2026-05-15T00:20:00.0000000+00:00,21
SOL,SOLUSDT,2026-05-16,2026-05-16T00:00:00.0000000+00:00,2026-05-16T23:55:00.0000000+00:00,288,119,146,23,-27,-27,2026-05-16T23:50:00.0000000+00:00,3,2026-05-16T00:10:00.0000000+00:00,30
SOL,SOLUSDT,2026-05-17,2026-05-17T00:00:00.0000000+00:00,2026-05-17T23:55:00.0000000+00:00,288,135,132,21,3,-7,2026-05-17T01:30:00.0000000+00:00,10,2026-05-17T21:25:00.0000000+00:00,17
SOL,SOLUSDT,2026-05-18,2026-05-18T00:00:00.0000000+00:00,2026-05-18T23:55:00.0000000+00:00,288,136,144,8,-8,-16,2026-05-18T19:20:00.0000000+00:00,12,2026-05-18T05:00:00.0000000+00:00,28
SOL,SOLUSDT,2026-05-19,2026-05-19T00:00:00.0000000+00:00,2026-05-19T23:55:00.0000000+00:00,288,144,136,8,8,-6,2026-05-19T02:00:00.0000000+00:00,16,2026-05-19T17:00:00.0000000+00:00,22
SOL,SOLUSDT,2026-05-20,2026-05-20T00:00:00.0000000+00:00,2026-05-20T23:55:00.0000000+00:00,288,142,129,17,13,-5,2026-05-20T04:35:00.0000000+00:00,13,2026-05-20T23:55:00.0000000+00:00,18
SOL,SOLUSDT,2026-05-21,2026-05-21T00:00:00.0000000+00:00,2026-05-21T23:55:00.0000000+00:00,288,148,128,12,20,1,2026-05-21T00:00:00.0000000+00:00,23,2026-05-21T19:55:00.0000000+00:00,22
SOL,SOLUSDT,2026-05-22,2026-05-22T00:00:00.0000000+00:00,2026-05-22T23:55:00.0000000+00:00,288,132,146,10,-14,-18,2026-05-22T23:25:00.0000000+00:00,1,2026-05-22T12:55:00.0000000+00:00,19
SOL,SOLUSDT,2026-05-23,2026-05-23T00:00:00.0000000+00:00,2026-05-23T23:55:00.0000000+00:00,288,144,128,16,16,-2,2026-05-23T09:55:00.0000000+00:00,26,2026-05-23T22:00:00.0000000+00:00,28
SOL,SOLUSDT,2026-05-24,2026-05-24T00:00:00.0000000+00:00,2026-05-24T23:55:00.0000000+00:00,288,132,142,14,-10,-11,2026-05-24T20:35:00.0000000+00:00,8,2026-05-24T03:00:00.0000000+00:00,19
SOL,SOLUSDT,2026-05-25,2026-05-25T00:00:00.0000000+00:00,2026-05-25T23:55:00.0000000+00:00,288,136,138,14,-2,-6,2026-05-25T03:30:00.0000000+00:00,10,2026-05-25T05:30:00.0000000+00:00,16
SOL,SOLUSDT,2026-05-26,2026-05-26T00:00:00.0000000+00:00,2026-05-26T23:55:00.0000000+00:00,288,132,146,10,-14,-17,2026-05-26T17:30:00.0000000+00:00,-1,2026-05-26T00:00:00.0000000+00:00,16
SOL,SOLUSDT,2026-05-27,2026-05-27T00:00:00.0000000+00:00,2026-05-27T23:55:00.0000000+00:00,288,146,131,11,15,0,2026-05-27T00:15:00.0000000+00:00,27,2026-05-27T19:10:00.0000000+00:00,27
SOL,SOLUSDT,2026-05-28,2026-05-28T00:00:00.0000000+00:00,2026-05-28T23:55:00.0000000+00:00,288,132,145,11,-13,-16,2026-05-28T12:20:00.0000000+00:00,4,2026-05-28T00:55:00.0000000+00:00,20
SOL,SOLUSDT,2026-05-29,2026-05-29T00:00:00.0000000+00:00,2026-05-29T23:55:00.0000000+00:00,288,143,131,14,12,-3,2026-05-29T02:25:00.0000000+00:00,19,2026-05-29T17:20:00.0000000+00:00,22
SOL,SOLUSDT,2026-05-30,2026-05-30T00:00:00.0000000+00:00,2026-05-30T23:55:00.0000000+00:00,288,142,123,23,19,-3,2026-05-30T04:30:00.0000000+00:00,19,2026-05-30T23:55:00.0000000+00:00,22
SOL,SOLUSDT,2026-05-31,2026-05-31T00:00:00.0000000+00:00,2026-05-31T23:55:00.0000000+00:00,288,151,122,15,29,-1,2026-05-31T00:00:00.0000000+00:00,29,2026-05-31T23:00:00.0000000+00:00,30
SOL,SOLUSDT,2026-06-01,2026-06-01T00:00:00.0000000+00:00,2026-06-01T23:55:00.0000000+00:00,288,138,142,8,-4,-13,2026-06-01T13:50:00.0000000+00:00,5,2026-06-01T05:45:00.0000000+00:00,18
SOL,SOLUSDT,2026-06-02,2026-06-02T00:00:00.0000000+00:00,2026-06-02T23:55:00.0000000+00:00,288,122,157,9,-35,-41,2026-06-02T23:25:00.0000000+00:00,-1,2026-06-02T00:00:00.0000000+00:00,40
SOL,SOLUSDT,2026-06-03,2026-06-03T00:00:00.0000000+00:00,2026-06-03T23:55:00.0000000+00:00,288,132,149,7,-17,-17,2026-06-03T23:55:00.0000000+00:00,4,2026-06-03T10:30:00.0000000+00:00,21
SOL,SOLUSDT,2026-06-04,2026-06-04T00:00:00.0000000+00:00,2026-06-04T23:55:00.0000000+00:00,288,127,152,9,-25,-34,2026-06-04T22:30:00.0000000+00:00,6,2026-06-04T03:15:00.0000000+00:00,40
SOL,SOLUSDT,2026-06-05,2026-06-05T00:00:00.0000000+00:00,2026-06-05T23:55:00.0000000+00:00,288,135,148,5,-13,-18,2026-06-05T19:15:00.0000000+00:00,2,2026-06-05T01:55:00.0000000+00:00,20
SOL,SOLUSDT,2026-06-06,2026-06-06T00:00:00.0000000+00:00,2026-06-06T23:55:00.0000000+00:00,288,131,146,11,-15,-24,2026-06-06T16:30:00.0000000+00:00,4,2026-06-06T00:50:00.0000000+00:00,28
SOL,SOLUSDT,2026-06-07,2026-06-07T00:00:00.0000000+00:00,2026-06-07T23:55:00.0000000+00:00,288,143,137,8,6,-4,2026-06-07T00:45:00.0000000+00:00,11,2026-06-07T17:05:00.0000000+00:00,15
SOL,SOLUSDT,2026-06-08,2026-06-08T00:00:00.0000000+00:00,2026-06-08T23:55:00.0000000+00:00,288,140,138,10,2,-12,2026-06-08T05:45:00.0000000+00:00,8,2026-06-08T21:05:00.0000000+00:00,20
SOL,SOLUSDT,2026-06-09,2026-06-09T00:00:00.0000000+00:00,2026-06-09T23:55:00.0000000+00:00,288,131,145,12,-14,-14,2026-06-09T23:35:00.0000000+00:00,13,2026-06-09T12:05:00.0000000+00:00,27
SOL,SOLUSDT,2026-06-10,2026-06-10T00:00:00.0000000+00:00,2026-06-10T23:55:00.0000000+00:00,288,131,149,8,-18,-22,2026-06-10T22:15:00.0000000+00:00,4,2026-06-10T01:30:00.0000000+00:00,26
SOL,SOLUSDT,2026-06-11,2026-06-11T00:00:00.0000000+00:00,2026-06-11T23:55:00.0000000+00:00,288,143,133,12,10,-3,2026-06-11T07:05:00.0000000+00:00,12,2026-06-11T22:10:00.0000000+00:00,15
SOL,SOLUSDT,2026-06-12,2026-06-12T00:00:00.0000000+00:00,2026-06-12T23:55:00.0000000+00:00,288,145,135,8,10,-7,2026-06-12T06:40:00.0000000+00:00,10,2026-06-12T15:10:00.0000000+00:00,17
SOL,SOLUSDT,2026-06-13,2026-06-13T00:00:00.0000000+00:00,2026-06-13T23:55:00.0000000+00:00,288,148,130,10,18,-1,2026-06-13T00:00:00.0000000+00:00,22,2026-06-13T21:50:00.0000000+00:00,23
SOL,SOLUSDT,2026-06-14,2026-06-14T00:00:00.0000000+00:00,2026-06-14T23:55:00.0000000+00:00,288,137,138,13,-1,-18,2026-06-14T14:35:00.0000000+00:00,0,2026-06-14T00:05:00.0000000+00:00,18
SOL,SOLUSDT,2026-06-15,2026-06-15T00:00:00.0000000+00:00,2026-06-15T23:55:00.0000000+00:00,288,145,142,1,3,-14,2026-06-15T09:35:00.0000000+00:00,9,2026-06-15T16:30:00.0000000+00:00,23
SOL,SOLUSDT,2026-06-16,2026-06-16T00:00:00.0000000+00:00,2026-06-16T23:55:00.0000000+00:00,288,139,142,7,-3,-10,2026-06-16T02:15:00.0000000+00:00,9,2026-06-16T17:45:00.0000000+00:00,19
SOL,SOLUSDT,2026-06-17,2026-06-17T00:00:00.0000000+00:00,2026-06-17T23:55:00.0000000+00:00,288,135,139,14,-4,-8,2026-06-17T11:00:00.0000000+00:00,8,2026-06-17T06:15:00.0000000+00:00,16
SOL,SOLUSDT,2026-06-18,2026-06-18T00:00:00.0000000+00:00,2026-06-18T23:55:00.0000000+00:00,288,142,140,6,2,-10,2026-06-18T05:00:00.0000000+00:00,6,2026-06-18T01:30:00.0000000+00:00,16
SOL,SOLUSDT,2026-06-19,2026-06-19T00:00:00.0000000+00:00,2026-06-19T23:55:00.0000000+00:00,288,141,141,6,0,-12,2026-06-19T21:40:00.0000000+00:00,3,2026-06-19T02:00:00.0000000+00:00,15
SOL,SOLUSDT,2026-06-20,2026-06-20T00:00:00.0000000+00:00,2026-06-20T23:55:00.0000000+00:00,288,144,133,11,11,-2,2026-06-20T02:40:00.0000000+00:00,18,2026-06-20T22:30:00.0000000+00:00,20
SOL,SOLUSDT,2026-06-21,2026-06-21T00:00:00.0000000+00:00,2026-06-21T23:55:00.0000000+00:00,288,136,139,13,-3,-7,2026-06-21T08:35:00.0000000+00:00,7,2026-06-21T13:55:00.0000000+00:00,14
SOL,SOLUSDT,2026-06-22,2026-06-22T00:00:00.0000000+00:00,2026-06-22T23:55:00.0000000+00:00,288,123,150,15,-27,-28,2026-06-22T16:35:00.0000000+00:00,6,2026-06-22T01:45:00.0000000+00:00,34
SOL,SOLUSDT,2026-06-23,2026-06-23T00:00:00.0000000+00:00,2026-06-23T23:55:00.0000000+00:00,288,136,143,9,-7,-20,2026-06-23T19:40:00.0000000+00:00,1,2026-06-23T00:00:00.0000000+00:00,21
SOL,SOLUSDT,2026-06-24,2026-06-24T00:00:00.0000000+00:00,2026-06-24T23:55:00.0000000+00:00,288,130,152,6,-22,-26,2026-06-24T17:50:00.0000000+00:00,5,2026-06-24T01:50:00.0000000+00:00,31
SOL,SOLUSDT,2026-06-25,2026-06-25T00:00:00.0000000+00:00,2026-06-25T23:55:00.0000000+00:00,288,128,148,12,-20,-29,2026-06-25T15:10:00.0000000+00:00,7,2026-06-25T07:35:00.0000000+00:00,36
SOL,SOLUSDT,2026-06-26,2026-06-26T00:00:00.0000000+00:00,2026-06-26T23:55:00.0000000+00:00,288,152,127,9,25,-1,2026-06-26T00:00:00.0000000+00:00,27,2026-06-26T23:45:00.0000000+00:00,28
SOL,SOLUSDT,2026-06-27,2026-06-27T00:00:00.0000000+00:00,2026-06-27T23:55:00.0000000+00:00,288,133,140,15,-7,-10,2026-06-27T05:00:00.0000000+00:00,3,2026-06-27T14:40:00.0000000+00:00,13
SOL,SOLUSDT,2026-06-28,2026-06-28T00:00:00.0000000+00:00,2026-06-28T08:25:00.0000000+00:00,102,56,42,4,14,-1,2026-06-28T00:00:00.0000000+00:00,14,2026-06-28T08:25:00.0000000+00:00,15
