captured_utc,slug,start_utc,seconds_before_start,down_token,best_bid,best_ask,spread,avg_fill_price,filled_notional_usd,filled_shares,levels_used,min_order_size,tick_size,last_trade_price,error
"2026-06-21T20:26:05.0073299+00:00","eth-updown-5m-1782073800","2026-06-21T20:30:00.0000000+00:00",234.993,"6616421992774380394650108076835734627195892463760932036959274644332964219737",0.49,0.5,0.01,0.5,6.0093,12.0186,1,5,0.01,0.5,""
"2026-06-21T20:26:06.3905270+00:00","eth-updown-5m-1782073800","2026-06-21T20:30:00.0000000+00:00",233.609,"6616421992774380394650108076835734627195892463760932036959274644332964219737",0.49,0.5,0.01,0.5,6.0093,12.0186,1,5,0.01,0.5,""
"2026-06-21T20:26:07.4920472+00:00","eth-updown-5m-1782073800","2026-06-21T20:30:00.0000000+00:00",232.508,"6616421992774380394650108076835734627195892463760932036959274644332964219737",0.49,0.5,0.01,0.5,6.0093,12.0186,1,5,0.01,0.5,""
"2026-06-21T20:26:08.6000416+00:00","eth-updown-5m-1782073800","2026-06-21T20:30:00.0000000+00:00",231.4,"6616421992774380394650108076835734627195892463760932036959274644332964219737",0.49,0.5,0.01,0.5,6.0093,12.0186,1,5,0.01,0.5,""
"2026-06-21T20:26:09.6947618+00:00","eth-updown-5m-1782073800","2026-06-21T20:30:00.0000000+00:00",230.305,"6616421992774380394650108076835734627195892463760932036959274644332964219737",0.49,0.5,0.01,0.5,6.0093,12.0186,1,5,0.01,0.5,""
"2026-06-21T20:26:10.7821213+00:00","eth-updown-5m-1782073800","2026-06-21T20:30:00.0000000+00:00",229.218,"6616421992774380394650108076835734627195892463760932036959274644332964219737",0.49,0.5,0.01,0.5,6.0093,12.0186,1,5,0.01,0.5,""
"2026-06-21T20:26:11.8735213+00:00","eth-updown-5m-1782073800","2026-06-21T20:30:00.0000000+00:00",228.126,"6616421992774380394650108076835734627195892463760932036959274644332964219737",0.49,0.5,0.01,0.5,6.0093,12.0186,1,5,0.01,0.5,""
"2026-06-21T20:26:13.0237897+00:00","eth-updown-5m-1782073800","2026-06-21T20:30:00.0000000+00:00",226.976,"6616421992774380394650108076835734627195892463760932036959274644332964219737",0.49,0.5,0.01,0.5,6.0093,12.0186,1,5,0.01,0.5,""
"2026-06-21T20:26:14.1843173+00:00","eth-updown-5m-1782073800","2026-06-21T20:30:00.0000000+00:00",225.816,"6616421992774380394650108076835734627195892463760932036959274644332964219737",0.49,0.5,0.01,0.5,6.0093,12.0186,1,5,0.01,0.5,""
"2026-06-21T20:26:15.2821071+00:00","eth-updown-5m-1782073800","2026-06-21T20:30:00.0000000+00:00",224.718,"6616421992774380394650108076835734627195892463760932036959274644332964219737",0.49,0.5,0.01,0.5,6.0093,12.0186,1,5,0.01,0.5,""
"2026-06-21T20:26:16.4111158+00:00","eth-updown-5m-1782073800","2026-06-21T20:30:00.0000000+00:00",223.589,"6616421992774380394650108076835734627195892463760932036959274644332964219737",0.49,0.5,0.01,0.5,6.0093,12.0186,1,5,0.01,0.5,""
"2026-06-21T20:26:17.5267820+00:00","eth-updown-5m-1782073800","2026-06-21T20:30:00.0000000+00:00",222.473,"6616421992774380394650108076835734627195892463760932036959274644332964219737",0.49,0.5,0.01,0.5,6.0093,12.0186,1,5,0.01,0.5,""
"2026-06-21T20:26:18.6188422+00:00","eth-updown-5m-1782073800","2026-06-21T20:30:00.0000000+00:00",221.381,"6616421992774380394650108076835734627195892463760932036959274644332964219737",0.49,0.5,0.01,0.5,6.0093,12.0186,1,5,0.01,0.5,""
"2026-06-21T20:26:19.6940956+00:00","eth-updown-5m-1782073800","2026-06-21T20:30:00.0000000+00:00",220.306,"6616421992774380394650108076835734627195892463760932036959274644332964219737",0.49,0.5,0.01,0.5,6.0093,12.0186,1,5,0.01,0.5,""
"2026-06-21T20:26:20.7825925+00:00","eth-updown-5m-1782073800","2026-06-21T20:30:00.0000000+00:00",219.217,"6616421992774380394650108076835734627195892463760932036959274644332964219737",0.49,0.5,0.01,0.5,6.0093,12.0186,1,5,0.01,0.5,""
"2026-06-21T20:26:21.8759139+00:00","eth-updown-5m-1782073800","2026-06-21T20:30:00.0000000+00:00",218.124,"6616421992774380394650108076835734627195892463760932036959274644332964219737",0.49,0.5,0.01,0.5,6.0093,12.0186,1,5,0.01,0.5,""
"2026-06-21T20:26:23.0266212+00:00","eth-updown-5m-1782073800","2026-06-21T20:30:00.0000000+00:00",216.973,"6616421992774380394650108076835734627195892463760932036959274644332964219737",0.49,0.5,0.01,0.5,6.0093,12.0186,1,5,0.01,0.5,""
"2026-06-21T20:26:24.1059355+00:00","eth-updown-5m-1782073800","2026-06-21T20:30:00.0000000+00:00",215.894,"6616421992774380394650108076835734627195892463760932036959274644332964219737",0.49,0.5,0.01,0.5,6.0093,12.0186,1,5,0.01,0.5,""
"2026-06-21T20:26:25.2031021+00:00","eth-updown-5m-1782073800","2026-06-21T20:30:00.0000000+00:00",214.797,"6616421992774380394650108076835734627195892463760932036959274644332964219737",0.49,0.5,0.01,0.5,6.0093,12.0186,1,5,0.01,0.5,""
"2026-06-21T20:26:26.2817775+00:00","eth-updown-5m-1782073800","2026-06-21T20:30:00.0000000+00:00",213.718,"6616421992774380394650108076835734627195892463760932036959274644332964219737",0.49,0.5,0.01,0.5,6.0093,12.0186,1,5,0.01,0.5,""
"2026-06-21T20:26:27.3718576+00:00","eth-updown-5m-1782073800","2026-06-21T20:30:00.0000000+00:00",212.628,"6616421992774380394650108076835734627195892463760932036959274644332964219737",0.49,0.5,0.01,0.5,6.0093,12.0186,1,5,0.01,0.5,""
"2026-06-21T20:26:28.4616520+00:00","eth-updown-5m-1782073800","2026-06-21T20:30:00.0000000+00:00",211.538,"6616421992774380394650108076835734627195892463760932036959274644332964219737",0.49,0.5,0.01,0.5,6.0093,12.0186,1,5,0.01,0.5,""
"2026-06-21T20:26:29.5564479+00:00","eth-updown-5m-1782073800","2026-06-21T20:30:00.0000000+00:00",210.444,"6616421992774380394650108076835734627195892463760932036959274644332964219737",0.49,0.5,0.01,0.5,6.0093,12.0186,1,5,0.01,0.5,""
"2026-06-21T20:26:30.6567299+00:00","eth-updown-5m-1782073800","2026-06-21T20:30:00.0000000+00:00",209.343,"6616421992774380394650108076835734627195892463760932036959274644332964219737",0.49,0.5,0.01,0.5,6.0093,12.0186,1,5,0.01,0.5,""
"2026-06-21T20:26:31.7684401+00:00","eth-updown-5m-1782073800","2026-06-21T20:30:00.0000000+00:00",208.232,"6616421992774380394650108076835734627195892463760932036959274644332964219737",0.49,0.5,0.01,0.5,6.0093,12.0186,1,5,0.01,0.5,""
"2026-06-21T20:26:32.9044356+00:00","eth-updown-5m-1782073800","2026-06-21T20:30:00.0000000+00:00",207.096,"6616421992774380394650108076835734627195892463760932036959274644332964219737",0.49,0.5,0.01,0.5,6.0093,12.0186,1,5,0.01,0.5,""
"2026-06-21T20:26:33.9897957+00:00","eth-updown-5m-1782073800","2026-06-21T20:30:00.0000000+00:00",206.01,"6616421992774380394650108076835734627195892463760932036959274644332964219737",0.49,0.5,0.01,0.5,6.0093,12.0186,1,5,0.01,0.5,""
"2026-06-21T20:26:35.0963690+00:00","eth-updown-5m-1782073800","2026-06-21T20:30:00.0000000+00:00",204.904,"6616421992774380394650108076835734627195892463760932036959274644332964219737",0.49,0.5,0.01,0.5,6.0093,12.0186,1,5,0.01,0.5,""
"2026-06-21T20:26:36.1752309+00:00","eth-updown-5m-1782073800","2026-06-21T20:30:00.0000000+00:00",203.825,"6616421992774380394650108076835734627195892463760932036959274644332964219737",0.49,0.5,0.01,0.5,6.0093,12.0186,1,5,0.01,0.5,""
"2026-06-21T20:26:37.2669257+00:00","eth-updown-5m-1782073800","2026-06-21T20:30:00.0000000+00:00",202.733,"6616421992774380394650108076835734627195892463760932036959274644332964219737",0.49,0.5,0.01,0.5,6.0093,12.0186,1,5,0.01,0.5,""
"2026-06-21T20:26:38.3516028+00:00","eth-updown-5m-1782073800","2026-06-21T20:30:00.0000000+00:00",201.648,"6616421992774380394650108076835734627195892463760932036959274644332964219737",0.49,0.5,0.01,0.5,6.0093,12.0186,1,5,0.01,0.5,""
"2026-06-21T20:26:39.4558966+00:00","eth-updown-5m-1782073800","2026-06-21T20:30:00.0000000+00:00",200.544,"6616421992774380394650108076835734627195892463760932036959274644332964219737",0.49,0.5,0.01,0.5,6.0093,12.0186,1,5,0.01,0.5,""
"2026-06-21T20:26:40.5518029+00:00","eth-updown-5m-1782073800","2026-06-21T20:30:00.0000000+00:00",199.448,"6616421992774380394650108076835734627195892463760932036959274644332964219737",0.49,0.5,0.01,0.5,6.0093,12.0186,1,5,0.01,0.5,""
"2026-06-21T20:26:41.6337638+00:00","eth-updown-5m-1782073800","2026-06-21T20:30:00.0000000+00:00",198.366,"6616421992774380394650108076835734627195892463760932036959274644332964219737",0.49,0.5,0.01,0.5,6.0093,12.0186,1,5,0.01,0.5,""
"2026-06-21T20:26:42.7199461+00:00","eth-updown-5m-1782073800","2026-06-21T20:30:00.0000000+00:00",197.28,"6616421992774380394650108076835734627195892463760932036959274644332964219737",0.49,0.5,0.01,0.5,6.0093,12.0186,1,5,0.01,0.5,""
"2026-06-21T20:26:43.8041624+00:00","eth-updown-5m-1782073800","2026-06-21T20:30:00.0000000+00:00",196.196,"6616421992774380394650108076835734627195892463760932036959274644332964219737",0.49,0.5,0.01,0.5,6.0093,12.0186,1,5,0.01,0.5,""
"2026-06-21T20:26:44.8879906+00:00","eth-updown-5m-1782073800","2026-06-21T20:30:00.0000000+00:00",195.112,"6616421992774380394650108076835734627195892463760932036959274644332964219737",0.49,0.5,0.01,0.5,6.0093,12.0186,1,5,0.01,0.5,""
"2026-06-21T20:26:46.0474483+00:00","eth-updown-5m-1782073800","2026-06-21T20:30:00.0000000+00:00",193.953,"6616421992774380394650108076835734627195892463760932036959274644332964219737",0.49,0.5,0.01,0.5,6.0093,12.0186,1,5,0.01,0.5,""
"2026-06-21T20:26:47.1329398+00:00","eth-updown-5m-1782073800","2026-06-21T20:30:00.0000000+00:00",192.867,"6616421992774380394650108076835734627195892463760932036959274644332964219737",0.49,0.5,0.01,0.5,6.0093,12.0186,1,5,0.01,0.5,""
"2026-06-21T20:26:48.2223800+00:00","eth-updown-5m-1782073800","2026-06-21T20:30:00.0000000+00:00",191.778,"6616421992774380394650108076835734627195892463760932036959274644332964219737",0.49,0.5,0.01,0.5,6.0093,12.0186,1,5,0.01,0.5,""
"2026-06-21T20:26:49.3434174+00:00","eth-updown-5m-1782073800","2026-06-21T20:30:00.0000000+00:00",190.657,"6616421992774380394650108076835734627195892463760932036959274644332964219737",0.49,0.5,0.01,0.5,6.0093,12.0186,1,5,0.01,0.5,""
"2026-06-21T20:26:50.4269876+00:00","eth-updown-5m-1782073800","2026-06-21T20:30:00.0000000+00:00",189.573,"6616421992774380394650108076835734627195892463760932036959274644332964219737",0.49,0.5,0.01,0.5,6.0093,12.0186,1,5,0.01,0.5,""
"2026-06-21T20:26:51.5168191+00:00","eth-updown-5m-1782073800","2026-06-21T20:30:00.0000000+00:00",188.483,"6616421992774380394650108076835734627195892463760932036959274644332964219737",0.49,0.5,0.01,0.5,6.0093,12.0186,1,5,0.01,0.5,""
"2026-06-21T20:26:52.6226695+00:00","eth-updown-5m-1782073800","2026-06-21T20:30:00.0000000+00:00",187.377,"6616421992774380394650108076835734627195892463760932036959274644332964219737",0.49,0.5,0.01,0.5,6.0093,12.0186,1,5,0.01,0.5,""
"2026-06-21T20:26:53.7094350+00:00","eth-updown-5m-1782073800","2026-06-21T20:30:00.0000000+00:00",186.291,"6616421992774380394650108076835734627195892463760932036959274644332964219737",0.49,0.5,0.01,0.5,6.0093,12.0186,1,5,0.01,0.5,""
"2026-06-21T20:26:54.8091389+00:00","eth-updown-5m-1782073800","2026-06-21T20:30:00.0000000+00:00",185.191,"6616421992774380394650108076835734627195892463760932036959274644332964219737",0.49,0.5,0.01,0.5,6.0093,12.0186,1,5,0.01,0.5,""
"2026-06-21T20:26:55.9031545+00:00","eth-updown-5m-1782073800","2026-06-21T20:30:00.0000000+00:00",184.097,"6616421992774380394650108076835734627195892463760932036959274644332964219737",0.49,0.5,0.01,0.5,6.0093,12.0186,1,5,0.01,0.5,""
"2026-06-21T20:26:57.0064202+00:00","eth-updown-5m-1782073800","2026-06-21T20:30:00.0000000+00:00",182.994,"6616421992774380394650108076835734627195892463760932036959274644332964219737",0.49,0.5,0.01,0.5,6.0093,12.0186,1,5,0.01,0.5,""
"2026-06-21T20:26:58.1583555+00:00","eth-updown-5m-1782073800","2026-06-21T20:30:00.0000000+00:00",181.842,"6616421992774380394650108076835734627195892463760932036959274644332964219737",0.49,0.5,0.01,0.5,6.0093,12.0186,1,5,0.01,0.5,""
"2026-06-21T20:26:59.2856253+00:00","eth-updown-5m-1782073800","2026-06-21T20:30:00.0000000+00:00",180.714,"6616421992774380394650108076835734627195892463760932036959274644332964219737",0.49,0.5,0.01,0.5,6.0093,12.0186,1,5,0.01,0.5,""
"2026-06-21T20:27:00.4077518+00:00","eth-updown-5m-1782073800","2026-06-21T20:30:00.0000000+00:00",179.592,"6616421992774380394650108076835734627195892463760932036959274644332964219737",0.49,0.5,0.01,0.5,6.0093,12.0186,1,5,0.01,0.5,""
"2026-06-21T20:27:01.5297282+00:00","eth-updown-5m-1782073800","2026-06-21T20:30:00.0000000+00:00",178.47,"6616421992774380394650108076835734627195892463760932036959274644332964219737",0.49,0.5,0.01,0.5,6.0093,12.0186,1,5,0.01,0.5,""
"2026-06-21T20:27:02.6672380+00:00","eth-updown-5m-1782073800","2026-06-21T20:30:00.0000000+00:00",177.333,"6616421992774380394650108076835734627195892463760932036959274644332964219737",0.49,0.5,0.01,0.5,6.0093,12.0186,1,5,0.01,0.5,""
"2026-06-21T20:27:03.7591533+00:00","eth-updown-5m-1782073800","2026-06-21T20:30:00.0000000+00:00",176.241,"6616421992774380394650108076835734627195892463760932036959274644332964219737",0.49,0.5,0.01,0.5,6.0093,12.0186,1,5,0.01,0.5,""
"2026-06-21T20:27:04.8724508+00:00","eth-updown-5m-1782073800","2026-06-21T20:30:00.0000000+00:00",175.128,"6616421992774380394650108076835734627195892463760932036959274644332964219737",0.49,0.5,0.01,0.5,6.0093,12.0186,1,5,0.01,0.5,""
"2026-06-21T20:27:05.9812207+00:00","eth-updown-5m-1782073800","2026-06-21T20:30:00.0000000+00:00",174.019,"6616421992774380394650108076835734627195892463760932036959274644332964219737",0.49,0.5,0.01,0.5,6.0093,12.0186,1,5,0.01,0.5,""
"2026-06-21T20:27:07.0975914+00:00","eth-updown-5m-1782073800","2026-06-21T20:30:00.0000000+00:00",172.902,"6616421992774380394650108076835734627195892463760932036959274644332964219737",0.49,0.5,0.01,0.5,6.0093,12.0186,1,5,0.01,0.5,""
"2026-06-21T20:27:08.2028515+00:00","eth-updown-5m-1782073800","2026-06-21T20:30:00.0000000+00:00",171.797,"6616421992774380394650108076835734627195892463760932036959274644332964219737",0.49,0.5,0.01,0.5,6.0093,12.0186,1,5,0.01,0.5,""
"2026-06-21T20:27:09.3687492+00:00","eth-updown-5m-1782073800","2026-06-21T20:30:00.0000000+00:00",170.631,"6616421992774380394650108076835734627195892463760932036959274644332964219737",0.49,0.5,0.01,0.5,6.0093,12.0186,1,5,0.01,0.5,""
"2026-06-21T20:27:10.5028631+00:00","eth-updown-5m-1782073800","2026-06-21T20:30:00.0000000+00:00",169.497,"6616421992774380394650108076835734627195892463760932036959274644332964219737",0.49,0.5,0.01,0.5,6.0093,12.0186,1,5,0.01,0.5,""
"2026-06-21T20:27:11.6276451+00:00","eth-updown-5m-1782073800","2026-06-21T20:30:00.0000000+00:00",168.372,"6616421992774380394650108076835734627195892463760932036959274644332964219737",0.49,0.5,0.01,0.5,6.0093,12.0186,1,5,0.01,0.5,""
"2026-06-21T20:27:12.7631180+00:00","eth-updown-5m-1782073800","2026-06-21T20:30:00.0000000+00:00",167.237,"6616421992774380394650108076835734627195892463760932036959274644332964219737",0.49,0.5,0.01,0.5,6.0093,12.0186,1,5,0.01,0.5,""
"2026-06-21T20:27:13.8619594+00:00","eth-updown-5m-1782073800","2026-06-21T20:30:00.0000000+00:00",166.138,"6616421992774380394650108076835734627195892463760932036959274644332964219737",0.49,0.5,0.01,0.5,6.0093,12.0186,1,5,0.01,0.5,""
"2026-06-21T20:27:14.9873584+00:00","eth-updown-5m-1782073800","2026-06-21T20:30:00.0000000+00:00",165.013,"6616421992774380394650108076835734627195892463760932036959274644332964219737",0.49,0.5,0.01,0.5,6.0093,12.0186,1,5,0.01,0.5,""
"2026-06-21T20:27:16.0958714+00:00","eth-updown-5m-1782073800","2026-06-21T20:30:00.0000000+00:00",163.904,"6616421992774380394650108076835734627195892463760932036959274644332964219737",0.49,0.5,0.01,0.5,6.0093,12.0186,1,5,0.01,0.5,""
"2026-06-21T20:27:17.1850302+00:00","eth-updown-5m-1782073800","2026-06-21T20:30:00.0000000+00:00",162.815,"6616421992774380394650108076835734627195892463760932036959274644332964219737",0.49,0.5,0.01,0.5,6.0093,12.0186,1,5,0.01,0.5,""
"2026-06-21T20:27:18.2889358+00:00","eth-updown-5m-1782073800","2026-06-21T20:30:00.0000000+00:00",161.711,"6616421992774380394650108076835734627195892463760932036959274644332964219737",0.49,0.5,0.01,0.5,6.0093,12.0186,1,5,0.01,0.5,""
"2026-06-21T20:27:19.3677628+00:00","eth-updown-5m-1782073800","2026-06-21T20:30:00.0000000+00:00",160.632,"6616421992774380394650108076835734627195892463760932036959274644332964219737",0.49,0.5,0.01,0.5,6.0093,12.0186,1,5,0.01,0.5,""
"2026-06-21T20:27:20.4738262+00:00","eth-updown-5m-1782073800","2026-06-21T20:30:00.0000000+00:00",159.526,"6616421992774380394650108076835734627195892463760932036959274644332964219737",0.49,0.5,0.01,0.5,6.0093,12.0186,1,5,0.01,0.5,""
"2026-06-21T20:27:21.5617197+00:00","eth-updown-5m-1782073800","2026-06-21T20:30:00.0000000+00:00",158.438,"6616421992774380394650108076835734627195892463760932036959274644332964219737",0.49,0.5,0.01,0.5,6.0093,12.0186,1,5,0.01,0.5,""
"2026-06-21T20:27:22.6687535+00:00","eth-updown-5m-1782073800","2026-06-21T20:30:00.0000000+00:00",157.331,"6616421992774380394650108076835734627195892463760932036959274644332964219737",0.49,0.5,0.01,0.5,6.0093,12.0186,1,5,0.01,0.5,""
"2026-06-21T20:27:23.7902290+00:00","eth-updown-5m-1782073800","2026-06-21T20:30:00.0000000+00:00",156.21,"6616421992774380394650108076835734627195892463760932036959274644332964219737",0.49,0.5,0.01,0.5,6.0093,12.0186,1,5,0.01,0.5,""
"2026-06-21T20:27:24.8821747+00:00","eth-updown-5m-1782073800","2026-06-21T20:30:00.0000000+00:00",155.118,"6616421992774380394650108076835734627195892463760932036959274644332964219737",0.49,0.5,0.01,0.5,6.0093,12.0186,1,5,0.01,0.5,""
"2026-06-21T20:27:26.0010281+00:00","eth-updown-5m-1782073800","2026-06-21T20:30:00.0000000+00:00",153.999,"6616421992774380394650108076835734627195892463760932036959274644332964219737",0.49,0.5,0.01,0.5,6.0093,12.0186,1,5,0.01,0.5,""
"2026-06-21T20:27:27.1080842+00:00","eth-updown-5m-1782073800","2026-06-21T20:30:00.0000000+00:00",152.892,"6616421992774380394650108076835734627195892463760932036959274644332964219737",0.49,0.5,0.01,0.5,6.0093,12.0186,1,5,0.01,0.5,""
"2026-06-21T20:27:28.2154216+00:00","eth-updown-5m-1782073800","2026-06-21T20:30:00.0000000+00:00",151.785,"6616421992774380394650108076835734627195892463760932036959274644332964219737",0.49,0.5,0.01,0.5,6.0093,12.0186,1,5,0.01,0.5,""
"2026-06-21T20:27:29.3047315+00:00","eth-updown-5m-1782073800","2026-06-21T20:30:00.0000000+00:00",150.695,"6616421992774380394650108076835734627195892463760932036959274644332964219737",0.49,0.5,0.01,0.5,6.0093,12.0186,1,5,0.01,0.5,""
"2026-06-21T20:27:30.3922509+00:00","eth-updown-5m-1782073800","2026-06-21T20:30:00.0000000+00:00",149.608,"6616421992774380394650108076835734627195892463760932036959274644332964219737",0.49,0.5,0.01,0.5,6.0093,12.0186,1,5,0.01,0.5,""
"2026-06-21T20:27:31.4834845+00:00","eth-updown-5m-1782073800","2026-06-21T20:30:00.0000000+00:00",148.517,"6616421992774380394650108076835734627195892463760932036959274644332964219737",0.49,0.5,0.01,0.5,6.0093,12.0186,1,5,0.01,0.5,""
"2026-06-21T20:27:32.5879950+00:00","eth-updown-5m-1782073800","2026-06-21T20:30:00.0000000+00:00",147.412,"6616421992774380394650108076835734627195892463760932036959274644332964219737",0.49,0.5,0.01,0.5,6.0093,12.0186,1,5,0.01,0.5,""
"2026-06-21T20:27:33.7007545+00:00","eth-updown-5m-1782073800","2026-06-21T20:30:00.0000000+00:00",146.299,"6616421992774380394650108076835734627195892463760932036959274644332964219737",0.49,0.5,0.01,0.5,6.0093,12.0186,1,5,0.01,0.5,""
"2026-06-21T20:27:34.7768386+00:00","eth-updown-5m-1782073800","2026-06-21T20:30:00.0000000+00:00",145.223,"6616421992774380394650108076835734627195892463760932036959274644332964219737",0.49,0.5,0.01,0.5,6.0093,12.0186,1,5,0.01,0.5,""
"2026-06-21T20:27:35.8662829+00:00","eth-updown-5m-1782073800","2026-06-21T20:30:00.0000000+00:00",144.134,"6616421992774380394650108076835734627195892463760932036959274644332964219737",0.49,0.5,0.01,0.5,6.0093,12.0186,1,5,0.01,0.5,""
"2026-06-21T20:27:36.9511364+00:00","eth-updown-5m-1782073800","2026-06-21T20:30:00.0000000+00:00",143.049,"6616421992774380394650108076835734627195892463760932036959274644332964219737",0.49,0.5,0.01,0.5,6.0093,12.0186,1,5,0.01,0.5,""
"2026-06-21T20:27:38.0420667+00:00","eth-updown-5m-1782073800","2026-06-21T20:30:00.0000000+00:00",141.958,"6616421992774380394650108076835734627195892463760932036959274644332964219737",0.49,0.5,0.01,0.5,6.0093,12.0186,1,5,0.01,0.5,""
"2026-06-21T20:27:39.1503422+00:00","eth-updown-5m-1782073800","2026-06-21T20:30:00.0000000+00:00",140.85,"6616421992774380394650108076835734627195892463760932036959274644332964219737",0.49,0.5,0.01,0.5,6.0093,12.0186,1,5,0.01,0.5,""
"2026-06-21T20:27:40.2404807+00:00","eth-updown-5m-1782073800","2026-06-21T20:30:00.0000000+00:00",139.76,"6616421992774380394650108076835734627195892463760932036959274644332964219737",0.49,0.5,0.01,0.5,6.0093,12.0186,1,5,0.01,0.5,""
"2026-06-21T20:27:41.3303770+00:00","eth-updown-5m-1782073800","2026-06-21T20:30:00.0000000+00:00",138.67,"6616421992774380394650108076835734627195892463760932036959274644332964219737",0.49,0.5,0.01,0.5,6.0093,12.0186,1,5,0.01,0.5,""
"2026-06-21T20:27:42.4264859+00:00","eth-updown-5m-1782073800","2026-06-21T20:30:00.0000000+00:00",137.574,"6616421992774380394650108076835734627195892463760932036959274644332964219737",0.49,0.5,0.01,0.5,6.0093,12.0186,1,5,0.01,0.5,""
"2026-06-21T20:27:43.5171523+00:00","eth-updown-5m-1782073800","2026-06-21T20:30:00.0000000+00:00",136.483,"6616421992774380394650108076835734627195892463760932036959274644332964219737",0.49,0.5,0.01,0.5,6.0093,12.0186,1,5,0.01,0.5,""
"2026-06-21T20:27:44.5923135+00:00","eth-updown-5m-1782073800","2026-06-21T20:30:00.0000000+00:00",135.408,"6616421992774380394650108076835734627195892463760932036959274644332964219737",0.49,0.5,0.01,0.5,6.0093,12.0186,1,5,0.01,0.5,""
"2026-06-21T20:27:45.6652805+00:00","eth-updown-5m-1782073800","2026-06-21T20:30:00.0000000+00:00",134.335,"6616421992774380394650108076835734627195892463760932036959274644332964219737",0.49,0.5,0.01,0.5,6.0093,12.0186,1,5,0.01,0.5,""
"2026-06-21T20:27:46.7601373+00:00","eth-updown-5m-1782073800","2026-06-21T20:30:00.0000000+00:00",133.24,"6616421992774380394650108076835734627195892463760932036959274644332964219737",0.49,0.5,0.01,0.5,6.0093,12.0186,1,5,0.01,0.5,""
"2026-06-21T20:27:47.9134115+00:00","eth-updown-5m-1782073800","2026-06-21T20:30:00.0000000+00:00",132.087,"6616421992774380394650108076835734627195892463760932036959274644332964219737",0.49,0.5,0.01,0.5,6.0093,12.0186,1,5,0.01,0.5,""
"2026-06-21T20:27:48.9905047+00:00","eth-updown-5m-1782073800","2026-06-21T20:30:00.0000000+00:00",131.009,"6616421992774380394650108076835734627195892463760932036959274644332964219737",0.49,0.5,0.01,0.5,6.0093,12.0186,1,5,0.01,0.5,""
"2026-06-21T20:27:50.0811442+00:00","eth-updown-5m-1782073800","2026-06-21T20:30:00.0000000+00:00",129.919,"6616421992774380394650108076835734627195892463760932036959274644332964219737",0.49,0.5,0.01,0.5,6.0093,12.0186,1,5,0.01,0.5,""
"2026-06-21T20:27:51.1715517+00:00","eth-updown-5m-1782073800","2026-06-21T20:30:00.0000000+00:00",128.828,"6616421992774380394650108076835734627195892463760932036959274644332964219737",0.49,0.5,0.01,0.5,6.0093,12.0186,1,5,0.01,0.5,""
"2026-06-21T20:27:52.2523906+00:00","eth-updown-5m-1782073800","2026-06-21T20:30:00.0000000+00:00",127.748,"6616421992774380394650108076835734627195892463760932036959274644332964219737",0.49,0.5,0.01,0.5,6.0093,12.0186,1,5,0.01,0.5,""
"2026-06-21T20:27:53.3398290+00:00","eth-updown-5m-1782073800","2026-06-21T20:30:00.0000000+00:00",126.66,"6616421992774380394650108076835734627195892463760932036959274644332964219737",0.49,0.5,0.01,0.5,6.0093,12.0186,1,5,0.01,0.5,""
"2026-06-21T20:27:54.4411905+00:00","eth-updown-5m-1782073800","2026-06-21T20:30:00.0000000+00:00",125.559,"6616421992774380394650108076835734627195892463760932036959274644332964219737",0.49,0.5,0.01,0.5,6.0093,12.0186,1,5,0.01,0.5,""
"2026-06-21T20:27:55.5673807+00:00","eth-updown-5m-1782073800","2026-06-21T20:30:00.0000000+00:00",124.433,"6616421992774380394650108076835734627195892463760932036959274644332964219737",0.49,0.5,0.01,0.5,6.0093,12.0186,1,5,0.01,0.5,""
"2026-06-21T20:27:56.6636931+00:00","eth-updown-5m-1782073800","2026-06-21T20:30:00.0000000+00:00",123.336,"6616421992774380394650108076835734627195892463760932036959274644332964219737",0.49,0.5,0.01,0.5,6.0093,12.0186,1,5,0.01,0.5,""
"2026-06-21T20:27:57.7668209+00:00","eth-updown-5m-1782073800","2026-06-21T20:30:00.0000000+00:00",122.233,"6616421992774380394650108076835734627195892463760932036959274644332964219737",0.49,0.5,0.01,0.5,6.0093,12.0186,1,5,0.01,0.5,""
"2026-06-21T20:27:58.8905338+00:00","eth-updown-5m-1782073800","2026-06-21T20:30:00.0000000+00:00",121.109,"6616421992774380394650108076835734627195892463760932036959274644332964219737",0.49,0.5,0.01,0.5,6.0093,12.0186,1,5,0.01,0.5,""
"2026-06-21T20:27:59.9826467+00:00","eth-updown-5m-1782073800","2026-06-21T20:30:00.0000000+00:00",120.017,"6616421992774380394650108076835734627195892463760932036959274644332964219737",0.49,0.5,0.01,0.5,6.0093,12.0186,1,5,0.01,0.5,""
"2026-06-21T20:28:01.0579750+00:00","eth-updown-5m-1782073800","2026-06-21T20:30:00.0000000+00:00",118.942,"6616421992774380394650108076835734627195892463760932036959274644332964219737",0.49,0.5,0.01,0.5,6.0093,12.0186,1,5,0.01,0.5,""
"2026-06-21T20:28:01.0579750+00:00","eth-updown-5m-1782074100","2026-06-21T20:35:00.0000000+00:00",418.942,"88738116692435763924330477192773656026884696162201911852149046170874967542919",0.49,0.5,0.01,0.50076682,6.0093,12.00019608,2,5,0.01,0.5,""
"2026-06-21T20:28:02.3622020+00:00","eth-updown-5m-1782073800","2026-06-21T20:30:00.0000000+00:00",117.638,"6616421992774380394650108076835734627195892463760932036959274644332964219737",0.49,0.5,0.01,0.5,6.0093,12.0186,1,5,0.01,0.5,""
"2026-06-21T20:28:02.3622020+00:00","eth-updown-5m-1782074100","2026-06-21T20:35:00.0000000+00:00",417.638,"88738116692435763924330477192773656026884696162201911852149046170874967542919",0.49,0.5,0.01,0.50076682,6.0093,12.00019608,2,5,0.01,0.5,""
"2026-06-21T20:28:03.5413268+00:00","eth-updown-5m-1782073800","2026-06-21T20:30:00.0000000+00:00",116.459,"6616421992774380394650108076835734627195892463760932036959274644332964219737",0.49,0.5,0.01,0.5,6.0093,12.0186,1,5,0.01,0.5,""
"2026-06-21T20:28:03.5413268+00:00","eth-updown-5m-1782074100","2026-06-21T20:35:00.0000000+00:00",416.459,"88738116692435763924330477192773656026884696162201911852149046170874967542919",0.49,0.5,0.01,0.50076682,6.0093,12.00019608,2,5,0.01,0.5,""
"2026-06-21T20:28:04.7033638+00:00","eth-updown-5m-1782073800","2026-06-21T20:30:00.0000000+00:00",115.297,"6616421992774380394650108076835734627195892463760932036959274644332964219737",0.49,0.5,0.01,0.5,6.0093,12.0186,1,5,0.01,0.5,""
"2026-06-21T20:28:04.7033638+00:00","eth-updown-5m-1782074100","2026-06-21T20:35:00.0000000+00:00",415.297,"88738116692435763924330477192773656026884696162201911852149046170874967542919",0.49,0.5,0.01,0.50076682,6.0093,12.00019608,2,5,0.01,0.5,""
"2026-06-21T20:28:05.8749112+00:00","eth-updown-5m-1782073800","2026-06-21T20:30:00.0000000+00:00",114.125,"6616421992774380394650108076835734627195892463760932036959274644332964219737",0.49,0.5,0.01,0.5,6.0093,12.0186,1,5,0.01,0.5,""
"2026-06-21T20:28:05.8749112+00:00","eth-updown-5m-1782074100","2026-06-21T20:35:00.0000000+00:00",414.125,"88738116692435763924330477192773656026884696162201911852149046170874967542919",0.49,0.5,0.01,0.50076682,6.0093,12.00019608,2,5,0.01,0.5,""
"2026-06-21T20:28:07.0442648+00:00","eth-updown-5m-1782073800","2026-06-21T20:30:00.0000000+00:00",112.956,"6616421992774380394650108076835734627195892463760932036959274644332964219737",0.49,0.5,0.01,0.5,6.0093,12.0186,1,5,0.01,0.5,""
"2026-06-21T20:28:07.0442648+00:00","eth-updown-5m-1782074100","2026-06-21T20:35:00.0000000+00:00",412.956,"88738116692435763924330477192773656026884696162201911852149046170874967542919",0.49,0.5,0.01,0.50076682,6.0093,12.00019608,2,5,0.01,0.5,""
"2026-06-21T20:28:08.2001023+00:00","eth-updown-5m-1782073800","2026-06-21T20:30:00.0000000+00:00",111.8,"6616421992774380394650108076835734627195892463760932036959274644332964219737",0.49,0.5,0.01,0.5,6.0093,12.0186,1,5,0.01,0.5,""
"2026-06-21T20:28:08.2001023+00:00","eth-updown-5m-1782074100","2026-06-21T20:35:00.0000000+00:00",411.8,"88738116692435763924330477192773656026884696162201911852149046170874967542919",0.49,0.5,0.01,0.50076682,6.0093,12.00019608,2,5,0.01,0.5,""
"2026-06-21T20:28:09.3553268+00:00","eth-updown-5m-1782073800","2026-06-21T20:30:00.0000000+00:00",110.645,"6616421992774380394650108076835734627195892463760932036959274644332964219737",0.49,0.5,0.01,0.5,6.0093,12.0186,1,5,0.01,0.5,""
"2026-06-21T20:28:09.3553268+00:00","eth-updown-5m-1782074100","2026-06-21T20:35:00.0000000+00:00",410.645,"88738116692435763924330477192773656026884696162201911852149046170874967542919",0.49,0.5,0.01,0.50076682,6.0093,12.00019608,2,5,0.01,0.5,""
"2026-06-21T20:28:10.5358233+00:00","eth-updown-5m-1782073800","2026-06-21T20:30:00.0000000+00:00",109.464,"6616421992774380394650108076835734627195892463760932036959274644332964219737",0.49,0.5,0.01,0.5,6.0093,12.0186,1,5,0.01,0.5,""
"2026-06-21T20:28:10.5358233+00:00","eth-updown-5m-1782074100","2026-06-21T20:35:00.0000000+00:00",409.464,"88738116692435763924330477192773656026884696162201911852149046170874967542919",0.49,0.5,0.01,0.50076682,6.0093,12.00019608,2,5,0.01,0.5,""
"2026-06-21T20:28:11.6828109+00:00","eth-updown-5m-1782073800","2026-06-21T20:30:00.0000000+00:00",108.317,"6616421992774380394650108076835734627195892463760932036959274644332964219737",0.49,0.5,0.01,0.5,6.0093,12.0186,1,5,0.01,0.5,""
"2026-06-21T20:28:11.6828109+00:00","eth-updown-5m-1782074100","2026-06-21T20:35:00.0000000+00:00",408.317,"88738116692435763924330477192773656026884696162201911852149046170874967542919",0.49,0.5,0.01,0.50076682,6.0093,12.00019608,2,5,0.01,0.5,""
"2026-06-21T20:28:12.8362011+00:00","eth-updown-5m-1782073800","2026-06-21T20:30:00.0000000+00:00",107.164,"6616421992774380394650108076835734627195892463760932036959274644332964219737",0.49,0.5,0.01,0.5,6.0093,12.0186,1,5,0.01,0.5,""
"2026-06-21T20:28:12.8362011+00:00","eth-updown-5m-1782074100","2026-06-21T20:35:00.0000000+00:00",407.164,"88738116692435763924330477192773656026884696162201911852149046170874967542919",0.49,0.5,0.01,0.50076682,6.0093,12.00019608,2,5,0.01,0.5,""
"2026-06-21T20:28:14.0151760+00:00","eth-updown-5m-1782073800","2026-06-21T20:30:00.0000000+00:00",105.985,"6616421992774380394650108076835734627195892463760932036959274644332964219737",0.49,0.5,0.01,0.5,6.0093,12.0186,1,5,0.01,0.5,""
"2026-06-21T20:28:14.0151760+00:00","eth-updown-5m-1782074100","2026-06-21T20:35:00.0000000+00:00",405.985,"88738116692435763924330477192773656026884696162201911852149046170874967542919",0.49,0.5,0.01,0.50076682,6.0093,12.00019608,2,5,0.01,0.5,""
"2026-06-21T20:28:15.2323342+00:00","eth-updown-5m-1782073800","2026-06-21T20:30:00.0000000+00:00",104.768,"6616421992774380394650108076835734627195892463760932036959274644332964219737",0.49,0.5,0.01,0.5,6.0093,12.0186,1,5,0.01,0.5,""
"2026-06-21T20:28:15.2323342+00:00","eth-updown-5m-1782074100","2026-06-21T20:35:00.0000000+00:00",404.768,"88738116692435763924330477192773656026884696162201911852149046170874967542919",0.49,0.5,0.01,0.50076682,6.0093,12.00019608,2,5,0.01,0.5,""
"2026-06-21T20:28:16.3870235+00:00","eth-updown-5m-1782073800","2026-06-21T20:30:00.0000000+00:00",103.613,"6616421992774380394650108076835734627195892463760932036959274644332964219737",0.49,0.5,0.01,0.5,6.0093,12.0186,1,5,0.01,0.5,""
"2026-06-21T20:28:16.3870235+00:00","eth-updown-5m-1782074100","2026-06-21T20:35:00.0000000+00:00",403.613,"88738116692435763924330477192773656026884696162201911852149046170874967542919",0.49,0.5,0.01,0.50076682,6.0093,12.00019608,2,5,0.01,0.5,""
"2026-06-21T20:28:17.5453246+00:00","eth-updown-5m-1782073800","2026-06-21T20:30:00.0000000+00:00",102.455,"6616421992774380394650108076835734627195892463760932036959274644332964219737",0.49,0.5,0.01,0.5,6.0093,12.0186,1,5,0.01,0.5,""
"2026-06-21T20:28:17.5453246+00:00","eth-updown-5m-1782074100","2026-06-21T20:35:00.0000000+00:00",402.455,"88738116692435763924330477192773656026884696162201911852149046170874967542919",0.49,0.5,0.01,0.50076682,6.0093,12.00019608,2,5,0.01,0.5,""
"2026-06-21T20:28:18.7042702+00:00","eth-updown-5m-1782073800","2026-06-21T20:30:00.0000000+00:00",101.296,"6616421992774380394650108076835734627195892463760932036959274644332964219737",0.49,0.5,0.01,0.5,6.0093,12.0186,1,5,0.01,0.5,""
"2026-06-21T20:28:18.7042702+00:00","eth-updown-5m-1782074100","2026-06-21T20:35:00.0000000+00:00",401.296,"88738116692435763924330477192773656026884696162201911852149046170874967542919",0.49,0.5,0.01,0.50076682,6.0093,12.00019608,2,5,0.01,0.5,""
"2026-06-21T20:28:19.8758195+00:00","eth-updown-5m-1782073800","2026-06-21T20:30:00.0000000+00:00",100.124,"6616421992774380394650108076835734627195892463760932036959274644332964219737",0.49,0.5,0.01,0.5,6.0093,12.0186,1,5,0.01,0.5,""
"2026-06-21T20:28:19.8758195+00:00","eth-updown-5m-1782074100","2026-06-21T20:35:00.0000000+00:00",400.124,"88738116692435763924330477192773656026884696162201911852149046170874967542919",0.49,0.5,0.01,0.50076682,6.0093,12.00019608,2,5,0.01,0.5,""
"2026-06-21T20:28:21.0219880+00:00","eth-updown-5m-1782073800","2026-06-21T20:30:00.0000000+00:00",98.978,"6616421992774380394650108076835734627195892463760932036959274644332964219737",0.49,0.5,0.01,0.5,6.0093,12.0186,1,5,0.01,0.5,""
"2026-06-21T20:28:21.0219880+00:00","eth-updown-5m-1782074100","2026-06-21T20:35:00.0000000+00:00",398.978,"88738116692435763924330477192773656026884696162201911852149046170874967542919",0.49,0.5,0.01,0.50076682,6.0093,12.00019608,2,5,0.01,0.5,""
"2026-06-21T20:28:22.1662247+00:00","eth-updown-5m-1782073800","2026-06-21T20:30:00.0000000+00:00",97.834,"6616421992774380394650108076835734627195892463760932036959274644332964219737",0.49,0.5,0.01,0.5,6.0093,12.0186,1,5,0.01,0.5,""
"2026-06-21T20:28:22.1662247+00:00","eth-updown-5m-1782074100","2026-06-21T20:35:00.0000000+00:00",397.834,"88738116692435763924330477192773656026884696162201911852149046170874967542919",0.49,0.5,0.01,0.50076682,6.0093,12.00019608,2,5,0.01,0.5,""
"2026-06-21T20:28:23.3337626+00:00","eth-updown-5m-1782073800","2026-06-21T20:30:00.0000000+00:00",96.666,"6616421992774380394650108076835734627195892463760932036959274644332964219737",0.49,0.5,0.01,0.5,6.0093,12.0186,1,5,0.01,0.5,""
"2026-06-21T20:28:23.3337626+00:00","eth-updown-5m-1782074100","2026-06-21T20:35:00.0000000+00:00",396.666,"88738116692435763924330477192773656026884696162201911852149046170874967542919",0.49,0.5,0.01,0.50076682,6.0093,12.00019608,2,5,0.01,0.5,""
"2026-06-21T20:28:24.4995123+00:00","eth-updown-5m-1782073800","2026-06-21T20:30:00.0000000+00:00",95.5,"6616421992774380394650108076835734627195892463760932036959274644332964219737",0.49,0.5,0.01,0.5,6.0093,12.0186,1,5,0.01,0.5,""
"2026-06-21T20:28:24.4995123+00:00","eth-updown-5m-1782074100","2026-06-21T20:35:00.0000000+00:00",395.5,"88738116692435763924330477192773656026884696162201911852149046170874967542919",0.49,0.5,0.01,0.50076682,6.0093,12.00019608,2,5,0.01,0.5,""
"2026-06-21T20:28:25.6610000+00:00","eth-updown-5m-1782073800","2026-06-21T20:30:00.0000000+00:00",94.339,"6616421992774380394650108076835734627195892463760932036959274644332964219737",0.49,0.5,0.01,0.5,6.0093,12.0186,1,5,0.01,0.5,""
"2026-06-21T20:28:25.6610000+00:00","eth-updown-5m-1782074100","2026-06-21T20:35:00.0000000+00:00",394.339,"88738116692435763924330477192773656026884696162201911852149046170874967542919",0.49,0.5,0.01,0.50076682,6.0093,12.00019608,2,5,0.01,0.5,""
"2026-06-21T20:28:26.8318213+00:00","eth-updown-5m-1782073800","2026-06-21T20:30:00.0000000+00:00",93.168,"6616421992774380394650108076835734627195892463760932036959274644332964219737",0.49,0.5,0.01,0.5,6.0093,12.0186,1,5,0.01,0.5,""
"2026-06-21T20:28:26.8318213+00:00","eth-updown-5m-1782074100","2026-06-21T20:35:00.0000000+00:00",393.168,"88738116692435763924330477192773656026884696162201911852149046170874967542919",0.49,0.5,0.01,0.50076682,6.0093,12.00019608,2,5,0.01,0.5,""
"2026-06-21T20:28:28.0129927+00:00","eth-updown-5m-1782073800","2026-06-21T20:30:00.0000000+00:00",91.987,"6616421992774380394650108076835734627195892463760932036959274644332964219737",0.49,0.5,0.01,0.5,6.0093,12.0186,1,5,0.01,0.5,""
"2026-06-21T20:28:28.0129927+00:00","eth-updown-5m-1782074100","2026-06-21T20:35:00.0000000+00:00",391.987,"88738116692435763924330477192773656026884696162201911852149046170874967542919",0.49,0.5,0.01,0.50076682,6.0093,12.00019608,2,5,0.01,0.5,""
"2026-06-21T20:28:29.2974934+00:00","eth-updown-5m-1782073800","2026-06-21T20:30:00.0000000+00:00",90.703,"6616421992774380394650108076835734627195892463760932036959274644332964219737",0.49,0.5,0.01,0.5,6.0093,12.0186,1,5,0.01,0.5,""
"2026-06-21T20:28:29.2974934+00:00","eth-updown-5m-1782074100","2026-06-21T20:35:00.0000000+00:00",390.703,"88738116692435763924330477192773656026884696162201911852149046170874967542919",0.49,0.5,0.01,0.50076682,6.0093,12.00019608,2,5,0.01,0.5,""
"2026-06-21T20:28:30.4598746+00:00","eth-updown-5m-1782073800","2026-06-21T20:30:00.0000000+00:00",89.54,"6616421992774380394650108076835734627195892463760932036959274644332964219737",0.49,0.5,0.01,0.5,6.0093,12.0186,1,5,0.01,0.5,""
"2026-06-21T20:28:30.4598746+00:00","eth-updown-5m-1782074100","2026-06-21T20:35:00.0000000+00:00",389.54,"88738116692435763924330477192773656026884696162201911852149046170874967542919",0.49,0.5,0.01,0.50076682,6.0093,12.00019608,2,5,0.01,0.5,""
"2026-06-21T20:28:31.6408484+00:00","eth-updown-5m-1782073800","2026-06-21T20:30:00.0000000+00:00",88.359,"6616421992774380394650108076835734627195892463760932036959274644332964219737",0.49,0.5,0.01,0.5,6.0093,12.0186,1,5,0.01,0.5,""
"2026-06-21T20:28:31.6408484+00:00","eth-updown-5m-1782074100","2026-06-21T20:35:00.0000000+00:00",388.359,"88738116692435763924330477192773656026884696162201911852149046170874967542919",0.49,0.5,0.01,0.50076682,6.0093,12.00019608,2,5,0.01,0.5,""
"2026-06-21T20:28:32.8181230+00:00","eth-updown-5m-1782073800","2026-06-21T20:30:00.0000000+00:00",87.182,"6616421992774380394650108076835734627195892463760932036959274644332964219737",0.49,0.5,0.01,0.5,6.0093,12.0186,1,5,0.01,0.5,""
"2026-06-21T20:28:32.8181230+00:00","eth-updown-5m-1782074100","2026-06-21T20:35:00.0000000+00:00",387.182,"88738116692435763924330477192773656026884696162201911852149046170874967542919",0.49,0.5,0.01,0.50076682,6.0093,12.00019608,2,5,0.01,0.5,""
"2026-06-21T20:28:34.1195730+00:00","eth-updown-5m-1782073800","2026-06-21T20:30:00.0000000+00:00",85.88,"6616421992774380394650108076835734627195892463760932036959274644332964219737",0.49,0.5,0.01,0.5,6.0093,12.0186,1,5,0.01,0.5,""
"2026-06-21T20:28:34.1195730+00:00","eth-updown-5m-1782074100","2026-06-21T20:35:00.0000000+00:00",385.88,"88738116692435763924330477192773656026884696162201911852149046170874967542919",0.49,0.5,0.01,0.50076682,6.0093,12.00019608,2,5,0.01,0.5,""
"2026-06-21T20:28:35.2766446+00:00","eth-updown-5m-1782073800","2026-06-21T20:30:00.0000000+00:00",84.723,"6616421992774380394650108076835734627195892463760932036959274644332964219737",0.49,0.5,0.01,0.5,6.0093,12.0186,1,5,0.01,0.5,""
"2026-06-21T20:28:35.2766446+00:00","eth-updown-5m-1782074100","2026-06-21T20:35:00.0000000+00:00",384.723,"88738116692435763924330477192773656026884696162201911852149046170874967542919",0.49,0.5,0.01,0.50076682,6.0093,12.00019608,2,5,0.01,0.5,""
"2026-06-21T20:28:36.4523745+00:00","eth-updown-5m-1782073800","2026-06-21T20:30:00.0000000+00:00",83.548,"6616421992774380394650108076835734627195892463760932036959274644332964219737",0.49,0.5,0.01,0.5,6.0093,12.0186,1,5,0.01,0.5,""
"2026-06-21T20:28:36.4523745+00:00","eth-updown-5m-1782074100","2026-06-21T20:35:00.0000000+00:00",383.548,"88738116692435763924330477192773656026884696162201911852149046170874967542919",0.49,0.5,0.01,0.50076682,6.0093,12.00019608,2,5,0.01,0.5,""
"2026-06-21T20:28:37.6171883+00:00","eth-updown-5m-1782073800","2026-06-21T20:30:00.0000000+00:00",82.383,"6616421992774380394650108076835734627195892463760932036959274644332964219737",0.49,0.5,0.01,0.5,6.0093,12.0186,1,5,0.01,0.5,""
"2026-06-21T20:28:37.6171883+00:00","eth-updown-5m-1782074100","2026-06-21T20:35:00.0000000+00:00",382.383,"88738116692435763924330477192773656026884696162201911852149046170874967542919",0.49,0.5,0.01,0.50076682,6.0093,12.00019608,2,5,0.01,0.5,""
"2026-06-21T20:28:38.8489372+00:00","eth-updown-5m-1782073800","2026-06-21T20:30:00.0000000+00:00",81.151,"6616421992774380394650108076835734627195892463760932036959274644332964219737",0.49,0.5,0.01,0.5,6.0093,12.0186,1,5,0.01,0.5,""
"2026-06-21T20:28:38.8489372+00:00","eth-updown-5m-1782074100","2026-06-21T20:35:00.0000000+00:00",381.151,"88738116692435763924330477192773656026884696162201911852149046170874967542919",0.49,0.5,0.01,0.50076682,6.0093,12.00019608,2,5,0.01,0.5,""
"2026-06-21T20:28:40.0169468+00:00","eth-updown-5m-1782073800","2026-06-21T20:30:00.0000000+00:00",79.983,"6616421992774380394650108076835734627195892463760932036959274644332964219737",0.49,0.5,0.01,0.5,6.0093,12.0186,1,5,0.01,0.5,""
"2026-06-21T20:28:40.0169468+00:00","eth-updown-5m-1782074100","2026-06-21T20:35:00.0000000+00:00",379.983,"88738116692435763924330477192773656026884696162201911852149046170874967542919",0.49,0.5,0.01,0.50076682,6.0093,12.00019608,2,5,0.01,0.5,""
"2026-06-21T20:28:41.1729607+00:00","eth-updown-5m-1782073800","2026-06-21T20:30:00.0000000+00:00",78.827,"6616421992774380394650108076835734627195892463760932036959274644332964219737",0.49,0.5,0.01,0.5,6.0093,12.0186,1,5,0.01,0.5,""
"2026-06-21T20:28:41.1729607+00:00","eth-updown-5m-1782074100","2026-06-21T20:35:00.0000000+00:00",378.827,"88738116692435763924330477192773656026884696162201911852149046170874967542919",0.49,0.5,0.01,0.50076682,6.0093,12.00019608,2,5,0.01,0.5,""
"2026-06-21T20:28:42.3393269+00:00","eth-updown-5m-1782073800","2026-06-21T20:30:00.0000000+00:00",77.661,"6616421992774380394650108076835734627195892463760932036959274644332964219737",0.49,0.5,0.01,0.5,6.0093,12.0186,1,5,0.01,0.5,""
"2026-06-21T20:28:42.3393269+00:00","eth-updown-5m-1782074100","2026-06-21T20:35:00.0000000+00:00",377.661,"88738116692435763924330477192773656026884696162201911852149046170874967542919",0.49,0.5,0.01,0.50076682,6.0093,12.00019608,2,5,0.01,0.5,""
"2026-06-21T20:28:43.5047854+00:00","eth-updown-5m-1782073800","2026-06-21T20:30:00.0000000+00:00",76.495,"6616421992774380394650108076835734627195892463760932036959274644332964219737",0.49,0.5,0.01,0.5,6.0093,12.0186,1,5,0.01,0.5,""
"2026-06-21T20:28:43.5047854+00:00","eth-updown-5m-1782074100","2026-06-21T20:35:00.0000000+00:00",376.495,"88738116692435763924330477192773656026884696162201911852149046170874967542919",0.49,0.5,0.01,0.50076682,6.0093,12.00019608,2,5,0.01,0.5,""
"2026-06-21T20:28:44.6892655+00:00","eth-updown-5m-1782073800","2026-06-21T20:30:00.0000000+00:00",75.311,"6616421992774380394650108076835734627195892463760932036959274644332964219737",0.49,0.5,0.01,0.5,6.0093,12.0186,1,5,0.01,0.5,""
"2026-06-21T20:28:44.6892655+00:00","eth-updown-5m-1782074100","2026-06-21T20:35:00.0000000+00:00",375.311,"88738116692435763924330477192773656026884696162201911852149046170874967542919",0.49,0.5,0.01,0.50076682,6.0093,12.00019608,2,5,0.01,0.5,""
"2026-06-21T20:28:45.8463645+00:00","eth-updown-5m-1782073800","2026-06-21T20:30:00.0000000+00:00",74.154,"6616421992774380394650108076835734627195892463760932036959274644332964219737",0.49,0.5,0.01,0.5,6.0093,12.0186,1,5,0.01,0.5,""
"2026-06-21T20:28:45.8463645+00:00","eth-updown-5m-1782074100","2026-06-21T20:35:00.0000000+00:00",374.154,"88738116692435763924330477192773656026884696162201911852149046170874967542919",0.49,0.5,0.01,0.50076682,6.0093,12.00019608,2,5,0.01,0.5,""
"2026-06-21T20:28:47.0124334+00:00","eth-updown-5m-1782073800","2026-06-21T20:30:00.0000000+00:00",72.988,"6616421992774380394650108076835734627195892463760932036959274644332964219737",0.49,0.5,0.01,0.5,6.0093,12.0186,1,5,0.01,0.5,""
"2026-06-21T20:28:47.0124334+00:00","eth-updown-5m-1782074100","2026-06-21T20:35:00.0000000+00:00",372.988,"88738116692435763924330477192773656026884696162201911852149046170874967542919",0.49,0.5,0.01,0.50076682,6.0093,12.00019608,2,5,0.01,0.5,""
"2026-06-21T20:28:48.1797313+00:00","eth-updown-5m-1782073800","2026-06-21T20:30:00.0000000+00:00",71.82,"6616421992774380394650108076835734627195892463760932036959274644332964219737",0.49,0.5,0.01,0.5,6.0093,12.0186,1,5,0.01,0.5,""
"2026-06-21T20:28:48.1797313+00:00","eth-updown-5m-1782074100","2026-06-21T20:35:00.0000000+00:00",371.82,"88738116692435763924330477192773656026884696162201911852149046170874967542919",0.49,0.5,0.01,0.50076682,6.0093,12.00019608,2,5,0.01,0.5,""
"2026-06-21T20:28:49.3521654+00:00","eth-updown-5m-1782073800","2026-06-21T20:30:00.0000000+00:00",70.648,"6616421992774380394650108076835734627195892463760932036959274644332964219737",0.49,0.5,0.01,0.5,6.0093,12.0186,1,5,0.01,0.5,""
"2026-06-21T20:28:49.3521654+00:00","eth-updown-5m-1782074100","2026-06-21T20:35:00.0000000+00:00",370.648,"88738116692435763924330477192773656026884696162201911852149046170874967542919",0.49,0.5,0.01,0.50076682,6.0093,12.00019608,2,5,0.01,0.5,""
"2026-06-21T20:28:50.5246587+00:00","eth-updown-5m-1782073800","2026-06-21T20:30:00.0000000+00:00",69.475,"6616421992774380394650108076835734627195892463760932036959274644332964219737",0.49,0.5,0.01,0.5,6.0093,12.0186,1,5,0.01,0.5,""
"2026-06-21T20:28:50.5246587+00:00","eth-updown-5m-1782074100","2026-06-21T20:35:00.0000000+00:00",369.475,"88738116692435763924330477192773656026884696162201911852149046170874967542919",0.49,0.5,0.01,0.50076682,6.0093,12.00019608,2,5,0.01,0.5,""
"2026-06-21T20:28:51.6744896+00:00","eth-updown-5m-1782073800","2026-06-21T20:30:00.0000000+00:00",68.326,"6616421992774380394650108076835734627195892463760932036959274644332964219737",0.49,0.5,0.01,0.5,6.0093,12.0186,1,5,0.01,0.5,""
"2026-06-21T20:28:51.6744896+00:00","eth-updown-5m-1782074100","2026-06-21T20:35:00.0000000+00:00",368.326,"88738116692435763924330477192773656026884696162201911852149046170874967542919",0.49,0.5,0.01,0.50076682,6.0093,12.00019608,2,5,0.01,0.5,""
"2026-06-21T20:28:52.8365883+00:00","eth-updown-5m-1782073800","2026-06-21T20:30:00.0000000+00:00",67.163,"6616421992774380394650108076835734627195892463760932036959274644332964219737",0.49,0.5,0.01,0.5,6.0093,12.0186,1,5,0.01,0.5,""
"2026-06-21T20:28:52.8365883+00:00","eth-updown-5m-1782074100","2026-06-21T20:35:00.0000000+00:00",367.163,"88738116692435763924330477192773656026884696162201911852149046170874967542919",0.49,0.5,0.01,0.50076682,6.0093,12.00019608,2,5,0.01,0.5,""
"2026-06-21T20:28:54.0049381+00:00","eth-updown-5m-1782073800","2026-06-21T20:30:00.0000000+00:00",65.995,"6616421992774380394650108076835734627195892463760932036959274644332964219737",0.49,0.5,0.01,0.5,6.0093,12.0186,1,5,0.01,0.5,""
"2026-06-21T20:28:54.0049381+00:00","eth-updown-5m-1782074100","2026-06-21T20:35:00.0000000+00:00",365.995,"88738116692435763924330477192773656026884696162201911852149046170874967542919",0.49,0.5,0.01,0.50076682,6.0093,12.00019608,2,5,0.01,0.5,""
"2026-06-21T20:28:55.1658679+00:00","eth-updown-5m-1782073800","2026-06-21T20:30:00.0000000+00:00",64.834,"6616421992774380394650108076835734627195892463760932036959274644332964219737",0.49,0.5,0.01,0.5,6.0093,12.0186,1,5,0.01,0.5,""
"2026-06-21T20:28:55.1658679+00:00","eth-updown-5m-1782074100","2026-06-21T20:35:00.0000000+00:00",364.834,"88738116692435763924330477192773656026884696162201911852149046170874967542919",0.49,0.5,0.01,0.50076682,6.0093,12.00019608,2,5,0.01,0.5,""
"2026-06-21T20:28:56.3175471+00:00","eth-updown-5m-1782073800","2026-06-21T20:30:00.0000000+00:00",63.682,"6616421992774380394650108076835734627195892463760932036959274644332964219737",0.49,0.5,0.01,0.5,6.0093,12.0186,1,5,0.01,0.5,""
"2026-06-21T20:28:56.3175471+00:00","eth-updown-5m-1782074100","2026-06-21T20:35:00.0000000+00:00",363.682,"88738116692435763924330477192773656026884696162201911852149046170874967542919",0.49,0.5,0.01,0.50076682,6.0093,12.00019608,2,5,0.01,0.5,""
"2026-06-21T20:28:57.4850669+00:00","eth-updown-5m-1782073800","2026-06-21T20:30:00.0000000+00:00",62.515,"6616421992774380394650108076835734627195892463760932036959274644332964219737",0.49,0.5,0.01,0.5,6.0093,12.0186,1,5,0.01,0.5,""
"2026-06-21T20:28:57.4850669+00:00","eth-updown-5m-1782074100","2026-06-21T20:35:00.0000000+00:00",362.515,"88738116692435763924330477192773656026884696162201911852149046170874967542919",0.49,0.5,0.01,0.50076682,6.0093,12.00019608,2,5,0.01,0.5,""
"2026-06-21T20:28:58.6448169+00:00","eth-updown-5m-1782073800","2026-06-21T20:30:00.0000000+00:00",61.355,"6616421992774380394650108076835734627195892463760932036959274644332964219737",0.49,0.5,0.01,0.5,6.0093,12.0186,1,5,0.01,0.5,""
"2026-06-21T20:28:58.6448169+00:00","eth-updown-5m-1782074100","2026-06-21T20:35:00.0000000+00:00",361.355,"88738116692435763924330477192773656026884696162201911852149046170874967542919",0.49,0.5,0.01,0.50076682,6.0093,12.00019608,2,5,0.01,0.5,""
"2026-06-21T20:28:59.8100126+00:00","eth-updown-5m-1782073800","2026-06-21T20:30:00.0000000+00:00",60.19,"6616421992774380394650108076835734627195892463760932036959274644332964219737",0.49,0.5,0.01,0.5,6.0093,12.0186,1,5,0.01,0.5,""
"2026-06-21T20:28:59.8100126+00:00","eth-updown-5m-1782074100","2026-06-21T20:35:00.0000000+00:00",360.19,"88738116692435763924330477192773656026884696162201911852149046170874967542919",0.49,0.5,0.01,0.50733622,6.0093,11.84480769,3,5,0.01,0.5,""
"2026-06-21T20:29:01.0150514+00:00","eth-updown-5m-1782073800","2026-06-21T20:30:00.0000000+00:00",58.985,"6616421992774380394650108076835734627195892463760932036959274644332964219737",0.49,0.5,0.01,0.5,6.0093,12.0186,1,5,0.01,0.5,""
"2026-06-21T20:29:01.0150514+00:00","eth-updown-5m-1782074100","2026-06-21T20:35:00.0000000+00:00",358.985,"88738116692435763924330477192773656026884696162201911852149046170874967542919",0.49,0.5,0.01,0.50733622,6.0093,11.84480769,3,5,0.01,0.5,""
"2026-06-21T20:29:02.1900809+00:00","eth-updown-5m-1782073800","2026-06-21T20:30:00.0000000+00:00",57.81,"6616421992774380394650108076835734627195892463760932036959274644332964219737",0.49,0.5,0.01,0.5,6.0093,12.0186,1,5,0.01,0.5,""
"2026-06-21T20:29:02.1900809+00:00","eth-updown-5m-1782074100","2026-06-21T20:35:00.0000000+00:00",357.81,"88738116692435763924330477192773656026884696162201911852149046170874967542919",0.49,0.5,0.01,0.50733622,6.0093,11.84480769,3,5,0.01,0.5,""
"2026-06-21T20:29:03.3550237+00:00","eth-updown-5m-1782073800","2026-06-21T20:30:00.0000000+00:00",56.645,"6616421992774380394650108076835734627195892463760932036959274644332964219737",0.49,0.5,0.01,0.5,6.0093,12.0186,1,5,0.01,0.5,""
"2026-06-21T20:29:03.3550237+00:00","eth-updown-5m-1782074100","2026-06-21T20:35:00.0000000+00:00",356.645,"88738116692435763924330477192773656026884696162201911852149046170874967542919",0.49,0.5,0.01,0.50733622,6.0093,11.84480769,3,5,0.01,0.5,""
"2026-06-21T20:29:04.5969693+00:00","eth-updown-5m-1782073800","2026-06-21T20:30:00.0000000+00:00",55.403,"6616421992774380394650108076835734627195892463760932036959274644332964219737",0.49,0.5,0.01,0.5,6.0093,12.0186,1,5,0.01,0.5,""
"2026-06-21T20:29:04.5969693+00:00","eth-updown-5m-1782074100","2026-06-21T20:35:00.0000000+00:00",355.403,"88738116692435763924330477192773656026884696162201911852149046170874967542919",0.49,0.5,0.01,0.50733622,6.0093,11.84480769,3,5,0.01,0.5,""
"2026-06-21T20:29:05.7611557+00:00","eth-updown-5m-1782073800","2026-06-21T20:30:00.0000000+00:00",54.239,"6616421992774380394650108076835734627195892463760932036959274644332964219737",0.49,0.5,0.01,0.5,6.0093,12.0186,1,5,0.01,0.5,""
"2026-06-21T20:29:05.7611557+00:00","eth-updown-5m-1782074100","2026-06-21T20:35:00.0000000+00:00",354.239,"88738116692435763924330477192773656026884696162201911852149046170874967542919",0.49,0.5,0.01,0.50733622,6.0093,11.84480769,3,5,0.01,0.5,""
"2026-06-21T20:29:06.9347970+00:00","eth-updown-5m-1782073800","2026-06-21T20:30:00.0000000+00:00",53.065,"6616421992774380394650108076835734627195892463760932036959274644332964219737",0.49,0.5,0.01,0.5,6.0093,12.0186,1,5,0.01,0.5,""
"2026-06-21T20:29:06.9347970+00:00","eth-updown-5m-1782074100","2026-06-21T20:35:00.0000000+00:00",353.065,"88738116692435763924330477192773656026884696162201911852149046170874967542919",0.49,0.5,0.01,0.50733622,6.0093,11.84480769,3,5,0.01,0.5,""
"2026-06-21T20:29:08.0861400+00:00","eth-updown-5m-1782073800","2026-06-21T20:30:00.0000000+00:00",51.914,"6616421992774380394650108076835734627195892463760932036959274644332964219737",0.49,0.5,0.01,0.5,6.0093,12.0186,1,5,0.01,0.5,""
"2026-06-21T20:29:08.0861400+00:00","eth-updown-5m-1782074100","2026-06-21T20:35:00.0000000+00:00",351.914,"88738116692435763924330477192773656026884696162201911852149046170874967542919",0.49,0.5,0.01,0.50733622,6.0093,11.84480769,3,5,0.01,0.5,""
"2026-06-21T20:29:09.4296717+00:00","eth-updown-5m-1782073800","2026-06-21T20:30:00.0000000+00:00",50.57,"6616421992774380394650108076835734627195892463760932036959274644332964219737",0.49,0.5,0.01,0.5,6.0093,12.0186,1,5,0.01,0.5,""
"2026-06-21T20:29:09.4296717+00:00","eth-updown-5m-1782074100","2026-06-21T20:35:00.0000000+00:00",350.57,"88738116692435763924330477192773656026884696162201911852149046170874967542919",0.49,0.5,0.01,0.50733622,6.0093,11.84480769,3,5,0.01,0.5,""
"2026-06-21T20:29:10.5845338+00:00","eth-updown-5m-1782073800","2026-06-21T20:30:00.0000000+00:00",49.415,"6616421992774380394650108076835734627195892463760932036959274644332964219737",0.49,0.5,0.01,0.5,6.0093,12.0186,1,5,0.01,0.5,""
"2026-06-21T20:29:10.5845338+00:00","eth-updown-5m-1782074100","2026-06-21T20:35:00.0000000+00:00",349.415,"88738116692435763924330477192773656026884696162201911852149046170874967542919",0.49,0.5,0.01,0.50733622,6.0093,11.84480769,3,5,0.01,0.5,""
"2026-06-21T20:29:11.7411019+00:00","eth-updown-5m-1782073800","2026-06-21T20:30:00.0000000+00:00",48.259,"6616421992774380394650108076835734627195892463760932036959274644332964219737",0.49,0.5,0.01,0.5,6.0093,12.0186,1,5,0.01,0.49,""
"2026-06-21T20:29:11.7411019+00:00","eth-updown-5m-1782074100","2026-06-21T20:35:00.0000000+00:00",348.259,"88738116692435763924330477192773656026884696162201911852149046170874967542919",0.49,0.5,0.01,0.50733622,6.0093,11.84480769,3,5,0.01,0.5,""
"2026-06-21T20:29:12.8975336+00:00","eth-updown-5m-1782073800","2026-06-21T20:30:00.0000000+00:00",47.102,"6616421992774380394650108076835734627195892463760932036959274644332964219737",0.49,0.5,0.01,0.5,6.0093,12.0186,1,5,0.01,0.49,""
"2026-06-21T20:29:12.8975336+00:00","eth-updown-5m-1782074100","2026-06-21T20:35:00.0000000+00:00",347.102,"88738116692435763924330477192773656026884696162201911852149046170874967542919",0.49,0.5,0.01,0.50733622,6.0093,11.84480769,3,5,0.01,0.5,""
"2026-06-21T20:29:14.0701274+00:00","eth-updown-5m-1782073800","2026-06-21T20:30:00.0000000+00:00",45.93,"6616421992774380394650108076835734627195892463760932036959274644332964219737",0.49,0.5,0.01,0.5,6.0093,12.0186,1,5,0.01,0.49,""
"2026-06-21T20:29:14.0701274+00:00","eth-updown-5m-1782074100","2026-06-21T20:35:00.0000000+00:00",345.93,"88738116692435763924330477192773656026884696162201911852149046170874967542919",0.49,0.5,0.01,0.50733622,6.0093,11.84480769,3,5,0.01,0.5,""
"2026-06-21T20:29:15.2260197+00:00","eth-updown-5m-1782073800","2026-06-21T20:30:00.0000000+00:00",44.774,"6616421992774380394650108076835734627195892463760932036959274644332964219737",0.49,0.5,0.01,0.5,6.0093,12.0186,1,5,0.01,0.49,""
"2026-06-21T20:29:15.2260197+00:00","eth-updown-5m-1782074100","2026-06-21T20:35:00.0000000+00:00",344.774,"88738116692435763924330477192773656026884696162201911852149046170874967542919",0.49,0.5,0.01,0.50733622,6.0093,11.84480769,3,5,0.01,0.5,""
"2026-06-21T20:29:16.3972416+00:00","eth-updown-5m-1782073800","2026-06-21T20:30:00.0000000+00:00",43.603,"6616421992774380394650108076835734627195892463760932036959274644332964219737",0.49,0.5,0.01,0.5,6.0093,12.0186,1,5,0.01,0.49,""
"2026-06-21T20:29:16.3972416+00:00","eth-updown-5m-1782074100","2026-06-21T20:35:00.0000000+00:00",343.603,"88738116692435763924330477192773656026884696162201911852149046170874967542919",0.49,0.5,0.01,0.50733622,6.0093,11.84480769,3,5,0.01,0.5,""
"2026-06-21T20:29:17.5438797+00:00","eth-updown-5m-1782073800","2026-06-21T20:30:00.0000000+00:00",42.456,"6616421992774380394650108076835734627195892463760932036959274644332964219737",0.49,0.5,0.01,0.5,6.0093,12.0186,1,5,0.01,0.49,""
"2026-06-21T20:29:17.5438797+00:00","eth-updown-5m-1782074100","2026-06-21T20:35:00.0000000+00:00",342.456,"88738116692435763924330477192773656026884696162201911852149046170874967542919",0.49,0.5,0.01,0.50733622,6.0093,11.84480769,3,5,0.01,0.5,""
"2026-06-21T20:29:18.7089423+00:00","eth-updown-5m-1782073800","2026-06-21T20:30:00.0000000+00:00",41.291,"6616421992774380394650108076835734627195892463760932036959274644332964219737",0.49,0.5,0.01,0.5,6.0093,12.0186,1,5,0.01,0.49,""
"2026-06-21T20:29:18.7089423+00:00","eth-updown-5m-1782074100","2026-06-21T20:35:00.0000000+00:00",341.291,"88738116692435763924330477192773656026884696162201911852149046170874967542919",0.49,0.5,0.01,0.50733622,6.0093,11.84480769,3,5,0.01,0.5,""
"2026-06-21T20:29:19.8742137+00:00","eth-updown-5m-1782073800","2026-06-21T20:30:00.0000000+00:00",40.126,"6616421992774380394650108076835734627195892463760932036959274644332964219737",0.49,0.5,0.01,0.5,6.0093,12.0186,1,5,0.01,0.49,""
"2026-06-21T20:29:19.8742137+00:00","eth-updown-5m-1782074100","2026-06-21T20:35:00.0000000+00:00",340.126,"88738116692435763924330477192773656026884696162201911852149046170874967542919",0.49,0.5,0.01,0.50733622,6.0093,11.84480769,3,5,0.01,0.5,""
"2026-06-21T20:29:21.0445225+00:00","eth-updown-5m-1782073800","2026-06-21T20:30:00.0000000+00:00",38.955,"6616421992774380394650108076835734627195892463760932036959274644332964219737",0.49,0.5,0.01,0.5,6.0093,12.0186,1,5,0.01,0.49,""
"2026-06-21T20:29:21.0445225+00:00","eth-updown-5m-1782074100","2026-06-21T20:35:00.0000000+00:00",338.955,"88738116692435763924330477192773656026884696162201911852149046170874967542919",0.49,0.5,0.01,0.50733622,6.0093,11.84480769,3,5,0.01,0.5,""
"2026-06-21T20:29:22.2158538+00:00","eth-updown-5m-1782073800","2026-06-21T20:30:00.0000000+00:00",37.784,"6616421992774380394650108076835734627195892463760932036959274644332964219737",0.49,0.5,0.01,0.5,6.0093,12.0186,1,5,0.01,0.49,""
"2026-06-21T20:29:22.2158538+00:00","eth-updown-5m-1782074100","2026-06-21T20:35:00.0000000+00:00",337.784,"88738116692435763924330477192773656026884696162201911852149046170874967542919",0.49,0.5,0.01,0.50733622,6.0093,11.84480769,3,5,0.01,0.5,""
"2026-06-21T20:29:23.4050558+00:00","eth-updown-5m-1782073800","2026-06-21T20:30:00.0000000+00:00",36.595,"6616421992774380394650108076835734627195892463760932036959274644332964219737",0.49,0.5,0.01,0.5,6.0093,12.0186,1,5,0.01,0.49,""
"2026-06-21T20:29:23.4050558+00:00","eth-updown-5m-1782074100","2026-06-21T20:35:00.0000000+00:00",336.595,"88738116692435763924330477192773656026884696162201911852149046170874967542919",0.49,0.5,0.01,0.50733622,6.0093,11.84480769,3,5,0.01,0.5,""
"2026-06-21T20:29:24.5994163+00:00","eth-updown-5m-1782073800","2026-06-21T20:30:00.0000000+00:00",35.401,"6616421992774380394650108076835734627195892463760932036959274644332964219737",0.49,0.5,0.01,0.5,6.0093,12.0186,1,5,0.01,0.49,""
"2026-06-21T20:29:24.5994163+00:00","eth-updown-5m-1782074100","2026-06-21T20:35:00.0000000+00:00",335.401,"88738116692435763924330477192773656026884696162201911852149046170874967542919",0.49,0.5,0.01,0.50733622,6.0093,11.84480769,3,5,0.01,0.5,""
"2026-06-21T20:29:25.7618574+00:00","eth-updown-5m-1782073800","2026-06-21T20:30:00.0000000+00:00",34.238,"6616421992774380394650108076835734627195892463760932036959274644332964219737",0.49,0.5,0.01,0.5,6.0093,12.0186,1,5,0.01,0.49,""
"2026-06-21T20:29:25.7618574+00:00","eth-updown-5m-1782074100","2026-06-21T20:35:00.0000000+00:00",334.238,"88738116692435763924330477192773656026884696162201911852149046170874967542919",0.49,0.5,0.01,0.50733622,6.0093,11.84480769,3,5,0.01,0.5,""
"2026-06-21T20:29:26.9102046+00:00","eth-updown-5m-1782073800","2026-06-21T20:30:00.0000000+00:00",33.09,"6616421992774380394650108076835734627195892463760932036959274644332964219737",0.49,0.5,0.01,0.5,6.0093,12.0186,1,5,0.01,0.49,""
"2026-06-21T20:29:26.9102046+00:00","eth-updown-5m-1782074100","2026-06-21T20:35:00.0000000+00:00",333.09,"88738116692435763924330477192773656026884696162201911852149046170874967542919",0.49,0.5,0.01,0.50733622,6.0093,11.84480769,3,5,0.01,0.5,""
"2026-06-21T20:29:28.0685006+00:00","eth-updown-5m-1782073800","2026-06-21T20:30:00.0000000+00:00",31.931,"6616421992774380394650108076835734627195892463760932036959274644332964219737",0.49,0.5,0.01,0.5,6.0093,12.0186,1,5,0.01,0.49,""
"2026-06-21T20:29:28.0685006+00:00","eth-updown-5m-1782074100","2026-06-21T20:35:00.0000000+00:00",331.931,"88738116692435763924330477192773656026884696162201911852149046170874967542919",0.49,0.5,0.01,0.50733622,6.0093,11.84480769,3,5,0.01,0.5,""
"2026-06-21T20:29:29.2732526+00:00","eth-updown-5m-1782073800","2026-06-21T20:30:00.0000000+00:00",30.727,"6616421992774380394650108076835734627195892463760932036959274644332964219737",0.49,0.5,0.01,0.5,6.0093,12.0186,1,5,0.01,0.49,""
"2026-06-21T20:29:29.2732526+00:00","eth-updown-5m-1782074100","2026-06-21T20:35:00.0000000+00:00",330.727,"88738116692435763924330477192773656026884696162201911852149046170874967542919",0.49,0.5,0.01,0.50733622,6.0093,11.84480769,3,5,0.01,0.5,""
"2026-06-21T20:29:30.4341381+00:00","eth-updown-5m-1782073800","2026-06-21T20:30:00.0000000+00:00",29.566,"6616421992774380394650108076835734627195892463760932036959274644332964219737",0.49,0.5,0.01,0.5,6.0093,12.0186,1,5,0.01,0.49,""
"2026-06-21T20:29:30.4341381+00:00","eth-updown-5m-1782074100","2026-06-21T20:35:00.0000000+00:00",329.566,"88738116692435763924330477192773656026884696162201911852149046170874967542919",0.49,0.5,0.01,0.50733622,6.0093,11.84480769,3,5,0.01,0.5,""
"2026-06-21T20:29:31.6135911+00:00","eth-updown-5m-1782073800","2026-06-21T20:30:00.0000000+00:00",28.386,"6616421992774380394650108076835734627195892463760932036959274644332964219737",0.49,0.5,0.01,0.5,6.0093,12.0186,1,5,0.01,0.49,""
"2026-06-21T20:29:31.6135911+00:00","eth-updown-5m-1782074100","2026-06-21T20:35:00.0000000+00:00",328.386,"88738116692435763924330477192773656026884696162201911852149046170874967542919",0.49,0.5,0.01,0.50733622,6.0093,11.84480769,3,5,0.01,0.5,""
"2026-06-21T20:29:32.8147010+00:00","eth-updown-5m-1782073800","2026-06-21T20:30:00.0000000+00:00",27.185,"6616421992774380394650108076835734627195892463760932036959274644332964219737",0.49,0.5,0.01,0.5,6.0093,12.0186,1,5,0.01,0.49,""
"2026-06-21T20:29:32.8147010+00:00","eth-updown-5m-1782074100","2026-06-21T20:35:00.0000000+00:00",327.185,"88738116692435763924330477192773656026884696162201911852149046170874967542919",0.49,0.5,0.01,0.50733622,6.0093,11.84480769,3,5,0.01,0.5,""
"2026-06-21T20:29:33.9758111+00:00","eth-updown-5m-1782073800","2026-06-21T20:30:00.0000000+00:00",26.024,"6616421992774380394650108076835734627195892463760932036959274644332964219737",0.49,0.5,0.01,0.5,6.0093,12.0186,1,5,0.01,0.49,""
"2026-06-21T20:29:33.9758111+00:00","eth-updown-5m-1782074100","2026-06-21T20:35:00.0000000+00:00",326.024,"88738116692435763924330477192773656026884696162201911852149046170874967542919",0.49,0.5,0.01,0.50733622,6.0093,11.84480769,3,5,0.01,0.5,""
"2026-06-21T20:29:35.1399980+00:00","eth-updown-5m-1782073800","2026-06-21T20:30:00.0000000+00:00",24.86,"6616421992774380394650108076835734627195892463760932036959274644332964219737",0.49,0.5,0.01,0.5,6.0093,12.0186,1,5,0.01,0.49,""
"2026-06-21T20:29:35.1399980+00:00","eth-updown-5m-1782074100","2026-06-21T20:35:00.0000000+00:00",324.86,"88738116692435763924330477192773656026884696162201911852149046170874967542919",0.49,0.5,0.01,0.50733622,6.0093,11.84480769,3,5,0.01,0.5,""
"2026-06-21T20:29:36.3055573+00:00","eth-updown-5m-1782073800","2026-06-21T20:30:00.0000000+00:00",23.694,"6616421992774380394650108076835734627195892463760932036959274644332964219737",0.49,0.5,0.01,0.5,6.0093,12.0186,1,5,0.01,0.49,""
"2026-06-21T20:29:36.3055573+00:00","eth-updown-5m-1782074100","2026-06-21T20:35:00.0000000+00:00",323.694,"88738116692435763924330477192773656026884696162201911852149046170874967542919",0.49,0.5,0.01,0.50733622,6.0093,11.84480769,3,5,0.01,0.5,""
"2026-06-21T20:29:37.4651944+00:00","eth-updown-5m-1782073800","2026-06-21T20:30:00.0000000+00:00",22.535,"6616421992774380394650108076835734627195892463760932036959274644332964219737",0.49,0.5,0.01,0.5,6.0093,12.0186,1,5,0.01,0.49,""
"2026-06-21T20:29:37.4651944+00:00","eth-updown-5m-1782074100","2026-06-21T20:35:00.0000000+00:00",322.535,"88738116692435763924330477192773656026884696162201911852149046170874967542919",0.49,0.5,0.01,0.50733622,6.0093,11.84480769,3,5,0.01,0.5,""
"2026-06-21T20:29:38.6287093+00:00","eth-updown-5m-1782073800","2026-06-21T20:30:00.0000000+00:00",21.371,"6616421992774380394650108076835734627195892463760932036959274644332964219737",0.49,0.5,0.01,0.5,6.0093,12.0186,1,5,0.01,0.49,""
"2026-06-21T20:29:38.6287093+00:00","eth-updown-5m-1782074100","2026-06-21T20:35:00.0000000+00:00",321.371,"88738116692435763924330477192773656026884696162201911852149046170874967542919",0.49,0.5,0.01,0.50733622,6.0093,11.84480769,3,5,0.01,0.5,""
"2026-06-21T20:29:39.8506302+00:00","eth-updown-5m-1782073800","2026-06-21T20:30:00.0000000+00:00",20.149,"6616421992774380394650108076835734627195892463760932036959274644332964219737",0.49,0.5,0.01,0.5,6.0093,12.0186,1,5,0.01,0.49,""
"2026-06-21T20:29:39.8506302+00:00","eth-updown-5m-1782074100","2026-06-21T20:35:00.0000000+00:00",320.149,"88738116692435763924330477192773656026884696162201911852149046170874967542919",0.49,0.5,0.01,0.50733622,6.0093,11.84480769,3,5,0.01,0.5,""
"2026-06-21T20:29:41.0570828+00:00","eth-updown-5m-1782073800","2026-06-21T20:30:00.0000000+00:00",18.943,"6616421992774380394650108076835734627195892463760932036959274644332964219737",0.49,0.5,0.01,0.5,6.0093,12.0186,1,5,0.01,0.49,""
"2026-06-21T20:29:41.0570828+00:00","eth-updown-5m-1782074100","2026-06-21T20:35:00.0000000+00:00",318.943,"88738116692435763924330477192773656026884696162201911852149046170874967542919",0.49,0.5,0.01,0.50733622,6.0093,11.84480769,3,5,0.01,0.5,""
"2026-06-21T20:29:42.2191100+00:00","eth-updown-5m-1782073800","2026-06-21T20:30:00.0000000+00:00",17.781,"6616421992774380394650108076835734627195892463760932036959274644332964219737",0.49,0.5,0.01,0.5,6.0093,12.0186,1,5,0.01,0.49,""
"2026-06-21T20:29:42.2191100+00:00","eth-updown-5m-1782074100","2026-06-21T20:35:00.0000000+00:00",317.781,"88738116692435763924330477192773656026884696162201911852149046170874967542919",0.49,0.5,0.01,0.50733622,6.0093,11.84480769,3,5,0.01,0.5,""
"2026-06-21T20:29:43.3764485+00:00","eth-updown-5m-1782073800","2026-06-21T20:30:00.0000000+00:00",16.624,"6616421992774380394650108076835734627195892463760932036959274644332964219737",0.49,0.5,0.01,0.5,6.0093,12.0186,1,5,0.01,0.49,""
"2026-06-21T20:29:43.3764485+00:00","eth-updown-5m-1782074100","2026-06-21T20:35:00.0000000+00:00",316.624,"88738116692435763924330477192773656026884696162201911852149046170874967542919",0.49,0.5,0.01,0.50733622,6.0093,11.84480769,3,5,0.01,0.5,""
"2026-06-21T20:29:44.5363548+00:00","eth-updown-5m-1782073800","2026-06-21T20:30:00.0000000+00:00",15.464,"6616421992774380394650108076835734627195892463760932036959274644332964219737",0.49,0.5,0.01,0.5,6.0093,12.0186,1,5,0.01,0.49,""
"2026-06-21T20:29:44.5363548+00:00","eth-updown-5m-1782074100","2026-06-21T20:35:00.0000000+00:00",315.464,"88738116692435763924330477192773656026884696162201911852149046170874967542919",0.49,0.5,0.01,0.50733622,6.0093,11.84480769,3,5,0.01,0.5,""
"2026-06-21T20:29:45.7030795+00:00","eth-updown-5m-1782073800","2026-06-21T20:30:00.0000000+00:00",14.297,"6616421992774380394650108076835734627195892463760932036959274644332964219737",0.49,0.5,0.01,0.5,6.0093,12.0186,1,5,0.01,0.49,""
"2026-06-21T20:29:45.7030795+00:00","eth-updown-5m-1782074100","2026-06-21T20:35:00.0000000+00:00",314.297,"88738116692435763924330477192773656026884696162201911852149046170874967542919",0.49,0.5,0.01,0.50733622,6.0093,11.84480769,3,5,0.01,0.5,""
"2026-06-21T20:29:46.8909054+00:00","eth-updown-5m-1782073800","2026-06-21T20:30:00.0000000+00:00",13.109,"6616421992774380394650108076835734627195892463760932036959274644332964219737",0.49,0.5,0.01,0.5,6.0093,12.0186,1,5,0.01,0.49,""
"2026-06-21T20:29:46.8909054+00:00","eth-updown-5m-1782074100","2026-06-21T20:35:00.0000000+00:00",313.109,"88738116692435763924330477192773656026884696162201911852149046170874967542919",0.49,0.5,0.01,0.50733622,6.0093,11.84480769,3,5,0.01,0.5,""
"2026-06-21T20:29:48.0701552+00:00","eth-updown-5m-1782073800","2026-06-21T20:30:00.0000000+00:00",11.93,"6616421992774380394650108076835734627195892463760932036959274644332964219737",0.49,0.5,0.01,0.5,6.0093,12.0186,1,5,0.01,0.49,""
"2026-06-21T20:29:48.0701552+00:00","eth-updown-5m-1782074100","2026-06-21T20:35:00.0000000+00:00",311.93,"88738116692435763924330477192773656026884696162201911852149046170874967542919",0.49,0.5,0.01,0.50161102,6.0093,11.98,2,5,0.01,0.5,""
"2026-06-21T20:29:49.3350593+00:00","eth-updown-5m-1782073800","2026-06-21T20:30:00.0000000+00:00",10.665,"6616421992774380394650108076835734627195892463760932036959274644332964219737",0.49,0.5,0.01,0.5,6.0093,12.0186,1,5,0.01,0.49,""
"2026-06-21T20:29:49.3350593+00:00","eth-updown-5m-1782074100","2026-06-21T20:35:00.0000000+00:00",310.665,"88738116692435763924330477192773656026884696162201911852149046170874967542919",0.49,0.5,0.01,0.50161102,6.0093,11.98,2,5,0.01,0.5,""
"2026-06-21T20:29:50.5748322+00:00","eth-updown-5m-1782073800","2026-06-21T20:30:00.0000000+00:00",9.425,"6616421992774380394650108076835734627195892463760932036959274644332964219737",0.49,0.5,0.01,0.5,6.0093,12.0186,1,5,0.01,0.49,""
"2026-06-21T20:29:50.5748322+00:00","eth-updown-5m-1782074100","2026-06-21T20:35:00.0000000+00:00",309.425,"88738116692435763924330477192773656026884696162201911852149046170874967542919",0.49,0.5,0.01,0.50161102,6.0093,11.98,2,5,0.01,0.5,""
"2026-06-21T20:29:51.7367994+00:00","eth-updown-5m-1782073800","2026-06-21T20:30:00.0000000+00:00",8.263,"6616421992774380394650108076835734627195892463760932036959274644332964219737",0.49,0.5,0.01,0.5,6.0093,12.0186,1,5,0.01,0.49,""
"2026-06-21T20:29:51.7367994+00:00","eth-updown-5m-1782074100","2026-06-21T20:35:00.0000000+00:00",308.263,"88738116692435763924330477192773656026884696162201911852149046170874967542919",0.49,0.5,0.01,0.50161102,6.0093,11.98,2,5,0.01,0.5,""
"2026-06-21T20:29:52.9354499+00:00","eth-updown-5m-1782073800","2026-06-21T20:30:00.0000000+00:00",7.065,"6616421992774380394650108076835734627195892463760932036959274644332964219737",0.49,0.5,0.01,0.5,6.0093,12.0186,1,5,0.01,0.49,""
"2026-06-21T20:29:52.9354499+00:00","eth-updown-5m-1782074100","2026-06-21T20:35:00.0000000+00:00",307.065,"88738116692435763924330477192773656026884696162201911852149046170874967542919",0.49,0.5,0.01,0.50161102,6.0093,11.98,2,5,0.01,0.5,""
"2026-06-21T20:29:54.1799199+00:00","eth-updown-5m-1782073800","2026-06-21T20:30:00.0000000+00:00",5.82,"6616421992774380394650108076835734627195892463760932036959274644332964219737",0.49,0.5,0.01,0.5,6.0093,12.0186,1,5,0.01,0.49,""
"2026-06-21T20:29:54.1799199+00:00","eth-updown-5m-1782074100","2026-06-21T20:35:00.0000000+00:00",305.82,"88738116692435763924330477192773656026884696162201911852149046170874967542919",0.49,0.5,0.01,0.50161102,6.0093,11.98,2,5,0.01,0.5,""
"2026-06-21T20:29:55.3451791+00:00","eth-updown-5m-1782073800","2026-06-21T20:30:00.0000000+00:00",4.655,"6616421992774380394650108076835734627195892463760932036959274644332964219737",0.49,0.5,0.01,0.5,6.0093,12.0186,1,5,0.01,0.49,""
"2026-06-21T20:29:55.3451791+00:00","eth-updown-5m-1782074100","2026-06-21T20:35:00.0000000+00:00",304.655,"88738116692435763924330477192773656026884696162201911852149046170874967542919",0.49,0.5,0.01,0.50161102,6.0093,11.98,2,5,0.01,0.5,""
"2026-06-21T20:29:56.6922134+00:00","eth-updown-5m-1782073800","2026-06-21T20:30:00.0000000+00:00",3.308,"6616421992774380394650108076835734627195892463760932036959274644332964219737",0.49,0.5,0.01,0.5,6.0093,12.0186,1,5,0.01,0.49,""
"2026-06-21T20:29:56.6922134+00:00","eth-updown-5m-1782074100","2026-06-21T20:35:00.0000000+00:00",303.308,"88738116692435763924330477192773656026884696162201911852149046170874967542919",0.49,0.5,0.01,0.50161102,6.0093,11.98,2,5,0.01,0.5,""
"2026-06-21T20:29:57.8902209+00:00","eth-updown-5m-1782073800","2026-06-21T20:30:00.0000000+00:00",2.11,"6616421992774380394650108076835734627195892463760932036959274644332964219737",0.49,0.5,0.01,0.5,6.0093,12.0186,1,5,0.01,0.49,""
"2026-06-21T20:29:57.8902209+00:00","eth-updown-5m-1782074100","2026-06-21T20:35:00.0000000+00:00",302.11,"88738116692435763924330477192773656026884696162201911852149046170874967542919",0.49,0.5,0.01,0.50161102,6.0093,11.98,2,5,0.01,0.5,""
"2026-06-21T20:29:59.1253514+00:00","eth-updown-5m-1782073800","2026-06-21T20:30:00.0000000+00:00",0.875,"6616421992774380394650108076835734627195892463760932036959274644332964219737",0.49,0.5,0.01,0.5,6.0093,12.0186,1,5,0.01,0.49,""
"2026-06-21T20:29:59.1253514+00:00","eth-updown-5m-1782074100","2026-06-21T20:35:00.0000000+00:00",300.875,"88738116692435763924330477192773656026884696162201911852149046170874967542919",0.49,0.5,0.01,0.50161102,6.0093,11.98,2,5,0.01,0.5,""
"2026-06-21T20:30:00.3156057+00:00","eth-updown-5m-1782073800","2026-06-21T20:30:00.0000000+00:00",-0.316,"6616421992774380394650108076835734627195892463760932036959274644332964219737",0.49,0.64,0.15,0.64,6.0093,9.38953125,1,5,0.01,0.48,""
"2026-06-21T20:30:00.3156057+00:00","eth-updown-5m-1782074100","2026-06-21T20:35:00.0000000+00:00",299.684,"88738116692435763924330477192773656026884696162201911852149046170874967542919",0.49,0.5,0.01,0.50161102,6.0093,11.98,2,5,0.01,0.5,""
"2026-06-21T20:30:01.4705216+00:00","eth-updown-5m-1782073800","2026-06-21T20:30:00.0000000+00:00",-1.471,"6616421992774380394650108076835734627195892463760932036959274644332964219737",0.48,0.49,0.01,0.49,6.0093,12.26387755,1,5,0.01,0.48,""
"2026-06-21T20:30:01.4705216+00:00","eth-updown-5m-1782074100","2026-06-21T20:35:00.0000000+00:00",298.529,"88738116692435763924330477192773656026884696162201911852149046170874967542919",0.49,0.5,0.01,0.50161102,6.0093,11.98,2,5,0.01,0.5,""
"2026-06-21T20:30:02.7660622+00:00","eth-updown-5m-1782074100","2026-06-21T20:35:00.0000000+00:00",297.234,"88738116692435763924330477192773656026884696162201911852149046170874967542919",0.49,0.5,0.01,0.5,6.0093,12.0186,1,5,0.01,0.5,""
"2026-06-21T20:30:04.0129107+00:00","eth-updown-5m-1782074100","2026-06-21T20:35:00.0000000+00:00",295.987,"88738116692435763924330477192773656026884696162201911852149046170874967542919",0.49,0.5,0.01,0.5,6.0093,12.0186,1,5,0.01,0.5,""
"2026-06-21T20:30:05.1553816+00:00","eth-updown-5m-1782074100","2026-06-21T20:35:00.0000000+00:00",294.845,"88738116692435763924330477192773656026884696162201911852149046170874967542919",0.49,0.5,0.01,0.5,6.0093,12.0186,1,5,0.01,0.5,""
"2026-06-21T20:30:06.2411224+00:00","eth-updown-5m-1782074100","2026-06-21T20:35:00.0000000+00:00",293.759,"88738116692435763924330477192773656026884696162201911852149046170874967542919",0.49,0.5,0.01,0.5,6.0093,12.0186,1,5,0.01,0.5,""
"2026-06-21T20:30:07.3213581+00:00","eth-updown-5m-1782074100","2026-06-21T20:35:00.0000000+00:00",292.679,"88738116692435763924330477192773656026884696162201911852149046170874967542919",0.49,0.5,0.01,0.5,6.0093,12.0186,1,5,0.01,0.5,""
"2026-06-21T20:30:08.4027788+00:00","eth-updown-5m-1782074100","2026-06-21T20:35:00.0000000+00:00",291.597,"88738116692435763924330477192773656026884696162201911852149046170874967542919",0.49,0.5,0.01,0.5,6.0093,12.0186,1,5,0.01,0.5,""
"2026-06-21T20:30:09.5274927+00:00","eth-updown-5m-1782074100","2026-06-21T20:35:00.0000000+00:00",290.473,"88738116692435763924330477192773656026884696162201911852149046170874967542919",0.49,0.5,0.01,0.5,6.0093,12.0186,1,5,0.01,0.5,""
"2026-06-21T20:30:10.6576000+00:00","eth-updown-5m-1782074100","2026-06-21T20:35:00.0000000+00:00",289.342,"88738116692435763924330477192773656026884696162201911852149046170874967542919",0.49,0.5,0.01,0.5,6.0093,12.0186,1,5,0.01,0.5,""
"2026-06-21T20:30:11.7749566+00:00","eth-updown-5m-1782074100","2026-06-21T20:35:00.0000000+00:00",288.225,"88738116692435763924330477192773656026884696162201911852149046170874967542919",0.49,0.5,0.01,0.5,6.0093,12.0186,1,5,0.01,0.5,""
"2026-06-21T20:30:12.9109902+00:00","eth-updown-5m-1782074100","2026-06-21T20:35:00.0000000+00:00",287.089,"88738116692435763924330477192773656026884696162201911852149046170874967542919",0.49,0.5,0.01,0.5,6.0093,12.0186,1,5,0.01,0.5,""
"2026-06-21T20:30:14.0264761+00:00","eth-updown-5m-1782074100","2026-06-21T20:35:00.0000000+00:00",285.974,"88738116692435763924330477192773656026884696162201911852149046170874967542919",0.49,0.5,0.01,0.5,6.0093,12.0186,1,5,0.01,0.5,""
"2026-06-21T20:30:15.1765546+00:00","eth-updown-5m-1782074100","2026-06-21T20:35:00.0000000+00:00",284.823,"88738116692435763924330477192773656026884696162201911852149046170874967542919",0.49,0.5,0.01,0.5,6.0093,12.0186,1,5,0.01,0.5,""
"2026-06-21T20:30:16.3106278+00:00","eth-updown-5m-1782074100","2026-06-21T20:35:00.0000000+00:00",283.689,"88738116692435763924330477192773656026884696162201911852149046170874967542919",0.49,0.5,0.01,0.5,6.0093,12.0186,1,5,0.01,0.5,""
"2026-06-21T20:30:17.4029620+00:00","eth-updown-5m-1782074100","2026-06-21T20:35:00.0000000+00:00",282.597,"88738116692435763924330477192773656026884696162201911852149046170874967542919",0.49,0.5,0.01,0.5,6.0093,12.0186,1,5,0.01,0.5,""
"2026-06-21T20:30:18.4826531+00:00","eth-updown-5m-1782074100","2026-06-21T20:35:00.0000000+00:00",281.517,"88738116692435763924330477192773656026884696162201911852149046170874967542919",0.49,0.5,0.01,0.5,6.0093,12.0186,1,5,0.01,0.5,""
"2026-06-21T20:30:19.5683062+00:00","eth-updown-5m-1782074100","2026-06-21T20:35:00.0000000+00:00",280.432,"88738116692435763924330477192773656026884696162201911852149046170874967542919",0.49,0.5,0.01,0.5,6.0093,12.0186,1,5,0.01,0.5,""
"2026-06-21T20:30:20.6557478+00:00","eth-updown-5m-1782074100","2026-06-21T20:35:00.0000000+00:00",279.344,"88738116692435763924330477192773656026884696162201911852149046170874967542919",0.49,0.5,0.01,0.5,6.0093,12.0186,1,5,0.01,0.5,""
"2026-06-21T20:30:21.7428178+00:00","eth-updown-5m-1782074100","2026-06-21T20:35:00.0000000+00:00",278.257,"88738116692435763924330477192773656026884696162201911852149046170874967542919",0.49,0.5,0.01,0.5,6.0093,12.0186,1,5,0.01,0.5,""
"2026-06-21T20:30:22.8193643+00:00","eth-updown-5m-1782074100","2026-06-21T20:35:00.0000000+00:00",277.181,"88738116692435763924330477192773656026884696162201911852149046170874967542919",0.49,0.5,0.01,0.5,6.0093,12.0186,1,5,0.01,0.5,""
"2026-06-21T20:30:23.9120320+00:00","eth-updown-5m-1782074100","2026-06-21T20:35:00.0000000+00:00",276.088,"88738116692435763924330477192773656026884696162201911852149046170874967542919",0.49,0.5,0.01,0.5,6.0093,12.0186,1,5,0.01,0.5,""
"2026-06-21T20:30:24.9954857+00:00","eth-updown-5m-1782074100","2026-06-21T20:35:00.0000000+00:00",275.005,"88738116692435763924330477192773656026884696162201911852149046170874967542919",0.49,0.5,0.01,0.5,6.0093,12.0186,1,5,0.01,0.5,""
"2026-06-21T20:30:26.0757943+00:00","eth-updown-5m-1782074100","2026-06-21T20:35:00.0000000+00:00",273.924,"88738116692435763924330477192773656026884696162201911852149046170874967542919",0.49,0.5,0.01,0.5,6.0093,12.0186,1,5,0.01,0.5,""
"2026-06-21T20:30:27.1619089+00:00","eth-updown-5m-1782074100","2026-06-21T20:35:00.0000000+00:00",272.838,"88738116692435763924330477192773656026884696162201911852149046170874967542919",0.49,0.5,0.01,0.5,6.0093,12.0186,1,5,0.01,0.5,""
"2026-06-21T20:30:28.2468906+00:00","eth-updown-5m-1782074100","2026-06-21T20:35:00.0000000+00:00",271.753,"88738116692435763924330477192773656026884696162201911852149046170874967542919",0.49,0.5,0.01,0.5,6.0093,12.0186,1,5,0.01,0.5,""
"2026-06-21T20:30:29.3334089+00:00","eth-updown-5m-1782074100","2026-06-21T20:35:00.0000000+00:00",270.667,"88738116692435763924330477192773656026884696162201911852149046170874967542919",0.49,0.5,0.01,0.5,6.0093,12.0186,1,5,0.01,0.5,""
"2026-06-21T20:30:30.4411914+00:00","eth-updown-5m-1782074100","2026-06-21T20:35:00.0000000+00:00",269.559,"88738116692435763924330477192773656026884696162201911852149046170874967542919",0.49,0.5,0.01,0.5,6.0093,12.0186,1,5,0.01,0.5,""
"2026-06-21T20:30:31.5235095+00:00","eth-updown-5m-1782074100","2026-06-21T20:35:00.0000000+00:00",268.476,"88738116692435763924330477192773656026884696162201911852149046170874967542919",0.49,0.5,0.01,0.5,6.0093,12.0186,1,5,0.01,0.5,""
"2026-06-21T20:30:32.6381039+00:00","eth-updown-5m-1782074100","2026-06-21T20:35:00.0000000+00:00",267.362,"88738116692435763924330477192773656026884696162201911852149046170874967542919",0.49,0.5,0.01,0.5,6.0093,12.0186,1,5,0.01,0.5,""
"2026-06-21T20:30:33.7513010+00:00","eth-updown-5m-1782074100","2026-06-21T20:35:00.0000000+00:00",266.249,"88738116692435763924330477192773656026884696162201911852149046170874967542919",0.49,0.5,0.01,0.5,6.0093,12.0186,1,5,0.01,0.5,""
"2026-06-21T20:30:34.8542562+00:00","eth-updown-5m-1782074100","2026-06-21T20:35:00.0000000+00:00",265.146,"88738116692435763924330477192773656026884696162201911852149046170874967542919",0.49,0.5,0.01,0.5,6.0093,12.0186,1,5,0.01,0.5,""
"2026-06-21T20:30:35.9551046+00:00","eth-updown-5m-1782074100","2026-06-21T20:35:00.0000000+00:00",264.045,"88738116692435763924330477192773656026884696162201911852149046170874967542919",0.49,0.5,0.01,0.5,6.0093,12.0186,1,5,0.01,0.5,""
"2026-06-21T20:30:37.0560719+00:00","eth-updown-5m-1782074100","2026-06-21T20:35:00.0000000+00:00",262.944,"88738116692435763924330477192773656026884696162201911852149046170874967542919",0.49,0.5,0.01,0.5,6.0093,12.0186,1,5,0.01,0.5,""
"2026-06-21T20:30:38.1600575+00:00","eth-updown-5m-1782074100","2026-06-21T20:35:00.0000000+00:00",261.84,"88738116692435763924330477192773656026884696162201911852149046170874967542919",0.49,0.5,0.01,0.5,6.0093,12.0186,1,5,0.01,0.5,""
"2026-06-21T20:30:39.3296460+00:00","eth-updown-5m-1782074100","2026-06-21T20:35:00.0000000+00:00",260.67,"88738116692435763924330477192773656026884696162201911852149046170874967542919",0.49,0.5,0.01,0.5,6.0093,12.0186,1,5,0.01,0.5,""
"2026-06-21T20:30:40.4303784+00:00","eth-updown-5m-1782074100","2026-06-21T20:35:00.0000000+00:00",259.57,"88738116692435763924330477192773656026884696162201911852149046170874967542919",0.49,0.5,0.01,0.5,6.0093,12.0186,1,5,0.01,0.5,""
"2026-06-21T20:30:41.5142955+00:00","eth-updown-5m-1782074100","2026-06-21T20:35:00.0000000+00:00",258.486,"88738116692435763924330477192773656026884696162201911852149046170874967542919",0.49,0.5,0.01,0.5,6.0093,12.0186,1,5,0.01,0.5,""
"2026-06-21T20:30:42.6653817+00:00","eth-updown-5m-1782074100","2026-06-21T20:35:00.0000000+00:00",257.335,"88738116692435763924330477192773656026884696162201911852149046170874967542919",0.49,0.5,0.01,0.5,6.0093,12.0186,1,5,0.01,0.5,""
"2026-06-21T20:30:43.7465854+00:00","eth-updown-5m-1782074100","2026-06-21T20:35:00.0000000+00:00",256.253,"88738116692435763924330477192773656026884696162201911852149046170874967542919",0.49,0.5,0.01,0.5,6.0093,12.0186,1,5,0.01,0.5,""
"2026-06-21T20:30:44.8222324+00:00","eth-updown-5m-1782074100","2026-06-21T20:35:00.0000000+00:00",255.178,"88738116692435763924330477192773656026884696162201911852149046170874967542919",0.49,0.5,0.01,0.5,6.0093,12.0186,1,5,0.01,0.5,""
"2026-06-21T20:30:45.9093469+00:00","eth-updown-5m-1782074100","2026-06-21T20:35:00.0000000+00:00",254.091,"88738116692435763924330477192773656026884696162201911852149046170874967542919",0.49,0.5,0.01,0.5,6.0093,12.0186,1,5,0.01,0.5,""
"2026-06-21T20:30:47.0544541+00:00","eth-updown-5m-1782074100","2026-06-21T20:35:00.0000000+00:00",252.946,"88738116692435763924330477192773656026884696162201911852149046170874967542919",0.49,0.5,0.01,0.5,6.0093,12.0186,1,5,0.01,0.5,""
"2026-06-21T20:30:48.1712760+00:00","eth-updown-5m-1782074100","2026-06-21T20:35:00.0000000+00:00",251.829,"88738116692435763924330477192773656026884696162201911852149046170874967542919",0.49,0.5,0.01,0.5,6.0093,12.0186,1,5,0.01,0.5,""
"2026-06-21T20:30:49.2578324+00:00","eth-updown-5m-1782074100","2026-06-21T20:35:00.0000000+00:00",250.742,"88738116692435763924330477192773656026884696162201911852149046170874967542919",0.49,0.5,0.01,0.5,6.0093,12.0186,1,5,0.01,0.5,""
"2026-06-21T20:30:50.3379648+00:00","eth-updown-5m-1782074100","2026-06-21T20:35:00.0000000+00:00",249.662,"88738116692435763924330477192773656026884696162201911852149046170874967542919",0.49,0.5,0.01,0.5,6.0093,12.0186,1,5,0.01,0.5,""
"2026-06-21T20:30:51.4255073+00:00","eth-updown-5m-1782074100","2026-06-21T20:35:00.0000000+00:00",248.574,"88738116692435763924330477192773656026884696162201911852149046170874967542919",0.49,0.5,0.01,0.5,6.0093,12.0186,1,5,0.01,0.5,""
"2026-06-21T20:30:52.5168308+00:00","eth-updown-5m-1782074100","2026-06-21T20:35:00.0000000+00:00",247.483,"88738116692435763924330477192773656026884696162201911852149046170874967542919",0.49,0.5,0.01,0.5,6.0093,12.0186,1,5,0.01,0.5,""
"2026-06-21T20:30:53.5925143+00:00","eth-updown-5m-1782074100","2026-06-21T20:35:00.0000000+00:00",246.407,"88738116692435763924330477192773656026884696162201911852149046170874967542919",0.49,0.5,0.01,0.5,6.0093,12.0186,1,5,0.01,0.5,""
"2026-06-21T20:30:54.6850538+00:00","eth-updown-5m-1782074100","2026-06-21T20:35:00.0000000+00:00",245.315,"88738116692435763924330477192773656026884696162201911852149046170874967542919",0.49,0.5,0.01,0.5,6.0093,12.0186,1,5,0.01,0.5,""
"2026-06-21T20:30:55.7740603+00:00","eth-updown-5m-1782074100","2026-06-21T20:35:00.0000000+00:00",244.226,"88738116692435763924330477192773656026884696162201911852149046170874967542919",0.49,0.5,0.01,0.5,6.0093,12.0186,1,5,0.01,0.5,""
"2026-06-21T20:30:56.8662529+00:00","eth-updown-5m-1782074100","2026-06-21T20:35:00.0000000+00:00",243.134,"88738116692435763924330477192773656026884696162201911852149046170874967542919",0.49,0.5,0.01,0.5,6.0093,12.0186,1,5,0.01,0.5,""
"2026-06-21T20:30:57.9595693+00:00","eth-updown-5m-1782074100","2026-06-21T20:35:00.0000000+00:00",242.04,"88738116692435763924330477192773656026884696162201911852149046170874967542919",0.49,0.5,0.01,0.5,6.0093,12.0186,1,5,0.01,0.5,""
"2026-06-21T20:30:59.0534473+00:00","eth-updown-5m-1782074100","2026-06-21T20:35:00.0000000+00:00",240.947,"88738116692435763924330477192773656026884696162201911852149046170874967542919",0.49,0.5,0.01,0.5,6.0093,12.0186,1,5,0.01,0.5,""
"2026-06-21T20:31:00.1422256+00:00","eth-updown-5m-1782074100","2026-06-21T20:35:00.0000000+00:00",239.858,"88738116692435763924330477192773656026884696162201911852149046170874967542919",0.49,0.5,0.01,0.5,6.0093,12.0186,1,5,0.01,0.5,""
"2026-06-21T20:31:01.2301189+00:00","eth-updown-5m-1782074100","2026-06-21T20:35:00.0000000+00:00",238.77,"88738116692435763924330477192773656026884696162201911852149046170874967542919",0.49,0.5,0.01,0.5,6.0093,12.0186,1,5,0.01,0.5,""
"2026-06-21T20:31:02.3224376+00:00","eth-updown-5m-1782074100","2026-06-21T20:35:00.0000000+00:00",237.678,"88738116692435763924330477192773656026884696162201911852149046170874967542919",0.49,0.5,0.01,0.5,6.0093,12.0186,1,5,0.01,0.5,""
"2026-06-21T20:31:03.4105432+00:00","eth-updown-5m-1782074100","2026-06-21T20:35:00.0000000+00:00",236.589,"88738116692435763924330477192773656026884696162201911852149046170874967542919",0.49,0.5,0.01,0.5,6.0093,12.0186,1,5,0.01,0.5,""
"2026-06-21T20:31:04.5820269+00:00","eth-updown-5m-1782074100","2026-06-21T20:35:00.0000000+00:00",235.418,"88738116692435763924330477192773656026884696162201911852149046170874967542919",0.49,0.5,0.01,0.5,6.0093,12.0186,1,5,0.01,0.5,""
"2026-06-21T20:31:05.6602222+00:00","eth-updown-5m-1782074100","2026-06-21T20:35:00.0000000+00:00",234.34,"88738116692435763924330477192773656026884696162201911852149046170874967542919",0.49,0.5,0.01,0.5,6.0093,12.0186,1,5,0.01,0.5,""
"2026-06-21T20:31:06.7379820+00:00","eth-updown-5m-1782074100","2026-06-21T20:35:00.0000000+00:00",233.262,"88738116692435763924330477192773656026884696162201911852149046170874967542919",0.49,0.5,0.01,0.5,6.0093,12.0186,1,5,0.01,0.5,""
"2026-06-21T20:31:07.8182759+00:00","eth-updown-5m-1782074100","2026-06-21T20:35:00.0000000+00:00",232.182,"88738116692435763924330477192773656026884696162201911852149046170874967542919",0.49,0.5,0.01,0.5,6.0093,12.0186,1,5,0.01,0.5,""
"2026-06-21T20:31:08.9085461+00:00","eth-updown-5m-1782074100","2026-06-21T20:35:00.0000000+00:00",231.091,"88738116692435763924330477192773656026884696162201911852149046170874967542919",0.49,0.5,0.01,0.5,6.0093,12.0186,1,5,0.01,0.5,""
"2026-06-21T20:31:10.0004383+00:00","eth-updown-5m-1782074100","2026-06-21T20:35:00.0000000+00:00",230,"88738116692435763924330477192773656026884696162201911852149046170874967542919",0.49,0.5,0.01,0.5,6.0093,12.0186,1,5,0.01,0.5,""
"2026-06-21T20:31:11.0944436+00:00","eth-updown-5m-1782074100","2026-06-21T20:35:00.0000000+00:00",228.906,"88738116692435763924330477192773656026884696162201911852149046170874967542919",0.49,0.5,0.01,0.5,6.0093,12.0186,1,5,0.01,0.5,""
"2026-06-21T20:31:12.1874557+00:00","eth-updown-5m-1782074100","2026-06-21T20:35:00.0000000+00:00",227.813,"88738116692435763924330477192773656026884696162201911852149046170874967542919",0.49,0.5,0.01,0.5,6.0093,12.0186,1,5,0.01,0.5,""
"2026-06-21T20:31:13.2767886+00:00","eth-updown-5m-1782074100","2026-06-21T20:35:00.0000000+00:00",226.723,"88738116692435763924330477192773656026884696162201911852149046170874967542919",0.49,0.5,0.01,0.5,6.0093,12.0186,1,5,0.01,0.5,""
"2026-06-21T20:31:14.3697601+00:00","eth-updown-5m-1782074100","2026-06-21T20:35:00.0000000+00:00",225.63,"88738116692435763924330477192773656026884696162201911852149046170874967542919",0.49,0.5,0.01,0.5,6.0093,12.0186,1,5,0.01,0.5,""
"2026-06-21T20:31:15.4469459+00:00","eth-updown-5m-1782074100","2026-06-21T20:35:00.0000000+00:00",224.553,"88738116692435763924330477192773656026884696162201911852149046170874967542919",0.49,0.5,0.01,0.5,6.0093,12.0186,1,5,0.01,0.5,""
"2026-06-21T20:31:16.5280470+00:00","eth-updown-5m-1782074100","2026-06-21T20:35:00.0000000+00:00",223.472,"88738116692435763924330477192773656026884696162201911852149046170874967542919",0.49,0.5,0.01,0.5,6.0093,12.0186,1,5,0.01,0.5,""
"2026-06-21T20:31:17.6050638+00:00","eth-updown-5m-1782074100","2026-06-21T20:35:00.0000000+00:00",222.395,"88738116692435763924330477192773656026884696162201911852149046170874967542919",0.49,0.5,0.01,0.5,6.0093,12.0186,1,5,0.01,0.5,""
"2026-06-21T20:31:18.6858316+00:00","eth-updown-5m-1782074100","2026-06-21T20:35:00.0000000+00:00",221.314,"88738116692435763924330477192773656026884696162201911852149046170874967542919",0.49,0.5,0.01,0.5,6.0093,12.0186,1,5,0.01,0.5,""
"2026-06-21T20:31:19.7875293+00:00","eth-updown-5m-1782074100","2026-06-21T20:35:00.0000000+00:00",220.212,"88738116692435763924330477192773656026884696162201911852149046170874967542919",0.49,0.5,0.01,0.5,6.0093,12.0186,1,5,0.01,0.5,""
"2026-06-21T20:31:20.8797771+00:00","eth-updown-5m-1782074100","2026-06-21T20:35:00.0000000+00:00",219.12,"88738116692435763924330477192773656026884696162201911852149046170874967542919",0.49,0.5,0.01,0.5,6.0093,12.0186,1,5,0.01,0.5,""
"2026-06-21T20:31:22.0535860+00:00","eth-updown-5m-1782074100","2026-06-21T20:35:00.0000000+00:00",217.946,"88738116692435763924330477192773656026884696162201911852149046170874967542919",0.49,0.5,0.01,0.5,6.0093,12.0186,1,5,0.01,0.5,""
"2026-06-21T20:31:23.1584538+00:00","eth-updown-5m-1782074100","2026-06-21T20:35:00.0000000+00:00",216.842,"88738116692435763924330477192773656026884696162201911852149046170874967542919",0.49,0.5,0.01,0.5,6.0093,12.0186,1,5,0.01,0.5,""
"2026-06-21T20:31:24.3186119+00:00","eth-updown-5m-1782074100","2026-06-21T20:35:00.0000000+00:00",215.681,"88738116692435763924330477192773656026884696162201911852149046170874967542919",0.49,0.5,0.01,0.5,6.0093,12.0186,1,5,0.01,0.5,""
"2026-06-21T20:31:25.4060508+00:00","eth-updown-5m-1782074100","2026-06-21T20:35:00.0000000+00:00",214.594,"88738116692435763924330477192773656026884696162201911852149046170874967542919",0.49,0.5,0.01,0.5,6.0093,12.0186,1,5,0.01,0.5,""
"2026-06-21T20:31:26.4914965+00:00","eth-updown-5m-1782074100","2026-06-21T20:35:00.0000000+00:00",213.509,"88738116692435763924330477192773656026884696162201911852149046170874967542919",0.49,0.5,0.01,0.5,6.0093,12.0186,1,5,0.01,0.5,""
"2026-06-21T20:31:27.5872753+00:00","eth-updown-5m-1782074100","2026-06-21T20:35:00.0000000+00:00",212.413,"88738116692435763924330477192773656026884696162201911852149046170874967542919",0.49,0.5,0.01,0.5,6.0093,12.0186,1,5,0.01,0.5,""
"2026-06-21T20:31:28.7129667+00:00","eth-updown-5m-1782074100","2026-06-21T20:35:00.0000000+00:00",211.287,"88738116692435763924330477192773656026884696162201911852149046170874967542919",0.49,0.5,0.01,0.5,6.0093,12.0186,1,5,0.01,0.5,""
"2026-06-21T20:31:29.8047900+00:00","eth-updown-5m-1782074100","2026-06-21T20:35:00.0000000+00:00",210.195,"88738116692435763924330477192773656026884696162201911852149046170874967542919",0.49,0.5,0.01,0.5,6.0093,12.0186,1,5,0.01,0.5,""
"2026-06-21T20:31:30.8952585+00:00","eth-updown-5m-1782074100","2026-06-21T20:35:00.0000000+00:00",209.105,"88738116692435763924330477192773656026884696162201911852149046170874967542919",0.49,0.5,0.01,0.5,6.0093,12.0186,1,5,0.01,0.5,""
"2026-06-21T20:31:31.9908781+00:00","eth-updown-5m-1782074100","2026-06-21T20:35:00.0000000+00:00",208.009,"88738116692435763924330477192773656026884696162201911852149046170874967542919",0.49,0.5,0.01,0.5,6.0093,12.0186,1,5,0.01,0.5,""
"2026-06-21T20:31:33.0788941+00:00","eth-updown-5m-1782074100","2026-06-21T20:35:00.0000000+00:00",206.921,"88738116692435763924330477192773656026884696162201911852149046170874967542919",0.49,0.5,0.01,0.5,6.0093,12.0186,1,5,0.01,0.5,""
"2026-06-21T20:31:34.1789051+00:00","eth-updown-5m-1782074100","2026-06-21T20:35:00.0000000+00:00",205.821,"88738116692435763924330477192773656026884696162201911852149046170874967542919",0.49,0.5,0.01,0.5,6.0093,12.0186,1,5,0.01,0.5,""
"2026-06-21T20:31:35.2670433+00:00","eth-updown-5m-1782074100","2026-06-21T20:35:00.0000000+00:00",204.733,"88738116692435763924330477192773656026884696162201911852149046170874967542919",0.49,0.5,0.01,0.5,6.0093,12.0186,1,5,0.01,0.5,""
"2026-06-21T20:31:36.3620206+00:00","eth-updown-5m-1782074100","2026-06-21T20:35:00.0000000+00:00",203.638,"88738116692435763924330477192773656026884696162201911852149046170874967542919",0.49,0.5,0.01,0.5,6.0093,12.0186,1,5,0.01,0.5,""
"2026-06-21T20:31:37.4827957+00:00","eth-updown-5m-1782074100","2026-06-21T20:35:00.0000000+00:00",202.517,"88738116692435763924330477192773656026884696162201911852149046170874967542919",0.49,0.5,0.01,0.5,6.0093,12.0186,1,5,0.01,0.5,""
"2026-06-21T20:31:38.5590590+00:00","eth-updown-5m-1782074100","2026-06-21T20:35:00.0000000+00:00",201.441,"88738116692435763924330477192773656026884696162201911852149046170874967542919",0.49,0.5,0.01,0.5,6.0093,12.0186,1,5,0.01,0.5,""
"2026-06-21T20:31:39.6362406+00:00","eth-updown-5m-1782074100","2026-06-21T20:35:00.0000000+00:00",200.364,"88738116692435763924330477192773656026884696162201911852149046170874967542919",0.49,0.5,0.01,0.5,6.0093,12.0186,1,5,0.01,0.5,""
"2026-06-21T20:31:40.7156329+00:00","eth-updown-5m-1782074100","2026-06-21T20:35:00.0000000+00:00",199.284,"88738116692435763924330477192773656026884696162201911852149046170874967542919",0.49,0.5,0.01,0.5,6.0093,12.0186,1,5,0.01,0.5,""
"2026-06-21T20:31:41.7904726+00:00","eth-updown-5m-1782074100","2026-06-21T20:35:00.0000000+00:00",198.21,"88738116692435763924330477192773656026884696162201911852149046170874967542919",0.49,0.5,0.01,0.5,6.0093,12.0186,1,5,0.01,0.5,""
"2026-06-21T20:31:42.8827280+00:00","eth-updown-5m-1782074100","2026-06-21T20:35:00.0000000+00:00",197.117,"88738116692435763924330477192773656026884696162201911852149046170874967542919",0.49,0.5,0.01,0.5,6.0093,12.0186,1,5,0.01,0.5,""
"2026-06-21T20:31:43.9699427+00:00","eth-updown-5m-1782074100","2026-06-21T20:35:00.0000000+00:00",196.03,"88738116692435763924330477192773656026884696162201911852149046170874967542919",0.49,0.5,0.01,0.5,6.0093,12.0186,1,5,0.01,0.5,""
"2026-06-21T20:31:45.0650173+00:00","eth-updown-5m-1782074100","2026-06-21T20:35:00.0000000+00:00",194.935,"88738116692435763924330477192773656026884696162201911852149046170874967542919",0.49,0.5,0.01,0.5,6.0093,12.0186,1,5,0.01,0.5,""
"2026-06-21T20:31:46.1566170+00:00","eth-updown-5m-1782074100","2026-06-21T20:35:00.0000000+00:00",193.843,"88738116692435763924330477192773656026884696162201911852149046170874967542919",0.49,0.5,0.01,0.5,6.0093,12.0186,1,5,0.01,0.5,""
"2026-06-21T20:31:47.2474714+00:00","eth-updown-5m-1782074100","2026-06-21T20:35:00.0000000+00:00",192.753,"88738116692435763924330477192773656026884696162201911852149046170874967542919",0.49,0.5,0.01,0.5,6.0093,12.0186,1,5,0.01,0.5,""
"2026-06-21T20:31:48.3274456+00:00","eth-updown-5m-1782074100","2026-06-21T20:35:00.0000000+00:00",191.673,"88738116692435763924330477192773656026884696162201911852149046170874967542919",0.49,0.5,0.01,0.5,6.0093,12.0186,1,5,0.01,0.5,""
"2026-06-21T20:31:49.4206712+00:00","eth-updown-5m-1782074100","2026-06-21T20:35:00.0000000+00:00",190.579,"88738116692435763924330477192773656026884696162201911852149046170874967542919",0.49,0.5,0.01,0.5,6.0093,12.0186,1,5,0.01,0.5,""
"2026-06-21T20:31:50.5001595+00:00","eth-updown-5m-1782074100","2026-06-21T20:35:00.0000000+00:00",189.5,"88738116692435763924330477192773656026884696162201911852149046170874967542919",0.49,0.5,0.01,0.5,6.0093,12.0186,1,5,0.01,0.5,""
"2026-06-21T20:31:51.5777729+00:00","eth-updown-5m-1782074100","2026-06-21T20:35:00.0000000+00:00",188.422,"88738116692435763924330477192773656026884696162201911852149046170874967542919",0.49,0.5,0.01,0.5,6.0093,12.0186,1,5,0.01,0.5,""
"2026-06-21T20:31:52.6548120+00:00","eth-updown-5m-1782074100","2026-06-21T20:35:00.0000000+00:00",187.345,"88738116692435763924330477192773656026884696162201911852149046170874967542919",0.49,0.5,0.01,0.5,6.0093,12.0186,1,5,0.01,0.5,""
"2026-06-21T20:31:53.7450715+00:00","eth-updown-5m-1782074100","2026-06-21T20:35:00.0000000+00:00",186.255,"88738116692435763924330477192773656026884696162201911852149046170874967542919",0.49,0.5,0.01,0.5,6.0093,12.0186,1,5,0.01,0.5,""
"2026-06-21T20:31:54.8477015+00:00","eth-updown-5m-1782074100","2026-06-21T20:35:00.0000000+00:00",185.152,"88738116692435763924330477192773656026884696162201911852149046170874967542919",0.49,0.5,0.01,0.5,6.0093,12.0186,1,5,0.01,0.5,""
"2026-06-21T20:31:55.9300766+00:00","eth-updown-5m-1782074100","2026-06-21T20:35:00.0000000+00:00",184.07,"88738116692435763924330477192773656026884696162201911852149046170874967542919",0.49,0.5,0.01,0.5,6.0093,12.0186,1,5,0.01,0.5,""
"2026-06-21T20:31:57.0198461+00:00","eth-updown-5m-1782074100","2026-06-21T20:35:00.0000000+00:00",182.98,"88738116692435763924330477192773656026884696162201911852149046170874967542919",0.49,0.5,0.01,0.5,6.0093,12.0186,1,5,0.01,0.5,""
"2026-06-21T20:31:58.1086221+00:00","eth-updown-5m-1782074100","2026-06-21T20:35:00.0000000+00:00",181.891,"88738116692435763924330477192773656026884696162201911852149046170874967542919",0.49,0.5,0.01,0.5,6.0093,12.0186,1,5,0.01,0.5,""
"2026-06-21T20:31:59.1898312+00:00","eth-updown-5m-1782074100","2026-06-21T20:35:00.0000000+00:00",180.81,"88738116692435763924330477192773656026884696162201911852149046170874967542919",0.49,0.5,0.01,0.5,6.0093,12.0186,1,5,0.01,0.5,""
"2026-06-21T20:32:00.2928715+00:00","eth-updown-5m-1782074100","2026-06-21T20:35:00.0000000+00:00",179.707,"88738116692435763924330477192773656026884696162201911852149046170874967542919",0.49,0.5,0.01,0.5,6.0093,12.0186,1,5,0.01,0.5,""
"2026-06-21T20:32:01.3700634+00:00","eth-updown-5m-1782074100","2026-06-21T20:35:00.0000000+00:00",178.63,"88738116692435763924330477192773656026884696162201911852149046170874967542919",0.49,0.5,0.01,0.5,6.0093,12.0186,1,5,0.01,0.5,""
"2026-06-21T20:32:02.4455542+00:00","eth-updown-5m-1782074100","2026-06-21T20:35:00.0000000+00:00",177.554,"88738116692435763924330477192773656026884696162201911852149046170874967542919",0.49,0.5,0.01,0.5,6.0093,12.0186,1,5,0.01,0.5,""
"2026-06-21T20:32:03.5225262+00:00","eth-updown-5m-1782074100","2026-06-21T20:35:00.0000000+00:00",176.477,"88738116692435763924330477192773656026884696162201911852149046170874967542919",0.49,0.5,0.01,0.5,6.0093,12.0186,1,5,0.01,0.5,""
"2026-06-21T20:32:04.6484146+00:00","eth-updown-5m-1782074100","2026-06-21T20:35:00.0000000+00:00",175.352,"88738116692435763924330477192773656026884696162201911852149046170874967542919",0.49,0.5,0.01,0.5,6.0093,12.0186,1,5,0.01,0.5,""
"2026-06-21T20:32:05.7368966+00:00","eth-updown-5m-1782074100","2026-06-21T20:35:00.0000000+00:00",174.263,"88738116692435763924330477192773656026884696162201911852149046170874967542919",0.49,0.5,0.01,0.5,6.0093,12.0186,1,5,0.01,0.5,""
"2026-06-21T20:32:06.8443622+00:00","eth-updown-5m-1782074100","2026-06-21T20:35:00.0000000+00:00",173.156,"88738116692435763924330477192773656026884696162201911852149046170874967542919",0.49,0.5,0.01,0.5,6.0093,12.0186,1,5,0.01,0.5,""
"2026-06-21T20:32:07.9365134+00:00","eth-updown-5m-1782074100","2026-06-21T20:35:00.0000000+00:00",172.063,"88738116692435763924330477192773656026884696162201911852149046170874967542919",0.49,0.5,0.01,0.5,6.0093,12.0186,1,5,0.01,0.5,""
"2026-06-21T20:32:09.0159167+00:00","eth-updown-5m-1782074100","2026-06-21T20:35:00.0000000+00:00",170.984,"88738116692435763924330477192773656026884696162201911852149046170874967542919",0.49,0.5,0.01,0.5,6.0093,12.0186,1,5,0.01,0.5,""
"2026-06-21T20:32:10.1769520+00:00","eth-updown-5m-1782074100","2026-06-21T20:35:00.0000000+00:00",169.823,"88738116692435763924330477192773656026884696162201911852149046170874967542919",0.49,0.5,0.01,0.5,6.0093,12.0186,1,5,0.01,0.5,""
"2026-06-21T20:32:11.2554009+00:00","eth-updown-5m-1782074100","2026-06-21T20:35:00.0000000+00:00",168.745,"88738116692435763924330477192773656026884696162201911852149046170874967542919",0.49,0.5,0.01,0.5,6.0093,12.0186,1,5,0.01,0.5,""
"2026-06-21T20:32:12.3448653+00:00","eth-updown-5m-1782074100","2026-06-21T20:35:00.0000000+00:00",167.655,"88738116692435763924330477192773656026884696162201911852149046170874967542919",0.49,0.5,0.01,0.5,6.0093,12.0186,1,5,0.01,0.5,""
"2026-06-21T20:32:13.4363614+00:00","eth-updown-5m-1782074100","2026-06-21T20:35:00.0000000+00:00",166.564,"88738116692435763924330477192773656026884696162201911852149046170874967542919",0.49,0.5,0.01,0.5,6.0093,12.0186,1,5,0.01,0.5,""
"2026-06-21T20:32:14.5410687+00:00","eth-updown-5m-1782074100","2026-06-21T20:35:00.0000000+00:00",165.459,"88738116692435763924330477192773656026884696162201911852149046170874967542919",0.49,0.5,0.01,0.5,6.0093,12.0186,1,5,0.01,0.5,""
"2026-06-21T20:32:15.6448438+00:00","eth-updown-5m-1782074100","2026-06-21T20:35:00.0000000+00:00",164.355,"88738116692435763924330477192773656026884696162201911852149046170874967542919",0.49,0.5,0.01,0.5,6.0093,12.0186,1,5,0.01,0.5,""
"2026-06-21T20:32:16.7394654+00:00","eth-updown-5m-1782074100","2026-06-21T20:35:00.0000000+00:00",163.261,"88738116692435763924330477192773656026884696162201911852149046170874967542919",0.49,0.5,0.01,0.5,6.0093,12.0186,1,5,0.01,0.5,""
"2026-06-21T20:32:17.8154882+00:00","eth-updown-5m-1782074100","2026-06-21T20:35:00.0000000+00:00",162.185,"88738116692435763924330477192773656026884696162201911852149046170874967542919",0.49,0.5,0.01,0.5,6.0093,12.0186,1,5,0.01,0.5,""
"2026-06-21T20:32:18.9037195+00:00","eth-updown-5m-1782074100","2026-06-21T20:35:00.0000000+00:00",161.096,"88738116692435763924330477192773656026884696162201911852149046170874967542919",0.49,0.5,0.01,0.5,6.0093,12.0186,1,5,0.01,0.5,""
"2026-06-21T20:32:19.9977356+00:00","eth-updown-5m-1782074100","2026-06-21T20:35:00.0000000+00:00",160.002,"88738116692435763924330477192773656026884696162201911852149046170874967542919",0.49,0.5,0.01,0.5,6.0093,12.0186,1,5,0.01,0.5,""
"2026-06-21T20:32:21.0888429+00:00","eth-updown-5m-1782074100","2026-06-21T20:35:00.0000000+00:00",158.911,"88738116692435763924330477192773656026884696162201911852149046170874967542919",0.49,0.5,0.01,0.5,6.0093,12.0186,1,5,0.01,0.5,""
"2026-06-21T20:32:22.1650305+00:00","eth-updown-5m-1782074100","2026-06-21T20:35:00.0000000+00:00",157.835,"88738116692435763924330477192773656026884696162201911852149046170874967542919",0.49,0.5,0.01,0.5,6.0093,12.0186,1,5,0.01,0.5,""
"2026-06-21T20:32:23.2487843+00:00","eth-updown-5m-1782074100","2026-06-21T20:35:00.0000000+00:00",156.751,"88738116692435763924330477192773656026884696162201911852149046170874967542919",0.49,0.5,0.01,0.5,6.0093,12.0186,1,5,0.01,0.5,""
"2026-06-21T20:32:24.3363165+00:00","eth-updown-5m-1782074100","2026-06-21T20:35:00.0000000+00:00",155.664,"88738116692435763924330477192773656026884696162201911852149046170874967542919",0.49,0.5,0.01,0.5,6.0093,12.0186,1,5,0.01,0.5,""
"2026-06-21T20:32:25.4552482+00:00","eth-updown-5m-1782074100","2026-06-21T20:35:00.0000000+00:00",154.545,"88738116692435763924330477192773656026884696162201911852149046170874967542919",0.49,0.5,0.01,0.5,6.0093,12.0186,1,5,0.01,0.5,""
"2026-06-21T20:32:26.5413856+00:00","eth-updown-5m-1782074100","2026-06-21T20:35:00.0000000+00:00",153.459,"88738116692435763924330477192773656026884696162201911852149046170874967542919",0.49,0.5,0.01,0.5,6.0093,12.0186,1,5,0.01,0.5,""
"2026-06-21T20:32:27.6199306+00:00","eth-updown-5m-1782074100","2026-06-21T20:35:00.0000000+00:00",152.38,"88738116692435763924330477192773656026884696162201911852149046170874967542919",0.49,0.5,0.01,0.5,6.0093,12.0186,1,5,0.01,0.5,""
"2026-06-21T20:32:28.6952712+00:00","eth-updown-5m-1782074100","2026-06-21T20:35:00.0000000+00:00",151.305,"88738116692435763924330477192773656026884696162201911852149046170874967542919",0.49,0.5,0.01,0.5,6.0093,12.0186,1,5,0.01,0.5,""
"2026-06-21T20:32:29.8767569+00:00","eth-updown-5m-1782074100","2026-06-21T20:35:00.0000000+00:00",150.123,"88738116692435763924330477192773656026884696162201911852149046170874967542919",0.49,0.5,0.01,0.5,6.0093,12.0186,1,5,0.01,0.5,""
"2026-06-21T20:32:30.9635848+00:00","eth-updown-5m-1782074100","2026-06-21T20:35:00.0000000+00:00",149.036,"88738116692435763924330477192773656026884696162201911852149046170874967542919",0.49,0.5,0.01,0.5,6.0093,12.0186,1,5,0.01,0.5,""
"2026-06-21T20:32:32.0521738+00:00","eth-updown-5m-1782074100","2026-06-21T20:35:00.0000000+00:00",147.948,"88738116692435763924330477192773656026884696162201911852149046170874967542919",0.49,0.5,0.01,0.5,6.0093,12.0186,1,5,0.01,0.5,""
"2026-06-21T20:32:33.1431536+00:00","eth-updown-5m-1782074100","2026-06-21T20:35:00.0000000+00:00",146.857,"88738116692435763924330477192773656026884696162201911852149046170874967542919",0.49,0.5,0.01,0.5,6.0093,12.0186,1,5,0.01,0.5,""
"2026-06-21T20:32:34.2510580+00:00","eth-updown-5m-1782074100","2026-06-21T20:35:00.0000000+00:00",145.749,"88738116692435763924330477192773656026884696162201911852149046170874967542919",0.49,0.5,0.01,0.5,6.0093,12.0186,1,5,0.01,0.5,""
"2026-06-21T20:32:35.3691688+00:00","eth-updown-5m-1782074100","2026-06-21T20:35:00.0000000+00:00",144.631,"88738116692435763924330477192773656026884696162201911852149046170874967542919",0.49,0.5,0.01,0.5,6.0093,12.0186,1,5,0.01,0.5,""
"2026-06-21T20:32:36.4739866+00:00","eth-updown-5m-1782074100","2026-06-21T20:35:00.0000000+00:00",143.526,"88738116692435763924330477192773656026884696162201911852149046170874967542919",0.49,0.5,0.01,0.5,6.0093,12.0186,1,5,0.01,0.5,""
"2026-06-21T20:32:37.5652456+00:00","eth-updown-5m-1782074100","2026-06-21T20:35:00.0000000+00:00",142.435,"88738116692435763924330477192773656026884696162201911852149046170874967542919",0.49,0.5,0.01,0.5,6.0093,12.0186,1,5,0.01,0.5,""
"2026-06-21T20:32:38.6529535+00:00","eth-updown-5m-1782074100","2026-06-21T20:35:00.0000000+00:00",141.347,"88738116692435763924330477192773656026884696162201911852149046170874967542919",0.49,0.5,0.01,0.5,6.0093,12.0186,1,5,0.01,0.5,""
"2026-06-21T20:32:39.7412486+00:00","eth-updown-5m-1782074100","2026-06-21T20:35:00.0000000+00:00",140.259,"88738116692435763924330477192773656026884696162201911852149046170874967542919",0.49,0.5,0.01,0.5,6.0093,12.0186,1,5,0.01,0.5,""
"2026-06-21T20:32:40.8175824+00:00","eth-updown-5m-1782074100","2026-06-21T20:35:00.0000000+00:00",139.182,"88738116692435763924330477192773656026884696162201911852149046170874967542919",0.49,0.5,0.01,0.5,6.0093,12.0186,1,5,0.01,0.5,""
"2026-06-21T20:32:41.8950584+00:00","eth-updown-5m-1782074100","2026-06-21T20:35:00.0000000+00:00",138.105,"88738116692435763924330477192773656026884696162201911852149046170874967542919",0.49,0.5,0.01,0.5,6.0093,12.0186,1,5,0.01,0.5,""
"2026-06-21T20:32:42.9906479+00:00","eth-updown-5m-1782074100","2026-06-21T20:35:00.0000000+00:00",137.009,"88738116692435763924330477192773656026884696162201911852149046170874967542919",0.49,0.5,0.01,0.5,6.0093,12.0186,1,5,0.01,0.5,""
"2026-06-21T20:32:44.2783135+00:00","eth-updown-5m-1782074100","2026-06-21T20:35:00.0000000+00:00",135.722,"88738116692435763924330477192773656026884696162201911852149046170874967542919",0.49,0.5,0.01,0.5,6.0093,12.0186,1,5,0.01,0.5,""
"2026-06-21T20:32:45.3831115+00:00","eth-updown-5m-1782074100","2026-06-21T20:35:00.0000000+00:00",134.617,"88738116692435763924330477192773656026884696162201911852149046170874967542919",0.49,0.5,0.01,0.5,6.0093,12.0186,1,5,0.01,0.5,""
"2026-06-21T20:32:46.4648312+00:00","eth-updown-5m-1782074100","2026-06-21T20:35:00.0000000+00:00",133.535,"88738116692435763924330477192773656026884696162201911852149046170874967542919",0.49,0.5,0.01,0.5,6.0093,12.0186,1,5,0.01,0.5,""
"2026-06-21T20:32:47.5544826+00:00","eth-updown-5m-1782074100","2026-06-21T20:35:00.0000000+00:00",132.446,"88738116692435763924330477192773656026884696162201911852149046170874967542919",0.49,0.5,0.01,0.5,6.0093,12.0186,1,5,0.01,0.5,""
"2026-06-21T20:32:48.6342383+00:00","eth-updown-5m-1782074100","2026-06-21T20:35:00.0000000+00:00",131.366,"88738116692435763924330477192773656026884696162201911852149046170874967542919",0.49,0.5,0.01,0.5,6.0093,12.0186,1,5,0.01,0.5,""
"2026-06-21T20:32:49.7214383+00:00","eth-updown-5m-1782074100","2026-06-21T20:35:00.0000000+00:00",130.279,"88738116692435763924330477192773656026884696162201911852149046170874967542919",0.49,0.5,0.01,0.5,6.0093,12.0186,1,5,0.01,0.5,""
"2026-06-21T20:32:50.8042791+00:00","eth-updown-5m-1782074100","2026-06-21T20:35:00.0000000+00:00",129.196,"88738116692435763924330477192773656026884696162201911852149046170874967542919",0.49,0.5,0.01,0.5,6.0093,12.0186,1,5,0.01,0.5,""
"2026-06-21T20:32:51.8961239+00:00","eth-updown-5m-1782074100","2026-06-21T20:35:00.0000000+00:00",128.104,"88738116692435763924330477192773656026884696162201911852149046170874967542919",0.49,0.5,0.01,0.5,6.0093,12.0186,1,5,0.01,0.5,""
"2026-06-21T20:32:52.9857406+00:00","eth-updown-5m-1782074100","2026-06-21T20:35:00.0000000+00:00",127.014,"88738116692435763924330477192773656026884696162201911852149046170874967542919",0.49,0.5,0.01,0.5,6.0093,12.0186,1,5,0.01,0.5,""
"2026-06-21T20:32:54.0807375+00:00","eth-updown-5m-1782074100","2026-06-21T20:35:00.0000000+00:00",125.919,"88738116692435763924330477192773656026884696162201911852149046170874967542919",0.49,0.5,0.01,0.5,6.0093,12.0186,1,5,0.01,0.5,""
"2026-06-21T20:32:55.4434733+00:00","eth-updown-5m-1782074100","2026-06-21T20:35:00.0000000+00:00",124.557,"88738116692435763924330477192773656026884696162201911852149046170874967542919",0.49,0.5,0.01,0.5,6.0093,12.0186,1,5,0.01,0.5,""
"2026-06-21T20:32:56.5360568+00:00","eth-updown-5m-1782074100","2026-06-21T20:35:00.0000000+00:00",123.464,"88738116692435763924330477192773656026884696162201911852149046170874967542919",0.49,0.5,0.01,0.5,6.0093,12.0186,1,5,0.01,0.5,""
"2026-06-21T20:32:57.6476787+00:00","eth-updown-5m-1782074100","2026-06-21T20:35:00.0000000+00:00",122.352,"88738116692435763924330477192773656026884696162201911852149046170874967542919",0.49,0.5,0.01,0.5,6.0093,12.0186,1,5,0.01,0.5,""
"2026-06-21T20:32:58.7273513+00:00","eth-updown-5m-1782074100","2026-06-21T20:35:00.0000000+00:00",121.273,"88738116692435763924330477192773656026884696162201911852149046170874967542919",0.49,0.5,0.01,0.5,6.0093,12.0186,1,5,0.01,0.5,""
"2026-06-21T20:32:59.8032557+00:00","eth-updown-5m-1782074100","2026-06-21T20:35:00.0000000+00:00",120.197,"88738116692435763924330477192773656026884696162201911852149046170874967542919",0.49,0.5,0.01,0.5,6.0093,12.0186,1,5,0.01,0.5,""
"2026-06-21T20:33:00.9096637+00:00","eth-updown-5m-1782074100","2026-06-21T20:35:00.0000000+00:00",119.09,"88738116692435763924330477192773656026884696162201911852149046170874967542919",0.49,0.5,0.01,0.5,6.0093,12.0186,1,5,0.01,0.5,""
"2026-06-21T20:33:00.9096637+00:00","eth-updown-5m-1782074400","2026-06-21T20:40:00.0000000+00:00",419.09,"102207505799905758747853642057057876554285667439374983081372105958456583892065",0.49,0.5,0.01,0.50076682,6.0093,12.00019608,2,5,0.01,0.5,""
"2026-06-21T20:33:02.2341745+00:00","eth-updown-5m-1782074100","2026-06-21T20:35:00.0000000+00:00",117.766,"88738116692435763924330477192773656026884696162201911852149046170874967542919",0.49,0.5,0.01,0.5,6.0093,12.0186,1,5,0.01,0.5,""
"2026-06-21T20:33:02.2341745+00:00","eth-updown-5m-1782074400","2026-06-21T20:40:00.0000000+00:00",417.766,"102207505799905758747853642057057876554285667439374983081372105958456583892065",0.49,0.5,0.01,0.50076682,6.0093,12.00019608,2,5,0.01,0.5,""
"2026-06-21T20:33:03.4165820+00:00","eth-updown-5m-1782074100","2026-06-21T20:35:00.0000000+00:00",116.583,"88738116692435763924330477192773656026884696162201911852149046170874967542919",0.49,0.5,0.01,0.5,6.0093,12.0186,1,5,0.01,0.5,""
"2026-06-21T20:33:03.4165820+00:00","eth-updown-5m-1782074400","2026-06-21T20:40:00.0000000+00:00",416.583,"102207505799905758747853642057057876554285667439374983081372105958456583892065",0.49,0.5,0.01,0.50076682,6.0093,12.00019608,2,5,0.01,0.5,""
"2026-06-21T20:33:04.5985919+00:00","eth-updown-5m-1782074100","2026-06-21T20:35:00.0000000+00:00",115.401,"88738116692435763924330477192773656026884696162201911852149046170874967542919",0.49,0.5,0.01,0.5,6.0093,12.0186,1,5,0.01,0.5,""
"2026-06-21T20:33:04.5985919+00:00","eth-updown-5m-1782074400","2026-06-21T20:40:00.0000000+00:00",415.401,"102207505799905758747853642057057876554285667439374983081372105958456583892065",0.49,0.5,0.01,0.50076682,6.0093,12.00019608,2,5,0.01,0.5,""
"2026-06-21T20:33:05.7987246+00:00","eth-updown-5m-1782074100","2026-06-21T20:35:00.0000000+00:00",114.201,"88738116692435763924330477192773656026884696162201911852149046170874967542919",0.49,0.5,0.01,0.5,6.0093,12.0186,1,5,0.01,0.5,""
"2026-06-21T20:33:05.7987246+00:00","eth-updown-5m-1782074400","2026-06-21T20:40:00.0000000+00:00",414.201,"102207505799905758747853642057057876554285667439374983081372105958456583892065",0.49,0.5,0.01,0.50076682,6.0093,12.00019608,2,5,0.01,0.5,""
"2026-06-21T20:33:06.9669905+00:00","eth-updown-5m-1782074100","2026-06-21T20:35:00.0000000+00:00",113.033,"88738116692435763924330477192773656026884696162201911852149046170874967542919",0.49,0.5,0.01,0.5,6.0093,12.0186,1,5,0.01,0.5,""
"2026-06-21T20:33:06.9669905+00:00","eth-updown-5m-1782074400","2026-06-21T20:40:00.0000000+00:00",413.033,"102207505799905758747853642057057876554285667439374983081372105958456583892065",0.49,0.5,0.01,0.50076682,6.0093,12.00019608,2,5,0.01,0.5,""
"2026-06-21T20:33:08.1388699+00:00","eth-updown-5m-1782074100","2026-06-21T20:35:00.0000000+00:00",111.861,"88738116692435763924330477192773656026884696162201911852149046170874967542919",0.49,0.5,0.01,0.5,6.0093,12.0186,1,5,0.01,0.5,""
"2026-06-21T20:33:08.1388699+00:00","eth-updown-5m-1782074400","2026-06-21T20:40:00.0000000+00:00",411.861,"102207505799905758747853642057057876554285667439374983081372105958456583892065",0.49,0.5,0.01,0.50076682,6.0093,12.00019608,2,5,0.01,0.5,""
"2026-06-21T20:33:09.3094387+00:00","eth-updown-5m-1782074100","2026-06-21T20:35:00.0000000+00:00",110.691,"88738116692435763924330477192773656026884696162201911852149046170874967542919",0.49,0.5,0.01,0.5,6.0093,12.0186,1,5,0.01,0.5,""
"2026-06-21T20:33:09.3094387+00:00","eth-updown-5m-1782074400","2026-06-21T20:40:00.0000000+00:00",410.691,"102207505799905758747853642057057876554285667439374983081372105958456583892065",0.49,0.5,0.01,0.50076682,6.0093,12.00019608,2,5,0.01,0.5,""
"2026-06-21T20:33:10.4982716+00:00","eth-updown-5m-1782074100","2026-06-21T20:35:00.0000000+00:00",109.502,"88738116692435763924330477192773656026884696162201911852149046170874967542919",0.49,0.5,0.01,0.5,6.0093,12.0186,1,5,0.01,0.5,""
"2026-06-21T20:33:10.4982716+00:00","eth-updown-5m-1782074400","2026-06-21T20:40:00.0000000+00:00",409.502,"102207505799905758747853642057057876554285667439374983081372105958456583892065",0.49,0.5,0.01,0.50076682,6.0093,12.00019608,2,5,0.01,0.5,""
"2026-06-21T20:33:11.6565343+00:00","eth-updown-5m-1782074100","2026-06-21T20:35:00.0000000+00:00",108.343,"88738116692435763924330477192773656026884696162201911852149046170874967542919",0.49,0.5,0.01,0.5,6.0093,12.0186,1,5,0.01,0.5,""
"2026-06-21T20:33:11.6565343+00:00","eth-updown-5m-1782074400","2026-06-21T20:40:00.0000000+00:00",408.343,"102207505799905758747853642057057876554285667439374983081372105958456583892065",0.49,0.5,0.01,0.50076682,6.0093,12.00019608,2,5,0.01,0.5,""
"2026-06-21T20:33:13.4334014+00:00","eth-updown-5m-1782074100","2026-06-21T20:35:00.0000000+00:00",106.567,"88738116692435763924330477192773656026884696162201911852149046170874967542919",0.49,0.5,0.01,0.5,6.0093,12.0186,1,5,0.01,0.5,""
"2026-06-21T20:33:13.4334014+00:00","eth-updown-5m-1782074400","2026-06-21T20:40:00.0000000+00:00",406.567,"102207505799905758747853642057057876554285667439374983081372105958456583892065",0.49,0.5,0.01,0.50076682,6.0093,12.00019608,2,5,0.01,0.5,""
"2026-06-21T20:33:14.6527274+00:00","eth-updown-5m-1782074100","2026-06-21T20:35:00.0000000+00:00",105.347,"88738116692435763924330477192773656026884696162201911852149046170874967542919",0.49,0.5,0.01,0.5,6.0093,12.0186,1,5,0.01,0.5,""
"2026-06-21T20:33:14.6527274+00:00","eth-updown-5m-1782074400","2026-06-21T20:40:00.0000000+00:00",405.347,"102207505799905758747853642057057876554285667439374983081372105958456583892065",0.49,0.5,0.01,0.50076682,6.0093,12.00019608,2,5,0.01,0.5,""
"2026-06-21T20:33:15.8228942+00:00","eth-updown-5m-1782074100","2026-06-21T20:35:00.0000000+00:00",104.177,"88738116692435763924330477192773656026884696162201911852149046170874967542919",0.49,0.5,0.01,0.5,6.0093,12.0186,1,5,0.01,0.5,""
"2026-06-21T20:33:15.8228942+00:00","eth-updown-5m-1782074400","2026-06-21T20:40:00.0000000+00:00",404.177,"102207505799905758747853642057057876554285667439374983081372105958456583892065",0.49,0.5,0.01,0.50076682,6.0093,12.00019608,2,5,0.01,0.5,""
"2026-06-21T20:33:16.9926246+00:00","eth-updown-5m-1782074100","2026-06-21T20:35:00.0000000+00:00",103.007,"88738116692435763924330477192773656026884696162201911852149046170874967542919",0.49,0.5,0.01,0.5,6.0093,12.0186,1,5,0.01,0.5,""
"2026-06-21T20:33:16.9926246+00:00","eth-updown-5m-1782074400","2026-06-21T20:40:00.0000000+00:00",403.007,"102207505799905758747853642057057876554285667439374983081372105958456583892065",0.49,0.5,0.01,0.50076682,6.0093,12.00019608,2,5,0.01,0.5,""
"2026-06-21T20:33:18.1503956+00:00","eth-updown-5m-1782074100","2026-06-21T20:35:00.0000000+00:00",101.85,"88738116692435763924330477192773656026884696162201911852149046170874967542919",0.49,0.5,0.01,0.5,6.0093,12.0186,1,5,0.01,0.5,""
"2026-06-21T20:33:18.1503956+00:00","eth-updown-5m-1782074400","2026-06-21T20:40:00.0000000+00:00",401.85,"102207505799905758747853642057057876554285667439374983081372105958456583892065",0.49,0.5,0.01,0.50076682,6.0093,12.00019608,2,5,0.01,0.5,""
"2026-06-21T20:33:19.3160310+00:00","eth-updown-5m-1782074100","2026-06-21T20:35:00.0000000+00:00",100.684,"88738116692435763924330477192773656026884696162201911852149046170874967542919",0.49,0.5,0.01,0.5,6.0093,12.0186,1,5,0.01,0.5,""
"2026-06-21T20:33:19.3160310+00:00","eth-updown-5m-1782074400","2026-06-21T20:40:00.0000000+00:00",400.684,"102207505799905758747853642057057876554285667439374983081372105958456583892065",0.49,0.5,0.01,0.50076682,6.0093,12.00019608,2,5,0.01,0.5,""
"2026-06-21T20:33:20.5020288+00:00","eth-updown-5m-1782074100","2026-06-21T20:35:00.0000000+00:00",99.498,"88738116692435763924330477192773656026884696162201911852149046170874967542919",0.49,0.5,0.01,0.5,6.0093,12.0186,1,5,0.01,0.5,""
"2026-06-21T20:33:20.5020288+00:00","eth-updown-5m-1782074400","2026-06-21T20:40:00.0000000+00:00",399.498,"102207505799905758747853642057057876554285667439374983081372105958456583892065",0.49,0.5,0.01,0.50076682,6.0093,12.00019608,2,5,0.01,0.5,""
"2026-06-21T20:33:21.7022095+00:00","eth-updown-5m-1782074100","2026-06-21T20:35:00.0000000+00:00",98.298,"88738116692435763924330477192773656026884696162201911852149046170874967542919",0.49,0.5,0.01,0.5,6.0093,12.0186,1,5,0.01,0.5,""
"2026-06-21T20:33:21.7022095+00:00","eth-updown-5m-1782074400","2026-06-21T20:40:00.0000000+00:00",398.298,"102207505799905758747853642057057876554285667439374983081372105958456583892065",0.49,0.5,0.01,0.50076682,6.0093,12.00019608,2,5,0.01,0.5,""
"2026-06-21T20:33:22.8694592+00:00","eth-updown-5m-1782074100","2026-06-21T20:35:00.0000000+00:00",97.131,"88738116692435763924330477192773656026884696162201911852149046170874967542919",0.49,0.5,0.01,0.5,6.0093,12.0186,1,5,0.01,0.5,""
"2026-06-21T20:33:22.8694592+00:00","eth-updown-5m-1782074400","2026-06-21T20:40:00.0000000+00:00",397.131,"102207505799905758747853642057057876554285667439374983081372105958456583892065",0.49,0.5,0.01,0.50076682,6.0093,12.00019608,2,5,0.01,0.5,""
"2026-06-21T20:33:24.0858644+00:00","eth-updown-5m-1782074100","2026-06-21T20:35:00.0000000+00:00",95.914,"88738116692435763924330477192773656026884696162201911852149046170874967542919",0.49,0.5,0.01,0.5,6.0093,12.0186,1,5,0.01,0.5,""
"2026-06-21T20:33:24.0858644+00:00","eth-updown-5m-1782074400","2026-06-21T20:40:00.0000000+00:00",395.914,"102207505799905758747853642057057876554285667439374983081372105958456583892065",0.49,0.5,0.01,0.50076682,6.0093,12.00019608,2,5,0.01,0.5,""
"2026-06-21T20:33:25.2571396+00:00","eth-updown-5m-1782074100","2026-06-21T20:35:00.0000000+00:00",94.743,"88738116692435763924330477192773656026884696162201911852149046170874967542919",0.49,0.5,0.01,0.5,6.0093,12.0186,1,5,0.01,0.5,""
"2026-06-21T20:33:25.2571396+00:00","eth-updown-5m-1782074400","2026-06-21T20:40:00.0000000+00:00",394.743,"102207505799905758747853642057057876554285667439374983081372105958456583892065",0.49,0.5,0.01,0.50076682,6.0093,12.00019608,2,5,0.01,0.5,""
"2026-06-21T20:33:26.4574759+00:00","eth-updown-5m-1782074100","2026-06-21T20:35:00.0000000+00:00",93.543,"88738116692435763924330477192773656026884696162201911852149046170874967542919",0.49,0.5,0.01,0.5,6.0093,12.0186,1,5,0.01,0.5,""
"2026-06-21T20:33:26.4574759+00:00","eth-updown-5m-1782074400","2026-06-21T20:40:00.0000000+00:00",393.543,"102207505799905758747853642057057876554285667439374983081372105958456583892065",0.49,0.5,0.01,0.50076682,6.0093,12.00019608,2,5,0.01,0.5,""
"2026-06-21T20:33:27.6885822+00:00","eth-updown-5m-1782074100","2026-06-21T20:35:00.0000000+00:00",92.311,"88738116692435763924330477192773656026884696162201911852149046170874967542919",0.49,0.5,0.01,0.5,6.0093,12.0186,1,5,0.01,0.5,""
"2026-06-21T20:33:27.6885822+00:00","eth-updown-5m-1782074400","2026-06-21T20:40:00.0000000+00:00",392.311,"102207505799905758747853642057057876554285667439374983081372105958456583892065",0.49,0.5,0.01,0.50076682,6.0093,12.00019608,2,5,0.01,0.5,""
"2026-06-21T20:33:28.8475381+00:00","eth-updown-5m-1782074100","2026-06-21T20:35:00.0000000+00:00",91.152,"88738116692435763924330477192773656026884696162201911852149046170874967542919",0.49,0.5,0.01,0.5,6.0093,12.0186,1,5,0.01,0.5,""
"2026-06-21T20:33:28.8475381+00:00","eth-updown-5m-1782074400","2026-06-21T20:40:00.0000000+00:00",391.152,"102207505799905758747853642057057876554285667439374983081372105958456583892065",0.49,0.5,0.01,0.50076682,6.0093,12.00019608,2,5,0.01,0.5,""
"2026-06-21T20:33:30.0118267+00:00","eth-updown-5m-1782074100","2026-06-21T20:35:00.0000000+00:00",89.988,"88738116692435763924330477192773656026884696162201911852149046170874967542919",0.49,0.5,0.01,0.5,6.0093,12.0186,1,5,0.01,0.5,""
"2026-06-21T20:33:30.0118267+00:00","eth-updown-5m-1782074400","2026-06-21T20:40:00.0000000+00:00",389.988,"102207505799905758747853642057057876554285667439374983081372105958456583892065",0.49,0.5,0.01,0.50076682,6.0093,12.00019608,2,5,0.01,0.5,""
"2026-06-21T20:33:31.2183448+00:00","eth-updown-5m-1782074100","2026-06-21T20:35:00.0000000+00:00",88.782,"88738116692435763924330477192773656026884696162201911852149046170874967542919",0.49,0.5,0.01,0.5,6.0093,12.0186,1,5,0.01,0.5,""
"2026-06-21T20:33:31.2183448+00:00","eth-updown-5m-1782074400","2026-06-21T20:40:00.0000000+00:00",388.782,"102207505799905758747853642057057876554285667439374983081372105958456583892065",0.49,0.5,0.01,0.50076682,6.0093,12.00019608,2,5,0.01,0.5,""
"2026-06-21T20:33:32.4200812+00:00","eth-updown-5m-1782074100","2026-06-21T20:35:00.0000000+00:00",87.58,"88738116692435763924330477192773656026884696162201911852149046170874967542919",0.49,0.5,0.01,0.5,6.0093,12.0186,1,5,0.01,0.5,""
"2026-06-21T20:33:32.4200812+00:00","eth-updown-5m-1782074400","2026-06-21T20:40:00.0000000+00:00",387.58,"102207505799905758747853642057057876554285667439374983081372105958456583892065",0.49,0.5,0.01,0.50076682,6.0093,12.00019608,2,5,0.01,0.5,""
"2026-06-21T20:33:33.5927138+00:00","eth-updown-5m-1782074100","2026-06-21T20:35:00.0000000+00:00",86.407,"88738116692435763924330477192773656026884696162201911852149046170874967542919",0.49,0.5,0.01,0.5,6.0093,12.0186,1,5,0.01,0.5,""
"2026-06-21T20:33:33.5927138+00:00","eth-updown-5m-1782074400","2026-06-21T20:40:00.0000000+00:00",386.407,"102207505799905758747853642057057876554285667439374983081372105958456583892065",0.49,0.5,0.01,0.50076682,6.0093,12.00019608,2,5,0.01,0.5,""
"2026-06-21T20:33:34.7473242+00:00","eth-updown-5m-1782074100","2026-06-21T20:35:00.0000000+00:00",85.253,"88738116692435763924330477192773656026884696162201911852149046170874967542919",0.49,0.5,0.01,0.5,6.0093,12.0186,1,5,0.01,0.5,""
"2026-06-21T20:33:34.7473242+00:00","eth-updown-5m-1782074400","2026-06-21T20:40:00.0000000+00:00",385.253,"102207505799905758747853642057057876554285667439374983081372105958456583892065",0.49,0.5,0.01,0.50076682,6.0093,12.00019608,2,5,0.01,0.5,""
"2026-06-21T20:33:35.9669013+00:00","eth-updown-5m-1782074100","2026-06-21T20:35:00.0000000+00:00",84.033,"88738116692435763924330477192773656026884696162201911852149046170874967542919",0.49,0.5,0.01,0.5,6.0093,12.0186,1,5,0.01,0.5,""
"2026-06-21T20:33:35.9669013+00:00","eth-updown-5m-1782074400","2026-06-21T20:40:00.0000000+00:00",384.033,"102207505799905758747853642057057876554285667439374983081372105958456583892065",0.49,0.5,0.01,0.50076682,6.0093,12.00019608,2,5,0.01,0.5,""
"2026-06-21T20:33:37.1509826+00:00","eth-updown-5m-1782074100","2026-06-21T20:35:00.0000000+00:00",82.849,"88738116692435763924330477192773656026884696162201911852149046170874967542919",0.49,0.5,0.01,0.5,6.0093,12.0186,1,5,0.01,0.5,""
"2026-06-21T20:33:37.1509826+00:00","eth-updown-5m-1782074400","2026-06-21T20:40:00.0000000+00:00",382.849,"102207505799905758747853642057057876554285667439374983081372105958456583892065",0.49,0.5,0.01,0.50076682,6.0093,12.00019608,2,5,0.01,0.5,""
"2026-06-21T20:33:38.4469430+00:00","eth-updown-5m-1782074100","2026-06-21T20:35:00.0000000+00:00",81.553,"88738116692435763924330477192773656026884696162201911852149046170874967542919",0.49,0.5,0.01,0.5,6.0093,12.0186,1,5,0.01,0.5,""
"2026-06-21T20:33:38.4469430+00:00","eth-updown-5m-1782074400","2026-06-21T20:40:00.0000000+00:00",381.553,"102207505799905758747853642057057876554285667439374983081372105958456583892065",0.49,0.5,0.01,0.50076682,6.0093,12.00019608,2,5,0.01,0.5,""
"2026-06-21T20:33:39.6923712+00:00","eth-updown-5m-1782074100","2026-06-21T20:35:00.0000000+00:00",80.308,"88738116692435763924330477192773656026884696162201911852149046170874967542919",0.49,0.5,0.01,0.5,6.0093,12.0186,1,5,0.01,0.5,""
"2026-06-21T20:33:39.6923712+00:00","eth-updown-5m-1782074400","2026-06-21T20:40:00.0000000+00:00",380.308,"102207505799905758747853642057057876554285667439374983081372105958456583892065",0.49,0.5,0.01,0.50076682,6.0093,12.00019608,2,5,0.01,0.5,""
"2026-06-21T20:33:40.9218515+00:00","eth-updown-5m-1782074100","2026-06-21T20:35:00.0000000+00:00",79.078,"88738116692435763924330477192773656026884696162201911852149046170874967542919",0.49,0.5,0.01,0.5,6.0093,12.0186,1,5,0.01,0.5,""
"2026-06-21T20:33:40.9218515+00:00","eth-updown-5m-1782074400","2026-06-21T20:40:00.0000000+00:00",379.078,"102207505799905758747853642057057876554285667439374983081372105958456583892065",0.49,0.5,0.01,0.50076682,6.0093,12.00019608,2,5,0.01,0.5,""
"2026-06-21T20:33:42.1432484+00:00","eth-updown-5m-1782074100","2026-06-21T20:35:00.0000000+00:00",77.857,"88738116692435763924330477192773656026884696162201911852149046170874967542919",0.49,0.5,0.01,0.5,6.0093,12.0186,1,5,0.01,0.5,""
"2026-06-21T20:33:42.1432484+00:00","eth-updown-5m-1782074400","2026-06-21T20:40:00.0000000+00:00",377.857,"102207505799905758747853642057057876554285667439374983081372105958456583892065",0.49,0.5,0.01,0.50076682,6.0093,12.00019608,2,5,0.01,0.5,""
"2026-06-21T20:33:43.3098552+00:00","eth-updown-5m-1782074100","2026-06-21T20:35:00.0000000+00:00",76.69,"88738116692435763924330477192773656026884696162201911852149046170874967542919",0.49,0.5,0.01,0.5,6.0093,12.0186,1,5,0.01,0.5,""
"2026-06-21T20:33:43.3098552+00:00","eth-updown-5m-1782074400","2026-06-21T20:40:00.0000000+00:00",376.69,"102207505799905758747853642057057876554285667439374983081372105958456583892065",0.49,0.5,0.01,0.50076682,6.0093,12.00019608,2,5,0.01,0.5,""
"2026-06-21T20:33:44.4852725+00:00","eth-updown-5m-1782074100","2026-06-21T20:35:00.0000000+00:00",75.515,"88738116692435763924330477192773656026884696162201911852149046170874967542919",0.49,0.5,0.01,0.5,6.0093,12.0186,1,5,0.01,0.5,""
"2026-06-21T20:33:44.4852725+00:00","eth-updown-5m-1782074400","2026-06-21T20:40:00.0000000+00:00",375.515,"102207505799905758747853642057057876554285667439374983081372105958456583892065",0.49,0.5,0.01,0.50076682,6.0093,12.00019608,2,5,0.01,0.5,""
"2026-06-21T20:33:45.6686907+00:00","eth-updown-5m-1782074100","2026-06-21T20:35:00.0000000+00:00",74.331,"88738116692435763924330477192773656026884696162201911852149046170874967542919",0.49,0.5,0.01,0.5,6.0093,12.0186,1,5,0.01,0.5,""
"2026-06-21T20:33:45.6686907+00:00","eth-updown-5m-1782074400","2026-06-21T20:40:00.0000000+00:00",374.331,"102207505799905758747853642057057876554285667439374983081372105958456583892065",0.49,0.5,0.01,0.50076682,6.0093,12.00019608,2,5,0.01,0.5,""
"2026-06-21T20:33:46.8835542+00:00","eth-updown-5m-1782074100","2026-06-21T20:35:00.0000000+00:00",73.116,"88738116692435763924330477192773656026884696162201911852149046170874967542919",0.49,0.5,0.01,0.5,6.0093,12.0186,1,5,0.01,0.5,""
"2026-06-21T20:33:46.8835542+00:00","eth-updown-5m-1782074400","2026-06-21T20:40:00.0000000+00:00",373.116,"102207505799905758747853642057057876554285667439374983081372105958456583892065",0.49,0.5,0.01,0.50076682,6.0093,12.00019608,2,5,0.01,0.5,""
"2026-06-21T20:33:48.3537157+00:00","eth-updown-5m-1782074100","2026-06-21T20:35:00.0000000+00:00",71.646,"88738116692435763924330477192773656026884696162201911852149046170874967542919",0.49,0.5,0.01,0.5,6.0093,12.0186,1,5,0.01,0.5,""
"2026-06-21T20:33:48.3537157+00:00","eth-updown-5m-1782074400","2026-06-21T20:40:00.0000000+00:00",371.646,"102207505799905758747853642057057876554285667439374983081372105958456583892065",0.49,0.5,0.01,0.50076682,6.0093,12.00019608,2,5,0.01,0.5,""
"2026-06-21T20:33:49.5965375+00:00","eth-updown-5m-1782074100","2026-06-21T20:35:00.0000000+00:00",70.403,"88738116692435763924330477192773656026884696162201911852149046170874967542919",0.49,0.5,0.01,0.5,6.0093,12.0186,1,5,0.01,0.5,""
"2026-06-21T20:33:49.5965375+00:00","eth-updown-5m-1782074400","2026-06-21T20:40:00.0000000+00:00",370.403,"102207505799905758747853642057057876554285667439374983081372105958456583892065",0.49,0.5,0.01,0.50076682,6.0093,12.00019608,2,5,0.01,0.5,""
"2026-06-21T20:33:50.8412378+00:00","eth-updown-5m-1782074100","2026-06-21T20:35:00.0000000+00:00",69.159,"88738116692435763924330477192773656026884696162201911852149046170874967542919",0.49,0.5,0.01,0.5,6.0093,12.0186,1,5,0.01,0.5,""
"2026-06-21T20:33:50.8412378+00:00","eth-updown-5m-1782074400","2026-06-21T20:40:00.0000000+00:00",369.159,"102207505799905758747853642057057876554285667439374983081372105958456583892065",0.49,0.5,0.01,0.50076682,6.0093,12.00019608,2,5,0.01,0.5,""
"2026-06-21T20:33:51.9886068+00:00","eth-updown-5m-1782074100","2026-06-21T20:35:00.0000000+00:00",68.011,"88738116692435763924330477192773656026884696162201911852149046170874967542919",0.49,0.5,0.01,0.5,6.0093,12.0186,1,5,0.01,0.5,""
"2026-06-21T20:33:51.9886068+00:00","eth-updown-5m-1782074400","2026-06-21T20:40:00.0000000+00:00",368.011,"102207505799905758747853642057057876554285667439374983081372105958456583892065",0.49,0.5,0.01,0.50076682,6.0093,12.00019608,2,5,0.01,0.5,""
"2026-06-21T20:33:53.3148652+00:00","eth-updown-5m-1782074100","2026-06-21T20:35:00.0000000+00:00",66.685,"88738116692435763924330477192773656026884696162201911852149046170874967542919",0.49,0.5,0.01,0.5,6.0093,12.0186,1,5,0.01,0.5,""
"2026-06-21T20:33:53.3148652+00:00","eth-updown-5m-1782074400","2026-06-21T20:40:00.0000000+00:00",366.685,"102207505799905758747853642057057876554285667439374983081372105958456583892065",0.49,0.5,0.01,0.50076682,6.0093,12.00019608,2,5,0.01,0.5,""
"2026-06-21T20:33:54.4596251+00:00","eth-updown-5m-1782074100","2026-06-21T20:35:00.0000000+00:00",65.54,"88738116692435763924330477192773656026884696162201911852149046170874967542919",0.49,0.5,0.01,0.5,6.0093,12.0186,1,5,0.01,0.5,""
"2026-06-21T20:33:54.4596251+00:00","eth-updown-5m-1782074400","2026-06-21T20:40:00.0000000+00:00",365.54,"102207505799905758747853642057057876554285667439374983081372105958456583892065",0.49,0.5,0.01,0.50076682,6.0093,12.00019608,2,5,0.01,0.5,""
"2026-06-21T20:33:55.6230939+00:00","eth-updown-5m-1782074100","2026-06-21T20:35:00.0000000+00:00",64.377,"88738116692435763924330477192773656026884696162201911852149046170874967542919",0.49,0.5,0.01,0.5,6.0093,12.0186,1,5,0.01,0.5,""
"2026-06-21T20:33:55.6230939+00:00","eth-updown-5m-1782074400","2026-06-21T20:40:00.0000000+00:00",364.377,"102207505799905758747853642057057876554285667439374983081372105958456583892065",0.49,0.5,0.01,0.50076682,6.0093,12.00019608,2,5,0.01,0.5,""
"2026-06-21T20:33:56.8096437+00:00","eth-updown-5m-1782074100","2026-06-21T20:35:00.0000000+00:00",63.19,"88738116692435763924330477192773656026884696162201911852149046170874967542919",0.49,0.5,0.01,0.5,6.0093,12.0186,1,5,0.01,0.5,""
"2026-06-21T20:33:56.8096437+00:00","eth-updown-5m-1782074400","2026-06-21T20:40:00.0000000+00:00",363.19,"102207505799905758747853642057057876554285667439374983081372105958456583892065",0.49,0.5,0.01,0.50076682,6.0093,12.00019608,2,5,0.01,0.5,""
"2026-06-21T20:33:58.0931553+00:00","eth-updown-5m-1782074100","2026-06-21T20:35:00.0000000+00:00",61.907,"88738116692435763924330477192773656026884696162201911852149046170874967542919",0.49,0.5,0.01,0.5,6.0093,12.0186,1,5,0.01,0.5,""
"2026-06-21T20:33:58.0931553+00:00","eth-updown-5m-1782074400","2026-06-21T20:40:00.0000000+00:00",361.907,"102207505799905758747853642057057876554285667439374983081372105958456583892065",0.49,0.5,0.01,0.50076682,6.0093,12.00019608,2,5,0.01,0.5,""
"2026-06-21T20:33:59.2650782+00:00","eth-updown-5m-1782074100","2026-06-21T20:35:00.0000000+00:00",60.735,"88738116692435763924330477192773656026884696162201911852149046170874967542919",0.49,0.5,0.01,0.5,6.0093,12.0186,1,5,0.01,0.5,""
"2026-06-21T20:33:59.2650782+00:00","eth-updown-5m-1782074400","2026-06-21T20:40:00.0000000+00:00",360.735,"102207505799905758747853642057057876554285667439374983081372105958456583892065",0.49,0.5,0.01,0.50076682,6.0093,12.00019608,2,5,0.01,0.5,""
"2026-06-21T20:34:00.4490478+00:00","eth-updown-5m-1782074100","2026-06-21T20:35:00.0000000+00:00",59.551,"88738116692435763924330477192773656026884696162201911852149046170874967542919",0.49,0.5,0.01,0.5,6.0093,12.0186,1,5,0.01,0.5,""
"2026-06-21T20:34:00.4490478+00:00","eth-updown-5m-1782074400","2026-06-21T20:40:00.0000000+00:00",359.551,"102207505799905758747853642057057876554285667439374983081372105958456583892065",0.49,0.5,0.01,0.50579159,6.0093,11.88098039,2,5,0.01,0.5,""
"2026-06-21T20:34:01.6458315+00:00","eth-updown-5m-1782074100","2026-06-21T20:35:00.0000000+00:00",58.354,"88738116692435763924330477192773656026884696162201911852149046170874967542919",0.49,0.5,0.01,0.5,6.0093,12.0186,1,5,0.01,0.5,""
"2026-06-21T20:34:01.6458315+00:00","eth-updown-5m-1782074400","2026-06-21T20:40:00.0000000+00:00",358.354,"102207505799905758747853642057057876554285667439374983081372105958456583892065",0.49,0.5,0.01,0.50579159,6.0093,11.88098039,2,5,0.01,0.5,""
"2026-06-21T20:34:02.8066205+00:00","eth-updown-5m-1782074100","2026-06-21T20:35:00.0000000+00:00",57.193,"88738116692435763924330477192773656026884696162201911852149046170874967542919",0.49,0.5,0.01,0.5,6.0093,12.0186,1,5,0.01,0.5,""
"2026-06-21T20:34:02.8066205+00:00","eth-updown-5m-1782074400","2026-06-21T20:40:00.0000000+00:00",357.193,"102207505799905758747853642057057876554285667439374983081372105958456583892065",0.49,0.5,0.01,0.50579159,6.0093,11.88098039,2,5,0.01,0.5,""
"2026-06-21T20:34:03.9585206+00:00","eth-updown-5m-1782074100","2026-06-21T20:35:00.0000000+00:00",56.041,"88738116692435763924330477192773656026884696162201911852149046170874967542919",0.49,0.5,0.01,0.5,6.0093,12.0186,1,5,0.01,0.5,""
"2026-06-21T20:34:03.9585206+00:00","eth-updown-5m-1782074400","2026-06-21T20:40:00.0000000+00:00",356.041,"102207505799905758747853642057057876554285667439374983081372105958456583892065",0.49,0.5,0.01,0.50579159,6.0093,11.88098039,2,5,0.01,0.5,""
"2026-06-21T20:34:05.1210654+00:00","eth-updown-5m-1782074100","2026-06-21T20:35:00.0000000+00:00",54.879,"88738116692435763924330477192773656026884696162201911852149046170874967542919",0.49,0.5,0.01,0.5,6.0093,12.0186,1,5,0.01,0.5,""
"2026-06-21T20:34:05.1210654+00:00","eth-updown-5m-1782074400","2026-06-21T20:40:00.0000000+00:00",354.879,"102207505799905758747853642057057876554285667439374983081372105958456583892065",0.49,0.5,0.01,0.50579159,6.0093,11.88098039,2,5,0.01,0.5,""
"2026-06-21T20:34:06.2916573+00:00","eth-updown-5m-1782074100","2026-06-21T20:35:00.0000000+00:00",53.708,"88738116692435763924330477192773656026884696162201911852149046170874967542919",0.49,0.5,0.01,0.5,6.0093,12.0186,1,5,0.01,0.5,""
"2026-06-21T20:34:06.2916573+00:00","eth-updown-5m-1782074400","2026-06-21T20:40:00.0000000+00:00",353.708,"102207505799905758747853642057057876554285667439374983081372105958456583892065",0.49,0.5,0.01,0.50579159,6.0093,11.88098039,2,5,0.01,0.5,""
"2026-06-21T20:34:07.5554306+00:00","eth-updown-5m-1782074100","2026-06-21T20:35:00.0000000+00:00",52.445,"88738116692435763924330477192773656026884696162201911852149046170874967542919",0.49,0.5,0.01,0.5,6.0093,12.0186,1,5,0.01,0.5,""
"2026-06-21T20:34:07.5554306+00:00","eth-updown-5m-1782074400","2026-06-21T20:40:00.0000000+00:00",352.445,"102207505799905758747853642057057876554285667439374983081372105958456583892065",0.49,0.5,0.01,0.50579159,6.0093,11.88098039,2,5,0.01,0.5,""
"2026-06-21T20:34:08.8668691+00:00","eth-updown-5m-1782074100","2026-06-21T20:35:00.0000000+00:00",51.133,"88738116692435763924330477192773656026884696162201911852149046170874967542919",0.49,0.5,0.01,0.5,6.0093,12.0186,1,5,0.01,0.5,""
"2026-06-21T20:34:08.8668691+00:00","eth-updown-5m-1782074400","2026-06-21T20:40:00.0000000+00:00",351.133,"102207505799905758747853642057057876554285667439374983081372105958456583892065",0.49,0.5,0.01,0.50579159,6.0093,11.88098039,2,5,0.01,0.5,""
"2026-06-21T20:34:10.0498597+00:00","eth-updown-5m-1782074100","2026-06-21T20:35:00.0000000+00:00",49.95,"88738116692435763924330477192773656026884696162201911852149046170874967542919",0.49,0.5,0.01,0.5,6.0093,12.0186,1,5,0.01,0.5,""
"2026-06-21T20:34:10.0498597+00:00","eth-updown-5m-1782074400","2026-06-21T20:40:00.0000000+00:00",349.95,"102207505799905758747853642057057876554285667439374983081372105958456583892065",0.49,0.5,0.01,0.50579159,6.0093,11.88098039,2,5,0.01,0.5,""
"2026-06-21T20:34:11.2204433+00:00","eth-updown-5m-1782074100","2026-06-21T20:35:00.0000000+00:00",48.78,"88738116692435763924330477192773656026884696162201911852149046170874967542919",0.49,0.5,0.01,0.5,6.0093,12.0186,1,5,0.01,0.5,""
"2026-06-21T20:34:11.2204433+00:00","eth-updown-5m-1782074400","2026-06-21T20:40:00.0000000+00:00",348.78,"102207505799905758747853642057057876554285667439374983081372105958456583892065",0.49,0.5,0.01,0.50579159,6.0093,11.88098039,2,5,0.01,0.5,""
"2026-06-21T20:34:12.4144558+00:00","eth-updown-5m-1782074100","2026-06-21T20:35:00.0000000+00:00",47.586,"88738116692435763924330477192773656026884696162201911852149046170874967542919",0.49,0.5,0.01,0.5,6.0093,12.0186,1,5,0.01,0.5,""
"2026-06-21T20:34:12.4144558+00:00","eth-updown-5m-1782074400","2026-06-21T20:40:00.0000000+00:00",347.586,"102207505799905758747853642057057876554285667439374983081372105958456583892065",0.49,0.5,0.01,0.50579159,6.0093,11.88098039,2,5,0.01,0.5,""
"2026-06-21T20:34:13.5826092+00:00","eth-updown-5m-1782074100","2026-06-21T20:35:00.0000000+00:00",46.417,"88738116692435763924330477192773656026884696162201911852149046170874967542919",0.49,0.5,0.01,0.5,6.0093,12.0186,1,5,0.01,0.5,""
"2026-06-21T20:34:13.5826092+00:00","eth-updown-5m-1782074400","2026-06-21T20:40:00.0000000+00:00",346.417,"102207505799905758747853642057057876554285667439374983081372105958456583892065",0.49,0.5,0.01,0.50579159,6.0093,11.88098039,2,5,0.01,0.5,""
"2026-06-21T20:34:14.7934775+00:00","eth-updown-5m-1782074100","2026-06-21T20:35:00.0000000+00:00",45.207,"88738116692435763924330477192773656026884696162201911852149046170874967542919",0.49,0.5,0.01,0.5,6.0093,12.0186,1,5,0.01,0.5,""
"2026-06-21T20:34:14.7934775+00:00","eth-updown-5m-1782074400","2026-06-21T20:40:00.0000000+00:00",345.207,"102207505799905758747853642057057876554285667439374983081372105958456583892065",0.49,0.5,0.01,0.50579159,6.0093,11.88098039,2,5,0.01,0.5,""
"2026-06-21T20:34:16.0449115+00:00","eth-updown-5m-1782074100","2026-06-21T20:35:00.0000000+00:00",43.955,"88738116692435763924330477192773656026884696162201911852149046170874967542919",0.49,0.5,0.01,0.5,6.0093,12.0186,1,5,0.01,0.5,""
"2026-06-21T20:34:16.0449115+00:00","eth-updown-5m-1782074400","2026-06-21T20:40:00.0000000+00:00",343.955,"102207505799905758747853642057057876554285667439374983081372105958456583892065",0.49,0.5,0.01,0.50579159,6.0093,11.88098039,2,5,0.01,0.5,""
"2026-06-21T20:34:17.2266457+00:00","eth-updown-5m-1782074100","2026-06-21T20:35:00.0000000+00:00",42.773,"88738116692435763924330477192773656026884696162201911852149046170874967542919",0.49,0.5,0.01,0.5,6.0093,12.0186,1,5,0.01,0.5,""
"2026-06-21T20:34:17.2266457+00:00","eth-updown-5m-1782074400","2026-06-21T20:40:00.0000000+00:00",342.773,"102207505799905758747853642057057876554285667439374983081372105958456583892065",0.49,0.5,0.01,0.50579159,6.0093,11.88098039,2,5,0.01,0.5,""
"2026-06-21T20:34:18.3796689+00:00","eth-updown-5m-1782074100","2026-06-21T20:35:00.0000000+00:00",41.62,"88738116692435763924330477192773656026884696162201911852149046170874967542919",0.49,0.5,0.01,0.5,6.0093,12.0186,1,5,0.01,0.5,""
"2026-06-21T20:34:18.3796689+00:00","eth-updown-5m-1782074400","2026-06-21T20:40:00.0000000+00:00",341.62,"102207505799905758747853642057057876554285667439374983081372105958456583892065",0.49,0.5,0.01,0.50579159,6.0093,11.88098039,2,5,0.01,0.5,""
"2026-06-21T20:34:19.5487360+00:00","eth-updown-5m-1782074100","2026-06-21T20:35:00.0000000+00:00",40.451,"88738116692435763924330477192773656026884696162201911852149046170874967542919",0.49,0.5,0.01,0.5,6.0093,12.0186,1,5,0.01,0.5,""
"2026-06-21T20:34:19.5487360+00:00","eth-updown-5m-1782074400","2026-06-21T20:40:00.0000000+00:00",340.451,"102207505799905758747853642057057876554285667439374983081372105958456583892065",0.49,0.5,0.01,0.50579159,6.0093,11.88098039,2,5,0.01,0.5,""
"2026-06-21T20:34:20.7201064+00:00","eth-updown-5m-1782074100","2026-06-21T20:35:00.0000000+00:00",39.28,"88738116692435763924330477192773656026884696162201911852149046170874967542919",0.49,0.5,0.01,0.5,6.0093,12.0186,1,5,0.01,0.5,""
"2026-06-21T20:34:20.7201064+00:00","eth-updown-5m-1782074400","2026-06-21T20:40:00.0000000+00:00",339.28,"102207505799905758747853642057057876554285667439374983081372105958456583892065",0.49,0.5,0.01,0.50579159,6.0093,11.88098039,2,5,0.01,0.5,""
"2026-06-21T20:34:21.9344681+00:00","eth-updown-5m-1782074100","2026-06-21T20:35:00.0000000+00:00",38.066,"88738116692435763924330477192773656026884696162201911852149046170874967542919",0.49,0.5,0.01,0.5,6.0093,12.0186,1,5,0.01,0.5,""
"2026-06-21T20:34:21.9344681+00:00","eth-updown-5m-1782074400","2026-06-21T20:40:00.0000000+00:00",338.066,"102207505799905758747853642057057876554285667439374983081372105958456583892065",0.49,0.5,0.01,0.50579159,6.0093,11.88098039,2,5,0.01,0.5,""
"2026-06-21T20:34:23.0922396+00:00","eth-updown-5m-1782074100","2026-06-21T20:35:00.0000000+00:00",36.908,"88738116692435763924330477192773656026884696162201911852149046170874967542919",0.49,0.5,0.01,0.5,6.0093,12.0186,1,5,0.01,0.5,""
"2026-06-21T20:34:23.0922396+00:00","eth-updown-5m-1782074400","2026-06-21T20:40:00.0000000+00:00",336.908,"102207505799905758747853642057057876554285667439374983081372105958456583892065",0.49,0.5,0.01,0.50579159,6.0093,11.88098039,2,5,0.01,0.5,""
"2026-06-21T20:34:24.4365689+00:00","eth-updown-5m-1782074100","2026-06-21T20:35:00.0000000+00:00",35.563,"88738116692435763924330477192773656026884696162201911852149046170874967542919",0.49,0.5,0.01,0.5,6.0093,12.0186,1,5,0.01,0.49,""
"2026-06-21T20:34:24.4365689+00:00","eth-updown-5m-1782074400","2026-06-21T20:40:00.0000000+00:00",335.563,"102207505799905758747853642057057876554285667439374983081372105958456583892065",0.49,0.5,0.01,0.50579159,6.0093,11.88098039,2,5,0.01,0.5,""
"2026-06-21T20:34:25.5864431+00:00","eth-updown-5m-1782074100","2026-06-21T20:35:00.0000000+00:00",34.414,"88738116692435763924330477192773656026884696162201911852149046170874967542919",0.49,0.5,0.01,0.5,6.0093,12.0186,1,5,0.01,0.49,""
"2026-06-21T20:34:25.5864431+00:00","eth-updown-5m-1782074400","2026-06-21T20:40:00.0000000+00:00",334.414,"102207505799905758747853642057057876554285667439374983081372105958456583892065",0.49,0.5,0.01,0.50579159,6.0093,11.88098039,2,5,0.01,0.5,""
"2026-06-21T20:34:26.7314918+00:00","eth-updown-5m-1782074100","2026-06-21T20:35:00.0000000+00:00",33.269,"88738116692435763924330477192773656026884696162201911852149046170874967542919",0.49,0.5,0.01,0.5,6.0093,12.0186,1,5,0.01,0.49,""
"2026-06-21T20:34:26.7314918+00:00","eth-updown-5m-1782074400","2026-06-21T20:40:00.0000000+00:00",333.269,"102207505799905758747853642057057876554285667439374983081372105958456583892065",0.49,0.5,0.01,0.50579159,6.0093,11.88098039,2,5,0.01,0.5,""
"2026-06-21T20:34:27.9015754+00:00","eth-updown-5m-1782074100","2026-06-21T20:35:00.0000000+00:00",32.098,"88738116692435763924330477192773656026884696162201911852149046170874967542919",0.49,0.5,0.01,0.5,6.0093,12.0186,1,5,0.01,0.49,""
"2026-06-21T20:34:27.9015754+00:00","eth-updown-5m-1782074400","2026-06-21T20:40:00.0000000+00:00",332.098,"102207505799905758747853642057057876554285667439374983081372105958456583892065",0.49,0.5,0.01,0.50579159,6.0093,11.88098039,2,5,0.01,0.5,""
"2026-06-21T20:34:29.0552332+00:00","eth-updown-5m-1782074100","2026-06-21T20:35:00.0000000+00:00",30.945,"88738116692435763924330477192773656026884696162201911852149046170874967542919",0.49,0.5,0.01,0.5,6.0093,12.0186,1,5,0.01,0.49,""
"2026-06-21T20:34:29.0552332+00:00","eth-updown-5m-1782074400","2026-06-21T20:40:00.0000000+00:00",330.945,"102207505799905758747853642057057876554285667439374983081372105958456583892065",0.49,0.5,0.01,0.50579159,6.0093,11.88098039,2,5,0.01,0.5,""
"2026-06-21T20:34:30.2234356+00:00","eth-updown-5m-1782074100","2026-06-21T20:35:00.0000000+00:00",29.777,"88738116692435763924330477192773656026884696162201911852149046170874967542919",0.49,0.5,0.01,0.5,6.0093,12.0186,1,5,0.01,0.49,""
"2026-06-21T20:34:30.2234356+00:00","eth-updown-5m-1782074400","2026-06-21T20:40:00.0000000+00:00",329.777,"102207505799905758747853642057057876554285667439374983081372105958456583892065",0.49,0.5,0.01,0.50579159,6.0093,11.88098039,2,5,0.01,0.5,""
"2026-06-21T20:34:31.3812756+00:00","eth-updown-5m-1782074100","2026-06-21T20:35:00.0000000+00:00",28.619,"88738116692435763924330477192773656026884696162201911852149046170874967542919",0.49,0.5,0.01,0.5,6.0093,12.0186,1,5,0.01,0.49,""
"2026-06-21T20:34:31.3812756+00:00","eth-updown-5m-1782074400","2026-06-21T20:40:00.0000000+00:00",328.619,"102207505799905758747853642057057876554285667439374983081372105958456583892065",0.49,0.5,0.01,0.50579159,6.0093,11.88098039,2,5,0.01,0.5,""
"2026-06-21T20:34:32.5271863+00:00","eth-updown-5m-1782074100","2026-06-21T20:35:00.0000000+00:00",27.473,"88738116692435763924330477192773656026884696162201911852149046170874967542919",0.49,0.5,0.01,0.5,6.0093,12.0186,1,5,0.01,0.49,""
"2026-06-21T20:34:32.5271863+00:00","eth-updown-5m-1782074400","2026-06-21T20:40:00.0000000+00:00",327.473,"102207505799905758747853642057057876554285667439374983081372105958456583892065",0.49,0.5,0.01,0.50579159,6.0093,11.88098039,2,5,0.01,0.5,""
"2026-06-21T20:34:33.7986835+00:00","eth-updown-5m-1782074100","2026-06-21T20:35:00.0000000+00:00",26.201,"88738116692435763924330477192773656026884696162201911852149046170874967542919",0.49,0.5,0.01,0.5,6.0093,12.0186,1,5,0.01,0.49,""
"2026-06-21T20:34:33.7986835+00:00","eth-updown-5m-1782074400","2026-06-21T20:40:00.0000000+00:00",326.201,"102207505799905758747853642057057876554285667439374983081372105958456583892065",0.49,0.5,0.01,0.50579159,6.0093,11.88098039,2,5,0.01,0.5,""
"2026-06-21T20:34:34.9419678+00:00","eth-updown-5m-1782074100","2026-06-21T20:35:00.0000000+00:00",25.058,"88738116692435763924330477192773656026884696162201911852149046170874967542919",0.49,0.5,0.01,0.5,6.0093,12.0186,1,5,0.01,0.49,""
"2026-06-21T20:34:34.9419678+00:00","eth-updown-5m-1782074400","2026-06-21T20:40:00.0000000+00:00",325.058,"102207505799905758747853642057057876554285667439374983081372105958456583892065",0.49,0.5,0.01,0.50579159,6.0093,11.88098039,2,5,0.01,0.5,""
"2026-06-21T20:34:36.0989662+00:00","eth-updown-5m-1782074100","2026-06-21T20:35:00.0000000+00:00",23.901,"88738116692435763924330477192773656026884696162201911852149046170874967542919",0.49,0.5,0.01,0.5,6.0093,12.0186,1,5,0.01,0.49,""
"2026-06-21T20:34:36.0989662+00:00","eth-updown-5m-1782074400","2026-06-21T20:40:00.0000000+00:00",323.901,"102207505799905758747853642057057876554285667439374983081372105958456583892065",0.49,0.5,0.01,0.50579159,6.0093,11.88098039,2,5,0.01,0.5,""
"2026-06-21T20:34:37.2659665+00:00","eth-updown-5m-1782074100","2026-06-21T20:35:00.0000000+00:00",22.734,"88738116692435763924330477192773656026884696162201911852149046170874967542919",0.49,0.5,0.01,0.5,6.0093,12.0186,1,5,0.01,0.49,""
"2026-06-21T20:34:37.2659665+00:00","eth-updown-5m-1782074400","2026-06-21T20:40:00.0000000+00:00",322.734,"102207505799905758747853642057057876554285667439374983081372105958456583892065",0.49,0.5,0.01,0.50579159,6.0093,11.88098039,2,5,0.01,0.5,""
"2026-06-21T20:34:38.4146080+00:00","eth-updown-5m-1782074100","2026-06-21T20:35:00.0000000+00:00",21.585,"88738116692435763924330477192773656026884696162201911852149046170874967542919",0.49,0.5,0.01,0.5,6.0093,12.0186,1,5,0.01,0.49,""
"2026-06-21T20:34:38.4146080+00:00","eth-updown-5m-1782074400","2026-06-21T20:40:00.0000000+00:00",321.585,"102207505799905758747853642057057876554285667439374983081372105958456583892065",0.49,0.5,0.01,0.50579159,6.0093,11.88098039,2,5,0.01,0.5,""
"2026-06-21T20:34:39.5896146+00:00","eth-updown-5m-1782074100","2026-06-21T20:35:00.0000000+00:00",20.41,"88738116692435763924330477192773656026884696162201911852149046170874967542919",0.49,0.5,0.01,0.5,6.0093,12.0186,1,5,0.01,0.49,""
"2026-06-21T20:34:39.5896146+00:00","eth-updown-5m-1782074400","2026-06-21T20:40:00.0000000+00:00",320.41,"102207505799905758747853642057057876554285667439374983081372105958456583892065",0.49,0.5,0.01,0.50579159,6.0093,11.88098039,2,5,0.01,0.5,""
"2026-06-21T20:34:40.8166263+00:00","eth-updown-5m-1782074100","2026-06-21T20:35:00.0000000+00:00",19.183,"88738116692435763924330477192773656026884696162201911852149046170874967542919",0.49,0.5,0.01,0.5,6.0093,12.0186,1,5,0.01,0.49,""
"2026-06-21T20:34:40.8166263+00:00","eth-updown-5m-1782074400","2026-06-21T20:40:00.0000000+00:00",319.183,"102207505799905758747853642057057876554285667439374983081372105958456583892065",0.49,0.5,0.01,0.50579159,6.0093,11.88098039,2,5,0.01,0.5,""
"2026-06-21T20:34:41.9704846+00:00","eth-updown-5m-1782074100","2026-06-21T20:35:00.0000000+00:00",18.03,"88738116692435763924330477192773656026884696162201911852149046170874967542919",0.49,0.5,0.01,0.5,6.0093,12.0186,1,5,0.01,0.49,""
"2026-06-21T20:34:41.9704846+00:00","eth-updown-5m-1782074400","2026-06-21T20:40:00.0000000+00:00",318.03,"102207505799905758747853642057057876554285667439374983081372105958456583892065",0.49,0.5,0.01,0.50579159,6.0093,11.88098039,2,5,0.01,0.5,""
"2026-06-21T20:34:43.1425001+00:00","eth-updown-5m-1782074100","2026-06-21T20:35:00.0000000+00:00",16.857,"88738116692435763924330477192773656026884696162201911852149046170874967542919",0.49,0.5,0.01,0.5,6.0093,12.0186,1,5,0.01,0.49,""
"2026-06-21T20:34:43.1425001+00:00","eth-updown-5m-1782074400","2026-06-21T20:40:00.0000000+00:00",316.857,"102207505799905758747853642057057876554285667439374983081372105958456583892065",0.49,0.5,0.01,0.50579159,6.0093,11.88098039,2,5,0.01,0.5,""
"2026-06-21T20:34:44.3498282+00:00","eth-updown-5m-1782074100","2026-06-21T20:35:00.0000000+00:00",15.65,"88738116692435763924330477192773656026884696162201911852149046170874967542919",0.49,0.5,0.01,0.5,6.0093,12.0186,1,5,0.01,0.49,""
"2026-06-21T20:34:44.3498282+00:00","eth-updown-5m-1782074400","2026-06-21T20:40:00.0000000+00:00",315.65,"102207505799905758747853642057057876554285667439374983081372105958456583892065",0.49,0.5,0.01,0.50579159,6.0093,11.88098039,2,5,0.01,0.5,""
"2026-06-21T20:34:45.5733647+00:00","eth-updown-5m-1782074100","2026-06-21T20:35:00.0000000+00:00",14.427,"88738116692435763924330477192773656026884696162201911852149046170874967542919",0.49,0.5,0.01,0.5,6.0093,12.0186,1,5,0.01,0.49,""
"2026-06-21T20:34:45.5733647+00:00","eth-updown-5m-1782074400","2026-06-21T20:40:00.0000000+00:00",314.427,"102207505799905758747853642057057876554285667439374983081372105958456583892065",0.49,0.5,0.01,0.50579159,6.0093,11.88098039,2,5,0.01,0.5,""
"2026-06-21T20:34:46.7459855+00:00","eth-updown-5m-1782074100","2026-06-21T20:35:00.0000000+00:00",13.254,"88738116692435763924330477192773656026884696162201911852149046170874967542919",0.49,0.5,0.01,0.5,6.0093,12.0186,1,5,0.01,0.49,""
"2026-06-21T20:34:46.7459855+00:00","eth-updown-5m-1782074400","2026-06-21T20:40:00.0000000+00:00",313.254,"102207505799905758747853642057057876554285667439374983081372105958456583892065",0.49,0.5,0.01,0.50579159,6.0093,11.88098039,2,5,0.01,0.5,""
"2026-06-21T20:34:48.0395187+00:00","eth-updown-5m-1782074100","2026-06-21T20:35:00.0000000+00:00",11.96,"88738116692435763924330477192773656026884696162201911852149046170874967542919",0.49,0.5,0.01,0.5,6.0093,12.0186,1,5,0.01,0.49,""
"2026-06-21T20:34:48.0395187+00:00","eth-updown-5m-1782074400","2026-06-21T20:40:00.0000000+00:00",311.96,"102207505799905758747853642057057876554285667439374983081372105958456583892065",0.49,0.5,0.01,0.50161102,6.0093,11.98,2,5,0.01,0.5,""
"2026-06-21T20:34:49.1827101+00:00","eth-updown-5m-1782074100","2026-06-21T20:35:00.0000000+00:00",10.817,"88738116692435763924330477192773656026884696162201911852149046170874967542919",0.49,0.5,0.01,0.5,6.0093,12.0186,1,5,0.01,0.49,""
"2026-06-21T20:34:49.1827101+00:00","eth-updown-5m-1782074400","2026-06-21T20:40:00.0000000+00:00",310.817,"102207505799905758747853642057057876554285667439374983081372105958456583892065",0.49,0.5,0.01,0.50161102,6.0093,11.98,2,5,0.01,0.5,""
"2026-06-21T20:34:50.5115569+00:00","eth-updown-5m-1782074100","2026-06-21T20:35:00.0000000+00:00",9.488,"88738116692435763924330477192773656026884696162201911852149046170874967542919",0.49,0.5,0.01,0.5,6.0093,12.0186,1,5,0.01,0.49,""
"2026-06-21T20:34:50.5115569+00:00","eth-updown-5m-1782074400","2026-06-21T20:40:00.0000000+00:00",309.488,"102207505799905758747853642057057876554285667439374983081372105958456583892065",0.49,0.5,0.01,0.50161102,6.0093,11.98,2,5,0.01,0.5,""
"2026-06-21T20:34:51.6923661+00:00","eth-updown-5m-1782074100","2026-06-21T20:35:00.0000000+00:00",8.308,"88738116692435763924330477192773656026884696162201911852149046170874967542919",0.49,0.5,0.01,0.5,6.0093,12.0186,1,5,0.01,0.49,""
"2026-06-21T20:34:51.6923661+00:00","eth-updown-5m-1782074400","2026-06-21T20:40:00.0000000+00:00",308.308,"102207505799905758747853642057057876554285667439374983081372105958456583892065",0.49,0.5,0.01,0.50161102,6.0093,11.98,2,5,0.01,0.5,""
"2026-06-21T20:34:52.8742338+00:00","eth-updown-5m-1782074100","2026-06-21T20:35:00.0000000+00:00",7.126,"88738116692435763924330477192773656026884696162201911852149046170874967542919",0.49,0.5,0.01,0.5,6.0093,12.0186,1,5,0.01,0.5,""
"2026-06-21T20:34:52.8742338+00:00","eth-updown-5m-1782074400","2026-06-21T20:40:00.0000000+00:00",307.126,"102207505799905758747853642057057876554285667439374983081372105958456583892065",0.49,0.5,0.01,0.50161102,6.0093,11.98,2,5,0.01,0.5,""
"2026-06-21T20:34:54.0145860+00:00","eth-updown-5m-1782074100","2026-06-21T20:35:00.0000000+00:00",5.985,"88738116692435763924330477192773656026884696162201911852149046170874967542919",0.47,0.5,0.03,0.5,6.0093,12.0186,1,5,0.01,0.47,""
"2026-06-21T20:34:54.0145860+00:00","eth-updown-5m-1782074400","2026-06-21T20:40:00.0000000+00:00",305.985,"102207505799905758747853642057057876554285667439374983081372105958456583892065",0.49,0.5,0.01,0.50161102,6.0093,11.98,2,5,0.01,0.5,""
"2026-06-21T20:34:55.1823000+00:00","eth-updown-5m-1782074100","2026-06-21T20:35:00.0000000+00:00",4.818,"88738116692435763924330477192773656026884696162201911852149046170874967542919",0.47,0.5,0.03,0.5,6.0093,12.0186,1,5,0.01,0.47,""
"2026-06-21T20:34:55.1823000+00:00","eth-updown-5m-1782074400","2026-06-21T20:40:00.0000000+00:00",304.818,"102207505799905758747853642057057876554285667439374983081372105958456583892065",0.49,0.5,0.01,0.50161102,6.0093,11.98,2,5,0.01,0.5,""
"2026-06-21T20:34:56.3671477+00:00","eth-updown-5m-1782074100","2026-06-21T20:35:00.0000000+00:00",3.633,"88738116692435763924330477192773656026884696162201911852149046170874967542919",0.47,0.5,0.03,0.5,6.0093,12.0186,1,5,0.01,0.47,""
"2026-06-21T20:34:56.3671477+00:00","eth-updown-5m-1782074400","2026-06-21T20:40:00.0000000+00:00",303.633,"102207505799905758747853642057057876554285667439374983081372105958456583892065",0.49,0.5,0.01,0.50161102,6.0093,11.98,2,5,0.01,0.5,""
"2026-06-21T20:34:57.5273574+00:00","eth-updown-5m-1782074100","2026-06-21T20:35:00.0000000+00:00",2.473,"88738116692435763924330477192773656026884696162201911852149046170874967542919",0.48,0.5,0.02,0.5,6.0093,12.0186,1,5,0.01,0.47,""
"2026-06-21T20:34:57.5273574+00:00","eth-updown-5m-1782074400","2026-06-21T20:40:00.0000000+00:00",302.473,"102207505799905758747853642057057876554285667439374983081372105958456583892065",0.49,0.5,0.01,0.50161102,6.0093,11.98,2,5,0.01,0.5,""
"2026-06-21T20:34:58.7241292+00:00","eth-updown-5m-1782074100","2026-06-21T20:35:00.0000000+00:00",1.276,"88738116692435763924330477192773656026884696162201911852149046170874967542919",0.48,0.5,0.02,0.5,6.0093,12.0186,1,5,0.01,0.47,""
"2026-06-21T20:34:58.7241292+00:00","eth-updown-5m-1782074400","2026-06-21T20:40:00.0000000+00:00",301.276,"102207505799905758747853642057057876554285667439374983081372105958456583892065",0.49,0.5,0.01,0.50161102,6.0093,11.98,2,5,0.01,0.5,""
"2026-06-21T20:34:59.9023527+00:00","eth-updown-5m-1782074100","2026-06-21T20:35:00.0000000+00:00",0.098,"88738116692435763924330477192773656026884696162201911852149046170874967542919",0.48,0.49,0.01,0.49196876,6.0093,12.2148,2,5,0.01,0.47,""
"2026-06-21T20:34:59.9023527+00:00","eth-updown-5m-1782074400","2026-06-21T20:40:00.0000000+00:00",300.098,"102207505799905758747853642057057876554285667439374983081372105958456583892065",0.49,0.5,0.01,0.50161102,6.0093,11.98,2,5,0.01,0.5,""
"2026-06-21T20:35:01.0786369+00:00","eth-updown-5m-1782074100","2026-06-21T20:35:00.0000000+00:00",-1.079,"88738116692435763924330477192773656026884696162201911852149046170874967542919",0.47,0.5,0.03,0.50495823,6.0093,11.90058824,2,5,0.01,0.47,""
"2026-06-21T20:35:01.0786369+00:00","eth-updown-5m-1782074400","2026-06-21T20:40:00.0000000+00:00",298.921,"102207505799905758747853642057057876554285667439374983081372105958456583892065",0.49,0.5,0.01,0.50161102,6.0093,11.98,2,5,0.01,0.5,""
"2026-06-21T20:35:02.2314820+00:00","eth-updown-5m-1782074400","2026-06-21T20:40:00.0000000+00:00",297.769,"102207505799905758747853642057057876554285667439374983081372105958456583892065",0.49,0.5,0.01,0.5,6.0093,12.0186,1,5,0.01,0.5,""
"2026-06-21T20:35:03.3204757+00:00","eth-updown-5m-1782074400","2026-06-21T20:40:00.0000000+00:00",296.68,"102207505799905758747853642057057876554285667439374983081372105958456583892065",0.49,0.5,0.01,0.5,6.0093,12.0186,1,5,0.01,0.5,""
"2026-06-21T20:35:04.4115253+00:00","eth-updown-5m-1782074400","2026-06-21T20:40:00.0000000+00:00",295.588,"102207505799905758747853642057057876554285667439374983081372105958456583892065",0.49,0.5,0.01,0.5,6.0093,12.0186,1,5,0.01,0.5,""
"2026-06-21T20:35:05.4841490+00:00","eth-updown-5m-1782074400","2026-06-21T20:40:00.0000000+00:00",294.516,"102207505799905758747853642057057876554285667439374983081372105958456583892065",0.49,0.5,0.01,0.5,6.0093,12.0186,1,5,0.01,0.5,""
"2026-06-21T20:35:06.5822628+00:00","eth-updown-5m-1782074400","2026-06-21T20:40:00.0000000+00:00",293.418,"102207505799905758747853642057057876554285667439374983081372105958456583892065",0.49,0.5,0.01,0.5,6.0093,12.0186,1,5,0.01,0.5,""
"2026-06-21T20:35:07.6675089+00:00","eth-updown-5m-1782074400","2026-06-21T20:40:00.0000000+00:00",292.332,"102207505799905758747853642057057876554285667439374983081372105958456583892065",0.49,0.5,0.01,0.5,6.0093,12.0186,1,5,0.01,0.5,""
"2026-06-21T20:35:08.7541566+00:00","eth-updown-5m-1782074400","2026-06-21T20:40:00.0000000+00:00",291.246,"102207505799905758747853642057057876554285667439374983081372105958456583892065",0.49,0.5,0.01,0.5,6.0093,12.0186,1,5,0.01,0.5,""
"2026-06-21T20:35:09.8489602+00:00","eth-updown-5m-1782074400","2026-06-21T20:40:00.0000000+00:00",290.151,"102207505799905758747853642057057876554285667439374983081372105958456583892065",0.49,0.5,0.01,0.5,6.0093,12.0186,1,5,0.01,0.49,""
"2026-06-21T20:35:10.9386298+00:00","eth-updown-5m-1782074400","2026-06-21T20:40:00.0000000+00:00",289.061,"102207505799905758747853642057057876554285667439374983081372105958456583892065",0.49,0.5,0.01,0.5,6.0093,12.0186,1,5,0.01,0.49,""
"2026-06-21T20:35:12.0281502+00:00","eth-updown-5m-1782074400","2026-06-21T20:40:00.0000000+00:00",287.972,"102207505799905758747853642057057876554285667439374983081372105958456583892065",0.49,0.5,0.01,0.5,6.0093,12.0186,1,5,0.01,0.49,""
"2026-06-21T20:35:13.2382753+00:00","eth-updown-5m-1782074400","2026-06-21T20:40:00.0000000+00:00",286.762,"102207505799905758747853642057057876554285667439374983081372105958456583892065",0.49,0.5,0.01,0.5,6.0093,12.0186,1,5,0.01,0.49,""
"2026-06-21T20:35:14.3199407+00:00","eth-updown-5m-1782074400","2026-06-21T20:40:00.0000000+00:00",285.68,"102207505799905758747853642057057876554285667439374983081372105958456583892065",0.49,0.5,0.01,0.5,6.0093,12.0186,1,5,0.01,0.49,""
"2026-06-21T20:35:15.4166167+00:00","eth-updown-5m-1782074400","2026-06-21T20:40:00.0000000+00:00",284.583,"102207505799905758747853642057057876554285667439374983081372105958456583892065",0.49,0.5,0.01,0.5,6.0093,12.0186,1,5,0.01,0.49,""
"2026-06-21T20:35:16.5079450+00:00","eth-updown-5m-1782074400","2026-06-21T20:40:00.0000000+00:00",283.492,"102207505799905758747853642057057876554285667439374983081372105958456583892065",0.49,0.5,0.01,0.5,6.0093,12.0186,1,5,0.01,0.49,""
"2026-06-21T20:35:17.5928498+00:00","eth-updown-5m-1782074400","2026-06-21T20:40:00.0000000+00:00",282.407,"102207505799905758747853642057057876554285667439374983081372105958456583892065",0.49,0.5,0.01,0.5,6.0093,12.0186,1,5,0.01,0.49,""
"2026-06-21T20:35:18.8591910+00:00","eth-updown-5m-1782074400","2026-06-21T20:40:00.0000000+00:00",281.141,"102207505799905758747853642057057876554285667439374983081372105958456583892065",0.49,0.5,0.01,0.5,6.0093,12.0186,1,5,0.01,0.49,""
"2026-06-21T20:35:19.9426139+00:00","eth-updown-5m-1782074400","2026-06-21T20:40:00.0000000+00:00",280.057,"102207505799905758747853642057057876554285667439374983081372105958456583892065",0.49,0.5,0.01,0.5,6.0093,12.0186,1,5,0.01,0.49,""
"2026-06-21T20:35:21.0294447+00:00","eth-updown-5m-1782074400","2026-06-21T20:40:00.0000000+00:00",278.971,"102207505799905758747853642057057876554285667439374983081372105958456583892065",0.49,0.5,0.01,0.5,6.0093,12.0186,1,5,0.01,0.49,""
"2026-06-21T20:35:22.1995656+00:00","eth-updown-5m-1782074400","2026-06-21T20:40:00.0000000+00:00",277.8,"102207505799905758747853642057057876554285667439374983081372105958456583892065",0.49,0.5,0.01,0.5,6.0093,12.0186,1,5,0.01,0.49,""
"2026-06-21T20:35:23.3599118+00:00","eth-updown-5m-1782074400","2026-06-21T20:40:00.0000000+00:00",276.64,"102207505799905758747853642057057876554285667439374983081372105958456583892065",0.49,0.5,0.01,0.5,6.0093,12.0186,1,5,0.01,0.49,""
"2026-06-21T20:35:24.4563818+00:00","eth-updown-5m-1782074400","2026-06-21T20:40:00.0000000+00:00",275.544,"102207505799905758747853642057057876554285667439374983081372105958456583892065",0.49,0.5,0.01,0.5,6.0093,12.0186,1,5,0.01,0.49,""
"2026-06-21T20:35:25.5402985+00:00","eth-updown-5m-1782074400","2026-06-21T20:40:00.0000000+00:00",274.46,"102207505799905758747853642057057876554285667439374983081372105958456583892065",0.49,0.5,0.01,0.5,6.0093,12.0186,1,5,0.01,0.49,""
"2026-06-21T20:35:26.6423718+00:00","eth-updown-5m-1782074400","2026-06-21T20:40:00.0000000+00:00",273.358,"102207505799905758747853642057057876554285667439374983081372105958456583892065",0.49,0.5,0.01,0.5,6.0093,12.0186,1,5,0.01,0.49,""
"2026-06-21T20:35:27.7444008+00:00","eth-updown-5m-1782074400","2026-06-21T20:40:00.0000000+00:00",272.256,"102207505799905758747853642057057876554285667439374983081372105958456583892065",0.49,0.5,0.01,0.5,6.0093,12.0186,1,5,0.01,0.49,""
"2026-06-21T20:35:28.8282455+00:00","eth-updown-5m-1782074400","2026-06-21T20:40:00.0000000+00:00",271.172,"102207505799905758747853642057057876554285667439374983081372105958456583892065",0.49,0.5,0.01,0.5,6.0093,12.0186,1,5,0.01,0.49,""
"2026-06-21T20:35:29.9103159+00:00","eth-updown-5m-1782074400","2026-06-21T20:40:00.0000000+00:00",270.09,"102207505799905758747853642057057876554285667439374983081372105958456583892065",0.49,0.5,0.01,0.5,6.0093,12.0186,1,5,0.01,0.49,""
"2026-06-21T20:35:30.9984545+00:00","eth-updown-5m-1782074400","2026-06-21T20:40:00.0000000+00:00",269.002,"102207505799905758747853642057057876554285667439374983081372105958456583892065",0.49,0.5,0.01,0.5,6.0093,12.0186,1,5,0.01,0.49,""
"2026-06-21T20:35:32.0753843+00:00","eth-updown-5m-1782074400","2026-06-21T20:40:00.0000000+00:00",267.925,"102207505799905758747853642057057876554285667439374983081372105958456583892065",0.49,0.5,0.01,0.5,6.0093,12.0186,1,5,0.01,0.49,""
"2026-06-21T20:35:33.1679182+00:00","eth-updown-5m-1782074400","2026-06-21T20:40:00.0000000+00:00",266.832,"102207505799905758747853642057057876554285667439374983081372105958456583892065",0.49,0.5,0.01,0.5,6.0093,12.0186,1,5,0.01,0.49,""
"2026-06-21T20:35:34.2401808+00:00","eth-updown-5m-1782074400","2026-06-21T20:40:00.0000000+00:00",265.76,"102207505799905758747853642057057876554285667439374983081372105958456583892065",0.49,0.5,0.01,0.5,6.0093,12.0186,1,5,0.01,0.49,""
"2026-06-21T20:35:35.3352010+00:00","eth-updown-5m-1782074400","2026-06-21T20:40:00.0000000+00:00",264.665,"102207505799905758747853642057057876554285667439374983081372105958456583892065",0.49,0.5,0.01,0.5,6.0093,12.0186,1,5,0.01,0.49,""
"2026-06-21T20:35:36.4271047+00:00","eth-updown-5m-1782074400","2026-06-21T20:40:00.0000000+00:00",263.573,"102207505799905758747853642057057876554285667439374983081372105958456583892065",0.49,0.5,0.01,0.5,6.0093,12.0186,1,5,0.01,0.49,""
"2026-06-21T20:35:37.5282625+00:00","eth-updown-5m-1782074400","2026-06-21T20:40:00.0000000+00:00",262.472,"102207505799905758747853642057057876554285667439374983081372105958456583892065",0.49,0.5,0.01,0.5,6.0093,12.0186,1,5,0.01,0.49,""
"2026-06-21T20:35:38.6204413+00:00","eth-updown-5m-1782074400","2026-06-21T20:40:00.0000000+00:00",261.38,"102207505799905758747853642057057876554285667439374983081372105958456583892065",0.49,0.5,0.01,0.5,6.0093,12.0186,1,5,0.01,0.49,""
"2026-06-21T20:35:39.7146812+00:00","eth-updown-5m-1782074400","2026-06-21T20:40:00.0000000+00:00",260.285,"102207505799905758747853642057057876554285667439374983081372105958456583892065",0.49,0.5,0.01,0.5,6.0093,12.0186,1,5,0.01,0.49,""
"2026-06-21T20:35:40.8109073+00:00","eth-updown-5m-1782074400","2026-06-21T20:40:00.0000000+00:00",259.189,"102207505799905758747853642057057876554285667439374983081372105958456583892065",0.49,0.5,0.01,0.5,6.0093,12.0186,1,5,0.01,0.49,""
"2026-06-21T20:35:41.9115625+00:00","eth-updown-5m-1782074400","2026-06-21T20:40:00.0000000+00:00",258.088,"102207505799905758747853642057057876554285667439374983081372105958456583892065",0.49,0.5,0.01,0.5,6.0093,12.0186,1,5,0.01,0.49,""
"2026-06-21T20:35:43.0185942+00:00","eth-updown-5m-1782074400","2026-06-21T20:40:00.0000000+00:00",256.981,"102207505799905758747853642057057876554285667439374983081372105958456583892065",0.49,0.5,0.01,0.5,6.0093,12.0186,1,5,0.01,0.49,""
"2026-06-21T20:35:44.1390041+00:00","eth-updown-5m-1782074400","2026-06-21T20:40:00.0000000+00:00",255.861,"102207505799905758747853642057057876554285667439374983081372105958456583892065",0.49,0.5,0.01,0.5,6.0093,12.0186,1,5,0.01,0.49,""
"2026-06-21T20:35:45.2296605+00:00","eth-updown-5m-1782074400","2026-06-21T20:40:00.0000000+00:00",254.77,"102207505799905758747853642057057876554285667439374983081372105958456583892065",0.49,0.5,0.01,0.5,6.0093,12.0186,1,5,0.01,0.49,""
"2026-06-21T20:35:46.3204640+00:00","eth-updown-5m-1782074400","2026-06-21T20:40:00.0000000+00:00",253.68,"102207505799905758747853642057057876554285667439374983081372105958456583892065",0.49,0.5,0.01,0.5,6.0093,12.0186,1,5,0.01,0.49,""
"2026-06-21T20:35:47.4233061+00:00","eth-updown-5m-1782074400","2026-06-21T20:40:00.0000000+00:00",252.577,"102207505799905758747853642057057876554285667439374983081372105958456583892065",0.49,0.5,0.01,0.5,6.0093,12.0186,1,5,0.01,0.49,""
"2026-06-21T20:35:48.5275027+00:00","eth-updown-5m-1782074400","2026-06-21T20:40:00.0000000+00:00",251.472,"102207505799905758747853642057057876554285667439374983081372105958456583892065",0.49,0.5,0.01,0.5,6.0093,12.0186,1,5,0.01,0.49,""
"2026-06-21T20:35:49.6123798+00:00","eth-updown-5m-1782074400","2026-06-21T20:40:00.0000000+00:00",250.388,"102207505799905758747853642057057876554285667439374983081372105958456583892065",0.49,0.5,0.01,0.5,6.0093,12.0186,1,5,0.01,0.49,""
"2026-06-21T20:35:50.7018465+00:00","eth-updown-5m-1782074400","2026-06-21T20:40:00.0000000+00:00",249.298,"102207505799905758747853642057057876554285667439374983081372105958456583892065",0.49,0.5,0.01,0.5,6.0093,12.0186,1,5,0.01,0.49,""
"2026-06-21T20:35:51.7883958+00:00","eth-updown-5m-1782074400","2026-06-21T20:40:00.0000000+00:00",248.212,"102207505799905758747853642057057876554285667439374983081372105958456583892065",0.49,0.5,0.01,0.5,6.0093,12.0186,1,5,0.01,0.49,""
"2026-06-21T20:35:52.8973485+00:00","eth-updown-5m-1782074400","2026-06-21T20:40:00.0000000+00:00",247.103,"102207505799905758747853642057057876554285667439374983081372105958456583892065",0.49,0.5,0.01,0.5,6.0093,12.0186,1,5,0.01,0.49,""
"2026-06-21T20:35:54.0069829+00:00","eth-updown-5m-1782074400","2026-06-21T20:40:00.0000000+00:00",245.993,"102207505799905758747853642057057876554285667439374983081372105958456583892065",0.49,0.5,0.01,0.5,6.0093,12.0186,1,5,0.01,0.49,""
"2026-06-21T20:35:55.0850351+00:00","eth-updown-5m-1782074400","2026-06-21T20:40:00.0000000+00:00",244.915,"102207505799905758747853642057057876554285667439374983081372105958456583892065",0.49,0.5,0.01,0.5,6.0093,12.0186,1,5,0.01,0.49,""
"2026-06-21T20:35:56.2006267+00:00","eth-updown-5m-1782074400","2026-06-21T20:40:00.0000000+00:00",243.799,"102207505799905758747853642057057876554285667439374983081372105958456583892065",0.49,0.5,0.01,0.5,6.0093,12.0186,1,5,0.01,0.49,""
"2026-06-21T20:35:57.3235937+00:00","eth-updown-5m-1782074400","2026-06-21T20:40:00.0000000+00:00",242.676,"102207505799905758747853642057057876554285667439374983081372105958456583892065",0.49,0.5,0.01,0.5,6.0093,12.0186,1,5,0.01,0.49,""
"2026-06-21T20:35:58.4504753+00:00","eth-updown-5m-1782074400","2026-06-21T20:40:00.0000000+00:00",241.55,"102207505799905758747853642057057876554285667439374983081372105958456583892065",0.49,0.5,0.01,0.5,6.0093,12.0186,1,5,0.01,0.49,""
"2026-06-21T20:35:59.5420455+00:00","eth-updown-5m-1782074400","2026-06-21T20:40:00.0000000+00:00",240.458,"102207505799905758747853642057057876554285667439374983081372105958456583892065",0.49,0.5,0.01,0.5,6.0093,12.0186,1,5,0.01,0.49,""
"2026-06-21T20:36:00.6319422+00:00","eth-updown-5m-1782074400","2026-06-21T20:40:00.0000000+00:00",239.368,"102207505799905758747853642057057876554285667439374983081372105958456583892065",0.49,0.5,0.01,0.5,6.0093,12.0186,1,5,0.01,0.49,""
"2026-06-21T20:36:01.7333766+00:00","eth-updown-5m-1782074400","2026-06-21T20:40:00.0000000+00:00",238.267,"102207505799905758747853642057057876554285667439374983081372105958456583892065",0.49,0.5,0.01,0.5,6.0093,12.0186,1,5,0.01,0.49,""
"2026-06-21T20:36:02.8178957+00:00","eth-updown-5m-1782074400","2026-06-21T20:40:00.0000000+00:00",237.182,"102207505799905758747853642057057876554285667439374983081372105958456583892065",0.49,0.5,0.01,0.5,6.0093,12.0186,1,5,0.01,0.49,""
"2026-06-21T20:36:03.9779934+00:00","eth-updown-5m-1782074400","2026-06-21T20:40:00.0000000+00:00",236.022,"102207505799905758747853642057057876554285667439374983081372105958456583892065",0.49,0.5,0.01,0.5,6.0093,12.0186,1,5,0.01,0.49,""
"2026-06-21T20:36:05.0511540+00:00","eth-updown-5m-1782074400","2026-06-21T20:40:00.0000000+00:00",234.949,"102207505799905758747853642057057876554285667439374983081372105958456583892065",0.49,0.5,0.01,0.5,6.0093,12.0186,1,5,0.01,0.49,""
"2026-06-21T20:36:06.1354773+00:00","eth-updown-5m-1782074400","2026-06-21T20:40:00.0000000+00:00",233.865,"102207505799905758747853642057057876554285667439374983081372105958456583892065",0.49,0.5,0.01,0.5,6.0093,12.0186,1,5,0.01,0.49,""
"2026-06-21T20:36:07.2417192+00:00","eth-updown-5m-1782074400","2026-06-21T20:40:00.0000000+00:00",232.758,"102207505799905758747853642057057876554285667439374983081372105958456583892065",0.49,0.5,0.01,0.5,6.0093,12.0186,1,5,0.01,0.49,""
"2026-06-21T20:36:08.3316344+00:00","eth-updown-5m-1782074400","2026-06-21T20:40:00.0000000+00:00",231.668,"102207505799905758747853642057057876554285667439374983081372105958456583892065",0.49,0.5,0.01,0.5,6.0093,12.0186,1,5,0.01,0.49,""
"2026-06-21T20:36:09.4102332+00:00","eth-updown-5m-1782074400","2026-06-21T20:40:00.0000000+00:00",230.59,"102207505799905758747853642057057876554285667439374983081372105958456583892065",0.49,0.5,0.01,0.5,6.0093,12.0186,1,5,0.01,0.49,""
"2026-06-21T20:36:10.5138099+00:00","eth-updown-5m-1782074400","2026-06-21T20:40:00.0000000+00:00",229.486,"102207505799905758747853642057057876554285667439374983081372105958456583892065",0.49,0.5,0.01,0.5,6.0093,12.0186,1,5,0.01,0.49,""
"2026-06-21T20:36:11.5974969+00:00","eth-updown-5m-1782074400","2026-06-21T20:40:00.0000000+00:00",228.403,"102207505799905758747853642057057876554285667439374983081372105958456583892065",0.49,0.5,0.01,0.5,6.0093,12.0186,1,5,0.01,0.49,""
"2026-06-21T20:36:12.6741528+00:00","eth-updown-5m-1782074400","2026-06-21T20:40:00.0000000+00:00",227.326,"102207505799905758747853642057057876554285667439374983081372105958456583892065",0.49,0.5,0.01,0.5,6.0093,12.0186,1,5,0.01,0.49,""
"2026-06-21T20:36:13.7727067+00:00","eth-updown-5m-1782074400","2026-06-21T20:40:00.0000000+00:00",226.227,"102207505799905758747853642057057876554285667439374983081372105958456583892065",0.49,0.5,0.01,0.5,6.0093,12.0186,1,5,0.01,0.49,""
"2026-06-21T20:36:14.8645235+00:00","eth-updown-5m-1782074400","2026-06-21T20:40:00.0000000+00:00",225.135,"102207505799905758747853642057057876554285667439374983081372105958456583892065",0.49,0.5,0.01,0.5,6.0093,12.0186,1,5,0.01,0.49,""
"2026-06-21T20:36:15.9778639+00:00","eth-updown-5m-1782074400","2026-06-21T20:40:00.0000000+00:00",224.022,"102207505799905758747853642057057876554285667439374983081372105958456583892065",0.49,0.5,0.01,0.5,6.0093,12.0186,1,5,0.01,0.49,""
"2026-06-21T20:36:17.0585121+00:00","eth-updown-5m-1782074400","2026-06-21T20:40:00.0000000+00:00",222.941,"102207505799905758747853642057057876554285667439374983081372105958456583892065",0.49,0.5,0.01,0.5,6.0093,12.0186,1,5,0.01,0.49,""
"2026-06-21T20:36:18.1456707+00:00","eth-updown-5m-1782074400","2026-06-21T20:40:00.0000000+00:00",221.854,"102207505799905758747853642057057876554285667439374983081372105958456583892065",0.49,0.5,0.01,0.5,6.0093,12.0186,1,5,0.01,0.49,""
"2026-06-21T20:36:19.2706484+00:00","eth-updown-5m-1782074400","2026-06-21T20:40:00.0000000+00:00",220.729,"102207505799905758747853642057057876554285667439374983081372105958456583892065",0.49,0.5,0.01,0.5,6.0093,12.0186,1,5,0.01,0.49,""
"2026-06-21T20:36:20.3596289+00:00","eth-updown-5m-1782074400","2026-06-21T20:40:00.0000000+00:00",219.64,"102207505799905758747853642057057876554285667439374983081372105958456583892065",0.49,0.5,0.01,0.5,6.0093,12.0186,1,5,0.01,0.49,""
"2026-06-21T20:36:21.4580086+00:00","eth-updown-5m-1782074400","2026-06-21T20:40:00.0000000+00:00",218.542,"102207505799905758747853642057057876554285667439374983081372105958456583892065",0.49,0.5,0.01,0.5,6.0093,12.0186,1,5,0.01,0.49,""
"2026-06-21T20:36:22.5614324+00:00","eth-updown-5m-1782074400","2026-06-21T20:40:00.0000000+00:00",217.439,"102207505799905758747853642057057876554285667439374983081372105958456583892065",0.49,0.5,0.01,0.5,6.0093,12.0186,1,5,0.01,0.49,""
"2026-06-21T20:36:23.6398857+00:00","eth-updown-5m-1782074400","2026-06-21T20:40:00.0000000+00:00",216.36,"102207505799905758747853642057057876554285667439374983081372105958456583892065",0.49,0.5,0.01,0.5,6.0093,12.0186,1,5,0.01,0.49,""
"2026-06-21T20:36:24.7384757+00:00","eth-updown-5m-1782074400","2026-06-21T20:40:00.0000000+00:00",215.262,"102207505799905758747853642057057876554285667439374983081372105958456583892065",0.49,0.5,0.01,0.5,6.0093,12.0186,1,5,0.01,0.49,""
