asset_symbol	market_start_utc	sampled_at_utc	counter_start_market_start_utc	up_count	down_count	diff	diff_count	processed_market_count	counter_initialized	last_included_market_start_utc	high_water_market_start_utc	history_fetch_failed
BTC	2026-06-09T00:00:00Z	2026-06-09T00:09:56.998Z	2026-06-08T21:10:00Z	17	18	-1	-78	35	True	2026-06-09T00:00:00Z	2026-06-09T00:00:00Z	False
ETH	2026-06-09T00:00:00Z	2026-06-09T00:09:56.998Z	2026-06-08T21:10:00Z	16	19	-3	-34	35	True	2026-06-09T00:00:00Z	2026-06-09T00:00:00Z	False
SOL	2026-06-09T00:00:00Z	2026-06-09T00:09:56.998Z	2026-06-08T21:10:00Z	16	19	-3	-156	35	True	2026-06-09T00:00:00Z	2026-06-09T00:00:00Z	False
BTC	2026-06-09T00:05:00Z	2026-06-09T00:14:59.775Z	2026-06-08T21:10:00Z	17	19	-2	-80	36	True	2026-06-09T00:05:00Z	2026-06-09T00:05:00Z	False
ETH	2026-06-09T00:05:00Z	2026-06-09T00:14:59.775Z	2026-06-08T21:10:00Z	16	20	-4	-38	36	True	2026-06-09T00:05:00Z	2026-06-09T00:05:00Z	False
SOL	2026-06-09T00:05:00Z	2026-06-09T00:14:59.775Z	2026-06-08T21:10:00Z	16	20	-4	-160	36	True	2026-06-09T00:05:00Z	2026-06-09T00:05:00Z	False
BTC	2026-06-09T00:10:00Z	2026-06-09T00:19:59.274Z	2026-06-08T21:10:00Z	17	20	-3	-83	37	True	2026-06-09T00:10:00Z	2026-06-09T00:10:00Z	False
ETH	2026-06-09T00:10:00Z	2026-06-09T00:19:59.274Z	2026-06-08T21:10:00Z	17	20	-3	-41	37	True	2026-06-09T00:10:00Z	2026-06-09T00:10:00Z	False
SOL	2026-06-09T00:10:00Z	2026-06-09T00:19:59.274Z	2026-06-08T21:10:00Z	16	21	-5	-165	37	True	2026-06-09T00:10:00Z	2026-06-09T00:10:00Z	False
BTC	2026-06-09T00:15:00Z	2026-06-09T00:24:55.822Z	2026-06-08T21:10:00Z	17	21	-4	-87	38	True	2026-06-09T00:15:00Z	2026-06-09T00:15:00Z	False
ETH	2026-06-09T00:15:00Z	2026-06-09T00:24:55.822Z	2026-06-08T21:10:00Z	18	20	-2	-43	38	True	2026-06-09T00:15:00Z	2026-06-09T00:15:00Z	False
SOL	2026-06-09T00:15:00Z	2026-06-09T00:24:55.822Z	2026-06-08T21:10:00Z	17	21	-4	-169	38	True	2026-06-09T00:15:00Z	2026-06-09T00:15:00Z	False
BTC	2026-06-09T00:20:00Z	2026-06-09T00:29:55.784Z	2026-06-08T21:10:00Z	17	22	-5	-92	39	True	2026-06-09T00:20:00Z	2026-06-09T00:20:00Z	False
ETH	2026-06-09T00:20:00Z	2026-06-09T00:29:55.784Z	2026-06-08T21:10:00Z	18	21	-3	-46	39	True	2026-06-09T00:20:00Z	2026-06-09T00:20:00Z	False
SOL	2026-06-09T00:20:00Z	2026-06-09T00:29:55.784Z	2026-06-08T21:10:00Z	17	22	-5	-174	39	True	2026-06-09T00:20:00Z	2026-06-09T00:20:00Z	False
BTC	2026-06-09T00:25:00Z	2026-06-09T00:34:56.674Z	2026-06-08T21:10:00Z	17	23	-6	-98	40	True	2026-06-09T00:25:00Z	2026-06-09T00:25:00Z	False
ETH	2026-06-09T00:25:00Z	2026-06-09T00:34:56.674Z	2026-06-08T21:10:00Z	18	22	-4	-50	40	True	2026-06-09T00:25:00Z	2026-06-09T00:25:00Z	False
SOL	2026-06-09T00:25:00Z	2026-06-09T00:34:56.674Z	2026-06-08T21:10:00Z	17	23	-6	-180	40	True	2026-06-09T00:25:00Z	2026-06-09T00:25:00Z	False
BTC	2026-06-09T00:30:00Z	2026-06-09T00:39:54.454Z	2026-06-08T21:10:00Z	18	23	-5	-103	41	True	2026-06-09T00:30:00Z	2026-06-09T00:30:00Z	False
ETH	2026-06-09T00:30:00Z	2026-06-09T00:39:54.454Z	2026-06-08T21:10:00Z	18	23	-5	-55	41	True	2026-06-09T00:30:00Z	2026-06-09T00:30:00Z	False
SOL	2026-06-09T00:30:00Z	2026-06-09T00:39:54.454Z	2026-06-08T21:10:00Z	17	24	-7	-187	41	True	2026-06-09T00:30:00Z	2026-06-09T00:30:00Z	False
BTC	2026-06-09T00:35:00Z	2026-06-09T00:44:52.294Z	2026-06-08T21:10:00Z	18	24	-6	-109	42	True	2026-06-09T00:35:00Z	2026-06-09T00:35:00Z	False
ETH	2026-06-09T00:35:00Z	2026-06-09T00:44:52.294Z	2026-06-08T21:10:00Z	18	24	-6	-61	42	True	2026-06-09T00:35:00Z	2026-06-09T00:35:00Z	False
SOL	2026-06-09T00:35:00Z	2026-06-09T00:44:52.294Z	2026-06-08T21:10:00Z	17	25	-8	-195	42	True	2026-06-09T00:35:00Z	2026-06-09T00:35:00Z	False
BTC	2026-06-09T00:40:00Z	2026-06-09T00:49:44.060Z	2026-06-08T21:10:00Z	19	24	-5	-114	43	True	2026-06-09T00:40:00Z	2026-06-09T00:40:00Z	False
ETH	2026-06-09T00:40:00Z	2026-06-09T00:49:44.060Z	2026-06-08T21:10:00Z	19	24	-5	-66	43	True	2026-06-09T00:40:00Z	2026-06-09T00:40:00Z	False
SOL	2026-06-09T00:40:00Z	2026-06-09T00:49:44.060Z	2026-06-08T21:10:00Z	18	25	-7	-202	43	True	2026-06-09T00:40:00Z	2026-06-09T00:40:00Z	False
BTC	2026-06-09T00:45:00Z	2026-06-09T00:54:58.268Z	2026-06-08T21:10:00Z	19	25	-6	-120	44	True	2026-06-09T00:45:00Z	2026-06-09T00:45:00Z	False
ETH	2026-06-09T00:45:00Z	2026-06-09T00:54:58.268Z	2026-06-08T21:10:00Z	19	25	-6	-72	44	True	2026-06-09T00:45:00Z	2026-06-09T00:45:00Z	False
SOL	2026-06-09T00:45:00Z	2026-06-09T00:54:58.268Z	2026-06-08T21:10:00Z	18	26	-8	-210	44	True	2026-06-09T00:45:00Z	2026-06-09T00:45:00Z	False
BTC	2026-06-09T00:50:00Z	2026-06-09T00:59:57.573Z	2026-06-08T21:10:00Z	20	25	-5	-125	45	True	2026-06-09T00:50:00Z	2026-06-09T00:50:00Z	False
ETH	2026-06-09T00:50:00Z	2026-06-09T00:59:57.573Z	2026-06-08T21:10:00Z	20	25	-5	-77	45	True	2026-06-09T00:50:00Z	2026-06-09T00:50:00Z	False
SOL	2026-06-09T00:50:00Z	2026-06-09T00:59:57.573Z	2026-06-08T21:10:00Z	19	26	-7	-217	45	True	2026-06-09T00:50:00Z	2026-06-09T00:50:00Z	False
BTC	2026-06-09T00:55:00Z	2026-06-09T01:04:59.992Z	2026-06-08T21:10:00Z	21	25	-4	-129	46	True	2026-06-09T00:55:00Z	2026-06-09T00:55:00Z	False
ETH	2026-06-09T00:55:00Z	2026-06-09T01:04:59.992Z	2026-06-08T21:10:00Z	20	26	-6	-83	46	True	2026-06-09T00:55:00Z	2026-06-09T00:55:00Z	False
SOL	2026-06-09T00:55:00Z	2026-06-09T01:04:59.992Z	2026-06-08T21:10:00Z	19	27	-8	-225	46	True	2026-06-09T00:55:00Z	2026-06-09T00:55:00Z	False
BTC	2026-06-09T01:00:00Z	2026-06-09T01:09:56.082Z	2026-06-08T21:10:00Z	22	25	-3	-132	47	True	2026-06-09T01:00:00Z	2026-06-09T01:00:00Z	False
ETH	2026-06-09T01:00:00Z	2026-06-09T01:09:56.082Z	2026-06-08T21:10:00Z	21	26	-5	-88	47	True	2026-06-09T01:00:00Z	2026-06-09T01:00:00Z	False
SOL	2026-06-09T01:00:00Z	2026-06-09T01:09:56.082Z	2026-06-08T21:10:00Z	20	27	-7	-232	47	True	2026-06-09T01:00:00Z	2026-06-09T01:00:00Z	False
BTC	2026-06-09T01:05:00Z	2026-06-09T01:14:58.924Z	2026-06-08T21:10:00Z	23	25	-2	-134	48	True	2026-06-09T01:05:00Z	2026-06-09T01:05:00Z	False
ETH	2026-06-09T01:05:00Z	2026-06-09T01:14:58.924Z	2026-06-08T21:10:00Z	21	27	-6	-94	48	True	2026-06-09T01:05:00Z	2026-06-09T01:05:00Z	False
SOL	2026-06-09T01:05:00Z	2026-06-09T01:14:58.924Z	2026-06-08T21:10:00Z	21	27	-6	-238	48	True	2026-06-09T01:05:00Z	2026-06-09T01:05:00Z	False
BTC	2026-06-09T01:10:00Z	2026-06-09T01:19:59.669Z	2026-06-08T21:10:00Z	24	25	-1	-135	49	True	2026-06-09T01:10:00Z	2026-06-09T01:10:00Z	False
ETH	2026-06-09T01:10:00Z	2026-06-09T01:19:59.669Z	2026-06-08T21:10:00Z	22	27	-5	-99	49	True	2026-06-09T01:10:00Z	2026-06-09T01:10:00Z	False
SOL	2026-06-09T01:10:00Z	2026-06-09T01:19:59.669Z	2026-06-08T21:10:00Z	22	27	-5	-243	49	True	2026-06-09T01:10:00Z	2026-06-09T01:10:00Z	False
BTC	2026-06-09T01:15:00Z	2026-06-09T01:24:55.873Z	2026-06-08T21:10:00Z	25	25	0	-135	50	True	2026-06-09T01:15:00Z	2026-06-09T01:15:00Z	False
ETH	2026-06-09T01:15:00Z	2026-06-09T01:24:55.873Z	2026-06-08T21:10:00Z	23	27	-4	-103	50	True	2026-06-09T01:15:00Z	2026-06-09T01:15:00Z	False
SOL	2026-06-09T01:15:00Z	2026-06-09T01:24:55.873Z	2026-06-08T21:10:00Z	23	27	-4	-247	50	True	2026-06-09T01:15:00Z	2026-06-09T01:15:00Z	False
BTC	2026-06-09T01:20:00Z	2026-06-09T01:29:56.986Z	2026-06-08T21:10:00Z	26	25	1	-134	51	True	2026-06-09T01:20:00Z	2026-06-09T01:20:00Z	False
ETH	2026-06-09T01:20:00Z	2026-06-09T01:29:56.986Z	2026-06-08T21:10:00Z	24	27	-3	-106	51	True	2026-06-09T01:20:00Z	2026-06-09T01:20:00Z	False
SOL	2026-06-09T01:20:00Z	2026-06-09T01:29:56.986Z	2026-06-08T21:10:00Z	24	27	-3	-250	51	True	2026-06-09T01:20:00Z	2026-06-09T01:20:00Z	False
BTC	2026-06-09T01:25:00Z	2026-06-09T01:34:42.387Z	2026-06-08T21:10:00Z	26	26	0	-134	52	True	2026-06-09T01:25:00Z	2026-06-09T01:25:00Z	False
ETH	2026-06-09T01:25:00Z	2026-06-09T01:34:42.387Z	2026-06-08T21:10:00Z	24	28	-4	-110	52	True	2026-06-09T01:25:00Z	2026-06-09T01:25:00Z	False
SOL	2026-06-09T01:25:00Z	2026-06-09T01:34:42.387Z	2026-06-08T21:10:00Z	25	27	-2	-252	52	True	2026-06-09T01:25:00Z	2026-06-09T01:25:00Z	False
BTC	2026-06-09T01:30:00Z	2026-06-09T01:39:42.666Z	2026-06-08T21:10:00Z	27	26	1	-133	53	True	2026-06-09T01:30:00Z	2026-06-09T01:30:00Z	False
ETH	2026-06-09T01:30:00Z	2026-06-09T01:39:42.666Z	2026-06-08T21:10:00Z	25	28	-3	-113	53	True	2026-06-09T01:30:00Z	2026-06-09T01:30:00Z	False
SOL	2026-06-09T01:30:00Z	2026-06-09T01:39:42.666Z	2026-06-08T21:10:00Z	26	27	-1	-253	53	True	2026-06-09T01:30:00Z	2026-06-09T01:30:00Z	False
BTC	2026-06-09T01:35:00Z	2026-06-09T01:44:54.382Z	2026-06-08T21:10:00Z	27	27	0	-133	54	True	2026-06-09T01:35:00Z	2026-06-09T01:35:00Z	False
ETH	2026-06-09T01:35:00Z	2026-06-09T01:44:54.382Z	2026-06-08T21:10:00Z	25	29	-4	-117	54	True	2026-06-09T01:35:00Z	2026-06-09T01:35:00Z	False
SOL	2026-06-09T01:35:00Z	2026-06-09T01:44:54.382Z	2026-06-08T21:10:00Z	26	28	-2	-255	54	True	2026-06-09T01:35:00Z	2026-06-09T01:35:00Z	False
BTC	2026-06-09T01:40:00Z	2026-06-09T01:49:57.414Z	2026-06-08T21:10:00Z	27	28	-1	-134	55	True	2026-06-09T01:40:00Z	2026-06-09T01:40:00Z	False
ETH	2026-06-09T01:40:00Z	2026-06-09T01:49:57.414Z	2026-06-08T21:10:00Z	25	30	-5	-122	55	True	2026-06-09T01:40:00Z	2026-06-09T01:40:00Z	False
SOL	2026-06-09T01:40:00Z	2026-06-09T01:49:57.414Z	2026-06-08T21:10:00Z	26	29	-3	-258	55	True	2026-06-09T01:40:00Z	2026-06-09T01:40:00Z	False
BTC	2026-06-09T01:45:00Z	2026-06-09T01:54:58.823Z	2026-06-08T21:10:00Z	28	28	0	-134	56	True	2026-06-09T01:45:00Z	2026-06-09T01:45:00Z	False
ETH	2026-06-09T01:45:00Z	2026-06-09T01:54:58.823Z	2026-06-08T21:10:00Z	25	31	-6	-128	56	True	2026-06-09T01:45:00Z	2026-06-09T01:45:00Z	False
SOL	2026-06-09T01:45:00Z	2026-06-09T01:54:58.823Z	2026-06-08T21:10:00Z	27	29	-2	-260	56	True	2026-06-09T01:45:00Z	2026-06-09T01:45:00Z	False
BTC	2026-06-09T01:50:00Z	2026-06-09T01:59:57.633Z	2026-06-08T21:10:00Z	29	28	1	-133	57	True	2026-06-09T01:50:00Z	2026-06-09T01:50:00Z	False
ETH	2026-06-09T01:50:00Z	2026-06-09T01:59:57.633Z	2026-06-08T21:10:00Z	26	31	-5	-133	57	True	2026-06-09T01:50:00Z	2026-06-09T01:50:00Z	False
SOL	2026-06-09T01:50:00Z	2026-06-09T01:59:57.633Z	2026-06-08T21:10:00Z	28	29	-1	-261	57	True	2026-06-09T01:50:00Z	2026-06-09T01:50:00Z	False
BTC	2026-06-09T01:55:00Z	2026-06-09T02:04:57.534Z	2026-06-08T21:10:00Z	29	29	0	-133	58	True	2026-06-09T01:55:00Z	2026-06-09T01:55:00Z	False
ETH	2026-06-09T01:55:00Z	2026-06-09T02:04:57.534Z	2026-06-08T21:10:00Z	27	31	-4	-137	58	True	2026-06-09T01:55:00Z	2026-06-09T01:55:00Z	False
SOL	2026-06-09T01:55:00Z	2026-06-09T02:04:57.534Z	2026-06-08T21:10:00Z	29	29	0	-261	58	True	2026-06-09T01:55:00Z	2026-06-09T01:55:00Z	False
BTC	2026-06-09T02:00:00Z	2026-06-09T02:09:56.455Z	2026-06-08T21:10:00Z	30	29	1	-132	59	True	2026-06-09T02:00:00Z	2026-06-09T02:00:00Z	False
ETH	2026-06-09T02:00:00Z	2026-06-09T02:09:56.455Z	2026-06-08T21:10:00Z	28	31	-3	-140	59	True	2026-06-09T02:00:00Z	2026-06-09T02:00:00Z	False
SOL	2026-06-09T02:00:00Z	2026-06-09T02:09:56.455Z	2026-06-08T21:10:00Z	30	29	1	-260	59	True	2026-06-09T02:00:00Z	2026-06-09T02:00:00Z	False
BTC	2026-06-09T02:05:00Z	2026-06-09T02:14:57.418Z	2026-06-08T21:10:00Z	30	30	0	-132	60	True	2026-06-09T02:05:00Z	2026-06-09T02:05:00Z	False
ETH	2026-06-09T02:05:00Z	2026-06-09T02:14:57.418Z	2026-06-08T21:10:00Z	29	31	-2	-142	60	True	2026-06-09T02:05:00Z	2026-06-09T02:05:00Z	False
SOL	2026-06-09T02:05:00Z	2026-06-09T02:14:57.418Z	2026-06-08T21:10:00Z	31	29	2	-258	60	True	2026-06-09T02:05:00Z	2026-06-09T02:05:00Z	False
BTC	2026-06-09T02:10:00Z	2026-06-09T02:19:56.485Z	2026-06-08T21:10:00Z	30	31	-1	-133	61	True	2026-06-09T02:10:00Z	2026-06-09T02:10:00Z	False
ETH	2026-06-09T02:10:00Z	2026-06-09T02:19:56.485Z	2026-06-08T21:10:00Z	29	32	-3	-145	61	True	2026-06-09T02:10:00Z	2026-06-09T02:10:00Z	False
SOL	2026-06-09T02:10:00Z	2026-06-09T02:19:56.485Z	2026-06-08T21:10:00Z	31	30	1	-257	61	True	2026-06-09T02:10:00Z	2026-06-09T02:10:00Z	False
BTC	2026-06-09T02:15:00Z	2026-06-09T02:24:57.034Z	2026-06-08T21:10:00Z	30	32	-2	-135	62	True	2026-06-09T02:15:00Z	2026-06-09T02:15:00Z	False
ETH	2026-06-09T02:15:00Z	2026-06-09T02:24:57.034Z	2026-06-08T21:10:00Z	29	33	-4	-149	62	True	2026-06-09T02:15:00Z	2026-06-09T02:15:00Z	False
SOL	2026-06-09T02:15:00Z	2026-06-09T02:24:57.034Z	2026-06-08T21:10:00Z	31	31	0	-257	62	True	2026-06-09T02:15:00Z	2026-06-09T02:15:00Z	False
BTC	2026-06-09T02:20:00Z	2026-06-09T02:29:59.918Z	2026-06-08T21:10:00Z	31	32	-1	-136	63	True	2026-06-09T02:20:00Z	2026-06-09T02:20:00Z	False
ETH	2026-06-09T02:20:00Z	2026-06-09T02:29:59.918Z	2026-06-08T21:10:00Z	30	33	-3	-152	63	True	2026-06-09T02:20:00Z	2026-06-09T02:20:00Z	False
SOL	2026-06-09T02:20:00Z	2026-06-09T02:29:59.918Z	2026-06-08T21:10:00Z	32	31	1	-256	63	True	2026-06-09T02:20:00Z	2026-06-09T02:20:00Z	False
BTC	2026-06-09T02:25:00Z	2026-06-09T02:34:55.320Z	2026-06-08T21:10:00Z	32	32	0	-136	64	True	2026-06-09T02:25:00Z	2026-06-09T02:25:00Z	False
ETH	2026-06-09T02:25:00Z	2026-06-09T02:34:55.320Z	2026-06-08T21:10:00Z	31	33	-2	-154	64	True	2026-06-09T02:25:00Z	2026-06-09T02:25:00Z	False
SOL	2026-06-09T02:25:00Z	2026-06-09T02:34:55.320Z	2026-06-08T21:10:00Z	33	31	2	-254	64	True	2026-06-09T02:25:00Z	2026-06-09T02:25:00Z	False
BTC	2026-06-09T02:30:00Z	2026-06-09T02:39:57.716Z	2026-06-08T21:10:00Z	32	33	-1	-137	65	True	2026-06-09T02:30:00Z	2026-06-09T02:30:00Z	False
ETH	2026-06-09T02:30:00Z	2026-06-09T02:39:57.716Z	2026-06-08T21:10:00Z	31	34	-3	-157	65	True	2026-06-09T02:30:00Z	2026-06-09T02:30:00Z	False
SOL	2026-06-09T02:30:00Z	2026-06-09T02:39:57.716Z	2026-06-08T21:10:00Z	33	32	1	-253	65	True	2026-06-09T02:30:00Z	2026-06-09T02:30:00Z	False
BTC	2026-06-09T02:35:00Z	2026-06-09T02:44:56.967Z	2026-06-08T21:10:00Z	32	34	-2	-139	66	True	2026-06-09T02:35:00Z	2026-06-09T02:35:00Z	False
ETH	2026-06-09T02:35:00Z	2026-06-09T02:44:56.967Z	2026-06-08T21:10:00Z	31	35	-4	-161	66	True	2026-06-09T02:35:00Z	2026-06-09T02:35:00Z	False
SOL	2026-06-09T02:35:00Z	2026-06-09T02:44:56.967Z	2026-06-08T21:10:00Z	33	33	0	-253	66	True	2026-06-09T02:35:00Z	2026-06-09T02:35:00Z	False
BTC	2026-06-09T02:40:00Z	2026-06-09T02:49:53.939Z	2026-06-08T21:10:00Z	33	34	-1	-140	67	True	2026-06-09T02:40:00Z	2026-06-09T02:40:00Z	False
ETH	2026-06-09T02:40:00Z	2026-06-09T02:49:53.939Z	2026-06-08T21:10:00Z	32	35	-3	-164	67	True	2026-06-09T02:40:00Z	2026-06-09T02:40:00Z	False
SOL	2026-06-09T02:40:00Z	2026-06-09T02:49:53.939Z	2026-06-08T21:10:00Z	34	33	1	-252	67	True	2026-06-09T02:40:00Z	2026-06-09T02:40:00Z	False
BTC	2026-06-09T02:45:00Z	2026-06-09T02:54:59.515Z	2026-06-08T21:10:00Z	34	34	0	-140	68	True	2026-06-09T02:45:00Z	2026-06-09T02:45:00Z	False
ETH	2026-06-09T02:45:00Z	2026-06-09T02:54:59.515Z	2026-06-08T21:10:00Z	33	35	-2	-166	68	True	2026-06-09T02:45:00Z	2026-06-09T02:45:00Z	False
SOL	2026-06-09T02:45:00Z	2026-06-09T02:54:59.515Z	2026-06-08T21:10:00Z	35	33	2	-250	68	True	2026-06-09T02:45:00Z	2026-06-09T02:45:00Z	False
BTC	2026-06-09T02:50:00Z	2026-06-09T02:59:59.470Z	2026-06-08T21:10:00Z	35	34	1	-139	69	True	2026-06-09T02:50:00Z	2026-06-09T02:50:00Z	False
ETH	2026-06-09T02:50:00Z	2026-06-09T02:59:59.470Z	2026-06-08T21:10:00Z	34	35	-1	-167	69	True	2026-06-09T02:50:00Z	2026-06-09T02:50:00Z	False
SOL	2026-06-09T02:50:00Z	2026-06-09T02:59:59.470Z	2026-06-08T21:10:00Z	36	33	3	-247	69	True	2026-06-09T02:50:00Z	2026-06-09T02:50:00Z	False
BTC	2026-06-09T02:55:00Z	2026-06-09T03:04:57.035Z	2026-06-08T21:10:00Z	36	34	2	-137	70	True	2026-06-09T02:55:00Z	2026-06-09T02:55:00Z	False
ETH	2026-06-09T02:55:00Z	2026-06-09T03:04:57.035Z	2026-06-08T21:10:00Z	35	35	0	-167	70	True	2026-06-09T02:55:00Z	2026-06-09T02:55:00Z	False
SOL	2026-06-09T02:55:00Z	2026-06-09T03:04:57.035Z	2026-06-08T21:10:00Z	37	33	4	-243	70	True	2026-06-09T02:55:00Z	2026-06-09T02:55:00Z	False
BTC	2026-06-09T03:00:00Z	2026-06-09T03:09:56.414Z	2026-06-08T21:10:00Z	36	35	1	-136	71	True	2026-06-09T03:00:00Z	2026-06-09T03:00:00Z	False
ETH	2026-06-09T03:00:00Z	2026-06-09T03:09:56.414Z	2026-06-08T21:10:00Z	35	36	-1	-168	71	True	2026-06-09T03:00:00Z	2026-06-09T03:00:00Z	False
SOL	2026-06-09T03:00:00Z	2026-06-09T03:09:56.414Z	2026-06-08T21:10:00Z	37	34	3	-240	71	True	2026-06-09T03:00:00Z	2026-06-09T03:00:00Z	False
BTC	2026-06-09T03:05:00Z	2026-06-09T03:14:57.945Z	2026-06-08T21:10:00Z	36	36	0	-136	72	True	2026-06-09T03:05:00Z	2026-06-09T03:05:00Z	False
ETH	2026-06-09T03:05:00Z	2026-06-09T03:14:57.945Z	2026-06-08T21:10:00Z	35	37	-2	-170	72	True	2026-06-09T03:05:00Z	2026-06-09T03:05:00Z	False
SOL	2026-06-09T03:05:00Z	2026-06-09T03:14:57.945Z	2026-06-08T21:10:00Z	38	34	4	-236	72	True	2026-06-09T03:05:00Z	2026-06-09T03:05:00Z	False
BTC	2026-06-09T03:10:00Z	2026-06-09T03:19:59.262Z	2026-06-08T21:10:00Z	37	36	1	-135	73	True	2026-06-09T03:10:00Z	2026-06-09T03:10:00Z	False
ETH	2026-06-09T03:10:00Z	2026-06-09T03:19:59.262Z	2026-06-08T21:10:00Z	36	37	-1	-171	73	True	2026-06-09T03:10:00Z	2026-06-09T03:10:00Z	False
SOL	2026-06-09T03:10:00Z	2026-06-09T03:19:59.262Z	2026-06-08T21:10:00Z	39	34	5	-231	73	True	2026-06-09T03:10:00Z	2026-06-09T03:10:00Z	False
BTC	2026-06-09T03:15:00Z	2026-06-09T03:24:58.974Z	2026-06-08T21:10:00Z	37	37	0	-135	74	True	2026-06-09T03:15:00Z	2026-06-09T03:15:00Z	False
ETH	2026-06-09T03:15:00Z	2026-06-09T03:24:58.974Z	2026-06-08T21:10:00Z	37	37	0	-171	74	True	2026-06-09T03:15:00Z	2026-06-09T03:15:00Z	False
SOL	2026-06-09T03:15:00Z	2026-06-09T03:24:58.974Z	2026-06-08T21:10:00Z	40	34	6	-225	74	True	2026-06-09T03:15:00Z	2026-06-09T03:15:00Z	False
BTC	2026-06-09T03:20:00Z	2026-06-09T03:29:58.974Z	2026-06-08T21:10:00Z	37	38	-1	-136	75	True	2026-06-09T03:20:00Z	2026-06-09T03:20:00Z	False
ETH	2026-06-09T03:20:00Z	2026-06-09T03:29:58.974Z	2026-06-08T21:10:00Z	37	38	-1	-172	75	True	2026-06-09T03:20:00Z	2026-06-09T03:20:00Z	False
SOL	2026-06-09T03:20:00Z	2026-06-09T03:29:58.974Z	2026-06-08T21:10:00Z	40	35	5	-220	75	True	2026-06-09T03:20:00Z	2026-06-09T03:20:00Z	False
BTC	2026-06-09T03:25:00Z	2026-06-09T03:34:40.107Z	2026-06-08T21:10:00Z	38	38	0	-136	76	True	2026-06-09T03:25:00Z	2026-06-09T03:25:00Z	False
ETH	2026-06-09T03:25:00Z	2026-06-09T03:34:40.107Z	2026-06-08T21:10:00Z	38	38	0	-172	76	True	2026-06-09T03:25:00Z	2026-06-09T03:25:00Z	False
SOL	2026-06-09T03:25:00Z	2026-06-09T03:34:40.107Z	2026-06-08T21:10:00Z	41	35	6	-214	76	True	2026-06-09T03:25:00Z	2026-06-09T03:25:00Z	False
BTC	2026-06-09T03:30:00Z	2026-06-09T03:39:58.978Z	2026-06-08T21:10:00Z	38	39	-1	-137	77	True	2026-06-09T03:30:00Z	2026-06-09T03:30:00Z	False
ETH	2026-06-09T03:30:00Z	2026-06-09T03:39:58.978Z	2026-06-08T21:10:00Z	38	39	-1	-173	77	True	2026-06-09T03:30:00Z	2026-06-09T03:30:00Z	False
SOL	2026-06-09T03:30:00Z	2026-06-09T03:39:58.978Z	2026-06-08T21:10:00Z	41	36	5	-209	77	True	2026-06-09T03:30:00Z	2026-06-09T03:30:00Z	False
BTC	2026-06-09T03:35:00Z	2026-06-09T03:44:56.694Z	2026-06-08T21:10:00Z	39	39	0	-137	78	True	2026-06-09T03:35:00Z	2026-06-09T03:35:00Z	False
ETH	2026-06-09T03:35:00Z	2026-06-09T03:44:56.694Z	2026-06-08T21:10:00Z	39	39	0	-173	78	True	2026-06-09T03:35:00Z	2026-06-09T03:35:00Z	False
SOL	2026-06-09T03:35:00Z	2026-06-09T03:44:56.694Z	2026-06-08T21:10:00Z	42	36	6	-203	78	True	2026-06-09T03:35:00Z	2026-06-09T03:35:00Z	False
BTC	2026-06-09T03:40:00Z	2026-06-09T03:49:58.293Z	2026-06-08T21:10:00Z	40	39	1	-136	79	True	2026-06-09T03:40:00Z	2026-06-09T03:40:00Z	False
ETH	2026-06-09T03:40:00Z	2026-06-09T03:49:58.293Z	2026-06-08T21:10:00Z	40	39	1	-172	79	True	2026-06-09T03:40:00Z	2026-06-09T03:40:00Z	False
SOL	2026-06-09T03:40:00Z	2026-06-09T03:49:58.293Z	2026-06-08T21:10:00Z	43	36	7	-196	79	True	2026-06-09T03:40:00Z	2026-06-09T03:40:00Z	False
BTC	2026-06-09T03:45:00Z	2026-06-09T03:54:57.551Z	2026-06-08T21:10:00Z	41	39	2	-134	80	True	2026-06-09T03:45:00Z	2026-06-09T03:45:00Z	False
ETH	2026-06-09T03:45:00Z	2026-06-09T03:54:57.551Z	2026-06-08T21:10:00Z	41	39	2	-170	80	True	2026-06-09T03:45:00Z	2026-06-09T03:45:00Z	False
SOL	2026-06-09T03:45:00Z	2026-06-09T03:54:57.551Z	2026-06-08T21:10:00Z	44	36	8	-188	80	True	2026-06-09T03:45:00Z	2026-06-09T03:45:00Z	False
BTC	2026-06-09T03:50:00Z	2026-06-09T03:59:58.390Z	2026-06-08T21:10:00Z	41	40	1	-133	81	True	2026-06-09T03:50:00Z	2026-06-09T03:50:00Z	False
ETH	2026-06-09T03:50:00Z	2026-06-09T03:59:58.390Z	2026-06-08T21:10:00Z	41	40	1	-169	81	True	2026-06-09T03:50:00Z	2026-06-09T03:50:00Z	False
SOL	2026-06-09T03:50:00Z	2026-06-09T03:59:58.390Z	2026-06-08T21:10:00Z	44	37	7	-181	81	True	2026-06-09T03:50:00Z	2026-06-09T03:50:00Z	False
BTC	2026-06-09T03:55:00Z	2026-06-09T04:04:58.438Z	2026-06-08T21:10:00Z	42	40	2	-131	82	True	2026-06-09T03:55:00Z	2026-06-09T03:55:00Z	False
ETH	2026-06-09T03:55:00Z	2026-06-09T04:04:58.438Z	2026-06-08T21:10:00Z	42	40	2	-167	82	True	2026-06-09T03:55:00Z	2026-06-09T03:55:00Z	False
SOL	2026-06-09T03:55:00Z	2026-06-09T04:04:58.438Z	2026-06-08T21:10:00Z	45	37	8	-173	82	True	2026-06-09T03:55:00Z	2026-06-09T03:55:00Z	False
BTC	2026-06-09T04:00:00Z	2026-06-09T04:09:59.978Z	2026-06-08T21:10:00Z	42	41	1	-130	83	True	2026-06-09T04:00:00Z	2026-06-09T04:00:00Z	False
ETH	2026-06-09T04:00:00Z	2026-06-09T04:09:59.978Z	2026-06-08T21:10:00Z	42	41	1	-166	83	True	2026-06-09T04:00:00Z	2026-06-09T04:00:00Z	False
SOL	2026-06-09T04:00:00Z	2026-06-09T04:09:59.978Z	2026-06-08T21:10:00Z	45	38	7	-166	83	True	2026-06-09T04:00:00Z	2026-06-09T04:00:00Z	False
BTC	2026-06-09T04:05:00Z	2026-06-09T04:14:53.784Z	2026-06-08T21:10:00Z	43	41	2	-128	84	True	2026-06-09T04:05:00Z	2026-06-09T04:05:00Z	False
ETH	2026-06-09T04:05:00Z	2026-06-09T04:14:53.784Z	2026-06-08T21:10:00Z	43	41	2	-164	84	True	2026-06-09T04:05:00Z	2026-06-09T04:05:00Z	False
SOL	2026-06-09T04:05:00Z	2026-06-09T04:14:53.784Z	2026-06-08T21:10:00Z	46	38	8	-158	84	True	2026-06-09T04:05:00Z	2026-06-09T04:05:00Z	False
BTC	2026-06-09T04:10:00Z	2026-06-09T04:19:59.078Z	2026-06-08T21:10:00Z	43	42	1	-127	85	True	2026-06-09T04:10:00Z	2026-06-09T04:10:00Z	False
ETH	2026-06-09T04:10:00Z	2026-06-09T04:19:59.078Z	2026-06-08T21:10:00Z	43	42	1	-163	85	True	2026-06-09T04:10:00Z	2026-06-09T04:10:00Z	False
SOL	2026-06-09T04:10:00Z	2026-06-09T04:19:59.078Z	2026-06-08T21:10:00Z	47	38	9	-149	85	True	2026-06-09T04:10:00Z	2026-06-09T04:10:00Z	False
BTC	2026-06-09T04:15:00Z	2026-06-09T04:24:57.892Z	2026-06-08T21:10:00Z	43	43	0	-127	86	True	2026-06-09T04:15:00Z	2026-06-09T04:15:00Z	False
ETH	2026-06-09T04:15:00Z	2026-06-09T04:24:57.892Z	2026-06-08T21:10:00Z	43	43	0	-163	86	True	2026-06-09T04:15:00Z	2026-06-09T04:15:00Z	False
SOL	2026-06-09T04:15:00Z	2026-06-09T04:24:57.892Z	2026-06-08T21:10:00Z	47	39	8	-141	86	True	2026-06-09T04:15:00Z	2026-06-09T04:15:00Z	False
BTC	2026-06-09T04:20:00Z	2026-06-09T04:29:57.644Z	2026-06-08T21:10:00Z	43	44	-1	-128	87	True	2026-06-09T04:20:00Z	2026-06-09T04:20:00Z	False
ETH	2026-06-09T04:20:00Z	2026-06-09T04:29:57.644Z	2026-06-08T21:10:00Z	43	44	-1	-164	87	True	2026-06-09T04:20:00Z	2026-06-09T04:20:00Z	False
SOL	2026-06-09T04:20:00Z	2026-06-09T04:29:57.644Z	2026-06-08T21:10:00Z	47	40	7	-134	87	True	2026-06-09T04:20:00Z	2026-06-09T04:20:00Z	False
BTC	2026-06-09T04:25:00Z	2026-06-09T04:34:47.168Z	2026-06-08T21:10:00Z	43	45	-2	-130	88	True	2026-06-09T04:25:00Z	2026-06-09T04:25:00Z	False
ETH	2026-06-09T04:25:00Z	2026-06-09T04:34:47.168Z	2026-06-08T21:10:00Z	43	45	-2	-166	88	True	2026-06-09T04:25:00Z	2026-06-09T04:25:00Z	False
SOL	2026-06-09T04:25:00Z	2026-06-09T04:34:47.168Z	2026-06-08T21:10:00Z	47	41	6	-128	88	True	2026-06-09T04:25:00Z	2026-06-09T04:25:00Z	False
BTC	2026-06-09T04:30:00Z	2026-06-09T04:39:57.975Z	2026-06-08T21:10:00Z	44	45	-1	-131	89	True	2026-06-09T04:30:00Z	2026-06-09T04:30:00Z	False
ETH	2026-06-09T04:30:00Z	2026-06-09T04:39:57.975Z	2026-06-08T21:10:00Z	44	45	-1	-167	89	True	2026-06-09T04:30:00Z	2026-06-09T04:30:00Z	False
SOL	2026-06-09T04:30:00Z	2026-06-09T04:39:57.975Z	2026-06-08T21:10:00Z	48	41	7	-121	89	True	2026-06-09T04:30:00Z	2026-06-09T04:30:00Z	False
BTC	2026-06-09T04:35:00Z	2026-06-09T04:44:58.595Z	2026-06-08T21:10:00Z	45	45	0	-131	90	True	2026-06-09T04:35:00Z	2026-06-09T04:35:00Z	False
ETH	2026-06-09T04:35:00Z	2026-06-09T04:44:58.595Z	2026-06-08T21:10:00Z	45	45	0	-167	90	True	2026-06-09T04:35:00Z	2026-06-09T04:35:00Z	False
SOL	2026-06-09T04:35:00Z	2026-06-09T04:44:58.595Z	2026-06-08T21:10:00Z	49	41	8	-113	90	True	2026-06-09T04:35:00Z	2026-06-09T04:35:00Z	False
BTC	2026-06-09T04:40:00Z	2026-06-09T04:49:53.671Z	2026-06-08T21:10:00Z	45	46	-1	-132	91	True	2026-06-09T04:40:00Z	2026-06-09T04:40:00Z	False
ETH	2026-06-09T04:40:00Z	2026-06-09T04:49:53.671Z	2026-06-08T21:10:00Z	45	46	-1	-168	91	True	2026-06-09T04:40:00Z	2026-06-09T04:40:00Z	False
SOL	2026-06-09T04:40:00Z	2026-06-09T04:49:53.671Z	2026-06-08T21:10:00Z	49	42	7	-106	91	True	2026-06-09T04:40:00Z	2026-06-09T04:40:00Z	False
BTC	2026-06-09T04:45:00Z	2026-06-09T04:54:57.321Z	2026-06-08T21:10:00Z	46	46	0	-132	92	True	2026-06-09T04:45:00Z	2026-06-09T04:45:00Z	False
ETH	2026-06-09T04:45:00Z	2026-06-09T04:54:57.321Z	2026-06-08T21:10:00Z	46	46	0	-168	92	True	2026-06-09T04:45:00Z	2026-06-09T04:45:00Z	False
SOL	2026-06-09T04:45:00Z	2026-06-09T04:54:57.321Z	2026-06-08T21:10:00Z	50	42	8	-98	92	True	2026-06-09T04:45:00Z	2026-06-09T04:45:00Z	False
BTC	2026-06-09T04:50:00Z	2026-06-09T04:59:59.665Z	2026-06-08T21:10:00Z	46	47	-1	-133	93	True	2026-06-09T04:50:00Z	2026-06-09T04:50:00Z	False
ETH	2026-06-09T04:50:00Z	2026-06-09T04:59:59.665Z	2026-06-08T21:10:00Z	46	47	-1	-169	93	True	2026-06-09T04:50:00Z	2026-06-09T04:50:00Z	False
SOL	2026-06-09T04:50:00Z	2026-06-09T04:59:59.665Z	2026-06-08T21:10:00Z	50	43	7	-91	93	True	2026-06-09T04:50:00Z	2026-06-09T04:50:00Z	False
BTC	2026-06-09T04:55:00Z	2026-06-09T05:04:50.754Z	2026-06-08T21:10:00Z	46	48	-2	-135	94	True	2026-06-09T04:55:00Z	2026-06-09T04:55:00Z	False
ETH	2026-06-09T04:55:00Z	2026-06-09T05:04:50.754Z	2026-06-08T21:10:00Z	46	48	-2	-171	94	True	2026-06-09T04:55:00Z	2026-06-09T04:55:00Z	False
SOL	2026-06-09T04:55:00Z	2026-06-09T05:04:50.754Z	2026-06-08T21:10:00Z	50	44	6	-85	94	True	2026-06-09T04:55:00Z	2026-06-09T04:55:00Z	False
BTC	2026-06-09T05:00:00Z	2026-06-09T05:09:51.055Z	2026-06-08T21:10:00Z	47	48	-1	-136	95	True	2026-06-09T05:00:00Z	2026-06-09T05:00:00Z	False
ETH	2026-06-09T05:00:00Z	2026-06-09T05:09:51.055Z	2026-06-08T21:10:00Z	47	48	-1	-172	95	True	2026-06-09T05:00:00Z	2026-06-09T05:00:00Z	False
SOL	2026-06-09T05:00:00Z	2026-06-09T05:09:51.055Z	2026-06-08T21:10:00Z	51	44	7	-78	95	True	2026-06-09T05:00:00Z	2026-06-09T05:00:00Z	False
BTC	2026-06-09T05:05:00Z	2026-06-09T05:14:59.135Z	2026-06-08T21:10:00Z	47	49	-2	-138	96	True	2026-06-09T05:05:00Z	2026-06-09T05:05:00Z	False
ETH	2026-06-09T05:05:00Z	2026-06-09T05:14:59.135Z	2026-06-08T21:10:00Z	47	49	-2	-174	96	True	2026-06-09T05:05:00Z	2026-06-09T05:05:00Z	False
SOL	2026-06-09T05:05:00Z	2026-06-09T05:14:59.135Z	2026-06-08T21:10:00Z	51	45	6	-72	96	True	2026-06-09T05:05:00Z	2026-06-09T05:05:00Z	False
BTC	2026-06-09T05:10:00Z	2026-06-09T05:19:58.544Z	2026-06-08T21:10:00Z	48	49	-1	-139	97	True	2026-06-09T05:10:00Z	2026-06-09T05:10:00Z	False
ETH	2026-06-09T05:10:00Z	2026-06-09T05:19:58.544Z	2026-06-08T21:10:00Z	48	49	-1	-175	97	True	2026-06-09T05:10:00Z	2026-06-09T05:10:00Z	False
SOL	2026-06-09T05:10:00Z	2026-06-09T05:19:58.544Z	2026-06-08T21:10:00Z	52	45	7	-65	97	True	2026-06-09T05:10:00Z	2026-06-09T05:10:00Z	False
BTC	2026-06-09T05:15:00Z	2026-06-09T05:24:55.255Z	2026-06-08T21:10:00Z	49	49	0	-139	98	True	2026-06-09T05:15:00Z	2026-06-09T05:15:00Z	False
ETH	2026-06-09T05:15:00Z	2026-06-09T05:24:55.255Z	2026-06-08T21:10:00Z	49	49	0	-175	98	True	2026-06-09T05:15:00Z	2026-06-09T05:15:00Z	False
SOL	2026-06-09T05:15:00Z	2026-06-09T05:24:55.255Z	2026-06-08T21:10:00Z	53	45	8	-57	98	True	2026-06-09T05:15:00Z	2026-06-09T05:15:00Z	False
BTC	2026-06-09T05:20:00Z	2026-06-09T05:29:55.030Z	2026-06-08T21:10:00Z	50	49	1	-138	99	True	2026-06-09T05:20:00Z	2026-06-09T05:20:00Z	False
ETH	2026-06-09T05:20:00Z	2026-06-09T05:29:55.030Z	2026-06-08T21:10:00Z	49	50	-1	-176	99	True	2026-06-09T05:20:00Z	2026-06-09T05:20:00Z	False
SOL	2026-06-09T05:20:00Z	2026-06-09T05:29:55.030Z	2026-06-08T21:10:00Z	54	45	9	-48	99	True	2026-06-09T05:20:00Z	2026-06-09T05:20:00Z	False
BTC	2026-06-09T05:25:00Z	2026-06-09T05:34:59.591Z	2026-06-08T21:10:00Z	50	50	0	-138	100	True	2026-06-09T05:25:00Z	2026-06-09T05:25:00Z	False
ETH	2026-06-09T05:25:00Z	2026-06-09T05:34:59.591Z	2026-06-08T21:10:00Z	49	51	-2	-178	100	True	2026-06-09T05:25:00Z	2026-06-09T05:25:00Z	False
SOL	2026-06-09T05:25:00Z	2026-06-09T05:34:59.591Z	2026-06-08T21:10:00Z	54	46	8	-40	100	True	2026-06-09T05:25:00Z	2026-06-09T05:25:00Z	False
BTC	2026-06-09T05:30:00Z	2026-06-09T05:39:53.390Z	2026-06-08T21:10:00Z	51	50	1	-137	101	True	2026-06-09T05:30:00Z	2026-06-09T05:30:00Z	False
ETH	2026-06-09T05:30:00Z	2026-06-09T05:39:53.390Z	2026-06-08T21:10:00Z	50	51	-1	-179	101	True	2026-06-09T05:30:00Z	2026-06-09T05:30:00Z	False
SOL	2026-06-09T05:30:00Z	2026-06-09T05:39:53.390Z	2026-06-08T21:10:00Z	55	46	9	-31	101	True	2026-06-09T05:30:00Z	2026-06-09T05:30:00Z	False
BTC	2026-06-09T05:35:00Z	2026-06-09T05:44:56.552Z	2026-06-08T21:10:00Z	51	51	0	-137	102	True	2026-06-09T05:35:00Z	2026-06-09T05:35:00Z	False
ETH	2026-06-09T05:35:00Z	2026-06-09T05:44:56.552Z	2026-06-08T21:10:00Z	50	52	-2	-181	102	True	2026-06-09T05:35:00Z	2026-06-09T05:35:00Z	False
SOL	2026-06-09T05:35:00Z	2026-06-09T05:44:56.552Z	2026-06-08T21:10:00Z	55	47	8	-23	102	True	2026-06-09T05:35:00Z	2026-06-09T05:35:00Z	False
BTC	2026-06-09T05:40:00Z	2026-06-09T05:49:51.297Z	2026-06-08T21:10:00Z	51	52	-1	-138	103	True	2026-06-09T05:40:00Z	2026-06-09T05:40:00Z	False
ETH	2026-06-09T05:40:00Z	2026-06-09T05:49:51.297Z	2026-06-08T21:10:00Z	50	53	-3	-184	103	True	2026-06-09T05:40:00Z	2026-06-09T05:40:00Z	False
SOL	2026-06-09T05:40:00Z	2026-06-09T05:49:51.297Z	2026-06-08T21:10:00Z	55	48	7	-16	103	True	2026-06-09T05:40:00Z	2026-06-09T05:40:00Z	False
BTC	2026-06-09T05:45:00Z	2026-06-09T05:54:59.787Z	2026-06-08T21:10:00Z	52	52	0	-138	104	True	2026-06-09T05:45:00Z	2026-06-09T05:45:00Z	False
ETH	2026-06-09T05:45:00Z	2026-06-09T05:54:59.787Z	2026-06-08T21:10:00Z	51	53	-2	-186	104	True	2026-06-09T05:45:00Z	2026-06-09T05:45:00Z	False
SOL	2026-06-09T05:45:00Z	2026-06-09T05:54:59.787Z	2026-06-08T21:10:00Z	56	48	8	-8	104	True	2026-06-09T05:45:00Z	2026-06-09T05:45:00Z	False
BTC	2026-06-09T05:50:00Z	2026-06-09T05:59:58.770Z	2026-06-08T21:10:00Z	52	53	-1	-139	105	True	2026-06-09T05:50:00Z	2026-06-09T05:50:00Z	False
ETH	2026-06-09T05:50:00Z	2026-06-09T05:59:58.770Z	2026-06-08T21:10:00Z	51	54	-3	-189	105	True	2026-06-09T05:50:00Z	2026-06-09T05:50:00Z	False
SOL	2026-06-09T05:50:00Z	2026-06-09T05:59:58.770Z	2026-06-08T21:10:00Z	56	49	7	-1	105	True	2026-06-09T05:50:00Z	2026-06-09T05:50:00Z	False
BTC	2026-06-09T05:55:00Z	2026-06-09T06:04:34.896Z	2026-06-08T21:10:00Z	52	54	-2	-141	106	True	2026-06-09T05:55:00Z	2026-06-09T05:55:00Z	False
ETH	2026-06-09T05:55:00Z	2026-06-09T06:04:34.896Z	2026-06-08T21:10:00Z	51	55	-4	-193	106	True	2026-06-09T05:55:00Z	2026-06-09T05:55:00Z	False
SOL	2026-06-09T05:55:00Z	2026-06-09T06:04:34.896Z	2026-06-08T21:10:00Z	56	50	6	5	106	True	2026-06-09T05:55:00Z	2026-06-09T05:55:00Z	False
BTC	2026-06-09T06:00:00Z	2026-06-09T06:09:56.972Z	2026-06-08T21:10:00Z	53	54	-1	-142	107	True	2026-06-09T06:00:00Z	2026-06-09T06:00:00Z	False
ETH	2026-06-09T06:00:00Z	2026-06-09T06:09:56.972Z	2026-06-08T21:10:00Z	52	55	-3	-196	107	True	2026-06-09T06:00:00Z	2026-06-09T06:00:00Z	False
SOL	2026-06-09T06:00:00Z	2026-06-09T06:09:56.972Z	2026-06-08T21:10:00Z	57	50	7	12	107	True	2026-06-09T06:00:00Z	2026-06-09T06:00:00Z	False
BTC	2026-06-09T06:05:00Z	2026-06-09T06:14:59.995Z	2026-06-08T21:10:00Z	53	55	-2	-144	108	True	2026-06-09T06:05:00Z	2026-06-09T06:05:00Z	False
ETH	2026-06-09T06:05:00Z	2026-06-09T06:14:59.995Z	2026-06-08T21:10:00Z	53	55	-2	-198	108	True	2026-06-09T06:05:00Z	2026-06-09T06:05:00Z	False
SOL	2026-06-09T06:05:00Z	2026-06-09T06:14:59.995Z	2026-06-08T21:10:00Z	57	51	6	18	108	True	2026-06-09T06:05:00Z	2026-06-09T06:05:00Z	False
BTC	2026-06-09T06:10:00Z	2026-06-09T06:19:50.796Z	2026-06-08T21:10:00Z	54	55	-1	-145	109	True	2026-06-09T06:10:00Z	2026-06-09T06:10:00Z	False
ETH	2026-06-09T06:10:00Z	2026-06-09T06:19:50.796Z	2026-06-08T21:10:00Z	54	55	-1	-199	109	True	2026-06-09T06:10:00Z	2026-06-09T06:10:00Z	False
SOL	2026-06-09T06:10:00Z	2026-06-09T06:19:50.796Z	2026-06-08T21:10:00Z	58	51	7	25	109	True	2026-06-09T06:10:00Z	2026-06-09T06:10:00Z	False
BTC	2026-06-09T06:15:00Z	2026-06-09T06:24:55.993Z	2026-06-08T21:10:00Z	55	55	0	-145	110	True	2026-06-09T06:15:00Z	2026-06-09T06:15:00Z	False
ETH	2026-06-09T06:15:00Z	2026-06-09T06:24:55.993Z	2026-06-08T21:10:00Z	55	55	0	-199	110	True	2026-06-09T06:15:00Z	2026-06-09T06:15:00Z	False
SOL	2026-06-09T06:15:00Z	2026-06-09T06:24:55.993Z	2026-06-08T21:10:00Z	59	51	8	33	110	True	2026-06-09T06:15:00Z	2026-06-09T06:15:00Z	False
BTC	2026-06-09T06:20:00Z	2026-06-09T06:29:56.029Z	2026-06-08T21:10:00Z	55	56	-1	-146	111	True	2026-06-09T06:20:00Z	2026-06-09T06:20:00Z	False
ETH	2026-06-09T06:20:00Z	2026-06-09T06:29:56.029Z	2026-06-08T21:10:00Z	55	56	-1	-200	111	True	2026-06-09T06:20:00Z	2026-06-09T06:20:00Z	False
SOL	2026-06-09T06:20:00Z	2026-06-09T06:29:56.029Z	2026-06-08T21:10:00Z	59	52	7	40	111	True	2026-06-09T06:20:00Z	2026-06-09T06:20:00Z	False
BTC	2026-06-09T06:25:00Z	2026-06-09T06:34:57.591Z	2026-06-08T21:10:00Z	56	56	0	-146	112	True	2026-06-09T06:25:00Z	2026-06-09T06:25:00Z	False
ETH	2026-06-09T06:25:00Z	2026-06-09T06:34:57.591Z	2026-06-08T21:10:00Z	56	56	0	-200	112	True	2026-06-09T06:25:00Z	2026-06-09T06:25:00Z	False
SOL	2026-06-09T06:25:00Z	2026-06-09T06:34:57.591Z	2026-06-08T21:10:00Z	60	52	8	48	112	True	2026-06-09T06:25:00Z	2026-06-09T06:25:00Z	False
BTC	2026-06-09T06:30:00Z	2026-06-09T06:39:59.131Z	2026-06-08T21:10:00Z	56	57	-1	-147	113	True	2026-06-09T06:30:00Z	2026-06-09T06:30:00Z	False
ETH	2026-06-09T06:30:00Z	2026-06-09T06:39:59.131Z	2026-06-08T21:10:00Z	56	57	-1	-201	113	True	2026-06-09T06:30:00Z	2026-06-09T06:30:00Z	False
SOL	2026-06-09T06:30:00Z	2026-06-09T06:39:59.131Z	2026-06-08T21:10:00Z	60	53	7	55	113	True	2026-06-09T06:30:00Z	2026-06-09T06:30:00Z	False
BTC	2026-06-09T06:35:00Z	2026-06-09T06:44:58.329Z	2026-06-08T21:10:00Z	57	57	0	-147	114	True	2026-06-09T06:35:00Z	2026-06-09T06:35:00Z	False
ETH	2026-06-09T06:35:00Z	2026-06-09T06:44:58.329Z	2026-06-08T21:10:00Z	57	57	0	-201	114	True	2026-06-09T06:35:00Z	2026-06-09T06:35:00Z	False
SOL	2026-06-09T06:35:00Z	2026-06-09T06:44:58.329Z	2026-06-08T21:10:00Z	61	53	8	63	114	True	2026-06-09T06:35:00Z	2026-06-09T06:35:00Z	False
BTC	2026-06-09T06:40:00Z	2026-06-09T06:49:59.028Z	2026-06-08T21:10:00Z	57	58	-1	-148	115	True	2026-06-09T06:40:00Z	2026-06-09T06:40:00Z	False
ETH	2026-06-09T06:40:00Z	2026-06-09T06:49:59.028Z	2026-06-08T21:10:00Z	57	58	-1	-202	115	True	2026-06-09T06:40:00Z	2026-06-09T06:40:00Z	False
SOL	2026-06-09T06:40:00Z	2026-06-09T06:49:59.028Z	2026-06-08T21:10:00Z	61	54	7	70	115	True	2026-06-09T06:40:00Z	2026-06-09T06:40:00Z	False
BTC	2026-06-09T06:45:00Z	2026-06-09T06:54:58.529Z	2026-06-08T21:10:00Z	57	59	-2	-150	116	True	2026-06-09T06:45:00Z	2026-06-09T06:45:00Z	False
ETH	2026-06-09T06:45:00Z	2026-06-09T06:54:58.529Z	2026-06-08T21:10:00Z	57	59	-2	-204	116	True	2026-06-09T06:45:00Z	2026-06-09T06:45:00Z	False
SOL	2026-06-09T06:45:00Z	2026-06-09T06:54:58.529Z	2026-06-08T21:10:00Z	61	55	6	76	116	True	2026-06-09T06:45:00Z	2026-06-09T06:45:00Z	False
BTC	2026-06-09T06:50:00Z	2026-06-09T06:59:56.317Z	2026-06-08T21:10:00Z	57	60	-3	-153	117	True	2026-06-09T06:50:00Z	2026-06-09T06:50:00Z	False
ETH	2026-06-09T06:50:00Z	2026-06-09T06:59:56.317Z	2026-06-08T21:10:00Z	57	60	-3	-207	117	True	2026-06-09T06:50:00Z	2026-06-09T06:50:00Z	False
SOL	2026-06-09T06:50:00Z	2026-06-09T06:59:56.317Z	2026-06-08T21:10:00Z	61	56	5	81	117	True	2026-06-09T06:50:00Z	2026-06-09T06:50:00Z	False
BTC	2026-06-09T06:55:00Z	2026-06-09T07:04:57.407Z	2026-06-09T00:00:00Z	42	42	0	56	84	True	2026-06-09T06:55:00Z	2026-06-09T06:55:00Z	False
ETH	2026-06-09T06:55:00Z	2026-06-09T07:04:57.407Z	2026-06-09T00:00:00Z	42	42	0	-10	84	True	2026-06-09T06:55:00Z	2026-06-09T06:55:00Z	False
SOL	2026-06-09T06:55:00Z	2026-06-09T07:04:57.407Z	2026-06-09T00:00:00Z	46	38	8	408	84	True	2026-06-09T06:55:00Z	2026-06-09T06:55:00Z	False
BTC	2026-06-09T07:00:00Z	2026-06-09T07:09:55.792Z	2026-06-09T00:00:00Z	43	42	1	57	85	True	2026-06-09T07:00:00Z	2026-06-09T07:00:00Z	False
ETH	2026-06-09T07:00:00Z	2026-06-09T07:09:55.792Z	2026-06-09T00:00:00Z	43	42	1	-9	85	True	2026-06-09T07:00:00Z	2026-06-09T07:00:00Z	False
SOL	2026-06-09T07:00:00Z	2026-06-09T07:09:55.792Z	2026-06-09T00:00:00Z	47	38	9	417	85	True	2026-06-09T07:00:00Z	2026-06-09T07:00:00Z	False
BTC	2026-06-09T07:05:00Z	2026-06-09T07:14:58.765Z	2026-06-09T00:00:00Z	44	42	2	59	86	True	2026-06-09T07:05:00Z	2026-06-09T07:05:00Z	False
ETH	2026-06-09T07:05:00Z	2026-06-09T07:14:58.765Z	2026-06-09T00:00:00Z	44	42	2	-7	86	True	2026-06-09T07:05:00Z	2026-06-09T07:05:00Z	False
SOL	2026-06-09T07:05:00Z	2026-06-09T07:14:58.765Z	2026-06-09T00:00:00Z	48	38	10	427	86	True	2026-06-09T07:05:00Z	2026-06-09T07:05:00Z	False
BTC	2026-06-09T07:10:00Z	2026-06-09T07:19:59.640Z	2026-06-09T00:00:00Z	44	43	1	60	87	True	2026-06-09T07:10:00Z	2026-06-09T07:10:00Z	False
ETH	2026-06-09T07:10:00Z	2026-06-09T07:19:59.640Z	2026-06-09T00:00:00Z	44	43	1	-6	87	True	2026-06-09T07:10:00Z	2026-06-09T07:10:00Z	False
SOL	2026-06-09T07:10:00Z	2026-06-09T07:19:59.640Z	2026-06-09T00:00:00Z	48	39	9	436	87	True	2026-06-09T07:10:00Z	2026-06-09T07:10:00Z	False
BTC	2026-06-09T07:15:00Z	2026-06-09T07:24:59.699Z	2026-06-09T00:00:00Z	45	43	2	62	88	True	2026-06-09T07:15:00Z	2026-06-09T07:15:00Z	False
ETH	2026-06-09T07:15:00Z	2026-06-09T07:24:59.699Z	2026-06-09T00:00:00Z	45	43	2	-4	88	True	2026-06-09T07:15:00Z	2026-06-09T07:15:00Z	False
SOL	2026-06-09T07:15:00Z	2026-06-09T07:24:59.699Z	2026-06-09T00:00:00Z	49	39	10	446	88	True	2026-06-09T07:15:00Z	2026-06-09T07:15:00Z	False
BTC	2026-06-09T07:20:00Z	2026-06-09T07:29:58.778Z	2026-06-09T00:00:00Z	45	44	1	63	89	True	2026-06-09T07:20:00Z	2026-06-09T07:20:00Z	False
ETH	2026-06-09T07:20:00Z	2026-06-09T07:29:58.778Z	2026-06-09T00:00:00Z	45	44	1	-3	89	True	2026-06-09T07:20:00Z	2026-06-09T07:20:00Z	False
SOL	2026-06-09T07:20:00Z	2026-06-09T07:29:58.778Z	2026-06-09T00:00:00Z	49	40	9	455	89	True	2026-06-09T07:20:00Z	2026-06-09T07:20:00Z	False
BTC	2026-06-09T07:25:00Z	2026-06-09T07:34:55.766Z	2026-06-09T00:00:00Z	45	45	0	63	90	True	2026-06-09T07:25:00Z	2026-06-09T07:25:00Z	False
ETH	2026-06-09T07:25:00Z	2026-06-09T07:34:55.766Z	2026-06-09T00:00:00Z	45	45	0	-3	90	True	2026-06-09T07:25:00Z	2026-06-09T07:25:00Z	False
SOL	2026-06-09T07:25:00Z	2026-06-09T07:34:55.766Z	2026-06-09T00:00:00Z	49	41	8	463	90	True	2026-06-09T07:25:00Z	2026-06-09T07:25:00Z	False
BTC	2026-06-09T07:30:00Z	2026-06-09T07:39:59.160Z	2026-06-09T00:00:00Z	46	45	1	64	91	True	2026-06-09T07:30:00Z	2026-06-09T07:30:00Z	False
ETH	2026-06-09T07:30:00Z	2026-06-09T07:39:59.160Z	2026-06-09T00:00:00Z	46	45	1	-2	91	True	2026-06-09T07:30:00Z	2026-06-09T07:30:00Z	False
SOL	2026-06-09T07:30:00Z	2026-06-09T07:39:59.160Z	2026-06-09T00:00:00Z	50	41	9	472	91	True	2026-06-09T07:30:00Z	2026-06-09T07:30:00Z	False
BTC	2026-06-09T07:35:00Z	2026-06-09T07:44:59.322Z	2026-06-09T00:00:00Z	47	45	2	66	92	True	2026-06-09T07:35:00Z	2026-06-09T07:35:00Z	False
ETH	2026-06-09T07:35:00Z	2026-06-09T07:44:59.322Z	2026-06-09T00:00:00Z	47	45	2	0	92	True	2026-06-09T07:35:00Z	2026-06-09T07:35:00Z	False
SOL	2026-06-09T07:35:00Z	2026-06-09T07:44:59.322Z	2026-06-09T00:00:00Z	51	41	10	482	92	True	2026-06-09T07:35:00Z	2026-06-09T07:35:00Z	False
BTC	2026-06-09T07:40:00Z	2026-06-09T07:49:34.908Z	2026-06-09T00:00:00Z	48	45	3	69	93	True	2026-06-09T07:40:00Z	2026-06-09T07:40:00Z	False
ETH	2026-06-09T07:40:00Z	2026-06-09T07:49:34.908Z	2026-06-09T00:00:00Z	47	46	1	1	93	True	2026-06-09T07:40:00Z	2026-06-09T07:40:00Z	False
SOL	2026-06-09T07:40:00Z	2026-06-09T07:49:34.908Z	2026-06-09T00:00:00Z	51	42	9	491	93	True	2026-06-09T07:40:00Z	2026-06-09T07:40:00Z	False
BTC	2026-06-09T07:45:00Z	2026-06-09T07:54:59.060Z	2026-06-09T00:00:00Z	48	46	2	71	94	True	2026-06-09T07:45:00Z	2026-06-09T07:45:00Z	False
ETH	2026-06-09T07:45:00Z	2026-06-09T07:54:59.060Z	2026-06-09T00:00:00Z	47	47	0	1	94	True	2026-06-09T07:45:00Z	2026-06-09T07:45:00Z	False
SOL	2026-06-09T07:45:00Z	2026-06-09T07:54:59.060Z	2026-06-09T00:00:00Z	51	43	8	499	94	True	2026-06-09T07:45:00Z	2026-06-09T07:45:00Z	False
BTC	2026-06-09T07:50:00Z	2026-06-09T07:59:54.583Z	2026-06-09T00:00:00Z	49	46	3	74	95	True	2026-06-09T07:50:00Z	2026-06-09T07:50:00Z	False
ETH	2026-06-09T07:50:00Z	2026-06-09T07:59:54.583Z	2026-06-09T00:00:00Z	48	47	1	2	95	True	2026-06-09T07:50:00Z	2026-06-09T07:50:00Z	False
SOL	2026-06-09T07:50:00Z	2026-06-09T07:59:54.583Z	2026-06-09T00:00:00Z	52	43	9	508	95	True	2026-06-09T07:50:00Z	2026-06-09T07:50:00Z	False
BTC	2026-06-09T07:55:00Z	2026-06-09T08:04:59.507Z	2026-06-09T00:00:00Z	49	47	2	76	96	True	2026-06-09T07:55:00Z	2026-06-09T07:55:00Z	False
ETH	2026-06-09T07:55:00Z	2026-06-09T08:04:59.507Z	2026-06-09T00:00:00Z	48	48	0	2	96	True	2026-06-09T07:55:00Z	2026-06-09T07:55:00Z	False
SOL	2026-06-09T07:55:00Z	2026-06-09T08:04:59.507Z	2026-06-09T00:00:00Z	52	44	8	516	96	True	2026-06-09T07:55:00Z	2026-06-09T07:55:00Z	False
BTC	2026-06-09T08:00:00Z	2026-06-09T08:09:58.537Z	2026-06-09T00:00:00Z	49	48	1	77	97	True	2026-06-09T08:00:00Z	2026-06-09T08:00:00Z	False
ETH	2026-06-09T08:00:00Z	2026-06-09T08:09:58.537Z	2026-06-09T00:00:00Z	48	49	-1	1	97	True	2026-06-09T08:00:00Z	2026-06-09T08:00:00Z	False
SOL	2026-06-09T08:00:00Z	2026-06-09T08:09:58.537Z	2026-06-09T00:00:00Z	52	45	7	523	97	True	2026-06-09T08:00:00Z	2026-06-09T08:00:00Z	False
BTC	2026-06-09T08:05:00Z	2026-06-09T08:14:58.099Z	2026-06-09T00:00:00Z	49	49	0	77	98	True	2026-06-09T08:05:00Z	2026-06-09T08:05:00Z	False
ETH	2026-06-09T08:05:00Z	2026-06-09T08:14:58.099Z	2026-06-09T00:00:00Z	48	50	-2	-1	98	True	2026-06-09T08:05:00Z	2026-06-09T08:05:00Z	False
SOL	2026-06-09T08:05:00Z	2026-06-09T08:14:58.099Z	2026-06-09T00:00:00Z	52	46	6	529	98	True	2026-06-09T08:05:00Z	2026-06-09T08:05:00Z	False
BTC	2026-06-09T08:10:00Z	2026-06-09T08:19:33.174Z	2026-06-09T00:00:00Z	50	49	1	78	99	True	2026-06-09T08:10:00Z	2026-06-09T08:10:00Z	False
ETH	2026-06-09T08:10:00Z	2026-06-09T08:19:33.174Z	2026-06-09T00:00:00Z	49	50	-1	-2	99	True	2026-06-09T08:10:00Z	2026-06-09T08:10:00Z	False
SOL	2026-06-09T08:10:00Z	2026-06-09T08:19:33.174Z	2026-06-09T00:00:00Z	53	46	7	536	99	True	2026-06-09T08:10:00Z	2026-06-09T08:10:00Z	False
BTC	2026-06-09T08:15:00Z	2026-06-09T08:24:59.027Z	2026-06-09T00:00:00Z	51	49	2	80	100	True	2026-06-09T08:15:00Z	2026-06-09T08:15:00Z	False
ETH	2026-06-09T08:15:00Z	2026-06-09T08:24:59.027Z	2026-06-09T00:00:00Z	49	51	-2	-4	100	True	2026-06-09T08:15:00Z	2026-06-09T08:15:00Z	False
SOL	2026-06-09T08:15:00Z	2026-06-09T08:24:59.027Z	2026-06-09T00:00:00Z	53	47	6	542	100	True	2026-06-09T08:15:00Z	2026-06-09T08:15:00Z	False
BTC	2026-06-09T08:20:00Z	2026-06-09T08:29:56.504Z	2026-06-09T00:00:00Z	52	49	3	83	101	True	2026-06-09T08:20:00Z	2026-06-09T08:20:00Z	False
ETH	2026-06-09T08:20:00Z	2026-06-09T08:29:56.504Z	2026-06-09T00:00:00Z	50	51	-1	-5	101	True	2026-06-09T08:20:00Z	2026-06-09T08:20:00Z	False
SOL	2026-06-09T08:20:00Z	2026-06-09T08:29:56.504Z	2026-06-09T00:00:00Z	54	47	7	549	101	True	2026-06-09T08:20:00Z	2026-06-09T08:20:00Z	False
BTC	2026-06-09T08:25:00Z	2026-06-09T08:34:55.756Z	2026-06-09T00:00:00Z	52	50	2	85	102	True	2026-06-09T08:25:00Z	2026-06-09T08:25:00Z	False
ETH	2026-06-09T08:25:00Z	2026-06-09T08:34:55.756Z	2026-06-09T00:00:00Z	51	51	0	-5	102	True	2026-06-09T08:25:00Z	2026-06-09T08:25:00Z	False
SOL	2026-06-09T08:25:00Z	2026-06-09T08:34:55.756Z	2026-06-09T00:00:00Z	55	47	8	557	102	True	2026-06-09T08:25:00Z	2026-06-09T08:25:00Z	False
BTC	2026-06-09T08:30:00Z	2026-06-09T08:39:58.019Z	2026-06-09T00:00:00Z	53	50	3	88	103	True	2026-06-09T08:30:00Z	2026-06-09T08:30:00Z	False
ETH	2026-06-09T08:30:00Z	2026-06-09T08:39:58.019Z	2026-06-09T00:00:00Z	52	51	1	-4	103	True	2026-06-09T08:30:00Z	2026-06-09T08:30:00Z	False
SOL	2026-06-09T08:30:00Z	2026-06-09T08:39:58.019Z	2026-06-09T00:00:00Z	56	47	9	566	103	True	2026-06-09T08:30:00Z	2026-06-09T08:30:00Z	False
BTC	2026-06-09T08:35:00Z	2026-06-09T08:44:58.323Z	2026-06-09T00:00:00Z	54	50	4	92	104	True	2026-06-09T08:35:00Z	2026-06-09T08:35:00Z	False
ETH	2026-06-09T08:35:00Z	2026-06-09T08:44:58.323Z	2026-06-09T00:00:00Z	53	51	2	-2	104	True	2026-06-09T08:35:00Z	2026-06-09T08:35:00Z	False
SOL	2026-06-09T08:35:00Z	2026-06-09T08:44:58.323Z	2026-06-09T00:00:00Z	57	47	10	576	104	True	2026-06-09T08:35:00Z	2026-06-09T08:35:00Z	False
BTC	2026-06-09T08:40:00Z	2026-06-09T08:49:59.566Z	2026-06-09T00:00:00Z	55	50	5	97	105	True	2026-06-09T08:40:00Z	2026-06-09T08:40:00Z	False
ETH	2026-06-09T08:40:00Z	2026-06-09T08:49:59.566Z	2026-06-09T00:00:00Z	53	52	1	-1	105	True	2026-06-09T08:40:00Z	2026-06-09T08:40:00Z	False
SOL	2026-06-09T08:40:00Z	2026-06-09T08:49:59.566Z	2026-06-09T00:00:00Z	57	48	9	585	105	True	2026-06-09T08:40:00Z	2026-06-09T08:40:00Z	False
BTC	2026-06-09T08:45:00Z	2026-06-09T08:54:58.813Z	2026-06-09T00:00:00Z	55	51	4	101	106	True	2026-06-09T08:45:00Z	2026-06-09T08:45:00Z	False
ETH	2026-06-09T08:45:00Z	2026-06-09T08:54:58.813Z	2026-06-09T00:00:00Z	53	53	0	-1	106	True	2026-06-09T08:45:00Z	2026-06-09T08:45:00Z	False
SOL	2026-06-09T08:45:00Z	2026-06-09T08:54:58.813Z	2026-06-09T00:00:00Z	57	49	8	593	106	True	2026-06-09T08:45:00Z	2026-06-09T08:45:00Z	False
BTC	2026-06-09T08:50:00Z	2026-06-09T08:59:59.324Z	2026-06-09T00:00:00Z	56	51	5	106	107	True	2026-06-09T08:50:00Z	2026-06-09T08:50:00Z	False
ETH	2026-06-09T08:50:00Z	2026-06-09T08:59:59.324Z	2026-06-09T00:00:00Z	54	53	1	0	107	True	2026-06-09T08:50:00Z	2026-06-09T08:50:00Z	False
SOL	2026-06-09T08:50:00Z	2026-06-09T08:59:59.324Z	2026-06-09T00:00:00Z	58	49	9	602	107	True	2026-06-09T08:50:00Z	2026-06-09T08:50:00Z	False
BTC	2026-06-09T08:55:00Z	2026-06-09T09:04:59.784Z	2026-06-09T00:00:00Z	56	52	4	110	108	True	2026-06-09T08:55:00Z	2026-06-09T08:55:00Z	False
ETH	2026-06-09T08:55:00Z	2026-06-09T09:04:59.784Z	2026-06-09T00:00:00Z	54	54	0	0	108	True	2026-06-09T08:55:00Z	2026-06-09T08:55:00Z	False
SOL	2026-06-09T08:55:00Z	2026-06-09T09:04:59.784Z	2026-06-09T00:00:00Z	58	50	8	610	108	True	2026-06-09T08:55:00Z	2026-06-09T08:55:00Z	False
BTC	2026-06-09T09:00:00Z	2026-06-09T09:09:59.241Z	2026-06-09T00:00:00Z	56	53	3	113	109	True	2026-06-09T09:00:00Z	2026-06-09T09:00:00Z	False
ETH	2026-06-09T09:00:00Z	2026-06-09T09:09:59.241Z	2026-06-09T00:00:00Z	55	54	1	1	109	True	2026-06-09T09:00:00Z	2026-06-09T09:00:00Z	False
SOL	2026-06-09T09:00:00Z	2026-06-09T09:09:59.241Z	2026-06-09T00:00:00Z	59	50	9	619	109	True	2026-06-09T09:00:00Z	2026-06-09T09:00:00Z	False
BTC	2026-06-09T09:05:00Z	2026-06-09T09:14:59.736Z	2026-06-09T00:00:00Z	56	54	2	115	110	True	2026-06-09T09:05:00Z	2026-06-09T09:05:00Z	False
ETH	2026-06-09T09:05:00Z	2026-06-09T09:14:59.736Z	2026-06-09T00:00:00Z	55	55	0	1	110	True	2026-06-09T09:05:00Z	2026-06-09T09:05:00Z	False
SOL	2026-06-09T09:05:00Z	2026-06-09T09:14:59.736Z	2026-06-09T00:00:00Z	59	51	8	627	110	True	2026-06-09T09:05:00Z	2026-06-09T09:05:00Z	False
BTC	2026-06-09T09:10:00Z	2026-06-09T09:19:59.253Z	2026-06-09T00:00:00Z	57	54	3	118	111	True	2026-06-09T09:10:00Z	2026-06-09T09:10:00Z	False
ETH	2026-06-09T09:10:00Z	2026-06-09T09:19:59.253Z	2026-06-09T00:00:00Z	56	55	1	2	111	True	2026-06-09T09:10:00Z	2026-06-09T09:10:00Z	False
SOL	2026-06-09T09:10:00Z	2026-06-09T09:19:59.253Z	2026-06-09T00:00:00Z	60	51	9	636	111	True	2026-06-09T09:10:00Z	2026-06-09T09:10:00Z	False
BTC	2026-06-09T09:15:00Z	2026-06-09T09:24:56.844Z	2026-06-09T00:00:00Z	58	54	4	122	112	True	2026-06-09T09:15:00Z	2026-06-09T09:15:00Z	False
ETH	2026-06-09T09:15:00Z	2026-06-09T09:24:56.844Z	2026-06-09T00:00:00Z	57	55	2	4	112	True	2026-06-09T09:15:00Z	2026-06-09T09:15:00Z	False
SOL	2026-06-09T09:15:00Z	2026-06-09T09:24:56.844Z	2026-06-09T00:00:00Z	61	51	10	646	112	True	2026-06-09T09:15:00Z	2026-06-09T09:15:00Z	False
BTC	2026-06-09T09:20:00Z	2026-06-09T09:29:56.523Z	2026-06-09T00:00:00Z	58	55	3	125	113	True	2026-06-09T09:20:00Z	2026-06-09T09:20:00Z	False
ETH	2026-06-09T09:20:00Z	2026-06-09T09:29:56.523Z	2026-06-09T00:00:00Z	57	56	1	5	113	True	2026-06-09T09:20:00Z	2026-06-09T09:20:00Z	False
SOL	2026-06-09T09:20:00Z	2026-06-09T09:29:56.523Z	2026-06-09T00:00:00Z	61	52	9	655	113	True	2026-06-09T09:20:00Z	2026-06-09T09:20:00Z	False
BTC	2026-06-09T09:25:00Z	2026-06-09T09:34:58.355Z	2026-06-09T00:00:00Z	58	56	2	127	114	True	2026-06-09T09:25:00Z	2026-06-09T09:25:00Z	False
ETH	2026-06-09T09:25:00Z	2026-06-09T09:34:58.355Z	2026-06-09T00:00:00Z	57	57	0	5	114	True	2026-06-09T09:25:00Z	2026-06-09T09:25:00Z	False
SOL	2026-06-09T09:25:00Z	2026-06-09T09:34:58.355Z	2026-06-09T00:00:00Z	61	53	8	663	114	True	2026-06-09T09:25:00Z	2026-06-09T09:25:00Z	False
BTC	2026-06-09T09:30:00Z	2026-06-09T09:39:57.918Z	2026-06-09T00:00:00Z	58	57	1	128	115	True	2026-06-09T09:30:00Z	2026-06-09T09:30:00Z	False
ETH	2026-06-09T09:30:00Z	2026-06-09T09:39:57.918Z	2026-06-09T00:00:00Z	58	57	1	50	115	True	2026-06-09T09:30:00Z	2026-06-09T09:30:00Z	False
SOL	2026-06-09T09:30:00Z	2026-06-09T09:39:57.918Z	2026-06-09T00:00:00Z	62	53	9	716	115	True	2026-06-09T09:30:00Z	2026-06-09T09:30:00Z	False
BTC	2026-06-09T09:35:00Z	2026-06-09T09:44:59.621Z	2026-06-09T00:00:00Z	58	58	0	128	116	True	2026-06-09T09:35:00Z	2026-06-09T09:35:00Z	False
ETH	2026-06-09T09:35:00Z	2026-06-09T09:44:59.621Z	2026-06-09T00:00:00Z	58	58	0	50	116	True	2026-06-09T09:35:00Z	2026-06-09T09:35:00Z	False
SOL	2026-06-09T09:35:00Z	2026-06-09T09:44:59.621Z	2026-06-09T00:00:00Z	62	54	8	724	116	True	2026-06-09T09:35:00Z	2026-06-09T09:35:00Z	False
BTC	2026-06-09T09:40:00Z	2026-06-09T09:49:45.975Z	2026-06-09T00:00:00Z	59	58	1	129	117	True	2026-06-09T09:40:00Z	2026-06-09T09:40:00Z	False
ETH	2026-06-09T09:40:00Z	2026-06-09T09:49:45.975Z	2026-06-09T00:00:00Z	59	58	1	51	117	True	2026-06-09T09:40:00Z	2026-06-09T09:40:00Z	False
SOL	2026-06-09T09:40:00Z	2026-06-09T09:49:45.975Z	2026-06-09T00:00:00Z	63	54	9	733	117	True	2026-06-09T09:40:00Z	2026-06-09T09:40:00Z	False
BTC	2026-06-09T09:45:00Z	2026-06-09T09:54:59.510Z	2026-06-09T00:00:00Z	59	59	0	129	118	True	2026-06-09T09:45:00Z	2026-06-09T09:45:00Z	False
ETH	2026-06-09T09:45:00Z	2026-06-09T09:54:59.510Z	2026-06-09T00:00:00Z	60	58	2	53	118	True	2026-06-09T09:45:00Z	2026-06-09T09:45:00Z	False
SOL	2026-06-09T09:45:00Z	2026-06-09T09:54:59.510Z	2026-06-09T00:00:00Z	64	54	10	743	118	True	2026-06-09T09:45:00Z	2026-06-09T09:45:00Z	False
BTC	2026-06-09T09:50:00Z	2026-06-09T09:59:57.717Z	2026-06-09T00:00:00Z	60	59	1	130	119	True	2026-06-09T09:50:00Z	2026-06-09T09:50:00Z	False
ETH	2026-06-09T09:50:00Z	2026-06-09T09:59:57.717Z	2026-06-09T00:00:00Z	61	58	3	56	119	True	2026-06-09T09:50:00Z	2026-06-09T09:50:00Z	False
SOL	2026-06-09T09:50:00Z	2026-06-09T09:59:57.717Z	2026-06-09T00:00:00Z	64	55	9	752	119	True	2026-06-09T09:50:00Z	2026-06-09T09:50:00Z	False
BTC	2026-06-09T09:55:00Z	2026-06-09T10:04:59.418Z	2026-06-09T00:00:00Z	61	59	2	132	120	True	2026-06-09T09:55:00Z	2026-06-09T09:55:00Z	False
ETH	2026-06-09T09:55:00Z	2026-06-09T10:04:59.418Z	2026-06-09T00:00:00Z	62	58	4	60	120	True	2026-06-09T09:55:00Z	2026-06-09T09:55:00Z	False
SOL	2026-06-09T09:55:00Z	2026-06-09T10:04:59.418Z	2026-06-09T00:00:00Z	65	55	10	762	120	True	2026-06-09T09:55:00Z	2026-06-09T09:55:00Z	False
BTC	2026-06-09T10:00:00Z	2026-06-09T10:09:57.545Z	2026-06-09T00:00:00Z	62	59	3	135	121	True	2026-06-09T10:00:00Z	2026-06-09T10:00:00Z	False
ETH	2026-06-09T10:00:00Z	2026-06-09T10:09:57.545Z	2026-06-09T00:00:00Z	63	58	5	65	121	True	2026-06-09T10:00:00Z	2026-06-09T10:00:00Z	False
SOL	2026-06-09T10:00:00Z	2026-06-09T10:09:57.545Z	2026-06-09T00:00:00Z	66	55	11	773	121	True	2026-06-09T10:00:00Z	2026-06-09T10:00:00Z	False
BTC	2026-06-09T10:05:00Z	2026-06-09T10:14:58.520Z	2026-06-09T00:00:00Z	62	60	2	137	122	True	2026-06-09T10:05:00Z	2026-06-09T10:05:00Z	False
ETH	2026-06-09T10:05:00Z	2026-06-09T10:14:58.520Z	2026-06-09T00:00:00Z	63	59	4	69	122	True	2026-06-09T10:05:00Z	2026-06-09T10:05:00Z	False
SOL	2026-06-09T10:05:00Z	2026-06-09T10:14:58.520Z	2026-06-09T00:00:00Z	66	56	10	783	122	True	2026-06-09T10:05:00Z	2026-06-09T10:05:00Z	False
BTC	2026-06-09T10:10:00Z	2026-06-09T10:19:59.381Z	2026-06-09T00:00:00Z	63	60	3	140	123	True	2026-06-09T10:10:00Z	2026-06-09T10:10:00Z	False
ETH	2026-06-09T10:10:00Z	2026-06-09T10:19:59.381Z	2026-06-09T00:00:00Z	64	59	5	74	123	True	2026-06-09T10:10:00Z	2026-06-09T10:10:00Z	False
SOL	2026-06-09T10:10:00Z	2026-06-09T10:19:59.381Z	2026-06-09T00:00:00Z	67	56	11	794	123	True	2026-06-09T10:10:00Z	2026-06-09T10:10:00Z	False
BTC	2026-06-09T10:15:00Z	2026-06-09T10:24:56.883Z	2026-06-09T00:00:00Z	63	61	2	142	124	True	2026-06-09T10:15:00Z	2026-06-09T10:15:00Z	False
ETH	2026-06-09T10:15:00Z	2026-06-09T10:24:56.883Z	2026-06-09T00:00:00Z	64	60	4	78	124	True	2026-06-09T10:15:00Z	2026-06-09T10:15:00Z	False
SOL	2026-06-09T10:15:00Z	2026-06-09T10:24:56.883Z	2026-06-09T00:00:00Z	67	57	10	804	124	True	2026-06-09T10:15:00Z	2026-06-09T10:15:00Z	False
BTC	2026-06-09T10:20:00Z	2026-06-09T10:29:55.077Z	2026-06-09T00:00:00Z	63	62	1	143	125	True	2026-06-09T10:20:00Z	2026-06-09T10:20:00Z	False
ETH	2026-06-09T10:20:00Z	2026-06-09T10:29:55.077Z	2026-06-09T00:00:00Z	65	60	5	83	125	True	2026-06-09T10:20:00Z	2026-06-09T10:20:00Z	False
SOL	2026-06-09T10:20:00Z	2026-06-09T10:29:55.077Z	2026-06-09T00:00:00Z	67	58	9	813	125	True	2026-06-09T10:20:00Z	2026-06-09T10:20:00Z	False
BTC	2026-06-09T10:25:00Z	2026-06-09T10:34:58.020Z	2026-06-09T00:00:00Z	64	62	2	145	126	True	2026-06-09T10:25:00Z	2026-06-09T10:25:00Z	False
ETH	2026-06-09T10:25:00Z	2026-06-09T10:34:58.020Z	2026-06-09T00:00:00Z	66	60	6	89	126	True	2026-06-09T10:25:00Z	2026-06-09T10:25:00Z	False
SOL	2026-06-09T10:25:00Z	2026-06-09T10:34:58.020Z	2026-06-09T00:00:00Z	68	58	10	823	126	True	2026-06-09T10:25:00Z	2026-06-09T10:25:00Z	False
BTC	2026-06-09T10:30:00Z	2026-06-09T10:39:59.519Z	2026-06-09T00:00:00Z	64	63	1	146	127	True	2026-06-09T10:30:00Z	2026-06-09T10:30:00Z	False
ETH	2026-06-09T10:30:00Z	2026-06-09T10:39:59.519Z	2026-06-09T00:00:00Z	66	61	5	94	127	True	2026-06-09T10:30:00Z	2026-06-09T10:30:00Z	False
SOL	2026-06-09T10:30:00Z	2026-06-09T10:39:59.519Z	2026-06-09T00:00:00Z	68	59	9	832	127	True	2026-06-09T10:30:00Z	2026-06-09T10:30:00Z	False
BTC	2026-06-09T10:35:00Z	2026-06-09T10:44:58.009Z	2026-06-09T00:00:00Z	65	63	2	148	128	True	2026-06-09T10:35:00Z	2026-06-09T10:35:00Z	False
ETH	2026-06-09T10:35:00Z	2026-06-09T10:44:58.009Z	2026-06-09T00:00:00Z	67	61	6	100	128	True	2026-06-09T10:35:00Z	2026-06-09T10:35:00Z	False
SOL	2026-06-09T10:35:00Z	2026-06-09T10:44:58.009Z	2026-06-09T00:00:00Z	69	59	10	842	128	True	2026-06-09T10:35:00Z	2026-06-09T10:35:00Z	False
BTC	2026-06-09T10:40:00Z	2026-06-09T10:49:57.699Z	2026-06-09T00:00:00Z	66	63	3	151	129	True	2026-06-09T10:40:00Z	2026-06-09T10:40:00Z	False
ETH	2026-06-09T10:40:00Z	2026-06-09T10:49:57.699Z	2026-06-09T00:00:00Z	68	61	7	107	129	True	2026-06-09T10:40:00Z	2026-06-09T10:40:00Z	False
SOL	2026-06-09T10:40:00Z	2026-06-09T10:49:57.699Z	2026-06-09T00:00:00Z	70	59	11	853	129	True	2026-06-09T10:40:00Z	2026-06-09T10:40:00Z	False
BTC	2026-06-09T10:45:00Z	2026-06-09T10:54:59.699Z	2026-06-09T00:00:00Z	66	64	2	153	130	True	2026-06-09T10:45:00Z	2026-06-09T10:45:00Z	False
ETH	2026-06-09T10:45:00Z	2026-06-09T10:54:59.699Z	2026-06-09T00:00:00Z	69	61	8	115	130	True	2026-06-09T10:45:00Z	2026-06-09T10:45:00Z	False
SOL	2026-06-09T10:45:00Z	2026-06-09T10:54:59.699Z	2026-06-09T00:00:00Z	71	59	12	865	130	True	2026-06-09T10:45:00Z	2026-06-09T10:45:00Z	False
BTC	2026-06-09T10:50:00Z	2026-06-09T10:59:58.140Z	2026-06-09T00:00:00Z	67	64	3	156	131	True	2026-06-09T10:50:00Z	2026-06-09T10:50:00Z	False
ETH	2026-06-09T10:50:00Z	2026-06-09T10:59:58.140Z	2026-06-09T00:00:00Z	70	61	9	124	131	True	2026-06-09T10:50:00Z	2026-06-09T10:50:00Z	False
SOL	2026-06-09T10:50:00Z	2026-06-09T10:59:58.140Z	2026-06-09T00:00:00Z	72	59	13	878	131	True	2026-06-09T10:50:00Z	2026-06-09T10:50:00Z	False
BTC	2026-06-09T10:55:00Z	2026-06-09T11:04:57.462Z	2026-06-09T00:00:00Z	68	64	4	160	132	True	2026-06-09T10:55:00Z	2026-06-09T10:55:00Z	False
ETH	2026-06-09T10:55:00Z	2026-06-09T11:04:57.462Z	2026-06-09T00:00:00Z	71	61	10	134	132	True	2026-06-09T10:55:00Z	2026-06-09T10:55:00Z	False
SOL	2026-06-09T10:55:00Z	2026-06-09T11:04:57.462Z	2026-06-09T00:00:00Z	73	59	14	892	132	True	2026-06-09T10:55:00Z	2026-06-09T10:55:00Z	False
BTC	2026-06-09T11:00:00Z	2026-06-09T11:09:58.819Z	2026-06-09T00:00:00Z	68	65	3	163	133	True	2026-06-09T11:00:00Z	2026-06-09T11:00:00Z	False
ETH	2026-06-09T11:00:00Z	2026-06-09T11:09:58.819Z	2026-06-09T00:00:00Z	71	62	9	143	133	True	2026-06-09T11:00:00Z	2026-06-09T11:00:00Z	False
SOL	2026-06-09T11:00:00Z	2026-06-09T11:09:58.819Z	2026-06-09T00:00:00Z	73	60	13	905	133	True	2026-06-09T11:00:00Z	2026-06-09T11:00:00Z	False
BTC	2026-06-09T11:05:00Z	2026-06-09T11:14:59.648Z	2026-06-09T00:00:00Z	69	65	4	167	134	True	2026-06-09T11:05:00Z	2026-06-09T11:05:00Z	False
ETH	2026-06-09T11:05:00Z	2026-06-09T11:14:59.648Z	2026-06-09T00:00:00Z	72	62	10	153	134	True	2026-06-09T11:05:00Z	2026-06-09T11:05:00Z	False
SOL	2026-06-09T11:05:00Z	2026-06-09T11:14:59.648Z	2026-06-09T00:00:00Z	74	60	14	919	134	True	2026-06-09T11:05:00Z	2026-06-09T11:05:00Z	False
BTC	2026-06-09T11:10:00Z	2026-06-09T11:19:59.807Z	2026-06-09T00:00:00Z	69	66	3	170	135	True	2026-06-09T11:10:00Z	2026-06-09T11:10:00Z	False
ETH	2026-06-09T11:10:00Z	2026-06-09T11:19:59.807Z	2026-06-09T00:00:00Z	72	63	9	162	135	True	2026-06-09T11:10:00Z	2026-06-09T11:10:00Z	False
SOL	2026-06-09T11:10:00Z	2026-06-09T11:19:59.807Z	2026-06-09T00:00:00Z	74	61	13	932	135	True	2026-06-09T11:10:00Z	2026-06-09T11:10:00Z	False
BTC	2026-06-09T11:15:00Z	2026-06-09T11:24:57.507Z	2026-06-09T00:00:00Z	70	66	4	174	136	True	2026-06-09T11:15:00Z	2026-06-09T11:15:00Z	False
ETH	2026-06-09T11:15:00Z	2026-06-09T11:24:57.507Z	2026-06-09T00:00:00Z	72	64	8	170	136	True	2026-06-09T11:15:00Z	2026-06-09T11:15:00Z	False
SOL	2026-06-09T11:15:00Z	2026-06-09T11:24:57.507Z	2026-06-09T00:00:00Z	75	61	14	946	136	True	2026-06-09T11:15:00Z	2026-06-09T11:15:00Z	False
BTC	2026-06-09T11:20:00Z	2026-06-09T11:29:55.867Z	2026-06-09T00:00:00Z	71	66	5	179	137	True	2026-06-09T11:20:00Z	2026-06-09T11:20:00Z	False
ETH	2026-06-09T11:20:00Z	2026-06-09T11:29:55.867Z	2026-06-09T00:00:00Z	73	64	9	179	137	True	2026-06-09T11:20:00Z	2026-06-09T11:20:00Z	False
SOL	2026-06-09T11:20:00Z	2026-06-09T11:29:55.867Z	2026-06-09T00:00:00Z	75	62	13	959	137	True	2026-06-09T11:20:00Z	2026-06-09T11:20:00Z	False
BTC	2026-06-09T11:25:00Z	2026-06-09T11:34:56.366Z	2026-06-09T00:00:00Z	71	67	4	183	138	True	2026-06-09T11:25:00Z	2026-06-09T11:25:00Z	False
ETH	2026-06-09T11:25:00Z	2026-06-09T11:34:56.366Z	2026-06-09T00:00:00Z	74	64	10	189	138	True	2026-06-09T11:25:00Z	2026-06-09T11:25:00Z	False
SOL	2026-06-09T11:25:00Z	2026-06-09T11:34:56.366Z	2026-06-09T00:00:00Z	75	63	12	971	138	True	2026-06-09T11:25:00Z	2026-06-09T11:25:00Z	False
BTC	2026-06-09T11:30:00Z	2026-06-09T11:39:57.701Z	2026-06-09T00:00:00Z	72	67	5	188	139	True	2026-06-09T11:30:00Z	2026-06-09T11:30:00Z	False
ETH	2026-06-09T11:30:00Z	2026-06-09T11:39:57.701Z	2026-06-09T00:00:00Z	75	64	11	200	139	True	2026-06-09T11:30:00Z	2026-06-09T11:30:00Z	False
SOL	2026-06-09T11:30:00Z	2026-06-09T11:39:57.701Z	2026-06-09T00:00:00Z	76	63	13	984	139	True	2026-06-09T11:30:00Z	2026-06-09T11:30:00Z	False
BTC	2026-06-09T11:35:00Z	2026-06-09T11:44:58.829Z	2026-06-09T00:00:00Z	72	68	4	192	140	True	2026-06-09T11:35:00Z	2026-06-09T11:35:00Z	False
ETH	2026-06-09T11:35:00Z	2026-06-09T11:44:58.829Z	2026-06-09T00:00:00Z	75	65	10	210	140	True	2026-06-09T11:35:00Z	2026-06-09T11:35:00Z	False
SOL	2026-06-09T11:35:00Z	2026-06-09T11:44:58.829Z	2026-06-09T00:00:00Z	77	63	14	998	140	True	2026-06-09T11:35:00Z	2026-06-09T11:35:00Z	False
BTC	2026-06-09T11:40:00Z	2026-06-09T11:49:59.657Z	2026-06-09T00:00:00Z	73	68	5	197	141	True	2026-06-09T11:40:00Z	2026-06-09T11:40:00Z	False
ETH	2026-06-09T11:40:00Z	2026-06-09T11:49:59.657Z	2026-06-09T00:00:00Z	76	65	11	221	141	True	2026-06-09T11:40:00Z	2026-06-09T11:40:00Z	False
SOL	2026-06-09T11:40:00Z	2026-06-09T11:49:59.657Z	2026-06-09T00:00:00Z	78	63	15	1013	141	True	2026-06-09T11:40:00Z	2026-06-09T11:40:00Z	False
BTC	2026-06-09T11:45:00Z	2026-06-09T11:54:58.268Z	2026-06-09T00:00:00Z	73	69	4	201	142	True	2026-06-09T11:45:00Z	2026-06-09T11:45:00Z	False
ETH	2026-06-09T11:45:00Z	2026-06-09T11:54:58.268Z	2026-06-09T00:00:00Z	76	66	10	231	142	True	2026-06-09T11:45:00Z	2026-06-09T11:45:00Z	False
SOL	2026-06-09T11:45:00Z	2026-06-09T11:54:58.268Z	2026-06-09T00:00:00Z	78	64	14	1027	142	True	2026-06-09T11:45:00Z	2026-06-09T11:45:00Z	False
BTC	2026-06-09T11:50:00Z	2026-06-09T11:59:56.379Z	2026-06-09T00:00:00Z	74	69	5	206	143	True	2026-06-09T11:50:00Z	2026-06-09T11:50:00Z	False
ETH	2026-06-09T11:50:00Z	2026-06-09T11:59:56.379Z	2026-06-09T00:00:00Z	77	66	11	242	143	True	2026-06-09T11:50:00Z	2026-06-09T11:50:00Z	False
SOL	2026-06-09T11:50:00Z	2026-06-09T11:59:56.379Z	2026-06-09T00:00:00Z	79	64	15	1042	143	True	2026-06-09T11:50:00Z	2026-06-09T11:50:00Z	False
BTC	2026-06-09T11:55:00Z	2026-06-09T12:04:57.316Z	2026-06-09T00:00:00Z	75	69	6	212	144	True	2026-06-09T11:55:00Z	2026-06-09T11:55:00Z	False
ETH	2026-06-09T11:55:00Z	2026-06-09T12:04:57.316Z	2026-06-09T00:00:00Z	78	66	12	254	144	True	2026-06-09T11:55:00Z	2026-06-09T11:55:00Z	False
SOL	2026-06-09T11:55:00Z	2026-06-09T12:04:57.316Z	2026-06-09T00:00:00Z	80	64	16	1058	144	True	2026-06-09T11:55:00Z	2026-06-09T11:55:00Z	False
BTC	2026-06-09T12:00:00Z	2026-06-09T12:09:59.775Z	2026-06-09T00:00:00Z	76	69	7	219	145	True	2026-06-09T12:00:00Z	2026-06-09T12:00:00Z	False
ETH	2026-06-09T12:00:00Z	2026-06-09T12:09:59.775Z	2026-06-09T00:00:00Z	79	66	13	267	145	True	2026-06-09T12:00:00Z	2026-06-09T12:00:00Z	False
SOL	2026-06-09T12:00:00Z	2026-06-09T12:09:59.775Z	2026-06-09T00:00:00Z	81	64	17	1075	145	True	2026-06-09T12:00:00Z	2026-06-09T12:00:00Z	False
BTC	2026-06-09T12:05:00Z	2026-06-09T12:14:57.480Z	2026-06-09T00:00:00Z	76	70	6	225	146	True	2026-06-09T12:05:00Z	2026-06-09T12:05:00Z	False
ETH	2026-06-09T12:05:00Z	2026-06-09T12:14:57.480Z	2026-06-09T00:00:00Z	79	67	12	279	146	True	2026-06-09T12:05:00Z	2026-06-09T12:05:00Z	False
SOL	2026-06-09T12:05:00Z	2026-06-09T12:14:57.480Z	2026-06-09T00:00:00Z	82	64	18	1093	146	True	2026-06-09T12:05:00Z	2026-06-09T12:05:00Z	False
BTC	2026-06-09T12:10:00Z	2026-06-09T12:19:59.449Z	2026-06-09T00:00:00Z	77	70	7	232	147	True	2026-06-09T12:10:00Z	2026-06-09T12:10:00Z	False
ETH	2026-06-09T12:10:00Z	2026-06-09T12:19:59.449Z	2026-06-09T00:00:00Z	80	67	13	292	147	True	2026-06-09T12:10:00Z	2026-06-09T12:10:00Z	False
SOL	2026-06-09T12:10:00Z	2026-06-09T12:19:59.449Z	2026-06-09T00:00:00Z	82	65	17	1110	147	True	2026-06-09T12:10:00Z	2026-06-09T12:10:00Z	False
BTC	2026-06-09T12:15:00Z	2026-06-09T12:24:59.795Z	2026-06-09T00:00:00Z	77	71	6	238	148	True	2026-06-09T12:15:00Z	2026-06-09T12:15:00Z	False
ETH	2026-06-09T12:15:00Z	2026-06-09T12:24:59.795Z	2026-06-09T00:00:00Z	80	68	12	304	148	True	2026-06-09T12:15:00Z	2026-06-09T12:15:00Z	False
SOL	2026-06-09T12:15:00Z	2026-06-09T12:24:59.795Z	2026-06-09T00:00:00Z	82	66	16	1126	148	True	2026-06-09T12:15:00Z	2026-06-09T12:15:00Z	False
BTC	2026-06-09T12:20:00Z	2026-06-09T12:29:55.724Z	2026-06-09T00:00:00Z	77	72	5	243	149	True	2026-06-09T12:20:00Z	2026-06-09T12:20:00Z	False
ETH	2026-06-09T12:20:00Z	2026-06-09T12:29:55.724Z	2026-06-09T00:00:00Z	80	69	11	315	149	True	2026-06-09T12:20:00Z	2026-06-09T12:20:00Z	False
SOL	2026-06-09T12:20:00Z	2026-06-09T12:29:55.724Z	2026-06-09T00:00:00Z	82	67	15	1141	149	True	2026-06-09T12:20:00Z	2026-06-09T12:20:00Z	False
BTC	2026-06-09T12:25:00Z	2026-06-09T12:34:42.034Z	2026-06-09T00:00:00Z	77	73	4	247	150	True	2026-06-09T12:25:00Z	2026-06-09T12:25:00Z	False
ETH	2026-06-09T12:25:00Z	2026-06-09T12:34:42.034Z	2026-06-09T00:00:00Z	80	70	10	325	150	True	2026-06-09T12:25:00Z	2026-06-09T12:25:00Z	False
SOL	2026-06-09T12:25:00Z	2026-06-09T12:34:42.034Z	2026-06-09T00:00:00Z	82	68	14	1155	150	True	2026-06-09T12:25:00Z	2026-06-09T12:25:00Z	False
BTC	2026-06-09T12:30:00Z	2026-06-09T12:39:59.989Z	2026-06-09T00:00:00Z	77	74	3	250	151	True	2026-06-09T12:30:00Z	2026-06-09T12:30:00Z	False
ETH	2026-06-09T12:30:00Z	2026-06-09T12:39:59.989Z	2026-06-09T00:00:00Z	80	71	9	334	151	True	2026-06-09T12:30:00Z	2026-06-09T12:30:00Z	False
SOL	2026-06-09T12:30:00Z	2026-06-09T12:39:59.989Z	2026-06-09T00:00:00Z	82	69	13	1168	151	True	2026-06-09T12:30:00Z	2026-06-09T12:30:00Z	False
BTC	2026-06-09T12:35:00Z	2026-06-09T12:44:57.442Z	2026-06-09T00:00:00Z	78	74	4	254	152	True	2026-06-09T12:35:00Z	2026-06-09T12:35:00Z	False
ETH	2026-06-09T12:35:00Z	2026-06-09T12:44:57.442Z	2026-06-09T00:00:00Z	81	71	10	344	152	True	2026-06-09T12:35:00Z	2026-06-09T12:35:00Z	False
SOL	2026-06-09T12:35:00Z	2026-06-09T12:44:57.442Z	2026-06-09T00:00:00Z	83	69	14	1182	152	True	2026-06-09T12:35:00Z	2026-06-09T12:35:00Z	False
BTC	2026-06-09T12:40:00Z	2026-06-09T12:49:57.832Z	2026-06-09T00:00:00Z	78	75	3	257	153	True	2026-06-09T12:40:00Z	2026-06-09T12:40:00Z	False
ETH	2026-06-09T12:40:00Z	2026-06-09T12:49:57.832Z	2026-06-09T00:00:00Z	81	72	9	353	153	True	2026-06-09T12:40:00Z	2026-06-09T12:40:00Z	False
SOL	2026-06-09T12:40:00Z	2026-06-09T12:49:57.832Z	2026-06-09T00:00:00Z	83	70	13	1195	153	True	2026-06-09T12:40:00Z	2026-06-09T12:40:00Z	False
BTC	2026-06-09T12:45:00Z	2026-06-09T12:54:54.060Z	2026-06-09T00:00:00Z	79	75	4	261	154	True	2026-06-09T12:45:00Z	2026-06-09T12:45:00Z	False
ETH	2026-06-09T12:45:00Z	2026-06-09T12:54:54.060Z	2026-06-09T00:00:00Z	82	72	10	363	154	True	2026-06-09T12:45:00Z	2026-06-09T12:45:00Z	False
SOL	2026-06-09T12:45:00Z	2026-06-09T12:54:54.060Z	2026-06-09T00:00:00Z	83	71	12	1207	154	True	2026-06-09T12:45:00Z	2026-06-09T12:45:00Z	False
BTC	2026-06-09T12:50:00Z	2026-06-09T12:59:59.579Z	2026-06-09T00:00:00Z	80	75	5	266	155	True	2026-06-09T12:50:00Z	2026-06-09T12:50:00Z	False
ETH	2026-06-09T12:50:00Z	2026-06-09T12:59:59.579Z	2026-06-09T00:00:00Z	82	73	9	372	155	True	2026-06-09T12:50:00Z	2026-06-09T12:50:00Z	False
SOL	2026-06-09T12:50:00Z	2026-06-09T12:59:59.579Z	2026-06-09T00:00:00Z	83	72	11	1218	155	True	2026-06-09T12:50:00Z	2026-06-09T12:50:00Z	False
BTC	2026-06-09T12:55:00Z	2026-06-09T13:04:56.177Z	2026-06-09T00:00:00Z	81	75	6	272	156	True	2026-06-09T12:55:00Z	2026-06-09T12:55:00Z	False
ETH	2026-06-09T12:55:00Z	2026-06-09T13:04:56.177Z	2026-06-09T00:00:00Z	83	73	10	382	156	True	2026-06-09T12:55:00Z	2026-06-09T12:55:00Z	False
SOL	2026-06-09T12:55:00Z	2026-06-09T13:04:56.177Z	2026-06-09T00:00:00Z	84	72	12	1230	156	True	2026-06-09T12:55:00Z	2026-06-09T12:55:00Z	False
BTC	2026-06-09T13:00:00Z	2026-06-09T13:09:57.179Z	2026-06-09T00:00:00Z	81	76	5	277	157	True	2026-06-09T13:00:00Z	2026-06-09T13:00:00Z	False
ETH	2026-06-09T13:00:00Z	2026-06-09T13:09:57.179Z	2026-06-09T00:00:00Z	83	74	9	391	157	True	2026-06-09T13:00:00Z	2026-06-09T13:00:00Z	False
SOL	2026-06-09T13:00:00Z	2026-06-09T13:09:57.179Z	2026-06-09T00:00:00Z	85	72	13	1243	157	True	2026-06-09T13:00:00Z	2026-06-09T13:00:00Z	False
BTC	2026-06-09T13:05:00Z	2026-06-09T13:14:59.562Z	2026-06-09T00:00:00Z	82	76	6	283	158	True	2026-06-09T13:05:00Z	2026-06-09T13:05:00Z	False
ETH	2026-06-09T13:05:00Z	2026-06-09T13:14:59.562Z	2026-06-09T00:00:00Z	84	74	10	401	158	True	2026-06-09T13:05:00Z	2026-06-09T13:05:00Z	False
SOL	2026-06-09T13:05:00Z	2026-06-09T13:14:59.562Z	2026-06-09T00:00:00Z	86	72	14	1257	158	True	2026-06-09T13:05:00Z	2026-06-09T13:05:00Z	False
BTC	2026-06-09T13:10:00Z	2026-06-09T13:19:59.998Z	2026-06-09T00:00:00Z	82	77	5	288	159	True	2026-06-09T13:10:00Z	2026-06-09T13:10:00Z	False
ETH	2026-06-09T13:10:00Z	2026-06-09T13:19:59.998Z	2026-06-09T00:00:00Z	84	75	9	410	159	True	2026-06-09T13:10:00Z	2026-06-09T13:10:00Z	False
SOL	2026-06-09T13:10:00Z	2026-06-09T13:19:59.998Z	2026-06-09T00:00:00Z	86	73	13	1270	159	True	2026-06-09T13:10:00Z	2026-06-09T13:10:00Z	False
BTC	2026-06-09T13:15:00Z	2026-06-09T13:24:57.203Z	2026-06-09T00:00:00Z	82	78	4	292	160	True	2026-06-09T13:15:00Z	2026-06-09T13:15:00Z	False
ETH	2026-06-09T13:15:00Z	2026-06-09T13:24:57.203Z	2026-06-09T00:00:00Z	84	76	8	418	160	True	2026-06-09T13:15:00Z	2026-06-09T13:15:00Z	False
SOL	2026-06-09T13:15:00Z	2026-06-09T13:24:57.203Z	2026-06-09T00:00:00Z	86	74	12	1282	160	True	2026-06-09T13:15:00Z	2026-06-09T13:15:00Z	False
BTC	2026-06-09T13:20:00Z	2026-06-09T13:29:58.521Z	2026-06-09T00:00:00Z	82	79	3	295	161	True	2026-06-09T13:20:00Z	2026-06-09T13:20:00Z	False
ETH	2026-06-09T13:20:00Z	2026-06-09T13:29:58.521Z	2026-06-09T00:00:00Z	84	77	7	425	161	True	2026-06-09T13:20:00Z	2026-06-09T13:20:00Z	False
SOL	2026-06-09T13:20:00Z	2026-06-09T13:29:58.521Z	2026-06-09T00:00:00Z	86	75	11	1293	161	True	2026-06-09T13:20:00Z	2026-06-09T13:20:00Z	False
BTC	2026-06-09T13:25:00Z	2026-06-09T13:34:36.629Z	2026-06-09T00:00:00Z	83	79	4	299	162	True	2026-06-09T13:25:00Z	2026-06-09T13:25:00Z	False
ETH	2026-06-09T13:25:00Z	2026-06-09T13:34:36.629Z	2026-06-09T00:00:00Z	85	77	8	433	162	True	2026-06-09T13:25:00Z	2026-06-09T13:25:00Z	False
SOL	2026-06-09T13:25:00Z	2026-06-09T13:34:36.629Z	2026-06-09T00:00:00Z	86	76	10	1303	162	True	2026-06-09T13:25:00Z	2026-06-09T13:25:00Z	False
BTC	2026-06-09T13:30:00Z	2026-06-09T13:39:59.385Z	2026-06-09T00:00:00Z	83	80	3	302	163	True	2026-06-09T13:30:00Z	2026-06-09T13:30:00Z	False
ETH	2026-06-09T13:30:00Z	2026-06-09T13:39:59.385Z	2026-06-09T00:00:00Z	85	78	7	440	163	True	2026-06-09T13:30:00Z	2026-06-09T13:30:00Z	False
SOL	2026-06-09T13:30:00Z	2026-06-09T13:39:59.385Z	2026-06-09T00:00:00Z	86	77	9	1312	163	True	2026-06-09T13:30:00Z	2026-06-09T13:30:00Z	False
BTC	2026-06-09T13:35:00Z	2026-06-09T13:44:59.403Z	2026-06-09T00:00:00Z	83	81	2	304	164	True	2026-06-09T13:35:00Z	2026-06-09T13:35:00Z	False
ETH	2026-06-09T13:35:00Z	2026-06-09T13:44:59.403Z	2026-06-09T00:00:00Z	85	79	6	446	164	True	2026-06-09T13:35:00Z	2026-06-09T13:35:00Z	False
SOL	2026-06-09T13:35:00Z	2026-06-09T13:44:59.403Z	2026-06-09T00:00:00Z	86	78	8	1320	164	True	2026-06-09T13:35:00Z	2026-06-09T13:35:00Z	False
BTC	2026-06-09T13:40:00Z	2026-06-09T13:49:59.541Z	2026-06-09T00:00:00Z	84	81	3	307	165	True	2026-06-09T13:40:00Z	2026-06-09T13:40:00Z	False
ETH	2026-06-09T13:40:00Z	2026-06-09T13:49:59.541Z	2026-06-09T00:00:00Z	86	79	7	453	165	True	2026-06-09T13:40:00Z	2026-06-09T13:40:00Z	False
SOL	2026-06-09T13:40:00Z	2026-06-09T13:49:59.541Z	2026-06-09T00:00:00Z	87	78	9	1329	165	True	2026-06-09T13:40:00Z	2026-06-09T13:40:00Z	False
BTC	2026-06-09T13:45:00Z	2026-06-09T13:54:33.789Z	2026-06-09T00:00:00Z	85	81	4	311	166	True	2026-06-09T13:45:00Z	2026-06-09T13:45:00Z	False
ETH	2026-06-09T13:45:00Z	2026-06-09T13:54:33.789Z	2026-06-09T00:00:00Z	87	79	8	461	166	True	2026-06-09T13:45:00Z	2026-06-09T13:45:00Z	False
SOL	2026-06-09T13:45:00Z	2026-06-09T13:54:33.789Z	2026-06-09T00:00:00Z	88	78	10	1339	166	True	2026-06-09T13:45:00Z	2026-06-09T13:45:00Z	False
BTC	2026-06-09T13:50:00Z	2026-06-09T13:59:45.805Z	2026-06-09T00:00:00Z	85	81	4	311	166	True	2026-06-09T13:45:00Z	2026-06-09T13:45:00Z	False
ETH	2026-06-09T13:50:00Z	2026-06-09T13:59:45.805Z	2026-06-09T00:00:00Z	87	79	8	461	166	True	2026-06-09T13:45:00Z	2026-06-09T13:45:00Z	False
SOL	2026-06-09T13:50:00Z	2026-06-09T13:59:45.805Z	2026-06-09T00:00:00Z	88	78	10	1339	166	True	2026-06-09T13:45:00Z	2026-06-09T13:45:00Z	False
BTC	2026-06-09T13:55:00Z	2026-06-09T14:04:51.146Z	2026-06-09T00:00:00Z	85	83	2	316	168	True	2026-06-09T13:55:00Z	2026-06-09T13:55:00Z	False
ETH	2026-06-09T13:55:00Z	2026-06-09T14:04:51.146Z	2026-06-09T00:00:00Z	87	81	6	474	168	True	2026-06-09T13:55:00Z	2026-06-09T13:55:00Z	False
SOL	2026-06-09T13:55:00Z	2026-06-09T14:04:51.146Z	2026-06-09T00:00:00Z	88	80	8	1356	168	True	2026-06-09T13:55:00Z	2026-06-09T13:55:00Z	False
BTC	2026-06-09T14:00:00Z	2026-06-09T14:09:58.685Z	2026-06-09T00:00:00Z	85	84	1	317	169	True	2026-06-09T14:00:00Z	2026-06-09T14:00:00Z	False
ETH	2026-06-09T14:00:00Z	2026-06-09T14:09:58.685Z	2026-06-09T00:00:00Z	87	82	5	479	169	True	2026-06-09T14:00:00Z	2026-06-09T14:00:00Z	False
SOL	2026-06-09T14:00:00Z	2026-06-09T14:09:58.685Z	2026-06-09T00:00:00Z	88	81	7	1363	169	True	2026-06-09T14:00:00Z	2026-06-09T14:00:00Z	False
BTC	2026-06-09T14:05:00Z	2026-06-09T14:14:59.029Z	2026-06-09T00:00:00Z	85	85	0	317	170	True	2026-06-09T14:05:00Z	2026-06-09T14:05:00Z	False
ETH	2026-06-09T14:05:00Z	2026-06-09T14:14:59.029Z	2026-06-09T00:00:00Z	87	83	4	483	170	True	2026-06-09T14:05:00Z	2026-06-09T14:05:00Z	False
SOL	2026-06-09T14:05:00Z	2026-06-09T14:14:59.029Z	2026-06-09T00:00:00Z	88	82	6	1369	170	True	2026-06-09T14:05:00Z	2026-06-09T14:05:00Z	False
BTC	2026-06-09T14:10:00Z	2026-06-09T14:19:58.587Z	2026-06-09T00:00:00Z	85	86	-1	316	171	True	2026-06-09T14:10:00Z	2026-06-09T14:10:00Z	False
ETH	2026-06-09T14:10:00Z	2026-06-09T14:19:58.587Z	2026-06-09T00:00:00Z	87	84	3	486	171	True	2026-06-09T14:10:00Z	2026-06-09T14:10:00Z	False
SOL	2026-06-09T14:10:00Z	2026-06-09T14:19:58.587Z	2026-06-09T00:00:00Z	88	83	5	1374	171	True	2026-06-09T14:10:00Z	2026-06-09T14:10:00Z	False
BTC	2026-06-09T14:15:00Z	2026-06-09T14:24:56.420Z	2026-06-09T00:00:00Z	85	87	-2	314	172	True	2026-06-09T14:15:00Z	2026-06-09T14:15:00Z	False
ETH	2026-06-09T14:15:00Z	2026-06-09T14:24:56.420Z	2026-06-09T00:00:00Z	87	85	2	488	172	True	2026-06-09T14:15:00Z	2026-06-09T14:15:00Z	False
SOL	2026-06-09T14:15:00Z	2026-06-09T14:24:56.420Z	2026-06-09T00:00:00Z	88	84	4	1378	172	True	2026-06-09T14:15:00Z	2026-06-09T14:15:00Z	False
BTC	2026-06-09T14:20:00Z	2026-06-09T14:29:59.782Z	2026-06-09T00:00:00Z	85	88	-3	311	173	True	2026-06-09T14:20:00Z	2026-06-09T14:20:00Z	False
ETH	2026-06-09T14:20:00Z	2026-06-09T14:29:59.782Z	2026-06-09T00:00:00Z	87	86	1	489	173	True	2026-06-09T14:20:00Z	2026-06-09T14:20:00Z	False
SOL	2026-06-09T14:20:00Z	2026-06-09T14:29:59.782Z	2026-06-09T00:00:00Z	89	84	5	1383	173	True	2026-06-09T14:20:00Z	2026-06-09T14:20:00Z	False
BTC	2026-06-09T14:25:00Z	2026-06-09T14:34:59.893Z	2026-06-09T00:00:00Z	85	89	-4	307	174	True	2026-06-09T14:25:00Z	2026-06-09T14:25:00Z	False
ETH	2026-06-09T14:25:00Z	2026-06-09T14:34:59.893Z	2026-06-09T00:00:00Z	87	87	0	489	174	True	2026-06-09T14:25:00Z	2026-06-09T14:25:00Z	False
SOL	2026-06-09T14:25:00Z	2026-06-09T14:34:59.893Z	2026-06-09T00:00:00Z	89	85	4	1387	174	True	2026-06-09T14:25:00Z	2026-06-09T14:25:00Z	False
BTC	2026-06-09T14:30:00Z	2026-06-09T14:39:30.946Z	2026-06-09T00:00:00Z	85	90	-5	302	175	True	2026-06-09T14:30:00Z	2026-06-09T14:30:00Z	False
ETH	2026-06-09T14:30:00Z	2026-06-09T14:39:30.946Z	2026-06-09T00:00:00Z	88	87	1	490	175	True	2026-06-09T14:30:00Z	2026-06-09T14:30:00Z	False
SOL	2026-06-09T14:30:00Z	2026-06-09T14:39:30.946Z	2026-06-09T00:00:00Z	90	85	5	1392	175	True	2026-06-09T14:30:00Z	2026-06-09T14:30:00Z	False
BTC	2026-06-09T14:35:00Z	2026-06-09T14:44:51.038Z	2026-06-09T00:00:00Z	85	91	-6	296	176	True	2026-06-09T14:35:00Z	2026-06-09T14:35:00Z	False
ETH	2026-06-09T14:35:00Z	2026-06-09T14:44:51.038Z	2026-06-09T00:00:00Z	88	88	0	490	176	True	2026-06-09T14:35:00Z	2026-06-09T14:35:00Z	False
SOL	2026-06-09T14:35:00Z	2026-06-09T14:44:51.038Z	2026-06-09T00:00:00Z	90	86	4	1396	176	True	2026-06-09T14:35:00Z	2026-06-09T14:35:00Z	False
BTC	2026-06-09T14:40:00Z	2026-06-09T14:49:55.889Z	2026-06-09T00:00:00Z	85	92	-7	289	177	True	2026-06-09T14:40:00Z	2026-06-09T14:40:00Z	False
ETH	2026-06-09T14:40:00Z	2026-06-09T14:49:55.889Z	2026-06-09T00:00:00Z	88	89	-1	489	177	True	2026-06-09T14:40:00Z	2026-06-09T14:40:00Z	False
SOL	2026-06-09T14:40:00Z	2026-06-09T14:49:55.889Z	2026-06-09T00:00:00Z	90	87	3	1399	177	True	2026-06-09T14:40:00Z	2026-06-09T14:40:00Z	False
BTC	2026-06-09T14:45:00Z	2026-06-09T14:54:58.610Z	2026-06-09T00:00:00Z	85	93	-8	281	178	True	2026-06-09T14:45:00Z	2026-06-09T14:45:00Z	False
ETH	2026-06-09T14:45:00Z	2026-06-09T14:54:58.610Z	2026-06-09T00:00:00Z	88	90	-2	487	178	True	2026-06-09T14:45:00Z	2026-06-09T14:45:00Z	False
SOL	2026-06-09T14:45:00Z	2026-06-09T14:54:58.610Z	2026-06-09T00:00:00Z	91	87	4	1403	178	True	2026-06-09T14:45:00Z	2026-06-09T14:45:00Z	False
BTC	2026-06-09T14:50:00Z	2026-06-09T14:59:57.245Z	2026-06-09T00:00:00Z	86	93	-7	274	179	True	2026-06-09T14:50:00Z	2026-06-09T14:50:00Z	False
ETH	2026-06-09T14:50:00Z	2026-06-09T14:59:57.245Z	2026-06-09T00:00:00Z	89	90	-1	486	179	True	2026-06-09T14:50:00Z	2026-06-09T14:50:00Z	False
SOL	2026-06-09T14:50:00Z	2026-06-09T14:59:57.245Z	2026-06-09T00:00:00Z	92	87	5	1408	179	True	2026-06-09T14:50:00Z	2026-06-09T14:50:00Z	False
BTC	2026-06-09T14:55:00Z	2026-06-09T15:04:58.049Z	2026-06-09T00:00:00Z	87	93	-6	268	180	True	2026-06-09T14:55:00Z	2026-06-09T14:55:00Z	False
ETH	2026-06-09T14:55:00Z	2026-06-09T15:04:58.049Z	2026-06-09T00:00:00Z	90	90	0	486	180	True	2026-06-09T14:55:00Z	2026-06-09T14:55:00Z	False
SOL	2026-06-09T14:55:00Z	2026-06-09T15:04:58.049Z	2026-06-09T00:00:00Z	93	87	6	1414	180	True	2026-06-09T14:55:00Z	2026-06-09T14:55:00Z	False
BTC	2026-06-09T15:00:00Z	2026-06-09T15:09:59.296Z	2026-06-09T00:00:00Z	87	94	-7	261	181	True	2026-06-09T15:00:00Z	2026-06-09T15:00:00Z	False
ETH	2026-06-09T15:00:00Z	2026-06-09T15:09:59.296Z	2026-06-09T00:00:00Z	90	91	-1	485	181	True	2026-06-09T15:00:00Z	2026-06-09T15:00:00Z	False
SOL	2026-06-09T15:00:00Z	2026-06-09T15:09:59.296Z	2026-06-09T00:00:00Z	93	88	5	1419	181	True	2026-06-09T15:00:00Z	2026-06-09T15:00:00Z	False
BTC	2026-06-09T15:05:00Z	2026-06-09T15:14:58.331Z	2026-06-09T00:00:00Z	88	94	-6	255	182	True	2026-06-09T15:05:00Z	2026-06-09T15:05:00Z	False
ETH	2026-06-09T15:05:00Z	2026-06-09T15:14:58.331Z	2026-06-09T00:00:00Z	91	91	0	485	182	True	2026-06-09T15:05:00Z	2026-06-09T15:05:00Z	False
SOL	2026-06-09T15:05:00Z	2026-06-09T15:14:58.331Z	2026-06-09T00:00:00Z	94	88	6	1425	182	True	2026-06-09T15:05:00Z	2026-06-09T15:05:00Z	False
BTC	2026-06-09T15:10:00Z	2026-06-09T15:19:56.737Z	2026-06-09T00:00:00Z	88	95	-7	248	183	True	2026-06-09T15:10:00Z	2026-06-09T15:10:00Z	False
ETH	2026-06-09T15:10:00Z	2026-06-09T15:19:56.737Z	2026-06-09T00:00:00Z	91	92	-1	484	183	True	2026-06-09T15:10:00Z	2026-06-09T15:10:00Z	False
SOL	2026-06-09T15:10:00Z	2026-06-09T15:19:56.737Z	2026-06-09T00:00:00Z	94	89	5	1430	183	True	2026-06-09T15:10:00Z	2026-06-09T15:10:00Z	False
BTC	2026-06-09T15:15:00Z	2026-06-09T15:24:57.550Z	2026-06-09T00:00:00Z	88	96	-8	240	184	True	2026-06-09T15:15:00Z	2026-06-09T15:15:00Z	False
ETH	2026-06-09T15:15:00Z	2026-06-09T15:24:57.550Z	2026-06-09T00:00:00Z	91	93	-2	482	184	True	2026-06-09T15:15:00Z	2026-06-09T15:15:00Z	False
SOL	2026-06-09T15:15:00Z	2026-06-09T15:24:57.550Z	2026-06-09T00:00:00Z	94	90	4	1434	184	True	2026-06-09T15:15:00Z	2026-06-09T15:15:00Z	False
BTC	2026-06-09T15:20:00Z	2026-06-09T15:29:57.411Z	2026-06-09T00:00:00Z	88	97	-9	231	185	True	2026-06-09T15:20:00Z	2026-06-09T15:20:00Z	False
ETH	2026-06-09T15:20:00Z	2026-06-09T15:29:57.411Z	2026-06-09T00:00:00Z	91	94	-3	479	185	True	2026-06-09T15:20:00Z	2026-06-09T15:20:00Z	False
SOL	2026-06-09T15:20:00Z	2026-06-09T15:29:57.411Z	2026-06-09T00:00:00Z	94	91	3	1437	185	True	2026-06-09T15:20:00Z	2026-06-09T15:20:00Z	False
BTC	2026-06-09T15:25:00Z	2026-06-09T15:34:49.428Z	2026-06-09T00:00:00Z	88	98	-10	221	186	True	2026-06-09T15:25:00Z	2026-06-09T15:25:00Z	False
ETH	2026-06-09T15:25:00Z	2026-06-09T15:34:49.428Z	2026-06-09T00:00:00Z	91	95	-4	475	186	True	2026-06-09T15:25:00Z	2026-06-09T15:25:00Z	False
SOL	2026-06-09T15:25:00Z	2026-06-09T15:34:49.428Z	2026-06-09T00:00:00Z	94	92	2	1439	186	True	2026-06-09T15:25:00Z	2026-06-09T15:25:00Z	False
BTC	2026-06-09T15:30:00Z	2026-06-09T15:39:53.485Z	2026-06-09T00:00:00Z	89	98	-9	212	187	True	2026-06-09T15:30:00Z	2026-06-09T15:30:00Z	False
ETH	2026-06-09T15:30:00Z	2026-06-09T15:39:53.485Z	2026-06-09T00:00:00Z	92	95	-3	472	187	True	2026-06-09T15:30:00Z	2026-06-09T15:30:00Z	False
SOL	2026-06-09T15:30:00Z	2026-06-09T15:39:53.485Z	2026-06-09T00:00:00Z	95	92	3	1442	187	True	2026-06-09T15:30:00Z	2026-06-09T15:30:00Z	False
BTC	2026-06-09T15:35:00Z	2026-06-09T15:44:41.987Z	2026-06-09T00:00:00Z	89	99	-10	202	188	True	2026-06-09T15:35:00Z	2026-06-09T15:35:00Z	False
ETH	2026-06-09T15:35:00Z	2026-06-09T15:44:41.987Z	2026-06-09T00:00:00Z	92	96	-4	468	188	True	2026-06-09T15:35:00Z	2026-06-09T15:35:00Z	False
SOL	2026-06-09T15:35:00Z	2026-06-09T15:44:41.987Z	2026-06-09T00:00:00Z	95	93	2	1444	188	True	2026-06-09T15:35:00Z	2026-06-09T15:35:00Z	False
BTC	2026-06-09T15:40:00Z	2026-06-09T15:49:58.108Z	2026-06-09T00:00:00Z	89	100	-11	191	189	True	2026-06-09T15:40:00Z	2026-06-09T15:40:00Z	False
ETH	2026-06-09T15:40:00Z	2026-06-09T15:49:58.108Z	2026-06-09T00:00:00Z	92	97	-5	463	189	True	2026-06-09T15:40:00Z	2026-06-09T15:40:00Z	False
SOL	2026-06-09T15:40:00Z	2026-06-09T15:49:58.108Z	2026-06-09T00:00:00Z	95	94	1	1445	189	True	2026-06-09T15:40:00Z	2026-06-09T15:40:00Z	False
BTC	2026-06-09T15:45:00Z	2026-06-09T15:54:59.725Z	2026-06-09T00:00:00Z	90	100	-10	181	190	True	2026-06-09T15:45:00Z	2026-06-09T15:45:00Z	False
ETH	2026-06-09T15:45:00Z	2026-06-09T15:54:59.725Z	2026-06-09T00:00:00Z	93	97	-4	459	190	True	2026-06-09T15:45:00Z	2026-06-09T15:45:00Z	False
SOL	2026-06-09T15:45:00Z	2026-06-09T15:54:59.725Z	2026-06-09T00:00:00Z	95	95	0	1445	190	True	2026-06-09T15:45:00Z	2026-06-09T15:45:00Z	False
BTC	2026-06-09T15:50:00Z	2026-06-09T15:59:56.827Z	2026-06-09T00:00:00Z	90	101	-11	170	191	True	2026-06-09T15:50:00Z	2026-06-09T15:50:00Z	False
ETH	2026-06-09T15:50:00Z	2026-06-09T15:59:56.827Z	2026-06-09T00:00:00Z	93	98	-5	454	191	True	2026-06-09T15:50:00Z	2026-06-09T15:50:00Z	False
SOL	2026-06-09T15:50:00Z	2026-06-09T15:59:56.827Z	2026-06-09T00:00:00Z	95	96	-1	1444	191	True	2026-06-09T15:50:00Z	2026-06-09T15:50:00Z	False
BTC	2026-06-09T15:55:00Z	2026-06-09T16:04:54.662Z	2026-06-09T00:00:00Z	90	102	-12	158	192	True	2026-06-09T15:55:00Z	2026-06-09T15:55:00Z	False
ETH	2026-06-09T15:55:00Z	2026-06-09T16:04:54.662Z	2026-06-09T00:00:00Z	93	99	-6	448	192	True	2026-06-09T15:55:00Z	2026-06-09T15:55:00Z	False
SOL	2026-06-09T15:55:00Z	2026-06-09T16:04:54.662Z	2026-06-09T00:00:00Z	95	97	-2	1442	192	True	2026-06-09T15:55:00Z	2026-06-09T15:55:00Z	False
BTC	2026-06-09T16:00:00Z	2026-06-09T16:09:55.432Z	2026-06-09T00:00:00Z	90	103	-13	145	193	True	2026-06-09T16:00:00Z	2026-06-09T16:00:00Z	False
ETH	2026-06-09T16:00:00Z	2026-06-09T16:09:55.432Z	2026-06-09T00:00:00Z	93	100	-7	441	193	True	2026-06-09T16:00:00Z	2026-06-09T16:00:00Z	False
SOL	2026-06-09T16:00:00Z	2026-06-09T16:09:55.432Z	2026-06-09T00:00:00Z	95	98	-3	1439	193	True	2026-06-09T16:00:00Z	2026-06-09T16:00:00Z	False
BTC	2026-06-09T16:05:00Z	2026-06-09T16:14:56.014Z	2026-06-09T00:00:00Z	90	104	-14	131	194	True	2026-06-09T16:05:00Z	2026-06-09T16:05:00Z	False
ETH	2026-06-09T16:05:00Z	2026-06-09T16:14:56.014Z	2026-06-09T00:00:00Z	93	101	-8	433	194	True	2026-06-09T16:05:00Z	2026-06-09T16:05:00Z	False
SOL	2026-06-09T16:05:00Z	2026-06-09T16:14:56.014Z	2026-06-09T00:00:00Z	95	99	-4	1435	194	True	2026-06-09T16:05:00Z	2026-06-09T16:05:00Z	False
BTC	2026-06-09T16:10:00Z	2026-06-09T16:19:07.858Z	2026-06-09T00:00:00Z	90	105	-15	116	195	True	2026-06-09T16:10:00Z	2026-06-09T16:10:00Z	False
ETH	2026-06-09T16:10:00Z	2026-06-09T16:19:07.858Z	2026-06-09T00:00:00Z	94	101	-7	426	195	True	2026-06-09T16:10:00Z	2026-06-09T16:10:00Z	False
SOL	2026-06-09T16:10:00Z	2026-06-09T16:19:07.858Z	2026-06-09T00:00:00Z	95	100	-5	1430	195	True	2026-06-09T16:10:00Z	2026-06-09T16:10:00Z	False
BTC	2026-06-09T16:15:00Z	2026-06-09T16:24:38.617Z	2026-06-09T00:00:00Z	90	106	-16	100	196	True	2026-06-09T16:15:00Z	2026-06-09T16:15:00Z	False
ETH	2026-06-09T16:15:00Z	2026-06-09T16:24:38.617Z	2026-06-09T00:00:00Z	94	102	-8	418	196	True	2026-06-09T16:15:00Z	2026-06-09T16:15:00Z	False
SOL	2026-06-09T16:15:00Z	2026-06-09T16:24:38.617Z	2026-06-09T00:00:00Z	95	101	-6	1424	196	True	2026-06-09T16:15:00Z	2026-06-09T16:15:00Z	False
BTC	2026-06-09T16:20:00Z	2026-06-09T16:29:58.078Z	2026-06-09T00:00:00Z	91	106	-15	85	197	True	2026-06-09T16:20:00Z	2026-06-09T16:20:00Z	False
ETH	2026-06-09T16:20:00Z	2026-06-09T16:29:58.078Z	2026-06-09T00:00:00Z	95	102	-7	411	197	True	2026-06-09T16:20:00Z	2026-06-09T16:20:00Z	False
SOL	2026-06-09T16:20:00Z	2026-06-09T16:29:58.078Z	2026-06-09T00:00:00Z	96	101	-5	1419	197	True	2026-06-09T16:20:00Z	2026-06-09T16:20:00Z	False
BTC	2026-06-09T16:25:00Z	2026-06-09T16:34:58.972Z	2026-06-09T00:00:00Z	92	106	-14	71	198	True	2026-06-09T16:25:00Z	2026-06-09T16:25:00Z	False
ETH	2026-06-09T16:25:00Z	2026-06-09T16:34:58.972Z	2026-06-09T00:00:00Z	96	102	-6	405	198	True	2026-06-09T16:25:00Z	2026-06-09T16:25:00Z	False
SOL	2026-06-09T16:25:00Z	2026-06-09T16:34:58.972Z	2026-06-09T00:00:00Z	97	101	-4	1415	198	True	2026-06-09T16:25:00Z	2026-06-09T16:25:00Z	False
BTC	2026-06-09T16:30:00Z	2026-06-09T16:39:59.976Z	2026-06-09T00:00:00Z	93	106	-13	58	199	True	2026-06-09T16:30:00Z	2026-06-09T16:30:00Z	False
ETH	2026-06-09T16:30:00Z	2026-06-09T16:39:59.976Z	2026-06-09T00:00:00Z	97	102	-5	400	199	True	2026-06-09T16:30:00Z	2026-06-09T16:30:00Z	False
SOL	2026-06-09T16:30:00Z	2026-06-09T16:39:59.976Z	2026-06-09T00:00:00Z	98	101	-3	1412	199	True	2026-06-09T16:30:00Z	2026-06-09T16:30:00Z	False
BTC	2026-06-09T16:35:00Z	2026-06-09T16:44:57.465Z	2026-06-09T00:00:00Z	93	107	-14	44	200	True	2026-06-09T16:35:00Z	2026-06-09T16:35:00Z	False
ETH	2026-06-09T16:35:00Z	2026-06-09T16:44:57.465Z	2026-06-09T00:00:00Z	97	103	-6	394	200	True	2026-06-09T16:35:00Z	2026-06-09T16:35:00Z	False
SOL	2026-06-09T16:35:00Z	2026-06-09T16:44:57.465Z	2026-06-09T00:00:00Z	98	102	-4	1408	200	True	2026-06-09T16:35:00Z	2026-06-09T16:35:00Z	False
BTC	2026-06-09T16:40:00Z	2026-06-09T16:49:18.973Z	2026-06-09T00:00:00Z	94	107	-13	31	201	True	2026-06-09T16:40:00Z	2026-06-09T16:40:00Z	False
ETH	2026-06-09T16:40:00Z	2026-06-09T16:49:18.973Z	2026-06-09T00:00:00Z	98	103	-5	389	201	True	2026-06-09T16:40:00Z	2026-06-09T16:40:00Z	False
SOL	2026-06-09T16:40:00Z	2026-06-09T16:49:18.973Z	2026-06-09T00:00:00Z	99	102	-3	1405	201	True	2026-06-09T16:40:00Z	2026-06-09T16:40:00Z	False
BTC	2026-06-09T16:45:00Z	2026-06-09T16:54:43.446Z	2026-06-09T00:00:00Z	95	107	-12	19	202	True	2026-06-09T16:45:00Z	2026-06-09T16:45:00Z	False
ETH	2026-06-09T16:45:00Z	2026-06-09T16:54:43.446Z	2026-06-09T00:00:00Z	99	103	-4	385	202	True	2026-06-09T16:45:00Z	2026-06-09T16:45:00Z	False
SOL	2026-06-09T16:45:00Z	2026-06-09T16:54:43.446Z	2026-06-09T00:00:00Z	99	103	-4	1401	202	True	2026-06-09T16:45:00Z	2026-06-09T16:45:00Z	False
BTC	2026-06-09T16:50:00Z	2026-06-09T16:59:47.089Z	2026-06-09T00:00:00Z	95	108	-13	6	203	True	2026-06-09T16:50:00Z	2026-06-09T16:50:00Z	False
ETH	2026-06-09T16:50:00Z	2026-06-09T16:59:47.089Z	2026-06-09T00:00:00Z	99	104	-5	380	203	True	2026-06-09T16:50:00Z	2026-06-09T16:50:00Z	False
SOL	2026-06-09T16:50:00Z	2026-06-09T16:59:47.089Z	2026-06-09T00:00:00Z	99	104	-5	1396	203	True	2026-06-09T16:50:00Z	2026-06-09T16:50:00Z	False
BTC	2026-06-09T16:55:00Z	2026-06-09T17:04:59.763Z	2026-06-09T00:00:00Z	96	108	-12	-6	204	True	2026-06-09T16:55:00Z	2026-06-09T16:55:00Z	False
ETH	2026-06-09T16:55:00Z	2026-06-09T17:04:59.763Z	2026-06-09T00:00:00Z	100	104	-4	376	204	True	2026-06-09T16:55:00Z	2026-06-09T16:55:00Z	False
SOL	2026-06-09T16:55:00Z	2026-06-09T17:04:59.763Z	2026-06-09T00:00:00Z	100	104	-4	1392	204	True	2026-06-09T16:55:00Z	2026-06-09T16:55:00Z	False
BTC	2026-06-09T17:00:00Z	2026-06-09T17:09:58.853Z	2026-06-09T00:00:00Z	97	108	-11	-17	205	True	2026-06-09T17:00:00Z	2026-06-09T17:00:00Z	False
ETH	2026-06-09T17:00:00Z	2026-06-09T17:09:58.853Z	2026-06-09T00:00:00Z	101	104	-3	373	205	True	2026-06-09T17:00:00Z	2026-06-09T17:00:00Z	False
SOL	2026-06-09T17:00:00Z	2026-06-09T17:09:58.853Z	2026-06-09T00:00:00Z	101	104	-3	1389	205	True	2026-06-09T17:00:00Z	2026-06-09T17:00:00Z	False
BTC	2026-06-09T17:05:00Z	2026-06-09T17:14:57.994Z	2026-06-09T00:00:00Z	97	109	-12	-29	206	True	2026-06-09T17:05:00Z	2026-06-09T17:05:00Z	False
ETH	2026-06-09T17:05:00Z	2026-06-09T17:14:57.994Z	2026-06-09T00:00:00Z	101	105	-4	369	206	True	2026-06-09T17:05:00Z	2026-06-09T17:05:00Z	False
SOL	2026-06-09T17:05:00Z	2026-06-09T17:14:57.994Z	2026-06-09T00:00:00Z	101	105	-4	1385	206	True	2026-06-09T17:05:00Z	2026-06-09T17:05:00Z	False
BTC	2026-06-09T17:10:00Z	2026-06-09T17:19:50.301Z	2026-06-09T00:00:00Z	98	109	-11	-40	207	True	2026-06-09T17:10:00Z	2026-06-09T17:10:00Z	False
ETH	2026-06-09T17:10:00Z	2026-06-09T17:19:50.301Z	2026-06-09T00:00:00Z	102	105	-3	366	207	True	2026-06-09T17:10:00Z	2026-06-09T17:10:00Z	False
SOL	2026-06-09T17:10:00Z	2026-06-09T17:19:50.301Z	2026-06-09T00:00:00Z	102	105	-3	1382	207	True	2026-06-09T17:10:00Z	2026-06-09T17:10:00Z	False
BTC	2026-06-09T17:15:00Z	2026-06-09T17:24:56.152Z	2026-06-09T00:00:00Z	99	109	-10	-50	208	True	2026-06-09T17:15:00Z	2026-06-09T17:15:00Z	False
ETH	2026-06-09T17:15:00Z	2026-06-09T17:24:56.152Z	2026-06-09T00:00:00Z	103	105	-2	364	208	True	2026-06-09T17:15:00Z	2026-06-09T17:15:00Z	False
SOL	2026-06-09T17:15:00Z	2026-06-09T17:24:56.152Z	2026-06-09T00:00:00Z	103	105	-2	1380	208	True	2026-06-09T17:15:00Z	2026-06-09T17:15:00Z	False
BTC	2026-06-09T17:20:00Z	2026-06-09T17:29:58.041Z	2026-06-09T00:00:00Z	99	110	-11	-61	209	True	2026-06-09T17:20:00Z	2026-06-09T17:20:00Z	False
ETH	2026-06-09T17:20:00Z	2026-06-09T17:29:58.041Z	2026-06-09T00:00:00Z	103	106	-3	361	209	True	2026-06-09T17:20:00Z	2026-06-09T17:20:00Z	False
SOL	2026-06-09T17:20:00Z	2026-06-09T17:29:58.041Z	2026-06-09T00:00:00Z	103	106	-3	1377	209	True	2026-06-09T17:20:00Z	2026-06-09T17:20:00Z	False
BTC	2026-06-09T17:25:00Z	2026-06-09T17:34:31.080Z	2026-06-09T00:00:00Z	99	111	-12	-73	210	True	2026-06-09T17:25:00Z	2026-06-09T17:25:00Z	False
ETH	2026-06-09T17:25:00Z	2026-06-09T17:34:31.080Z	2026-06-09T00:00:00Z	103	107	-4	357	210	True	2026-06-09T17:25:00Z	2026-06-09T17:25:00Z	False
SOL	2026-06-09T17:25:00Z	2026-06-09T17:34:31.080Z	2026-06-09T00:00:00Z	103	107	-4	1373	210	True	2026-06-09T17:25:00Z	2026-06-09T17:25:00Z	False
BTC	2026-06-09T17:30:00Z	2026-06-09T17:39:58.993Z	2026-06-09T00:00:00Z	100	111	-11	-84	211	True	2026-06-09T17:30:00Z	2026-06-09T17:30:00Z	False
ETH	2026-06-09T17:30:00Z	2026-06-09T17:39:58.993Z	2026-06-09T00:00:00Z	104	107	-3	354	211	True	2026-06-09T17:30:00Z	2026-06-09T17:30:00Z	False
SOL	2026-06-09T17:30:00Z	2026-06-09T17:39:58.993Z	2026-06-09T00:00:00Z	104	107	-3	1370	211	True	2026-06-09T17:30:00Z	2026-06-09T17:30:00Z	False
BTC	2026-06-09T17:35:00Z	2026-06-09T17:44:58.038Z	2026-06-09T00:00:00Z	100	112	-12	-96	212	True	2026-06-09T17:35:00Z	2026-06-09T17:35:00Z	False
ETH	2026-06-09T17:35:00Z	2026-06-09T17:44:58.038Z	2026-06-09T00:00:00Z	105	107	-2	352	212	True	2026-06-09T17:35:00Z	2026-06-09T17:35:00Z	False
SOL	2026-06-09T17:35:00Z	2026-06-09T17:44:58.038Z	2026-06-09T00:00:00Z	104	108	-4	1366	212	True	2026-06-09T17:35:00Z	2026-06-09T17:35:00Z	False
BTC	2026-06-09T17:40:00Z	2026-06-09T17:49:57.913Z	2026-06-09T00:00:00Z	100	113	-13	-109	213	True	2026-06-09T17:40:00Z	2026-06-09T17:40:00Z	False
ETH	2026-06-09T17:40:00Z	2026-06-09T17:49:57.913Z	2026-06-09T00:00:00Z	105	108	-3	349	213	True	2026-06-09T17:40:00Z	2026-06-09T17:40:00Z	False
SOL	2026-06-09T17:40:00Z	2026-06-09T17:49:57.913Z	2026-06-09T00:00:00Z	104	109	-5	1361	213	True	2026-06-09T17:40:00Z	2026-06-09T17:40:00Z	False
BTC	2026-06-09T17:45:00Z	2026-06-09T17:54:59.824Z	2026-06-09T00:00:00Z	100	114	-14	-123	214	True	2026-06-09T17:45:00Z	2026-06-09T17:45:00Z	False
ETH	2026-06-09T17:45:00Z	2026-06-09T17:54:59.824Z	2026-06-09T00:00:00Z	105	109	-4	345	214	True	2026-06-09T17:45:00Z	2026-06-09T17:45:00Z	False
SOL	2026-06-09T17:45:00Z	2026-06-09T17:54:59.824Z	2026-06-09T00:00:00Z	104	110	-6	1355	214	True	2026-06-09T17:45:00Z	2026-06-09T17:45:00Z	False
BTC	2026-06-09T17:50:00Z	2026-06-09T17:59:52.860Z	2026-06-09T00:00:00Z	101	114	-13	-136	215	True	2026-06-09T17:50:00Z	2026-06-09T17:50:00Z	False
ETH	2026-06-09T17:50:00Z	2026-06-09T17:59:52.860Z	2026-06-09T00:00:00Z	106	109	-3	342	215	True	2026-06-09T17:50:00Z	2026-06-09T17:50:00Z	False
SOL	2026-06-09T17:50:00Z	2026-06-09T17:59:52.860Z	2026-06-09T00:00:00Z	105	110	-5	1350	215	True	2026-06-09T17:50:00Z	2026-06-09T17:50:00Z	False
BTC	2026-06-09T17:55:00Z	2026-06-09T18:04:59.830Z	2026-06-09T00:00:00Z	101	115	-14	-150	216	True	2026-06-09T17:55:00Z	2026-06-09T17:55:00Z	False
ETH	2026-06-09T17:55:00Z	2026-06-09T18:04:59.830Z	2026-06-09T00:00:00Z	106	110	-4	338	216	True	2026-06-09T17:55:00Z	2026-06-09T17:55:00Z	False
SOL	2026-06-09T17:55:00Z	2026-06-09T18:04:59.830Z	2026-06-09T00:00:00Z	105	111	-6	1344	216	True	2026-06-09T17:55:00Z	2026-06-09T17:55:00Z	False
BTC	2026-06-09T18:00:00Z	2026-06-09T18:09:53.598Z	2026-06-09T00:00:00Z	102	115	-13	-163	217	True	2026-06-09T18:00:00Z	2026-06-09T18:00:00Z	False
ETH	2026-06-09T18:00:00Z	2026-06-09T18:09:53.598Z	2026-06-09T00:00:00Z	107	110	-3	335	217	True	2026-06-09T18:00:00Z	2026-06-09T18:00:00Z	False
SOL	2026-06-09T18:00:00Z	2026-06-09T18:09:53.598Z	2026-06-09T00:00:00Z	105	112	-7	1337	217	True	2026-06-09T18:00:00Z	2026-06-09T18:00:00Z	False
BTC	2026-06-09T18:05:00Z	2026-06-09T18:14:59.442Z	2026-06-09T00:00:00Z	103	115	-12	-175	218	True	2026-06-09T18:05:00Z	2026-06-09T18:05:00Z	False
ETH	2026-06-09T18:05:00Z	2026-06-09T18:14:59.442Z	2026-06-09T00:00:00Z	108	110	-2	333	218	True	2026-06-09T18:05:00Z	2026-06-09T18:05:00Z	False
SOL	2026-06-09T18:05:00Z	2026-06-09T18:14:59.442Z	2026-06-09T00:00:00Z	106	112	-6	1331	218	True	2026-06-09T18:05:00Z	2026-06-09T18:05:00Z	False
BTC	2026-06-09T18:10:00Z	2026-06-09T18:19:59.274Z	2026-06-09T00:00:00Z	103	116	-13	-188	219	True	2026-06-09T18:10:00Z	2026-06-09T18:10:00Z	False
ETH	2026-06-09T18:10:00Z	2026-06-09T18:19:59.274Z	2026-06-09T00:00:00Z	108	111	-3	330	219	True	2026-06-09T18:10:00Z	2026-06-09T18:10:00Z	False
SOL	2026-06-09T18:10:00Z	2026-06-09T18:19:59.274Z	2026-06-09T00:00:00Z	106	113	-7	1324	219	True	2026-06-09T18:10:00Z	2026-06-09T18:10:00Z	False
BTC	2026-06-09T18:15:00Z	2026-06-09T18:24:58.164Z	2026-06-09T00:00:00Z	104	116	-12	-200	220	True	2026-06-09T18:15:00Z	2026-06-09T18:15:00Z	False
ETH	2026-06-09T18:15:00Z	2026-06-09T18:24:58.164Z	2026-06-09T00:00:00Z	109	111	-2	328	220	True	2026-06-09T18:15:00Z	2026-06-09T18:15:00Z	False
SOL	2026-06-09T18:15:00Z	2026-06-09T18:24:58.164Z	2026-06-09T00:00:00Z	107	113	-6	1318	220	True	2026-06-09T18:15:00Z	2026-06-09T18:15:00Z	False
BTC	2026-06-09T18:20:00Z	2026-06-09T18:29:57.221Z	2026-06-09T00:00:00Z	104	117	-13	-213	221	True	2026-06-09T18:20:00Z	2026-06-09T18:20:00Z	False
ETH	2026-06-09T18:20:00Z	2026-06-09T18:29:57.221Z	2026-06-09T00:00:00Z	109	112	-3	325	221	True	2026-06-09T18:20:00Z	2026-06-09T18:20:00Z	False
SOL	2026-06-09T18:20:00Z	2026-06-09T18:29:57.221Z	2026-06-09T00:00:00Z	107	114	-7	1311	221	True	2026-06-09T18:20:00Z	2026-06-09T18:20:00Z	False
BTC	2026-06-09T18:25:00Z	2026-06-09T18:34:56.815Z	2026-06-09T00:00:00Z	104	118	-14	-227	222	True	2026-06-09T18:25:00Z	2026-06-09T18:25:00Z	False
ETH	2026-06-09T18:25:00Z	2026-06-09T18:34:56.815Z	2026-06-09T00:00:00Z	109	113	-4	321	222	True	2026-06-09T18:25:00Z	2026-06-09T18:25:00Z	False
SOL	2026-06-09T18:25:00Z	2026-06-09T18:34:56.815Z	2026-06-09T00:00:00Z	107	115	-8	1303	222	True	2026-06-09T18:25:00Z	2026-06-09T18:25:00Z	False
BTC	2026-06-09T18:30:00Z	2026-06-09T18:39:59.530Z	2026-06-09T00:00:00Z	105	118	-13	-240	223	True	2026-06-09T18:30:00Z	2026-06-09T18:30:00Z	False
ETH	2026-06-09T18:30:00Z	2026-06-09T18:39:59.530Z	2026-06-09T00:00:00Z	110	113	-3	318	223	True	2026-06-09T18:30:00Z	2026-06-09T18:30:00Z	False
SOL	2026-06-09T18:30:00Z	2026-06-09T18:39:59.530Z	2026-06-09T00:00:00Z	108	115	-7	1296	223	True	2026-06-09T18:30:00Z	2026-06-09T18:30:00Z	False
BTC	2026-06-09T18:35:00Z	2026-06-09T18:44:57.037Z	2026-06-09T00:00:00Z	106	118	-12	-252	224	True	2026-06-09T18:35:00Z	2026-06-09T18:35:00Z	False
ETH	2026-06-09T18:35:00Z	2026-06-09T18:44:57.037Z	2026-06-09T00:00:00Z	111	113	-2	316	224	True	2026-06-09T18:35:00Z	2026-06-09T18:35:00Z	False
SOL	2026-06-09T18:35:00Z	2026-06-09T18:44:57.037Z	2026-06-09T00:00:00Z	109	115	-6	1290	224	True	2026-06-09T18:35:00Z	2026-06-09T18:35:00Z	False
BTC	2026-06-09T18:40:00Z	2026-06-09T18:49:58.967Z	2026-06-09T00:00:00Z	106	119	-13	-265	225	True	2026-06-09T18:40:00Z	2026-06-09T18:40:00Z	False
ETH	2026-06-09T18:40:00Z	2026-06-09T18:49:58.967Z	2026-06-09T00:00:00Z	111	114	-3	313	225	True	2026-06-09T18:40:00Z	2026-06-09T18:40:00Z	False
SOL	2026-06-09T18:40:00Z	2026-06-09T18:49:58.967Z	2026-06-09T00:00:00Z	109	116	-7	1283	225	True	2026-06-09T18:40:00Z	2026-06-09T18:40:00Z	False
BTC	2026-06-09T18:45:00Z	2026-06-09T18:54:58.139Z	2026-06-09T00:00:00Z	107	119	-12	-277	226	True	2026-06-09T18:45:00Z	2026-06-09T18:45:00Z	False
ETH	2026-06-09T18:45:00Z	2026-06-09T18:54:58.139Z	2026-06-09T00:00:00Z	112	114	-2	311	226	True	2026-06-09T18:45:00Z	2026-06-09T18:45:00Z	False
SOL	2026-06-09T18:45:00Z	2026-06-09T18:54:58.139Z	2026-06-09T00:00:00Z	110	116	-6	1277	226	True	2026-06-09T18:45:00Z	2026-06-09T18:45:00Z	False
BTC	2026-06-09T18:50:00Z	2026-06-09T18:59:58.711Z	2026-06-09T00:00:00Z	108	119	-11	-288	227	True	2026-06-09T18:50:00Z	2026-06-09T18:50:00Z	False
ETH	2026-06-09T18:50:00Z	2026-06-09T18:59:58.711Z	2026-06-09T00:00:00Z	113	114	-1	310	227	True	2026-06-09T18:50:00Z	2026-06-09T18:50:00Z	False
SOL	2026-06-09T18:50:00Z	2026-06-09T18:59:58.711Z	2026-06-09T00:00:00Z	110	117	-7	1270	227	True	2026-06-09T18:50:00Z	2026-06-09T18:50:00Z	False
BTC	2026-06-09T18:55:00Z	2026-06-09T19:04:57.915Z	2026-06-09T00:00:00Z	109	119	-10	-298	228	True	2026-06-09T18:55:00Z	2026-06-09T18:55:00Z	False
ETH	2026-06-09T18:55:00Z	2026-06-09T19:04:57.915Z	2026-06-09T00:00:00Z	114	114	0	310	228	True	2026-06-09T18:55:00Z	2026-06-09T18:55:00Z	False
SOL	2026-06-09T18:55:00Z	2026-06-09T19:04:57.915Z	2026-06-09T00:00:00Z	111	117	-6	1264	228	True	2026-06-09T18:55:00Z	2026-06-09T18:55:00Z	False
BTC	2026-06-09T19:00:00Z	2026-06-09T19:09:54.786Z	2026-06-09T00:00:00Z	110	119	-9	-307	229	True	2026-06-09T19:00:00Z	2026-06-09T19:00:00Z	False
ETH	2026-06-09T19:00:00Z	2026-06-09T19:09:54.786Z	2026-06-09T00:00:00Z	115	114	1	311	229	True	2026-06-09T19:00:00Z	2026-06-09T19:00:00Z	False
SOL	2026-06-09T19:00:00Z	2026-06-09T19:09:54.786Z	2026-06-09T00:00:00Z	112	117	-5	1259	229	True	2026-06-09T19:00:00Z	2026-06-09T19:00:00Z	False
BTC	2026-06-09T19:05:00Z	2026-06-09T19:14:59.499Z	2026-06-09T00:00:00Z	110	120	-10	-317	230	True	2026-06-09T19:05:00Z	2026-06-09T19:05:00Z	False
ETH	2026-06-09T19:05:00Z	2026-06-09T19:14:59.499Z	2026-06-09T00:00:00Z	115	115	0	311	230	True	2026-06-09T19:05:00Z	2026-06-09T19:05:00Z	False
SOL	2026-06-09T19:05:00Z	2026-06-09T19:14:59.499Z	2026-06-09T00:00:00Z	112	118	-6	1253	230	True	2026-06-09T19:05:00Z	2026-06-09T19:05:00Z	False
BTC	2026-06-09T19:10:00Z	2026-06-09T19:19:59.493Z	2026-06-09T00:00:00Z	110	121	-11	-328	231	True	2026-06-09T19:10:00Z	2026-06-09T19:10:00Z	False
ETH	2026-06-09T19:10:00Z	2026-06-09T19:19:59.493Z	2026-06-09T00:00:00Z	115	116	-1	310	231	True	2026-06-09T19:10:00Z	2026-06-09T19:10:00Z	False
SOL	2026-06-09T19:10:00Z	2026-06-09T19:19:59.493Z	2026-06-09T00:00:00Z	112	119	-7	1246	231	True	2026-06-09T19:10:00Z	2026-06-09T19:10:00Z	False
BTC	2026-06-09T19:15:00Z	2026-06-09T19:24:59.243Z	2026-06-09T00:00:00Z	110	122	-12	-340	232	True	2026-06-09T19:15:00Z	2026-06-09T19:15:00Z	False
ETH	2026-06-09T19:15:00Z	2026-06-09T19:24:59.243Z	2026-06-09T00:00:00Z	115	117	-2	308	232	True	2026-06-09T19:15:00Z	2026-06-09T19:15:00Z	False
SOL	2026-06-09T19:15:00Z	2026-06-09T19:24:59.243Z	2026-06-09T00:00:00Z	112	120	-8	1238	232	True	2026-06-09T19:15:00Z	2026-06-09T19:15:00Z	False
BTC	2026-06-09T19:20:00Z	2026-06-09T19:29:59.615Z	2026-06-09T00:00:00Z	111	122	-11	-351	233	True	2026-06-09T19:20:00Z	2026-06-09T19:20:00Z	False
ETH	2026-06-09T19:20:00Z	2026-06-09T19:29:59.615Z	2026-06-09T00:00:00Z	116	117	-1	307	233	True	2026-06-09T19:20:00Z	2026-06-09T19:20:00Z	False
SOL	2026-06-09T19:20:00Z	2026-06-09T19:29:59.615Z	2026-06-09T00:00:00Z	113	120	-7	1231	233	True	2026-06-09T19:20:00Z	2026-06-09T19:20:00Z	False
BTC	2026-06-09T19:25:00Z	2026-06-09T19:34:58.832Z	2026-06-09T00:00:00Z	111	123	-12	-363	234	True	2026-06-09T19:25:00Z	2026-06-09T19:25:00Z	False
ETH	2026-06-09T19:25:00Z	2026-06-09T19:34:58.832Z	2026-06-09T00:00:00Z	116	118	-2	305	234	True	2026-06-09T19:25:00Z	2026-06-09T19:25:00Z	False
SOL	2026-06-09T19:25:00Z	2026-06-09T19:34:58.832Z	2026-06-09T00:00:00Z	114	120	-6	1225	234	True	2026-06-09T19:25:00Z	2026-06-09T19:25:00Z	False
BTC	2026-06-09T19:30:00Z	2026-06-09T19:39:59.604Z	2026-06-09T00:00:00Z	112	123	-11	-374	235	True	2026-06-09T19:30:00Z	2026-06-09T19:30:00Z	False
ETH	2026-06-09T19:30:00Z	2026-06-09T19:39:59.604Z	2026-06-09T00:00:00Z	117	118	-1	304	235	True	2026-06-09T19:30:00Z	2026-06-09T19:30:00Z	False
SOL	2026-06-09T19:30:00Z	2026-06-09T19:39:59.604Z	2026-06-09T00:00:00Z	115	120	-5	1220	235	True	2026-06-09T19:30:00Z	2026-06-09T19:30:00Z	False
BTC	2026-06-09T19:35:00Z	2026-06-09T19:44:59.525Z	2026-06-09T00:00:00Z	112	124	-12	-386	236	True	2026-06-09T19:35:00Z	2026-06-09T19:35:00Z	False
ETH	2026-06-09T19:35:00Z	2026-06-09T19:44:59.525Z	2026-06-09T00:00:00Z	117	119	-2	302	236	True	2026-06-09T19:35:00Z	2026-06-09T19:35:00Z	False
SOL	2026-06-09T19:35:00Z	2026-06-09T19:44:59.525Z	2026-06-09T00:00:00Z	115	121	-6	1214	236	True	2026-06-09T19:35:00Z	2026-06-09T19:35:00Z	False
BTC	2026-06-09T19:40:00Z	2026-06-09T19:45:52.303Z	2026-06-09T00:00:00Z	113	124	-11	-397	237	True	2026-06-09T19:40:00Z	2026-06-09T19:40:00Z	False
ETH	2026-06-09T19:40:00Z	2026-06-09T19:45:52.303Z	2026-06-09T00:00:00Z	118	119	-1	301	237	True	2026-06-09T19:40:00Z	2026-06-09T19:40:00Z	False
SOL	2026-06-09T19:40:00Z	2026-06-09T19:45:52.303Z	2026-06-09T00:00:00Z	115	122	-7	1207	237	True	2026-06-09T19:40:00Z	2026-06-09T19:40:00Z	False
