"seq","market","asset","outcome","book_side","level","price","size","notional_usd","cumulative_size","cumulative_notional_usd","captured_at","due_local","slug","token"
"1","15:30-15:35","BTC","Down","Ask","1","0.53","394.49","209.0797","394.49","209.0797","2026-07-04T15:29:30.0122092+03:00","2026-07-04 15:29:30","btc-updown-5m-1783168200","42537886701742374256258287730738570471596470425410712741392971452798895104177"
"1","15:30-15:35","BTC","Down","Ask","2","0.54","620.47","335.0538","1014.96","544.1335","2026-07-04T15:29:30.0122092+03:00","2026-07-04 15:29:30","btc-updown-5m-1783168200","42537886701742374256258287730738570471596470425410712741392971452798895104177"
"1","15:30-15:35","BTC","Down","Ask","3","0.55","1130.65","621.8575","2145.61","1165.991","2026-07-04T15:29:30.0122092+03:00","2026-07-04 15:29:30","btc-updown-5m-1783168200","42537886701742374256258287730738570471596470425410712741392971452798895104177"
"1","15:30-15:35","BTC","Down","Ask","4","0.56","910.45","509.852","3056.06","1675.843","2026-07-04T15:29:30.0122092+03:00","2026-07-04 15:29:30","btc-updown-5m-1783168200","42537886701742374256258287730738570471596470425410712741392971452798895104177"
"1","15:30-15:35","BTC","Down","Ask","5","0.57","496","282.72","3552.06","1958.563","2026-07-04T15:29:30.0122092+03:00","2026-07-04 15:29:30","btc-updown-5m-1783168200","42537886701742374256258287730738570471596470425410712741392971452798895104177"
"1","15:30-15:35","BTC","Down","Ask","6","0.58","494.7","286.926","4046.76","2245.489","2026-07-04T15:29:30.0122092+03:00","2026-07-04 15:29:30","btc-updown-5m-1783168200","42537886701742374256258287730738570471596470425410712741392971452798895104177"
"1","15:30-15:35","BTC","Down","Ask","7","0.59","440.76","260.0484","4487.52","2505.5374","2026-07-04T15:29:30.0122092+03:00","2026-07-04 15:29:30","btc-updown-5m-1783168200","42537886701742374256258287730738570471596470425410712741392971452798895104177"
"1","15:30-15:35","BTC","Down","Ask","8","0.6","510.18","306.108","4997.7","2811.6454","2026-07-04T15:29:30.0122092+03:00","2026-07-04 15:29:30","btc-updown-5m-1783168200","42537886701742374256258287730738570471596470425410712741392971452798895104177"
"1","15:30-15:35","BTC","Down","Ask","9","0.61","467.99","285.4739","5465.69","3097.1193","2026-07-04T15:29:30.0122092+03:00","2026-07-04 15:29:30","btc-updown-5m-1783168200","42537886701742374256258287730738570471596470425410712741392971452798895104177"
"1","15:30-15:35","BTC","Down","Ask","10","0.62","355.84","220.6208","5821.53","3317.7401","2026-07-04T15:29:30.0122092+03:00","2026-07-04 15:29:30","btc-updown-5m-1783168200","42537886701742374256258287730738570471596470425410712741392971452798895104177"
"1","15:30-15:35","BTC","Down","Ask","11","0.63","760.24","478.9512","6581.77","3796.6913","2026-07-04T15:29:30.0122092+03:00","2026-07-04 15:29:30","btc-updown-5m-1783168200","42537886701742374256258287730738570471596470425410712741392971452798895104177"
"1","15:30-15:35","BTC","Down","Ask","12","0.64","842.59","539.2576","7424.36","4335.9489","2026-07-04T15:29:30.0122092+03:00","2026-07-04 15:29:30","btc-updown-5m-1783168200","42537886701742374256258287730738570471596470425410712741392971452798895104177"
"1","15:30-15:35","BTC","Down","Ask","13","0.65","1208.19","785.3235","8632.55","5121.2724","2026-07-04T15:29:30.0122092+03:00","2026-07-04 15:29:30","btc-updown-5m-1783168200","42537886701742374256258287730738570471596470425410712741392971452798895104177"
"1","15:30-15:35","BTC","Down","Ask","14","0.66","605.31","399.5046","9237.86","5520.777","2026-07-04T15:29:30.0122092+03:00","2026-07-04 15:29:30","btc-updown-5m-1783168200","42537886701742374256258287730738570471596470425410712741392971452798895104177"
"1","15:30-15:35","BTC","Down","Ask","15","0.67","810.58","543.0886","10048.44","6063.8656","2026-07-04T15:29:30.0122092+03:00","2026-07-04 15:29:30","btc-updown-5m-1783168200","42537886701742374256258287730738570471596470425410712741392971452798895104177"
"1","15:30-15:35","BTC","Down","Ask","16","0.68","691.14","469.9752","10739.58","6533.8408","2026-07-04T15:29:30.0122092+03:00","2026-07-04 15:29:30","btc-updown-5m-1783168200","42537886701742374256258287730738570471596470425410712741392971452798895104177"
"1","15:30-15:35","BTC","Down","Ask","17","0.69","859.04","592.7376","11598.62","7126.5784","2026-07-04T15:29:30.0122092+03:00","2026-07-04 15:29:30","btc-updown-5m-1783168200","42537886701742374256258287730738570471596470425410712741392971452798895104177"
"1","15:30-15:35","BTC","Down","Ask","18","0.7","1017.32","712.124","12615.94","7838.7024","2026-07-04T15:29:30.0122092+03:00","2026-07-04 15:29:30","btc-updown-5m-1783168200","42537886701742374256258287730738570471596470425410712741392971452798895104177"
"1","15:30-15:35","BTC","Down","Ask","19","0.71","676.35","480.2085","13292.29","8318.9109","2026-07-04T15:29:30.0122092+03:00","2026-07-04 15:29:30","btc-updown-5m-1783168200","42537886701742374256258287730738570471596470425410712741392971452798895104177"
"1","15:30-15:35","BTC","Down","Ask","20","0.72","632.71","455.5512","13925","8774.4621","2026-07-04T15:29:30.0122092+03:00","2026-07-04 15:29:30","btc-updown-5m-1783168200","42537886701742374256258287730738570471596470425410712741392971452798895104177"
"1","15:30-15:35","BTC","Down","Ask","21","0.73","390","284.7","14315","9059.1621","2026-07-04T15:29:30.0122092+03:00","2026-07-04 15:29:30","btc-updown-5m-1783168200","42537886701742374256258287730738570471596470425410712741392971452798895104177"
"1","15:30-15:35","BTC","Down","Ask","22","0.74","270","199.8","14585","9258.9621","2026-07-04T15:29:30.0122092+03:00","2026-07-04 15:29:30","btc-updown-5m-1783168200","42537886701742374256258287730738570471596470425410712741392971452798895104177"
"1","15:30-15:35","BTC","Down","Ask","23","0.75","385","288.75","14970","9547.7121","2026-07-04T15:29:30.0122092+03:00","2026-07-04 15:29:30","btc-updown-5m-1783168200","42537886701742374256258287730738570471596470425410712741392971452798895104177"
"1","15:30-15:35","BTC","Down","Ask","24","0.76","775","589","15745","10136.7121","2026-07-04T15:29:30.0122092+03:00","2026-07-04 15:29:30","btc-updown-5m-1783168200","42537886701742374256258287730738570471596470425410712741392971452798895104177"
"1","15:30-15:35","BTC","Down","Ask","25","0.77","100","77","15845","10213.7121","2026-07-04T15:29:30.0122092+03:00","2026-07-04 15:29:30","btc-updown-5m-1783168200","42537886701742374256258287730738570471596470425410712741392971452798895104177"
"1","15:30-15:35","BTC","Down","Ask","26","0.78","705","549.9","16550","10763.6121","2026-07-04T15:29:30.0122092+03:00","2026-07-04 15:29:30","btc-updown-5m-1783168200","42537886701742374256258287730738570471596470425410712741392971452798895104177"
"1","15:30-15:35","BTC","Down","Ask","27","0.79","837","661.23","17387","11424.8421","2026-07-04T15:29:30.0122092+03:00","2026-07-04 15:29:30","btc-updown-5m-1783168200","42537886701742374256258287730738570471596470425410712741392971452798895104177"
"1","15:30-15:35","BTC","Down","Ask","28","0.8","797","637.6","18184","12062.4421","2026-07-04T15:29:30.0122092+03:00","2026-07-04 15:29:30","btc-updown-5m-1783168200","42537886701742374256258287730738570471596470425410712741392971452798895104177"
"1","15:30-15:35","BTC","Down","Ask","29","0.81","31","25.11","18215","12087.5521","2026-07-04T15:29:30.0122092+03:00","2026-07-04 15:29:30","btc-updown-5m-1783168200","42537886701742374256258287730738570471596470425410712741392971452798895104177"
"1","15:30-15:35","BTC","Down","Ask","30","0.82","36","29.52","18251","12117.0721","2026-07-04T15:29:30.0122092+03:00","2026-07-04 15:29:30","btc-updown-5m-1783168200","42537886701742374256258287730738570471596470425410712741392971452798895104177"
"1","15:30-15:35","BTC","Down","Ask","31","0.83","18","14.94","18269","12132.0121","2026-07-04T15:29:30.0122092+03:00","2026-07-04 15:29:30","btc-updown-5m-1783168200","42537886701742374256258287730738570471596470425410712741392971452798895104177"
"1","15:30-15:35","BTC","Down","Ask","32","0.84","47","39.48","18316","12171.4921","2026-07-04T15:29:30.0122092+03:00","2026-07-04 15:29:30","btc-updown-5m-1783168200","42537886701742374256258287730738570471596470425410712741392971452798895104177"
"1","15:30-15:35","BTC","Down","Ask","33","0.85","2180.33","1853.2805","20496.33","14024.7726","2026-07-04T15:29:30.0122092+03:00","2026-07-04 15:29:30","btc-updown-5m-1783168200","42537886701742374256258287730738570471596470425410712741392971452798895104177"
"1","15:30-15:35","BTC","Down","Ask","34","0.86","28","24.08","20524.33","14048.8526","2026-07-04T15:29:30.0122092+03:00","2026-07-04 15:29:30","btc-updown-5m-1783168200","42537886701742374256258287730738570471596470425410712741392971452798895104177"
"1","15:30-15:35","BTC","Down","Ask","35","0.87","67","58.29","20591.33","14107.1426","2026-07-04T15:29:30.0122092+03:00","2026-07-04 15:29:30","btc-updown-5m-1783168200","42537886701742374256258287730738570471596470425410712741392971452798895104177"
"1","15:30-15:35","BTC","Down","Ask","36","0.88","67","58.96","20658.33","14166.1026","2026-07-04T15:29:30.0122092+03:00","2026-07-04 15:29:30","btc-updown-5m-1783168200","42537886701742374256258287730738570471596470425410712741392971452798895104177"
"1","15:30-15:35","BTC","Down","Ask","37","0.89","260","231.4","20918.33","14397.5026","2026-07-04T15:29:30.0122092+03:00","2026-07-04 15:29:30","btc-updown-5m-1783168200","42537886701742374256258287730738570471596470425410712741392971452798895104177"
"1","15:30-15:35","BTC","Down","Ask","38","0.9","3883","3494.7","24801.33","17892.2026","2026-07-04T15:29:30.0122092+03:00","2026-07-04 15:29:30","btc-updown-5m-1783168200","42537886701742374256258287730738570471596470425410712741392971452798895104177"
"1","15:30-15:35","BTC","Down","Ask","39","0.91","661.56","602.0196","25462.89","18494.2222","2026-07-04T15:29:30.0122092+03:00","2026-07-04 15:29:30","btc-updown-5m-1783168200","42537886701742374256258287730738570471596470425410712741392971452798895104177"
"1","15:30-15:35","BTC","Down","Ask","40","0.92","752.5","692.3","26215.39","19186.5222","2026-07-04T15:29:30.0122092+03:00","2026-07-04 15:29:30","btc-updown-5m-1783168200","42537886701742374256258287730738570471596470425410712741392971452798895104177"
"1","15:30-15:35","BTC","Down","Ask","41","0.93","1022.86","951.2598","27238.25","20137.782","2026-07-04T15:29:30.0122092+03:00","2026-07-04 15:29:30","btc-updown-5m-1783168200","42537886701742374256258287730738570471596470425410712741392971452798895104177"
"1","15:30-15:35","BTC","Down","Ask","42","0.94","1082.65","1017.691","28320.9","21155.473","2026-07-04T15:29:30.0122092+03:00","2026-07-04 15:29:30","btc-updown-5m-1783168200","42537886701742374256258287730738570471596470425410712741392971452798895104177"
"1","15:30-15:35","BTC","Down","Ask","43","0.95","1321","1254.95","29641.9","22410.423","2026-07-04T15:29:30.0122092+03:00","2026-07-04 15:29:30","btc-updown-5m-1783168200","42537886701742374256258287730738570471596470425410712741392971452798895104177"
"1","15:30-15:35","BTC","Down","Ask","44","0.96","1481.75","1422.48","31123.65","23832.903","2026-07-04T15:29:30.0122092+03:00","2026-07-04 15:29:30","btc-updown-5m-1783168200","42537886701742374256258287730738570471596470425410712741392971452798895104177"
"1","15:30-15:35","BTC","Down","Ask","45","0.97","12135.82","11771.7454","43259.47","35604.6484","2026-07-04T15:29:30.0122092+03:00","2026-07-04 15:29:30","btc-updown-5m-1783168200","42537886701742374256258287730738570471596470425410712741392971452798895104177"
"1","15:30-15:35","BTC","Down","Ask","46","0.98","3106.44","3044.3112","46365.91","38648.9596","2026-07-04T15:29:30.0122092+03:00","2026-07-04 15:29:30","btc-updown-5m-1783168200","42537886701742374256258287730738570471596470425410712741392971452798895104177"
"1","15:30-15:35","BTC","Down","Ask","47","0.99","14153.52","14011.9848","60519.43","52660.9444","2026-07-04T15:29:30.0122092+03:00","2026-07-04 15:29:30","btc-updown-5m-1783168200","42537886701742374256258287730738570471596470425410712741392971452798895104177"
"1","15:30-15:35","BTC","Down","Bid","1","0.51","53.14","27.1014","53.14","27.1014","2026-07-04T15:29:30.0122092+03:00","2026-07-04 15:29:30","btc-updown-5m-1783168200","42537886701742374256258287730738570471596470425410712741392971452798895104177"
"1","15:30-15:35","BTC","Down","Bid","2","0.5","181","90.5","234.14","117.6014","2026-07-04T15:29:30.0122092+03:00","2026-07-04 15:29:30","btc-updown-5m-1783168200","42537886701742374256258287730738570471596470425410712741392971452798895104177"
"1","15:30-15:35","BTC","Down","Bid","3","0.49","1648.99","808.0051","1883.13","925.6065","2026-07-04T15:29:30.0122092+03:00","2026-07-04 15:29:30","btc-updown-5m-1783168200","42537886701742374256258287730738570471596470425410712741392971452798895104177"
"1","15:30-15:35","BTC","Down","Bid","4","0.48","379.67","182.2416","2262.8","1107.8481","2026-07-04T15:29:30.0122092+03:00","2026-07-04 15:29:30","btc-updown-5m-1783168200","42537886701742374256258287730738570471596470425410712741392971452798895104177"
"1","15:30-15:35","BTC","Down","Bid","5","0.47","422.56","198.6032","2685.36","1306.4513","2026-07-04T15:29:30.0122092+03:00","2026-07-04 15:29:30","btc-updown-5m-1783168200","42537886701742374256258287730738570471596470425410712741392971452798895104177"
"1","15:30-15:35","BTC","Down","Bid","6","0.46","530.47","244.0162","3215.83","1550.4675","2026-07-04T15:29:30.0122092+03:00","2026-07-04 15:29:30","btc-updown-5m-1783168200","42537886701742374256258287730738570471596470425410712741392971452798895104177"
"1","15:30-15:35","BTC","Down","Bid","7","0.45","988.65","444.8925","4204.48","1995.36","2026-07-04T15:29:30.0122092+03:00","2026-07-04 15:29:30","btc-updown-5m-1783168200","42537886701742374256258287730738570471596470425410712741392971452798895104177"
"1","15:30-15:35","BTC","Down","Bid","8","0.44","610.45","268.598","4814.93","2263.958","2026-07-04T15:29:30.0122092+03:00","2026-07-04 15:29:30","btc-updown-5m-1783168200","42537886701742374256258287730738570471596470425410712741392971452798895104177"
"1","15:30-15:35","BTC","Down","Bid","9","0.43","355","152.65","5169.93","2416.608","2026-07-04T15:29:30.0122092+03:00","2026-07-04 15:29:30","btc-updown-5m-1783168200","42537886701742374256258287730738570471596470425410712741392971452798895104177"
"1","15:30-15:35","BTC","Down","Bid","10","0.42","403.7","169.554","5573.63","2586.162","2026-07-04T15:29:30.0122092+03:00","2026-07-04 15:29:30","btc-updown-5m-1783168200","42537886701742374256258287730738570471596470425410712741392971452798895104177"
"1","15:30-15:35","BTC","Down","Bid","11","0.41","2334.76","957.2516","7908.39","3543.4136","2026-07-04T15:29:30.0122092+03:00","2026-07-04 15:29:30","btc-updown-5m-1783168200","42537886701742374256258287730738570471596470425410712741392971452798895104177"
"1","15:30-15:35","BTC","Down","Bid","12","0.4","502.5","201","8410.89","3744.4136","2026-07-04T15:29:30.0122092+03:00","2026-07-04 15:29:30","btc-updown-5m-1783168200","42537886701742374256258287730738570471596470425410712741392971452798895104177"
"1","15:30-15:35","BTC","Down","Bid","13","0.39","467.99","182.5161","8878.88","3926.9297","2026-07-04T15:29:30.0122092+03:00","2026-07-04 15:29:30","btc-updown-5m-1783168200","42537886701742374256258287730738570471596470425410712741392971452798895104177"
"1","15:30-15:35","BTC","Down","Bid","14","0.38","345.84","131.4192","9224.72","4058.3489","2026-07-04T15:29:30.0122092+03:00","2026-07-04 15:29:30","btc-updown-5m-1783168200","42537886701742374256258287730738570471596470425410712741392971452798895104177"
"1","15:30-15:35","BTC","Down","Bid","15","0.37","750.24","277.5888","9974.96","4335.9377","2026-07-04T15:29:30.0122092+03:00","2026-07-04 15:29:30","btc-updown-5m-1783168200","42537886701742374256258287730738570471596470425410712741392971452798895104177"
"1","15:30-15:35","BTC","Down","Bid","16","0.36","826.59","297.5724","10801.55","4633.5101","2026-07-04T15:29:30.0122092+03:00","2026-07-04 15:29:30","btc-updown-5m-1783168200","42537886701742374256258287730738570471596470425410712741392971452798895104177"
"1","15:30-15:35","BTC","Down","Bid","17","0.35","1323.19","463.1165","12124.74","5096.6266","2026-07-04T15:29:30.0122092+03:00","2026-07-04 15:29:30","btc-updown-5m-1783168200","42537886701742374256258287730738570471596470425410712741392971452798895104177"
"1","15:30-15:35","BTC","Down","Bid","18","0.34","605.31","205.8054","12730.05","5302.432","2026-07-04T15:29:30.0122092+03:00","2026-07-04 15:29:30","btc-updown-5m-1783168200","42537886701742374256258287730738570471596470425410712741392971452798895104177"
"1","15:30-15:35","BTC","Down","Bid","19","0.33","810.58","267.4914","13540.63","5569.9234","2026-07-04T15:29:30.0122092+03:00","2026-07-04 15:29:30","btc-updown-5m-1783168200","42537886701742374256258287730738570471596470425410712741392971452798895104177"
"1","15:30-15:35","BTC","Down","Bid","20","0.32","691.14","221.1648","14231.77","5791.0882","2026-07-04T15:29:30.0122092+03:00","2026-07-04 15:29:30","btc-updown-5m-1783168200","42537886701742374256258287730738570471596470425410712741392971452798895104177"
"1","15:30-15:35","BTC","Down","Bid","21","0.31","829.04","257.0024","15060.81","6048.0906","2026-07-04T15:29:30.0122092+03:00","2026-07-04 15:29:30","btc-updown-5m-1783168200","42537886701742374256258287730738570471596470425410712741392971452798895104177"
"1","15:30-15:35","BTC","Down","Bid","22","0.3","1007.32","302.196","16068.13","6350.2866","2026-07-04T15:29:30.0122092+03:00","2026-07-04 15:29:30","btc-updown-5m-1783168200","42537886701742374256258287730738570471596470425410712741392971452798895104177"
"1","15:30-15:35","BTC","Down","Bid","23","0.29","620.35","179.9015","16688.48","6530.1881","2026-07-04T15:29:30.0122092+03:00","2026-07-04 15:29:30","btc-updown-5m-1783168200","42537886701742374256258287730738570471596470425410712741392971452798895104177"
"1","15:30-15:35","BTC","Down","Bid","24","0.28","632.71","177.1588","17321.19","6707.3469","2026-07-04T15:29:30.0122092+03:00","2026-07-04 15:29:30","btc-updown-5m-1783168200","42537886701742374256258287730738570471596470425410712741392971452798895104177"
"1","15:30-15:35","BTC","Down","Bid","25","0.27","390","105.3","17711.19","6812.6469","2026-07-04T15:29:30.0122092+03:00","2026-07-04 15:29:30","btc-updown-5m-1783168200","42537886701742374256258287730738570471596470425410712741392971452798895104177"
"1","15:30-15:35","BTC","Down","Bid","26","0.26","270","70.2","17981.19","6882.8469","2026-07-04T15:29:30.0122092+03:00","2026-07-04 15:29:30","btc-updown-5m-1783168200","42537886701742374256258287730738570471596470425410712741392971452798895104177"
"1","15:30-15:35","BTC","Down","Bid","27","0.25","385","96.25","18366.19","6979.0969","2026-07-04T15:29:30.0122092+03:00","2026-07-04 15:29:30","btc-updown-5m-1783168200","42537886701742374256258287730738570471596470425410712741392971452798895104177"
"1","15:30-15:35","BTC","Down","Bid","28","0.24","775","186","19141.19","7165.0969","2026-07-04T15:29:30.0122092+03:00","2026-07-04 15:29:30","btc-updown-5m-1783168200","42537886701742374256258287730738570471596470425410712741392971452798895104177"
"1","15:30-15:35","BTC","Down","Bid","29","0.23","100","23","19241.19","7188.0969","2026-07-04T15:29:30.0122092+03:00","2026-07-04 15:29:30","btc-updown-5m-1783168200","42537886701742374256258287730738570471596470425410712741392971452798895104177"
"1","15:30-15:35","BTC","Down","Bid","30","0.22","705","155.1","19946.19","7343.1969","2026-07-04T15:29:30.0122092+03:00","2026-07-04 15:29:30","btc-updown-5m-1783168200","42537886701742374256258287730738570471596470425410712741392971452798895104177"
"1","15:30-15:35","BTC","Down","Bid","31","0.21","857","179.97","20803.19","7523.1669","2026-07-04T15:29:30.0122092+03:00","2026-07-04 15:29:30","btc-updown-5m-1783168200","42537886701742374256258287730738570471596470425410712741392971452798895104177"
"1","15:30-15:35","BTC","Down","Bid","32","0.2","797","159.4","21600.19","7682.5669","2026-07-04T15:29:30.0122092+03:00","2026-07-04 15:29:30","btc-updown-5m-1783168200","42537886701742374256258287730738570471596470425410712741392971452798895104177"
"1","15:30-15:35","BTC","Down","Bid","33","0.19","31","5.89","21631.19","7688.4569","2026-07-04T15:29:30.0122092+03:00","2026-07-04 15:29:30","btc-updown-5m-1783168200","42537886701742374256258287730738570471596470425410712741392971452798895104177"
"1","15:30-15:35","BTC","Down","Bid","34","0.18","36","6.48","21667.19","7694.9369","2026-07-04T15:29:30.0122092+03:00","2026-07-04 15:29:30","btc-updown-5m-1783168200","42537886701742374256258287730738570471596470425410712741392971452798895104177"
"1","15:30-15:35","BTC","Down","Bid","35","0.17","18","3.06","21685.19","7697.9969","2026-07-04T15:29:30.0122092+03:00","2026-07-04 15:29:30","btc-updown-5m-1783168200","42537886701742374256258287730738570471596470425410712741392971452798895104177"
"1","15:30-15:35","BTC","Down","Bid","36","0.16","47","7.52","21732.19","7705.5169","2026-07-04T15:29:30.0122092+03:00","2026-07-04 15:29:30","btc-updown-5m-1783168200","42537886701742374256258287730738570471596470425410712741392971452798895104177"
"1","15:30-15:35","BTC","Down","Bid","37","0.15","2180.33","327.0495","23912.52","8032.5664","2026-07-04T15:29:30.0122092+03:00","2026-07-04 15:29:30","btc-updown-5m-1783168200","42537886701742374256258287730738570471596470425410712741392971452798895104177"
"1","15:30-15:35","BTC","Down","Bid","38","0.14","28","3.92","23940.52","8036.4864","2026-07-04T15:29:30.0122092+03:00","2026-07-04 15:29:30","btc-updown-5m-1783168200","42537886701742374256258287730738570471596470425410712741392971452798895104177"
"1","15:30-15:35","BTC","Down","Bid","39","0.13","67","8.71","24007.52","8045.1964","2026-07-04T15:29:30.0122092+03:00","2026-07-04 15:29:30","btc-updown-5m-1783168200","42537886701742374256258287730738570471596470425410712741392971452798895104177"
"1","15:30-15:35","BTC","Down","Bid","40","0.12","67","8.04","24074.52","8053.2364","2026-07-04T15:29:30.0122092+03:00","2026-07-04 15:29:30","btc-updown-5m-1783168200","42537886701742374256258287730738570471596470425410712741392971452798895104177"
"1","15:30-15:35","BTC","Down","Bid","41","0.11","260","28.6","24334.52","8081.8364","2026-07-04T15:29:30.0122092+03:00","2026-07-04 15:29:30","btc-updown-5m-1783168200","42537886701742374256258287730738570471596470425410712741392971452798895104177"
"1","15:30-15:35","BTC","Down","Bid","42","0.1","3883","388.3","28217.52","8470.1364","2026-07-04T15:29:30.0122092+03:00","2026-07-04 15:29:30","btc-updown-5m-1783168200","42537886701742374256258287730738570471596470425410712741392971452798895104177"
"1","15:30-15:35","BTC","Down","Bid","43","0.09","661.56","59.5404","28879.08","8529.6768","2026-07-04T15:29:30.0122092+03:00","2026-07-04 15:29:30","btc-updown-5m-1783168200","42537886701742374256258287730738570471596470425410712741392971452798895104177"
"1","15:30-15:35","BTC","Down","Bid","44","0.08","752.5","60.2","29631.58","8589.8768","2026-07-04T15:29:30.0122092+03:00","2026-07-04 15:29:30","btc-updown-5m-1783168200","42537886701742374256258287730738570471596470425410712741392971452798895104177"
"1","15:30-15:35","BTC","Down","Bid","45","0.07","1022.86","71.6002","30654.44","8661.477","2026-07-04T15:29:30.0122092+03:00","2026-07-04 15:29:30","btc-updown-5m-1783168200","42537886701742374256258287730738570471596470425410712741392971452798895104177"
"1","15:30-15:35","BTC","Down","Bid","46","0.06","1087.65","65.259","31742.09","8726.736","2026-07-04T15:29:30.0122092+03:00","2026-07-04 15:29:30","btc-updown-5m-1783168200","42537886701742374256258287730738570471596470425410712741392971452798895104177"
"1","15:30-15:35","BTC","Down","Bid","47","0.05","1321","66.05","33063.09","8792.786","2026-07-04T15:29:30.0122092+03:00","2026-07-04 15:29:30","btc-updown-5m-1783168200","42537886701742374256258287730738570471596470425410712741392971452798895104177"
"1","15:30-15:35","BTC","Down","Bid","48","0.04","1481.75","59.27","34544.84","8852.056","2026-07-04T15:29:30.0122092+03:00","2026-07-04 15:29:30","btc-updown-5m-1783168200","42537886701742374256258287730738570471596470425410712741392971452798895104177"
"1","15:30-15:35","BTC","Down","Bid","49","0.03","12140.82","364.2246","46685.66","9216.2806","2026-07-04T15:29:30.0122092+03:00","2026-07-04 15:29:30","btc-updown-5m-1783168200","42537886701742374256258287730738570471596470425410712741392971452798895104177"
"1","15:30-15:35","BTC","Down","Bid","50","0.02","3110.59","62.2118","49796.25","9278.4924","2026-07-04T15:29:30.0122092+03:00","2026-07-04 15:29:30","btc-updown-5m-1783168200","42537886701742374256258287730738570471596470425410712741392971452798895104177"
"1","15:30-15:35","BTC","Down","Bid","51","0.01","13925.95","139.2595","63722.2","9417.7519","2026-07-04T15:29:30.0122092+03:00","2026-07-04 15:29:30","btc-updown-5m-1783168200","42537886701742374256258287730738570471596470425410712741392971452798895104177"
"1","15:30-15:35","BTC","Up","Ask","1","0.49","53.14","26.0386","53.14","26.0386","2026-07-04T15:29:30.3497768+03:00","2026-07-04 15:29:30","btc-updown-5m-1783168200","47057188792555668458927093519141698230404312238331222660755657729781521896657"
"1","15:30-15:35","BTC","Up","Ask","2","0.5","181","90.5","234.14","116.5386","2026-07-04T15:29:30.3497768+03:00","2026-07-04 15:29:30","btc-updown-5m-1783168200","47057188792555668458927093519141698230404312238331222660755657729781521896657"
"1","15:30-15:35","BTC","Up","Ask","3","0.51","1648.99","840.9849","1883.13","957.5235","2026-07-04T15:29:30.3497768+03:00","2026-07-04 15:29:30","btc-updown-5m-1783168200","47057188792555668458927093519141698230404312238331222660755657729781521896657"
"1","15:30-15:35","BTC","Up","Ask","4","0.52","379.67","197.4284","2262.8","1154.9519","2026-07-04T15:29:30.3497768+03:00","2026-07-04 15:29:30","btc-updown-5m-1783168200","47057188792555668458927093519141698230404312238331222660755657729781521896657"
"1","15:30-15:35","BTC","Up","Ask","5","0.53","422.56","223.9568","2685.36","1378.9087","2026-07-04T15:29:30.3497768+03:00","2026-07-04 15:29:30","btc-updown-5m-1783168200","47057188792555668458927093519141698230404312238331222660755657729781521896657"
"1","15:30-15:35","BTC","Up","Ask","6","0.54","530.47","286.4538","3215.83","1665.3625","2026-07-04T15:29:30.3497768+03:00","2026-07-04 15:29:30","btc-updown-5m-1783168200","47057188792555668458927093519141698230404312238331222660755657729781521896657"
"1","15:30-15:35","BTC","Up","Ask","7","0.55","988.65","543.7575","4204.48","2209.12","2026-07-04T15:29:30.3497768+03:00","2026-07-04 15:29:30","btc-updown-5m-1783168200","47057188792555668458927093519141698230404312238331222660755657729781521896657"
"1","15:30-15:35","BTC","Up","Ask","8","0.56","610.45","341.852","4814.93","2550.972","2026-07-04T15:29:30.3497768+03:00","2026-07-04 15:29:30","btc-updown-5m-1783168200","47057188792555668458927093519141698230404312238331222660755657729781521896657"
"1","15:30-15:35","BTC","Up","Ask","9","0.57","355","202.35","5169.93","2753.322","2026-07-04T15:29:30.3497768+03:00","2026-07-04 15:29:30","btc-updown-5m-1783168200","47057188792555668458927093519141698230404312238331222660755657729781521896657"
"1","15:30-15:35","BTC","Up","Ask","10","0.58","403.7","234.146","5573.63","2987.468","2026-07-04T15:29:30.3497768+03:00","2026-07-04 15:29:30","btc-updown-5m-1783168200","47057188792555668458927093519141698230404312238331222660755657729781521896657"
"1","15:30-15:35","BTC","Up","Ask","11","0.59","2334.76","1377.5084","7908.39","4364.9764","2026-07-04T15:29:30.3497768+03:00","2026-07-04 15:29:30","btc-updown-5m-1783168200","47057188792555668458927093519141698230404312238331222660755657729781521896657"
"1","15:30-15:35","BTC","Up","Ask","12","0.6","502.5","301.5","8410.89","4666.4764","2026-07-04T15:29:30.3497768+03:00","2026-07-04 15:29:30","btc-updown-5m-1783168200","47057188792555668458927093519141698230404312238331222660755657729781521896657"
"1","15:30-15:35","BTC","Up","Ask","13","0.61","467.99","285.4739","8878.88","4951.9503","2026-07-04T15:29:30.3497768+03:00","2026-07-04 15:29:30","btc-updown-5m-1783168200","47057188792555668458927093519141698230404312238331222660755657729781521896657"
"1","15:30-15:35","BTC","Up","Ask","14","0.62","345.84","214.4208","9224.72","5166.3711","2026-07-04T15:29:30.3497768+03:00","2026-07-04 15:29:30","btc-updown-5m-1783168200","47057188792555668458927093519141698230404312238331222660755657729781521896657"
"1","15:30-15:35","BTC","Up","Ask","15","0.63","750.24","472.6512","9974.96","5639.0223","2026-07-04T15:29:30.3497768+03:00","2026-07-04 15:29:30","btc-updown-5m-1783168200","47057188792555668458927093519141698230404312238331222660755657729781521896657"
"1","15:30-15:35","BTC","Up","Ask","16","0.64","826.59","529.0176","10801.55","6168.0399","2026-07-04T15:29:30.3497768+03:00","2026-07-04 15:29:30","btc-updown-5m-1783168200","47057188792555668458927093519141698230404312238331222660755657729781521896657"
"1","15:30-15:35","BTC","Up","Ask","17","0.65","1323.19","860.0735","12124.74","7028.1134","2026-07-04T15:29:30.3497768+03:00","2026-07-04 15:29:30","btc-updown-5m-1783168200","47057188792555668458927093519141698230404312238331222660755657729781521896657"
"1","15:30-15:35","BTC","Up","Ask","18","0.66","605.31","399.5046","12730.05","7427.618","2026-07-04T15:29:30.3497768+03:00","2026-07-04 15:29:30","btc-updown-5m-1783168200","47057188792555668458927093519141698230404312238331222660755657729781521896657"
"1","15:30-15:35","BTC","Up","Ask","19","0.67","810.58","543.0886","13540.63","7970.7066","2026-07-04T15:29:30.3497768+03:00","2026-07-04 15:29:30","btc-updown-5m-1783168200","47057188792555668458927093519141698230404312238331222660755657729781521896657"
"1","15:30-15:35","BTC","Up","Ask","20","0.68","691.14","469.9752","14231.77","8440.6818","2026-07-04T15:29:30.3497768+03:00","2026-07-04 15:29:30","btc-updown-5m-1783168200","47057188792555668458927093519141698230404312238331222660755657729781521896657"
"1","15:30-15:35","BTC","Up","Ask","21","0.69","829.04","572.0376","15060.81","9012.7194","2026-07-04T15:29:30.3497768+03:00","2026-07-04 15:29:30","btc-updown-5m-1783168200","47057188792555668458927093519141698230404312238331222660755657729781521896657"
"1","15:30-15:35","BTC","Up","Ask","22","0.7","1007.32","705.124","16068.13","9717.8434","2026-07-04T15:29:30.3497768+03:00","2026-07-04 15:29:30","btc-updown-5m-1783168200","47057188792555668458927093519141698230404312238331222660755657729781521896657"
"1","15:30-15:35","BTC","Up","Ask","23","0.71","620.35","440.4485","16688.48","10158.2919","2026-07-04T15:29:30.3497768+03:00","2026-07-04 15:29:30","btc-updown-5m-1783168200","47057188792555668458927093519141698230404312238331222660755657729781521896657"
"1","15:30-15:35","BTC","Up","Ask","24","0.72","632.71","455.5512","17321.19","10613.8431","2026-07-04T15:29:30.3497768+03:00","2026-07-04 15:29:30","btc-updown-5m-1783168200","47057188792555668458927093519141698230404312238331222660755657729781521896657"
"1","15:30-15:35","BTC","Up","Ask","25","0.73","390","284.7","17711.19","10898.5431","2026-07-04T15:29:30.3497768+03:00","2026-07-04 15:29:30","btc-updown-5m-1783168200","47057188792555668458927093519141698230404312238331222660755657729781521896657"
"1","15:30-15:35","BTC","Up","Ask","26","0.74","270","199.8","17981.19","11098.3431","2026-07-04T15:29:30.3497768+03:00","2026-07-04 15:29:30","btc-updown-5m-1783168200","47057188792555668458927093519141698230404312238331222660755657729781521896657"
"1","15:30-15:35","BTC","Up","Ask","27","0.75","385","288.75","18366.19","11387.0931","2026-07-04T15:29:30.3497768+03:00","2026-07-04 15:29:30","btc-updown-5m-1783168200","47057188792555668458927093519141698230404312238331222660755657729781521896657"
"1","15:30-15:35","BTC","Up","Ask","28","0.76","775","589","19141.19","11976.0931","2026-07-04T15:29:30.3497768+03:00","2026-07-04 15:29:30","btc-updown-5m-1783168200","47057188792555668458927093519141698230404312238331222660755657729781521896657"
"1","15:30-15:35","BTC","Up","Ask","29","0.77","100","77","19241.19","12053.0931","2026-07-04T15:29:30.3497768+03:00","2026-07-04 15:29:30","btc-updown-5m-1783168200","47057188792555668458927093519141698230404312238331222660755657729781521896657"
"1","15:30-15:35","BTC","Up","Ask","30","0.78","705","549.9","19946.19","12602.9931","2026-07-04T15:29:30.3497768+03:00","2026-07-04 15:29:30","btc-updown-5m-1783168200","47057188792555668458927093519141698230404312238331222660755657729781521896657"
"1","15:30-15:35","BTC","Up","Ask","31","0.79","857","677.03","20803.19","13280.0231","2026-07-04T15:29:30.3497768+03:00","2026-07-04 15:29:30","btc-updown-5m-1783168200","47057188792555668458927093519141698230404312238331222660755657729781521896657"
"1","15:30-15:35","BTC","Up","Ask","32","0.8","797","637.6","21600.19","13917.6231","2026-07-04T15:29:30.3497768+03:00","2026-07-04 15:29:30","btc-updown-5m-1783168200","47057188792555668458927093519141698230404312238331222660755657729781521896657"
"1","15:30-15:35","BTC","Up","Ask","33","0.81","31","25.11","21631.19","13942.7331","2026-07-04T15:29:30.3497768+03:00","2026-07-04 15:29:30","btc-updown-5m-1783168200","47057188792555668458927093519141698230404312238331222660755657729781521896657"
"1","15:30-15:35","BTC","Up","Ask","34","0.82","36","29.52","21667.19","13972.2531","2026-07-04T15:29:30.3497768+03:00","2026-07-04 15:29:30","btc-updown-5m-1783168200","47057188792555668458927093519141698230404312238331222660755657729781521896657"
"1","15:30-15:35","BTC","Up","Ask","35","0.83","18","14.94","21685.19","13987.1931","2026-07-04T15:29:30.3497768+03:00","2026-07-04 15:29:30","btc-updown-5m-1783168200","47057188792555668458927093519141698230404312238331222660755657729781521896657"
"1","15:30-15:35","BTC","Up","Ask","36","0.84","47","39.48","21732.19","14026.6731","2026-07-04T15:29:30.3497768+03:00","2026-07-04 15:29:30","btc-updown-5m-1783168200","47057188792555668458927093519141698230404312238331222660755657729781521896657"
"1","15:30-15:35","BTC","Up","Ask","37","0.85","2180.33","1853.2805","23912.52","15879.9536","2026-07-04T15:29:30.3497768+03:00","2026-07-04 15:29:30","btc-updown-5m-1783168200","47057188792555668458927093519141698230404312238331222660755657729781521896657"
"1","15:30-15:35","BTC","Up","Ask","38","0.86","28","24.08","23940.52","15904.0336","2026-07-04T15:29:30.3497768+03:00","2026-07-04 15:29:30","btc-updown-5m-1783168200","47057188792555668458927093519141698230404312238331222660755657729781521896657"
"1","15:30-15:35","BTC","Up","Ask","39","0.87","67","58.29","24007.52","15962.3236","2026-07-04T15:29:30.3497768+03:00","2026-07-04 15:29:30","btc-updown-5m-1783168200","47057188792555668458927093519141698230404312238331222660755657729781521896657"
"1","15:30-15:35","BTC","Up","Ask","40","0.88","67","58.96","24074.52","16021.2836","2026-07-04T15:29:30.3497768+03:00","2026-07-04 15:29:30","btc-updown-5m-1783168200","47057188792555668458927093519141698230404312238331222660755657729781521896657"
"1","15:30-15:35","BTC","Up","Ask","41","0.89","260","231.4","24334.52","16252.6836","2026-07-04T15:29:30.3497768+03:00","2026-07-04 15:29:30","btc-updown-5m-1783168200","47057188792555668458927093519141698230404312238331222660755657729781521896657"
"1","15:30-15:35","BTC","Up","Ask","42","0.9","3883","3494.7","28217.52","19747.3836","2026-07-04T15:29:30.3497768+03:00","2026-07-04 15:29:30","btc-updown-5m-1783168200","47057188792555668458927093519141698230404312238331222660755657729781521896657"
"1","15:30-15:35","BTC","Up","Ask","43","0.91","661.56","602.0196","28879.08","20349.4032","2026-07-04T15:29:30.3497768+03:00","2026-07-04 15:29:30","btc-updown-5m-1783168200","47057188792555668458927093519141698230404312238331222660755657729781521896657"
"1","15:30-15:35","BTC","Up","Ask","44","0.92","752.5","692.3","29631.58","21041.7032","2026-07-04T15:29:30.3497768+03:00","2026-07-04 15:29:30","btc-updown-5m-1783168200","47057188792555668458927093519141698230404312238331222660755657729781521896657"
"1","15:30-15:35","BTC","Up","Ask","45","0.93","1022.86","951.2598","30654.44","21992.963","2026-07-04T15:29:30.3497768+03:00","2026-07-04 15:29:30","btc-updown-5m-1783168200","47057188792555668458927093519141698230404312238331222660755657729781521896657"
"1","15:30-15:35","BTC","Up","Ask","46","0.94","1087.65","1022.391","31742.09","23015.354","2026-07-04T15:29:30.3497768+03:00","2026-07-04 15:29:30","btc-updown-5m-1783168200","47057188792555668458927093519141698230404312238331222660755657729781521896657"
"1","15:30-15:35","BTC","Up","Ask","47","0.95","1321","1254.95","33063.09","24270.304","2026-07-04T15:29:30.3497768+03:00","2026-07-04 15:29:30","btc-updown-5m-1783168200","47057188792555668458927093519141698230404312238331222660755657729781521896657"
"1","15:30-15:35","BTC","Up","Ask","48","0.96","1481.75","1422.48","34544.84","25692.784","2026-07-04T15:29:30.3497768+03:00","2026-07-04 15:29:30","btc-updown-5m-1783168200","47057188792555668458927093519141698230404312238331222660755657729781521896657"
"1","15:30-15:35","BTC","Up","Ask","49","0.97","12140.82","11776.5954","46685.66","37469.3794","2026-07-04T15:29:30.3497768+03:00","2026-07-04 15:29:30","btc-updown-5m-1783168200","47057188792555668458927093519141698230404312238331222660755657729781521896657"
"1","15:30-15:35","BTC","Up","Ask","50","0.98","3110.59","3048.3782","49796.25","40517.7576","2026-07-04T15:29:30.3497768+03:00","2026-07-04 15:29:30","btc-updown-5m-1783168200","47057188792555668458927093519141698230404312238331222660755657729781521896657"
"1","15:30-15:35","BTC","Up","Ask","51","0.99","13925.95","13786.6905","63722.2","54304.4481","2026-07-04T15:29:30.3497768+03:00","2026-07-04 15:29:30","btc-updown-5m-1783168200","47057188792555668458927093519141698230404312238331222660755657729781521896657"
"1","15:30-15:35","BTC","Up","Bid","1","0.47","375.62","176.5414","375.62","176.5414","2026-07-04T15:29:30.3497768+03:00","2026-07-04 15:29:30","btc-updown-5m-1783168200","47057188792555668458927093519141698230404312238331222660755657729781521896657"
"1","15:30-15:35","BTC","Up","Bid","2","0.46","620.47","285.4162","996.09","461.9576","2026-07-04T15:29:30.3497768+03:00","2026-07-04 15:29:30","btc-updown-5m-1783168200","47057188792555668458927093519141698230404312238331222660755657729781521896657"
"1","15:30-15:35","BTC","Up","Bid","3","0.45","1130.65","508.7925","2126.74","970.7501","2026-07-04T15:29:30.3497768+03:00","2026-07-04 15:29:30","btc-updown-5m-1783168200","47057188792555668458927093519141698230404312238331222660755657729781521896657"
"1","15:30-15:35","BTC","Up","Bid","4","0.44","910.45","400.598","3037.19","1371.3481","2026-07-04T15:29:30.3497768+03:00","2026-07-04 15:29:30","btc-updown-5m-1783168200","47057188792555668458927093519141698230404312238331222660755657729781521896657"
"1","15:30-15:35","BTC","Up","Bid","5","0.43","496","213.28","3533.19","1584.6281","2026-07-04T15:29:30.3497768+03:00","2026-07-04 15:29:30","btc-updown-5m-1783168200","47057188792555668458927093519141698230404312238331222660755657729781521896657"
"1","15:30-15:35","BTC","Up","Bid","6","0.42","494.7","207.774","4027.89","1792.4021","2026-07-04T15:29:30.3497768+03:00","2026-07-04 15:29:30","btc-updown-5m-1783168200","47057188792555668458927093519141698230404312238331222660755657729781521896657"
"1","15:30-15:35","BTC","Up","Bid","7","0.41","440.76","180.7116","4468.65","1973.1137","2026-07-04T15:29:30.3497768+03:00","2026-07-04 15:29:30","btc-updown-5m-1783168200","47057188792555668458927093519141698230404312238331222660755657729781521896657"
"1","15:30-15:35","BTC","Up","Bid","8","0.4","510.18","204.072","4978.83","2177.1857","2026-07-04T15:29:30.3497768+03:00","2026-07-04 15:29:30","btc-updown-5m-1783168200","47057188792555668458927093519141698230404312238331222660755657729781521896657"
"1","15:30-15:35","BTC","Up","Bid","9","0.39","467.99","182.5161","5446.82","2359.7018","2026-07-04T15:29:30.3497768+03:00","2026-07-04 15:29:30","btc-updown-5m-1783168200","47057188792555668458927093519141698230404312238331222660755657729781521896657"
"1","15:30-15:35","BTC","Up","Bid","10","0.38","355.84","135.2192","5802.66","2494.921","2026-07-04T15:29:30.3497768+03:00","2026-07-04 15:29:30","btc-updown-5m-1783168200","47057188792555668458927093519141698230404312238331222660755657729781521896657"
"1","15:30-15:35","BTC","Up","Bid","11","0.37","760.24","281.2888","6562.9","2776.2098","2026-07-04T15:29:30.3497768+03:00","2026-07-04 15:29:30","btc-updown-5m-1783168200","47057188792555668458927093519141698230404312238331222660755657729781521896657"
"1","15:30-15:35","BTC","Up","Bid","12","0.36","842.59","303.3324","7405.49","3079.5422","2026-07-04T15:29:30.3497768+03:00","2026-07-04 15:29:30","btc-updown-5m-1783168200","47057188792555668458927093519141698230404312238331222660755657729781521896657"
"1","15:30-15:35","BTC","Up","Bid","13","0.35","1208.19","422.8665","8613.68","3502.4087","2026-07-04T15:29:30.3497768+03:00","2026-07-04 15:29:30","btc-updown-5m-1783168200","47057188792555668458927093519141698230404312238331222660755657729781521896657"
"1","15:30-15:35","BTC","Up","Bid","14","0.34","605.31","205.8054","9218.99","3708.2141","2026-07-04T15:29:30.3497768+03:00","2026-07-04 15:29:30","btc-updown-5m-1783168200","47057188792555668458927093519141698230404312238331222660755657729781521896657"
"1","15:30-15:35","BTC","Up","Bid","15","0.33","810.58","267.4914","10029.57","3975.7055","2026-07-04T15:29:30.3497768+03:00","2026-07-04 15:29:30","btc-updown-5m-1783168200","47057188792555668458927093519141698230404312238331222660755657729781521896657"
"1","15:30-15:35","BTC","Up","Bid","16","0.32","691.14","221.1648","10720.71","4196.8703","2026-07-04T15:29:30.3497768+03:00","2026-07-04 15:29:30","btc-updown-5m-1783168200","47057188792555668458927093519141698230404312238331222660755657729781521896657"
"1","15:30-15:35","BTC","Up","Bid","17","0.31","859.04","266.3024","11579.75","4463.1727","2026-07-04T15:29:30.3497768+03:00","2026-07-04 15:29:30","btc-updown-5m-1783168200","47057188792555668458927093519141698230404312238331222660755657729781521896657"
"1","15:30-15:35","BTC","Up","Bid","18","0.3","1017.32","305.196","12597.07","4768.3687","2026-07-04T15:29:30.3497768+03:00","2026-07-04 15:29:30","btc-updown-5m-1783168200","47057188792555668458927093519141698230404312238331222660755657729781521896657"
"1","15:30-15:35","BTC","Up","Bid","19","0.29","676.35","196.1415","13273.42","4964.5102","2026-07-04T15:29:30.3497768+03:00","2026-07-04 15:29:30","btc-updown-5m-1783168200","47057188792555668458927093519141698230404312238331222660755657729781521896657"
"1","15:30-15:35","BTC","Up","Bid","20","0.28","632.71","177.1588","13906.13","5141.669","2026-07-04T15:29:30.3497768+03:00","2026-07-04 15:29:30","btc-updown-5m-1783168200","47057188792555668458927093519141698230404312238331222660755657729781521896657"
"1","15:30-15:35","BTC","Up","Bid","21","0.27","390","105.3","14296.13","5246.969","2026-07-04T15:29:30.3497768+03:00","2026-07-04 15:29:30","btc-updown-5m-1783168200","47057188792555668458927093519141698230404312238331222660755657729781521896657"
"1","15:30-15:35","BTC","Up","Bid","22","0.26","270","70.2","14566.13","5317.169","2026-07-04T15:29:30.3497768+03:00","2026-07-04 15:29:30","btc-updown-5m-1783168200","47057188792555668458927093519141698230404312238331222660755657729781521896657"
"1","15:30-15:35","BTC","Up","Bid","23","0.25","385","96.25","14951.13","5413.419","2026-07-04T15:29:30.3497768+03:00","2026-07-04 15:29:30","btc-updown-5m-1783168200","47057188792555668458927093519141698230404312238331222660755657729781521896657"
"1","15:30-15:35","BTC","Up","Bid","24","0.24","775","186","15726.13","5599.419","2026-07-04T15:29:30.3497768+03:00","2026-07-04 15:29:30","btc-updown-5m-1783168200","47057188792555668458927093519141698230404312238331222660755657729781521896657"
"1","15:30-15:35","BTC","Up","Bid","25","0.23","100","23","15826.13","5622.419","2026-07-04T15:29:30.3497768+03:00","2026-07-04 15:29:30","btc-updown-5m-1783168200","47057188792555668458927093519141698230404312238331222660755657729781521896657"
"1","15:30-15:35","BTC","Up","Bid","26","0.22","705","155.1","16531.13","5777.519","2026-07-04T15:29:30.3497768+03:00","2026-07-04 15:29:30","btc-updown-5m-1783168200","47057188792555668458927093519141698230404312238331222660755657729781521896657"
"1","15:30-15:35","BTC","Up","Bid","27","0.21","837","175.77","17368.13","5953.289","2026-07-04T15:29:30.3497768+03:00","2026-07-04 15:29:30","btc-updown-5m-1783168200","47057188792555668458927093519141698230404312238331222660755657729781521896657"
"1","15:30-15:35","BTC","Up","Bid","28","0.2","797","159.4","18165.13","6112.689","2026-07-04T15:29:30.3497768+03:00","2026-07-04 15:29:30","btc-updown-5m-1783168200","47057188792555668458927093519141698230404312238331222660755657729781521896657"
"1","15:30-15:35","BTC","Up","Bid","29","0.19","31","5.89","18196.13","6118.579","2026-07-04T15:29:30.3497768+03:00","2026-07-04 15:29:30","btc-updown-5m-1783168200","47057188792555668458927093519141698230404312238331222660755657729781521896657"
"1","15:30-15:35","BTC","Up","Bid","30","0.18","36","6.48","18232.13","6125.059","2026-07-04T15:29:30.3497768+03:00","2026-07-04 15:29:30","btc-updown-5m-1783168200","47057188792555668458927093519141698230404312238331222660755657729781521896657"
"1","15:30-15:35","BTC","Up","Bid","31","0.17","18","3.06","18250.13","6128.119","2026-07-04T15:29:30.3497768+03:00","2026-07-04 15:29:30","btc-updown-5m-1783168200","47057188792555668458927093519141698230404312238331222660755657729781521896657"
"1","15:30-15:35","BTC","Up","Bid","32","0.16","47","7.52","18297.13","6135.639","2026-07-04T15:29:30.3497768+03:00","2026-07-04 15:29:30","btc-updown-5m-1783168200","47057188792555668458927093519141698230404312238331222660755657729781521896657"
"1","15:30-15:35","BTC","Up","Bid","33","0.15","2180.33","327.0495","20477.46","6462.6885","2026-07-04T15:29:30.3497768+03:00","2026-07-04 15:29:30","btc-updown-5m-1783168200","47057188792555668458927093519141698230404312238331222660755657729781521896657"
"1","15:30-15:35","BTC","Up","Bid","34","0.14","28","3.92","20505.46","6466.6085","2026-07-04T15:29:30.3497768+03:00","2026-07-04 15:29:30","btc-updown-5m-1783168200","47057188792555668458927093519141698230404312238331222660755657729781521896657"
"1","15:30-15:35","BTC","Up","Bid","35","0.13","67","8.71","20572.46","6475.3185","2026-07-04T15:29:30.3497768+03:00","2026-07-04 15:29:30","btc-updown-5m-1783168200","47057188792555668458927093519141698230404312238331222660755657729781521896657"
"1","15:30-15:35","BTC","Up","Bid","36","0.12","67","8.04","20639.46","6483.3585","2026-07-04T15:29:30.3497768+03:00","2026-07-04 15:29:30","btc-updown-5m-1783168200","47057188792555668458927093519141698230404312238331222660755657729781521896657"
"1","15:30-15:35","BTC","Up","Bid","37","0.11","260","28.6","20899.46","6511.9585","2026-07-04T15:29:30.3497768+03:00","2026-07-04 15:29:30","btc-updown-5m-1783168200","47057188792555668458927093519141698230404312238331222660755657729781521896657"
"1","15:30-15:35","BTC","Up","Bid","38","0.1","3883","388.3","24782.46","6900.2585","2026-07-04T15:29:30.3497768+03:00","2026-07-04 15:29:30","btc-updown-5m-1783168200","47057188792555668458927093519141698230404312238331222660755657729781521896657"
"1","15:30-15:35","BTC","Up","Bid","39","0.09","661.56","59.5404","25444.02","6959.7989","2026-07-04T15:29:30.3497768+03:00","2026-07-04 15:29:30","btc-updown-5m-1783168200","47057188792555668458927093519141698230404312238331222660755657729781521896657"
"1","15:30-15:35","BTC","Up","Bid","40","0.08","752.5","60.2","26196.52","7019.9989","2026-07-04T15:29:30.3497768+03:00","2026-07-04 15:29:30","btc-updown-5m-1783168200","47057188792555668458927093519141698230404312238331222660755657729781521896657"
"1","15:30-15:35","BTC","Up","Bid","41","0.07","1022.86","71.6002","27219.38","7091.5991","2026-07-04T15:29:30.3497768+03:00","2026-07-04 15:29:30","btc-updown-5m-1783168200","47057188792555668458927093519141698230404312238331222660755657729781521896657"
"1","15:30-15:35","BTC","Up","Bid","42","0.06","1082.65","64.959","28302.03","7156.5581","2026-07-04T15:29:30.3497768+03:00","2026-07-04 15:29:30","btc-updown-5m-1783168200","47057188792555668458927093519141698230404312238331222660755657729781521896657"
"1","15:30-15:35","BTC","Up","Bid","43","0.05","1321","66.05","29623.03","7222.6081","2026-07-04T15:29:30.3497768+03:00","2026-07-04 15:29:30","btc-updown-5m-1783168200","47057188792555668458927093519141698230404312238331222660755657729781521896657"
"1","15:30-15:35","BTC","Up","Bid","44","0.04","1481.75","59.27","31104.78","7281.8781","2026-07-04T15:29:30.3497768+03:00","2026-07-04 15:29:30","btc-updown-5m-1783168200","47057188792555668458927093519141698230404312238331222660755657729781521896657"
"1","15:30-15:35","BTC","Up","Bid","45","0.03","12135.82","364.0746","43240.6","7645.9527","2026-07-04T15:29:30.3497768+03:00","2026-07-04 15:29:30","btc-updown-5m-1783168200","47057188792555668458927093519141698230404312238331222660755657729781521896657"
"1","15:30-15:35","BTC","Up","Bid","46","0.02","3106.44","62.1288","46347.04","7708.0815","2026-07-04T15:29:30.3497768+03:00","2026-07-04 15:29:30","btc-updown-5m-1783168200","47057188792555668458927093519141698230404312238331222660755657729781521896657"
"1","15:30-15:35","BTC","Up","Bid","47","0.01","14153.52","141.5352","60500.56","7849.6167","2026-07-04T15:29:30.3497768+03:00","2026-07-04 15:29:30","btc-updown-5m-1783168200","47057188792555668458927093519141698230404312238331222660755657729781521896657"
"1","15:30-15:35","ETH","Down","Ask","1","0.56","135.31","75.7736","135.31","75.7736","2026-07-04T15:29:30.5807884+03:00","2026-07-04 15:29:30","eth-updown-5m-1783168200","111162798717997998772565766919518750708510451576340375468663957488644650541544"
"1","15:30-15:35","ETH","Down","Ask","2","0.57","334.87","190.8759","470.18","266.6495","2026-07-04T15:29:30.5807884+03:00","2026-07-04 15:29:30","eth-updown-5m-1783168200","111162798717997998772565766919518750708510451576340375468663957488644650541544"
"1","15:30-15:35","ETH","Down","Ask","3","0.58","356.6","206.828","826.78","473.4775","2026-07-04T15:29:30.5807884+03:00","2026-07-04 15:29:30","eth-updown-5m-1783168200","111162798717997998772565766919518750708510451576340375468663957488644650541544"
"1","15:30-15:35","ETH","Down","Ask","4","0.59","196","115.64","1022.78","589.1175","2026-07-04T15:29:30.5807884+03:00","2026-07-04 15:29:30","eth-updown-5m-1783168200","111162798717997998772565766919518750708510451576340375468663957488644650541544"
"1","15:30-15:35","ETH","Down","Ask","5","0.6","146.7","88.02","1169.48","677.1375","2026-07-04T15:29:30.5807884+03:00","2026-07-04 15:29:30","eth-updown-5m-1783168200","111162798717997998772565766919518750708510451576340375468663957488644650541544"
"1","15:30-15:35","ETH","Down","Ask","6","0.61","185.7","113.277","1355.18","790.4145","2026-07-04T15:29:30.5807884+03:00","2026-07-04 15:29:30","eth-updown-5m-1783168200","111162798717997998772565766919518750708510451576340375468663957488644650541544"
"1","15:30-15:35","ETH","Down","Ask","7","0.62","185.42","114.9604","1540.6","905.3749","2026-07-04T15:29:30.5807884+03:00","2026-07-04 15:29:30","eth-updown-5m-1783168200","111162798717997998772565766919518750708510451576340375468663957488644650541544"
"1","15:30-15:35","ETH","Down","Ask","8","0.63","92","57.96","1632.6","963.3349","2026-07-04T15:29:30.5807884+03:00","2026-07-04 15:29:30","eth-updown-5m-1783168200","111162798717997998772565766919518750708510451576340375468663957488644650541544"
"1","15:30-15:35","ETH","Down","Ask","9","0.64","104.44","66.8416","1737.04","1030.1765","2026-07-04T15:29:30.5807884+03:00","2026-07-04 15:29:30","eth-updown-5m-1783168200","111162798717997998772565766919518750708510451576340375468663957488644650541544"
"1","15:30-15:35","ETH","Down","Ask","10","0.65","263.57","171.3205","2000.61","1201.497","2026-07-04T15:29:30.5807884+03:00","2026-07-04 15:29:30","eth-updown-5m-1783168200","111162798717997998772565766919518750708510451576340375468663957488644650541544"
"1","15:30-15:35","ETH","Down","Ask","11","0.66","50","33","2050.61","1234.497","2026-07-04T15:29:30.5807884+03:00","2026-07-04 15:29:30","eth-updown-5m-1783168200","111162798717997998772565766919518750708510451576340375468663957488644650541544"
"1","15:30-15:35","ETH","Down","Ask","12","0.67","90","60.3","2140.61","1294.797","2026-07-04T15:29:30.5807884+03:00","2026-07-04 15:29:30","eth-updown-5m-1783168200","111162798717997998772565766919518750708510451576340375468663957488644650541544"
"1","15:30-15:35","ETH","Down","Ask","13","0.68","115","78.2","2255.61","1372.997","2026-07-04T15:29:30.5807884+03:00","2026-07-04 15:29:30","eth-updown-5m-1783168200","111162798717997998772565766919518750708510451576340375468663957488644650541544"
"1","15:30-15:35","ETH","Down","Ask","14","0.69","65","44.85","2320.61","1417.847","2026-07-04T15:29:30.5807884+03:00","2026-07-04 15:29:30","eth-updown-5m-1783168200","111162798717997998772565766919518750708510451576340375468663957488644650541544"
"1","15:30-15:35","ETH","Down","Ask","15","0.7","221.66","155.162","2542.27","1573.009","2026-07-04T15:29:30.5807884+03:00","2026-07-04 15:29:30","eth-updown-5m-1783168200","111162798717997998772565766919518750708510451576340375468663957488644650541544"
"1","15:30-15:35","ETH","Down","Ask","16","0.71","32.23","22.8833","2574.5","1595.8923","2026-07-04T15:29:30.5807884+03:00","2026-07-04 15:29:30","eth-updown-5m-1783168200","111162798717997998772565766919518750708510451576340375468663957488644650541544"
"1","15:30-15:35","ETH","Down","Ask","17","0.72","80","57.6","2654.5","1653.4923","2026-07-04T15:29:30.5807884+03:00","2026-07-04 15:29:30","eth-updown-5m-1783168200","111162798717997998772565766919518750708510451576340375468663957488644650541544"
"1","15:30-15:35","ETH","Down","Ask","18","0.73","120","87.6","2774.5","1741.0923","2026-07-04T15:29:30.5807884+03:00","2026-07-04 15:29:30","eth-updown-5m-1783168200","111162798717997998772565766919518750708510451576340375468663957488644650541544"
"1","15:30-15:35","ETH","Down","Ask","19","0.74","125","92.5","2899.5","1833.5923","2026-07-04T15:29:30.5807884+03:00","2026-07-04 15:29:30","eth-updown-5m-1783168200","111162798717997998772565766919518750708510451576340375468663957488644650541544"
"1","15:30-15:35","ETH","Down","Ask","20","0.75","20","15","2919.5","1848.5923","2026-07-04T15:29:30.5807884+03:00","2026-07-04 15:29:30","eth-updown-5m-1783168200","111162798717997998772565766919518750708510451576340375468663957488644650541544"
"1","15:30-15:35","ETH","Down","Ask","21","0.76","195","148.2","3114.5","1996.7923","2026-07-04T15:29:30.5807884+03:00","2026-07-04 15:29:30","eth-updown-5m-1783168200","111162798717997998772565766919518750708510451576340375468663957488644650541544"
"1","15:30-15:35","ETH","Down","Ask","22","0.77","90","69.3","3204.5","2066.0923","2026-07-04T15:29:30.5807884+03:00","2026-07-04 15:29:30","eth-updown-5m-1783168200","111162798717997998772565766919518750708510451576340375468663957488644650541544"
"1","15:30-15:35","ETH","Down","Ask","23","0.78","35","27.3","3239.5","2093.3923","2026-07-04T15:29:30.5807884+03:00","2026-07-04 15:29:30","eth-updown-5m-1783168200","111162798717997998772565766919518750708510451576340375468663957488644650541544"
"1","15:30-15:35","ETH","Down","Ask","24","0.79","187","147.73","3426.5","2241.1223","2026-07-04T15:29:30.5807884+03:00","2026-07-04 15:29:30","eth-updown-5m-1783168200","111162798717997998772565766919518750708510451576340375468663957488644650541544"
"1","15:30-15:35","ETH","Down","Ask","25","0.8","207","165.6","3633.5","2406.7223","2026-07-04T15:29:30.5807884+03:00","2026-07-04 15:29:30","eth-updown-5m-1783168200","111162798717997998772565766919518750708510451576340375468663957488644650541544"
"1","15:30-15:35","ETH","Down","Ask","26","0.81","37","29.97","3670.5","2436.6923","2026-07-04T15:29:30.5807884+03:00","2026-07-04 15:29:30","eth-updown-5m-1783168200","111162798717997998772565766919518750708510451576340375468663957488644650541544"
"1","15:30-15:35","ETH","Down","Ask","27","0.82","12","9.84","3682.5","2446.5323","2026-07-04T15:29:30.5807884+03:00","2026-07-04 15:29:30","eth-updown-5m-1783168200","111162798717997998772565766919518750708510451576340375468663957488644650541544"
"1","15:30-15:35","ETH","Down","Ask","28","0.83","7","5.81","3689.5","2452.3423","2026-07-04T15:29:30.5807884+03:00","2026-07-04 15:29:30","eth-updown-5m-1783168200","111162798717997998772565766919518750708510451576340375468663957488644650541544"
"1","15:30-15:35","ETH","Down","Ask","29","0.84","35","29.4","3724.5","2481.7423","2026-07-04T15:29:30.5807884+03:00","2026-07-04 15:29:30","eth-updown-5m-1783168200","111162798717997998772565766919518750708510451576340375468663957488644650541544"
"1","15:30-15:35","ETH","Down","Ask","30","0.85","1635","1389.75","5359.5","3871.4923","2026-07-04T15:29:30.5807884+03:00","2026-07-04 15:29:30","eth-updown-5m-1783168200","111162798717997998772565766919518750708510451576340375468663957488644650541544"
"1","15:30-15:35","ETH","Down","Ask","31","0.86","20","17.2","5379.5","3888.6923","2026-07-04T15:29:30.5807884+03:00","2026-07-04 15:29:30","eth-updown-5m-1783168200","111162798717997998772565766919518750708510451576340375468663957488644650541544"
"1","15:30-15:35","ETH","Down","Ask","32","0.87","67","58.29","5446.5","3946.9823","2026-07-04T15:29:30.5807884+03:00","2026-07-04 15:29:30","eth-updown-5m-1783168200","111162798717997998772565766919518750708510451576340375468663957488644650541544"
"1","15:30-15:35","ETH","Down","Ask","33","0.88","67","58.96","5513.5","4005.9423","2026-07-04T15:29:30.5807884+03:00","2026-07-04 15:29:30","eth-updown-5m-1783168200","111162798717997998772565766919518750708510451576340375468663957488644650541544"
"1","15:30-15:35","ETH","Down","Ask","34","0.89","22","19.58","5535.5","4025.5223","2026-07-04T15:29:30.5807884+03:00","2026-07-04 15:29:30","eth-updown-5m-1783168200","111162798717997998772565766919518750708510451576340375468663957488644650541544"
"1","15:30-15:35","ETH","Down","Ask","35","0.9","2872","2584.8","8407.5","6610.3223","2026-07-04T15:29:30.5807884+03:00","2026-07-04 15:29:30","eth-updown-5m-1783168200","111162798717997998772565766919518750708510451576340375468663957488644650541544"
"1","15:30-15:35","ETH","Down","Ask","36","0.91","632.56","575.6296","9040.06","7185.9519","2026-07-04T15:29:30.5807884+03:00","2026-07-04 15:29:30","eth-updown-5m-1783168200","111162798717997998772565766919518750708510451576340375468663957488644650541544"
"1","15:30-15:35","ETH","Down","Ask","37","0.92","584.5","537.74","9624.56","7723.6919","2026-07-04T15:29:30.5807884+03:00","2026-07-04 15:29:30","eth-updown-5m-1783168200","111162798717997998772565766919518750708510451576340375468663957488644650541544"
"1","15:30-15:35","ETH","Down","Ask","38","0.93","747","694.71","10371.56","8418.4019","2026-07-04T15:29:30.5807884+03:00","2026-07-04 15:29:30","eth-updown-5m-1783168200","111162798717997998772565766919518750708510451576340375468663957488644650541544"
"1","15:30-15:35","ETH","Down","Ask","39","0.94","836.65","786.451","11208.21","9204.8529","2026-07-04T15:29:30.5807884+03:00","2026-07-04 15:29:30","eth-updown-5m-1783168200","111162798717997998772565766919518750708510451576340375468663957488644650541544"
"1","15:30-15:35","ETH","Down","Ask","40","0.95","610","579.5","11818.21","9784.3529","2026-07-04T15:29:30.5807884+03:00","2026-07-04 15:29:30","eth-updown-5m-1783168200","111162798717997998772565766919518750708510451576340375468663957488644650541544"
"1","15:30-15:35","ETH","Down","Ask","41","0.96","987.5","948","12805.71","10732.3529","2026-07-04T15:29:30.5807884+03:00","2026-07-04 15:29:30","eth-updown-5m-1783168200","111162798717997998772565766919518750708510451576340375468663957488644650541544"
"1","15:30-15:35","ETH","Down","Ask","42","0.97","11045","10713.65","23850.71","21446.0029","2026-07-04T15:29:30.5807884+03:00","2026-07-04 15:29:30","eth-updown-5m-1783168200","111162798717997998772565766919518750708510451576340375468663957488644650541544"
"1","15:30-15:35","ETH","Down","Ask","43","0.98","1045","1024.1","24895.71","22470.1029","2026-07-04T15:29:30.5807884+03:00","2026-07-04 15:29:30","eth-updown-5m-1783168200","111162798717997998772565766919518750708510451576340375468663957488644650541544"
"1","15:30-15:35","ETH","Down","Ask","44","0.99","9341","9247.59","34236.71","31717.6929","2026-07-04T15:29:30.5807884+03:00","2026-07-04 15:29:30","eth-updown-5m-1783168200","111162798717997998772565766919518750708510451576340375468663957488644650541544"
"1","15:30-15:35","ETH","Down","Bid","1","0.55","5","2.75","5","2.75","2026-07-04T15:29:30.5807884+03:00","2026-07-04 15:29:30","eth-updown-5m-1783168200","111162798717997998772565766919518750708510451576340375468663957488644650541544"
"1","15:30-15:35","ETH","Down","Bid","2","0.54","24.94","13.4676","29.94","16.2176","2026-07-04T15:29:30.5807884+03:00","2026-07-04 15:29:30","eth-updown-5m-1783168200","111162798717997998772565766919518750708510451576340375468663957488644650541544"
"1","15:30-15:35","ETH","Down","Bid","3","0.53","23.76","12.5928","53.7","28.8104","2026-07-04T15:29:30.5807884+03:00","2026-07-04 15:29:30","eth-updown-5m-1783168200","111162798717997998772565766919518750708510451576340375468663957488644650541544"
"1","15:30-15:35","ETH","Down","Bid","4","0.51","305","155.55","358.7","184.3604","2026-07-04T15:29:30.5807884+03:00","2026-07-04 15:29:30","eth-updown-5m-1783168200","111162798717997998772565766919518750708510451576340375468663957488644650541544"
"1","15:30-15:35","ETH","Down","Bid","5","0.5","255","127.5","613.7","311.8604","2026-07-04T15:29:30.5807884+03:00","2026-07-04 15:29:30","eth-updown-5m-1783168200","111162798717997998772565766919518750708510451576340375468663957488644650541544"
"1","15:30-15:35","ETH","Down","Bid","6","0.49","222","108.78","835.7","420.6404","2026-07-04T15:29:30.5807884+03:00","2026-07-04 15:29:30","eth-updown-5m-1783168200","111162798717997998772565766919518750708510451576340375468663957488644650541544"
"1","15:30-15:35","ETH","Down","Bid","7","0.48","46","22.08","881.7","442.7204","2026-07-04T15:29:30.5807884+03:00","2026-07-04 15:29:30","eth-updown-5m-1783168200","111162798717997998772565766919518750708510451576340375468663957488644650541544"
"1","15:30-15:35","ETH","Down","Bid","8","0.47","40","18.8","921.7","461.5204","2026-07-04T15:29:30.5807884+03:00","2026-07-04 15:29:30","eth-updown-5m-1783168200","111162798717997998772565766919518750708510451576340375468663957488644650541544"
"1","15:30-15:35","ETH","Down","Bid","9","0.46","46.52","21.3992","968.22","482.9196","2026-07-04T15:29:30.5807884+03:00","2026-07-04 15:29:30","eth-updown-5m-1783168200","111162798717997998772565766919518750708510451576340375468663957488644650541544"
"1","15:30-15:35","ETH","Down","Bid","10","0.45","125.42","56.439","1093.64","539.3586","2026-07-04T15:29:30.5807884+03:00","2026-07-04 15:29:30","eth-updown-5m-1783168200","111162798717997998772565766919518750708510451576340375468663957488644650541544"
"1","15:30-15:35","ETH","Down","Bid","11","0.44","219.3","96.492","1312.94","635.8506","2026-07-04T15:29:30.5807884+03:00","2026-07-04 15:29:30","eth-updown-5m-1783168200","111162798717997998772565766919518750708510451576340375468663957488644650541544"
"1","15:30-15:35","ETH","Down","Bid","12","0.43","119.08","51.2044","1432.02","687.055","2026-07-04T15:29:30.5807884+03:00","2026-07-04 15:29:30","eth-updown-5m-1783168200","111162798717997998772565766919518750708510451576340375468663957488644650541544"
"1","15:30-15:35","ETH","Down","Bid","13","0.42","126.6","53.172","1558.62","740.227","2026-07-04T15:29:30.5807884+03:00","2026-07-04 15:29:30","eth-updown-5m-1783168200","111162798717997998772565766919518750708510451576340375468663957488644650541544"
"1","15:30-15:35","ETH","Down","Bid","14","0.41","166","68.06","1724.62","808.287","2026-07-04T15:29:30.5807884+03:00","2026-07-04 15:29:30","eth-updown-5m-1783168200","111162798717997998772565766919518750708510451576340375468663957488644650541544"
"1","15:30-15:35","ETH","Down","Bid","15","0.4","109.7","43.88","1834.32","852.167","2026-07-04T15:29:30.5807884+03:00","2026-07-04 15:29:30","eth-updown-5m-1783168200","111162798717997998772565766919518750708510451576340375468663957488644650541544"
"1","15:30-15:35","ETH","Down","Bid","16","0.39","148.7","57.993","1983.02","910.16","2026-07-04T15:29:30.5807884+03:00","2026-07-04 15:29:30","eth-updown-5m-1783168200","111162798717997998772565766919518750708510451576340375468663957488644650541544"
"1","15:30-15:35","ETH","Down","Bid","17","0.38","148.42","56.3996","2131.44","966.5596","2026-07-04T15:29:30.5807884+03:00","2026-07-04 15:29:30","eth-updown-5m-1783168200","111162798717997998772565766919518750708510451576340375468663957488644650541544"
"1","15:30-15:35","ETH","Down","Bid","18","0.37","85","31.45","2216.44","998.0096","2026-07-04T15:29:30.5807884+03:00","2026-07-04 15:29:30","eth-updown-5m-1783168200","111162798717997998772565766919518750708510451576340375468663957488644650541544"
"1","15:30-15:35","ETH","Down","Bid","19","0.36","104.44","37.5984","2320.88","1035.608","2026-07-04T15:29:30.5807884+03:00","2026-07-04 15:29:30","eth-updown-5m-1783168200","111162798717997998772565766919518750708510451576340375468663957488644650541544"
"1","15:30-15:35","ETH","Down","Bid","20","0.35","263.57","92.2495","2584.45","1127.8575","2026-07-04T15:29:30.5807884+03:00","2026-07-04 15:29:30","eth-updown-5m-1783168200","111162798717997998772565766919518750708510451576340375468663957488644650541544"
"1","15:30-15:35","ETH","Down","Bid","21","0.34","50","17","2634.45","1144.8575","2026-07-04T15:29:30.5807884+03:00","2026-07-04 15:29:30","eth-updown-5m-1783168200","111162798717997998772565766919518750708510451576340375468663957488644650541544"
"1","15:30-15:35","ETH","Down","Bid","22","0.33","90","29.7","2724.45","1174.5575","2026-07-04T15:29:30.5807884+03:00","2026-07-04 15:29:30","eth-updown-5m-1783168200","111162798717997998772565766919518750708510451576340375468663957488644650541544"
"1","15:30-15:35","ETH","Down","Bid","23","0.32","115","36.8","2839.45","1211.3575","2026-07-04T15:29:30.5807884+03:00","2026-07-04 15:29:30","eth-updown-5m-1783168200","111162798717997998772565766919518750708510451576340375468663957488644650541544"
"1","15:30-15:35","ETH","Down","Bid","24","0.31","65","20.15","2904.45","1231.5075","2026-07-04T15:29:30.5807884+03:00","2026-07-04 15:29:30","eth-updown-5m-1783168200","111162798717997998772565766919518750708510451576340375468663957488644650541544"
"1","15:30-15:35","ETH","Down","Bid","25","0.3","221.66","66.498","3126.11","1298.0055","2026-07-04T15:29:30.5807884+03:00","2026-07-04 15:29:30","eth-updown-5m-1783168200","111162798717997998772565766919518750708510451576340375468663957488644650541544"
"1","15:30-15:35","ETH","Down","Bid","26","0.29","32.23","9.3467","3158.34","1307.3522","2026-07-04T15:29:30.5807884+03:00","2026-07-04 15:29:30","eth-updown-5m-1783168200","111162798717997998772565766919518750708510451576340375468663957488644650541544"
"1","15:30-15:35","ETH","Down","Bid","27","0.28","80","22.4","3238.34","1329.7522","2026-07-04T15:29:30.5807884+03:00","2026-07-04 15:29:30","eth-updown-5m-1783168200","111162798717997998772565766919518750708510451576340375468663957488644650541544"
"1","15:30-15:35","ETH","Down","Bid","28","0.27","120","32.4","3358.34","1362.1522","2026-07-04T15:29:30.5807884+03:00","2026-07-04 15:29:30","eth-updown-5m-1783168200","111162798717997998772565766919518750708510451576340375468663957488644650541544"
"1","15:30-15:35","ETH","Down","Bid","29","0.26","125","32.5","3483.34","1394.6522","2026-07-04T15:29:30.5807884+03:00","2026-07-04 15:29:30","eth-updown-5m-1783168200","111162798717997998772565766919518750708510451576340375468663957488644650541544"
"1","15:30-15:35","ETH","Down","Bid","30","0.25","20","5","3503.34","1399.6522","2026-07-04T15:29:30.5807884+03:00","2026-07-04 15:29:30","eth-updown-5m-1783168200","111162798717997998772565766919518750708510451576340375468663957488644650541544"
"1","15:30-15:35","ETH","Down","Bid","31","0.24","195","46.8","3698.34","1446.4522","2026-07-04T15:29:30.5807884+03:00","2026-07-04 15:29:30","eth-updown-5m-1783168200","111162798717997998772565766919518750708510451576340375468663957488644650541544"
"1","15:30-15:35","ETH","Down","Bid","32","0.23","90","20.7","3788.34","1467.1522","2026-07-04T15:29:30.5807884+03:00","2026-07-04 15:29:30","eth-updown-5m-1783168200","111162798717997998772565766919518750708510451576340375468663957488644650541544"
"1","15:30-15:35","ETH","Down","Bid","33","0.22","35","7.7","3823.34","1474.8522","2026-07-04T15:29:30.5807884+03:00","2026-07-04 15:29:30","eth-updown-5m-1783168200","111162798717997998772565766919518750708510451576340375468663957488644650541544"
"1","15:30-15:35","ETH","Down","Bid","34","0.21","187","39.27","4010.34","1514.1222","2026-07-04T15:29:30.5807884+03:00","2026-07-04 15:29:30","eth-updown-5m-1783168200","111162798717997998772565766919518750708510451576340375468663957488644650541544"
"1","15:30-15:35","ETH","Down","Bid","35","0.2","207","41.4","4217.34","1555.5222","2026-07-04T15:29:30.5807884+03:00","2026-07-04 15:29:30","eth-updown-5m-1783168200","111162798717997998772565766919518750708510451576340375468663957488644650541544"
"1","15:30-15:35","ETH","Down","Bid","36","0.19","37","7.03","4254.34","1562.5522","2026-07-04T15:29:30.5807884+03:00","2026-07-04 15:29:30","eth-updown-5m-1783168200","111162798717997998772565766919518750708510451576340375468663957488644650541544"
"1","15:30-15:35","ETH","Down","Bid","37","0.18","12","2.16","4266.34","1564.7122","2026-07-04T15:29:30.5807884+03:00","2026-07-04 15:29:30","eth-updown-5m-1783168200","111162798717997998772565766919518750708510451576340375468663957488644650541544"
"1","15:30-15:35","ETH","Down","Bid","38","0.17","7","1.19","4273.34","1565.9022","2026-07-04T15:29:30.5807884+03:00","2026-07-04 15:29:30","eth-updown-5m-1783168200","111162798717997998772565766919518750708510451576340375468663957488644650541544"
"1","15:30-15:35","ETH","Down","Bid","39","0.16","35","5.6","4308.34","1571.5022","2026-07-04T15:29:30.5807884+03:00","2026-07-04 15:29:30","eth-updown-5m-1783168200","111162798717997998772565766919518750708510451576340375468663957488644650541544"
"1","15:30-15:35","ETH","Down","Bid","40","0.15","1635","245.25","5943.34","1816.7522","2026-07-04T15:29:30.5807884+03:00","2026-07-04 15:29:30","eth-updown-5m-1783168200","111162798717997998772565766919518750708510451576340375468663957488644650541544"
"1","15:30-15:35","ETH","Down","Bid","41","0.14","20","2.8","5963.34","1819.5522","2026-07-04T15:29:30.5807884+03:00","2026-07-04 15:29:30","eth-updown-5m-1783168200","111162798717997998772565766919518750708510451576340375468663957488644650541544"
"1","15:30-15:35","ETH","Down","Bid","42","0.13","67","8.71","6030.34","1828.2622","2026-07-04T15:29:30.5807884+03:00","2026-07-04 15:29:30","eth-updown-5m-1783168200","111162798717997998772565766919518750708510451576340375468663957488644650541544"
"1","15:30-15:35","ETH","Down","Bid","43","0.12","67","8.04","6097.34","1836.3022","2026-07-04T15:29:30.5807884+03:00","2026-07-04 15:29:30","eth-updown-5m-1783168200","111162798717997998772565766919518750708510451576340375468663957488644650541544"
"1","15:30-15:35","ETH","Down","Bid","44","0.11","22","2.42","6119.34","1838.7222","2026-07-04T15:29:30.5807884+03:00","2026-07-04 15:29:30","eth-updown-5m-1783168200","111162798717997998772565766919518750708510451576340375468663957488644650541544"
"1","15:30-15:35","ETH","Down","Bid","45","0.1","2872","287.2","8991.34","2125.9222","2026-07-04T15:29:30.5807884+03:00","2026-07-04 15:29:30","eth-updown-5m-1783168200","111162798717997998772565766919518750708510451576340375468663957488644650541544"
"1","15:30-15:35","ETH","Down","Bid","46","0.09","632.56","56.9304","9623.9","2182.8526","2026-07-04T15:29:30.5807884+03:00","2026-07-04 15:29:30","eth-updown-5m-1783168200","111162798717997998772565766919518750708510451576340375468663957488644650541544"
"1","15:30-15:35","ETH","Down","Bid","47","0.08","584.5","46.76","10208.4","2229.6126","2026-07-04T15:29:30.5807884+03:00","2026-07-04 15:29:30","eth-updown-5m-1783168200","111162798717997998772565766919518750708510451576340375468663957488644650541544"
"1","15:30-15:35","ETH","Down","Bid","48","0.07","747","52.29","10955.4","2281.9026","2026-07-04T15:29:30.5807884+03:00","2026-07-04 15:29:30","eth-updown-5m-1783168200","111162798717997998772565766919518750708510451576340375468663957488644650541544"
"1","15:30-15:35","ETH","Down","Bid","49","0.06","836.65","50.199","11792.05","2332.1016","2026-07-04T15:29:30.5807884+03:00","2026-07-04 15:29:30","eth-updown-5m-1783168200","111162798717997998772565766919518750708510451576340375468663957488644650541544"
"1","15:30-15:35","ETH","Down","Bid","50","0.05","610","30.5","12402.05","2362.6016","2026-07-04T15:29:30.5807884+03:00","2026-07-04 15:29:30","eth-updown-5m-1783168200","111162798717997998772565766919518750708510451576340375468663957488644650541544"
"1","15:30-15:35","ETH","Down","Bid","51","0.04","987.5","39.5","13389.55","2402.1016","2026-07-04T15:29:30.5807884+03:00","2026-07-04 15:29:30","eth-updown-5m-1783168200","111162798717997998772565766919518750708510451576340375468663957488644650541544"
"1","15:30-15:35","ETH","Down","Bid","52","0.03","11050","331.5","24439.55","2733.6016","2026-07-04T15:29:30.5807884+03:00","2026-07-04 15:29:30","eth-updown-5m-1783168200","111162798717997998772565766919518750708510451576340375468663957488644650541544"
"1","15:30-15:35","ETH","Down","Bid","53","0.02","1045","20.9","25484.55","2754.5016","2026-07-04T15:29:30.5807884+03:00","2026-07-04 15:29:30","eth-updown-5m-1783168200","111162798717997998772565766919518750708510451576340375468663957488644650541544"
"1","15:30-15:35","ETH","Down","Bid","54","0.01","9341","93.41","34825.55","2847.9116","2026-07-04T15:29:30.5807884+03:00","2026-07-04 15:29:30","eth-updown-5m-1783168200","111162798717997998772565766919518750708510451576340375468663957488644650541544"
"1","15:30-15:35","ETH","Up","Ask","1","0.45","5","2.25","5","2.25","2026-07-04T15:29:30.8051036+03:00","2026-07-04 15:29:30","eth-updown-5m-1783168200","11021358056880614941735444708971598829986019002372086567322114025048215262911"
"1","15:30-15:35","ETH","Up","Ask","2","0.46","24.94","11.4724","29.94","13.7224","2026-07-04T15:29:30.8051036+03:00","2026-07-04 15:29:30","eth-updown-5m-1783168200","11021358056880614941735444708971598829986019002372086567322114025048215262911"
"1","15:30-15:35","ETH","Up","Ask","3","0.47","23.76","11.1672","53.7","24.8896","2026-07-04T15:29:30.8051036+03:00","2026-07-04 15:29:30","eth-updown-5m-1783168200","11021358056880614941735444708971598829986019002372086567322114025048215262911"
"1","15:30-15:35","ETH","Up","Ask","4","0.49","305","149.45","358.7","174.3396","2026-07-04T15:29:30.8051036+03:00","2026-07-04 15:29:30","eth-updown-5m-1783168200","11021358056880614941735444708971598829986019002372086567322114025048215262911"
"1","15:30-15:35","ETH","Up","Ask","5","0.5","255","127.5","613.7","301.8396","2026-07-04T15:29:30.8051036+03:00","2026-07-04 15:29:30","eth-updown-5m-1783168200","11021358056880614941735444708971598829986019002372086567322114025048215262911"
"1","15:30-15:35","ETH","Up","Ask","6","0.51","222","113.22","835.7","415.0596","2026-07-04T15:29:30.8051036+03:00","2026-07-04 15:29:30","eth-updown-5m-1783168200","11021358056880614941735444708971598829986019002372086567322114025048215262911"
"1","15:30-15:35","ETH","Up","Ask","7","0.52","46","23.92","881.7","438.9796","2026-07-04T15:29:30.8051036+03:00","2026-07-04 15:29:30","eth-updown-5m-1783168200","11021358056880614941735444708971598829986019002372086567322114025048215262911"
"1","15:30-15:35","ETH","Up","Ask","8","0.53","40","21.2","921.7","460.1796","2026-07-04T15:29:30.8051036+03:00","2026-07-04 15:29:30","eth-updown-5m-1783168200","11021358056880614941735444708971598829986019002372086567322114025048215262911"
"1","15:30-15:35","ETH","Up","Ask","9","0.54","46.52","25.1208","968.22","485.3004","2026-07-04T15:29:30.8051036+03:00","2026-07-04 15:29:30","eth-updown-5m-1783168200","11021358056880614941735444708971598829986019002372086567322114025048215262911"
"1","15:30-15:35","ETH","Up","Ask","10","0.55","125.42","68.981","1093.64","554.2814","2026-07-04T15:29:30.8051036+03:00","2026-07-04 15:29:30","eth-updown-5m-1783168200","11021358056880614941735444708971598829986019002372086567322114025048215262911"
"1","15:30-15:35","ETH","Up","Ask","11","0.56","219.3","122.808","1312.94","677.0894","2026-07-04T15:29:30.8051036+03:00","2026-07-04 15:29:30","eth-updown-5m-1783168200","11021358056880614941735444708971598829986019002372086567322114025048215262911"
"1","15:30-15:35","ETH","Up","Ask","12","0.57","119.08","67.8756","1432.02","744.965","2026-07-04T15:29:30.8051036+03:00","2026-07-04 15:29:30","eth-updown-5m-1783168200","11021358056880614941735444708971598829986019002372086567322114025048215262911"
"1","15:30-15:35","ETH","Up","Ask","13","0.58","126.6","73.428","1558.62","818.393","2026-07-04T15:29:30.8051036+03:00","2026-07-04 15:29:30","eth-updown-5m-1783168200","11021358056880614941735444708971598829986019002372086567322114025048215262911"
"1","15:30-15:35","ETH","Up","Ask","14","0.59","166","97.94","1724.62","916.333","2026-07-04T15:29:30.8051036+03:00","2026-07-04 15:29:30","eth-updown-5m-1783168200","11021358056880614941735444708971598829986019002372086567322114025048215262911"
"1","15:30-15:35","ETH","Up","Ask","15","0.6","109.7","65.82","1834.32","982.153","2026-07-04T15:29:30.8051036+03:00","2026-07-04 15:29:30","eth-updown-5m-1783168200","11021358056880614941735444708971598829986019002372086567322114025048215262911"
"1","15:30-15:35","ETH","Up","Ask","16","0.61","148.7","90.707","1983.02","1072.86","2026-07-04T15:29:30.8051036+03:00","2026-07-04 15:29:30","eth-updown-5m-1783168200","11021358056880614941735444708971598829986019002372086567322114025048215262911"
"1","15:30-15:35","ETH","Up","Ask","17","0.62","148.42","92.0204","2131.44","1164.8804","2026-07-04T15:29:30.8051036+03:00","2026-07-04 15:29:30","eth-updown-5m-1783168200","11021358056880614941735444708971598829986019002372086567322114025048215262911"
"1","15:30-15:35","ETH","Up","Ask","18","0.63","85","53.55","2216.44","1218.4304","2026-07-04T15:29:30.8051036+03:00","2026-07-04 15:29:30","eth-updown-5m-1783168200","11021358056880614941735444708971598829986019002372086567322114025048215262911"
"1","15:30-15:35","ETH","Up","Ask","19","0.64","104.44","66.8416","2320.88","1285.272","2026-07-04T15:29:30.8051036+03:00","2026-07-04 15:29:30","eth-updown-5m-1783168200","11021358056880614941735444708971598829986019002372086567322114025048215262911"
"1","15:30-15:35","ETH","Up","Ask","20","0.65","263.57","171.3205","2584.45","1456.5925","2026-07-04T15:29:30.8051036+03:00","2026-07-04 15:29:30","eth-updown-5m-1783168200","11021358056880614941735444708971598829986019002372086567322114025048215262911"
"1","15:30-15:35","ETH","Up","Ask","21","0.66","50","33","2634.45","1489.5925","2026-07-04T15:29:30.8051036+03:00","2026-07-04 15:29:30","eth-updown-5m-1783168200","11021358056880614941735444708971598829986019002372086567322114025048215262911"
"1","15:30-15:35","ETH","Up","Ask","22","0.67","90","60.3","2724.45","1549.8925","2026-07-04T15:29:30.8051036+03:00","2026-07-04 15:29:30","eth-updown-5m-1783168200","11021358056880614941735444708971598829986019002372086567322114025048215262911"
"1","15:30-15:35","ETH","Up","Ask","23","0.68","115","78.2","2839.45","1628.0925","2026-07-04T15:29:30.8051036+03:00","2026-07-04 15:29:30","eth-updown-5m-1783168200","11021358056880614941735444708971598829986019002372086567322114025048215262911"
"1","15:30-15:35","ETH","Up","Ask","24","0.69","65","44.85","2904.45","1672.9425","2026-07-04T15:29:30.8051036+03:00","2026-07-04 15:29:30","eth-updown-5m-1783168200","11021358056880614941735444708971598829986019002372086567322114025048215262911"
"1","15:30-15:35","ETH","Up","Ask","25","0.7","221.66","155.162","3126.11","1828.1045","2026-07-04T15:29:30.8051036+03:00","2026-07-04 15:29:30","eth-updown-5m-1783168200","11021358056880614941735444708971598829986019002372086567322114025048215262911"
"1","15:30-15:35","ETH","Up","Ask","26","0.71","32.23","22.8833","3158.34","1850.9878","2026-07-04T15:29:30.8051036+03:00","2026-07-04 15:29:30","eth-updown-5m-1783168200","11021358056880614941735444708971598829986019002372086567322114025048215262911"
"1","15:30-15:35","ETH","Up","Ask","27","0.72","80","57.6","3238.34","1908.5878","2026-07-04T15:29:30.8051036+03:00","2026-07-04 15:29:30","eth-updown-5m-1783168200","11021358056880614941735444708971598829986019002372086567322114025048215262911"
"1","15:30-15:35","ETH","Up","Ask","28","0.73","120","87.6","3358.34","1996.1878","2026-07-04T15:29:30.8051036+03:00","2026-07-04 15:29:30","eth-updown-5m-1783168200","11021358056880614941735444708971598829986019002372086567322114025048215262911"
"1","15:30-15:35","ETH","Up","Ask","29","0.74","125","92.5","3483.34","2088.6878","2026-07-04T15:29:30.8051036+03:00","2026-07-04 15:29:30","eth-updown-5m-1783168200","11021358056880614941735444708971598829986019002372086567322114025048215262911"
"1","15:30-15:35","ETH","Up","Ask","30","0.75","20","15","3503.34","2103.6878","2026-07-04T15:29:30.8051036+03:00","2026-07-04 15:29:30","eth-updown-5m-1783168200","11021358056880614941735444708971598829986019002372086567322114025048215262911"
"1","15:30-15:35","ETH","Up","Ask","31","0.76","195","148.2","3698.34","2251.8878","2026-07-04T15:29:30.8051036+03:00","2026-07-04 15:29:30","eth-updown-5m-1783168200","11021358056880614941735444708971598829986019002372086567322114025048215262911"
"1","15:30-15:35","ETH","Up","Ask","32","0.77","90","69.3","3788.34","2321.1878","2026-07-04T15:29:30.8051036+03:00","2026-07-04 15:29:30","eth-updown-5m-1783168200","11021358056880614941735444708971598829986019002372086567322114025048215262911"
"1","15:30-15:35","ETH","Up","Ask","33","0.78","35","27.3","3823.34","2348.4878","2026-07-04T15:29:30.8051036+03:00","2026-07-04 15:29:30","eth-updown-5m-1783168200","11021358056880614941735444708971598829986019002372086567322114025048215262911"
"1","15:30-15:35","ETH","Up","Ask","34","0.79","187","147.73","4010.34","2496.2178","2026-07-04T15:29:30.8051036+03:00","2026-07-04 15:29:30","eth-updown-5m-1783168200","11021358056880614941735444708971598829986019002372086567322114025048215262911"
"1","15:30-15:35","ETH","Up","Ask","35","0.8","207","165.6","4217.34","2661.8178","2026-07-04T15:29:30.8051036+03:00","2026-07-04 15:29:30","eth-updown-5m-1783168200","11021358056880614941735444708971598829986019002372086567322114025048215262911"
"1","15:30-15:35","ETH","Up","Ask","36","0.81","37","29.97","4254.34","2691.7878","2026-07-04T15:29:30.8051036+03:00","2026-07-04 15:29:30","eth-updown-5m-1783168200","11021358056880614941735444708971598829986019002372086567322114025048215262911"
"1","15:30-15:35","ETH","Up","Ask","37","0.82","12","9.84","4266.34","2701.6278","2026-07-04T15:29:30.8051036+03:00","2026-07-04 15:29:30","eth-updown-5m-1783168200","11021358056880614941735444708971598829986019002372086567322114025048215262911"
"1","15:30-15:35","ETH","Up","Ask","38","0.83","7","5.81","4273.34","2707.4378","2026-07-04T15:29:30.8051036+03:00","2026-07-04 15:29:30","eth-updown-5m-1783168200","11021358056880614941735444708971598829986019002372086567322114025048215262911"
"1","15:30-15:35","ETH","Up","Ask","39","0.84","35","29.4","4308.34","2736.8378","2026-07-04T15:29:30.8051036+03:00","2026-07-04 15:29:30","eth-updown-5m-1783168200","11021358056880614941735444708971598829986019002372086567322114025048215262911"
"1","15:30-15:35","ETH","Up","Ask","40","0.85","1635","1389.75","5943.34","4126.5878","2026-07-04T15:29:30.8051036+03:00","2026-07-04 15:29:30","eth-updown-5m-1783168200","11021358056880614941735444708971598829986019002372086567322114025048215262911"
"1","15:30-15:35","ETH","Up","Ask","41","0.86","20","17.2","5963.34","4143.7878","2026-07-04T15:29:30.8051036+03:00","2026-07-04 15:29:30","eth-updown-5m-1783168200","11021358056880614941735444708971598829986019002372086567322114025048215262911"
"1","15:30-15:35","ETH","Up","Ask","42","0.87","67","58.29","6030.34","4202.0778","2026-07-04T15:29:30.8051036+03:00","2026-07-04 15:29:30","eth-updown-5m-1783168200","11021358056880614941735444708971598829986019002372086567322114025048215262911"
"1","15:30-15:35","ETH","Up","Ask","43","0.88","67","58.96","6097.34","4261.0378","2026-07-04T15:29:30.8051036+03:00","2026-07-04 15:29:30","eth-updown-5m-1783168200","11021358056880614941735444708971598829986019002372086567322114025048215262911"
"1","15:30-15:35","ETH","Up","Ask","44","0.89","22","19.58","6119.34","4280.6178","2026-07-04T15:29:30.8051036+03:00","2026-07-04 15:29:30","eth-updown-5m-1783168200","11021358056880614941735444708971598829986019002372086567322114025048215262911"
"1","15:30-15:35","ETH","Up","Ask","45","0.9","2872","2584.8","8991.34","6865.4178","2026-07-04T15:29:30.8051036+03:00","2026-07-04 15:29:30","eth-updown-5m-1783168200","11021358056880614941735444708971598829986019002372086567322114025048215262911"
"1","15:30-15:35","ETH","Up","Ask","46","0.91","632.56","575.6296","9623.9","7441.0474","2026-07-04T15:29:30.8051036+03:00","2026-07-04 15:29:30","eth-updown-5m-1783168200","11021358056880614941735444708971598829986019002372086567322114025048215262911"
"1","15:30-15:35","ETH","Up","Ask","47","0.92","584.5","537.74","10208.4","7978.7874","2026-07-04T15:29:30.8051036+03:00","2026-07-04 15:29:30","eth-updown-5m-1783168200","11021358056880614941735444708971598829986019002372086567322114025048215262911"
"1","15:30-15:35","ETH","Up","Ask","48","0.93","747","694.71","10955.4","8673.4974","2026-07-04T15:29:30.8051036+03:00","2026-07-04 15:29:30","eth-updown-5m-1783168200","11021358056880614941735444708971598829986019002372086567322114025048215262911"
"1","15:30-15:35","ETH","Up","Ask","49","0.94","836.65","786.451","11792.05","9459.9484","2026-07-04T15:29:30.8051036+03:00","2026-07-04 15:29:30","eth-updown-5m-1783168200","11021358056880614941735444708971598829986019002372086567322114025048215262911"
"1","15:30-15:35","ETH","Up","Ask","50","0.95","610","579.5","12402.05","10039.4484","2026-07-04T15:29:30.8051036+03:00","2026-07-04 15:29:30","eth-updown-5m-1783168200","11021358056880614941735444708971598829986019002372086567322114025048215262911"
"1","15:30-15:35","ETH","Up","Ask","51","0.96","987.5","948","13389.55","10987.4484","2026-07-04T15:29:30.8051036+03:00","2026-07-04 15:29:30","eth-updown-5m-1783168200","11021358056880614941735444708971598829986019002372086567322114025048215262911"
"1","15:30-15:35","ETH","Up","Ask","52","0.97","11050","10718.5","24439.55","21705.9484","2026-07-04T15:29:30.8051036+03:00","2026-07-04 15:29:30","eth-updown-5m-1783168200","11021358056880614941735444708971598829986019002372086567322114025048215262911"
"1","15:30-15:35","ETH","Up","Ask","53","0.98","1045","1024.1","25484.55","22730.0484","2026-07-04T15:29:30.8051036+03:00","2026-07-04 15:29:30","eth-updown-5m-1783168200","11021358056880614941735444708971598829986019002372086567322114025048215262911"
"1","15:30-15:35","ETH","Up","Ask","54","0.99","9341","9247.59","34825.55","31977.6384","2026-07-04T15:29:30.8051036+03:00","2026-07-04 15:29:30","eth-updown-5m-1783168200","11021358056880614941735444708971598829986019002372086567322114025048215262911"
"1","15:30-15:35","ETH","Up","Bid","1","0.44","135.31","59.5364","135.31","59.5364","2026-07-04T15:29:30.8051036+03:00","2026-07-04 15:29:30","eth-updown-5m-1783168200","11021358056880614941735444708971598829986019002372086567322114025048215262911"
"1","15:30-15:35","ETH","Up","Bid","2","0.43","334.87","143.9941","470.18","203.5305","2026-07-04T15:29:30.8051036+03:00","2026-07-04 15:29:30","eth-updown-5m-1783168200","11021358056880614941735444708971598829986019002372086567322114025048215262911"
"1","15:30-15:35","ETH","Up","Bid","3","0.42","356.6","149.772","826.78","353.3025","2026-07-04T15:29:30.8051036+03:00","2026-07-04 15:29:30","eth-updown-5m-1783168200","11021358056880614941735444708971598829986019002372086567322114025048215262911"
"1","15:30-15:35","ETH","Up","Bid","4","0.41","196","80.36","1022.78","433.6625","2026-07-04T15:29:30.8051036+03:00","2026-07-04 15:29:30","eth-updown-5m-1783168200","11021358056880614941735444708971598829986019002372086567322114025048215262911"
"1","15:30-15:35","ETH","Up","Bid","5","0.4","146.7","58.68","1169.48","492.3425","2026-07-04T15:29:30.8051036+03:00","2026-07-04 15:29:30","eth-updown-5m-1783168200","11021358056880614941735444708971598829986019002372086567322114025048215262911"
"1","15:30-15:35","ETH","Up","Bid","6","0.39","185.7","72.423","1355.18","564.7655","2026-07-04T15:29:30.8051036+03:00","2026-07-04 15:29:30","eth-updown-5m-1783168200","11021358056880614941735444708971598829986019002372086567322114025048215262911"
"1","15:30-15:35","ETH","Up","Bid","7","0.38","185.42","70.4596","1540.6","635.2251","2026-07-04T15:29:30.8051036+03:00","2026-07-04 15:29:30","eth-updown-5m-1783168200","11021358056880614941735444708971598829986019002372086567322114025048215262911"
"1","15:30-15:35","ETH","Up","Bid","8","0.37","92","34.04","1632.6","669.2651","2026-07-04T15:29:30.8051036+03:00","2026-07-04 15:29:30","eth-updown-5m-1783168200","11021358056880614941735444708971598829986019002372086567322114025048215262911"
"1","15:30-15:35","ETH","Up","Bid","9","0.36","104.44","37.5984","1737.04","706.8635","2026-07-04T15:29:30.8051036+03:00","2026-07-04 15:29:30","eth-updown-5m-1783168200","11021358056880614941735444708971598829986019002372086567322114025048215262911"
"1","15:30-15:35","ETH","Up","Bid","10","0.35","263.57","92.2495","2000.61","799.113","2026-07-04T15:29:30.8051036+03:00","2026-07-04 15:29:30","eth-updown-5m-1783168200","11021358056880614941735444708971598829986019002372086567322114025048215262911"
"1","15:30-15:35","ETH","Up","Bid","11","0.34","50","17","2050.61","816.113","2026-07-04T15:29:30.8051036+03:00","2026-07-04 15:29:30","eth-updown-5m-1783168200","11021358056880614941735444708971598829986019002372086567322114025048215262911"
"1","15:30-15:35","ETH","Up","Bid","12","0.33","90","29.7","2140.61","845.813","2026-07-04T15:29:30.8051036+03:00","2026-07-04 15:29:30","eth-updown-5m-1783168200","11021358056880614941735444708971598829986019002372086567322114025048215262911"
"1","15:30-15:35","ETH","Up","Bid","13","0.32","115","36.8","2255.61","882.613","2026-07-04T15:29:30.8051036+03:00","2026-07-04 15:29:30","eth-updown-5m-1783168200","11021358056880614941735444708971598829986019002372086567322114025048215262911"
"1","15:30-15:35","ETH","Up","Bid","14","0.31","65","20.15","2320.61","902.763","2026-07-04T15:29:30.8051036+03:00","2026-07-04 15:29:30","eth-updown-5m-1783168200","11021358056880614941735444708971598829986019002372086567322114025048215262911"
"1","15:30-15:35","ETH","Up","Bid","15","0.3","221.66","66.498","2542.27","969.261","2026-07-04T15:29:30.8051036+03:00","2026-07-04 15:29:30","eth-updown-5m-1783168200","11021358056880614941735444708971598829986019002372086567322114025048215262911"
"1","15:30-15:35","ETH","Up","Bid","16","0.29","32.23","9.3467","2574.5","978.6077","2026-07-04T15:29:30.8051036+03:00","2026-07-04 15:29:30","eth-updown-5m-1783168200","11021358056880614941735444708971598829986019002372086567322114025048215262911"
"1","15:30-15:35","ETH","Up","Bid","17","0.28","80","22.4","2654.5","1001.0077","2026-07-04T15:29:30.8051036+03:00","2026-07-04 15:29:30","eth-updown-5m-1783168200","11021358056880614941735444708971598829986019002372086567322114025048215262911"
"1","15:30-15:35","ETH","Up","Bid","18","0.27","120","32.4","2774.5","1033.4077","2026-07-04T15:29:30.8051036+03:00","2026-07-04 15:29:30","eth-updown-5m-1783168200","11021358056880614941735444708971598829986019002372086567322114025048215262911"
"1","15:30-15:35","ETH","Up","Bid","19","0.26","125","32.5","2899.5","1065.9077","2026-07-04T15:29:30.8051036+03:00","2026-07-04 15:29:30","eth-updown-5m-1783168200","11021358056880614941735444708971598829986019002372086567322114025048215262911"
"1","15:30-15:35","ETH","Up","Bid","20","0.25","20","5","2919.5","1070.9077","2026-07-04T15:29:30.8051036+03:00","2026-07-04 15:29:30","eth-updown-5m-1783168200","11021358056880614941735444708971598829986019002372086567322114025048215262911"
"1","15:30-15:35","ETH","Up","Bid","21","0.24","195","46.8","3114.5","1117.7077","2026-07-04T15:29:30.8051036+03:00","2026-07-04 15:29:30","eth-updown-5m-1783168200","11021358056880614941735444708971598829986019002372086567322114025048215262911"
"1","15:30-15:35","ETH","Up","Bid","22","0.23","90","20.7","3204.5","1138.4077","2026-07-04T15:29:30.8051036+03:00","2026-07-04 15:29:30","eth-updown-5m-1783168200","11021358056880614941735444708971598829986019002372086567322114025048215262911"
"1","15:30-15:35","ETH","Up","Bid","23","0.22","35","7.7","3239.5","1146.1077","2026-07-04T15:29:30.8051036+03:00","2026-07-04 15:29:30","eth-updown-5m-1783168200","11021358056880614941735444708971598829986019002372086567322114025048215262911"
"1","15:30-15:35","ETH","Up","Bid","24","0.21","187","39.27","3426.5","1185.3777","2026-07-04T15:29:30.8051036+03:00","2026-07-04 15:29:30","eth-updown-5m-1783168200","11021358056880614941735444708971598829986019002372086567322114025048215262911"
"1","15:30-15:35","ETH","Up","Bid","25","0.2","207","41.4","3633.5","1226.7777","2026-07-04T15:29:30.8051036+03:00","2026-07-04 15:29:30","eth-updown-5m-1783168200","11021358056880614941735444708971598829986019002372086567322114025048215262911"
"1","15:30-15:35","ETH","Up","Bid","26","0.19","37","7.03","3670.5","1233.8077","2026-07-04T15:29:30.8051036+03:00","2026-07-04 15:29:30","eth-updown-5m-1783168200","11021358056880614941735444708971598829986019002372086567322114025048215262911"
"1","15:30-15:35","ETH","Up","Bid","27","0.18","12","2.16","3682.5","1235.9677","2026-07-04T15:29:30.8051036+03:00","2026-07-04 15:29:30","eth-updown-5m-1783168200","11021358056880614941735444708971598829986019002372086567322114025048215262911"
"1","15:30-15:35","ETH","Up","Bid","28","0.17","7","1.19","3689.5","1237.1577","2026-07-04T15:29:30.8051036+03:00","2026-07-04 15:29:30","eth-updown-5m-1783168200","11021358056880614941735444708971598829986019002372086567322114025048215262911"
"1","15:30-15:35","ETH","Up","Bid","29","0.16","35","5.6","3724.5","1242.7577","2026-07-04T15:29:30.8051036+03:00","2026-07-04 15:29:30","eth-updown-5m-1783168200","11021358056880614941735444708971598829986019002372086567322114025048215262911"
"1","15:30-15:35","ETH","Up","Bid","30","0.15","1635","245.25","5359.5","1488.0077","2026-07-04T15:29:30.8051036+03:00","2026-07-04 15:29:30","eth-updown-5m-1783168200","11021358056880614941735444708971598829986019002372086567322114025048215262911"
"1","15:30-15:35","ETH","Up","Bid","31","0.14","20","2.8","5379.5","1490.8077","2026-07-04T15:29:30.8051036+03:00","2026-07-04 15:29:30","eth-updown-5m-1783168200","11021358056880614941735444708971598829986019002372086567322114025048215262911"
"1","15:30-15:35","ETH","Up","Bid","32","0.13","67","8.71","5446.5","1499.5177","2026-07-04T15:29:30.8051036+03:00","2026-07-04 15:29:30","eth-updown-5m-1783168200","11021358056880614941735444708971598829986019002372086567322114025048215262911"
"1","15:30-15:35","ETH","Up","Bid","33","0.12","67","8.04","5513.5","1507.5577","2026-07-04T15:29:30.8051036+03:00","2026-07-04 15:29:30","eth-updown-5m-1783168200","11021358056880614941735444708971598829986019002372086567322114025048215262911"
"1","15:30-15:35","ETH","Up","Bid","34","0.11","22","2.42","5535.5","1509.9777","2026-07-04T15:29:30.8051036+03:00","2026-07-04 15:29:30","eth-updown-5m-1783168200","11021358056880614941735444708971598829986019002372086567322114025048215262911"
"1","15:30-15:35","ETH","Up","Bid","35","0.1","2872","287.2","8407.5","1797.1777","2026-07-04T15:29:30.8051036+03:00","2026-07-04 15:29:30","eth-updown-5m-1783168200","11021358056880614941735444708971598829986019002372086567322114025048215262911"
"1","15:30-15:35","ETH","Up","Bid","36","0.09","632.56","56.9304","9040.06","1854.1081","2026-07-04T15:29:30.8051036+03:00","2026-07-04 15:29:30","eth-updown-5m-1783168200","11021358056880614941735444708971598829986019002372086567322114025048215262911"
"1","15:30-15:35","ETH","Up","Bid","37","0.08","584.5","46.76","9624.56","1900.8681","2026-07-04T15:29:30.8051036+03:00","2026-07-04 15:29:30","eth-updown-5m-1783168200","11021358056880614941735444708971598829986019002372086567322114025048215262911"
"1","15:30-15:35","ETH","Up","Bid","38","0.07","747","52.29","10371.56","1953.1581","2026-07-04T15:29:30.8051036+03:00","2026-07-04 15:29:30","eth-updown-5m-1783168200","11021358056880614941735444708971598829986019002372086567322114025048215262911"
"1","15:30-15:35","ETH","Up","Bid","39","0.06","836.65","50.199","11208.21","2003.3571","2026-07-04T15:29:30.8051036+03:00","2026-07-04 15:29:30","eth-updown-5m-1783168200","11021358056880614941735444708971598829986019002372086567322114025048215262911"
"1","15:30-15:35","ETH","Up","Bid","40","0.05","610","30.5","11818.21","2033.8571","2026-07-04T15:29:30.8051036+03:00","2026-07-04 15:29:30","eth-updown-5m-1783168200","11021358056880614941735444708971598829986019002372086567322114025048215262911"
"1","15:30-15:35","ETH","Up","Bid","41","0.04","987.5","39.5","12805.71","2073.3571","2026-07-04T15:29:30.8051036+03:00","2026-07-04 15:29:30","eth-updown-5m-1783168200","11021358056880614941735444708971598829986019002372086567322114025048215262911"
"1","15:30-15:35","ETH","Up","Bid","42","0.03","11045","331.35","23850.71","2404.7071","2026-07-04T15:29:30.8051036+03:00","2026-07-04 15:29:30","eth-updown-5m-1783168200","11021358056880614941735444708971598829986019002372086567322114025048215262911"
"1","15:30-15:35","ETH","Up","Bid","43","0.02","1045","20.9","24895.71","2425.6071","2026-07-04T15:29:30.8051036+03:00","2026-07-04 15:29:30","eth-updown-5m-1783168200","11021358056880614941735444708971598829986019002372086567322114025048215262911"
"1","15:30-15:35","ETH","Up","Bid","44","0.01","9341","93.41","34236.71","2519.0171","2026-07-04T15:29:30.8051036+03:00","2026-07-04 15:29:30","eth-updown-5m-1783168200","11021358056880614941735444708971598829986019002372086567322114025048215262911"
"1","15:30-15:35","SOL","Down","Ask","1","0.5","69.92","34.96","69.92","34.96","2026-07-04T15:29:31.0238804+03:00","2026-07-04 15:29:30","sol-updown-5m-1783168200","22339917867367653993694218410852392531679371360168889811636890987471942979733"
"1","15:30-15:35","SOL","Down","Ask","2","0.51","55","28.05","124.92","63.01","2026-07-04T15:29:31.0238804+03:00","2026-07-04 15:29:30","sol-updown-5m-1783168200","22339917867367653993694218410852392531679371360168889811636890987471942979733"
"1","15:30-15:35","SOL","Down","Ask","3","0.52","10","5.2","134.92","68.21","2026-07-04T15:29:31.0238804+03:00","2026-07-04 15:29:30","sol-updown-5m-1783168200","22339917867367653993694218410852392531679371360168889811636890987471942979733"
"1","15:30-15:35","SOL","Down","Ask","4","0.53","30","15.9","164.92","84.11","2026-07-04T15:29:31.0238804+03:00","2026-07-04 15:29:30","sol-updown-5m-1783168200","22339917867367653993694218410852392531679371360168889811636890987471942979733"
"1","15:30-15:35","SOL","Down","Ask","5","0.54","31.52","17.0208","196.44","101.1308","2026-07-04T15:29:31.0238804+03:00","2026-07-04 15:29:30","sol-updown-5m-1783168200","22339917867367653993694218410852392531679371360168889811636890987471942979733"
"1","15:30-15:35","SOL","Down","Ask","6","0.55","137.66","75.713","334.1","176.8438","2026-07-04T15:29:31.0238804+03:00","2026-07-04 15:29:30","sol-updown-5m-1783168200","22339917867367653993694218410852392531679371360168889811636890987471942979733"
"1","15:30-15:35","SOL","Down","Ask","7","0.56","79","44.24","413.1","221.0838","2026-07-04T15:29:31.0238804+03:00","2026-07-04 15:29:30","sol-updown-5m-1783168200","22339917867367653993694218410852392531679371360168889811636890987471942979733"
"1","15:30-15:35","SOL","Down","Ask","8","0.57","123.27","70.2639","536.37","291.3477","2026-07-04T15:29:31.0238804+03:00","2026-07-04 15:29:30","sol-updown-5m-1783168200","22339917867367653993694218410852392531679371360168889811636890987471942979733"
"1","15:30-15:35","SOL","Down","Ask","9","0.58","107.14","62.1412","643.51","353.4889","2026-07-04T15:29:31.0238804+03:00","2026-07-04 15:29:30","sol-updown-5m-1783168200","22339917867367653993694218410852392531679371360168889811636890987471942979733"
"1","15:30-15:35","SOL","Down","Ask","10","0.59","40.63","23.9717","684.14","377.4606","2026-07-04T15:29:31.0238804+03:00","2026-07-04 15:29:30","sol-updown-5m-1783168200","22339917867367653993694218410852392531679371360168889811636890987471942979733"
"1","15:30-15:35","SOL","Down","Ask","11","0.6","42.5","25.5","726.64","402.9606","2026-07-04T15:29:31.0238804+03:00","2026-07-04 15:29:30","sol-updown-5m-1783168200","22339917867367653993694218410852392531679371360168889811636890987471942979733"
"1","15:30-15:35","SOL","Down","Ask","12","0.61","85","51.85","811.64","454.8106","2026-07-04T15:29:31.0238804+03:00","2026-07-04 15:29:30","sol-updown-5m-1783168200","22339917867367653993694218410852392531679371360168889811636890987471942979733"
"1","15:30-15:35","SOL","Down","Ask","13","0.62","5","3.1","816.64","457.9106","2026-07-04T15:29:31.0238804+03:00","2026-07-04 15:29:30","sol-updown-5m-1783168200","22339917867367653993694218410852392531679371360168889811636890987471942979733"
"1","15:30-15:35","SOL","Down","Ask","14","0.63","18.51","11.6613","835.15","469.5719","2026-07-04T15:29:31.0238804+03:00","2026-07-04 15:29:30","sol-updown-5m-1783168200","22339917867367653993694218410852392531679371360168889811636890987471942979733"
"1","15:30-15:35","SOL","Down","Ask","15","0.64","24.44","15.6416","859.59","485.2135","2026-07-04T15:29:31.0238804+03:00","2026-07-04 15:29:30","sol-updown-5m-1783168200","22339917867367653993694218410852392531679371360168889811636890987471942979733"
"1","15:30-15:35","SOL","Down","Ask","16","0.65","205","133.25","1064.59","618.4635","2026-07-04T15:29:31.0238804+03:00","2026-07-04 15:29:30","sol-updown-5m-1783168200","22339917867367653993694218410852392531679371360168889811636890987471942979733"
"1","15:30-15:35","SOL","Down","Ask","17","0.66","5","3.3","1069.59","621.7635","2026-07-04T15:29:31.0238804+03:00","2026-07-04 15:29:30","sol-updown-5m-1783168200","22339917867367653993694218410852392531679371360168889811636890987471942979733"
"1","15:30-15:35","SOL","Down","Ask","18","0.67","5","3.35","1074.59","625.1135","2026-07-04T15:29:31.0238804+03:00","2026-07-04 15:29:30","sol-updown-5m-1783168200","22339917867367653993694218410852392531679371360168889811636890987471942979733"
"1","15:30-15:35","SOL","Down","Ask","19","0.68","5","3.4","1079.59","628.5135","2026-07-04T15:29:31.0238804+03:00","2026-07-04 15:29:30","sol-updown-5m-1783168200","22339917867367653993694218410852392531679371360168889811636890987471942979733"
"1","15:30-15:35","SOL","Down","Ask","20","0.69","5","3.45","1084.59","631.9635","2026-07-04T15:29:31.0238804+03:00","2026-07-04 15:29:30","sol-updown-5m-1783168200","22339917867367653993694218410852392531679371360168889811636890987471942979733"
"1","15:30-15:35","SOL","Down","Ask","21","0.7","64.36","45.052","1148.95","677.0155","2026-07-04T15:29:31.0238804+03:00","2026-07-04 15:29:30","sol-updown-5m-1783168200","22339917867367653993694218410852392531679371360168889811636890987471942979733"
"1","15:30-15:35","SOL","Down","Ask","22","0.71","5","3.55","1153.95","680.5655","2026-07-04T15:29:31.0238804+03:00","2026-07-04 15:29:30","sol-updown-5m-1783168200","22339917867367653993694218410852392531679371360168889811636890987471942979733"
"1","15:30-15:35","SOL","Down","Ask","23","0.72","15.71","11.3112","1169.66","691.8767","2026-07-04T15:29:31.0238804+03:00","2026-07-04 15:29:30","sol-updown-5m-1783168200","22339917867367653993694218410852392531679371360168889811636890987471942979733"
"1","15:30-15:35","SOL","Down","Ask","24","0.73","5","3.65","1174.66","695.5267","2026-07-04T15:29:31.0238804+03:00","2026-07-04 15:29:30","sol-updown-5m-1783168200","22339917867367653993694218410852392531679371360168889811636890987471942979733"
"1","15:30-15:35","SOL","Down","Ask","25","0.74","10","7.4","1184.66","702.9267","2026-07-04T15:29:31.0238804+03:00","2026-07-04 15:29:30","sol-updown-5m-1783168200","22339917867367653993694218410852392531679371360168889811636890987471942979733"
"1","15:30-15:35","SOL","Down","Ask","26","0.75","15","11.25","1199.66","714.1767","2026-07-04T15:29:31.0238804+03:00","2026-07-04 15:29:30","sol-updown-5m-1783168200","22339917867367653993694218410852392531679371360168889811636890987471942979733"
"1","15:30-15:35","SOL","Down","Ask","27","0.76","30","22.8","1229.66","736.9767","2026-07-04T15:29:31.0238804+03:00","2026-07-04 15:29:30","sol-updown-5m-1783168200","22339917867367653993694218410852392531679371360168889811636890987471942979733"
"1","15:30-15:35","SOL","Down","Ask","28","0.77","30","23.1","1259.66","760.0767","2026-07-04T15:29:31.0238804+03:00","2026-07-04 15:29:30","sol-updown-5m-1783168200","22339917867367653993694218410852392531679371360168889811636890987471942979733"
"1","15:30-15:35","SOL","Down","Ask","29","0.78","15","11.7","1274.66","771.7767","2026-07-04T15:29:31.0238804+03:00","2026-07-04 15:29:30","sol-updown-5m-1783168200","22339917867367653993694218410852392531679371360168889811636890987471942979733"
"1","15:30-15:35","SOL","Down","Ask","30","0.79","17","13.43","1291.66","785.2067","2026-07-04T15:29:31.0238804+03:00","2026-07-04 15:29:30","sol-updown-5m-1783168200","22339917867367653993694218410852392531679371360168889811636890987471942979733"
"1","15:30-15:35","SOL","Down","Ask","31","0.8","100.9","80.72","1392.56","865.9267","2026-07-04T15:29:31.0238804+03:00","2026-07-04 15:29:30","sol-updown-5m-1783168200","22339917867367653993694218410852392531679371360168889811636890987471942979733"
"1","15:30-15:35","SOL","Down","Ask","32","0.81","22","17.82","1414.56","883.7467","2026-07-04T15:29:31.0238804+03:00","2026-07-04 15:29:30","sol-updown-5m-1783168200","22339917867367653993694218410852392531679371360168889811636890987471942979733"
"1","15:30-15:35","SOL","Down","Ask","33","0.82","27","22.14","1441.56","905.8867","2026-07-04T15:29:31.0238804+03:00","2026-07-04 15:29:30","sol-updown-5m-1783168200","22339917867367653993694218410852392531679371360168889811636890987471942979733"
"1","15:30-15:35","SOL","Down","Ask","34","0.83","22","18.26","1463.56","924.1467","2026-07-04T15:29:31.0238804+03:00","2026-07-04 15:29:30","sol-updown-5m-1783168200","22339917867367653993694218410852392531679371360168889811636890987471942979733"
"1","15:30-15:35","SOL","Down","Ask","35","0.84","22","18.48","1485.56","942.6267","2026-07-04T15:29:31.0238804+03:00","2026-07-04 15:29:30","sol-updown-5m-1783168200","22339917867367653993694218410852392531679371360168889811636890987471942979733"
"1","15:30-15:35","SOL","Down","Ask","36","0.85","101","85.85","1586.56","1028.4767","2026-07-04T15:29:31.0238804+03:00","2026-07-04 15:29:30","sol-updown-5m-1783168200","22339917867367653993694218410852392531679371360168889811636890987471942979733"
"1","15:30-15:35","SOL","Down","Ask","37","0.86","42","36.12","1628.56","1064.5967","2026-07-04T15:29:31.0238804+03:00","2026-07-04 15:29:30","sol-updown-5m-1783168200","22339917867367653993694218410852392531679371360168889811636890987471942979733"
"1","15:30-15:35","SOL","Down","Ask","38","0.87","37","32.19","1665.56","1096.7867","2026-07-04T15:29:31.0238804+03:00","2026-07-04 15:29:30","sol-updown-5m-1783168200","22339917867367653993694218410852392531679371360168889811636890987471942979733"
"1","15:30-15:35","SOL","Down","Ask","39","0.88","64","56.32","1729.56","1153.1067","2026-07-04T15:29:31.0238804+03:00","2026-07-04 15:29:30","sol-updown-5m-1783168200","22339917867367653993694218410852392531679371360168889811636890987471942979733"
"1","15:30-15:35","SOL","Down","Ask","40","0.89","30","26.7","1759.56","1179.8067","2026-07-04T15:29:31.0238804+03:00","2026-07-04 15:29:30","sol-updown-5m-1783168200","22339917867367653993694218410852392531679371360168889811636890987471942979733"
"1","15:30-15:35","SOL","Down","Ask","41","0.9","355.58","320.022","2115.14","1499.8287","2026-07-04T15:29:31.0238804+03:00","2026-07-04 15:29:30","sol-updown-5m-1783168200","22339917867367653993694218410852392531679371360168889811636890987471942979733"
"1","15:30-15:35","SOL","Down","Ask","42","0.91","600","546","2715.14","2045.8287","2026-07-04T15:29:31.0238804+03:00","2026-07-04 15:29:30","sol-updown-5m-1783168200","22339917867367653993694218410852392531679371360168889811636890987471942979733"
"1","15:30-15:35","SOL","Down","Ask","43","0.92","600","552","3315.14","2597.8287","2026-07-04T15:29:31.0238804+03:00","2026-07-04 15:29:30","sol-updown-5m-1783168200","22339917867367653993694218410852392531679371360168889811636890987471942979733"
"1","15:30-15:35","SOL","Down","Ask","44","0.93","600","558","3915.14","3155.8287","2026-07-04T15:29:31.0238804+03:00","2026-07-04 15:29:30","sol-updown-5m-1783168200","22339917867367653993694218410852392531679371360168889811636890987471942979733"
"1","15:30-15:35","SOL","Down","Ask","45","0.94","675","634.5","4590.14","3790.3287","2026-07-04T15:29:31.0238804+03:00","2026-07-04 15:29:30","sol-updown-5m-1783168200","22339917867367653993694218410852392531679371360168889811636890987471942979733"
"1","15:30-15:35","SOL","Down","Ask","46","0.95","965","916.75","5555.14","4707.0787","2026-07-04T15:29:31.0238804+03:00","2026-07-04 15:29:30","sol-updown-5m-1783168200","22339917867367653993694218410852392531679371360168889811636890987471942979733"
"1","15:30-15:35","SOL","Down","Ask","47","0.96","675","648","6230.14","5355.0787","2026-07-04T15:29:31.0238804+03:00","2026-07-04 15:29:30","sol-updown-5m-1783168200","22339917867367653993694218410852392531679371360168889811636890987471942979733"
"1","15:30-15:35","SOL","Down","Ask","48","0.97","6250","6062.5","12480.14","11417.5787","2026-07-04T15:29:31.0238804+03:00","2026-07-04 15:29:30","sol-updown-5m-1783168200","22339917867367653993694218410852392531679371360168889811636890987471942979733"
"1","15:30-15:35","SOL","Down","Ask","49","0.98","1190","1166.2","13670.14","12583.7787","2026-07-04T15:29:31.0238804+03:00","2026-07-04 15:29:30","sol-updown-5m-1783168200","22339917867367653993694218410852392531679371360168889811636890987471942979733"
"1","15:30-15:35","SOL","Down","Ask","50","0.99","10581","10475.19","24251.14","23058.9687","2026-07-04T15:29:31.0238804+03:00","2026-07-04 15:29:30","sol-updown-5m-1783168200","22339917867367653993694218410852392531679371360168889811636890987471942979733"
"1","15:30-15:35","SOL","Down","Bid","1","0.49","48","23.52","48","23.52","2026-07-04T15:29:31.0238804+03:00","2026-07-04 15:29:30","sol-updown-5m-1783168200","22339917867367653993694218410852392531679371360168889811636890987471942979733"
"1","15:30-15:35","SOL","Down","Bid","2","0.48","20","9.6","68","33.12","2026-07-04T15:29:31.0238804+03:00","2026-07-04 15:29:30","sol-updown-5m-1783168200","22339917867367653993694218410852392531679371360168889811636890987471942979733"
"1","15:30-15:35","SOL","Down","Bid","3","0.47","90","42.3","158","75.42","2026-07-04T15:29:31.0238804+03:00","2026-07-04 15:29:30","sol-updown-5m-1783168200","22339917867367653993694218410852392531679371360168889811636890987471942979733"
"1","15:30-15:35","SOL","Down","Bid","4","0.46","106.52","48.9992","264.52","124.4192","2026-07-04T15:29:31.0238804+03:00","2026-07-04 15:29:30","sol-updown-5m-1783168200","22339917867367653993694218410852392531679371360168889811636890987471942979733"
"1","15:30-15:35","SOL","Down","Bid","5","0.45","192.66","86.697","457.18","211.1162","2026-07-04T15:29:31.0238804+03:00","2026-07-04 15:29:30","sol-updown-5m-1783168200","22339917867367653993694218410852392531679371360168889811636890987471942979733"
"1","15:30-15:35","SOL","Down","Bid","6","0.44","79","34.76","536.18","245.8762","2026-07-04T15:29:31.0238804+03:00","2026-07-04 15:29:30","sol-updown-5m-1783168200","22339917867367653993694218410852392531679371360168889811636890987471942979733"
"1","15:30-15:35","SOL","Down","Bid","7","0.43","123.27","53.0061","659.45","298.8823","2026-07-04T15:29:31.0238804+03:00","2026-07-04 15:29:30","sol-updown-5m-1783168200","22339917867367653993694218410852392531679371360168889811636890987471942979733"
"1","15:30-15:35","SOL","Down","Bid","8","0.42","107.14","44.9988","766.59","343.8811","2026-07-04T15:29:31.0238804+03:00","2026-07-04 15:29:30","sol-updown-5m-1783168200","22339917867367653993694218410852392531679371360168889811636890987471942979733"
"1","15:30-15:35","SOL","Down","Bid","9","0.41","25.63","10.5083","792.22","354.3894","2026-07-04T15:29:31.0238804+03:00","2026-07-04 15:29:30","sol-updown-5m-1783168200","22339917867367653993694218410852392531679371360168889811636890987471942979733"
"1","15:30-15:35","SOL","Down","Bid","10","0.4","27.5","11","819.72","365.3894","2026-07-04T15:29:31.0238804+03:00","2026-07-04 15:29:30","sol-updown-5m-1783168200","22339917867367653993694218410852392531679371360168889811636890987471942979733"
"1","15:30-15:35","SOL","Down","Bid","11","0.39","85","33.15","904.72","398.5394","2026-07-04T15:29:31.0238804+03:00","2026-07-04 15:29:30","sol-updown-5m-1783168200","22339917867367653993694218410852392531679371360168889811636890987471942979733"
"1","15:30-15:35","SOL","Down","Bid","12","0.38","5","1.9","909.72","400.4394","2026-07-04T15:29:31.0238804+03:00","2026-07-04 15:29:30","sol-updown-5m-1783168200","22339917867367653993694218410852392531679371360168889811636890987471942979733"
"1","15:30-15:35","SOL","Down","Bid","13","0.37","18.51","6.8487","928.23","407.2881","2026-07-04T15:29:31.0238804+03:00","2026-07-04 15:29:30","sol-updown-5m-1783168200","22339917867367653993694218410852392531679371360168889811636890987471942979733"
"1","15:30-15:35","SOL","Down","Bid","14","0.36","24.44","8.7984","952.67","416.0865","2026-07-04T15:29:31.0238804+03:00","2026-07-04 15:29:30","sol-updown-5m-1783168200","22339917867367653993694218410852392531679371360168889811636890987471942979733"
"1","15:30-15:35","SOL","Down","Bid","15","0.35","205","71.75","1157.67","487.8365","2026-07-04T15:29:31.0238804+03:00","2026-07-04 15:29:30","sol-updown-5m-1783168200","22339917867367653993694218410852392531679371360168889811636890987471942979733"
"1","15:30-15:35","SOL","Down","Bid","16","0.34","5","1.7","1162.67","489.5365","2026-07-04T15:29:31.0238804+03:00","2026-07-04 15:29:30","sol-updown-5m-1783168200","22339917867367653993694218410852392531679371360168889811636890987471942979733"
"1","15:30-15:35","SOL","Down","Bid","17","0.33","5","1.65","1167.67","491.1865","2026-07-04T15:29:31.0238804+03:00","2026-07-04 15:29:30","sol-updown-5m-1783168200","22339917867367653993694218410852392531679371360168889811636890987471942979733"
"1","15:30-15:35","SOL","Down","Bid","18","0.32","5","1.6","1172.67","492.7865","2026-07-04T15:29:31.0238804+03:00","2026-07-04 15:29:30","sol-updown-5m-1783168200","22339917867367653993694218410852392531679371360168889811636890987471942979733"
"1","15:30-15:35","SOL","Down","Bid","19","0.31","5","1.55","1177.67","494.3365","2026-07-04T15:29:31.0238804+03:00","2026-07-04 15:29:30","sol-updown-5m-1783168200","22339917867367653993694218410852392531679371360168889811636890987471942979733"
"1","15:30-15:35","SOL","Down","Bid","20","0.3","64.36","19.308","1242.03","513.6445","2026-07-04T15:29:31.0238804+03:00","2026-07-04 15:29:30","sol-updown-5m-1783168200","22339917867367653993694218410852392531679371360168889811636890987471942979733"
"1","15:30-15:35","SOL","Down","Bid","21","0.29","5","1.45","1247.03","515.0945","2026-07-04T15:29:31.0238804+03:00","2026-07-04 15:29:30","sol-updown-5m-1783168200","22339917867367653993694218410852392531679371360168889811636890987471942979733"
"1","15:30-15:35","SOL","Down","Bid","22","0.28","15.71","4.3988","1262.74","519.4933","2026-07-04T15:29:31.0238804+03:00","2026-07-04 15:29:30","sol-updown-5m-1783168200","22339917867367653993694218410852392531679371360168889811636890987471942979733"
"1","15:30-15:35","SOL","Down","Bid","23","0.27","5","1.35","1267.74","520.8433","2026-07-04T15:29:31.0238804+03:00","2026-07-04 15:29:30","sol-updown-5m-1783168200","22339917867367653993694218410852392531679371360168889811636890987471942979733"
"1","15:30-15:35","SOL","Down","Bid","24","0.26","10","2.6","1277.74","523.4433","2026-07-04T15:29:31.0238804+03:00","2026-07-04 15:29:30","sol-updown-5m-1783168200","22339917867367653993694218410852392531679371360168889811636890987471942979733"
"1","15:30-15:35","SOL","Down","Bid","25","0.25","15","3.75","1292.74","527.1933","2026-07-04T15:29:31.0238804+03:00","2026-07-04 15:29:30","sol-updown-5m-1783168200","22339917867367653993694218410852392531679371360168889811636890987471942979733"
"1","15:30-15:35","SOL","Down","Bid","26","0.24","30","7.2","1322.74","534.3933","2026-07-04T15:29:31.0238804+03:00","2026-07-04 15:29:30","sol-updown-5m-1783168200","22339917867367653993694218410852392531679371360168889811636890987471942979733"
"1","15:30-15:35","SOL","Down","Bid","27","0.23","30","6.9","1352.74","541.2933","2026-07-04T15:29:31.0238804+03:00","2026-07-04 15:29:30","sol-updown-5m-1783168200","22339917867367653993694218410852392531679371360168889811636890987471942979733"
"1","15:30-15:35","SOL","Down","Bid","28","0.22","15","3.3","1367.74","544.5933","2026-07-04T15:29:31.0238804+03:00","2026-07-04 15:29:30","sol-updown-5m-1783168200","22339917867367653993694218410852392531679371360168889811636890987471942979733"
"1","15:30-15:35","SOL","Down","Bid","29","0.21","17","3.57","1384.74","548.1633","2026-07-04T15:29:31.0238804+03:00","2026-07-04 15:29:30","sol-updown-5m-1783168200","22339917867367653993694218410852392531679371360168889811636890987471942979733"
"1","15:30-15:35","SOL","Down","Bid","30","0.2","100.9","20.18","1485.64","568.3433","2026-07-04T15:29:31.0238804+03:00","2026-07-04 15:29:30","sol-updown-5m-1783168200","22339917867367653993694218410852392531679371360168889811636890987471942979733"
"1","15:30-15:35","SOL","Down","Bid","31","0.19","22","4.18","1507.64","572.5233","2026-07-04T15:29:31.0238804+03:00","2026-07-04 15:29:30","sol-updown-5m-1783168200","22339917867367653993694218410852392531679371360168889811636890987471942979733"
"1","15:30-15:35","SOL","Down","Bid","32","0.18","27","4.86","1534.64","577.3833","2026-07-04T15:29:31.0238804+03:00","2026-07-04 15:29:30","sol-updown-5m-1783168200","22339917867367653993694218410852392531679371360168889811636890987471942979733"
"1","15:30-15:35","SOL","Down","Bid","33","0.17","22","3.74","1556.64","581.1233","2026-07-04T15:29:31.0238804+03:00","2026-07-04 15:29:30","sol-updown-5m-1783168200","22339917867367653993694218410852392531679371360168889811636890987471942979733"
"1","15:30-15:35","SOL","Down","Bid","34","0.16","15","2.4","1571.64","583.5233","2026-07-04T15:29:31.0238804+03:00","2026-07-04 15:29:30","sol-updown-5m-1783168200","22339917867367653993694218410852392531679371360168889811636890987471942979733"
"1","15:30-15:35","SOL","Down","Bid","35","0.15","94","14.1","1665.64","597.6233","2026-07-04T15:29:31.0238804+03:00","2026-07-04 15:29:30","sol-updown-5m-1783168200","22339917867367653993694218410852392531679371360168889811636890987471942979733"
"1","15:30-15:35","SOL","Down","Bid","36","0.14","35","4.9","1700.64","602.5233","2026-07-04T15:29:31.0238804+03:00","2026-07-04 15:29:30","sol-updown-5m-1783168200","22339917867367653993694218410852392531679371360168889811636890987471942979733"
"1","15:30-15:35","SOL","Down","Bid","37","0.13","30","3.9","1730.64","606.4233","2026-07-04T15:29:31.0238804+03:00","2026-07-04 15:29:30","sol-updown-5m-1783168200","22339917867367653993694218410852392531679371360168889811636890987471942979733"
"1","15:30-15:35","SOL","Down","Bid","38","0.12","57","6.84","1787.64","613.2633","2026-07-04T15:29:31.0238804+03:00","2026-07-04 15:29:30","sol-updown-5m-1783168200","22339917867367653993694218410852392531679371360168889811636890987471942979733"
"1","15:30-15:35","SOL","Down","Bid","39","0.11","30","3.3","1817.64","616.5633","2026-07-04T15:29:31.0238804+03:00","2026-07-04 15:29:30","sol-updown-5m-1783168200","22339917867367653993694218410852392531679371360168889811636890987471942979733"
"1","15:30-15:35","SOL","Down","Bid","40","0.1","355.58","35.558","2173.22","652.1213","2026-07-04T15:29:31.0238804+03:00","2026-07-04 15:29:30","sol-updown-5m-1783168200","22339917867367653993694218410852392531679371360168889811636890987471942979733"
"1","15:30-15:35","SOL","Down","Bid","41","0.09","600","54","2773.22","706.1213","2026-07-04T15:29:31.0238804+03:00","2026-07-04 15:29:30","sol-updown-5m-1783168200","22339917867367653993694218410852392531679371360168889811636890987471942979733"
"1","15:30-15:35","SOL","Down","Bid","42","0.08","600","48","3373.22","754.1213","2026-07-04T15:29:31.0238804+03:00","2026-07-04 15:29:30","sol-updown-5m-1783168200","22339917867367653993694218410852392531679371360168889811636890987471942979733"
"1","15:30-15:35","SOL","Down","Bid","43","0.07","600","42","3973.22","796.1213","2026-07-04T15:29:31.0238804+03:00","2026-07-04 15:29:30","sol-updown-5m-1783168200","22339917867367653993694218410852392531679371360168889811636890987471942979733"
"1","15:30-15:35","SOL","Down","Bid","44","0.06","675","40.5","4648.22","836.6213","2026-07-04T15:29:31.0238804+03:00","2026-07-04 15:29:30","sol-updown-5m-1783168200","22339917867367653993694218410852392531679371360168889811636890987471942979733"
"1","15:30-15:35","SOL","Down","Bid","45","0.05","965","48.25","5613.22","884.8713","2026-07-04T15:29:31.0238804+03:00","2026-07-04 15:29:30","sol-updown-5m-1783168200","22339917867367653993694218410852392531679371360168889811636890987471942979733"
"1","15:30-15:35","SOL","Down","Bid","46","0.04","675","27","6288.22","911.8713","2026-07-04T15:29:31.0238804+03:00","2026-07-04 15:29:30","sol-updown-5m-1783168200","22339917867367653993694218410852392531679371360168889811636890987471942979733"
"1","15:30-15:35","SOL","Down","Bid","47","0.03","6250","187.5","12538.22","1099.3713","2026-07-04T15:29:31.0238804+03:00","2026-07-04 15:29:30","sol-updown-5m-1783168200","22339917867367653993694218410852392531679371360168889811636890987471942979733"
"1","15:30-15:35","SOL","Down","Bid","48","0.02","1200","24","13738.22","1123.3713","2026-07-04T15:29:31.0238804+03:00","2026-07-04 15:29:30","sol-updown-5m-1783168200","22339917867367653993694218410852392531679371360168889811636890987471942979733"
"1","15:30-15:35","SOL","Down","Bid","49","0.01","10581","105.81","24319.22","1229.1813","2026-07-04T15:29:31.0238804+03:00","2026-07-04 15:29:30","sol-updown-5m-1783168200","22339917867367653993694218410852392531679371360168889811636890987471942979733"
"1","15:30-15:35","SOL","Up","Ask","1","0.51","48","24.48","48","24.48","2026-07-04T15:29:31.3194288+03:00","2026-07-04 15:29:30","sol-updown-5m-1783168200","3539534301764577237718587614609322279169873470470113119997070653213544436115"
"1","15:30-15:35","SOL","Up","Ask","2","0.52","20","10.4","68","34.88","2026-07-04T15:29:31.3194288+03:00","2026-07-04 15:29:30","sol-updown-5m-1783168200","3539534301764577237718587614609322279169873470470113119997070653213544436115"
"1","15:30-15:35","SOL","Up","Ask","3","0.53","90","47.7","158","82.58","2026-07-04T15:29:31.3194288+03:00","2026-07-04 15:29:30","sol-updown-5m-1783168200","3539534301764577237718587614609322279169873470470113119997070653213544436115"
"1","15:30-15:35","SOL","Up","Ask","4","0.54","106.52","57.5208","264.52","140.1008","2026-07-04T15:29:31.3194288+03:00","2026-07-04 15:29:30","sol-updown-5m-1783168200","3539534301764577237718587614609322279169873470470113119997070653213544436115"
"1","15:30-15:35","SOL","Up","Ask","5","0.55","192.66","105.963","457.18","246.0638","2026-07-04T15:29:31.3194288+03:00","2026-07-04 15:29:30","sol-updown-5m-1783168200","3539534301764577237718587614609322279169873470470113119997070653213544436115"
"1","15:30-15:35","SOL","Up","Ask","6","0.56","79","44.24","536.18","290.3038","2026-07-04T15:29:31.3194288+03:00","2026-07-04 15:29:30","sol-updown-5m-1783168200","3539534301764577237718587614609322279169873470470113119997070653213544436115"
"1","15:30-15:35","SOL","Up","Ask","7","0.57","123.27","70.2639","659.45","360.5677","2026-07-04T15:29:31.3194288+03:00","2026-07-04 15:29:30","sol-updown-5m-1783168200","3539534301764577237718587614609322279169873470470113119997070653213544436115"
"1","15:30-15:35","SOL","Up","Ask","8","0.58","107.14","62.1412","766.59","422.7089","2026-07-04T15:29:31.3194288+03:00","2026-07-04 15:29:30","sol-updown-5m-1783168200","3539534301764577237718587614609322279169873470470113119997070653213544436115"
"1","15:30-15:35","SOL","Up","Ask","9","0.59","25.63","15.1217","792.22","437.8306","2026-07-04T15:29:31.3194288+03:00","2026-07-04 15:29:30","sol-updown-5m-1783168200","3539534301764577237718587614609322279169873470470113119997070653213544436115"
"1","15:30-15:35","SOL","Up","Ask","10","0.6","27.5","16.5","819.72","454.3306","2026-07-04T15:29:31.3194288+03:00","2026-07-04 15:29:30","sol-updown-5m-1783168200","3539534301764577237718587614609322279169873470470113119997070653213544436115"
"1","15:30-15:35","SOL","Up","Ask","11","0.61","85","51.85","904.72","506.1806","2026-07-04T15:29:31.3194288+03:00","2026-07-04 15:29:30","sol-updown-5m-1783168200","3539534301764577237718587614609322279169873470470113119997070653213544436115"
"1","15:30-15:35","SOL","Up","Ask","12","0.62","5","3.1","909.72","509.2806","2026-07-04T15:29:31.3194288+03:00","2026-07-04 15:29:30","sol-updown-5m-1783168200","3539534301764577237718587614609322279169873470470113119997070653213544436115"
"1","15:30-15:35","SOL","Up","Ask","13","0.63","18.51","11.6613","928.23","520.9419","2026-07-04T15:29:31.3194288+03:00","2026-07-04 15:29:30","sol-updown-5m-1783168200","3539534301764577237718587614609322279169873470470113119997070653213544436115"
"1","15:30-15:35","SOL","Up","Ask","14","0.64","24.44","15.6416","952.67","536.5835","2026-07-04T15:29:31.3194288+03:00","2026-07-04 15:29:30","sol-updown-5m-1783168200","3539534301764577237718587614609322279169873470470113119997070653213544436115"
"1","15:30-15:35","SOL","Up","Ask","15","0.65","205","133.25","1157.67","669.8335","2026-07-04T15:29:31.3194288+03:00","2026-07-04 15:29:30","sol-updown-5m-1783168200","3539534301764577237718587614609322279169873470470113119997070653213544436115"
"1","15:30-15:35","SOL","Up","Ask","16","0.66","5","3.3","1162.67","673.1335","2026-07-04T15:29:31.3194288+03:00","2026-07-04 15:29:30","sol-updown-5m-1783168200","3539534301764577237718587614609322279169873470470113119997070653213544436115"
"1","15:30-15:35","SOL","Up","Ask","17","0.67","5","3.35","1167.67","676.4835","2026-07-04T15:29:31.3194288+03:00","2026-07-04 15:29:30","sol-updown-5m-1783168200","3539534301764577237718587614609322279169873470470113119997070653213544436115"
"1","15:30-15:35","SOL","Up","Ask","18","0.68","5","3.4","1172.67","679.8835","2026-07-04T15:29:31.3194288+03:00","2026-07-04 15:29:30","sol-updown-5m-1783168200","3539534301764577237718587614609322279169873470470113119997070653213544436115"
"1","15:30-15:35","SOL","Up","Ask","19","0.69","5","3.45","1177.67","683.3335","2026-07-04T15:29:31.3194288+03:00","2026-07-04 15:29:30","sol-updown-5m-1783168200","3539534301764577237718587614609322279169873470470113119997070653213544436115"
"1","15:30-15:35","SOL","Up","Ask","20","0.7","64.36","45.052","1242.03","728.3855","2026-07-04T15:29:31.3194288+03:00","2026-07-04 15:29:30","sol-updown-5m-1783168200","3539534301764577237718587614609322279169873470470113119997070653213544436115"
"1","15:30-15:35","SOL","Up","Ask","21","0.71","5","3.55","1247.03","731.9355","2026-07-04T15:29:31.3194288+03:00","2026-07-04 15:29:30","sol-updown-5m-1783168200","3539534301764577237718587614609322279169873470470113119997070653213544436115"
"1","15:30-15:35","SOL","Up","Ask","22","0.72","15.71","11.3112","1262.74","743.2467","2026-07-04T15:29:31.3194288+03:00","2026-07-04 15:29:30","sol-updown-5m-1783168200","3539534301764577237718587614609322279169873470470113119997070653213544436115"
"1","15:30-15:35","SOL","Up","Ask","23","0.73","5","3.65","1267.74","746.8967","2026-07-04T15:29:31.3194288+03:00","2026-07-04 15:29:30","sol-updown-5m-1783168200","3539534301764577237718587614609322279169873470470113119997070653213544436115"
"1","15:30-15:35","SOL","Up","Ask","24","0.74","10","7.4","1277.74","754.2967","2026-07-04T15:29:31.3194288+03:00","2026-07-04 15:29:30","sol-updown-5m-1783168200","3539534301764577237718587614609322279169873470470113119997070653213544436115"
"1","15:30-15:35","SOL","Up","Ask","25","0.75","15","11.25","1292.74","765.5467","2026-07-04T15:29:31.3194288+03:00","2026-07-04 15:29:30","sol-updown-5m-1783168200","3539534301764577237718587614609322279169873470470113119997070653213544436115"
"1","15:30-15:35","SOL","Up","Ask","26","0.76","30","22.8","1322.74","788.3467","2026-07-04T15:29:31.3194288+03:00","2026-07-04 15:29:30","sol-updown-5m-1783168200","3539534301764577237718587614609322279169873470470113119997070653213544436115"
"1","15:30-15:35","SOL","Up","Ask","27","0.77","30","23.1","1352.74","811.4467","2026-07-04T15:29:31.3194288+03:00","2026-07-04 15:29:30","sol-updown-5m-1783168200","3539534301764577237718587614609322279169873470470113119997070653213544436115"
"1","15:30-15:35","SOL","Up","Ask","28","0.78","15","11.7","1367.74","823.1467","2026-07-04T15:29:31.3194288+03:00","2026-07-04 15:29:30","sol-updown-5m-1783168200","3539534301764577237718587614609322279169873470470113119997070653213544436115"
"1","15:30-15:35","SOL","Up","Ask","29","0.79","17","13.43","1384.74","836.5767","2026-07-04T15:29:31.3194288+03:00","2026-07-04 15:29:30","sol-updown-5m-1783168200","3539534301764577237718587614609322279169873470470113119997070653213544436115"
"1","15:30-15:35","SOL","Up","Ask","30","0.8","100.9","80.72","1485.64","917.2967","2026-07-04T15:29:31.3194288+03:00","2026-07-04 15:29:30","sol-updown-5m-1783168200","3539534301764577237718587614609322279169873470470113119997070653213544436115"
"1","15:30-15:35","SOL","Up","Ask","31","0.81","22","17.82","1507.64","935.1167","2026-07-04T15:29:31.3194288+03:00","2026-07-04 15:29:30","sol-updown-5m-1783168200","3539534301764577237718587614609322279169873470470113119997070653213544436115"
"1","15:30-15:35","SOL","Up","Ask","32","0.82","27","22.14","1534.64","957.2567","2026-07-04T15:29:31.3194288+03:00","2026-07-04 15:29:30","sol-updown-5m-1783168200","3539534301764577237718587614609322279169873470470113119997070653213544436115"
"1","15:30-15:35","SOL","Up","Ask","33","0.83","22","18.26","1556.64","975.5167","2026-07-04T15:29:31.3194288+03:00","2026-07-04 15:29:30","sol-updown-5m-1783168200","3539534301764577237718587614609322279169873470470113119997070653213544436115"
"1","15:30-15:35","SOL","Up","Ask","34","0.84","15","12.6","1571.64","988.1167","2026-07-04T15:29:31.3194288+03:00","2026-07-04 15:29:30","sol-updown-5m-1783168200","3539534301764577237718587614609322279169873470470113119997070653213544436115"
"1","15:30-15:35","SOL","Up","Ask","35","0.85","94","79.9","1665.64","1068.0167","2026-07-04T15:29:31.3194288+03:00","2026-07-04 15:29:30","sol-updown-5m-1783168200","3539534301764577237718587614609322279169873470470113119997070653213544436115"
"1","15:30-15:35","SOL","Up","Ask","36","0.86","35","30.1","1700.64","1098.1167","2026-07-04T15:29:31.3194288+03:00","2026-07-04 15:29:30","sol-updown-5m-1783168200","3539534301764577237718587614609322279169873470470113119997070653213544436115"
"1","15:30-15:35","SOL","Up","Ask","37","0.87","30","26.1","1730.64","1124.2167","2026-07-04T15:29:31.3194288+03:00","2026-07-04 15:29:30","sol-updown-5m-1783168200","3539534301764577237718587614609322279169873470470113119997070653213544436115"
"1","15:30-15:35","SOL","Up","Ask","38","0.88","57","50.16","1787.64","1174.3767","2026-07-04T15:29:31.3194288+03:00","2026-07-04 15:29:30","sol-updown-5m-1783168200","3539534301764577237718587614609322279169873470470113119997070653213544436115"
"1","15:30-15:35","SOL","Up","Ask","39","0.89","30","26.7","1817.64","1201.0767","2026-07-04T15:29:31.3194288+03:00","2026-07-04 15:29:30","sol-updown-5m-1783168200","3539534301764577237718587614609322279169873470470113119997070653213544436115"
"1","15:30-15:35","SOL","Up","Ask","40","0.9","355.58","320.022","2173.22","1521.0987","2026-07-04T15:29:31.3194288+03:00","2026-07-04 15:29:30","sol-updown-5m-1783168200","3539534301764577237718587614609322279169873470470113119997070653213544436115"
"1","15:30-15:35","SOL","Up","Ask","41","0.91","600","546","2773.22","2067.0987","2026-07-04T15:29:31.3194288+03:00","2026-07-04 15:29:30","sol-updown-5m-1783168200","3539534301764577237718587614609322279169873470470113119997070653213544436115"
"1","15:30-15:35","SOL","Up","Ask","42","0.92","600","552","3373.22","2619.0987","2026-07-04T15:29:31.3194288+03:00","2026-07-04 15:29:30","sol-updown-5m-1783168200","3539534301764577237718587614609322279169873470470113119997070653213544436115"
"1","15:30-15:35","SOL","Up","Ask","43","0.93","600","558","3973.22","3177.0987","2026-07-04T15:29:31.3194288+03:00","2026-07-04 15:29:30","sol-updown-5m-1783168200","3539534301764577237718587614609322279169873470470113119997070653213544436115"
"1","15:30-15:35","SOL","Up","Ask","44","0.94","675","634.5","4648.22","3811.5987","2026-07-04T15:29:31.3194288+03:00","2026-07-04 15:29:30","sol-updown-5m-1783168200","3539534301764577237718587614609322279169873470470113119997070653213544436115"
"1","15:30-15:35","SOL","Up","Ask","45","0.95","965","916.75","5613.22","4728.3487","2026-07-04T15:29:31.3194288+03:00","2026-07-04 15:29:30","sol-updown-5m-1783168200","3539534301764577237718587614609322279169873470470113119997070653213544436115"
"1","15:30-15:35","SOL","Up","Ask","46","0.96","675","648","6288.22","5376.3487","2026-07-04T15:29:31.3194288+03:00","2026-07-04 15:29:30","sol-updown-5m-1783168200","3539534301764577237718587614609322279169873470470113119997070653213544436115"
"1","15:30-15:35","SOL","Up","Ask","47","0.97","6250","6062.5","12538.22","11438.8487","2026-07-04T15:29:31.3194288+03:00","2026-07-04 15:29:30","sol-updown-5m-1783168200","3539534301764577237718587614609322279169873470470113119997070653213544436115"
"1","15:30-15:35","SOL","Up","Ask","48","0.98","1200","1176","13738.22","12614.8487","2026-07-04T15:29:31.3194288+03:00","2026-07-04 15:29:30","sol-updown-5m-1783168200","3539534301764577237718587614609322279169873470470113119997070653213544436115"
"1","15:30-15:35","SOL","Up","Ask","49","0.99","10581","10475.19","24319.22","23090.0387","2026-07-04T15:29:31.3194288+03:00","2026-07-04 15:29:30","sol-updown-5m-1783168200","3539534301764577237718587614609322279169873470470113119997070653213544436115"
"1","15:30-15:35","SOL","Up","Bid","1","0.5","69.92","34.96","69.92","34.96","2026-07-04T15:29:31.3194288+03:00","2026-07-04 15:29:30","sol-updown-5m-1783168200","3539534301764577237718587614609322279169873470470113119997070653213544436115"
"1","15:30-15:35","SOL","Up","Bid","2","0.49","55","26.95","124.92","61.91","2026-07-04T15:29:31.3194288+03:00","2026-07-04 15:29:30","sol-updown-5m-1783168200","3539534301764577237718587614609322279169873470470113119997070653213544436115"
"1","15:30-15:35","SOL","Up","Bid","3","0.48","10","4.8","134.92","66.71","2026-07-04T15:29:31.3194288+03:00","2026-07-04 15:29:30","sol-updown-5m-1783168200","3539534301764577237718587614609322279169873470470113119997070653213544436115"
"1","15:30-15:35","SOL","Up","Bid","4","0.47","30","14.1","164.92","80.81","2026-07-04T15:29:31.3194288+03:00","2026-07-04 15:29:30","sol-updown-5m-1783168200","3539534301764577237718587614609322279169873470470113119997070653213544436115"
"1","15:30-15:35","SOL","Up","Bid","5","0.46","31.52","14.4992","196.44","95.3092","2026-07-04T15:29:31.3194288+03:00","2026-07-04 15:29:30","sol-updown-5m-1783168200","3539534301764577237718587614609322279169873470470113119997070653213544436115"
"1","15:30-15:35","SOL","Up","Bid","6","0.45","137.66","61.947","334.1","157.2562","2026-07-04T15:29:31.3194288+03:00","2026-07-04 15:29:30","sol-updown-5m-1783168200","3539534301764577237718587614609322279169873470470113119997070653213544436115"
"1","15:30-15:35","SOL","Up","Bid","7","0.44","79","34.76","413.1","192.0162","2026-07-04T15:29:31.3194288+03:00","2026-07-04 15:29:30","sol-updown-5m-1783168200","3539534301764577237718587614609322279169873470470113119997070653213544436115"
"1","15:30-15:35","SOL","Up","Bid","8","0.43","123.27","53.0061","536.37","245.0223","2026-07-04T15:29:31.3194288+03:00","2026-07-04 15:29:30","sol-updown-5m-1783168200","3539534301764577237718587614609322279169873470470113119997070653213544436115"
"1","15:30-15:35","SOL","Up","Bid","9","0.42","107.14","44.9988","643.51","290.0211","2026-07-04T15:29:31.3194288+03:00","2026-07-04 15:29:30","sol-updown-5m-1783168200","3539534301764577237718587614609322279169873470470113119997070653213544436115"
"1","15:30-15:35","SOL","Up","Bid","10","0.41","40.63","16.6583","684.14","306.6794","2026-07-04T15:29:31.3194288+03:00","2026-07-04 15:29:30","sol-updown-5m-1783168200","3539534301764577237718587614609322279169873470470113119997070653213544436115"
"1","15:30-15:35","SOL","Up","Bid","11","0.4","42.5","17","726.64","323.6794","2026-07-04T15:29:31.3194288+03:00","2026-07-04 15:29:30","sol-updown-5m-1783168200","3539534301764577237718587614609322279169873470470113119997070653213544436115"
"1","15:30-15:35","SOL","Up","Bid","12","0.39","85","33.15","811.64","356.8294","2026-07-04T15:29:31.3194288+03:00","2026-07-04 15:29:30","sol-updown-5m-1783168200","3539534301764577237718587614609322279169873470470113119997070653213544436115"
"1","15:30-15:35","SOL","Up","Bid","13","0.38","5","1.9","816.64","358.7294","2026-07-04T15:29:31.3194288+03:00","2026-07-04 15:29:30","sol-updown-5m-1783168200","3539534301764577237718587614609322279169873470470113119997070653213544436115"
"1","15:30-15:35","SOL","Up","Bid","14","0.37","18.51","6.8487","835.15","365.5781","2026-07-04T15:29:31.3194288+03:00","2026-07-04 15:29:30","sol-updown-5m-1783168200","3539534301764577237718587614609322279169873470470113119997070653213544436115"
"1","15:30-15:35","SOL","Up","Bid","15","0.36","24.44","8.7984","859.59","374.3765","2026-07-04T15:29:31.3194288+03:00","2026-07-04 15:29:30","sol-updown-5m-1783168200","3539534301764577237718587614609322279169873470470113119997070653213544436115"
"1","15:30-15:35","SOL","Up","Bid","16","0.35","205","71.75","1064.59","446.1265","2026-07-04T15:29:31.3194288+03:00","2026-07-04 15:29:30","sol-updown-5m-1783168200","3539534301764577237718587614609322279169873470470113119997070653213544436115"
"1","15:30-15:35","SOL","Up","Bid","17","0.34","5","1.7","1069.59","447.8265","2026-07-04T15:29:31.3194288+03:00","2026-07-04 15:29:30","sol-updown-5m-1783168200","3539534301764577237718587614609322279169873470470113119997070653213544436115"
"1","15:30-15:35","SOL","Up","Bid","18","0.33","5","1.65","1074.59","449.4765","2026-07-04T15:29:31.3194288+03:00","2026-07-04 15:29:30","sol-updown-5m-1783168200","3539534301764577237718587614609322279169873470470113119997070653213544436115"
"1","15:30-15:35","SOL","Up","Bid","19","0.32","5","1.6","1079.59","451.0765","2026-07-04T15:29:31.3194288+03:00","2026-07-04 15:29:30","sol-updown-5m-1783168200","3539534301764577237718587614609322279169873470470113119997070653213544436115"
"1","15:30-15:35","SOL","Up","Bid","20","0.31","5","1.55","1084.59","452.6265","2026-07-04T15:29:31.3194288+03:00","2026-07-04 15:29:30","sol-updown-5m-1783168200","3539534301764577237718587614609322279169873470470113119997070653213544436115"
"1","15:30-15:35","SOL","Up","Bid","21","0.3","64.36","19.308","1148.95","471.9345","2026-07-04T15:29:31.3194288+03:00","2026-07-04 15:29:30","sol-updown-5m-1783168200","3539534301764577237718587614609322279169873470470113119997070653213544436115"
"1","15:30-15:35","SOL","Up","Bid","22","0.29","5","1.45","1153.95","473.3845","2026-07-04T15:29:31.3194288+03:00","2026-07-04 15:29:30","sol-updown-5m-1783168200","3539534301764577237718587614609322279169873470470113119997070653213544436115"
"1","15:30-15:35","SOL","Up","Bid","23","0.28","15.71","4.3988","1169.66","477.7833","2026-07-04T15:29:31.3194288+03:00","2026-07-04 15:29:30","sol-updown-5m-1783168200","3539534301764577237718587614609322279169873470470113119997070653213544436115"
"1","15:30-15:35","SOL","Up","Bid","24","0.27","5","1.35","1174.66","479.1333","2026-07-04T15:29:31.3194288+03:00","2026-07-04 15:29:30","sol-updown-5m-1783168200","3539534301764577237718587614609322279169873470470113119997070653213544436115"
"1","15:30-15:35","SOL","Up","Bid","25","0.26","10","2.6","1184.66","481.7333","2026-07-04T15:29:31.3194288+03:00","2026-07-04 15:29:30","sol-updown-5m-1783168200","3539534301764577237718587614609322279169873470470113119997070653213544436115"
"1","15:30-15:35","SOL","Up","Bid","26","0.25","15","3.75","1199.66","485.4833","2026-07-04T15:29:31.3194288+03:00","2026-07-04 15:29:30","sol-updown-5m-1783168200","3539534301764577237718587614609322279169873470470113119997070653213544436115"
"1","15:30-15:35","SOL","Up","Bid","27","0.24","30","7.2","1229.66","492.6833","2026-07-04T15:29:31.3194288+03:00","2026-07-04 15:29:30","sol-updown-5m-1783168200","3539534301764577237718587614609322279169873470470113119997070653213544436115"
"1","15:30-15:35","SOL","Up","Bid","28","0.23","30","6.9","1259.66","499.5833","2026-07-04T15:29:31.3194288+03:00","2026-07-04 15:29:30","sol-updown-5m-1783168200","3539534301764577237718587614609322279169873470470113119997070653213544436115"
"1","15:30-15:35","SOL","Up","Bid","29","0.22","15","3.3","1274.66","502.8833","2026-07-04T15:29:31.3194288+03:00","2026-07-04 15:29:30","sol-updown-5m-1783168200","3539534301764577237718587614609322279169873470470113119997070653213544436115"
"1","15:30-15:35","SOL","Up","Bid","30","0.21","17","3.57","1291.66","506.4533","2026-07-04T15:29:31.3194288+03:00","2026-07-04 15:29:30","sol-updown-5m-1783168200","3539534301764577237718587614609322279169873470470113119997070653213544436115"
"1","15:30-15:35","SOL","Up","Bid","31","0.2","100.9","20.18","1392.56","526.6333","2026-07-04T15:29:31.3194288+03:00","2026-07-04 15:29:30","sol-updown-5m-1783168200","3539534301764577237718587614609322279169873470470113119997070653213544436115"
"1","15:30-15:35","SOL","Up","Bid","32","0.19","22","4.18","1414.56","530.8133","2026-07-04T15:29:31.3194288+03:00","2026-07-04 15:29:30","sol-updown-5m-1783168200","3539534301764577237718587614609322279169873470470113119997070653213544436115"
"1","15:30-15:35","SOL","Up","Bid","33","0.18","27","4.86","1441.56","535.6733","2026-07-04T15:29:31.3194288+03:00","2026-07-04 15:29:30","sol-updown-5m-1783168200","3539534301764577237718587614609322279169873470470113119997070653213544436115"
"1","15:30-15:35","SOL","Up","Bid","34","0.17","22","3.74","1463.56","539.4133","2026-07-04T15:29:31.3194288+03:00","2026-07-04 15:29:30","sol-updown-5m-1783168200","3539534301764577237718587614609322279169873470470113119997070653213544436115"
"1","15:30-15:35","SOL","Up","Bid","35","0.16","22","3.52","1485.56","542.9333","2026-07-04T15:29:31.3194288+03:00","2026-07-04 15:29:30","sol-updown-5m-1783168200","3539534301764577237718587614609322279169873470470113119997070653213544436115"
"1","15:30-15:35","SOL","Up","Bid","36","0.15","101","15.15","1586.56","558.0833","2026-07-04T15:29:31.3194288+03:00","2026-07-04 15:29:30","sol-updown-5m-1783168200","3539534301764577237718587614609322279169873470470113119997070653213544436115"
"1","15:30-15:35","SOL","Up","Bid","37","0.14","42","5.88","1628.56","563.9633","2026-07-04T15:29:31.3194288+03:00","2026-07-04 15:29:30","sol-updown-5m-1783168200","3539534301764577237718587614609322279169873470470113119997070653213544436115"
"1","15:30-15:35","SOL","Up","Bid","38","0.13","37","4.81","1665.56","568.7733","2026-07-04T15:29:31.3194288+03:00","2026-07-04 15:29:30","sol-updown-5m-1783168200","3539534301764577237718587614609322279169873470470113119997070653213544436115"
"1","15:30-15:35","SOL","Up","Bid","39","0.12","64","7.68","1729.56","576.4533","2026-07-04T15:29:31.3194288+03:00","2026-07-04 15:29:30","sol-updown-5m-1783168200","3539534301764577237718587614609322279169873470470113119997070653213544436115"
"1","15:30-15:35","SOL","Up","Bid","40","0.11","30","3.3","1759.56","579.7533","2026-07-04T15:29:31.3194288+03:00","2026-07-04 15:29:30","sol-updown-5m-1783168200","3539534301764577237718587614609322279169873470470113119997070653213544436115"
"1","15:30-15:35","SOL","Up","Bid","41","0.1","355.58","35.558","2115.14","615.3113","2026-07-04T15:29:31.3194288+03:00","2026-07-04 15:29:30","sol-updown-5m-1783168200","3539534301764577237718587614609322279169873470470113119997070653213544436115"
"1","15:30-15:35","SOL","Up","Bid","42","0.09","600","54","2715.14","669.3113","2026-07-04T15:29:31.3194288+03:00","2026-07-04 15:29:30","sol-updown-5m-1783168200","3539534301764577237718587614609322279169873470470113119997070653213544436115"
"1","15:30-15:35","SOL","Up","Bid","43","0.08","600","48","3315.14","717.3113","2026-07-04T15:29:31.3194288+03:00","2026-07-04 15:29:30","sol-updown-5m-1783168200","3539534301764577237718587614609322279169873470470113119997070653213544436115"
"1","15:30-15:35","SOL","Up","Bid","44","0.07","600","42","3915.14","759.3113","2026-07-04T15:29:31.3194288+03:00","2026-07-04 15:29:30","sol-updown-5m-1783168200","3539534301764577237718587614609322279169873470470113119997070653213544436115"
"1","15:30-15:35","SOL","Up","Bid","45","0.06","675","40.5","4590.14","799.8113","2026-07-04T15:29:31.3194288+03:00","2026-07-04 15:29:30","sol-updown-5m-1783168200","3539534301764577237718587614609322279169873470470113119997070653213544436115"
"1","15:30-15:35","SOL","Up","Bid","46","0.05","965","48.25","5555.14","848.0613","2026-07-04T15:29:31.3194288+03:00","2026-07-04 15:29:30","sol-updown-5m-1783168200","3539534301764577237718587614609322279169873470470113119997070653213544436115"
"1","15:30-15:35","SOL","Up","Bid","47","0.04","675","27","6230.14","875.0613","2026-07-04T15:29:31.3194288+03:00","2026-07-04 15:29:30","sol-updown-5m-1783168200","3539534301764577237718587614609322279169873470470113119997070653213544436115"
"1","15:30-15:35","SOL","Up","Bid","48","0.03","6250","187.5","12480.14","1062.5613","2026-07-04T15:29:31.3194288+03:00","2026-07-04 15:29:30","sol-updown-5m-1783168200","3539534301764577237718587614609322279169873470470113119997070653213544436115"
"1","15:30-15:35","SOL","Up","Bid","49","0.02","1190","23.8","13670.14","1086.3613","2026-07-04T15:29:31.3194288+03:00","2026-07-04 15:29:30","sol-updown-5m-1783168200","3539534301764577237718587614609322279169873470470113119997070653213544436115"
"1","15:30-15:35","SOL","Up","Bid","50","0.01","10581","105.81","24251.14","1192.1713","2026-07-04T15:29:31.3194288+03:00","2026-07-04 15:29:30","sol-updown-5m-1783168200","3539534301764577237718587614609322279169873470470113119997070653213544436115"
"2","15:35-15:40","BTC","Down","Ask","1","0.54","164.04","88.5816","164.04","88.5816","2026-07-04T15:34:30.0242248+03:00","2026-07-04 15:34:30","btc-updown-5m-1783168500","9357540110369406108427336289907258900466472115958823057235096135358079111402"
"2","15:35-15:40","BTC","Down","Ask","2","0.55","1317.98","724.889","1482.02","813.4706","2026-07-04T15:34:30.0242248+03:00","2026-07-04 15:34:30","btc-updown-5m-1783168500","9357540110369406108427336289907258900466472115958823057235096135358079111402"
"2","15:35-15:40","BTC","Down","Ask","3","0.56","731.26","409.5056","2213.28","1222.9762","2026-07-04T15:34:30.0242248+03:00","2026-07-04 15:34:30","btc-updown-5m-1783168500","9357540110369406108427336289907258900466472115958823057235096135358079111402"
"2","15:35-15:40","BTC","Down","Ask","4","0.57","654.25","372.9225","2867.53","1595.8987","2026-07-04T15:34:30.0242248+03:00","2026-07-04 15:34:30","btc-updown-5m-1783168500","9357540110369406108427336289907258900466472115958823057235096135358079111402"
"2","15:35-15:40","BTC","Down","Ask","5","0.58","529.7","307.226","3397.23","1903.1247","2026-07-04T15:34:30.0242248+03:00","2026-07-04 15:34:30","btc-updown-5m-1783168500","9357540110369406108427336289907258900466472115958823057235096135358079111402"
"2","15:35-15:40","BTC","Down","Ask","6","0.59","450.15","265.5885","3847.38","2168.7132","2026-07-04T15:34:30.0242248+03:00","2026-07-04 15:34:30","btc-updown-5m-1783168500","9357540110369406108427336289907258900466472115958823057235096135358079111402"
"2","15:35-15:40","BTC","Down","Ask","7","0.6","951.03","570.618","4798.41","2739.3312","2026-07-04T15:34:30.0242248+03:00","2026-07-04 15:34:30","btc-updown-5m-1783168500","9357540110369406108427336289907258900466472115958823057235096135358079111402"
"2","15:35-15:40","BTC","Down","Ask","8","0.61","584.63","356.6243","5383.04","3095.9555","2026-07-04T15:34:30.0242248+03:00","2026-07-04 15:34:30","btc-updown-5m-1783168500","9357540110369406108427336289907258900466472115958823057235096135358079111402"
"2","15:35-15:40","BTC","Down","Ask","9","0.62","457.84","283.8608","5840.88","3379.8163","2026-07-04T15:34:30.0242248+03:00","2026-07-04 15:34:30","btc-updown-5m-1783168500","9357540110369406108427336289907258900466472115958823057235096135358079111402"
"2","15:35-15:40","BTC","Down","Ask","10","0.63","785.24","494.7012","6626.12","3874.5175","2026-07-04T15:34:30.0242248+03:00","2026-07-04 15:34:30","btc-updown-5m-1783168500","9357540110369406108427336289907258900466472115958823057235096135358079111402"
"2","15:35-15:40","BTC","Down","Ask","11","0.64","850.47","544.3008","7476.59","4418.8183","2026-07-04T15:34:30.0242248+03:00","2026-07-04 15:34:30","btc-updown-5m-1783168500","9357540110369406108427336289907258900466472115958823057235096135358079111402"
"2","15:35-15:40","BTC","Down","Ask","12","0.65","1213.19","788.5735","8689.78","5207.3918","2026-07-04T15:34:30.0242248+03:00","2026-07-04 15:34:30","btc-updown-5m-1783168500","9357540110369406108427336289907258900466472115958823057235096135358079111402"
"2","15:35-15:40","BTC","Down","Ask","13","0.66","610.32","402.8112","9300.1","5610.203","2026-07-04T15:34:30.0242248+03:00","2026-07-04 15:34:30","btc-updown-5m-1783168500","9357540110369406108427336289907258900466472115958823057235096135358079111402"
"2","15:35-15:40","BTC","Down","Ask","14","0.67","815.61","546.4587","10115.71","6156.6617","2026-07-04T15:34:30.0242248+03:00","2026-07-04 15:34:30","btc-updown-5m-1783168500","9357540110369406108427336289907258900466472115958823057235096135358079111402"
"2","15:35-15:40","BTC","Down","Ask","15","0.68","696.14","473.3752","10811.85","6630.0369","2026-07-04T15:34:30.0242248+03:00","2026-07-04 15:34:30","btc-updown-5m-1783168500","9357540110369406108427336289907258900466472115958823057235096135358079111402"
"2","15:35-15:40","BTC","Down","Ask","16","0.69","859.04","592.7376","11670.89","7222.7745","2026-07-04T15:34:30.0242248+03:00","2026-07-04 15:34:30","btc-updown-5m-1783168500","9357540110369406108427336289907258900466472115958823057235096135358079111402"
"2","15:35-15:40","BTC","Down","Ask","17","0.7","1022.32","715.624","12693.21","7938.3985","2026-07-04T15:34:30.0242248+03:00","2026-07-04 15:34:30","btc-updown-5m-1783168500","9357540110369406108427336289907258900466472115958823057235096135358079111402"
"2","15:35-15:40","BTC","Down","Ask","18","0.71","676.35","480.2085","13369.56","8418.607","2026-07-04T15:34:30.0242248+03:00","2026-07-04 15:34:30","btc-updown-5m-1783168500","9357540110369406108427336289907258900466472115958823057235096135358079111402"
"2","15:35-15:40","BTC","Down","Ask","19","0.72","632.71","455.5512","14002.27","8874.1582","2026-07-04T15:34:30.0242248+03:00","2026-07-04 15:34:30","btc-updown-5m-1783168500","9357540110369406108427336289907258900466472115958823057235096135358079111402"
"2","15:35-15:40","BTC","Down","Ask","20","0.73","390","284.7","14392.27","9158.8582","2026-07-04T15:34:30.0242248+03:00","2026-07-04 15:34:30","btc-updown-5m-1783168500","9357540110369406108427336289907258900466472115958823057235096135358079111402"
"2","15:35-15:40","BTC","Down","Ask","21","0.74","270","199.8","14662.27","9358.6582","2026-07-04T15:34:30.0242248+03:00","2026-07-04 15:34:30","btc-updown-5m-1783168500","9357540110369406108427336289907258900466472115958823057235096135358079111402"
"2","15:35-15:40","BTC","Down","Ask","22","0.75","385","288.75","15047.27","9647.4082","2026-07-04T15:34:30.0242248+03:00","2026-07-04 15:34:30","btc-updown-5m-1783168500","9357540110369406108427336289907258900466472115958823057235096135358079111402"
"2","15:35-15:40","BTC","Down","Ask","23","0.76","775","589","15822.27","10236.4082","2026-07-04T15:34:30.0242248+03:00","2026-07-04 15:34:30","btc-updown-5m-1783168500","9357540110369406108427336289907258900466472115958823057235096135358079111402"
"2","15:35-15:40","BTC","Down","Ask","24","0.77","100","77","15922.27","10313.4082","2026-07-04T15:34:30.0242248+03:00","2026-07-04 15:34:30","btc-updown-5m-1783168500","9357540110369406108427336289907258900466472115958823057235096135358079111402"
"2","15:35-15:40","BTC","Down","Ask","25","0.78","705","549.9","16627.27","10863.3082","2026-07-04T15:34:30.0242248+03:00","2026-07-04 15:34:30","btc-updown-5m-1783168500","9357540110369406108427336289907258900466472115958823057235096135358079111402"
"2","15:35-15:40","BTC","Down","Ask","26","0.79","837","661.23","17464.27","11524.5382","2026-07-04T15:34:30.0242248+03:00","2026-07-04 15:34:30","btc-updown-5m-1783168500","9357540110369406108427336289907258900466472115958823057235096135358079111402"
"2","15:35-15:40","BTC","Down","Ask","27","0.8","797","637.6","18261.27","12162.1382","2026-07-04T15:34:30.0242248+03:00","2026-07-04 15:34:30","btc-updown-5m-1783168500","9357540110369406108427336289907258900466472115958823057235096135358079111402"
"2","15:35-15:40","BTC","Down","Ask","28","0.81","31","25.11","18292.27","12187.2482","2026-07-04T15:34:30.0242248+03:00","2026-07-04 15:34:30","btc-updown-5m-1783168500","9357540110369406108427336289907258900466472115958823057235096135358079111402"
"2","15:35-15:40","BTC","Down","Ask","29","0.82","36","29.52","18328.27","12216.7682","2026-07-04T15:34:30.0242248+03:00","2026-07-04 15:34:30","btc-updown-5m-1783168500","9357540110369406108427336289907258900466472115958823057235096135358079111402"
"2","15:35-15:40","BTC","Down","Ask","30","0.83","18","14.94","18346.27","12231.7082","2026-07-04T15:34:30.0242248+03:00","2026-07-04 15:34:30","btc-updown-5m-1783168500","9357540110369406108427336289907258900466472115958823057235096135358079111402"
"2","15:35-15:40","BTC","Down","Ask","31","0.84","47","39.48","18393.27","12271.1882","2026-07-04T15:34:30.0242248+03:00","2026-07-04 15:34:30","btc-updown-5m-1783168500","9357540110369406108427336289907258900466472115958823057235096135358079111402"
"2","15:35-15:40","BTC","Down","Ask","32","0.85","2180.33","1853.2805","20573.6","14124.4687","2026-07-04T15:34:30.0242248+03:00","2026-07-04 15:34:30","btc-updown-5m-1783168500","9357540110369406108427336289907258900466472115958823057235096135358079111402"
"2","15:35-15:40","BTC","Down","Ask","33","0.86","28","24.08","20601.6","14148.5487","2026-07-04T15:34:30.0242248+03:00","2026-07-04 15:34:30","btc-updown-5m-1783168500","9357540110369406108427336289907258900466472115958823057235096135358079111402"
"2","15:35-15:40","BTC","Down","Ask","34","0.87","67","58.29","20668.6","14206.8387","2026-07-04T15:34:30.0242248+03:00","2026-07-04 15:34:30","btc-updown-5m-1783168500","9357540110369406108427336289907258900466472115958823057235096135358079111402"
"2","15:35-15:40","BTC","Down","Ask","35","0.88","67","58.96","20735.6","14265.7987","2026-07-04T15:34:30.0242248+03:00","2026-07-04 15:34:30","btc-updown-5m-1783168500","9357540110369406108427336289907258900466472115958823057235096135358079111402"
"2","15:35-15:40","BTC","Down","Ask","36","0.89","260","231.4","20995.6","14497.1987","2026-07-04T15:34:30.0242248+03:00","2026-07-04 15:34:30","btc-updown-5m-1783168500","9357540110369406108427336289907258900466472115958823057235096135358079111402"
"2","15:35-15:40","BTC","Down","Ask","37","0.9","3893","3503.7","24888.6","18000.8987","2026-07-04T15:34:30.0242248+03:00","2026-07-04 15:34:30","btc-updown-5m-1783168500","9357540110369406108427336289907258900466472115958823057235096135358079111402"
"2","15:35-15:40","BTC","Down","Ask","38","0.91","661.56","602.0196","25550.16","18602.9183","2026-07-04T15:34:30.0242248+03:00","2026-07-04 15:34:30","btc-updown-5m-1783168500","9357540110369406108427336289907258900466472115958823057235096135358079111402"
"2","15:35-15:40","BTC","Down","Ask","39","0.92","752.5","692.3","26302.66","19295.2183","2026-07-04T15:34:30.0242248+03:00","2026-07-04 15:34:30","btc-updown-5m-1783168500","9357540110369406108427336289907258900466472115958823057235096135358079111402"
"2","15:35-15:40","BTC","Down","Ask","40","0.93","1022.86","951.2598","27325.52","20246.4781","2026-07-04T15:34:30.0242248+03:00","2026-07-04 15:34:30","btc-updown-5m-1783168500","9357540110369406108427336289907258900466472115958823057235096135358079111402"
"2","15:35-15:40","BTC","Down","Ask","41","0.94","1082.65","1017.691","28408.17","21264.1691","2026-07-04T15:34:30.0242248+03:00","2026-07-04 15:34:30","btc-updown-5m-1783168500","9357540110369406108427336289907258900466472115958823057235096135358079111402"
"2","15:35-15:40","BTC","Down","Ask","42","0.95","1321","1254.95","29729.17","22519.1191","2026-07-04T15:34:30.0242248+03:00","2026-07-04 15:34:30","btc-updown-5m-1783168500","9357540110369406108427336289907258900466472115958823057235096135358079111402"
"2","15:35-15:40","BTC","Down","Ask","43","0.96","1481.75","1422.48","31210.92","23941.5991","2026-07-04T15:34:30.0242248+03:00","2026-07-04 15:34:30","btc-updown-5m-1783168500","9357540110369406108427336289907258900466472115958823057235096135358079111402"
"2","15:35-15:40","BTC","Down","Ask","44","0.97","12140.82","11776.5954","43351.74","35718.1945","2026-07-04T15:34:30.0242248+03:00","2026-07-04 15:34:30","btc-updown-5m-1783168500","9357540110369406108427336289907258900466472115958823057235096135358079111402"
"2","15:35-15:40","BTC","Down","Ask","45","0.98","3100.74","3038.7252","46452.48","38756.9197","2026-07-04T15:34:30.0242248+03:00","2026-07-04 15:34:30","btc-updown-5m-1783168500","9357540110369406108427336289907258900466472115958823057235096135358079111402"
"2","15:35-15:40","BTC","Down","Ask","46","0.99","13915.47","13776.3153","60367.95","52533.235","2026-07-04T15:34:30.0242248+03:00","2026-07-04 15:34:30","btc-updown-5m-1783168500","9357540110369406108427336289907258900466472115958823057235096135358079111402"
"2","15:35-15:40","BTC","Down","Bid","1","0.53","5","2.65","5","2.65","2026-07-04T15:34:30.0242248+03:00","2026-07-04 15:34:30","btc-updown-5m-1783168500","9357540110369406108427336289907258900466472115958823057235096135358079111402"
"2","15:35-15:40","BTC","Down","Bid","2","0.52","71.81","37.3412","76.81","39.9912","2026-07-04T15:34:30.0242248+03:00","2026-07-04 15:34:30","btc-updown-5m-1783168500","9357540110369406108427336289907258900466472115958823057235096135358079111402"
"2","15:35-15:40","BTC","Down","Bid","3","0.51","20.78","10.5978","97.59","50.589","2026-07-04T15:34:30.0242248+03:00","2026-07-04 15:34:30","btc-updown-5m-1783168500","9357540110369406108427336289907258900466472115958823057235096135358079111402"
"2","15:35-15:40","BTC","Down","Bid","4","0.5","956.64","478.32","1054.23","528.909","2026-07-04T15:34:30.0242248+03:00","2026-07-04 15:34:30","btc-updown-5m-1783168500","9357540110369406108427336289907258900466472115958823057235096135358079111402"
"2","15:35-15:40","BTC","Down","Bid","5","0.49","3079.03","1508.7247","4133.26","2037.6337","2026-07-04T15:34:30.0242248+03:00","2026-07-04 15:34:30","btc-updown-5m-1783168500","9357540110369406108427336289907258900466472115958823057235096135358079111402"
"2","15:35-15:40","BTC","Down","Bid","6","0.48","477.25","229.08","4610.51","2266.7137","2026-07-04T15:34:30.0242248+03:00","2026-07-04 15:34:30","btc-updown-5m-1783168500","9357540110369406108427336289907258900466472115958823057235096135358079111402"
"2","15:35-15:40","BTC","Down","Bid","7","0.47","468.45","220.1715","5078.96","2486.8852","2026-07-04T15:34:30.0242248+03:00","2026-07-04 15:34:30","btc-updown-5m-1783168500","9357540110369406108427336289907258900466472115958823057235096135358079111402"
"2","15:35-15:40","BTC","Down","Bid","8","0.46","410.55","188.853","5489.51","2675.7382","2026-07-04T15:34:30.0242248+03:00","2026-07-04 15:34:30","btc-updown-5m-1783168500","9357540110369406108427336289907258900466472115958823057235096135358079111402"
"2","15:35-15:40","BTC","Down","Bid","9","0.45","890.98","400.941","6380.49","3076.6792","2026-07-04T15:34:30.0242248+03:00","2026-07-04 15:34:30","btc-updown-5m-1783168500","9357540110369406108427336289907258900466472115958823057235096135358079111402"
"2","15:35-15:40","BTC","Down","Bid","10","0.44","542.26","238.5944","6922.75","3315.2736","2026-07-04T15:34:30.0242248+03:00","2026-07-04 15:34:30","btc-updown-5m-1783168500","9357540110369406108427336289907258900466472115958823057235096135358079111402"
"2","15:35-15:40","BTC","Down","Bid","11","0.43","378.25","162.6475","7301","3477.9211","2026-07-04T15:34:30.0242248+03:00","2026-07-04 15:34:30","btc-updown-5m-1783168500","9357540110369406108427336289907258900466472115958823057235096135358079111402"
"2","15:35-15:40","BTC","Down","Bid","12","0.42","408.7","171.654","7709.7","3649.5751","2026-07-04T15:34:30.0242248+03:00","2026-07-04 15:34:30","btc-updown-5m-1783168500","9357540110369406108427336289907258900466472115958823057235096135358079111402"
"2","15:35-15:40","BTC","Down","Bid","13","0.41","359.15","147.2515","8068.85","3796.8266","2026-07-04T15:34:30.0242248+03:00","2026-07-04 15:34:30","btc-updown-5m-1783168500","9357540110369406108427336289907258900466472115958823057235096135358079111402"
"2","15:35-15:40","BTC","Down","Bid","14","0.4","479","191.6","8547.85","3988.4266","2026-07-04T15:34:30.0242248+03:00","2026-07-04 15:34:30","btc-updown-5m-1783168500","9357540110369406108427336289907258900466472115958823057235096135358079111402"
"2","15:35-15:40","BTC","Down","Bid","15","0.39","493.63","192.5157","9041.48","4180.9423","2026-07-04T15:34:30.0242248+03:00","2026-07-04 15:34:30","btc-updown-5m-1783168500","9357540110369406108427336289907258900466472115958823057235096135358079111402"
"2","15:35-15:40","BTC","Down","Bid","16","0.38","360.84","137.1192","9402.32","4318.0615","2026-07-04T15:34:30.0242248+03:00","2026-07-04 15:34:30","btc-updown-5m-1783168500","9357540110369406108427336289907258900466472115958823057235096135358079111402"
"2","15:35-15:40","BTC","Down","Bid","17","0.37","765.24","283.1388","10167.56","4601.2003","2026-07-04T15:34:30.0242248+03:00","2026-07-04 15:34:30","btc-updown-5m-1783168500","9357540110369406108427336289907258900466472115958823057235096135358079111402"
"2","15:35-15:40","BTC","Down","Bid","18","0.36","850.47","306.1692","11018.03","4907.3695","2026-07-04T15:34:30.0242248+03:00","2026-07-04 15:34:30","btc-updown-5m-1783168500","9357540110369406108427336289907258900466472115958823057235096135358079111402"
"2","15:35-15:40","BTC","Down","Bid","19","0.35","1228.19","429.8665","12246.22","5337.236","2026-07-04T15:34:30.0242248+03:00","2026-07-04 15:34:30","btc-updown-5m-1783168500","9357540110369406108427336289907258900466472115958823057235096135358079111402"
"2","15:35-15:40","BTC","Down","Bid","20","0.34","610.32","207.5088","12856.54","5544.7448","2026-07-04T15:34:30.0242248+03:00","2026-07-04 15:34:30","btc-updown-5m-1783168500","9357540110369406108427336289907258900466472115958823057235096135358079111402"
"2","15:35-15:40","BTC","Down","Bid","21","0.33","815.61","269.1513","13672.15","5813.8961","2026-07-04T15:34:30.0242248+03:00","2026-07-04 15:34:30","btc-updown-5m-1783168500","9357540110369406108427336289907258900466472115958823057235096135358079111402"
"2","15:35-15:40","BTC","Down","Bid","22","0.32","696.14","222.7648","14368.29","6036.6609","2026-07-04T15:34:30.0242248+03:00","2026-07-04 15:34:30","btc-updown-5m-1783168500","9357540110369406108427336289907258900466472115958823057235096135358079111402"
"2","15:35-15:40","BTC","Down","Bid","23","0.31","829.04","257.0024","15197.33","6293.6633","2026-07-04T15:34:30.0242248+03:00","2026-07-04 15:34:30","btc-updown-5m-1783168500","9357540110369406108427336289907258900466472115958823057235096135358079111402"
"2","15:35-15:40","BTC","Down","Bid","24","0.3","1012.32","303.696","16209.65","6597.3593","2026-07-04T15:34:30.0242248+03:00","2026-07-04 15:34:30","btc-updown-5m-1783168500","9357540110369406108427336289907258900466472115958823057235096135358079111402"
"2","15:35-15:40","BTC","Down","Bid","25","0.29","620.35","179.9015","16830","6777.2608","2026-07-04T15:34:30.0242248+03:00","2026-07-04 15:34:30","btc-updown-5m-1783168500","9357540110369406108427336289907258900466472115958823057235096135358079111402"
"2","15:35-15:40","BTC","Down","Bid","26","0.28","632.71","177.1588","17462.71","6954.4196","2026-07-04T15:34:30.0242248+03:00","2026-07-04 15:34:30","btc-updown-5m-1783168500","9357540110369406108427336289907258900466472115958823057235096135358079111402"
"2","15:35-15:40","BTC","Down","Bid","27","0.27","390","105.3","17852.71","7059.7196","2026-07-04T15:34:30.0242248+03:00","2026-07-04 15:34:30","btc-updown-5m-1783168500","9357540110369406108427336289907258900466472115958823057235096135358079111402"
"2","15:35-15:40","BTC","Down","Bid","28","0.26","270","70.2","18122.71","7129.9196","2026-07-04T15:34:30.0242248+03:00","2026-07-04 15:34:30","btc-updown-5m-1783168500","9357540110369406108427336289907258900466472115958823057235096135358079111402"
"2","15:35-15:40","BTC","Down","Bid","29","0.25","407","101.75","18529.71","7231.6696","2026-07-04T15:34:30.0242248+03:00","2026-07-04 15:34:30","btc-updown-5m-1783168500","9357540110369406108427336289907258900466472115958823057235096135358079111402"
"2","15:35-15:40","BTC","Down","Bid","30","0.24","775","186","19304.71","7417.6696","2026-07-04T15:34:30.0242248+03:00","2026-07-04 15:34:30","btc-updown-5m-1783168500","9357540110369406108427336289907258900466472115958823057235096135358079111402"
"2","15:35-15:40","BTC","Down","Bid","31","0.23","100","23","19404.71","7440.6696","2026-07-04T15:34:30.0242248+03:00","2026-07-04 15:34:30","btc-updown-5m-1783168500","9357540110369406108427336289907258900466472115958823057235096135358079111402"
"2","15:35-15:40","BTC","Down","Bid","32","0.22","705","155.1","20109.71","7595.7696","2026-07-04T15:34:30.0242248+03:00","2026-07-04 15:34:30","btc-updown-5m-1783168500","9357540110369406108427336289907258900466472115958823057235096135358079111402"
"2","15:35-15:40","BTC","Down","Bid","33","0.21","857","179.97","20966.71","7775.7396","2026-07-04T15:34:30.0242248+03:00","2026-07-04 15:34:30","btc-updown-5m-1783168500","9357540110369406108427336289907258900466472115958823057235096135358079111402"
"2","15:35-15:40","BTC","Down","Bid","34","0.2","797","159.4","21763.71","7935.1396","2026-07-04T15:34:30.0242248+03:00","2026-07-04 15:34:30","btc-updown-5m-1783168500","9357540110369406108427336289907258900466472115958823057235096135358079111402"
"2","15:35-15:40","BTC","Down","Bid","35","0.19","31","5.89","21794.71","7941.0296","2026-07-04T15:34:30.0242248+03:00","2026-07-04 15:34:30","btc-updown-5m-1783168500","9357540110369406108427336289907258900466472115958823057235096135358079111402"
"2","15:35-15:40","BTC","Down","Bid","36","0.18","36","6.48","21830.71","7947.5096","2026-07-04T15:34:30.0242248+03:00","2026-07-04 15:34:30","btc-updown-5m-1783168500","9357540110369406108427336289907258900466472115958823057235096135358079111402"
"2","15:35-15:40","BTC","Down","Bid","37","0.17","18","3.06","21848.71","7950.5696","2026-07-04T15:34:30.0242248+03:00","2026-07-04 15:34:30","btc-updown-5m-1783168500","9357540110369406108427336289907258900466472115958823057235096135358079111402"
"2","15:35-15:40","BTC","Down","Bid","38","0.16","47","7.52","21895.71","7958.0896","2026-07-04T15:34:30.0242248+03:00","2026-07-04 15:34:30","btc-updown-5m-1783168500","9357540110369406108427336289907258900466472115958823057235096135358079111402"
"2","15:35-15:40","BTC","Down","Bid","39","0.15","2180.33","327.0495","24076.04","8285.1391","2026-07-04T15:34:30.0242248+03:00","2026-07-04 15:34:30","btc-updown-5m-1783168500","9357540110369406108427336289907258900466472115958823057235096135358079111402"
"2","15:35-15:40","BTC","Down","Bid","40","0.14","28","3.92","24104.04","8289.0591","2026-07-04T15:34:30.0242248+03:00","2026-07-04 15:34:30","btc-updown-5m-1783168500","9357540110369406108427336289907258900466472115958823057235096135358079111402"
"2","15:35-15:40","BTC","Down","Bid","41","0.13","67","8.71","24171.04","8297.7691","2026-07-04T15:34:30.0242248+03:00","2026-07-04 15:34:30","btc-updown-5m-1783168500","9357540110369406108427336289907258900466472115958823057235096135358079111402"
"2","15:35-15:40","BTC","Down","Bid","42","0.12","67","8.04","24238.04","8305.8091","2026-07-04T15:34:30.0242248+03:00","2026-07-04 15:34:30","btc-updown-5m-1783168500","9357540110369406108427336289907258900466472115958823057235096135358079111402"
"2","15:35-15:40","BTC","Down","Bid","43","0.11","260","28.6","24498.04","8334.4091","2026-07-04T15:34:30.0242248+03:00","2026-07-04 15:34:30","btc-updown-5m-1783168500","9357540110369406108427336289907258900466472115958823057235096135358079111402"
"2","15:35-15:40","BTC","Down","Bid","44","0.1","3893","389.3","28391.04","8723.7091","2026-07-04T15:34:30.0242248+03:00","2026-07-04 15:34:30","btc-updown-5m-1783168500","9357540110369406108427336289907258900466472115958823057235096135358079111402"
"2","15:35-15:40","BTC","Down","Bid","45","0.09","661.56","59.5404","29052.6","8783.2495","2026-07-04T15:34:30.0242248+03:00","2026-07-04 15:34:30","btc-updown-5m-1783168500","9357540110369406108427336289907258900466472115958823057235096135358079111402"
"2","15:35-15:40","BTC","Down","Bid","46","0.08","752.5","60.2","29805.1","8843.4495","2026-07-04T15:34:30.0242248+03:00","2026-07-04 15:34:30","btc-updown-5m-1783168500","9357540110369406108427336289907258900466472115958823057235096135358079111402"
"2","15:35-15:40","BTC","Down","Bid","47","0.07","1022.86","71.6002","30827.96","8915.0497","2026-07-04T15:34:30.0242248+03:00","2026-07-04 15:34:30","btc-updown-5m-1783168500","9357540110369406108427336289907258900466472115958823057235096135358079111402"
"2","15:35-15:40","BTC","Down","Bid","48","0.06","1087.65","65.259","31915.61","8980.3087","2026-07-04T15:34:30.0242248+03:00","2026-07-04 15:34:30","btc-updown-5m-1783168500","9357540110369406108427336289907258900466472115958823057235096135358079111402"
"2","15:35-15:40","BTC","Down","Bid","49","0.05","1321","66.05","33236.61","9046.3587","2026-07-04T15:34:30.0242248+03:00","2026-07-04 15:34:30","btc-updown-5m-1783168500","9357540110369406108427336289907258900466472115958823057235096135358079111402"
"2","15:35-15:40","BTC","Down","Bid","50","0.04","1481.75","59.27","34718.36","9105.6287","2026-07-04T15:34:30.0242248+03:00","2026-07-04 15:34:30","btc-updown-5m-1783168500","9357540110369406108427336289907258900466472115958823057235096135358079111402"
"2","15:35-15:40","BTC","Down","Bid","51","0.03","12140.82","364.2246","46859.18","9469.8533","2026-07-04T15:34:30.0242248+03:00","2026-07-04 15:34:30","btc-updown-5m-1783168500","9357540110369406108427336289907258900466472115958823057235096135358079111402"
"2","15:35-15:40","BTC","Down","Bid","52","0.02","3105.67","62.1134","49964.85","9531.9667","2026-07-04T15:34:30.0242248+03:00","2026-07-04 15:34:30","btc-updown-5m-1783168500","9357540110369406108427336289907258900466472115958823057235096135358079111402"
"2","15:35-15:40","BTC","Down","Bid","53","0.01","13816.12","138.1612","63780.97","9670.1279","2026-07-04T15:34:30.0242248+03:00","2026-07-04 15:34:30","btc-updown-5m-1783168500","9357540110369406108427336289907258900466472115958823057235096135358079111402"
"2","15:35-15:40","BTC","Up","Ask","1","0.48","77.81","37.3488","77.81","37.3488","2026-07-04T15:34:31.5905435+03:00","2026-07-04 15:34:30","btc-updown-5m-1783168500","50189468093894605700587764741221506504526160353704003773924071907031658693950"
"2","15:35-15:40","BTC","Up","Ask","2","0.49","20.78","10.1822","98.59","47.531","2026-07-04T15:34:31.5905435+03:00","2026-07-04 15:34:30","btc-updown-5m-1783168500","50189468093894605700587764741221506504526160353704003773924071907031658693950"
"2","15:35-15:40","BTC","Up","Ask","3","0.5","956.64","478.32","1055.23","525.851","2026-07-04T15:34:31.5905435+03:00","2026-07-04 15:34:30","btc-updown-5m-1783168500","50189468093894605700587764741221506504526160353704003773924071907031658693950"
"2","15:35-15:40","BTC","Up","Ask","4","0.51","3079.03","1570.3053","4134.26","2096.1563","2026-07-04T15:34:31.5905435+03:00","2026-07-04 15:34:30","btc-updown-5m-1783168500","50189468093894605700587764741221506504526160353704003773924071907031658693950"
"2","15:35-15:40","BTC","Up","Ask","5","0.52","477.25","248.17","4611.51","2344.3263","2026-07-04T15:34:31.5905435+03:00","2026-07-04 15:34:30","btc-updown-5m-1783168500","50189468093894605700587764741221506504526160353704003773924071907031658693950"
"2","15:35-15:40","BTC","Up","Ask","6","0.53","468.45","248.2785","5079.96","2592.6048","2026-07-04T15:34:31.5905435+03:00","2026-07-04 15:34:30","btc-updown-5m-1783168500","50189468093894605700587764741221506504526160353704003773924071907031658693950"
"2","15:35-15:40","BTC","Up","Ask","7","0.54","393.55","212.517","5473.51","2805.1218","2026-07-04T15:34:31.5905435+03:00","2026-07-04 15:34:30","btc-updown-5m-1783168500","50189468093894605700587764741221506504526160353704003773924071907031658693950"
"2","15:35-15:40","BTC","Up","Ask","8","0.55","873.98","480.689","6347.49","3285.8108","2026-07-04T15:34:31.5905435+03:00","2026-07-04 15:34:30","btc-updown-5m-1783168500","50189468093894605700587764741221506504526160353704003773924071907031658693950"
"2","15:35-15:40","BTC","Up","Ask","9","0.56","525.26","294.1456","6872.75","3579.9564","2026-07-04T15:34:31.5905435+03:00","2026-07-04 15:34:30","btc-updown-5m-1783168500","50189468093894605700587764741221506504526160353704003773924071907031658693950"
"2","15:35-15:40","BTC","Up","Ask","10","0.57","361.25","205.9125","7234","3785.8689","2026-07-04T15:34:31.5905435+03:00","2026-07-04 15:34:30","btc-updown-5m-1783168500","50189468093894605700587764741221506504526160353704003773924071907031658693950"
"2","15:35-15:40","BTC","Up","Ask","11","0.58","391.7","227.186","7625.7","4013.0549","2026-07-04T15:34:31.5905435+03:00","2026-07-04 15:34:30","btc-updown-5m-1783168500","50189468093894605700587764741221506504526160353704003773924071907031658693950"
"2","15:35-15:40","BTC","Up","Ask","12","0.59","342.15","201.8685","7967.85","4214.9234","2026-07-04T15:34:31.5905435+03:00","2026-07-04 15:34:30","btc-updown-5m-1783168500","50189468093894605700587764741221506504526160353704003773924071907031658693950"
"2","15:35-15:40","BTC","Up","Ask","13","0.6","452","271.2","8419.85","4486.1234","2026-07-04T15:34:31.5905435+03:00","2026-07-04 15:34:30","btc-updown-5m-1783168500","50189468093894605700587764741221506504526160353704003773924071907031658693950"
"2","15:35-15:40","BTC","Up","Ask","14","0.61","493.63","301.1143","8913.48","4787.2377","2026-07-04T15:34:31.5905435+03:00","2026-07-04 15:34:30","btc-updown-5m-1783168500","50189468093894605700587764741221506504526160353704003773924071907031658693950"
"2","15:35-15:40","BTC","Up","Ask","15","0.62","360.84","223.7208","9274.32","5010.9585","2026-07-04T15:34:31.5905435+03:00","2026-07-04 15:34:30","btc-updown-5m-1783168500","50189468093894605700587764741221506504526160353704003773924071907031658693950"
"2","15:35-15:40","BTC","Up","Ask","16","0.63","765.24","482.1012","10039.56","5493.0597","2026-07-04T15:34:31.5905435+03:00","2026-07-04 15:34:30","btc-updown-5m-1783168500","50189468093894605700587764741221506504526160353704003773924071907031658693950"
"2","15:35-15:40","BTC","Up","Ask","17","0.64","850.47","544.3008","10890.03","6037.3605","2026-07-04T15:34:31.5905435+03:00","2026-07-04 15:34:30","btc-updown-5m-1783168500","50189468093894605700587764741221506504526160353704003773924071907031658693950"
"2","15:35-15:40","BTC","Up","Ask","18","0.65","1228.19","798.3235","12118.22","6835.684","2026-07-04T15:34:31.5905435+03:00","2026-07-04 15:34:30","btc-updown-5m-1783168500","50189468093894605700587764741221506504526160353704003773924071907031658693950"
"2","15:35-15:40","BTC","Up","Ask","19","0.66","610.32","402.8112","12728.54","7238.4952","2026-07-04T15:34:31.5905435+03:00","2026-07-04 15:34:30","btc-updown-5m-1783168500","50189468093894605700587764741221506504526160353704003773924071907031658693950"
"2","15:35-15:40","BTC","Up","Ask","20","0.67","815.61","546.4587","13544.15","7784.9539","2026-07-04T15:34:31.5905435+03:00","2026-07-04 15:34:30","btc-updown-5m-1783168500","50189468093894605700587764741221506504526160353704003773924071907031658693950"
"2","15:35-15:40","BTC","Up","Ask","21","0.68","696.14","473.3752","14240.29","8258.3291","2026-07-04T15:34:31.5905435+03:00","2026-07-04 15:34:30","btc-updown-5m-1783168500","50189468093894605700587764741221506504526160353704003773924071907031658693950"
"2","15:35-15:40","BTC","Up","Ask","22","0.69","829.04","572.0376","15069.33","8830.3667","2026-07-04T15:34:31.5905435+03:00","2026-07-04 15:34:30","btc-updown-5m-1783168500","50189468093894605700587764741221506504526160353704003773924071907031658693950"
"2","15:35-15:40","BTC","Up","Ask","23","0.7","1012.32","708.624","16081.65","9538.9907","2026-07-04T15:34:31.5905435+03:00","2026-07-04 15:34:30","btc-updown-5m-1783168500","50189468093894605700587764741221506504526160353704003773924071907031658693950"
"2","15:35-15:40","BTC","Up","Ask","24","0.71","620.35","440.4485","16702","9979.4392","2026-07-04T15:34:31.5905435+03:00","2026-07-04 15:34:30","btc-updown-5m-1783168500","50189468093894605700587764741221506504526160353704003773924071907031658693950"
"2","15:35-15:40","BTC","Up","Ask","25","0.72","632.71","455.5512","17334.71","10434.9904","2026-07-04T15:34:31.5905435+03:00","2026-07-04 15:34:30","btc-updown-5m-1783168500","50189468093894605700587764741221506504526160353704003773924071907031658693950"
"2","15:35-15:40","BTC","Up","Ask","26","0.73","390","284.7","17724.71","10719.6904","2026-07-04T15:34:31.5905435+03:00","2026-07-04 15:34:30","btc-updown-5m-1783168500","50189468093894605700587764741221506504526160353704003773924071907031658693950"
"2","15:35-15:40","BTC","Up","Ask","27","0.74","270","199.8","17994.71","10919.4904","2026-07-04T15:34:31.5905435+03:00","2026-07-04 15:34:30","btc-updown-5m-1783168500","50189468093894605700587764741221506504526160353704003773924071907031658693950"
"2","15:35-15:40","BTC","Up","Ask","28","0.75","407","305.25","18401.71","11224.7404","2026-07-04T15:34:31.5905435+03:00","2026-07-04 15:34:30","btc-updown-5m-1783168500","50189468093894605700587764741221506504526160353704003773924071907031658693950"
"2","15:35-15:40","BTC","Up","Ask","29","0.76","775","589","19176.71","11813.7404","2026-07-04T15:34:31.5905435+03:00","2026-07-04 15:34:30","btc-updown-5m-1783168500","50189468093894605700587764741221506504526160353704003773924071907031658693950"
"2","15:35-15:40","BTC","Up","Ask","30","0.77","100","77","19276.71","11890.7404","2026-07-04T15:34:31.5905435+03:00","2026-07-04 15:34:30","btc-updown-5m-1783168500","50189468093894605700587764741221506504526160353704003773924071907031658693950"
"2","15:35-15:40","BTC","Up","Ask","31","0.78","705","549.9","19981.71","12440.6404","2026-07-04T15:34:31.5905435+03:00","2026-07-04 15:34:30","btc-updown-5m-1783168500","50189468093894605700587764741221506504526160353704003773924071907031658693950"
"2","15:35-15:40","BTC","Up","Ask","32","0.79","857","677.03","20838.71","13117.6704","2026-07-04T15:34:31.5905435+03:00","2026-07-04 15:34:30","btc-updown-5m-1783168500","50189468093894605700587764741221506504526160353704003773924071907031658693950"
"2","15:35-15:40","BTC","Up","Ask","33","0.8","797","637.6","21635.71","13755.2704","2026-07-04T15:34:31.5905435+03:00","2026-07-04 15:34:30","btc-updown-5m-1783168500","50189468093894605700587764741221506504526160353704003773924071907031658693950"
"2","15:35-15:40","BTC","Up","Ask","34","0.81","31","25.11","21666.71","13780.3804","2026-07-04T15:34:31.5905435+03:00","2026-07-04 15:34:30","btc-updown-5m-1783168500","50189468093894605700587764741221506504526160353704003773924071907031658693950"
"2","15:35-15:40","BTC","Up","Ask","35","0.82","36","29.52","21702.71","13809.9004","2026-07-04T15:34:31.5905435+03:00","2026-07-04 15:34:30","btc-updown-5m-1783168500","50189468093894605700587764741221506504526160353704003773924071907031658693950"
"2","15:35-15:40","BTC","Up","Ask","36","0.83","18","14.94","21720.71","13824.8404","2026-07-04T15:34:31.5905435+03:00","2026-07-04 15:34:30","btc-updown-5m-1783168500","50189468093894605700587764741221506504526160353704003773924071907031658693950"
"2","15:35-15:40","BTC","Up","Ask","37","0.84","47","39.48","21767.71","13864.3204","2026-07-04T15:34:31.5905435+03:00","2026-07-04 15:34:30","btc-updown-5m-1783168500","50189468093894605700587764741221506504526160353704003773924071907031658693950"
"2","15:35-15:40","BTC","Up","Ask","38","0.85","2180.33","1853.2805","23948.04","15717.6009","2026-07-04T15:34:31.5905435+03:00","2026-07-04 15:34:30","btc-updown-5m-1783168500","50189468093894605700587764741221506504526160353704003773924071907031658693950"
"2","15:35-15:40","BTC","Up","Ask","39","0.86","28","24.08","23976.04","15741.6809","2026-07-04T15:34:31.5905435+03:00","2026-07-04 15:34:30","btc-updown-5m-1783168500","50189468093894605700587764741221506504526160353704003773924071907031658693950"
"2","15:35-15:40","BTC","Up","Ask","40","0.87","67","58.29","24043.04","15799.9709","2026-07-04T15:34:31.5905435+03:00","2026-07-04 15:34:30","btc-updown-5m-1783168500","50189468093894605700587764741221506504526160353704003773924071907031658693950"
"2","15:35-15:40","BTC","Up","Ask","41","0.88","67","58.96","24110.04","15858.9309","2026-07-04T15:34:31.5905435+03:00","2026-07-04 15:34:30","btc-updown-5m-1783168500","50189468093894605700587764741221506504526160353704003773924071907031658693950"
"2","15:35-15:40","BTC","Up","Ask","42","0.89","260","231.4","24370.04","16090.3309","2026-07-04T15:34:31.5905435+03:00","2026-07-04 15:34:30","btc-updown-5m-1783168500","50189468093894605700587764741221506504526160353704003773924071907031658693950"
"2","15:35-15:40","BTC","Up","Ask","43","0.9","3893","3503.7","28263.04","19594.0309","2026-07-04T15:34:31.5905435+03:00","2026-07-04 15:34:30","btc-updown-5m-1783168500","50189468093894605700587764741221506504526160353704003773924071907031658693950"
"2","15:35-15:40","BTC","Up","Ask","44","0.91","661.56","602.0196","28924.6","20196.0505","2026-07-04T15:34:31.5905435+03:00","2026-07-04 15:34:30","btc-updown-5m-1783168500","50189468093894605700587764741221506504526160353704003773924071907031658693950"
"2","15:35-15:40","BTC","Up","Ask","45","0.92","752.5","692.3","29677.1","20888.3505","2026-07-04T15:34:31.5905435+03:00","2026-07-04 15:34:30","btc-updown-5m-1783168500","50189468093894605700587764741221506504526160353704003773924071907031658693950"
"2","15:35-15:40","BTC","Up","Ask","46","0.93","1022.86","951.2598","30699.96","21839.6103","2026-07-04T15:34:31.5905435+03:00","2026-07-04 15:34:30","btc-updown-5m-1783168500","50189468093894605700587764741221506504526160353704003773924071907031658693950"
"2","15:35-15:40","BTC","Up","Ask","47","0.94","1087.65","1022.391","31787.61","22862.0013","2026-07-04T15:34:31.5905435+03:00","2026-07-04 15:34:30","btc-updown-5m-1783168500","50189468093894605700587764741221506504526160353704003773924071907031658693950"
"2","15:35-15:40","BTC","Up","Ask","48","0.95","1321","1254.95","33108.61","24116.9513","2026-07-04T15:34:31.5905435+03:00","2026-07-04 15:34:30","btc-updown-5m-1783168500","50189468093894605700587764741221506504526160353704003773924071907031658693950"
"2","15:35-15:40","BTC","Up","Ask","49","0.96","1481.75","1422.48","34590.36","25539.4313","2026-07-04T15:34:31.5905435+03:00","2026-07-04 15:34:30","btc-updown-5m-1783168500","50189468093894605700587764741221506504526160353704003773924071907031658693950"
"2","15:35-15:40","BTC","Up","Ask","50","0.97","12140.82","11776.5954","46731.18","37316.0267","2026-07-04T15:34:31.5905435+03:00","2026-07-04 15:34:30","btc-updown-5m-1783168500","50189468093894605700587764741221506504526160353704003773924071907031658693950"
"2","15:35-15:40","BTC","Up","Ask","51","0.98","3105.67","3043.5566","49836.85","40359.5833","2026-07-04T15:34:31.5905435+03:00","2026-07-04 15:34:30","btc-updown-5m-1783168500","50189468093894605700587764741221506504526160353704003773924071907031658693950"
"2","15:35-15:40","BTC","Up","Ask","52","0.99","13816.12","13677.9588","63652.97","54037.5421","2026-07-04T15:34:31.5905435+03:00","2026-07-04 15:34:30","btc-updown-5m-1783168500","50189468093894605700587764741221506504526160353704003773924071907031658693950"
"2","15:35-15:40","BTC","Up","Bid","1","0.46","164.04","75.4584","164.04","75.4584","2026-07-04T15:34:31.5905435+03:00","2026-07-04 15:34:30","btc-updown-5m-1783168500","50189468093894605700587764741221506504526160353704003773924071907031658693950"
"2","15:35-15:40","BTC","Up","Bid","2","0.45","1300.98","585.441","1465.02","660.8994","2026-07-04T15:34:31.5905435+03:00","2026-07-04 15:34:30","btc-updown-5m-1783168500","50189468093894605700587764741221506504526160353704003773924071907031658693950"
"2","15:35-15:40","BTC","Up","Bid","3","0.44","714.26","314.2744","2179.28","975.1738","2026-07-04T15:34:31.5905435+03:00","2026-07-04 15:34:30","btc-updown-5m-1783168500","50189468093894605700587764741221506504526160353704003773924071907031658693950"
"2","15:35-15:40","BTC","Up","Bid","4","0.43","637.25","274.0175","2816.53","1249.1913","2026-07-04T15:34:31.5905435+03:00","2026-07-04 15:34:30","btc-updown-5m-1783168500","50189468093894605700587764741221506504526160353704003773924071907031658693950"
"2","15:35-15:40","BTC","Up","Bid","5","0.42","512.7","215.334","3329.23","1464.5253","2026-07-04T15:34:31.5905435+03:00","2026-07-04 15:34:30","btc-updown-5m-1783168500","50189468093894605700587764741221506504526160353704003773924071907031658693950"
"2","15:35-15:40","BTC","Up","Bid","6","0.41","433.15","177.5915","3762.38","1642.1168","2026-07-04T15:34:31.5905435+03:00","2026-07-04 15:34:30","btc-updown-5m-1783168500","50189468093894605700587764741221506504526160353704003773924071907031658693950"
"2","15:35-15:40","BTC","Up","Bid","7","0.4","924.03","369.612","4686.41","2011.7288","2026-07-04T15:34:31.5905435+03:00","2026-07-04 15:34:30","btc-updown-5m-1783168500","50189468093894605700587764741221506504526160353704003773924071907031658693950"
"2","15:35-15:40","BTC","Up","Bid","8","0.39","584.63","228.0057","5271.04","2239.7345","2026-07-04T15:34:31.5905435+03:00","2026-07-04 15:34:30","btc-updown-5m-1783168500","50189468093894605700587764741221506504526160353704003773924071907031658693950"
"2","15:35-15:40","BTC","Up","Bid","9","0.38","457.84","173.9792","5728.88","2413.7137","2026-07-04T15:34:31.5905435+03:00","2026-07-04 15:34:30","btc-updown-5m-1783168500","50189468093894605700587764741221506504526160353704003773924071907031658693950"
"2","15:35-15:40","BTC","Up","Bid","10","0.37","785.24","290.5388","6514.12","2704.2525","2026-07-04T15:34:31.5905435+03:00","2026-07-04 15:34:30","btc-updown-5m-1783168500","50189468093894605700587764741221506504526160353704003773924071907031658693950"
"2","15:35-15:40","BTC","Up","Bid","11","0.36","850.47","306.1692","7364.59","3010.4217","2026-07-04T15:34:31.5905435+03:00","2026-07-04 15:34:30","btc-updown-5m-1783168500","50189468093894605700587764741221506504526160353704003773924071907031658693950"
"2","15:35-15:40","BTC","Up","Bid","12","0.35","1213.19","424.6165","8577.78","3435.0382","2026-07-04T15:34:31.5905435+03:00","2026-07-04 15:34:30","btc-updown-5m-1783168500","50189468093894605700587764741221506504526160353704003773924071907031658693950"
"2","15:35-15:40","BTC","Up","Bid","13","0.34","610.32","207.5088","9188.1","3642.547","2026-07-04T15:34:31.5905435+03:00","2026-07-04 15:34:30","btc-updown-5m-1783168500","50189468093894605700587764741221506504526160353704003773924071907031658693950"
"2","15:35-15:40","BTC","Up","Bid","14","0.33","815.61","269.1513","10003.71","3911.6983","2026-07-04T15:34:31.5905435+03:00","2026-07-04 15:34:30","btc-updown-5m-1783168500","50189468093894605700587764741221506504526160353704003773924071907031658693950"
"2","15:35-15:40","BTC","Up","Bid","15","0.32","696.14","222.7648","10699.85","4134.4631","2026-07-04T15:34:31.5905435+03:00","2026-07-04 15:34:30","btc-updown-5m-1783168500","50189468093894605700587764741221506504526160353704003773924071907031658693950"
"2","15:35-15:40","BTC","Up","Bid","16","0.31","859.04","266.3024","11558.89","4400.7655","2026-07-04T15:34:31.5905435+03:00","2026-07-04 15:34:30","btc-updown-5m-1783168500","50189468093894605700587764741221506504526160353704003773924071907031658693950"
"2","15:35-15:40","BTC","Up","Bid","17","0.3","1022.32","306.696","12581.21","4707.4615","2026-07-04T15:34:31.5905435+03:00","2026-07-04 15:34:30","btc-updown-5m-1783168500","50189468093894605700587764741221506504526160353704003773924071907031658693950"
"2","15:35-15:40","BTC","Up","Bid","18","0.29","676.35","196.1415","13257.56","4903.603","2026-07-04T15:34:31.5905435+03:00","2026-07-04 15:34:30","btc-updown-5m-1783168500","50189468093894605700587764741221506504526160353704003773924071907031658693950"
"2","15:35-15:40","BTC","Up","Bid","19","0.28","632.71","177.1588","13890.27","5080.7618","2026-07-04T15:34:31.5905435+03:00","2026-07-04 15:34:30","btc-updown-5m-1783168500","50189468093894605700587764741221506504526160353704003773924071907031658693950"
"2","15:35-15:40","BTC","Up","Bid","20","0.27","390","105.3","14280.27","5186.0618","2026-07-04T15:34:31.5905435+03:00","2026-07-04 15:34:30","btc-updown-5m-1783168500","50189468093894605700587764741221506504526160353704003773924071907031658693950"
"2","15:35-15:40","BTC","Up","Bid","21","0.26","270","70.2","14550.27","5256.2618","2026-07-04T15:34:31.5905435+03:00","2026-07-04 15:34:30","btc-updown-5m-1783168500","50189468093894605700587764741221506504526160353704003773924071907031658693950"
"2","15:35-15:40","BTC","Up","Bid","22","0.25","385","96.25","14935.27","5352.5118","2026-07-04T15:34:31.5905435+03:00","2026-07-04 15:34:30","btc-updown-5m-1783168500","50189468093894605700587764741221506504526160353704003773924071907031658693950"
"2","15:35-15:40","BTC","Up","Bid","23","0.24","775","186","15710.27","5538.5118","2026-07-04T15:34:31.5905435+03:00","2026-07-04 15:34:30","btc-updown-5m-1783168500","50189468093894605700587764741221506504526160353704003773924071907031658693950"
"2","15:35-15:40","BTC","Up","Bid","24","0.23","100","23","15810.27","5561.5118","2026-07-04T15:34:31.5905435+03:00","2026-07-04 15:34:30","btc-updown-5m-1783168500","50189468093894605700587764741221506504526160353704003773924071907031658693950"
"2","15:35-15:40","BTC","Up","Bid","25","0.22","705","155.1","16515.27","5716.6118","2026-07-04T15:34:31.5905435+03:00","2026-07-04 15:34:30","btc-updown-5m-1783168500","50189468093894605700587764741221506504526160353704003773924071907031658693950"
"2","15:35-15:40","BTC","Up","Bid","26","0.21","837","175.77","17352.27","5892.3818","2026-07-04T15:34:31.5905435+03:00","2026-07-04 15:34:30","btc-updown-5m-1783168500","50189468093894605700587764741221506504526160353704003773924071907031658693950"
"2","15:35-15:40","BTC","Up","Bid","27","0.2","797","159.4","18149.27","6051.7818","2026-07-04T15:34:31.5905435+03:00","2026-07-04 15:34:30","btc-updown-5m-1783168500","50189468093894605700587764741221506504526160353704003773924071907031658693950"
"2","15:35-15:40","BTC","Up","Bid","28","0.19","31","5.89","18180.27","6057.6718","2026-07-04T15:34:31.5905435+03:00","2026-07-04 15:34:30","btc-updown-5m-1783168500","50189468093894605700587764741221506504526160353704003773924071907031658693950"
"2","15:35-15:40","BTC","Up","Bid","29","0.18","36","6.48","18216.27","6064.1518","2026-07-04T15:34:31.5905435+03:00","2026-07-04 15:34:30","btc-updown-5m-1783168500","50189468093894605700587764741221506504526160353704003773924071907031658693950"
"2","15:35-15:40","BTC","Up","Bid","30","0.17","18","3.06","18234.27","6067.2118","2026-07-04T15:34:31.5905435+03:00","2026-07-04 15:34:30","btc-updown-5m-1783168500","50189468093894605700587764741221506504526160353704003773924071907031658693950"
"2","15:35-15:40","BTC","Up","Bid","31","0.16","47","7.52","18281.27","6074.7318","2026-07-04T15:34:31.5905435+03:00","2026-07-04 15:34:30","btc-updown-5m-1783168500","50189468093894605700587764741221506504526160353704003773924071907031658693950"
"2","15:35-15:40","BTC","Up","Bid","32","0.15","2180.33","327.0495","20461.6","6401.7813","2026-07-04T15:34:31.5905435+03:00","2026-07-04 15:34:30","btc-updown-5m-1783168500","50189468093894605700587764741221506504526160353704003773924071907031658693950"
"2","15:35-15:40","BTC","Up","Bid","33","0.14","28","3.92","20489.6","6405.7013","2026-07-04T15:34:31.5905435+03:00","2026-07-04 15:34:30","btc-updown-5m-1783168500","50189468093894605700587764741221506504526160353704003773924071907031658693950"
"2","15:35-15:40","BTC","Up","Bid","34","0.13","67","8.71","20556.6","6414.4113","2026-07-04T15:34:31.5905435+03:00","2026-07-04 15:34:30","btc-updown-5m-1783168500","50189468093894605700587764741221506504526160353704003773924071907031658693950"
"2","15:35-15:40","BTC","Up","Bid","35","0.12","67","8.04","20623.6","6422.4513","2026-07-04T15:34:31.5905435+03:00","2026-07-04 15:34:30","btc-updown-5m-1783168500","50189468093894605700587764741221506504526160353704003773924071907031658693950"
"2","15:35-15:40","BTC","Up","Bid","36","0.11","260","28.6","20883.6","6451.0513","2026-07-04T15:34:31.5905435+03:00","2026-07-04 15:34:30","btc-updown-5m-1783168500","50189468093894605700587764741221506504526160353704003773924071907031658693950"
"2","15:35-15:40","BTC","Up","Bid","37","0.1","3893","389.3","24776.6","6840.3513","2026-07-04T15:34:31.5905435+03:00","2026-07-04 15:34:30","btc-updown-5m-1783168500","50189468093894605700587764741221506504526160353704003773924071907031658693950"
"2","15:35-15:40","BTC","Up","Bid","38","0.09","661.56","59.5404","25438.16","6899.8917","2026-07-04T15:34:31.5905435+03:00","2026-07-04 15:34:30","btc-updown-5m-1783168500","50189468093894605700587764741221506504526160353704003773924071907031658693950"
"2","15:35-15:40","BTC","Up","Bid","39","0.08","752.5","60.2","26190.66","6960.0917","2026-07-04T15:34:31.5905435+03:00","2026-07-04 15:34:30","btc-updown-5m-1783168500","50189468093894605700587764741221506504526160353704003773924071907031658693950"
"2","15:35-15:40","BTC","Up","Bid","40","0.07","1022.86","71.6002","27213.52","7031.6919","2026-07-04T15:34:31.5905435+03:00","2026-07-04 15:34:30","btc-updown-5m-1783168500","50189468093894605700587764741221506504526160353704003773924071907031658693950"
"2","15:35-15:40","BTC","Up","Bid","41","0.06","1082.65","64.959","28296.17","7096.6509","2026-07-04T15:34:31.5905435+03:00","2026-07-04 15:34:30","btc-updown-5m-1783168500","50189468093894605700587764741221506504526160353704003773924071907031658693950"
"2","15:35-15:40","BTC","Up","Bid","42","0.05","1321","66.05","29617.17","7162.7009","2026-07-04T15:34:31.5905435+03:00","2026-07-04 15:34:30","btc-updown-5m-1783168500","50189468093894605700587764741221506504526160353704003773924071907031658693950"
"2","15:35-15:40","BTC","Up","Bid","43","0.04","1481.75","59.27","31098.92","7221.9709","2026-07-04T15:34:31.5905435+03:00","2026-07-04 15:34:30","btc-updown-5m-1783168500","50189468093894605700587764741221506504526160353704003773924071907031658693950"
"2","15:35-15:40","BTC","Up","Bid","44","0.03","12140.82","364.2246","43239.74","7586.1955","2026-07-04T15:34:31.5905435+03:00","2026-07-04 15:34:30","btc-updown-5m-1783168500","50189468093894605700587764741221506504526160353704003773924071907031658693950"
"2","15:35-15:40","BTC","Up","Bid","45","0.02","3100.74","62.0148","46340.48","7648.2103","2026-07-04T15:34:31.5905435+03:00","2026-07-04 15:34:30","btc-updown-5m-1783168500","50189468093894605700587764741221506504526160353704003773924071907031658693950"
"2","15:35-15:40","BTC","Up","Bid","46","0.01","13915.47","139.1547","60255.95","7787.365","2026-07-04T15:34:31.5905435+03:00","2026-07-04 15:34:30","btc-updown-5m-1783168500","50189468093894605700587764741221506504526160353704003773924071907031658693950"
"2","15:35-15:40","ETH","Down","Ask","1","0.56","199.64","111.7984","199.64","111.7984","2026-07-04T15:34:31.9741222+03:00","2026-07-04 15:34:30","eth-updown-5m-1783168500","85501899996232535590898924752999595820741514949757606949996988198176173493492"
"2","15:35-15:40","ETH","Down","Ask","2","0.57","287.16","163.6812","486.8","275.4796","2026-07-04T15:34:31.9741222+03:00","2026-07-04 15:34:30","eth-updown-5m-1783168500","85501899996232535590898924752999595820741514949757606949996988198176173493492"
"2","15:35-15:40","ETH","Down","Ask","3","0.58","326.6","189.428","813.4","464.9076","2026-07-04T15:34:31.9741222+03:00","2026-07-04 15:34:30","eth-updown-5m-1783168500","85501899996232535590898924752999595820741514949757606949996988198176173493492"
"2","15:35-15:40","ETH","Down","Ask","4","0.59","176","103.84","989.4","568.7476","2026-07-04T15:34:31.9741222+03:00","2026-07-04 15:34:30","eth-updown-5m-1783168500","85501899996232535590898924752999595820741514949757606949996988198176173493492"
"2","15:35-15:40","ETH","Down","Ask","5","0.6","119.7","71.82","1109.1","640.5676","2026-07-04T15:34:31.9741222+03:00","2026-07-04 15:34:30","eth-updown-5m-1783168500","85501899996232535590898924752999595820741514949757606949996988198176173493492"
"2","15:35-15:40","ETH","Down","Ask","6","0.61","178.7","109.007","1287.8","749.5746","2026-07-04T15:34:31.9741222+03:00","2026-07-04 15:34:30","eth-updown-5m-1783168500","85501899996232535590898924752999595820741514949757606949996988198176173493492"
"2","15:35-15:40","ETH","Down","Ask","7","0.62","185.42","114.9604","1473.22","864.535","2026-07-04T15:34:31.9741222+03:00","2026-07-04 15:34:30","eth-updown-5m-1783168500","85501899996232535590898924752999595820741514949757606949996988198176173493492"
"2","15:35-15:40","ETH","Down","Ask","8","0.63","122","76.86","1595.22","941.395","2026-07-04T15:34:31.9741222+03:00","2026-07-04 15:34:30","eth-updown-5m-1783168500","85501899996232535590898924752999595820741514949757606949996988198176173493492"
"2","15:35-15:40","ETH","Down","Ask","9","0.64","141.44","90.5216","1736.66","1031.9166","2026-07-04T15:34:31.9741222+03:00","2026-07-04 15:34:30","eth-updown-5m-1783168500","85501899996232535590898924752999595820741514949757606949996988198176173493492"
"2","15:35-15:40","ETH","Down","Ask","10","0.65","300.57","195.3705","2037.23","1227.2871","2026-07-04T15:34:31.9741222+03:00","2026-07-04 15:34:30","eth-updown-5m-1783168500","85501899996232535590898924752999595820741514949757606949996988198176173493492"
"2","15:35-15:40","ETH","Down","Ask","11","0.66","57","37.62","2094.23","1264.9071","2026-07-04T15:34:31.9741222+03:00","2026-07-04 15:34:30","eth-updown-5m-1783168500","85501899996232535590898924752999595820741514949757606949996988198176173493492"
"2","15:35-15:40","ETH","Down","Ask","12","0.67","90","60.3","2184.23","1325.2071","2026-07-04T15:34:31.9741222+03:00","2026-07-04 15:34:30","eth-updown-5m-1783168500","85501899996232535590898924752999595820741514949757606949996988198176173493492"
"2","15:35-15:40","ETH","Down","Ask","13","0.68","115","78.2","2299.23","1403.4071","2026-07-04T15:34:31.9741222+03:00","2026-07-04 15:34:30","eth-updown-5m-1783168500","85501899996232535590898924752999595820741514949757606949996988198176173493492"
"2","15:35-15:40","ETH","Down","Ask","14","0.69","65","44.85","2364.23","1448.2571","2026-07-04T15:34:31.9741222+03:00","2026-07-04 15:34:30","eth-updown-5m-1783168500","85501899996232535590898924752999595820741514949757606949996988198176173493492"
"2","15:35-15:40","ETH","Down","Ask","15","0.7","221.66","155.162","2585.89","1603.4191","2026-07-04T15:34:31.9741222+03:00","2026-07-04 15:34:30","eth-updown-5m-1783168500","85501899996232535590898924752999595820741514949757606949996988198176173493492"
"2","15:35-15:40","ETH","Down","Ask","16","0.71","32.23","22.8833","2618.12","1626.3024","2026-07-04T15:34:31.9741222+03:00","2026-07-04 15:34:30","eth-updown-5m-1783168500","85501899996232535590898924752999595820741514949757606949996988198176173493492"
"2","15:35-15:40","ETH","Down","Ask","17","0.72","80","57.6","2698.12","1683.9024","2026-07-04T15:34:31.9741222+03:00","2026-07-04 15:34:30","eth-updown-5m-1783168500","85501899996232535590898924752999595820741514949757606949996988198176173493492"
"2","15:35-15:40","ETH","Down","Ask","18","0.73","120","87.6","2818.12","1771.5024","2026-07-04T15:34:31.9741222+03:00","2026-07-04 15:34:30","eth-updown-5m-1783168500","85501899996232535590898924752999595820741514949757606949996988198176173493492"
"2","15:35-15:40","ETH","Down","Ask","19","0.74","125","92.5","2943.12","1864.0024","2026-07-04T15:34:31.9741222+03:00","2026-07-04 15:34:30","eth-updown-5m-1783168500","85501899996232535590898924752999595820741514949757606949996988198176173493492"
"2","15:35-15:40","ETH","Down","Ask","20","0.75","20","15","2963.12","1879.0024","2026-07-04T15:34:31.9741222+03:00","2026-07-04 15:34:30","eth-updown-5m-1783168500","85501899996232535590898924752999595820741514949757606949996988198176173493492"
"2","15:35-15:40","ETH","Down","Ask","21","0.76","195","148.2","3158.12","2027.2024","2026-07-04T15:34:31.9741222+03:00","2026-07-04 15:34:30","eth-updown-5m-1783168500","85501899996232535590898924752999595820741514949757606949996988198176173493492"
"2","15:35-15:40","ETH","Down","Ask","22","0.77","90","69.3","3248.12","2096.5024","2026-07-04T15:34:31.9741222+03:00","2026-07-04 15:34:30","eth-updown-5m-1783168500","85501899996232535590898924752999595820741514949757606949996988198176173493492"
"2","15:35-15:40","ETH","Down","Ask","23","0.78","35","27.3","3283.12","2123.8024","2026-07-04T15:34:31.9741222+03:00","2026-07-04 15:34:30","eth-updown-5m-1783168500","85501899996232535590898924752999595820741514949757606949996988198176173493492"
"2","15:35-15:40","ETH","Down","Ask","24","0.79","187","147.73","3470.12","2271.5324","2026-07-04T15:34:31.9741222+03:00","2026-07-04 15:34:30","eth-updown-5m-1783168500","85501899996232535590898924752999595820741514949757606949996988198176173493492"
"2","15:35-15:40","ETH","Down","Ask","25","0.8","207","165.6","3677.12","2437.1324","2026-07-04T15:34:31.9741222+03:00","2026-07-04 15:34:30","eth-updown-5m-1783168500","85501899996232535590898924752999595820741514949757606949996988198176173493492"
"2","15:35-15:40","ETH","Down","Ask","26","0.81","37","29.97","3714.12","2467.1024","2026-07-04T15:34:31.9741222+03:00","2026-07-04 15:34:30","eth-updown-5m-1783168500","85501899996232535590898924752999595820741514949757606949996988198176173493492"
"2","15:35-15:40","ETH","Down","Ask","27","0.82","12","9.84","3726.12","2476.9424","2026-07-04T15:34:31.9741222+03:00","2026-07-04 15:34:30","eth-updown-5m-1783168500","85501899996232535590898924752999595820741514949757606949996988198176173493492"
"2","15:35-15:40","ETH","Down","Ask","28","0.83","7","5.81","3733.12","2482.7524","2026-07-04T15:34:31.9741222+03:00","2026-07-04 15:34:30","eth-updown-5m-1783168500","85501899996232535590898924752999595820741514949757606949996988198176173493492"
"2","15:35-15:40","ETH","Down","Ask","29","0.84","35","29.4","3768.12","2512.1524","2026-07-04T15:34:31.9741222+03:00","2026-07-04 15:34:30","eth-updown-5m-1783168500","85501899996232535590898924752999595820741514949757606949996988198176173493492"
"2","15:35-15:40","ETH","Down","Ask","30","0.85","1635","1389.75","5403.12","3901.9024","2026-07-04T15:34:31.9741222+03:00","2026-07-04 15:34:30","eth-updown-5m-1783168500","85501899996232535590898924752999595820741514949757606949996988198176173493492"
"2","15:35-15:40","ETH","Down","Ask","31","0.86","20","17.2","5423.12","3919.1024","2026-07-04T15:34:31.9741222+03:00","2026-07-04 15:34:30","eth-updown-5m-1783168500","85501899996232535590898924752999595820741514949757606949996988198176173493492"
"2","15:35-15:40","ETH","Down","Ask","32","0.87","67","58.29","5490.12","3977.3924","2026-07-04T15:34:31.9741222+03:00","2026-07-04 15:34:30","eth-updown-5m-1783168500","85501899996232535590898924752999595820741514949757606949996988198176173493492"
"2","15:35-15:40","ETH","Down","Ask","33","0.88","67","58.96","5557.12","4036.3524","2026-07-04T15:34:31.9741222+03:00","2026-07-04 15:34:30","eth-updown-5m-1783168500","85501899996232535590898924752999595820741514949757606949996988198176173493492"
"2","15:35-15:40","ETH","Down","Ask","34","0.89","22","19.58","5579.12","4055.9324","2026-07-04T15:34:31.9741222+03:00","2026-07-04 15:34:30","eth-updown-5m-1783168500","85501899996232535590898924752999595820741514949757606949996988198176173493492"
"2","15:35-15:40","ETH","Down","Ask","35","0.9","2872","2584.8","8451.12","6640.7324","2026-07-04T15:34:31.9741222+03:00","2026-07-04 15:34:30","eth-updown-5m-1783168500","85501899996232535590898924752999595820741514949757606949996988198176173493492"
"2","15:35-15:40","ETH","Down","Ask","36","0.91","632.56","575.6296","9083.68","7216.362","2026-07-04T15:34:31.9741222+03:00","2026-07-04 15:34:30","eth-updown-5m-1783168500","85501899996232535590898924752999595820741514949757606949996988198176173493492"
"2","15:35-15:40","ETH","Down","Ask","37","0.92","584.5","537.74","9668.18","7754.102","2026-07-04T15:34:31.9741222+03:00","2026-07-04 15:34:30","eth-updown-5m-1783168500","85501899996232535590898924752999595820741514949757606949996988198176173493492"
"2","15:35-15:40","ETH","Down","Ask","38","0.93","747","694.71","10415.18","8448.812","2026-07-04T15:34:31.9741222+03:00","2026-07-04 15:34:30","eth-updown-5m-1783168500","85501899996232535590898924752999595820741514949757606949996988198176173493492"
"2","15:35-15:40","ETH","Down","Ask","39","0.94","836.65","786.451","11251.83","9235.263","2026-07-04T15:34:31.9741222+03:00","2026-07-04 15:34:30","eth-updown-5m-1783168500","85501899996232535590898924752999595820741514949757606949996988198176173493492"
"2","15:35-15:40","ETH","Down","Ask","40","0.95","735","698.25","11986.83","9933.513","2026-07-04T15:34:31.9741222+03:00","2026-07-04 15:34:30","eth-updown-5m-1783168500","85501899996232535590898924752999595820741514949757606949996988198176173493492"
"2","15:35-15:40","ETH","Down","Ask","41","0.96","1112.5","1068","13099.33","11001.513","2026-07-04T15:34:31.9741222+03:00","2026-07-04 15:34:30","eth-updown-5m-1783168500","85501899996232535590898924752999595820741514949757606949996988198176173493492"
"2","15:35-15:40","ETH","Down","Ask","42","0.97","11170","10834.9","24269.33","21836.413","2026-07-04T15:34:31.9741222+03:00","2026-07-04 15:34:30","eth-updown-5m-1783168500","85501899996232535590898924752999595820741514949757606949996988198176173493492"
"2","15:35-15:40","ETH","Down","Ask","43","0.98","1095","1073.1","25364.33","22909.513","2026-07-04T15:34:31.9741222+03:00","2026-07-04 15:34:30","eth-updown-5m-1783168500","85501899996232535590898924752999595820741514949757606949996988198176173493492"
"2","15:35-15:40","ETH","Down","Ask","44","0.99","9426","9331.74","34790.33","32241.253","2026-07-04T15:34:31.9741222+03:00","2026-07-04 15:34:30","eth-updown-5m-1783168500","85501899996232535590898924752999595820741514949757606949996988198176173493492"
"2","15:35-15:40","ETH","Down","Bid","1","0.54","24.94","13.4676","24.94","13.4676","2026-07-04T15:34:31.9741222+03:00","2026-07-04 15:34:30","eth-updown-5m-1783168500","85501899996232535590898924752999595820741514949757606949996988198176173493492"
"2","15:35-15:40","ETH","Down","Bid","2","0.53","47.36","25.1008","72.3","38.5684","2026-07-04T15:34:31.9741222+03:00","2026-07-04 15:34:30","eth-updown-5m-1783168500","85501899996232535590898924752999595820741514949757606949996988198176173493492"
"2","15:35-15:40","ETH","Down","Bid","3","0.52","32.87","17.0924","105.17","55.6608","2026-07-04T15:34:31.9741222+03:00","2026-07-04 15:34:30","eth-updown-5m-1783168500","85501899996232535590898924752999595820741514949757606949996988198176173493492"
"2","15:35-15:40","ETH","Down","Bid","4","0.51","261","133.11","366.17","188.7708","2026-07-04T15:34:31.9741222+03:00","2026-07-04 15:34:30","eth-updown-5m-1783168500","85501899996232535590898924752999595820741514949757606949996988198176173493492"
"2","15:35-15:40","ETH","Down","Bid","5","0.5","1245","622.5","1611.17","811.2708","2026-07-04T15:34:31.9741222+03:00","2026-07-04 15:34:30","eth-updown-5m-1783168500","85501899996232535590898924752999595820741514949757606949996988198176173493492"
"2","15:35-15:40","ETH","Down","Bid","6","0.49","251","122.99","1862.17","934.2608","2026-07-04T15:34:31.9741222+03:00","2026-07-04 15:34:30","eth-updown-5m-1783168500","85501899996232535590898924752999595820741514949757606949996988198176173493492"
"2","15:35-15:40","ETH","Down","Bid","7","0.48","40","19.2","1902.17","953.4608","2026-07-04T15:34:31.9741222+03:00","2026-07-04 15:34:30","eth-updown-5m-1783168500","85501899996232535590898924752999595820741514949757606949996988198176173493492"
"2","15:35-15:40","ETH","Down","Bid","8","0.47","47","22.09","1949.17","975.5508","2026-07-04T15:34:31.9741222+03:00","2026-07-04 15:34:30","eth-updown-5m-1783168500","85501899996232535590898924752999595820741514949757606949996988198176173493492"
"2","15:35-15:40","ETH","Down","Bid","9","0.46","23.52","10.8192","1972.69","986.37","2026-07-04T15:34:31.9741222+03:00","2026-07-04 15:34:30","eth-updown-5m-1783168500","85501899996232535590898924752999595820741514949757606949996988198176173493492"
"2","15:35-15:40","ETH","Down","Bid","10","0.45","95.42","42.939","2068.11","1029.309","2026-07-04T15:34:31.9741222+03:00","2026-07-04 15:34:30","eth-updown-5m-1783168500","85501899996232535590898924752999595820741514949757606949996988198176173493492"
"2","15:35-15:40","ETH","Down","Bid","11","0.44","182.3","80.212","2250.41","1109.521","2026-07-04T15:34:31.9741222+03:00","2026-07-04 15:34:30","eth-updown-5m-1783168500","85501899996232535590898924752999595820741514949757606949996988198176173493492"
"2","15:35-15:40","ETH","Down","Bid","12","0.43","112.08","48.1944","2362.49","1157.7154","2026-07-04T15:34:31.9741222+03:00","2026-07-04 15:34:30","eth-updown-5m-1783168500","85501899996232535590898924752999595820741514949757606949996988198176173493492"
"2","15:35-15:40","ETH","Down","Bid","13","0.42","126.6","53.172","2489.09","1210.8874","2026-07-04T15:34:31.9741222+03:00","2026-07-04 15:34:30","eth-updown-5m-1783168500","85501899996232535590898924752999595820741514949757606949996988198176173493492"
"2","15:35-15:40","ETH","Down","Bid","14","0.41","166","68.06","2655.09","1278.9474","2026-07-04T15:34:31.9741222+03:00","2026-07-04 15:34:30","eth-updown-5m-1783168500","85501899996232535590898924752999595820741514949757606949996988198176173493492"
"2","15:35-15:40","ETH","Down","Bid","15","0.4","109.7","43.88","2764.79","1322.8274","2026-07-04T15:34:31.9741222+03:00","2026-07-04 15:34:30","eth-updown-5m-1783168500","85501899996232535590898924752999595820741514949757606949996988198176173493492"
"2","15:35-15:40","ETH","Down","Bid","16","0.39","148.7","57.993","2913.49","1380.8204","2026-07-04T15:34:31.9741222+03:00","2026-07-04 15:34:30","eth-updown-5m-1783168500","85501899996232535590898924752999595820741514949757606949996988198176173493492"
"2","15:35-15:40","ETH","Down","Bid","17","0.38","148.42","56.3996","3061.91","1437.22","2026-07-04T15:34:31.9741222+03:00","2026-07-04 15:34:30","eth-updown-5m-1783168500","85501899996232535590898924752999595820741514949757606949996988198176173493492"
"2","15:35-15:40","ETH","Down","Bid","18","0.37","85","31.45","3146.91","1468.67","2026-07-04T15:34:31.9741222+03:00","2026-07-04 15:34:30","eth-updown-5m-1783168500","85501899996232535590898924752999595820741514949757606949996988198176173493492"
"2","15:35-15:40","ETH","Down","Bid","19","0.36","104.44","37.5984","3251.35","1506.2684","2026-07-04T15:34:31.9741222+03:00","2026-07-04 15:34:30","eth-updown-5m-1783168500","85501899996232535590898924752999595820741514949757606949996988198176173493492"
"2","15:35-15:40","ETH","Down","Bid","20","0.35","263.57","92.2495","3514.92","1598.5179","2026-07-04T15:34:31.9741222+03:00","2026-07-04 15:34:30","eth-updown-5m-1783168500","85501899996232535590898924752999595820741514949757606949996988198176173493492"
"2","15:35-15:40","ETH","Down","Bid","21","0.34","50","17","3564.92","1615.5179","2026-07-04T15:34:31.9741222+03:00","2026-07-04 15:34:30","eth-updown-5m-1783168500","85501899996232535590898924752999595820741514949757606949996988198176173493492"
"2","15:35-15:40","ETH","Down","Bid","22","0.33","90","29.7","3654.92","1645.2179","2026-07-04T15:34:31.9741222+03:00","2026-07-04 15:34:30","eth-updown-5m-1783168500","85501899996232535590898924752999595820741514949757606949996988198176173493492"
"2","15:35-15:40","ETH","Down","Bid","23","0.32","115","36.8","3769.92","1682.0179","2026-07-04T15:34:31.9741222+03:00","2026-07-04 15:34:30","eth-updown-5m-1783168500","85501899996232535590898924752999595820741514949757606949996988198176173493492"
"2","15:35-15:40","ETH","Down","Bid","24","0.31","65","20.15","3834.92","1702.1679","2026-07-04T15:34:31.9741222+03:00","2026-07-04 15:34:30","eth-updown-5m-1783168500","85501899996232535590898924752999595820741514949757606949996988198176173493492"
"2","15:35-15:40","ETH","Down","Bid","25","0.3","221.66","66.498","4056.58","1768.6659","2026-07-04T15:34:31.9741222+03:00","2026-07-04 15:34:30","eth-updown-5m-1783168500","85501899996232535590898924752999595820741514949757606949996988198176173493492"
"2","15:35-15:40","ETH","Down","Bid","26","0.29","32.23","9.3467","4088.81","1778.0126","2026-07-04T15:34:31.9741222+03:00","2026-07-04 15:34:30","eth-updown-5m-1783168500","85501899996232535590898924752999595820741514949757606949996988198176173493492"
"2","15:35-15:40","ETH","Down","Bid","27","0.28","80","22.4","4168.81","1800.4126","2026-07-04T15:34:31.9741222+03:00","2026-07-04 15:34:30","eth-updown-5m-1783168500","85501899996232535590898924752999595820741514949757606949996988198176173493492"
"2","15:35-15:40","ETH","Down","Bid","28","0.27","120","32.4","4288.81","1832.8126","2026-07-04T15:34:31.9741222+03:00","2026-07-04 15:34:30","eth-updown-5m-1783168500","85501899996232535590898924752999595820741514949757606949996988198176173493492"
"2","15:35-15:40","ETH","Down","Bid","29","0.26","125","32.5","4413.81","1865.3126","2026-07-04T15:34:31.9741222+03:00","2026-07-04 15:34:30","eth-updown-5m-1783168500","85501899996232535590898924752999595820741514949757606949996988198176173493492"
"2","15:35-15:40","ETH","Down","Bid","30","0.25","20","5","4433.81","1870.3126","2026-07-04T15:34:31.9741222+03:00","2026-07-04 15:34:30","eth-updown-5m-1783168500","85501899996232535590898924752999595820741514949757606949996988198176173493492"
"2","15:35-15:40","ETH","Down","Bid","31","0.24","195","46.8","4628.81","1917.1126","2026-07-04T15:34:31.9741222+03:00","2026-07-04 15:34:30","eth-updown-5m-1783168500","85501899996232535590898924752999595820741514949757606949996988198176173493492"
"2","15:35-15:40","ETH","Down","Bid","32","0.23","90","20.7","4718.81","1937.8126","2026-07-04T15:34:31.9741222+03:00","2026-07-04 15:34:30","eth-updown-5m-1783168500","85501899996232535590898924752999595820741514949757606949996988198176173493492"
"2","15:35-15:40","ETH","Down","Bid","33","0.22","35","7.7","4753.81","1945.5126","2026-07-04T15:34:31.9741222+03:00","2026-07-04 15:34:30","eth-updown-5m-1783168500","85501899996232535590898924752999595820741514949757606949996988198176173493492"
"2","15:35-15:40","ETH","Down","Bid","34","0.21","187","39.27","4940.81","1984.7826","2026-07-04T15:34:31.9741222+03:00","2026-07-04 15:34:30","eth-updown-5m-1783168500","85501899996232535590898924752999595820741514949757606949996988198176173493492"
"2","15:35-15:40","ETH","Down","Bid","35","0.2","207","41.4","5147.81","2026.1826","2026-07-04T15:34:31.9741222+03:00","2026-07-04 15:34:30","eth-updown-5m-1783168500","85501899996232535590898924752999595820741514949757606949996988198176173493492"
"2","15:35-15:40","ETH","Down","Bid","36","0.19","37","7.03","5184.81","2033.2126","2026-07-04T15:34:31.9741222+03:00","2026-07-04 15:34:30","eth-updown-5m-1783168500","85501899996232535590898924752999595820741514949757606949996988198176173493492"
"2","15:35-15:40","ETH","Down","Bid","37","0.18","12","2.16","5196.81","2035.3726","2026-07-04T15:34:31.9741222+03:00","2026-07-04 15:34:30","eth-updown-5m-1783168500","85501899996232535590898924752999595820741514949757606949996988198176173493492"
"2","15:35-15:40","ETH","Down","Bid","38","0.17","7","1.19","5203.81","2036.5626","2026-07-04T15:34:31.9741222+03:00","2026-07-04 15:34:30","eth-updown-5m-1783168500","85501899996232535590898924752999595820741514949757606949996988198176173493492"
"2","15:35-15:40","ETH","Down","Bid","39","0.16","35","5.6","5238.81","2042.1626","2026-07-04T15:34:31.9741222+03:00","2026-07-04 15:34:30","eth-updown-5m-1783168500","85501899996232535590898924752999595820741514949757606949996988198176173493492"
"2","15:35-15:40","ETH","Down","Bid","40","0.15","1635","245.25","6873.81","2287.4126","2026-07-04T15:34:31.9741222+03:00","2026-07-04 15:34:30","eth-updown-5m-1783168500","85501899996232535590898924752999595820741514949757606949996988198176173493492"
"2","15:35-15:40","ETH","Down","Bid","41","0.14","20","2.8","6893.81","2290.2126","2026-07-04T15:34:31.9741222+03:00","2026-07-04 15:34:30","eth-updown-5m-1783168500","85501899996232535590898924752999595820741514949757606949996988198176173493492"
"2","15:35-15:40","ETH","Down","Bid","42","0.13","67","8.71","6960.81","2298.9226","2026-07-04T15:34:31.9741222+03:00","2026-07-04 15:34:30","eth-updown-5m-1783168500","85501899996232535590898924752999595820741514949757606949996988198176173493492"
"2","15:35-15:40","ETH","Down","Bid","43","0.12","67","8.04","7027.81","2306.9626","2026-07-04T15:34:31.9741222+03:00","2026-07-04 15:34:30","eth-updown-5m-1783168500","85501899996232535590898924752999595820741514949757606949996988198176173493492"
"2","15:35-15:40","ETH","Down","Bid","44","0.11","22","2.42","7049.81","2309.3826","2026-07-04T15:34:31.9741222+03:00","2026-07-04 15:34:30","eth-updown-5m-1783168500","85501899996232535590898924752999595820741514949757606949996988198176173493492"
"2","15:35-15:40","ETH","Down","Bid","45","0.1","2872","287.2","9921.81","2596.5826","2026-07-04T15:34:31.9741222+03:00","2026-07-04 15:34:30","eth-updown-5m-1783168500","85501899996232535590898924752999595820741514949757606949996988198176173493492"
"2","15:35-15:40","ETH","Down","Bid","46","0.09","632.56","56.9304","10554.37","2653.513","2026-07-04T15:34:31.9741222+03:00","2026-07-04 15:34:30","eth-updown-5m-1783168500","85501899996232535590898924752999595820741514949757606949996988198176173493492"
"2","15:35-15:40","ETH","Down","Bid","47","0.08","584.5","46.76","11138.87","2700.273","2026-07-04T15:34:31.9741222+03:00","2026-07-04 15:34:30","eth-updown-5m-1783168500","85501899996232535590898924752999595820741514949757606949996988198176173493492"
"2","15:35-15:40","ETH","Down","Bid","48","0.07","747","52.29","11885.87","2752.563","2026-07-04T15:34:31.9741222+03:00","2026-07-04 15:34:30","eth-updown-5m-1783168500","85501899996232535590898924752999595820741514949757606949996988198176173493492"
"2","15:35-15:40","ETH","Down","Bid","49","0.06","836.65","50.199","12722.52","2802.762","2026-07-04T15:34:31.9741222+03:00","2026-07-04 15:34:30","eth-updown-5m-1783168500","85501899996232535590898924752999595820741514949757606949996988198176173493492"
"2","15:35-15:40","ETH","Down","Bid","50","0.05","735","36.75","13457.52","2839.512","2026-07-04T15:34:31.9741222+03:00","2026-07-04 15:34:30","eth-updown-5m-1783168500","85501899996232535590898924752999595820741514949757606949996988198176173493492"
"2","15:35-15:40","ETH","Down","Bid","51","0.04","1112.5","44.5","14570.02","2884.012","2026-07-04T15:34:31.9741222+03:00","2026-07-04 15:34:30","eth-updown-5m-1783168500","85501899996232535590898924752999595820741514949757606949996988198176173493492"
"2","15:35-15:40","ETH","Down","Bid","52","0.03","11175","335.25","25745.02","3219.262","2026-07-04T15:34:31.9741222+03:00","2026-07-04 15:34:30","eth-updown-5m-1783168500","85501899996232535590898924752999595820741514949757606949996988198176173493492"
"2","15:35-15:40","ETH","Down","Bid","53","0.02","1095","21.9","26840.02","3241.162","2026-07-04T15:34:31.9741222+03:00","2026-07-04 15:34:30","eth-updown-5m-1783168500","85501899996232535590898924752999595820741514949757606949996988198176173493492"
"2","15:35-15:40","ETH","Down","Bid","54","0.01","9436","94.36","36276.02","3335.522","2026-07-04T15:34:31.9741222+03:00","2026-07-04 15:34:30","eth-updown-5m-1783168500","85501899996232535590898924752999595820741514949757606949996988198176173493492"
"2","15:35-15:40","ETH","Up","Ask","1","0.46","24.94","11.4724","24.94","11.4724","2026-07-04T15:34:32.2875180+03:00","2026-07-04 15:34:30","eth-updown-5m-1783168500","89240876031890617033449772563001314724996464056439000749962373027271843726238"
"2","15:35-15:40","ETH","Up","Ask","2","0.47","47.36","22.2592","72.3","33.7316","2026-07-04T15:34:32.2875180+03:00","2026-07-04 15:34:30","eth-updown-5m-1783168500","89240876031890617033449772563001314724996464056439000749962373027271843726238"
"2","15:35-15:40","ETH","Up","Ask","3","0.48","32.87","15.7776","105.17","49.5092","2026-07-04T15:34:32.2875180+03:00","2026-07-04 15:34:30","eth-updown-5m-1783168500","89240876031890617033449772563001314724996464056439000749962373027271843726238"
"2","15:35-15:40","ETH","Up","Ask","4","0.49","261","127.89","366.17","177.3992","2026-07-04T15:34:32.2875180+03:00","2026-07-04 15:34:30","eth-updown-5m-1783168500","89240876031890617033449772563001314724996464056439000749962373027271843726238"
"2","15:35-15:40","ETH","Up","Ask","5","0.5","1245","622.5","1611.17","799.8992","2026-07-04T15:34:32.2875180+03:00","2026-07-04 15:34:30","eth-updown-5m-1783168500","89240876031890617033449772563001314724996464056439000749962373027271843726238"
"2","15:35-15:40","ETH","Up","Ask","6","0.51","251","128.01","1862.17","927.9092","2026-07-04T15:34:32.2875180+03:00","2026-07-04 15:34:30","eth-updown-5m-1783168500","89240876031890617033449772563001314724996464056439000749962373027271843726238"
"2","15:35-15:40","ETH","Up","Ask","7","0.52","40","20.8","1902.17","948.7092","2026-07-04T15:34:32.2875180+03:00","2026-07-04 15:34:30","eth-updown-5m-1783168500","89240876031890617033449772563001314724996464056439000749962373027271843726238"
"2","15:35-15:40","ETH","Up","Ask","8","0.53","47","24.91","1949.17","973.6192","2026-07-04T15:34:32.2875180+03:00","2026-07-04 15:34:30","eth-updown-5m-1783168500","89240876031890617033449772563001314724996464056439000749962373027271843726238"
"2","15:35-15:40","ETH","Up","Ask","9","0.54","23.52","12.7008","1972.69","986.32","2026-07-04T15:34:32.2875180+03:00","2026-07-04 15:34:30","eth-updown-5m-1783168500","89240876031890617033449772563001314724996464056439000749962373027271843726238"
"2","15:35-15:40","ETH","Up","Ask","10","0.55","95.42","52.481","2068.11","1038.801","2026-07-04T15:34:32.2875180+03:00","2026-07-04 15:34:30","eth-updown-5m-1783168500","89240876031890617033449772563001314724996464056439000749962373027271843726238"
"2","15:35-15:40","ETH","Up","Ask","11","0.56","182.3","102.088","2250.41","1140.889","2026-07-04T15:34:32.2875180+03:00","2026-07-04 15:34:30","eth-updown-5m-1783168500","89240876031890617033449772563001314724996464056439000749962373027271843726238"
"2","15:35-15:40","ETH","Up","Ask","12","0.57","112.08","63.8856","2362.49","1204.7746","2026-07-04T15:34:32.2875180+03:00","2026-07-04 15:34:30","eth-updown-5m-1783168500","89240876031890617033449772563001314724996464056439000749962373027271843726238"
"2","15:35-15:40","ETH","Up","Ask","13","0.58","126.6","73.428","2489.09","1278.2026","2026-07-04T15:34:32.2875180+03:00","2026-07-04 15:34:30","eth-updown-5m-1783168500","89240876031890617033449772563001314724996464056439000749962373027271843726238"
"2","15:35-15:40","ETH","Up","Ask","14","0.59","166","97.94","2655.09","1376.1426","2026-07-04T15:34:32.2875180+03:00","2026-07-04 15:34:30","eth-updown-5m-1783168500","89240876031890617033449772563001314724996464056439000749962373027271843726238"
"2","15:35-15:40","ETH","Up","Ask","15","0.6","109.7","65.82","2764.79","1441.9626","2026-07-04T15:34:32.2875180+03:00","2026-07-04 15:34:30","eth-updown-5m-1783168500","89240876031890617033449772563001314724996464056439000749962373027271843726238"
"2","15:35-15:40","ETH","Up","Ask","16","0.61","148.7","90.707","2913.49","1532.6696","2026-07-04T15:34:32.2875180+03:00","2026-07-04 15:34:30","eth-updown-5m-1783168500","89240876031890617033449772563001314724996464056439000749962373027271843726238"
"2","15:35-15:40","ETH","Up","Ask","17","0.62","148.42","92.0204","3061.91","1624.69","2026-07-04T15:34:32.2875180+03:00","2026-07-04 15:34:30","eth-updown-5m-1783168500","89240876031890617033449772563001314724996464056439000749962373027271843726238"
"2","15:35-15:40","ETH","Up","Ask","18","0.63","85","53.55","3146.91","1678.24","2026-07-04T15:34:32.2875180+03:00","2026-07-04 15:34:30","eth-updown-5m-1783168500","89240876031890617033449772563001314724996464056439000749962373027271843726238"
"2","15:35-15:40","ETH","Up","Ask","19","0.64","104.44","66.8416","3251.35","1745.0816","2026-07-04T15:34:32.2875180+03:00","2026-07-04 15:34:30","eth-updown-5m-1783168500","89240876031890617033449772563001314724996464056439000749962373027271843726238"
"2","15:35-15:40","ETH","Up","Ask","20","0.65","263.57","171.3205","3514.92","1916.4021","2026-07-04T15:34:32.2875180+03:00","2026-07-04 15:34:30","eth-updown-5m-1783168500","89240876031890617033449772563001314724996464056439000749962373027271843726238"
"2","15:35-15:40","ETH","Up","Ask","21","0.66","50","33","3564.92","1949.4021","2026-07-04T15:34:32.2875180+03:00","2026-07-04 15:34:30","eth-updown-5m-1783168500","89240876031890617033449772563001314724996464056439000749962373027271843726238"
"2","15:35-15:40","ETH","Up","Ask","22","0.67","90","60.3","3654.92","2009.7021","2026-07-04T15:34:32.2875180+03:00","2026-07-04 15:34:30","eth-updown-5m-1783168500","89240876031890617033449772563001314724996464056439000749962373027271843726238"
"2","15:35-15:40","ETH","Up","Ask","23","0.68","115","78.2","3769.92","2087.9021","2026-07-04T15:34:32.2875180+03:00","2026-07-04 15:34:30","eth-updown-5m-1783168500","89240876031890617033449772563001314724996464056439000749962373027271843726238"
"2","15:35-15:40","ETH","Up","Ask","24","0.69","65","44.85","3834.92","2132.7521","2026-07-04T15:34:32.2875180+03:00","2026-07-04 15:34:30","eth-updown-5m-1783168500","89240876031890617033449772563001314724996464056439000749962373027271843726238"
"2","15:35-15:40","ETH","Up","Ask","25","0.7","221.66","155.162","4056.58","2287.9141","2026-07-04T15:34:32.2875180+03:00","2026-07-04 15:34:30","eth-updown-5m-1783168500","89240876031890617033449772563001314724996464056439000749962373027271843726238"
"2","15:35-15:40","ETH","Up","Ask","26","0.71","32.23","22.8833","4088.81","2310.7974","2026-07-04T15:34:32.2875180+03:00","2026-07-04 15:34:30","eth-updown-5m-1783168500","89240876031890617033449772563001314724996464056439000749962373027271843726238"
"2","15:35-15:40","ETH","Up","Ask","27","0.72","80","57.6","4168.81","2368.3974","2026-07-04T15:34:32.2875180+03:00","2026-07-04 15:34:30","eth-updown-5m-1783168500","89240876031890617033449772563001314724996464056439000749962373027271843726238"
"2","15:35-15:40","ETH","Up","Ask","28","0.73","120","87.6","4288.81","2455.9974","2026-07-04T15:34:32.2875180+03:00","2026-07-04 15:34:30","eth-updown-5m-1783168500","89240876031890617033449772563001314724996464056439000749962373027271843726238"
"2","15:35-15:40","ETH","Up","Ask","29","0.74","125","92.5","4413.81","2548.4974","2026-07-04T15:34:32.2875180+03:00","2026-07-04 15:34:30","eth-updown-5m-1783168500","89240876031890617033449772563001314724996464056439000749962373027271843726238"
"2","15:35-15:40","ETH","Up","Ask","30","0.75","20","15","4433.81","2563.4974","2026-07-04T15:34:32.2875180+03:00","2026-07-04 15:34:30","eth-updown-5m-1783168500","89240876031890617033449772563001314724996464056439000749962373027271843726238"
"2","15:35-15:40","ETH","Up","Ask","31","0.76","195","148.2","4628.81","2711.6974","2026-07-04T15:34:32.2875180+03:00","2026-07-04 15:34:30","eth-updown-5m-1783168500","89240876031890617033449772563001314724996464056439000749962373027271843726238"
"2","15:35-15:40","ETH","Up","Ask","32","0.77","90","69.3","4718.81","2780.9974","2026-07-04T15:34:32.2875180+03:00","2026-07-04 15:34:30","eth-updown-5m-1783168500","89240876031890617033449772563001314724996464056439000749962373027271843726238"
"2","15:35-15:40","ETH","Up","Ask","33","0.78","35","27.3","4753.81","2808.2974","2026-07-04T15:34:32.2875180+03:00","2026-07-04 15:34:30","eth-updown-5m-1783168500","89240876031890617033449772563001314724996464056439000749962373027271843726238"
"2","15:35-15:40","ETH","Up","Ask","34","0.79","187","147.73","4940.81","2956.0274","2026-07-04T15:34:32.2875180+03:00","2026-07-04 15:34:30","eth-updown-5m-1783168500","89240876031890617033449772563001314724996464056439000749962373027271843726238"
"2","15:35-15:40","ETH","Up","Ask","35","0.8","207","165.6","5147.81","3121.6274","2026-07-04T15:34:32.2875180+03:00","2026-07-04 15:34:30","eth-updown-5m-1783168500","89240876031890617033449772563001314724996464056439000749962373027271843726238"
"2","15:35-15:40","ETH","Up","Ask","36","0.81","37","29.97","5184.81","3151.5974","2026-07-04T15:34:32.2875180+03:00","2026-07-04 15:34:30","eth-updown-5m-1783168500","89240876031890617033449772563001314724996464056439000749962373027271843726238"
"2","15:35-15:40","ETH","Up","Ask","37","0.82","12","9.84","5196.81","3161.4374","2026-07-04T15:34:32.2875180+03:00","2026-07-04 15:34:30","eth-updown-5m-1783168500","89240876031890617033449772563001314724996464056439000749962373027271843726238"
"2","15:35-15:40","ETH","Up","Ask","38","0.83","7","5.81","5203.81","3167.2474","2026-07-04T15:34:32.2875180+03:00","2026-07-04 15:34:30","eth-updown-5m-1783168500","89240876031890617033449772563001314724996464056439000749962373027271843726238"
"2","15:35-15:40","ETH","Up","Ask","39","0.84","35","29.4","5238.81","3196.6474","2026-07-04T15:34:32.2875180+03:00","2026-07-04 15:34:30","eth-updown-5m-1783168500","89240876031890617033449772563001314724996464056439000749962373027271843726238"
"2","15:35-15:40","ETH","Up","Ask","40","0.85","1635","1389.75","6873.81","4586.3974","2026-07-04T15:34:32.2875180+03:00","2026-07-04 15:34:30","eth-updown-5m-1783168500","89240876031890617033449772563001314724996464056439000749962373027271843726238"
"2","15:35-15:40","ETH","Up","Ask","41","0.86","20","17.2","6893.81","4603.5974","2026-07-04T15:34:32.2875180+03:00","2026-07-04 15:34:30","eth-updown-5m-1783168500","89240876031890617033449772563001314724996464056439000749962373027271843726238"
"2","15:35-15:40","ETH","Up","Ask","42","0.87","67","58.29","6960.81","4661.8874","2026-07-04T15:34:32.2875180+03:00","2026-07-04 15:34:30","eth-updown-5m-1783168500","89240876031890617033449772563001314724996464056439000749962373027271843726238"
"2","15:35-15:40","ETH","Up","Ask","43","0.88","67","58.96","7027.81","4720.8474","2026-07-04T15:34:32.2875180+03:00","2026-07-04 15:34:30","eth-updown-5m-1783168500","89240876031890617033449772563001314724996464056439000749962373027271843726238"
"2","15:35-15:40","ETH","Up","Ask","44","0.89","22","19.58","7049.81","4740.4274","2026-07-04T15:34:32.2875180+03:00","2026-07-04 15:34:30","eth-updown-5m-1783168500","89240876031890617033449772563001314724996464056439000749962373027271843726238"
"2","15:35-15:40","ETH","Up","Ask","45","0.9","2872","2584.8","9921.81","7325.2274","2026-07-04T15:34:32.2875180+03:00","2026-07-04 15:34:30","eth-updown-5m-1783168500","89240876031890617033449772563001314724996464056439000749962373027271843726238"
"2","15:35-15:40","ETH","Up","Ask","46","0.91","632.56","575.6296","10554.37","7900.857","2026-07-04T15:34:32.2875180+03:00","2026-07-04 15:34:30","eth-updown-5m-1783168500","89240876031890617033449772563001314724996464056439000749962373027271843726238"
"2","15:35-15:40","ETH","Up","Ask","47","0.92","584.5","537.74","11138.87","8438.597","2026-07-04T15:34:32.2875180+03:00","2026-07-04 15:34:30","eth-updown-5m-1783168500","89240876031890617033449772563001314724996464056439000749962373027271843726238"
"2","15:35-15:40","ETH","Up","Ask","48","0.93","747","694.71","11885.87","9133.307","2026-07-04T15:34:32.2875180+03:00","2026-07-04 15:34:30","eth-updown-5m-1783168500","89240876031890617033449772563001314724996464056439000749962373027271843726238"
"2","15:35-15:40","ETH","Up","Ask","49","0.94","836.65","786.451","12722.52","9919.758","2026-07-04T15:34:32.2875180+03:00","2026-07-04 15:34:30","eth-updown-5m-1783168500","89240876031890617033449772563001314724996464056439000749962373027271843726238"
"2","15:35-15:40","ETH","Up","Ask","50","0.95","735","698.25","13457.52","10618.008","2026-07-04T15:34:32.2875180+03:00","2026-07-04 15:34:30","eth-updown-5m-1783168500","89240876031890617033449772563001314724996464056439000749962373027271843726238"
"2","15:35-15:40","ETH","Up","Ask","51","0.96","1112.5","1068","14570.02","11686.008","2026-07-04T15:34:32.2875180+03:00","2026-07-04 15:34:30","eth-updown-5m-1783168500","89240876031890617033449772563001314724996464056439000749962373027271843726238"
"2","15:35-15:40","ETH","Up","Ask","52","0.97","11175","10839.75","25745.02","22525.758","2026-07-04T15:34:32.2875180+03:00","2026-07-04 15:34:30","eth-updown-5m-1783168500","89240876031890617033449772563001314724996464056439000749962373027271843726238"
"2","15:35-15:40","ETH","Up","Ask","53","0.98","1095","1073.1","26840.02","23598.858","2026-07-04T15:34:32.2875180+03:00","2026-07-04 15:34:30","eth-updown-5m-1783168500","89240876031890617033449772563001314724996464056439000749962373027271843726238"
"2","15:35-15:40","ETH","Up","Ask","54","0.99","9436","9341.64","36276.02","32940.498","2026-07-04T15:34:32.2875180+03:00","2026-07-04 15:34:30","eth-updown-5m-1783168500","89240876031890617033449772563001314724996464056439000749962373027271843726238"
"2","15:35-15:40","ETH","Up","Bid","1","0.44","199.64","87.8416","199.64","87.8416","2026-07-04T15:34:32.2875180+03:00","2026-07-04 15:34:30","eth-updown-5m-1783168500","89240876031890617033449772563001314724996464056439000749962373027271843726238"
"2","15:35-15:40","ETH","Up","Bid","2","0.43","287.16","123.4788","486.8","211.3204","2026-07-04T15:34:32.2875180+03:00","2026-07-04 15:34:30","eth-updown-5m-1783168500","89240876031890617033449772563001314724996464056439000749962373027271843726238"
"2","15:35-15:40","ETH","Up","Bid","3","0.42","326.6","137.172","813.4","348.4924","2026-07-04T15:34:32.2875180+03:00","2026-07-04 15:34:30","eth-updown-5m-1783168500","89240876031890617033449772563001314724996464056439000749962373027271843726238"
"2","15:35-15:40","ETH","Up","Bid","4","0.41","176","72.16","989.4","420.6524","2026-07-04T15:34:32.2875180+03:00","2026-07-04 15:34:30","eth-updown-5m-1783168500","89240876031890617033449772563001314724996464056439000749962373027271843726238"
"2","15:35-15:40","ETH","Up","Bid","5","0.4","119.7","47.88","1109.1","468.5324","2026-07-04T15:34:32.2875180+03:00","2026-07-04 15:34:30","eth-updown-5m-1783168500","89240876031890617033449772563001314724996464056439000749962373027271843726238"
"2","15:35-15:40","ETH","Up","Bid","6","0.39","178.7","69.693","1287.8","538.2254","2026-07-04T15:34:32.2875180+03:00","2026-07-04 15:34:30","eth-updown-5m-1783168500","89240876031890617033449772563001314724996464056439000749962373027271843726238"
"2","15:35-15:40","ETH","Up","Bid","7","0.38","185.42","70.4596","1473.22","608.685","2026-07-04T15:34:32.2875180+03:00","2026-07-04 15:34:30","eth-updown-5m-1783168500","89240876031890617033449772563001314724996464056439000749962373027271843726238"
"2","15:35-15:40","ETH","Up","Bid","8","0.37","122","45.14","1595.22","653.825","2026-07-04T15:34:32.2875180+03:00","2026-07-04 15:34:30","eth-updown-5m-1783168500","89240876031890617033449772563001314724996464056439000749962373027271843726238"
"2","15:35-15:40","ETH","Up","Bid","9","0.36","141.44","50.9184","1736.66","704.7434","2026-07-04T15:34:32.2875180+03:00","2026-07-04 15:34:30","eth-updown-5m-1783168500","89240876031890617033449772563001314724996464056439000749962373027271843726238"
"2","15:35-15:40","ETH","Up","Bid","10","0.35","300.57","105.1995","2037.23","809.9429","2026-07-04T15:34:32.2875180+03:00","2026-07-04 15:34:30","eth-updown-5m-1783168500","89240876031890617033449772563001314724996464056439000749962373027271843726238"
"2","15:35-15:40","ETH","Up","Bid","11","0.34","57","19.38","2094.23","829.3229","2026-07-04T15:34:32.2875180+03:00","2026-07-04 15:34:30","eth-updown-5m-1783168500","89240876031890617033449772563001314724996464056439000749962373027271843726238"
"2","15:35-15:40","ETH","Up","Bid","12","0.33","90","29.7","2184.23","859.0229","2026-07-04T15:34:32.2875180+03:00","2026-07-04 15:34:30","eth-updown-5m-1783168500","89240876031890617033449772563001314724996464056439000749962373027271843726238"
"2","15:35-15:40","ETH","Up","Bid","13","0.32","115","36.8","2299.23","895.8229","2026-07-04T15:34:32.2875180+03:00","2026-07-04 15:34:30","eth-updown-5m-1783168500","89240876031890617033449772563001314724996464056439000749962373027271843726238"
"2","15:35-15:40","ETH","Up","Bid","14","0.31","65","20.15","2364.23","915.9729","2026-07-04T15:34:32.2875180+03:00","2026-07-04 15:34:30","eth-updown-5m-1783168500","89240876031890617033449772563001314724996464056439000749962373027271843726238"
"2","15:35-15:40","ETH","Up","Bid","15","0.3","221.66","66.498","2585.89","982.4709","2026-07-04T15:34:32.2875180+03:00","2026-07-04 15:34:30","eth-updown-5m-1783168500","89240876031890617033449772563001314724996464056439000749962373027271843726238"
"2","15:35-15:40","ETH","Up","Bid","16","0.29","32.23","9.3467","2618.12","991.8176","2026-07-04T15:34:32.2875180+03:00","2026-07-04 15:34:30","eth-updown-5m-1783168500","89240876031890617033449772563001314724996464056439000749962373027271843726238"
"2","15:35-15:40","ETH","Up","Bid","17","0.28","80","22.4","2698.12","1014.2176","2026-07-04T15:34:32.2875180+03:00","2026-07-04 15:34:30","eth-updown-5m-1783168500","89240876031890617033449772563001314724996464056439000749962373027271843726238"
"2","15:35-15:40","ETH","Up","Bid","18","0.27","120","32.4","2818.12","1046.6176","2026-07-04T15:34:32.2875180+03:00","2026-07-04 15:34:30","eth-updown-5m-1783168500","89240876031890617033449772563001314724996464056439000749962373027271843726238"
"2","15:35-15:40","ETH","Up","Bid","19","0.26","125","32.5","2943.12","1079.1176","2026-07-04T15:34:32.2875180+03:00","2026-07-04 15:34:30","eth-updown-5m-1783168500","89240876031890617033449772563001314724996464056439000749962373027271843726238"
"2","15:35-15:40","ETH","Up","Bid","20","0.25","20","5","2963.12","1084.1176","2026-07-04T15:34:32.2875180+03:00","2026-07-04 15:34:30","eth-updown-5m-1783168500","89240876031890617033449772563001314724996464056439000749962373027271843726238"
"2","15:35-15:40","ETH","Up","Bid","21","0.24","195","46.8","3158.12","1130.9176","2026-07-04T15:34:32.2875180+03:00","2026-07-04 15:34:30","eth-updown-5m-1783168500","89240876031890617033449772563001314724996464056439000749962373027271843726238"
"2","15:35-15:40","ETH","Up","Bid","22","0.23","90","20.7","3248.12","1151.6176","2026-07-04T15:34:32.2875180+03:00","2026-07-04 15:34:30","eth-updown-5m-1783168500","89240876031890617033449772563001314724996464056439000749962373027271843726238"
"2","15:35-15:40","ETH","Up","Bid","23","0.22","35","7.7","3283.12","1159.3176","2026-07-04T15:34:32.2875180+03:00","2026-07-04 15:34:30","eth-updown-5m-1783168500","89240876031890617033449772563001314724996464056439000749962373027271843726238"
"2","15:35-15:40","ETH","Up","Bid","24","0.21","187","39.27","3470.12","1198.5876","2026-07-04T15:34:32.2875180+03:00","2026-07-04 15:34:30","eth-updown-5m-1783168500","89240876031890617033449772563001314724996464056439000749962373027271843726238"
"2","15:35-15:40","ETH","Up","Bid","25","0.2","207","41.4","3677.12","1239.9876","2026-07-04T15:34:32.2875180+03:00","2026-07-04 15:34:30","eth-updown-5m-1783168500","89240876031890617033449772563001314724996464056439000749962373027271843726238"
"2","15:35-15:40","ETH","Up","Bid","26","0.19","37","7.03","3714.12","1247.0176","2026-07-04T15:34:32.2875180+03:00","2026-07-04 15:34:30","eth-updown-5m-1783168500","89240876031890617033449772563001314724996464056439000749962373027271843726238"
"2","15:35-15:40","ETH","Up","Bid","27","0.18","12","2.16","3726.12","1249.1776","2026-07-04T15:34:32.2875180+03:00","2026-07-04 15:34:30","eth-updown-5m-1783168500","89240876031890617033449772563001314724996464056439000749962373027271843726238"
"2","15:35-15:40","ETH","Up","Bid","28","0.17","7","1.19","3733.12","1250.3676","2026-07-04T15:34:32.2875180+03:00","2026-07-04 15:34:30","eth-updown-5m-1783168500","89240876031890617033449772563001314724996464056439000749962373027271843726238"
"2","15:35-15:40","ETH","Up","Bid","29","0.16","35","5.6","3768.12","1255.9676","2026-07-04T15:34:32.2875180+03:00","2026-07-04 15:34:30","eth-updown-5m-1783168500","89240876031890617033449772563001314724996464056439000749962373027271843726238"
"2","15:35-15:40","ETH","Up","Bid","30","0.15","1635","245.25","5403.12","1501.2176","2026-07-04T15:34:32.2875180+03:00","2026-07-04 15:34:30","eth-updown-5m-1783168500","89240876031890617033449772563001314724996464056439000749962373027271843726238"
"2","15:35-15:40","ETH","Up","Bid","31","0.14","20","2.8","5423.12","1504.0176","2026-07-04T15:34:32.2875180+03:00","2026-07-04 15:34:30","eth-updown-5m-1783168500","89240876031890617033449772563001314724996464056439000749962373027271843726238"
"2","15:35-15:40","ETH","Up","Bid","32","0.13","67","8.71","5490.12","1512.7276","2026-07-04T15:34:32.2875180+03:00","2026-07-04 15:34:30","eth-updown-5m-1783168500","89240876031890617033449772563001314724996464056439000749962373027271843726238"
"2","15:35-15:40","ETH","Up","Bid","33","0.12","67","8.04","5557.12","1520.7676","2026-07-04T15:34:32.2875180+03:00","2026-07-04 15:34:30","eth-updown-5m-1783168500","89240876031890617033449772563001314724996464056439000749962373027271843726238"
"2","15:35-15:40","ETH","Up","Bid","34","0.11","22","2.42","5579.12","1523.1876","2026-07-04T15:34:32.2875180+03:00","2026-07-04 15:34:30","eth-updown-5m-1783168500","89240876031890617033449772563001314724996464056439000749962373027271843726238"
"2","15:35-15:40","ETH","Up","Bid","35","0.1","2872","287.2","8451.12","1810.3876","2026-07-04T15:34:32.2875180+03:00","2026-07-04 15:34:30","eth-updown-5m-1783168500","89240876031890617033449772563001314724996464056439000749962373027271843726238"
"2","15:35-15:40","ETH","Up","Bid","36","0.09","632.56","56.9304","9083.68","1867.318","2026-07-04T15:34:32.2875180+03:00","2026-07-04 15:34:30","eth-updown-5m-1783168500","89240876031890617033449772563001314724996464056439000749962373027271843726238"
"2","15:35-15:40","ETH","Up","Bid","37","0.08","584.5","46.76","9668.18","1914.078","2026-07-04T15:34:32.2875180+03:00","2026-07-04 15:34:30","eth-updown-5m-1783168500","89240876031890617033449772563001314724996464056439000749962373027271843726238"
"2","15:35-15:40","ETH","Up","Bid","38","0.07","747","52.29","10415.18","1966.368","2026-07-04T15:34:32.2875180+03:00","2026-07-04 15:34:30","eth-updown-5m-1783168500","89240876031890617033449772563001314724996464056439000749962373027271843726238"
"2","15:35-15:40","ETH","Up","Bid","39","0.06","836.65","50.199","11251.83","2016.567","2026-07-04T15:34:32.2875180+03:00","2026-07-04 15:34:30","eth-updown-5m-1783168500","89240876031890617033449772563001314724996464056439000749962373027271843726238"
"2","15:35-15:40","ETH","Up","Bid","40","0.05","735","36.75","11986.83","2053.317","2026-07-04T15:34:32.2875180+03:00","2026-07-04 15:34:30","eth-updown-5m-1783168500","89240876031890617033449772563001314724996464056439000749962373027271843726238"
"2","15:35-15:40","ETH","Up","Bid","41","0.04","1112.5","44.5","13099.33","2097.817","2026-07-04T15:34:32.2875180+03:00","2026-07-04 15:34:30","eth-updown-5m-1783168500","89240876031890617033449772563001314724996464056439000749962373027271843726238"
"2","15:35-15:40","ETH","Up","Bid","42","0.03","11170","335.1","24269.33","2432.917","2026-07-04T15:34:32.2875180+03:00","2026-07-04 15:34:30","eth-updown-5m-1783168500","89240876031890617033449772563001314724996464056439000749962373027271843726238"
"2","15:35-15:40","ETH","Up","Bid","43","0.02","1095","21.9","25364.33","2454.817","2026-07-04T15:34:32.2875180+03:00","2026-07-04 15:34:30","eth-updown-5m-1783168500","89240876031890617033449772563001314724996464056439000749962373027271843726238"
"2","15:35-15:40","ETH","Up","Bid","44","0.01","9426","94.26","34790.33","2549.077","2026-07-04T15:34:32.2875180+03:00","2026-07-04 15:34:30","eth-updown-5m-1783168500","89240876031890617033449772563001314724996464056439000749962373027271843726238"
"2","15:35-15:40","SOL","Down","Ask","1","0.5","134","67","134","67","2026-07-04T15:34:32.5832179+03:00","2026-07-04 15:34:30","sol-updown-5m-1783168500","79026470312970728456590015634525827148158594988132748807108645354100347827230"
"2","15:35-15:40","SOL","Down","Ask","2","0.51","50","25.5","184","92.5","2026-07-04T15:34:32.5832179+03:00","2026-07-04 15:34:30","sol-updown-5m-1783168500","79026470312970728456590015634525827148158594988132748807108645354100347827230"
"2","15:35-15:40","SOL","Down","Ask","3","0.52","60","31.2","244","123.7","2026-07-04T15:34:32.5832179+03:00","2026-07-04 15:34:30","sol-updown-5m-1783168500","79026470312970728456590015634525827148158594988132748807108645354100347827230"
"2","15:35-15:40","SOL","Down","Ask","4","0.53","30","15.9","274","139.6","2026-07-04T15:34:32.5832179+03:00","2026-07-04 15:34:30","sol-updown-5m-1783168500","79026470312970728456590015634525827148158594988132748807108645354100347827230"
"2","15:35-15:40","SOL","Down","Ask","5","0.54","21.52","11.6208","295.52","151.2208","2026-07-04T15:34:32.5832179+03:00","2026-07-04 15:34:30","sol-updown-5m-1783168500","79026470312970728456590015634525827148158594988132748807108645354100347827230"
"2","15:35-15:40","SOL","Down","Ask","6","0.55","137.66","75.713","433.18","226.9338","2026-07-04T15:34:32.5832179+03:00","2026-07-04 15:34:30","sol-updown-5m-1783168500","79026470312970728456590015634525827148158594988132748807108645354100347827230"
"2","15:35-15:40","SOL","Down","Ask","7","0.56","79","44.24","512.18","271.1738","2026-07-04T15:34:32.5832179+03:00","2026-07-04 15:34:30","sol-updown-5m-1783168500","79026470312970728456590015634525827148158594988132748807108645354100347827230"
"2","15:35-15:40","SOL","Down","Ask","8","0.57","123.27","70.2639","635.45","341.4377","2026-07-04T15:34:32.5832179+03:00","2026-07-04 15:34:30","sol-updown-5m-1783168500","79026470312970728456590015634525827148158594988132748807108645354100347827230"
"2","15:35-15:40","SOL","Down","Ask","9","0.58","107.14","62.1412","742.59","403.5789","2026-07-04T15:34:32.5832179+03:00","2026-07-04 15:34:30","sol-updown-5m-1783168500","79026470312970728456590015634525827148158594988132748807108645354100347827230"
"2","15:35-15:40","SOL","Down","Ask","10","0.59","40.63","23.9717","783.22","427.5506","2026-07-04T15:34:32.5832179+03:00","2026-07-04 15:34:30","sol-updown-5m-1783168500","79026470312970728456590015634525827148158594988132748807108645354100347827230"
"2","15:35-15:40","SOL","Down","Ask","11","0.6","42.5","25.5","825.72","453.0506","2026-07-04T15:34:32.5832179+03:00","2026-07-04 15:34:30","sol-updown-5m-1783168500","79026470312970728456590015634525827148158594988132748807108645354100347827230"
"2","15:35-15:40","SOL","Down","Ask","12","0.61","100","61","925.72","514.0506","2026-07-04T15:34:32.5832179+03:00","2026-07-04 15:34:30","sol-updown-5m-1783168500","79026470312970728456590015634525827148158594988132748807108645354100347827230"
"2","15:35-15:40","SOL","Down","Ask","13","0.62","5","3.1","930.72","517.1506","2026-07-04T15:34:32.5832179+03:00","2026-07-04 15:34:30","sol-updown-5m-1783168500","79026470312970728456590015634525827148158594988132748807108645354100347827230"
"2","15:35-15:40","SOL","Down","Ask","14","0.63","18.51","11.6613","949.23","528.8119","2026-07-04T15:34:32.5832179+03:00","2026-07-04 15:34:30","sol-updown-5m-1783168500","79026470312970728456590015634525827148158594988132748807108645354100347827230"
"2","15:35-15:40","SOL","Down","Ask","15","0.64","24.44","15.6416","973.67","544.4535","2026-07-04T15:34:32.5832179+03:00","2026-07-04 15:34:30","sol-updown-5m-1783168500","79026470312970728456590015634525827148158594988132748807108645354100347827230"
"2","15:35-15:40","SOL","Down","Ask","16","0.65","205","133.25","1178.67","677.7035","2026-07-04T15:34:32.5832179+03:00","2026-07-04 15:34:30","sol-updown-5m-1783168500","79026470312970728456590015634525827148158594988132748807108645354100347827230"
"2","15:35-15:40","SOL","Down","Ask","17","0.66","5","3.3","1183.67","681.0035","2026-07-04T15:34:32.5832179+03:00","2026-07-04 15:34:30","sol-updown-5m-1783168500","79026470312970728456590015634525827148158594988132748807108645354100347827230"
"2","15:35-15:40","SOL","Down","Ask","18","0.67","5","3.35","1188.67","684.3535","2026-07-04T15:34:32.5832179+03:00","2026-07-04 15:34:30","sol-updown-5m-1783168500","79026470312970728456590015634525827148158594988132748807108645354100347827230"
"2","15:35-15:40","SOL","Down","Ask","19","0.68","5","3.4","1193.67","687.7535","2026-07-04T15:34:32.5832179+03:00","2026-07-04 15:34:30","sol-updown-5m-1783168500","79026470312970728456590015634525827148158594988132748807108645354100347827230"
"2","15:35-15:40","SOL","Down","Ask","20","0.69","5","3.45","1198.67","691.2035","2026-07-04T15:34:32.5832179+03:00","2026-07-04 15:34:30","sol-updown-5m-1783168500","79026470312970728456590015634525827148158594988132748807108645354100347827230"
"2","15:35-15:40","SOL","Down","Ask","21","0.7","64.36","45.052","1263.03","736.2555","2026-07-04T15:34:32.5832179+03:00","2026-07-04 15:34:30","sol-updown-5m-1783168500","79026470312970728456590015634525827148158594988132748807108645354100347827230"
"2","15:35-15:40","SOL","Down","Ask","22","0.71","5","3.55","1268.03","739.8055","2026-07-04T15:34:32.5832179+03:00","2026-07-04 15:34:30","sol-updown-5m-1783168500","79026470312970728456590015634525827148158594988132748807108645354100347827230"
"2","15:35-15:40","SOL","Down","Ask","23","0.72","15.71","11.3112","1283.74","751.1167","2026-07-04T15:34:32.5832179+03:00","2026-07-04 15:34:30","sol-updown-5m-1783168500","79026470312970728456590015634525827148158594988132748807108645354100347827230"
"2","15:35-15:40","SOL","Down","Ask","24","0.73","5","3.65","1288.74","754.7667","2026-07-04T15:34:32.5832179+03:00","2026-07-04 15:34:30","sol-updown-5m-1783168500","79026470312970728456590015634525827148158594988132748807108645354100347827230"
"2","15:35-15:40","SOL","Down","Ask","25","0.74","10","7.4","1298.74","762.1667","2026-07-04T15:34:32.5832179+03:00","2026-07-04 15:34:30","sol-updown-5m-1783168500","79026470312970728456590015634525827148158594988132748807108645354100347827230"
"2","15:35-15:40","SOL","Down","Ask","26","0.75","15","11.25","1313.74","773.4167","2026-07-04T15:34:32.5832179+03:00","2026-07-04 15:34:30","sol-updown-5m-1783168500","79026470312970728456590015634525827148158594988132748807108645354100347827230"
"2","15:35-15:40","SOL","Down","Ask","27","0.76","30","22.8","1343.74","796.2167","2026-07-04T15:34:32.5832179+03:00","2026-07-04 15:34:30","sol-updown-5m-1783168500","79026470312970728456590015634525827148158594988132748807108645354100347827230"
"2","15:35-15:40","SOL","Down","Ask","28","0.77","30","23.1","1373.74","819.3167","2026-07-04T15:34:32.5832179+03:00","2026-07-04 15:34:30","sol-updown-5m-1783168500","79026470312970728456590015634525827148158594988132748807108645354100347827230"
"2","15:35-15:40","SOL","Down","Ask","29","0.78","15","11.7","1388.74","831.0167","2026-07-04T15:34:32.5832179+03:00","2026-07-04 15:34:30","sol-updown-5m-1783168500","79026470312970728456590015634525827148158594988132748807108645354100347827230"
"2","15:35-15:40","SOL","Down","Ask","30","0.79","17","13.43","1405.74","844.4467","2026-07-04T15:34:32.5832179+03:00","2026-07-04 15:34:30","sol-updown-5m-1783168500","79026470312970728456590015634525827148158594988132748807108645354100347827230"
"2","15:35-15:40","SOL","Down","Ask","31","0.8","100.9","80.72","1506.64","925.1667","2026-07-04T15:34:32.5832179+03:00","2026-07-04 15:34:30","sol-updown-5m-1783168500","79026470312970728456590015634525827148158594988132748807108645354100347827230"
"2","15:35-15:40","SOL","Down","Ask","32","0.81","22","17.82","1528.64","942.9867","2026-07-04T15:34:32.5832179+03:00","2026-07-04 15:34:30","sol-updown-5m-1783168500","79026470312970728456590015634525827148158594988132748807108645354100347827230"
"2","15:35-15:40","SOL","Down","Ask","33","0.82","27","22.14","1555.64","965.1267","2026-07-04T15:34:32.5832179+03:00","2026-07-04 15:34:30","sol-updown-5m-1783168500","79026470312970728456590015634525827148158594988132748807108645354100347827230"
"2","15:35-15:40","SOL","Down","Ask","34","0.83","22","18.26","1577.64","983.3867","2026-07-04T15:34:32.5832179+03:00","2026-07-04 15:34:30","sol-updown-5m-1783168500","79026470312970728456590015634525827148158594988132748807108645354100347827230"
"2","15:35-15:40","SOL","Down","Ask","35","0.84","22","18.48","1599.64","1001.8667","2026-07-04T15:34:32.5832179+03:00","2026-07-04 15:34:30","sol-updown-5m-1783168500","79026470312970728456590015634525827148158594988132748807108645354100347827230"
"2","15:35-15:40","SOL","Down","Ask","36","0.85","101","85.85","1700.64","1087.7167","2026-07-04T15:34:32.5832179+03:00","2026-07-04 15:34:30","sol-updown-5m-1783168500","79026470312970728456590015634525827148158594988132748807108645354100347827230"
"2","15:35-15:40","SOL","Down","Ask","37","0.86","42","36.12","1742.64","1123.8367","2026-07-04T15:34:32.5832179+03:00","2026-07-04 15:34:30","sol-updown-5m-1783168500","79026470312970728456590015634525827148158594988132748807108645354100347827230"
"2","15:35-15:40","SOL","Down","Ask","38","0.87","37","32.19","1779.64","1156.0267","2026-07-04T15:34:32.5832179+03:00","2026-07-04 15:34:30","sol-updown-5m-1783168500","79026470312970728456590015634525827148158594988132748807108645354100347827230"
"2","15:35-15:40","SOL","Down","Ask","39","0.88","64","56.32","1843.64","1212.3467","2026-07-04T15:34:32.5832179+03:00","2026-07-04 15:34:30","sol-updown-5m-1783168500","79026470312970728456590015634525827148158594988132748807108645354100347827230"
"2","15:35-15:40","SOL","Down","Ask","40","0.89","37","32.93","1880.64","1245.2767","2026-07-04T15:34:32.5832179+03:00","2026-07-04 15:34:30","sol-updown-5m-1783168500","79026470312970728456590015634525827148158594988132748807108645354100347827230"
"2","15:35-15:40","SOL","Down","Ask","41","0.9","362.58","326.322","2243.22","1571.5987","2026-07-04T15:34:32.5832179+03:00","2026-07-04 15:34:30","sol-updown-5m-1783168500","79026470312970728456590015634525827148158594988132748807108645354100347827230"
"2","15:35-15:40","SOL","Down","Ask","42","0.91","600","546","2843.22","2117.5987","2026-07-04T15:34:32.5832179+03:00","2026-07-04 15:34:30","sol-updown-5m-1783168500","79026470312970728456590015634525827148158594988132748807108645354100347827230"
"2","15:35-15:40","SOL","Down","Ask","43","0.92","607","558.44","3450.22","2676.0387","2026-07-04T15:34:32.5832179+03:00","2026-07-04 15:34:30","sol-updown-5m-1783168500","79026470312970728456590015634525827148158594988132748807108645354100347827230"
"2","15:35-15:40","SOL","Down","Ask","44","0.93","607","564.51","4057.22","3240.5487","2026-07-04T15:34:32.5832179+03:00","2026-07-04 15:34:30","sol-updown-5m-1783168500","79026470312970728456590015634525827148158594988132748807108645354100347827230"
"2","15:35-15:40","SOL","Down","Ask","45","0.94","675","634.5","4732.22","3875.0487","2026-07-04T15:34:32.5832179+03:00","2026-07-04 15:34:30","sol-updown-5m-1783168500","79026470312970728456590015634525827148158594988132748807108645354100347827230"
"2","15:35-15:40","SOL","Down","Ask","46","0.95","965","916.75","5697.22","4791.7987","2026-07-04T15:34:32.5832179+03:00","2026-07-04 15:34:30","sol-updown-5m-1783168500","79026470312970728456590015634525827148158594988132748807108645354100347827230"
"2","15:35-15:40","SOL","Down","Ask","47","0.96","675","648","6372.22","5439.7987","2026-07-04T15:34:32.5832179+03:00","2026-07-04 15:34:30","sol-updown-5m-1783168500","79026470312970728456590015634525827148158594988132748807108645354100347827230"
"2","15:35-15:40","SOL","Down","Ask","48","0.97","6250","6062.5","12622.22","11502.2987","2026-07-04T15:34:32.5832179+03:00","2026-07-04 15:34:30","sol-updown-5m-1783168500","79026470312970728456590015634525827148158594988132748807108645354100347827230"
"2","15:35-15:40","SOL","Down","Ask","49","0.98","1190","1166.2","13812.22","12668.4987","2026-07-04T15:34:32.5832179+03:00","2026-07-04 15:34:30","sol-updown-5m-1783168500","79026470312970728456590015634525827148158594988132748807108645354100347827230"
"2","15:35-15:40","SOL","Down","Ask","50","0.99","10581","10475.19","24393.22","23143.6887","2026-07-04T15:34:32.5832179+03:00","2026-07-04 15:34:30","sol-updown-5m-1783168500","79026470312970728456590015634525827148158594988132748807108645354100347827230"
"2","15:35-15:40","SOL","Down","Bid","1","0.49","25.49","12.4901","25.49","12.4901","2026-07-04T15:34:32.5832179+03:00","2026-07-04 15:34:30","sol-updown-5m-1783168500","79026470312970728456590015634525827148158594988132748807108645354100347827230"
"2","15:35-15:40","SOL","Down","Bid","2","0.48","20","9.6","45.49","22.0901","2026-07-04T15:34:32.5832179+03:00","2026-07-04 15:34:30","sol-updown-5m-1783168500","79026470312970728456590015634525827148158594988132748807108645354100347827230"
"2","15:35-15:40","SOL","Down","Bid","3","0.47","90","42.3","135.49","64.3901","2026-07-04T15:34:32.5832179+03:00","2026-07-04 15:34:30","sol-updown-5m-1783168500","79026470312970728456590015634525827148158594988132748807108645354100347827230"
"2","15:35-15:40","SOL","Down","Bid","4","0.46","81.52","37.4992","217.01","101.8893","2026-07-04T15:34:32.5832179+03:00","2026-07-04 15:34:30","sol-updown-5m-1783168500","79026470312970728456590015634525827148158594988132748807108645354100347827230"
"2","15:35-15:40","SOL","Down","Bid","5","0.45","192.66","86.697","409.67","188.5863","2026-07-04T15:34:32.5832179+03:00","2026-07-04 15:34:30","sol-updown-5m-1783168500","79026470312970728456590015634525827148158594988132748807108645354100347827230"
"2","15:35-15:40","SOL","Down","Bid","6","0.44","79","34.76","488.67","223.3463","2026-07-04T15:34:32.5832179+03:00","2026-07-04 15:34:30","sol-updown-5m-1783168500","79026470312970728456590015634525827148158594988132748807108645354100347827230"
"2","15:35-15:40","SOL","Down","Bid","7","0.43","123.27","53.0061","611.94","276.3524","2026-07-04T15:34:32.5832179+03:00","2026-07-04 15:34:30","sol-updown-5m-1783168500","79026470312970728456590015634525827148158594988132748807108645354100347827230"
"2","15:35-15:40","SOL","Down","Bid","8","0.42","92.14","38.6988","704.08","315.0512","2026-07-04T15:34:32.5832179+03:00","2026-07-04 15:34:30","sol-updown-5m-1783168500","79026470312970728456590015634525827148158594988132748807108645354100347827230"
"2","15:35-15:40","SOL","Down","Bid","9","0.41","25.63","10.5083","729.71","325.5595","2026-07-04T15:34:32.5832179+03:00","2026-07-04 15:34:30","sol-updown-5m-1783168500","79026470312970728456590015634525827148158594988132748807108645354100347827230"
"2","15:35-15:40","SOL","Down","Bid","10","0.4","27.5","11","757.21","336.5595","2026-07-04T15:34:32.5832179+03:00","2026-07-04 15:34:30","sol-updown-5m-1783168500","79026470312970728456590015634525827148158594988132748807108645354100347827230"
"2","15:35-15:40","SOL","Down","Bid","11","0.39","85","33.15","842.21","369.7095","2026-07-04T15:34:32.5832179+03:00","2026-07-04 15:34:30","sol-updown-5m-1783168500","79026470312970728456590015634525827148158594988132748807108645354100347827230"
"2","15:35-15:40","SOL","Down","Bid","12","0.38","5","1.9","847.21","371.6095","2026-07-04T15:34:32.5832179+03:00","2026-07-04 15:34:30","sol-updown-5m-1783168500","79026470312970728456590015634525827148158594988132748807108645354100347827230"
"2","15:35-15:40","SOL","Down","Bid","13","0.37","18.51","6.8487","865.72","378.4582","2026-07-04T15:34:32.5832179+03:00","2026-07-04 15:34:30","sol-updown-5m-1783168500","79026470312970728456590015634525827148158594988132748807108645354100347827230"
"2","15:35-15:40","SOL","Down","Bid","14","0.36","24.44","8.7984","890.16","387.2566","2026-07-04T15:34:32.5832179+03:00","2026-07-04 15:34:30","sol-updown-5m-1783168500","79026470312970728456590015634525827148158594988132748807108645354100347827230"
"2","15:35-15:40","SOL","Down","Bid","15","0.35","205","71.75","1095.16","459.0066","2026-07-04T15:34:32.5832179+03:00","2026-07-04 15:34:30","sol-updown-5m-1783168500","79026470312970728456590015634525827148158594988132748807108645354100347827230"
"2","15:35-15:40","SOL","Down","Bid","16","0.34","5","1.7","1100.16","460.7066","2026-07-04T15:34:32.5832179+03:00","2026-07-04 15:34:30","sol-updown-5m-1783168500","79026470312970728456590015634525827148158594988132748807108645354100347827230"
"2","15:35-15:40","SOL","Down","Bid","17","0.33","5","1.65","1105.16","462.3566","2026-07-04T15:34:32.5832179+03:00","2026-07-04 15:34:30","sol-updown-5m-1783168500","79026470312970728456590015634525827148158594988132748807108645354100347827230"
"2","15:35-15:40","SOL","Down","Bid","18","0.32","5","1.6","1110.16","463.9566","2026-07-04T15:34:32.5832179+03:00","2026-07-04 15:34:30","sol-updown-5m-1783168500","79026470312970728456590015634525827148158594988132748807108645354100347827230"
"2","15:35-15:40","SOL","Down","Bid","19","0.31","5","1.55","1115.16","465.5066","2026-07-04T15:34:32.5832179+03:00","2026-07-04 15:34:30","sol-updown-5m-1783168500","79026470312970728456590015634525827148158594988132748807108645354100347827230"
"2","15:35-15:40","SOL","Down","Bid","20","0.3","64.36","19.308","1179.52","484.8146","2026-07-04T15:34:32.5832179+03:00","2026-07-04 15:34:30","sol-updown-5m-1783168500","79026470312970728456590015634525827148158594988132748807108645354100347827230"
"2","15:35-15:40","SOL","Down","Bid","21","0.29","5","1.45","1184.52","486.2646","2026-07-04T15:34:32.5832179+03:00","2026-07-04 15:34:30","sol-updown-5m-1783168500","79026470312970728456590015634525827148158594988132748807108645354100347827230"
"2","15:35-15:40","SOL","Down","Bid","22","0.28","15.71","4.3988","1200.23","490.6634","2026-07-04T15:34:32.5832179+03:00","2026-07-04 15:34:30","sol-updown-5m-1783168500","79026470312970728456590015634525827148158594988132748807108645354100347827230"
"2","15:35-15:40","SOL","Down","Bid","23","0.27","5","1.35","1205.23","492.0134","2026-07-04T15:34:32.5832179+03:00","2026-07-04 15:34:30","sol-updown-5m-1783168500","79026470312970728456590015634525827148158594988132748807108645354100347827230"
"2","15:35-15:40","SOL","Down","Bid","24","0.26","10","2.6","1215.23","494.6134","2026-07-04T15:34:32.5832179+03:00","2026-07-04 15:34:30","sol-updown-5m-1783168500","79026470312970728456590015634525827148158594988132748807108645354100347827230"
"2","15:35-15:40","SOL","Down","Bid","25","0.25","15","3.75","1230.23","498.3634","2026-07-04T15:34:32.5832179+03:00","2026-07-04 15:34:30","sol-updown-5m-1783168500","79026470312970728456590015634525827148158594988132748807108645354100347827230"
"2","15:35-15:40","SOL","Down","Bid","26","0.24","30","7.2","1260.23","505.5634","2026-07-04T15:34:32.5832179+03:00","2026-07-04 15:34:30","sol-updown-5m-1783168500","79026470312970728456590015634525827148158594988132748807108645354100347827230"
"2","15:35-15:40","SOL","Down","Bid","27","0.23","30","6.9","1290.23","512.4634","2026-07-04T15:34:32.5832179+03:00","2026-07-04 15:34:30","sol-updown-5m-1783168500","79026470312970728456590015634525827148158594988132748807108645354100347827230"
"2","15:35-15:40","SOL","Down","Bid","28","0.22","15","3.3","1305.23","515.7634","2026-07-04T15:34:32.5832179+03:00","2026-07-04 15:34:30","sol-updown-5m-1783168500","79026470312970728456590015634525827148158594988132748807108645354100347827230"
"2","15:35-15:40","SOL","Down","Bid","29","0.21","17","3.57","1322.23","519.3334","2026-07-04T15:34:32.5832179+03:00","2026-07-04 15:34:30","sol-updown-5m-1783168500","79026470312970728456590015634525827148158594988132748807108645354100347827230"
"2","15:35-15:40","SOL","Down","Bid","30","0.2","100.9","20.18","1423.13","539.5134","2026-07-04T15:34:32.5832179+03:00","2026-07-04 15:34:30","sol-updown-5m-1783168500","79026470312970728456590015634525827148158594988132748807108645354100347827230"
"2","15:35-15:40","SOL","Down","Bid","31","0.19","22","4.18","1445.13","543.6934","2026-07-04T15:34:32.5832179+03:00","2026-07-04 15:34:30","sol-updown-5m-1783168500","79026470312970728456590015634525827148158594988132748807108645354100347827230"
"2","15:35-15:40","SOL","Down","Bid","32","0.18","27","4.86","1472.13","548.5534","2026-07-04T15:34:32.5832179+03:00","2026-07-04 15:34:30","sol-updown-5m-1783168500","79026470312970728456590015634525827148158594988132748807108645354100347827230"
"2","15:35-15:40","SOL","Down","Bid","33","0.17","22","3.74","1494.13","552.2934","2026-07-04T15:34:32.5832179+03:00","2026-07-04 15:34:30","sol-updown-5m-1783168500","79026470312970728456590015634525827148158594988132748807108645354100347827230"
"2","15:35-15:40","SOL","Down","Bid","34","0.16","22","3.52","1516.13","555.8134","2026-07-04T15:34:32.5832179+03:00","2026-07-04 15:34:30","sol-updown-5m-1783168500","79026470312970728456590015634525827148158594988132748807108645354100347827230"
"2","15:35-15:40","SOL","Down","Bid","35","0.15","101","15.15","1617.13","570.9634","2026-07-04T15:34:32.5832179+03:00","2026-07-04 15:34:30","sol-updown-5m-1783168500","79026470312970728456590015634525827148158594988132748807108645354100347827230"
"2","15:35-15:40","SOL","Down","Bid","36","0.14","42","5.88","1659.13","576.8434","2026-07-04T15:34:32.5832179+03:00","2026-07-04 15:34:30","sol-updown-5m-1783168500","79026470312970728456590015634525827148158594988132748807108645354100347827230"
"2","15:35-15:40","SOL","Down","Bid","37","0.13","37","4.81","1696.13","581.6534","2026-07-04T15:34:32.5832179+03:00","2026-07-04 15:34:30","sol-updown-5m-1783168500","79026470312970728456590015634525827148158594988132748807108645354100347827230"
"2","15:35-15:40","SOL","Down","Bid","38","0.12","64","7.68","1760.13","589.3334","2026-07-04T15:34:32.5832179+03:00","2026-07-04 15:34:30","sol-updown-5m-1783168500","79026470312970728456590015634525827148158594988132748807108645354100347827230"
"2","15:35-15:40","SOL","Down","Bid","39","0.11","37","4.07","1797.13","593.4034","2026-07-04T15:34:32.5832179+03:00","2026-07-04 15:34:30","sol-updown-5m-1783168500","79026470312970728456590015634525827148158594988132748807108645354100347827230"
"2","15:35-15:40","SOL","Down","Bid","40","0.1","362.58","36.258","2159.71","629.6614","2026-07-04T15:34:32.5832179+03:00","2026-07-04 15:34:30","sol-updown-5m-1783168500","79026470312970728456590015634525827148158594988132748807108645354100347827230"
"2","15:35-15:40","SOL","Down","Bid","41","0.09","600","54","2759.71","683.6614","2026-07-04T15:34:32.5832179+03:00","2026-07-04 15:34:30","sol-updown-5m-1783168500","79026470312970728456590015634525827148158594988132748807108645354100347827230"
"2","15:35-15:40","SOL","Down","Bid","42","0.08","607","48.56","3366.71","732.2214","2026-07-04T15:34:32.5832179+03:00","2026-07-04 15:34:30","sol-updown-5m-1783168500","79026470312970728456590015634525827148158594988132748807108645354100347827230"
"2","15:35-15:40","SOL","Down","Bid","43","0.07","607","42.49","3973.71","774.7114","2026-07-04T15:34:32.5832179+03:00","2026-07-04 15:34:30","sol-updown-5m-1783168500","79026470312970728456590015634525827148158594988132748807108645354100347827230"
"2","15:35-15:40","SOL","Down","Bid","44","0.06","675","40.5","4648.71","815.2114","2026-07-04T15:34:32.5832179+03:00","2026-07-04 15:34:30","sol-updown-5m-1783168500","79026470312970728456590015634525827148158594988132748807108645354100347827230"
"2","15:35-15:40","SOL","Down","Bid","45","0.05","965","48.25","5613.71","863.4614","2026-07-04T15:34:32.5832179+03:00","2026-07-04 15:34:30","sol-updown-5m-1783168500","79026470312970728456590015634525827148158594988132748807108645354100347827230"
"2","15:35-15:40","SOL","Down","Bid","46","0.04","675","27","6288.71","890.4614","2026-07-04T15:34:32.5832179+03:00","2026-07-04 15:34:30","sol-updown-5m-1783168500","79026470312970728456590015634525827148158594988132748807108645354100347827230"
"2","15:35-15:40","SOL","Down","Bid","47","0.03","6250","187.5","12538.71","1077.9614","2026-07-04T15:34:32.5832179+03:00","2026-07-04 15:34:30","sol-updown-5m-1783168500","79026470312970728456590015634525827148158594988132748807108645354100347827230"
"2","15:35-15:40","SOL","Down","Bid","48","0.02","1190","23.8","13728.71","1101.7614","2026-07-04T15:34:32.5832179+03:00","2026-07-04 15:34:30","sol-updown-5m-1783168500","79026470312970728456590015634525827148158594988132748807108645354100347827230"
"2","15:35-15:40","SOL","Down","Bid","49","0.01","10581","105.81","24309.71","1207.5714","2026-07-04T15:34:32.5832179+03:00","2026-07-04 15:34:30","sol-updown-5m-1783168500","79026470312970728456590015634525827148158594988132748807108645354100347827230"
"2","15:35-15:40","SOL","Up","Ask","1","0.51","25.49","12.9999","25.49","12.9999","2026-07-04T15:34:32.8119434+03:00","2026-07-04 15:34:30","sol-updown-5m-1783168500","82531476584694136702598638487082090035334971837818031014731549357600013731406"
"2","15:35-15:40","SOL","Up","Ask","2","0.52","20","10.4","45.49","23.3999","2026-07-04T15:34:32.8119434+03:00","2026-07-04 15:34:30","sol-updown-5m-1783168500","82531476584694136702598638487082090035334971837818031014731549357600013731406"
"2","15:35-15:40","SOL","Up","Ask","3","0.53","90","47.7","135.49","71.0999","2026-07-04T15:34:32.8119434+03:00","2026-07-04 15:34:30","sol-updown-5m-1783168500","82531476584694136702598638487082090035334971837818031014731549357600013731406"
"2","15:35-15:40","SOL","Up","Ask","4","0.54","81.52","44.0208","217.01","115.1207","2026-07-04T15:34:32.8119434+03:00","2026-07-04 15:34:30","sol-updown-5m-1783168500","82531476584694136702598638487082090035334971837818031014731549357600013731406"
"2","15:35-15:40","SOL","Up","Ask","5","0.55","192.66","105.963","409.67","221.0837","2026-07-04T15:34:32.8119434+03:00","2026-07-04 15:34:30","sol-updown-5m-1783168500","82531476584694136702598638487082090035334971837818031014731549357600013731406"
"2","15:35-15:40","SOL","Up","Ask","6","0.56","79","44.24","488.67","265.3237","2026-07-04T15:34:32.8119434+03:00","2026-07-04 15:34:30","sol-updown-5m-1783168500","82531476584694136702598638487082090035334971837818031014731549357600013731406"
"2","15:35-15:40","SOL","Up","Ask","7","0.57","123.27","70.2639","611.94","335.5876","2026-07-04T15:34:32.8119434+03:00","2026-07-04 15:34:30","sol-updown-5m-1783168500","82531476584694136702598638487082090035334971837818031014731549357600013731406"
"2","15:35-15:40","SOL","Up","Ask","8","0.58","92.14","53.4412","704.08","389.0288","2026-07-04T15:34:32.8119434+03:00","2026-07-04 15:34:30","sol-updown-5m-1783168500","82531476584694136702598638487082090035334971837818031014731549357600013731406"
"2","15:35-15:40","SOL","Up","Ask","9","0.59","25.63","15.1217","729.71","404.1505","2026-07-04T15:34:32.8119434+03:00","2026-07-04 15:34:30","sol-updown-5m-1783168500","82531476584694136702598638487082090035334971837818031014731549357600013731406"
"2","15:35-15:40","SOL","Up","Ask","10","0.6","27.5","16.5","757.21","420.6505","2026-07-04T15:34:32.8119434+03:00","2026-07-04 15:34:30","sol-updown-5m-1783168500","82531476584694136702598638487082090035334971837818031014731549357600013731406"
"2","15:35-15:40","SOL","Up","Ask","11","0.61","85","51.85","842.21","472.5005","2026-07-04T15:34:32.8119434+03:00","2026-07-04 15:34:30","sol-updown-5m-1783168500","82531476584694136702598638487082090035334971837818031014731549357600013731406"
"2","15:35-15:40","SOL","Up","Ask","12","0.62","5","3.1","847.21","475.6005","2026-07-04T15:34:32.8119434+03:00","2026-07-04 15:34:30","sol-updown-5m-1783168500","82531476584694136702598638487082090035334971837818031014731549357600013731406"
"2","15:35-15:40","SOL","Up","Ask","13","0.63","18.51","11.6613","865.72","487.2618","2026-07-04T15:34:32.8119434+03:00","2026-07-04 15:34:30","sol-updown-5m-1783168500","82531476584694136702598638487082090035334971837818031014731549357600013731406"
"2","15:35-15:40","SOL","Up","Ask","14","0.64","24.44","15.6416","890.16","502.9034","2026-07-04T15:34:32.8119434+03:00","2026-07-04 15:34:30","sol-updown-5m-1783168500","82531476584694136702598638487082090035334971837818031014731549357600013731406"
"2","15:35-15:40","SOL","Up","Ask","15","0.65","205","133.25","1095.16","636.1534","2026-07-04T15:34:32.8119434+03:00","2026-07-04 15:34:30","sol-updown-5m-1783168500","82531476584694136702598638487082090035334971837818031014731549357600013731406"
"2","15:35-15:40","SOL","Up","Ask","16","0.66","5","3.3","1100.16","639.4534","2026-07-04T15:34:32.8119434+03:00","2026-07-04 15:34:30","sol-updown-5m-1783168500","82531476584694136702598638487082090035334971837818031014731549357600013731406"
"2","15:35-15:40","SOL","Up","Ask","17","0.67","5","3.35","1105.16","642.8034","2026-07-04T15:34:32.8119434+03:00","2026-07-04 15:34:30","sol-updown-5m-1783168500","82531476584694136702598638487082090035334971837818031014731549357600013731406"
"2","15:35-15:40","SOL","Up","Ask","18","0.68","5","3.4","1110.16","646.2034","2026-07-04T15:34:32.8119434+03:00","2026-07-04 15:34:30","sol-updown-5m-1783168500","82531476584694136702598638487082090035334971837818031014731549357600013731406"
"2","15:35-15:40","SOL","Up","Ask","19","0.69","5","3.45","1115.16","649.6534","2026-07-04T15:34:32.8119434+03:00","2026-07-04 15:34:30","sol-updown-5m-1783168500","82531476584694136702598638487082090035334971837818031014731549357600013731406"
"2","15:35-15:40","SOL","Up","Ask","20","0.7","64.36","45.052","1179.52","694.7054","2026-07-04T15:34:32.8119434+03:00","2026-07-04 15:34:30","sol-updown-5m-1783168500","82531476584694136702598638487082090035334971837818031014731549357600013731406"
"2","15:35-15:40","SOL","Up","Ask","21","0.71","5","3.55","1184.52","698.2554","2026-07-04T15:34:32.8119434+03:00","2026-07-04 15:34:30","sol-updown-5m-1783168500","82531476584694136702598638487082090035334971837818031014731549357600013731406"
"2","15:35-15:40","SOL","Up","Ask","22","0.72","15.71","11.3112","1200.23","709.5666","2026-07-04T15:34:32.8119434+03:00","2026-07-04 15:34:30","sol-updown-5m-1783168500","82531476584694136702598638487082090035334971837818031014731549357600013731406"
"2","15:35-15:40","SOL","Up","Ask","23","0.73","5","3.65","1205.23","713.2166","2026-07-04T15:34:32.8119434+03:00","2026-07-04 15:34:30","sol-updown-5m-1783168500","82531476584694136702598638487082090035334971837818031014731549357600013731406"
"2","15:35-15:40","SOL","Up","Ask","24","0.74","10","7.4","1215.23","720.6166","2026-07-04T15:34:32.8119434+03:00","2026-07-04 15:34:30","sol-updown-5m-1783168500","82531476584694136702598638487082090035334971837818031014731549357600013731406"
"2","15:35-15:40","SOL","Up","Ask","25","0.75","15","11.25","1230.23","731.8666","2026-07-04T15:34:32.8119434+03:00","2026-07-04 15:34:30","sol-updown-5m-1783168500","82531476584694136702598638487082090035334971837818031014731549357600013731406"
"2","15:35-15:40","SOL","Up","Ask","26","0.76","30","22.8","1260.23","754.6666","2026-07-04T15:34:32.8119434+03:00","2026-07-04 15:34:30","sol-updown-5m-1783168500","82531476584694136702598638487082090035334971837818031014731549357600013731406"
"2","15:35-15:40","SOL","Up","Ask","27","0.77","30","23.1","1290.23","777.7666","2026-07-04T15:34:32.8119434+03:00","2026-07-04 15:34:30","sol-updown-5m-1783168500","82531476584694136702598638487082090035334971837818031014731549357600013731406"
"2","15:35-15:40","SOL","Up","Ask","28","0.78","15","11.7","1305.23","789.4666","2026-07-04T15:34:32.8119434+03:00","2026-07-04 15:34:30","sol-updown-5m-1783168500","82531476584694136702598638487082090035334971837818031014731549357600013731406"
"2","15:35-15:40","SOL","Up","Ask","29","0.79","17","13.43","1322.23","802.8966","2026-07-04T15:34:32.8119434+03:00","2026-07-04 15:34:30","sol-updown-5m-1783168500","82531476584694136702598638487082090035334971837818031014731549357600013731406"
"2","15:35-15:40","SOL","Up","Ask","30","0.8","100.9","80.72","1423.13","883.6166","2026-07-04T15:34:32.8119434+03:00","2026-07-04 15:34:30","sol-updown-5m-1783168500","82531476584694136702598638487082090035334971837818031014731549357600013731406"
"2","15:35-15:40","SOL","Up","Ask","31","0.81","22","17.82","1445.13","901.4366","2026-07-04T15:34:32.8119434+03:00","2026-07-04 15:34:30","sol-updown-5m-1783168500","82531476584694136702598638487082090035334971837818031014731549357600013731406"
"2","15:35-15:40","SOL","Up","Ask","32","0.82","27","22.14","1472.13","923.5766","2026-07-04T15:34:32.8119434+03:00","2026-07-04 15:34:30","sol-updown-5m-1783168500","82531476584694136702598638487082090035334971837818031014731549357600013731406"
"2","15:35-15:40","SOL","Up","Ask","33","0.83","22","18.26","1494.13","941.8366","2026-07-04T15:34:32.8119434+03:00","2026-07-04 15:34:30","sol-updown-5m-1783168500","82531476584694136702598638487082090035334971837818031014731549357600013731406"
"2","15:35-15:40","SOL","Up","Ask","34","0.84","22","18.48","1516.13","960.3166","2026-07-04T15:34:32.8119434+03:00","2026-07-04 15:34:30","sol-updown-5m-1783168500","82531476584694136702598638487082090035334971837818031014731549357600013731406"
"2","15:35-15:40","SOL","Up","Ask","35","0.85","101","85.85","1617.13","1046.1666","2026-07-04T15:34:32.8119434+03:00","2026-07-04 15:34:30","sol-updown-5m-1783168500","82531476584694136702598638487082090035334971837818031014731549357600013731406"
"2","15:35-15:40","SOL","Up","Ask","36","0.86","42","36.12","1659.13","1082.2866","2026-07-04T15:34:32.8119434+03:00","2026-07-04 15:34:30","sol-updown-5m-1783168500","82531476584694136702598638487082090035334971837818031014731549357600013731406"
"2","15:35-15:40","SOL","Up","Ask","37","0.87","37","32.19","1696.13","1114.4766","2026-07-04T15:34:32.8119434+03:00","2026-07-04 15:34:30","sol-updown-5m-1783168500","82531476584694136702598638487082090035334971837818031014731549357600013731406"
"2","15:35-15:40","SOL","Up","Ask","38","0.88","64","56.32","1760.13","1170.7966","2026-07-04T15:34:32.8119434+03:00","2026-07-04 15:34:30","sol-updown-5m-1783168500","82531476584694136702598638487082090035334971837818031014731549357600013731406"
"2","15:35-15:40","SOL","Up","Ask","39","0.89","37","32.93","1797.13","1203.7266","2026-07-04T15:34:32.8119434+03:00","2026-07-04 15:34:30","sol-updown-5m-1783168500","82531476584694136702598638487082090035334971837818031014731549357600013731406"
"2","15:35-15:40","SOL","Up","Ask","40","0.9","362.58","326.322","2159.71","1530.0486","2026-07-04T15:34:32.8119434+03:00","2026-07-04 15:34:30","sol-updown-5m-1783168500","82531476584694136702598638487082090035334971837818031014731549357600013731406"
"2","15:35-15:40","SOL","Up","Ask","41","0.91","600","546","2759.71","2076.0486","2026-07-04T15:34:32.8119434+03:00","2026-07-04 15:34:30","sol-updown-5m-1783168500","82531476584694136702598638487082090035334971837818031014731549357600013731406"
"2","15:35-15:40","SOL","Up","Ask","42","0.92","607","558.44","3366.71","2634.4886","2026-07-04T15:34:32.8119434+03:00","2026-07-04 15:34:30","sol-updown-5m-1783168500","82531476584694136702598638487082090035334971837818031014731549357600013731406"
"2","15:35-15:40","SOL","Up","Ask","43","0.93","607","564.51","3973.71","3198.9986","2026-07-04T15:34:32.8119434+03:00","2026-07-04 15:34:30","sol-updown-5m-1783168500","82531476584694136702598638487082090035334971837818031014731549357600013731406"
"2","15:35-15:40","SOL","Up","Ask","44","0.94","675","634.5","4648.71","3833.4986","2026-07-04T15:34:32.8119434+03:00","2026-07-04 15:34:30","sol-updown-5m-1783168500","82531476584694136702598638487082090035334971837818031014731549357600013731406"
"2","15:35-15:40","SOL","Up","Ask","45","0.95","965","916.75","5613.71","4750.2486","2026-07-04T15:34:32.8119434+03:00","2026-07-04 15:34:30","sol-updown-5m-1783168500","82531476584694136702598638487082090035334971837818031014731549357600013731406"
"2","15:35-15:40","SOL","Up","Ask","46","0.96","675","648","6288.71","5398.2486","2026-07-04T15:34:32.8119434+03:00","2026-07-04 15:34:30","sol-updown-5m-1783168500","82531476584694136702598638487082090035334971837818031014731549357600013731406"
"2","15:35-15:40","SOL","Up","Ask","47","0.97","6250","6062.5","12538.71","11460.7486","2026-07-04T15:34:32.8119434+03:00","2026-07-04 15:34:30","sol-updown-5m-1783168500","82531476584694136702598638487082090035334971837818031014731549357600013731406"
"2","15:35-15:40","SOL","Up","Ask","48","0.98","1190","1166.2","13728.71","12626.9486","2026-07-04T15:34:32.8119434+03:00","2026-07-04 15:34:30","sol-updown-5m-1783168500","82531476584694136702598638487082090035334971837818031014731549357600013731406"
"2","15:35-15:40","SOL","Up","Ask","49","0.99","10581","10475.19","24309.71","23102.1386","2026-07-04T15:34:32.8119434+03:00","2026-07-04 15:34:30","sol-updown-5m-1783168500","82531476584694136702598638487082090035334971837818031014731549357600013731406"
"2","15:35-15:40","SOL","Up","Bid","1","0.5","134","67","134","67","2026-07-04T15:34:32.8119434+03:00","2026-07-04 15:34:30","sol-updown-5m-1783168500","82531476584694136702598638487082090035334971837818031014731549357600013731406"
"2","15:35-15:40","SOL","Up","Bid","2","0.49","50","24.5","184","91.5","2026-07-04T15:34:32.8119434+03:00","2026-07-04 15:34:30","sol-updown-5m-1783168500","82531476584694136702598638487082090035334971837818031014731549357600013731406"
"2","15:35-15:40","SOL","Up","Bid","3","0.48","60","28.8","244","120.3","2026-07-04T15:34:32.8119434+03:00","2026-07-04 15:34:30","sol-updown-5m-1783168500","82531476584694136702598638487082090035334971837818031014731549357600013731406"
"2","15:35-15:40","SOL","Up","Bid","4","0.47","30","14.1","274","134.4","2026-07-04T15:34:32.8119434+03:00","2026-07-04 15:34:30","sol-updown-5m-1783168500","82531476584694136702598638487082090035334971837818031014731549357600013731406"
"2","15:35-15:40","SOL","Up","Bid","5","0.46","21.52","9.8992","295.52","144.2992","2026-07-04T15:34:32.8119434+03:00","2026-07-04 15:34:30","sol-updown-5m-1783168500","82531476584694136702598638487082090035334971837818031014731549357600013731406"
"2","15:35-15:40","SOL","Up","Bid","6","0.45","137.66","61.947","433.18","206.2462","2026-07-04T15:34:32.8119434+03:00","2026-07-04 15:34:30","sol-updown-5m-1783168500","82531476584694136702598638487082090035334971837818031014731549357600013731406"
"2","15:35-15:40","SOL","Up","Bid","7","0.44","79","34.76","512.18","241.0062","2026-07-04T15:34:32.8119434+03:00","2026-07-04 15:34:30","sol-updown-5m-1783168500","82531476584694136702598638487082090035334971837818031014731549357600013731406"
"2","15:35-15:40","SOL","Up","Bid","8","0.43","123.27","53.0061","635.45","294.0123","2026-07-04T15:34:32.8119434+03:00","2026-07-04 15:34:30","sol-updown-5m-1783168500","82531476584694136702598638487082090035334971837818031014731549357600013731406"
"2","15:35-15:40","SOL","Up","Bid","9","0.42","107.14","44.9988","742.59","339.0111","2026-07-04T15:34:32.8119434+03:00","2026-07-04 15:34:30","sol-updown-5m-1783168500","82531476584694136702598638487082090035334971837818031014731549357600013731406"
"2","15:35-15:40","SOL","Up","Bid","10","0.41","40.63","16.6583","783.22","355.6694","2026-07-04T15:34:32.8119434+03:00","2026-07-04 15:34:30","sol-updown-5m-1783168500","82531476584694136702598638487082090035334971837818031014731549357600013731406"
"2","15:35-15:40","SOL","Up","Bid","11","0.4","42.5","17","825.72","372.6694","2026-07-04T15:34:32.8119434+03:00","2026-07-04 15:34:30","sol-updown-5m-1783168500","82531476584694136702598638487082090035334971837818031014731549357600013731406"
"2","15:35-15:40","SOL","Up","Bid","12","0.39","100","39","925.72","411.6694","2026-07-04T15:34:32.8119434+03:00","2026-07-04 15:34:30","sol-updown-5m-1783168500","82531476584694136702598638487082090035334971837818031014731549357600013731406"
"2","15:35-15:40","SOL","Up","Bid","13","0.38","5","1.9","930.72","413.5694","2026-07-04T15:34:32.8119434+03:00","2026-07-04 15:34:30","sol-updown-5m-1783168500","82531476584694136702598638487082090035334971837818031014731549357600013731406"
"2","15:35-15:40","SOL","Up","Bid","14","0.37","18.51","6.8487","949.23","420.4181","2026-07-04T15:34:32.8119434+03:00","2026-07-04 15:34:30","sol-updown-5m-1783168500","82531476584694136702598638487082090035334971837818031014731549357600013731406"
"2","15:35-15:40","SOL","Up","Bid","15","0.36","24.44","8.7984","973.67","429.2165","2026-07-04T15:34:32.8119434+03:00","2026-07-04 15:34:30","sol-updown-5m-1783168500","82531476584694136702598638487082090035334971837818031014731549357600013731406"
"2","15:35-15:40","SOL","Up","Bid","16","0.35","205","71.75","1178.67","500.9665","2026-07-04T15:34:32.8119434+03:00","2026-07-04 15:34:30","sol-updown-5m-1783168500","82531476584694136702598638487082090035334971837818031014731549357600013731406"
"2","15:35-15:40","SOL","Up","Bid","17","0.34","5","1.7","1183.67","502.6665","2026-07-04T15:34:32.8119434+03:00","2026-07-04 15:34:30","sol-updown-5m-1783168500","82531476584694136702598638487082090035334971837818031014731549357600013731406"
"2","15:35-15:40","SOL","Up","Bid","18","0.33","5","1.65","1188.67","504.3165","2026-07-04T15:34:32.8119434+03:00","2026-07-04 15:34:30","sol-updown-5m-1783168500","82531476584694136702598638487082090035334971837818031014731549357600013731406"
"2","15:35-15:40","SOL","Up","Bid","19","0.32","5","1.6","1193.67","505.9165","2026-07-04T15:34:32.8119434+03:00","2026-07-04 15:34:30","sol-updown-5m-1783168500","82531476584694136702598638487082090035334971837818031014731549357600013731406"
"2","15:35-15:40","SOL","Up","Bid","20","0.31","5","1.55","1198.67","507.4665","2026-07-04T15:34:32.8119434+03:00","2026-07-04 15:34:30","sol-updown-5m-1783168500","82531476584694136702598638487082090035334971837818031014731549357600013731406"
"2","15:35-15:40","SOL","Up","Bid","21","0.3","64.36","19.308","1263.03","526.7745","2026-07-04T15:34:32.8119434+03:00","2026-07-04 15:34:30","sol-updown-5m-1783168500","82531476584694136702598638487082090035334971837818031014731549357600013731406"
"2","15:35-15:40","SOL","Up","Bid","22","0.29","5","1.45","1268.03","528.2245","2026-07-04T15:34:32.8119434+03:00","2026-07-04 15:34:30","sol-updown-5m-1783168500","82531476584694136702598638487082090035334971837818031014731549357600013731406"
"2","15:35-15:40","SOL","Up","Bid","23","0.28","15.71","4.3988","1283.74","532.6233","2026-07-04T15:34:32.8119434+03:00","2026-07-04 15:34:30","sol-updown-5m-1783168500","82531476584694136702598638487082090035334971837818031014731549357600013731406"
"2","15:35-15:40","SOL","Up","Bid","24","0.27","5","1.35","1288.74","533.9733","2026-07-04T15:34:32.8119434+03:00","2026-07-04 15:34:30","sol-updown-5m-1783168500","82531476584694136702598638487082090035334971837818031014731549357600013731406"
"2","15:35-15:40","SOL","Up","Bid","25","0.26","10","2.6","1298.74","536.5733","2026-07-04T15:34:32.8119434+03:00","2026-07-04 15:34:30","sol-updown-5m-1783168500","82531476584694136702598638487082090035334971837818031014731549357600013731406"
"2","15:35-15:40","SOL","Up","Bid","26","0.25","15","3.75","1313.74","540.3233","2026-07-04T15:34:32.8119434+03:00","2026-07-04 15:34:30","sol-updown-5m-1783168500","82531476584694136702598638487082090035334971837818031014731549357600013731406"
"2","15:35-15:40","SOL","Up","Bid","27","0.24","30","7.2","1343.74","547.5233","2026-07-04T15:34:32.8119434+03:00","2026-07-04 15:34:30","sol-updown-5m-1783168500","82531476584694136702598638487082090035334971837818031014731549357600013731406"
"2","15:35-15:40","SOL","Up","Bid","28","0.23","30","6.9","1373.74","554.4233","2026-07-04T15:34:32.8119434+03:00","2026-07-04 15:34:30","sol-updown-5m-1783168500","82531476584694136702598638487082090035334971837818031014731549357600013731406"
"2","15:35-15:40","SOL","Up","Bid","29","0.22","15","3.3","1388.74","557.7233","2026-07-04T15:34:32.8119434+03:00","2026-07-04 15:34:30","sol-updown-5m-1783168500","82531476584694136702598638487082090035334971837818031014731549357600013731406"
"2","15:35-15:40","SOL","Up","Bid","30","0.21","17","3.57","1405.74","561.2933","2026-07-04T15:34:32.8119434+03:00","2026-07-04 15:34:30","sol-updown-5m-1783168500","82531476584694136702598638487082090035334971837818031014731549357600013731406"
"2","15:35-15:40","SOL","Up","Bid","31","0.2","100.9","20.18","1506.64","581.4733","2026-07-04T15:34:32.8119434+03:00","2026-07-04 15:34:30","sol-updown-5m-1783168500","82531476584694136702598638487082090035334971837818031014731549357600013731406"
"2","15:35-15:40","SOL","Up","Bid","32","0.19","22","4.18","1528.64","585.6533","2026-07-04T15:34:32.8119434+03:00","2026-07-04 15:34:30","sol-updown-5m-1783168500","82531476584694136702598638487082090035334971837818031014731549357600013731406"
"2","15:35-15:40","SOL","Up","Bid","33","0.18","27","4.86","1555.64","590.5133","2026-07-04T15:34:32.8119434+03:00","2026-07-04 15:34:30","sol-updown-5m-1783168500","82531476584694136702598638487082090035334971837818031014731549357600013731406"
"2","15:35-15:40","SOL","Up","Bid","34","0.17","22","3.74","1577.64","594.2533","2026-07-04T15:34:32.8119434+03:00","2026-07-04 15:34:30","sol-updown-5m-1783168500","82531476584694136702598638487082090035334971837818031014731549357600013731406"
"2","15:35-15:40","SOL","Up","Bid","35","0.16","22","3.52","1599.64","597.7733","2026-07-04T15:34:32.8119434+03:00","2026-07-04 15:34:30","sol-updown-5m-1783168500","82531476584694136702598638487082090035334971837818031014731549357600013731406"
"2","15:35-15:40","SOL","Up","Bid","36","0.15","101","15.15","1700.64","612.9233","2026-07-04T15:34:32.8119434+03:00","2026-07-04 15:34:30","sol-updown-5m-1783168500","82531476584694136702598638487082090035334971837818031014731549357600013731406"
"2","15:35-15:40","SOL","Up","Bid","37","0.14","42","5.88","1742.64","618.8033","2026-07-04T15:34:32.8119434+03:00","2026-07-04 15:34:30","sol-updown-5m-1783168500","82531476584694136702598638487082090035334971837818031014731549357600013731406"
"2","15:35-15:40","SOL","Up","Bid","38","0.13","37","4.81","1779.64","623.6133","2026-07-04T15:34:32.8119434+03:00","2026-07-04 15:34:30","sol-updown-5m-1783168500","82531476584694136702598638487082090035334971837818031014731549357600013731406"
"2","15:35-15:40","SOL","Up","Bid","39","0.12","64","7.68","1843.64","631.2933","2026-07-04T15:34:32.8119434+03:00","2026-07-04 15:34:30","sol-updown-5m-1783168500","82531476584694136702598638487082090035334971837818031014731549357600013731406"
"2","15:35-15:40","SOL","Up","Bid","40","0.11","37","4.07","1880.64","635.3633","2026-07-04T15:34:32.8119434+03:00","2026-07-04 15:34:30","sol-updown-5m-1783168500","82531476584694136702598638487082090035334971837818031014731549357600013731406"
"2","15:35-15:40","SOL","Up","Bid","41","0.1","362.58","36.258","2243.22","671.6213","2026-07-04T15:34:32.8119434+03:00","2026-07-04 15:34:30","sol-updown-5m-1783168500","82531476584694136702598638487082090035334971837818031014731549357600013731406"
"2","15:35-15:40","SOL","Up","Bid","42","0.09","600","54","2843.22","725.6213","2026-07-04T15:34:32.8119434+03:00","2026-07-04 15:34:30","sol-updown-5m-1783168500","82531476584694136702598638487082090035334971837818031014731549357600013731406"
"2","15:35-15:40","SOL","Up","Bid","43","0.08","607","48.56","3450.22","774.1813","2026-07-04T15:34:32.8119434+03:00","2026-07-04 15:34:30","sol-updown-5m-1783168500","82531476584694136702598638487082090035334971837818031014731549357600013731406"
"2","15:35-15:40","SOL","Up","Bid","44","0.07","607","42.49","4057.22","816.6713","2026-07-04T15:34:32.8119434+03:00","2026-07-04 15:34:30","sol-updown-5m-1783168500","82531476584694136702598638487082090035334971837818031014731549357600013731406"
"2","15:35-15:40","SOL","Up","Bid","45","0.06","675","40.5","4732.22","857.1713","2026-07-04T15:34:32.8119434+03:00","2026-07-04 15:34:30","sol-updown-5m-1783168500","82531476584694136702598638487082090035334971837818031014731549357600013731406"
"2","15:35-15:40","SOL","Up","Bid","46","0.05","965","48.25","5697.22","905.4213","2026-07-04T15:34:32.8119434+03:00","2026-07-04 15:34:30","sol-updown-5m-1783168500","82531476584694136702598638487082090035334971837818031014731549357600013731406"
"2","15:35-15:40","SOL","Up","Bid","47","0.04","675","27","6372.22","932.4213","2026-07-04T15:34:32.8119434+03:00","2026-07-04 15:34:30","sol-updown-5m-1783168500","82531476584694136702598638487082090035334971837818031014731549357600013731406"
"2","15:35-15:40","SOL","Up","Bid","48","0.03","6250","187.5","12622.22","1119.9213","2026-07-04T15:34:32.8119434+03:00","2026-07-04 15:34:30","sol-updown-5m-1783168500","82531476584694136702598638487082090035334971837818031014731549357600013731406"
"2","15:35-15:40","SOL","Up","Bid","49","0.02","1190","23.8","13812.22","1143.7213","2026-07-04T15:34:32.8119434+03:00","2026-07-04 15:34:30","sol-updown-5m-1783168500","82531476584694136702598638487082090035334971837818031014731549357600013731406"
"2","15:35-15:40","SOL","Up","Bid","50","0.01","10581","105.81","24393.22","1249.5313","2026-07-04T15:34:32.8119434+03:00","2026-07-04 15:34:30","sol-updown-5m-1783168500","82531476584694136702598638487082090035334971837818031014731549357600013731406"
"3","15:40-15:45","BTC","Down","Ask","1","0.51","470.39","239.8989","470.39","239.8989","2026-07-04T15:39:30.0166584+03:00","2026-07-04 15:39:30","btc-updown-5m-1783168800","10703158254968919258785055019813940316515929172459374802250956969723948980319"
"3","15:40-15:45","BTC","Down","Ask","2","0.52","164.64","85.6128","635.03","325.5117","2026-07-04T15:39:30.0166584+03:00","2026-07-04 15:39:30","btc-updown-5m-1783168800","10703158254968919258785055019813940316515929172459374802250956969723948980319"
"3","15:40-15:45","BTC","Down","Ask","3","0.53","79","41.87","714.03","367.3817","2026-07-04T15:39:30.0166584+03:00","2026-07-04 15:39:30","btc-updown-5m-1783168800","10703158254968919258785055019813940316515929172459374802250956969723948980319"
"3","15:40-15:45","BTC","Down","Ask","4","0.54","427.12","230.6448","1141.15","598.0265","2026-07-04T15:39:30.0166584+03:00","2026-07-04 15:39:30","btc-updown-5m-1783168800","10703158254968919258785055019813940316515929172459374802250956969723948980319"
"3","15:40-15:45","BTC","Down","Ask","5","0.55","1288.43","708.6365","2429.58","1306.663","2026-07-04T15:39:30.0166584+03:00","2026-07-04 15:39:30","btc-updown-5m-1783168800","10703158254968919258785055019813940316515929172459374802250956969723948980319"
"3","15:40-15:45","BTC","Down","Ask","6","0.56","817.26","457.6656","3246.84","1764.3286","2026-07-04T15:39:30.0166584+03:00","2026-07-04 15:39:30","btc-updown-5m-1783168800","10703158254968919258785055019813940316515929172459374802250956969723948980319"
"3","15:40-15:45","BTC","Down","Ask","7","0.57","685.25","390.5925","3932.09","2154.9211","2026-07-04T15:39:30.0166584+03:00","2026-07-04 15:39:30","btc-updown-5m-1783168800","10703158254968919258785055019813940316515929172459374802250956969723948980319"
"3","15:40-15:45","BTC","Down","Ask","8","0.58","493.75","286.375","4425.84","2441.2961","2026-07-04T15:39:30.0166584+03:00","2026-07-04 15:39:30","btc-updown-5m-1783168800","10703158254968919258785055019813940316515929172459374802250956969723948980319"
"3","15:40-15:45","BTC","Down","Ask","9","0.59","455.15","268.5385","4880.99","2709.8346","2026-07-04T15:39:30.0166584+03:00","2026-07-04 15:39:30","btc-updown-5m-1783168800","10703158254968919258785055019813940316515929172459374802250956969723948980319"
"3","15:40-15:45","BTC","Down","Ask","10","0.6","963.76","578.256","5844.75","3288.0906","2026-07-04T15:39:30.0166584+03:00","2026-07-04 15:39:30","btc-updown-5m-1783168800","10703158254968919258785055019813940316515929172459374802250956969723948980319"
"3","15:40-15:45","BTC","Down","Ask","11","0.61","463.63","282.8143","6308.38","3570.9049","2026-07-04T15:39:30.0166584+03:00","2026-07-04 15:39:30","btc-updown-5m-1783168800","10703158254968919258785055019813940316515929172459374802250956969723948980319"
"3","15:40-15:45","BTC","Down","Ask","12","0.62","350.84","217.5208","6659.22","3788.4257","2026-07-04T15:39:30.0166584+03:00","2026-07-04 15:39:30","btc-updown-5m-1783168800","10703158254968919258785055019813940316515929172459374802250956969723948980319"
"3","15:40-15:45","BTC","Down","Ask","13","0.63","765.24","482.1012","7424.46","4270.5269","2026-07-04T15:39:30.0166584+03:00","2026-07-04 15:39:30","btc-updown-5m-1783168800","10703158254968919258785055019813940316515929172459374802250956969723948980319"
"3","15:40-15:45","BTC","Down","Ask","14","0.64","810.47","518.7008","8234.93","4789.2277","2026-07-04T15:39:30.0166584+03:00","2026-07-04 15:39:30","btc-updown-5m-1783168800","10703158254968919258785055019813940316515929172459374802250956969723948980319"
"3","15:40-15:45","BTC","Down","Ask","15","0.65","1213.19","788.5735","9448.12","5577.8012","2026-07-04T15:39:30.0166584+03:00","2026-07-04 15:39:30","btc-updown-5m-1783168800","10703158254968919258785055019813940316515929172459374802250956969723948980319"
"3","15:40-15:45","BTC","Down","Ask","16","0.66","610.32","402.8112","10058.44","5980.6124","2026-07-04T15:39:30.0166584+03:00","2026-07-04 15:39:30","btc-updown-5m-1783168800","10703158254968919258785055019813940316515929172459374802250956969723948980319"
"3","15:40-15:45","BTC","Down","Ask","17","0.67","755.61","506.2587","10814.05","6486.8711","2026-07-04T15:39:30.0166584+03:00","2026-07-04 15:39:30","btc-updown-5m-1783168800","10703158254968919258785055019813940316515929172459374802250956969723948980319"
"3","15:40-15:45","BTC","Down","Ask","18","0.68","696.14","473.3752","11510.19","6960.2463","2026-07-04T15:39:30.0166584+03:00","2026-07-04 15:39:30","btc-updown-5m-1783168800","10703158254968919258785055019813940316515929172459374802250956969723948980319"
"3","15:40-15:45","BTC","Down","Ask","19","0.69","859.04","592.7376","12369.23","7552.9839","2026-07-04T15:39:30.0166584+03:00","2026-07-04 15:39:30","btc-updown-5m-1783168800","10703158254968919258785055019813940316515929172459374802250956969723948980319"
"3","15:40-15:45","BTC","Down","Ask","20","0.7","942.32","659.624","13311.55","8212.6079","2026-07-04T15:39:30.0166584+03:00","2026-07-04 15:39:30","btc-updown-5m-1783168800","10703158254968919258785055019813940316515929172459374802250956969723948980319"
"3","15:40-15:45","BTC","Down","Ask","21","0.71","610.35","433.3485","13921.9","8645.9564","2026-07-04T15:39:30.0166584+03:00","2026-07-04 15:39:30","btc-updown-5m-1783168800","10703158254968919258785055019813940316515929172459374802250956969723948980319"
"3","15:40-15:45","BTC","Down","Ask","22","0.72","632.71","455.5512","14554.61","9101.5076","2026-07-04T15:39:30.0166584+03:00","2026-07-04 15:39:30","btc-updown-5m-1783168800","10703158254968919258785055019813940316515929172459374802250956969723948980319"
"3","15:40-15:45","BTC","Down","Ask","23","0.73","290","211.7","14844.61","9313.2076","2026-07-04T15:39:30.0166584+03:00","2026-07-04 15:39:30","btc-updown-5m-1783168800","10703158254968919258785055019813940316515929172459374802250956969723948980319"
"3","15:40-15:45","BTC","Down","Ask","24","0.74","270","199.8","15114.61","9513.0076","2026-07-04T15:39:30.0166584+03:00","2026-07-04 15:39:30","btc-updown-5m-1783168800","10703158254968919258785055019813940316515929172459374802250956969723948980319"
"3","15:40-15:45","BTC","Down","Ask","25","0.75","385","288.75","15499.61","9801.7576","2026-07-04T15:39:30.0166584+03:00","2026-07-04 15:39:30","btc-updown-5m-1783168800","10703158254968919258785055019813940316515929172459374802250956969723948980319"
"3","15:40-15:45","BTC","Down","Ask","26","0.76","625","475","16124.61","10276.7576","2026-07-04T15:39:30.0166584+03:00","2026-07-04 15:39:30","btc-updown-5m-1783168800","10703158254968919258785055019813940316515929172459374802250956969723948980319"
"3","15:40-15:45","BTC","Down","Ask","27","0.77","100","77","16224.61","10353.7576","2026-07-04T15:39:30.0166584+03:00","2026-07-04 15:39:30","btc-updown-5m-1783168800","10703158254968919258785055019813940316515929172459374802250956969723948980319"
"3","15:40-15:45","BTC","Down","Ask","28","0.78","705","549.9","16929.61","10903.6576","2026-07-04T15:39:30.0166584+03:00","2026-07-04 15:39:30","btc-updown-5m-1783168800","10703158254968919258785055019813940316515929172459374802250956969723948980319"
"3","15:40-15:45","BTC","Down","Ask","29","0.79","637","503.23","17566.61","11406.8876","2026-07-04T15:39:30.0166584+03:00","2026-07-04 15:39:30","btc-updown-5m-1783168800","10703158254968919258785055019813940316515929172459374802250956969723948980319"
"3","15:40-15:45","BTC","Down","Ask","30","0.8","797","637.6","18363.61","12044.4876","2026-07-04T15:39:30.0166584+03:00","2026-07-04 15:39:30","btc-updown-5m-1783168800","10703158254968919258785055019813940316515929172459374802250956969723948980319"
"3","15:40-15:45","BTC","Down","Ask","31","0.81","31","25.11","18394.61","12069.5976","2026-07-04T15:39:30.0166584+03:00","2026-07-04 15:39:30","btc-updown-5m-1783168800","10703158254968919258785055019813940316515929172459374802250956969723948980319"
"3","15:40-15:45","BTC","Down","Ask","32","0.82","36","29.52","18430.61","12099.1176","2026-07-04T15:39:30.0166584+03:00","2026-07-04 15:39:30","btc-updown-5m-1783168800","10703158254968919258785055019813940316515929172459374802250956969723948980319"
"3","15:40-15:45","BTC","Down","Ask","33","0.83","18","14.94","18448.61","12114.0576","2026-07-04T15:39:30.0166584+03:00","2026-07-04 15:39:30","btc-updown-5m-1783168800","10703158254968919258785055019813940316515929172459374802250956969723948980319"
"3","15:40-15:45","BTC","Down","Ask","34","0.84","47","39.48","18495.61","12153.5376","2026-07-04T15:39:30.0166584+03:00","2026-07-04 15:39:30","btc-updown-5m-1783168800","10703158254968919258785055019813940316515929172459374802250956969723948980319"
"3","15:40-15:45","BTC","Down","Ask","35","0.85","180.33","153.2805","18675.94","12306.8181","2026-07-04T15:39:30.0166584+03:00","2026-07-04 15:39:30","btc-updown-5m-1783168800","10703158254968919258785055019813940316515929172459374802250956969723948980319"
"3","15:40-15:45","BTC","Down","Ask","36","0.86","28","24.08","18703.94","12330.8981","2026-07-04T15:39:30.0166584+03:00","2026-07-04 15:39:30","btc-updown-5m-1783168800","10703158254968919258785055019813940316515929172459374802250956969723948980319"
"3","15:40-15:45","BTC","Down","Ask","37","0.87","67","58.29","18770.94","12389.1881","2026-07-04T15:39:30.0166584+03:00","2026-07-04 15:39:30","btc-updown-5m-1783168800","10703158254968919258785055019813940316515929172459374802250956969723948980319"
"3","15:40-15:45","BTC","Down","Ask","38","0.88","67","58.96","18837.94","12448.1481","2026-07-04T15:39:30.0166584+03:00","2026-07-04 15:39:30","btc-updown-5m-1783168800","10703158254968919258785055019813940316515929172459374802250956969723948980319"
"3","15:40-15:45","BTC","Down","Ask","39","0.89","260","231.4","19097.94","12679.5481","2026-07-04T15:39:30.0166584+03:00","2026-07-04 15:39:30","btc-updown-5m-1783168800","10703158254968919258785055019813940316515929172459374802250956969723948980319"
"3","15:40-15:45","BTC","Down","Ask","40","0.9","888","799.2","19985.94","13478.7481","2026-07-04T15:39:30.0166584+03:00","2026-07-04 15:39:30","btc-updown-5m-1783168800","10703158254968919258785055019813940316515929172459374802250956969723948980319"
"3","15:40-15:45","BTC","Down","Ask","41","0.91","151.56","137.9196","20137.5","13616.6677","2026-07-04T15:39:30.0166584+03:00","2026-07-04 15:39:30","btc-updown-5m-1783168800","10703158254968919258785055019813940316515929172459374802250956969723948980319"
"3","15:40-15:45","BTC","Down","Ask","42","0.92","92.5","85.1","20230","13701.7677","2026-07-04T15:39:30.0166584+03:00","2026-07-04 15:39:30","btc-updown-5m-1783168800","10703158254968919258785055019813940316515929172459374802250956969723948980319"
"3","15:40-15:45","BTC","Down","Ask","43","0.93","318","295.74","20548","13997.5077","2026-07-04T15:39:30.0166584+03:00","2026-07-04 15:39:30","btc-updown-5m-1783168800","10703158254968919258785055019813940316515929172459374802250956969723948980319"
"3","15:40-15:45","BTC","Down","Ask","44","0.94","374.33","351.8702","20922.33","14349.3779","2026-07-04T15:39:30.0166584+03:00","2026-07-04 15:39:30","btc-updown-5m-1783168800","10703158254968919258785055019813940316515929172459374802250956969723948980319"
"3","15:40-15:45","BTC","Down","Ask","45","0.95","353","335.35","21275.33","14684.7279","2026-07-04T15:39:30.0166584+03:00","2026-07-04 15:39:30","btc-updown-5m-1783168800","10703158254968919258785055019813940316515929172459374802250956969723948980319"
"3","15:40-15:45","BTC","Down","Ask","46","0.96","253.5","243.36","21528.83","14928.0879","2026-07-04T15:39:30.0166584+03:00","2026-07-04 15:39:30","btc-updown-5m-1783168800","10703158254968919258785055019813940316515929172459374802250956969723948980319"
"3","15:40-15:45","BTC","Down","Ask","47","0.97","446","432.62","21974.83","15360.7079","2026-07-04T15:39:30.0166584+03:00","2026-07-04 15:39:30","btc-updown-5m-1783168800","10703158254968919258785055019813940316515929172459374802250956969723948980319"
"3","15:40-15:45","BTC","Down","Ask","48","0.98","568","556.64","22542.83","15917.3479","2026-07-04T15:39:30.0166584+03:00","2026-07-04 15:39:30","btc-updown-5m-1783168800","10703158254968919258785055019813940316515929172459374802250956969723948980319"
"3","15:40-15:45","BTC","Down","Ask","49","0.99","2606","2579.94","25148.83","18497.2879","2026-07-04T15:39:30.0166584+03:00","2026-07-04 15:39:30","btc-updown-5m-1783168800","10703158254968919258785055019813940316515929172459374802250956969723948980319"
"3","15:40-15:45","BTC","Down","Bid","1","0.5","59.36","29.68","59.36","29.68","2026-07-04T15:39:30.0166584+03:00","2026-07-04 15:39:30","btc-updown-5m-1783168800","10703158254968919258785055019813940316515929172459374802250956969723948980319"
"3","15:40-15:45","BTC","Down","Bid","2","0.49","2912.2","1426.978","2971.56","1456.658","2026-07-04T15:39:30.0166584+03:00","2026-07-04 15:39:30","btc-updown-5m-1783168800","10703158254968919258785055019813940316515929172459374802250956969723948980319"
"3","15:40-15:45","BTC","Down","Bid","3","0.48","719.25","345.24","3690.81","1801.898","2026-07-04T15:39:30.0166584+03:00","2026-07-04 15:39:30","btc-updown-5m-1783168800","10703158254968919258785055019813940316515929172459374802250956969723948980319"
"3","15:40-15:45","BTC","Down","Bid","4","0.47","379.45","178.3415","4070.26","1980.2395","2026-07-04T15:39:30.0166584+03:00","2026-07-04 15:39:30","btc-updown-5m-1783168800","10703158254968919258785055019813940316515929172459374802250956969723948980319"
"3","15:40-15:45","BTC","Down","Bid","5","0.46","491.12","225.9152","4561.38","2206.1547","2026-07-04T15:39:30.0166584+03:00","2026-07-04 15:39:30","btc-updown-5m-1783168800","10703158254968919258785055019813940316515929172459374802250956969723948980319"
"3","15:40-15:45","BTC","Down","Bid","6","0.45","976.43","439.3935","5537.81","2645.5482","2026-07-04T15:39:30.0166584+03:00","2026-07-04 15:39:30","btc-updown-5m-1783168800","10703158254968919258785055019813940316515929172459374802250956969723948980319"
"3","15:40-15:45","BTC","Down","Bid","7","0.44","572.26","251.7944","6110.07","2897.3426","2026-07-04T15:39:30.0166584+03:00","2026-07-04 15:39:30","btc-updown-5m-1783168800","10703158254968919258785055019813940316515929172459374802250956969723948980319"
"3","15:40-15:45","BTC","Down","Bid","8","0.43","378.25","162.6475","6488.32","3059.9901","2026-07-04T15:39:30.0166584+03:00","2026-07-04 15:39:30","btc-updown-5m-1783168800","10703158254968919258785055019813940316515929172459374802250956969723948980319"
"3","15:40-15:45","BTC","Down","Bid","9","0.42","402.75","169.155","6891.07","3229.1451","2026-07-04T15:39:30.0166584+03:00","2026-07-04 15:39:30","btc-updown-5m-1783168800","10703158254968919258785055019813940316515929172459374802250956969723948980319"
"3","15:40-15:45","BTC","Down","Bid","10","0.41","364.15","149.3015","7255.22","3378.4466","2026-07-04T15:39:30.0166584+03:00","2026-07-04 15:39:30","btc-updown-5m-1783168800","10703158254968919258785055019813940316515929172459374802250956969723948980319"
"3","15:40-15:45","BTC","Down","Bid","11","0.4","533","213.2","7788.22","3591.6466","2026-07-04T15:39:30.0166584+03:00","2026-07-04 15:39:30","btc-updown-5m-1783168800","10703158254968919258785055019813940316515929172459374802250956969723948980319"
"3","15:40-15:45","BTC","Down","Bid","12","0.39","463.63","180.8157","8251.85","3772.4623","2026-07-04T15:39:30.0166584+03:00","2026-07-04 15:39:30","btc-updown-5m-1783168800","10703158254968919258785055019813940316515929172459374802250956969723948980319"
"3","15:40-15:45","BTC","Down","Bid","13","0.38","360.84","137.1192","8612.69","3909.5815","2026-07-04T15:39:30.0166584+03:00","2026-07-04 15:39:30","btc-updown-5m-1783168800","10703158254968919258785055019813940316515929172459374802250956969723948980319"
"3","15:40-15:45","BTC","Down","Bid","14","0.37","765.24","283.1388","9377.93","4192.7203","2026-07-04T15:39:30.0166584+03:00","2026-07-04 15:39:30","btc-updown-5m-1783168800","10703158254968919258785055019813940316515929172459374802250956969723948980319"
"3","15:40-15:45","BTC","Down","Bid","15","0.36","825.47","297.1692","10203.4","4489.8895","2026-07-04T15:39:30.0166584+03:00","2026-07-04 15:39:30","btc-updown-5m-1783168800","10703158254968919258785055019813940316515929172459374802250956969723948980319"
"3","15:40-15:45","BTC","Down","Bid","16","0.35","1213.19","424.6165","11416.59","4914.506","2026-07-04T15:39:30.0166584+03:00","2026-07-04 15:39:30","btc-updown-5m-1783168800","10703158254968919258785055019813940316515929172459374802250956969723948980319"
"3","15:40-15:45","BTC","Down","Bid","17","0.34","610.32","207.5088","12026.91","5122.0148","2026-07-04T15:39:30.0166584+03:00","2026-07-04 15:39:30","btc-updown-5m-1783168800","10703158254968919258785055019813940316515929172459374802250956969723948980319"
"3","15:40-15:45","BTC","Down","Bid","18","0.33","755.61","249.3513","12782.52","5371.3661","2026-07-04T15:39:30.0166584+03:00","2026-07-04 15:39:30","btc-updown-5m-1783168800","10703158254968919258785055019813940316515929172459374802250956969723948980319"
"3","15:40-15:45","BTC","Down","Bid","19","0.32","696.14","222.7648","13478.66","5594.1309","2026-07-04T15:39:30.0166584+03:00","2026-07-04 15:39:30","btc-updown-5m-1783168800","10703158254968919258785055019813940316515929172459374802250956969723948980319"
"3","15:40-15:45","BTC","Down","Bid","20","0.31","859.04","266.3024","14337.7","5860.4333","2026-07-04T15:39:30.0166584+03:00","2026-07-04 15:39:30","btc-updown-5m-1783168800","10703158254968919258785055019813940316515929172459374802250956969723948980319"
"3","15:40-15:45","BTC","Down","Bid","21","0.3","932.32","279.696","15270.02","6140.1293","2026-07-04T15:39:30.0166584+03:00","2026-07-04 15:39:30","btc-updown-5m-1783168800","10703158254968919258785055019813940316515929172459374802250956969723948980319"
"3","15:40-15:45","BTC","Down","Bid","22","0.29","620.35","179.9015","15890.37","6320.0308","2026-07-04T15:39:30.0166584+03:00","2026-07-04 15:39:30","btc-updown-5m-1783168800","10703158254968919258785055019813940316515929172459374802250956969723948980319"
"3","15:40-15:45","BTC","Down","Bid","23","0.28","632.71","177.1588","16523.08","6497.1896","2026-07-04T15:39:30.0166584+03:00","2026-07-04 15:39:30","btc-updown-5m-1783168800","10703158254968919258785055019813940316515929172459374802250956969723948980319"
"3","15:40-15:45","BTC","Down","Bid","24","0.27","290","78.3","16813.08","6575.4896","2026-07-04T15:39:30.0166584+03:00","2026-07-04 15:39:30","btc-updown-5m-1783168800","10703158254968919258785055019813940316515929172459374802250956969723948980319"
"3","15:40-15:45","BTC","Down","Bid","25","0.26","270","70.2","17083.08","6645.6896","2026-07-04T15:39:30.0166584+03:00","2026-07-04 15:39:30","btc-updown-5m-1783168800","10703158254968919258785055019813940316515929172459374802250956969723948980319"
"3","15:40-15:45","BTC","Down","Bid","26","0.25","385","96.25","17468.08","6741.9396","2026-07-04T15:39:30.0166584+03:00","2026-07-04 15:39:30","btc-updown-5m-1783168800","10703158254968919258785055019813940316515929172459374802250956969723948980319"
"3","15:40-15:45","BTC","Down","Bid","27","0.24","625","150","18093.08","6891.9396","2026-07-04T15:39:30.0166584+03:00","2026-07-04 15:39:30","btc-updown-5m-1783168800","10703158254968919258785055019813940316515929172459374802250956969723948980319"
"3","15:40-15:45","BTC","Down","Bid","28","0.23","100","23","18193.08","6914.9396","2026-07-04T15:39:30.0166584+03:00","2026-07-04 15:39:30","btc-updown-5m-1783168800","10703158254968919258785055019813940316515929172459374802250956969723948980319"
"3","15:40-15:45","BTC","Down","Bid","29","0.22","705","155.1","18898.08","7070.0396","2026-07-04T15:39:30.0166584+03:00","2026-07-04 15:39:30","btc-updown-5m-1783168800","10703158254968919258785055019813940316515929172459374802250956969723948980319"
"3","15:40-15:45","BTC","Down","Bid","30","0.21","657","137.97","19555.08","7208.0096","2026-07-04T15:39:30.0166584+03:00","2026-07-04 15:39:30","btc-updown-5m-1783168800","10703158254968919258785055019813940316515929172459374802250956969723948980319"
"3","15:40-15:45","BTC","Down","Bid","31","0.2","797","159.4","20352.08","7367.4096","2026-07-04T15:39:30.0166584+03:00","2026-07-04 15:39:30","btc-updown-5m-1783168800","10703158254968919258785055019813940316515929172459374802250956969723948980319"
"3","15:40-15:45","BTC","Down","Bid","32","0.19","31","5.89","20383.08","7373.2996","2026-07-04T15:39:30.0166584+03:00","2026-07-04 15:39:30","btc-updown-5m-1783168800","10703158254968919258785055019813940316515929172459374802250956969723948980319"
"3","15:40-15:45","BTC","Down","Bid","33","0.18","36","6.48","20419.08","7379.7796","2026-07-04T15:39:30.0166584+03:00","2026-07-04 15:39:30","btc-updown-5m-1783168800","10703158254968919258785055019813940316515929172459374802250956969723948980319"
"3","15:40-15:45","BTC","Down","Bid","34","0.17","18","3.06","20437.08","7382.8396","2026-07-04T15:39:30.0166584+03:00","2026-07-04 15:39:30","btc-updown-5m-1783168800","10703158254968919258785055019813940316515929172459374802250956969723948980319"
"3","15:40-15:45","BTC","Down","Bid","35","0.16","47","7.52","20484.08","7390.3596","2026-07-04T15:39:30.0166584+03:00","2026-07-04 15:39:30","btc-updown-5m-1783168800","10703158254968919258785055019813940316515929172459374802250956969723948980319"
"3","15:40-15:45","BTC","Down","Bid","36","0.15","180.33","27.0495","20664.41","7417.4091","2026-07-04T15:39:30.0166584+03:00","2026-07-04 15:39:30","btc-updown-5m-1783168800","10703158254968919258785055019813940316515929172459374802250956969723948980319"
"3","15:40-15:45","BTC","Down","Bid","37","0.14","28","3.92","20692.41","7421.3291","2026-07-04T15:39:30.0166584+03:00","2026-07-04 15:39:30","btc-updown-5m-1783168800","10703158254968919258785055019813940316515929172459374802250956969723948980319"
"3","15:40-15:45","BTC","Down","Bid","38","0.13","67","8.71","20759.41","7430.0391","2026-07-04T15:39:30.0166584+03:00","2026-07-04 15:39:30","btc-updown-5m-1783168800","10703158254968919258785055019813940316515929172459374802250956969723948980319"
"3","15:40-15:45","BTC","Down","Bid","39","0.12","67","8.04","20826.41","7438.0791","2026-07-04T15:39:30.0166584+03:00","2026-07-04 15:39:30","btc-updown-5m-1783168800","10703158254968919258785055019813940316515929172459374802250956969723948980319"
"3","15:40-15:45","BTC","Down","Bid","40","0.11","260","28.6","21086.41","7466.6791","2026-07-04T15:39:30.0166584+03:00","2026-07-04 15:39:30","btc-updown-5m-1783168800","10703158254968919258785055019813940316515929172459374802250956969723948980319"
"3","15:40-15:45","BTC","Down","Bid","41","0.1","888","88.8","21974.41","7555.4791","2026-07-04T15:39:30.0166584+03:00","2026-07-04 15:39:30","btc-updown-5m-1783168800","10703158254968919258785055019813940316515929172459374802250956969723948980319"
"3","15:40-15:45","BTC","Down","Bid","42","0.09","161.56","14.5404","22135.97","7570.0195","2026-07-04T15:39:30.0166584+03:00","2026-07-04 15:39:30","btc-updown-5m-1783168800","10703158254968919258785055019813940316515929172459374802250956969723948980319"
"3","15:40-15:45","BTC","Down","Bid","43","0.08","102.5","8.2","22238.47","7578.2195","2026-07-04T15:39:30.0166584+03:00","2026-07-04 15:39:30","btc-updown-5m-1783168800","10703158254968919258785055019813940316515929172459374802250956969723948980319"
"3","15:40-15:45","BTC","Down","Bid","44","0.07","360.86","25.2602","22599.33","7603.4797","2026-07-04T15:39:30.0166584+03:00","2026-07-04 15:39:30","btc-updown-5m-1783168800","10703158254968919258785055019813940316515929172459374802250956969723948980319"
"3","15:40-15:45","BTC","Down","Bid","45","0.06","379.33","22.7598","22978.66","7626.2395","2026-07-04T15:39:30.0166584+03:00","2026-07-04 15:39:30","btc-updown-5m-1783168800","10703158254968919258785055019813940316515929172459374802250956969723948980319"
"3","15:40-15:45","BTC","Down","Bid","46","0.05","353","17.65","23331.66","7643.8895","2026-07-04T15:39:30.0166584+03:00","2026-07-04 15:39:30","btc-updown-5m-1783168800","10703158254968919258785055019813940316515929172459374802250956969723948980319"
"3","15:40-15:45","BTC","Down","Bid","47","0.04","228.5","9.14","23560.16","7653.0295","2026-07-04T15:39:30.0166584+03:00","2026-07-04 15:39:30","btc-updown-5m-1783168800","10703158254968919258785055019813940316515929172459374802250956969723948980319"
"3","15:40-15:45","BTC","Down","Bid","48","0.03","446","13.38","24006.16","7666.4095","2026-07-04T15:39:30.0166584+03:00","2026-07-04 15:39:30","btc-updown-5m-1783168800","10703158254968919258785055019813940316515929172459374802250956969723948980319"
"3","15:40-15:45","BTC","Down","Bid","49","0.02","423","8.46","24429.16","7674.8695","2026-07-04T15:39:30.0166584+03:00","2026-07-04 15:39:30","btc-updown-5m-1783168800","10703158254968919258785055019813940316515929172459374802250956969723948980319"
"3","15:40-15:45","BTC","Down","Bid","50","0.01","2958","29.58","27387.16","7704.4495","2026-07-04T15:39:30.0166584+03:00","2026-07-04 15:39:30","btc-updown-5m-1783168800","10703158254968919258785055019813940316515929172459374802250956969723948980319"
"3","15:40-15:45","BTC","Up","Ask","1","0.5","59.36","29.68","59.36","29.68","2026-07-04T15:39:30.3102615+03:00","2026-07-04 15:39:30","btc-updown-5m-1783168800","12009654180282857516724130149270116577139752123814339265534578748266460607530"
"3","15:40-15:45","BTC","Up","Ask","2","0.51","2912.2","1485.222","2971.56","1514.902","2026-07-04T15:39:30.3102615+03:00","2026-07-04 15:39:30","btc-updown-5m-1783168800","12009654180282857516724130149270116577139752123814339265534578748266460607530"
"3","15:40-15:45","BTC","Up","Ask","3","0.52","719.25","374.01","3690.81","1888.912","2026-07-04T15:39:30.3102615+03:00","2026-07-04 15:39:30","btc-updown-5m-1783168800","12009654180282857516724130149270116577139752123814339265534578748266460607530"
"3","15:40-15:45","BTC","Up","Ask","4","0.53","379.45","201.1085","4070.26","2090.0205","2026-07-04T15:39:30.3102615+03:00","2026-07-04 15:39:30","btc-updown-5m-1783168800","12009654180282857516724130149270116577139752123814339265534578748266460607530"
"3","15:40-15:45","BTC","Up","Ask","5","0.54","491.12","265.2048","4561.38","2355.2253","2026-07-04T15:39:30.3102615+03:00","2026-07-04 15:39:30","btc-updown-5m-1783168800","12009654180282857516724130149270116577139752123814339265534578748266460607530"
"3","15:40-15:45","BTC","Up","Ask","6","0.55","976.43","537.0365","5537.81","2892.2618","2026-07-04T15:39:30.3102615+03:00","2026-07-04 15:39:30","btc-updown-5m-1783168800","12009654180282857516724130149270116577139752123814339265534578748266460607530"
"3","15:40-15:45","BTC","Up","Ask","7","0.56","572.26","320.4656","6110.07","3212.7274","2026-07-04T15:39:30.3102615+03:00","2026-07-04 15:39:30","btc-updown-5m-1783168800","12009654180282857516724130149270116577139752123814339265534578748266460607530"
"3","15:40-15:45","BTC","Up","Ask","8","0.57","378.25","215.6025","6488.32","3428.3299","2026-07-04T15:39:30.3102615+03:00","2026-07-04 15:39:30","btc-updown-5m-1783168800","12009654180282857516724130149270116577139752123814339265534578748266460607530"
"3","15:40-15:45","BTC","Up","Ask","9","0.58","402.75","233.595","6891.07","3661.9249","2026-07-04T15:39:30.3102615+03:00","2026-07-04 15:39:30","btc-updown-5m-1783168800","12009654180282857516724130149270116577139752123814339265534578748266460607530"
"3","15:40-15:45","BTC","Up","Ask","10","0.59","364.15","214.8485","7255.22","3876.7734","2026-07-04T15:39:30.3102615+03:00","2026-07-04 15:39:30","btc-updown-5m-1783168800","12009654180282857516724130149270116577139752123814339265534578748266460607530"
"3","15:40-15:45","BTC","Up","Ask","11","0.6","533","319.8","7788.22","4196.5734","2026-07-04T15:39:30.3102615+03:00","2026-07-04 15:39:30","btc-updown-5m-1783168800","12009654180282857516724130149270116577139752123814339265534578748266460607530"
"3","15:40-15:45","BTC","Up","Ask","12","0.61","463.63","282.8143","8251.85","4479.3877","2026-07-04T15:39:30.3102615+03:00","2026-07-04 15:39:30","btc-updown-5m-1783168800","12009654180282857516724130149270116577139752123814339265534578748266460607530"
"3","15:40-15:45","BTC","Up","Ask","13","0.62","360.84","223.7208","8612.69","4703.1085","2026-07-04T15:39:30.3102615+03:00","2026-07-04 15:39:30","btc-updown-5m-1783168800","12009654180282857516724130149270116577139752123814339265534578748266460607530"
"3","15:40-15:45","BTC","Up","Ask","14","0.63","765.24","482.1012","9377.93","5185.2097","2026-07-04T15:39:30.3102615+03:00","2026-07-04 15:39:30","btc-updown-5m-1783168800","12009654180282857516724130149270116577139752123814339265534578748266460607530"
"3","15:40-15:45","BTC","Up","Ask","15","0.64","825.47","528.3008","10203.4","5713.5105","2026-07-04T15:39:30.3102615+03:00","2026-07-04 15:39:30","btc-updown-5m-1783168800","12009654180282857516724130149270116577139752123814339265534578748266460607530"
"3","15:40-15:45","BTC","Up","Ask","16","0.65","1213.19","788.5735","11416.59","6502.084","2026-07-04T15:39:30.3102615+03:00","2026-07-04 15:39:30","btc-updown-5m-1783168800","12009654180282857516724130149270116577139752123814339265534578748266460607530"
"3","15:40-15:45","BTC","Up","Ask","17","0.66","610.32","402.8112","12026.91","6904.8952","2026-07-04T15:39:30.3102615+03:00","2026-07-04 15:39:30","btc-updown-5m-1783168800","12009654180282857516724130149270116577139752123814339265534578748266460607530"
"3","15:40-15:45","BTC","Up","Ask","18","0.67","755.61","506.2587","12782.52","7411.1539","2026-07-04T15:39:30.3102615+03:00","2026-07-04 15:39:30","btc-updown-5m-1783168800","12009654180282857516724130149270116577139752123814339265534578748266460607530"
"3","15:40-15:45","BTC","Up","Ask","19","0.68","696.14","473.3752","13478.66","7884.5291","2026-07-04T15:39:30.3102615+03:00","2026-07-04 15:39:30","btc-updown-5m-1783168800","12009654180282857516724130149270116577139752123814339265534578748266460607530"
"3","15:40-15:45","BTC","Up","Ask","20","0.69","859.04","592.7376","14337.7","8477.2667","2026-07-04T15:39:30.3102615+03:00","2026-07-04 15:39:30","btc-updown-5m-1783168800","12009654180282857516724130149270116577139752123814339265534578748266460607530"
"3","15:40-15:45","BTC","Up","Ask","21","0.7","932.32","652.624","15270.02","9129.8907","2026-07-04T15:39:30.3102615+03:00","2026-07-04 15:39:30","btc-updown-5m-1783168800","12009654180282857516724130149270116577139752123814339265534578748266460607530"
"3","15:40-15:45","BTC","Up","Ask","22","0.71","620.35","440.4485","15890.37","9570.3392","2026-07-04T15:39:30.3102615+03:00","2026-07-04 15:39:30","btc-updown-5m-1783168800","12009654180282857516724130149270116577139752123814339265534578748266460607530"
"3","15:40-15:45","BTC","Up","Ask","23","0.72","632.71","455.5512","16523.08","10025.8904","2026-07-04T15:39:30.3102615+03:00","2026-07-04 15:39:30","btc-updown-5m-1783168800","12009654180282857516724130149270116577139752123814339265534578748266460607530"
"3","15:40-15:45","BTC","Up","Ask","24","0.73","290","211.7","16813.08","10237.5904","2026-07-04T15:39:30.3102615+03:00","2026-07-04 15:39:30","btc-updown-5m-1783168800","12009654180282857516724130149270116577139752123814339265534578748266460607530"
"3","15:40-15:45","BTC","Up","Ask","25","0.74","270","199.8","17083.08","10437.3904","2026-07-04T15:39:30.3102615+03:00","2026-07-04 15:39:30","btc-updown-5m-1783168800","12009654180282857516724130149270116577139752123814339265534578748266460607530"
"3","15:40-15:45","BTC","Up","Ask","26","0.75","385","288.75","17468.08","10726.1404","2026-07-04T15:39:30.3102615+03:00","2026-07-04 15:39:30","btc-updown-5m-1783168800","12009654180282857516724130149270116577139752123814339265534578748266460607530"
"3","15:40-15:45","BTC","Up","Ask","27","0.76","625","475","18093.08","11201.1404","2026-07-04T15:39:30.3102615+03:00","2026-07-04 15:39:30","btc-updown-5m-1783168800","12009654180282857516724130149270116577139752123814339265534578748266460607530"
"3","15:40-15:45","BTC","Up","Ask","28","0.77","100","77","18193.08","11278.1404","2026-07-04T15:39:30.3102615+03:00","2026-07-04 15:39:30","btc-updown-5m-1783168800","12009654180282857516724130149270116577139752123814339265534578748266460607530"
"3","15:40-15:45","BTC","Up","Ask","29","0.78","705","549.9","18898.08","11828.0404","2026-07-04T15:39:30.3102615+03:00","2026-07-04 15:39:30","btc-updown-5m-1783168800","12009654180282857516724130149270116577139752123814339265534578748266460607530"
"3","15:40-15:45","BTC","Up","Ask","30","0.79","657","519.03","19555.08","12347.0704","2026-07-04T15:39:30.3102615+03:00","2026-07-04 15:39:30","btc-updown-5m-1783168800","12009654180282857516724130149270116577139752123814339265534578748266460607530"
"3","15:40-15:45","BTC","Up","Ask","31","0.8","797","637.6","20352.08","12984.6704","2026-07-04T15:39:30.3102615+03:00","2026-07-04 15:39:30","btc-updown-5m-1783168800","12009654180282857516724130149270116577139752123814339265534578748266460607530"
"3","15:40-15:45","BTC","Up","Ask","32","0.81","31","25.11","20383.08","13009.7804","2026-07-04T15:39:30.3102615+03:00","2026-07-04 15:39:30","btc-updown-5m-1783168800","12009654180282857516724130149270116577139752123814339265534578748266460607530"
"3","15:40-15:45","BTC","Up","Ask","33","0.82","36","29.52","20419.08","13039.3004","2026-07-04T15:39:30.3102615+03:00","2026-07-04 15:39:30","btc-updown-5m-1783168800","12009654180282857516724130149270116577139752123814339265534578748266460607530"
"3","15:40-15:45","BTC","Up","Ask","34","0.83","18","14.94","20437.08","13054.2404","2026-07-04T15:39:30.3102615+03:00","2026-07-04 15:39:30","btc-updown-5m-1783168800","12009654180282857516724130149270116577139752123814339265534578748266460607530"
"3","15:40-15:45","BTC","Up","Ask","35","0.84","47","39.48","20484.08","13093.7204","2026-07-04T15:39:30.3102615+03:00","2026-07-04 15:39:30","btc-updown-5m-1783168800","12009654180282857516724130149270116577139752123814339265534578748266460607530"
"3","15:40-15:45","BTC","Up","Ask","36","0.85","180.33","153.2805","20664.41","13247.0009","2026-07-04T15:39:30.3102615+03:00","2026-07-04 15:39:30","btc-updown-5m-1783168800","12009654180282857516724130149270116577139752123814339265534578748266460607530"
"3","15:40-15:45","BTC","Up","Ask","37","0.86","28","24.08","20692.41","13271.0809","2026-07-04T15:39:30.3102615+03:00","2026-07-04 15:39:30","btc-updown-5m-1783168800","12009654180282857516724130149270116577139752123814339265534578748266460607530"
"3","15:40-15:45","BTC","Up","Ask","38","0.87","67","58.29","20759.41","13329.3709","2026-07-04T15:39:30.3102615+03:00","2026-07-04 15:39:30","btc-updown-5m-1783168800","12009654180282857516724130149270116577139752123814339265534578748266460607530"
"3","15:40-15:45","BTC","Up","Ask","39","0.88","67","58.96","20826.41","13388.3309","2026-07-04T15:39:30.3102615+03:00","2026-07-04 15:39:30","btc-updown-5m-1783168800","12009654180282857516724130149270116577139752123814339265534578748266460607530"
"3","15:40-15:45","BTC","Up","Ask","40","0.89","260","231.4","21086.41","13619.7309","2026-07-04T15:39:30.3102615+03:00","2026-07-04 15:39:30","btc-updown-5m-1783168800","12009654180282857516724130149270116577139752123814339265534578748266460607530"
"3","15:40-15:45","BTC","Up","Ask","41","0.9","888","799.2","21974.41","14418.9309","2026-07-04T15:39:30.3102615+03:00","2026-07-04 15:39:30","btc-updown-5m-1783168800","12009654180282857516724130149270116577139752123814339265534578748266460607530"
"3","15:40-15:45","BTC","Up","Ask","42","0.91","161.56","147.0196","22135.97","14565.9505","2026-07-04T15:39:30.3102615+03:00","2026-07-04 15:39:30","btc-updown-5m-1783168800","12009654180282857516724130149270116577139752123814339265534578748266460607530"
"3","15:40-15:45","BTC","Up","Ask","43","0.92","102.5","94.3","22238.47","14660.2505","2026-07-04T15:39:30.3102615+03:00","2026-07-04 15:39:30","btc-updown-5m-1783168800","12009654180282857516724130149270116577139752123814339265534578748266460607530"
"3","15:40-15:45","BTC","Up","Ask","44","0.93","360.86","335.5998","22599.33","14995.8503","2026-07-04T15:39:30.3102615+03:00","2026-07-04 15:39:30","btc-updown-5m-1783168800","12009654180282857516724130149270116577139752123814339265534578748266460607530"
"3","15:40-15:45","BTC","Up","Ask","45","0.94","379.33","356.5702","22978.66","15352.4205","2026-07-04T15:39:30.3102615+03:00","2026-07-04 15:39:30","btc-updown-5m-1783168800","12009654180282857516724130149270116577139752123814339265534578748266460607530"
"3","15:40-15:45","BTC","Up","Ask","46","0.95","353","335.35","23331.66","15687.7705","2026-07-04T15:39:30.3102615+03:00","2026-07-04 15:39:30","btc-updown-5m-1783168800","12009654180282857516724130149270116577139752123814339265534578748266460607530"
"3","15:40-15:45","BTC","Up","Ask","47","0.96","228.5","219.36","23560.16","15907.1305","2026-07-04T15:39:30.3102615+03:00","2026-07-04 15:39:30","btc-updown-5m-1783168800","12009654180282857516724130149270116577139752123814339265534578748266460607530"
"3","15:40-15:45","BTC","Up","Ask","48","0.97","446","432.62","24006.16","16339.7505","2026-07-04T15:39:30.3102615+03:00","2026-07-04 15:39:30","btc-updown-5m-1783168800","12009654180282857516724130149270116577139752123814339265534578748266460607530"
"3","15:40-15:45","BTC","Up","Ask","49","0.98","423","414.54","24429.16","16754.2905","2026-07-04T15:39:30.3102615+03:00","2026-07-04 15:39:30","btc-updown-5m-1783168800","12009654180282857516724130149270116577139752123814339265534578748266460607530"
"3","15:40-15:45","BTC","Up","Ask","50","0.99","2958","2928.42","27387.16","19682.7105","2026-07-04T15:39:30.3102615+03:00","2026-07-04 15:39:30","btc-updown-5m-1783168800","12009654180282857516724130149270116577139752123814339265534578748266460607530"
"3","15:40-15:45","BTC","Up","Bid","1","0.49","470.39","230.4911","470.39","230.4911","2026-07-04T15:39:30.3102615+03:00","2026-07-04 15:39:30","btc-updown-5m-1783168800","12009654180282857516724130149270116577139752123814339265534578748266460607530"
"3","15:40-15:45","BTC","Up","Bid","2","0.48","164.64","79.0272","635.03","309.5183","2026-07-04T15:39:30.3102615+03:00","2026-07-04 15:39:30","btc-updown-5m-1783168800","12009654180282857516724130149270116577139752123814339265534578748266460607530"
"3","15:40-15:45","BTC","Up","Bid","3","0.47","79","37.13","714.03","346.6483","2026-07-04T15:39:30.3102615+03:00","2026-07-04 15:39:30","btc-updown-5m-1783168800","12009654180282857516724130149270116577139752123814339265534578748266460607530"
"3","15:40-15:45","BTC","Up","Bid","4","0.46","427.12","196.4752","1141.15","543.1235","2026-07-04T15:39:30.3102615+03:00","2026-07-04 15:39:30","btc-updown-5m-1783168800","12009654180282857516724130149270116577139752123814339265534578748266460607530"
"3","15:40-15:45","BTC","Up","Bid","5","0.45","1288.43","579.7935","2429.58","1122.917","2026-07-04T15:39:30.3102615+03:00","2026-07-04 15:39:30","btc-updown-5m-1783168800","12009654180282857516724130149270116577139752123814339265534578748266460607530"
"3","15:40-15:45","BTC","Up","Bid","6","0.44","817.26","359.5944","3246.84","1482.5114","2026-07-04T15:39:30.3102615+03:00","2026-07-04 15:39:30","btc-updown-5m-1783168800","12009654180282857516724130149270116577139752123814339265534578748266460607530"
"3","15:40-15:45","BTC","Up","Bid","7","0.43","685.25","294.6575","3932.09","1777.1689","2026-07-04T15:39:30.3102615+03:00","2026-07-04 15:39:30","btc-updown-5m-1783168800","12009654180282857516724130149270116577139752123814339265534578748266460607530"
"3","15:40-15:45","BTC","Up","Bid","8","0.42","493.75","207.375","4425.84","1984.5439","2026-07-04T15:39:30.3102615+03:00","2026-07-04 15:39:30","btc-updown-5m-1783168800","12009654180282857516724130149270116577139752123814339265534578748266460607530"
"3","15:40-15:45","BTC","Up","Bid","9","0.41","455.15","186.6115","4880.99","2171.1554","2026-07-04T15:39:30.3102615+03:00","2026-07-04 15:39:30","btc-updown-5m-1783168800","12009654180282857516724130149270116577139752123814339265534578748266460607530"
"3","15:40-15:45","BTC","Up","Bid","10","0.4","963.76","385.504","5844.75","2556.6594","2026-07-04T15:39:30.3102615+03:00","2026-07-04 15:39:30","btc-updown-5m-1783168800","12009654180282857516724130149270116577139752123814339265534578748266460607530"
"3","15:40-15:45","BTC","Up","Bid","11","0.39","463.63","180.8157","6308.38","2737.4751","2026-07-04T15:39:30.3102615+03:00","2026-07-04 15:39:30","btc-updown-5m-1783168800","12009654180282857516724130149270116577139752123814339265534578748266460607530"
"3","15:40-15:45","BTC","Up","Bid","12","0.38","350.84","133.3192","6659.22","2870.7943","2026-07-04T15:39:30.3102615+03:00","2026-07-04 15:39:30","btc-updown-5m-1783168800","12009654180282857516724130149270116577139752123814339265534578748266460607530"
"3","15:40-15:45","BTC","Up","Bid","13","0.37","765.24","283.1388","7424.46","3153.9331","2026-07-04T15:39:30.3102615+03:00","2026-07-04 15:39:30","btc-updown-5m-1783168800","12009654180282857516724130149270116577139752123814339265534578748266460607530"
"3","15:40-15:45","BTC","Up","Bid","14","0.36","810.47","291.7692","8234.93","3445.7023","2026-07-04T15:39:30.3102615+03:00","2026-07-04 15:39:30","btc-updown-5m-1783168800","12009654180282857516724130149270116577139752123814339265534578748266460607530"
"3","15:40-15:45","BTC","Up","Bid","15","0.35","1213.19","424.6165","9448.12","3870.3188","2026-07-04T15:39:30.3102615+03:00","2026-07-04 15:39:30","btc-updown-5m-1783168800","12009654180282857516724130149270116577139752123814339265534578748266460607530"
"3","15:40-15:45","BTC","Up","Bid","16","0.34","610.32","207.5088","10058.44","4077.8276","2026-07-04T15:39:30.3102615+03:00","2026-07-04 15:39:30","btc-updown-5m-1783168800","12009654180282857516724130149270116577139752123814339265534578748266460607530"
"3","15:40-15:45","BTC","Up","Bid","17","0.33","755.61","249.3513","10814.05","4327.1789","2026-07-04T15:39:30.3102615+03:00","2026-07-04 15:39:30","btc-updown-5m-1783168800","12009654180282857516724130149270116577139752123814339265534578748266460607530"
"3","15:40-15:45","BTC","Up","Bid","18","0.32","696.14","222.7648","11510.19","4549.9437","2026-07-04T15:39:30.3102615+03:00","2026-07-04 15:39:30","btc-updown-5m-1783168800","12009654180282857516724130149270116577139752123814339265534578748266460607530"
"3","15:40-15:45","BTC","Up","Bid","19","0.31","859.04","266.3024","12369.23","4816.2461","2026-07-04T15:39:30.3102615+03:00","2026-07-04 15:39:30","btc-updown-5m-1783168800","12009654180282857516724130149270116577139752123814339265534578748266460607530"
"3","15:40-15:45","BTC","Up","Bid","20","0.3","942.32","282.696","13311.55","5098.9421","2026-07-04T15:39:30.3102615+03:00","2026-07-04 15:39:30","btc-updown-5m-1783168800","12009654180282857516724130149270116577139752123814339265534578748266460607530"
"3","15:40-15:45","BTC","Up","Bid","21","0.29","610.35","177.0015","13921.9","5275.9436","2026-07-04T15:39:30.3102615+03:00","2026-07-04 15:39:30","btc-updown-5m-1783168800","12009654180282857516724130149270116577139752123814339265534578748266460607530"
"3","15:40-15:45","BTC","Up","Bid","22","0.28","632.71","177.1588","14554.61","5453.1024","2026-07-04T15:39:30.3102615+03:00","2026-07-04 15:39:30","btc-updown-5m-1783168800","12009654180282857516724130149270116577139752123814339265534578748266460607530"
"3","15:40-15:45","BTC","Up","Bid","23","0.27","290","78.3","14844.61","5531.4024","2026-07-04T15:39:30.3102615+03:00","2026-07-04 15:39:30","btc-updown-5m-1783168800","12009654180282857516724130149270116577139752123814339265534578748266460607530"
"3","15:40-15:45","BTC","Up","Bid","24","0.26","270","70.2","15114.61","5601.6024","2026-07-04T15:39:30.3102615+03:00","2026-07-04 15:39:30","btc-updown-5m-1783168800","12009654180282857516724130149270116577139752123814339265534578748266460607530"
"3","15:40-15:45","BTC","Up","Bid","25","0.25","385","96.25","15499.61","5697.8524","2026-07-04T15:39:30.3102615+03:00","2026-07-04 15:39:30","btc-updown-5m-1783168800","12009654180282857516724130149270116577139752123814339265534578748266460607530"
"3","15:40-15:45","BTC","Up","Bid","26","0.24","625","150","16124.61","5847.8524","2026-07-04T15:39:30.3102615+03:00","2026-07-04 15:39:30","btc-updown-5m-1783168800","12009654180282857516724130149270116577139752123814339265534578748266460607530"
"3","15:40-15:45","BTC","Up","Bid","27","0.23","100","23","16224.61","5870.8524","2026-07-04T15:39:30.3102615+03:00","2026-07-04 15:39:30","btc-updown-5m-1783168800","12009654180282857516724130149270116577139752123814339265534578748266460607530"
"3","15:40-15:45","BTC","Up","Bid","28","0.22","705","155.1","16929.61","6025.9524","2026-07-04T15:39:30.3102615+03:00","2026-07-04 15:39:30","btc-updown-5m-1783168800","12009654180282857516724130149270116577139752123814339265534578748266460607530"
"3","15:40-15:45","BTC","Up","Bid","29","0.21","637","133.77","17566.61","6159.7224","2026-07-04T15:39:30.3102615+03:00","2026-07-04 15:39:30","btc-updown-5m-1783168800","12009654180282857516724130149270116577139752123814339265534578748266460607530"
"3","15:40-15:45","BTC","Up","Bid","30","0.2","797","159.4","18363.61","6319.1224","2026-07-04T15:39:30.3102615+03:00","2026-07-04 15:39:30","btc-updown-5m-1783168800","12009654180282857516724130149270116577139752123814339265534578748266460607530"
"3","15:40-15:45","BTC","Up","Bid","31","0.19","31","5.89","18394.61","6325.0124","2026-07-04T15:39:30.3102615+03:00","2026-07-04 15:39:30","btc-updown-5m-1783168800","12009654180282857516724130149270116577139752123814339265534578748266460607530"
"3","15:40-15:45","BTC","Up","Bid","32","0.18","36","6.48","18430.61","6331.4924","2026-07-04T15:39:30.3102615+03:00","2026-07-04 15:39:30","btc-updown-5m-1783168800","12009654180282857516724130149270116577139752123814339265534578748266460607530"
"3","15:40-15:45","BTC","Up","Bid","33","0.17","18","3.06","18448.61","6334.5524","2026-07-04T15:39:30.3102615+03:00","2026-07-04 15:39:30","btc-updown-5m-1783168800","12009654180282857516724130149270116577139752123814339265534578748266460607530"
"3","15:40-15:45","BTC","Up","Bid","34","0.16","47","7.52","18495.61","6342.0724","2026-07-04T15:39:30.3102615+03:00","2026-07-04 15:39:30","btc-updown-5m-1783168800","12009654180282857516724130149270116577139752123814339265534578748266460607530"
"3","15:40-15:45","BTC","Up","Bid","35","0.15","180.33","27.0495","18675.94","6369.1219","2026-07-04T15:39:30.3102615+03:00","2026-07-04 15:39:30","btc-updown-5m-1783168800","12009654180282857516724130149270116577139752123814339265534578748266460607530"
"3","15:40-15:45","BTC","Up","Bid","36","0.14","28","3.92","18703.94","6373.0419","2026-07-04T15:39:30.3102615+03:00","2026-07-04 15:39:30","btc-updown-5m-1783168800","12009654180282857516724130149270116577139752123814339265534578748266460607530"
"3","15:40-15:45","BTC","Up","Bid","37","0.13","67","8.71","18770.94","6381.7519","2026-07-04T15:39:30.3102615+03:00","2026-07-04 15:39:30","btc-updown-5m-1783168800","12009654180282857516724130149270116577139752123814339265534578748266460607530"
"3","15:40-15:45","BTC","Up","Bid","38","0.12","67","8.04","18837.94","6389.7919","2026-07-04T15:39:30.3102615+03:00","2026-07-04 15:39:30","btc-updown-5m-1783168800","12009654180282857516724130149270116577139752123814339265534578748266460607530"
"3","15:40-15:45","BTC","Up","Bid","39","0.11","260","28.6","19097.94","6418.3919","2026-07-04T15:39:30.3102615+03:00","2026-07-04 15:39:30","btc-updown-5m-1783168800","12009654180282857516724130149270116577139752123814339265534578748266460607530"
"3","15:40-15:45","BTC","Up","Bid","40","0.1","888","88.8","19985.94","6507.1919","2026-07-04T15:39:30.3102615+03:00","2026-07-04 15:39:30","btc-updown-5m-1783168800","12009654180282857516724130149270116577139752123814339265534578748266460607530"
"3","15:40-15:45","BTC","Up","Bid","41","0.09","151.56","13.6404","20137.5","6520.8323","2026-07-04T15:39:30.3102615+03:00","2026-07-04 15:39:30","btc-updown-5m-1783168800","12009654180282857516724130149270116577139752123814339265534578748266460607530"
"3","15:40-15:45","BTC","Up","Bid","42","0.08","92.5","7.4","20230","6528.2323","2026-07-04T15:39:30.3102615+03:00","2026-07-04 15:39:30","btc-updown-5m-1783168800","12009654180282857516724130149270116577139752123814339265534578748266460607530"
"3","15:40-15:45","BTC","Up","Bid","43","0.07","318","22.26","20548","6550.4923","2026-07-04T15:39:30.3102615+03:00","2026-07-04 15:39:30","btc-updown-5m-1783168800","12009654180282857516724130149270116577139752123814339265534578748266460607530"
"3","15:40-15:45","BTC","Up","Bid","44","0.06","374.33","22.4598","20922.33","6572.9521","2026-07-04T15:39:30.3102615+03:00","2026-07-04 15:39:30","btc-updown-5m-1783168800","12009654180282857516724130149270116577139752123814339265534578748266460607530"
"3","15:40-15:45","BTC","Up","Bid","45","0.05","353","17.65","21275.33","6590.6021","2026-07-04T15:39:30.3102615+03:00","2026-07-04 15:39:30","btc-updown-5m-1783168800","12009654180282857516724130149270116577139752123814339265534578748266460607530"
"3","15:40-15:45","BTC","Up","Bid","46","0.04","253.5","10.14","21528.83","6600.7421","2026-07-04T15:39:30.3102615+03:00","2026-07-04 15:39:30","btc-updown-5m-1783168800","12009654180282857516724130149270116577139752123814339265534578748266460607530"
"3","15:40-15:45","BTC","Up","Bid","47","0.03","446","13.38","21974.83","6614.1221","2026-07-04T15:39:30.3102615+03:00","2026-07-04 15:39:30","btc-updown-5m-1783168800","12009654180282857516724130149270116577139752123814339265534578748266460607530"
"3","15:40-15:45","BTC","Up","Bid","48","0.02","568","11.36","22542.83","6625.4821","2026-07-04T15:39:30.3102615+03:00","2026-07-04 15:39:30","btc-updown-5m-1783168800","12009654180282857516724130149270116577139752123814339265534578748266460607530"
"3","15:40-15:45","BTC","Up","Bid","49","0.01","2606","26.06","25148.83","6651.5421","2026-07-04T15:39:30.3102615+03:00","2026-07-04 15:39:30","btc-updown-5m-1783168800","12009654180282857516724130149270116577139752123814339265534578748266460607530"
"3","15:40-15:45","ETH","Down","Ask","1","0.51","8.87","4.5237","8.87","4.5237","2026-07-04T15:39:30.5607862+03:00","2026-07-04 15:39:30","eth-updown-5m-1783168800","69007630090604639972637327280691190324642760690448830593561766291409920353059"
"3","15:40-15:45","ETH","Down","Ask","2","0.52","10","5.2","18.87","9.7237","2026-07-04T15:39:30.5607862+03:00","2026-07-04 15:39:30","eth-updown-5m-1783168800","69007630090604639972637327280691190324642760690448830593561766291409920353059"
"3","15:40-15:45","ETH","Down","Ask","3","0.53","15","7.95","33.87","17.6737","2026-07-04T15:39:30.5607862+03:00","2026-07-04 15:39:30","eth-updown-5m-1783168800","69007630090604639972637327280691190324642760690448830593561766291409920353059"
"3","15:40-15:45","ETH","Down","Ask","4","0.54","21.52","11.6208","55.39","29.2945","2026-07-04T15:39:30.5607862+03:00","2026-07-04 15:39:30","eth-updown-5m-1783168800","69007630090604639972637327280691190324642760690448830593561766291409920353059"
"3","15:40-15:45","ETH","Down","Ask","5","0.55","271.66","149.413","327.05","178.7075","2026-07-04T15:39:30.5607862+03:00","2026-07-04 15:39:30","eth-updown-5m-1783168800","69007630090604639972637327280691190324642760690448830593561766291409920353059"
"3","15:40-15:45","ETH","Down","Ask","6","0.56","443.93","248.6008","770.98","427.3083","2026-07-04T15:39:30.5607862+03:00","2026-07-04 15:39:30","eth-updown-5m-1783168800","69007630090604639972637327280691190324642760690448830593561766291409920353059"
"3","15:40-15:45","ETH","Down","Ask","7","0.57","318.44","181.5108","1089.42","608.8191","2026-07-04T15:39:30.5607862+03:00","2026-07-04 15:39:30","eth-updown-5m-1783168800","69007630090604639972637327280691190324642760690448830593561766291409920353059"
"3","15:40-15:45","ETH","Down","Ask","8","0.58","152.7","88.566","1242.12","697.3851","2026-07-04T15:39:30.5607862+03:00","2026-07-04 15:39:30","eth-updown-5m-1783168800","69007630090604639972637327280691190324642760690448830593561766291409920353059"
"3","15:40-15:45","ETH","Down","Ask","9","0.59","191.83","113.1797","1433.95","810.5648","2026-07-04T15:39:30.5607862+03:00","2026-07-04 15:39:30","eth-updown-5m-1783168800","69007630090604639972637327280691190324642760690448830593561766291409920353059"
"3","15:40-15:45","ETH","Down","Ask","10","0.6","154.77","92.862","1588.72","903.4268","2026-07-04T15:39:30.5607862+03:00","2026-07-04 15:39:30","eth-updown-5m-1783168800","69007630090604639972637327280691190324642760690448830593561766291409920353059"
"3","15:40-15:45","ETH","Down","Ask","11","0.61","181.01","110.4161","1769.73","1013.8429","2026-07-04T15:39:30.5607862+03:00","2026-07-04 15:39:30","eth-updown-5m-1783168800","69007630090604639972637327280691190324642760690448830593561766291409920353059"
"3","15:40-15:45","ETH","Down","Ask","12","0.62","212.54","131.7748","1982.27","1145.6177","2026-07-04T15:39:30.5607862+03:00","2026-07-04 15:39:30","eth-updown-5m-1783168800","69007630090604639972637327280691190324642760690448830593561766291409920353059"
"3","15:40-15:45","ETH","Down","Ask","13","0.63","120.04","75.6252","2102.31","1221.2429","2026-07-04T15:39:30.5607862+03:00","2026-07-04 15:39:30","eth-updown-5m-1783168800","69007630090604639972637327280691190324642760690448830593561766291409920353059"
"3","15:40-15:45","ETH","Down","Ask","14","0.64","104.44","66.8416","2206.75","1288.0845","2026-07-04T15:39:30.5607862+03:00","2026-07-04 15:39:30","eth-updown-5m-1783168800","69007630090604639972637327280691190324642760690448830593561766291409920353059"
"3","15:40-15:45","ETH","Down","Ask","15","0.65","263.57","171.3205","2470.32","1459.405","2026-07-04T15:39:30.5607862+03:00","2026-07-04 15:39:30","eth-updown-5m-1783168800","69007630090604639972637327280691190324642760690448830593561766291409920353059"
"3","15:40-15:45","ETH","Down","Ask","16","0.66","50","33","2520.32","1492.405","2026-07-04T15:39:30.5607862+03:00","2026-07-04 15:39:30","eth-updown-5m-1783168800","69007630090604639972637327280691190324642760690448830593561766291409920353059"
"3","15:40-15:45","ETH","Down","Ask","17","0.67","90","60.3","2610.32","1552.705","2026-07-04T15:39:30.5607862+03:00","2026-07-04 15:39:30","eth-updown-5m-1783168800","69007630090604639972637327280691190324642760690448830593561766291409920353059"
"3","15:40-15:45","ETH","Down","Ask","18","0.68","115","78.2","2725.32","1630.905","2026-07-04T15:39:30.5607862+03:00","2026-07-04 15:39:30","eth-updown-5m-1783168800","69007630090604639972637327280691190324642760690448830593561766291409920353059"
"3","15:40-15:45","ETH","Down","Ask","19","0.69","65","44.85","2790.32","1675.755","2026-07-04T15:39:30.5607862+03:00","2026-07-04 15:39:30","eth-updown-5m-1783168800","69007630090604639972637327280691190324642760690448830593561766291409920353059"
"3","15:40-15:45","ETH","Down","Ask","20","0.7","221.66","155.162","3011.98","1830.917","2026-07-04T15:39:30.5607862+03:00","2026-07-04 15:39:30","eth-updown-5m-1783168800","69007630090604639972637327280691190324642760690448830593561766291409920353059"
"3","15:40-15:45","ETH","Down","Ask","21","0.71","32.23","22.8833","3044.21","1853.8003","2026-07-04T15:39:30.5607862+03:00","2026-07-04 15:39:30","eth-updown-5m-1783168800","69007630090604639972637327280691190324642760690448830593561766291409920353059"
"3","15:40-15:45","ETH","Down","Ask","22","0.72","80","57.6","3124.21","1911.4003","2026-07-04T15:39:30.5607862+03:00","2026-07-04 15:39:30","eth-updown-5m-1783168800","69007630090604639972637327280691190324642760690448830593561766291409920353059"
"3","15:40-15:45","ETH","Down","Ask","23","0.73","120","87.6","3244.21","1999.0003","2026-07-04T15:39:30.5607862+03:00","2026-07-04 15:39:30","eth-updown-5m-1783168800","69007630090604639972637327280691190324642760690448830593561766291409920353059"
"3","15:40-15:45","ETH","Down","Ask","24","0.74","125","92.5","3369.21","2091.5003","2026-07-04T15:39:30.5607862+03:00","2026-07-04 15:39:30","eth-updown-5m-1783168800","69007630090604639972637327280691190324642760690448830593561766291409920353059"
"3","15:40-15:45","ETH","Down","Ask","25","0.75","20","15","3389.21","2106.5003","2026-07-04T15:39:30.5607862+03:00","2026-07-04 15:39:30","eth-updown-5m-1783168800","69007630090604639972637327280691190324642760690448830593561766291409920353059"
"3","15:40-15:45","ETH","Down","Ask","26","0.76","195","148.2","3584.21","2254.7003","2026-07-04T15:39:30.5607862+03:00","2026-07-04 15:39:30","eth-updown-5m-1783168800","69007630090604639972637327280691190324642760690448830593561766291409920353059"
"3","15:40-15:45","ETH","Down","Ask","27","0.77","90","69.3","3674.21","2324.0003","2026-07-04T15:39:30.5607862+03:00","2026-07-04 15:39:30","eth-updown-5m-1783168800","69007630090604639972637327280691190324642760690448830593561766291409920353059"
"3","15:40-15:45","ETH","Down","Ask","28","0.78","35","27.3","3709.21","2351.3003","2026-07-04T15:39:30.5607862+03:00","2026-07-04 15:39:30","eth-updown-5m-1783168800","69007630090604639972637327280691190324642760690448830593561766291409920353059"
"3","15:40-15:45","ETH","Down","Ask","29","0.79","187","147.73","3896.21","2499.0303","2026-07-04T15:39:30.5607862+03:00","2026-07-04 15:39:30","eth-updown-5m-1783168800","69007630090604639972637327280691190324642760690448830593561766291409920353059"
"3","15:40-15:45","ETH","Down","Ask","30","0.8","207","165.6","4103.21","2664.6303","2026-07-04T15:39:30.5607862+03:00","2026-07-04 15:39:30","eth-updown-5m-1783168800","69007630090604639972637327280691190324642760690448830593561766291409920353059"
"3","15:40-15:45","ETH","Down","Ask","31","0.81","37","29.97","4140.21","2694.6003","2026-07-04T15:39:30.5607862+03:00","2026-07-04 15:39:30","eth-updown-5m-1783168800","69007630090604639972637327280691190324642760690448830593561766291409920353059"
"3","15:40-15:45","ETH","Down","Ask","32","0.82","12","9.84","4152.21","2704.4403","2026-07-04T15:39:30.5607862+03:00","2026-07-04 15:39:30","eth-updown-5m-1783168800","69007630090604639972637327280691190324642760690448830593561766291409920353059"
"3","15:40-15:45","ETH","Down","Ask","33","0.83","7","5.81","4159.21","2710.2503","2026-07-04T15:39:30.5607862+03:00","2026-07-04 15:39:30","eth-updown-5m-1783168800","69007630090604639972637327280691190324642760690448830593561766291409920353059"
"3","15:40-15:45","ETH","Down","Ask","34","0.84","35","29.4","4194.21","2739.6503","2026-07-04T15:39:30.5607862+03:00","2026-07-04 15:39:30","eth-updown-5m-1783168800","69007630090604639972637327280691190324642760690448830593561766291409920353059"
"3","15:40-15:45","ETH","Down","Ask","35","0.85","1635","1389.75","5829.21","4129.4003","2026-07-04T15:39:30.5607862+03:00","2026-07-04 15:39:30","eth-updown-5m-1783168800","69007630090604639972637327280691190324642760690448830593561766291409920353059"
"3","15:40-15:45","ETH","Down","Ask","36","0.86","20","17.2","5849.21","4146.6003","2026-07-04T15:39:30.5607862+03:00","2026-07-04 15:39:30","eth-updown-5m-1783168800","69007630090604639972637327280691190324642760690448830593561766291409920353059"
"3","15:40-15:45","ETH","Down","Ask","37","0.87","67","58.29","5916.21","4204.8903","2026-07-04T15:39:30.5607862+03:00","2026-07-04 15:39:30","eth-updown-5m-1783168800","69007630090604639972637327280691190324642760690448830593561766291409920353059"
"3","15:40-15:45","ETH","Down","Ask","38","0.88","67","58.96","5983.21","4263.8503","2026-07-04T15:39:30.5607862+03:00","2026-07-04 15:39:30","eth-updown-5m-1783168800","69007630090604639972637327280691190324642760690448830593561766291409920353059"
"3","15:40-15:45","ETH","Down","Ask","39","0.89","22","19.58","6005.21","4283.4303","2026-07-04T15:39:30.5607862+03:00","2026-07-04 15:39:30","eth-updown-5m-1783168800","69007630090604639972637327280691190324642760690448830593561766291409920353059"
"3","15:40-15:45","ETH","Down","Ask","40","0.9","2872","2584.8","8877.21","6868.2303","2026-07-04T15:39:30.5607862+03:00","2026-07-04 15:39:30","eth-updown-5m-1783168800","69007630090604639972637327280691190324642760690448830593561766291409920353059"
"3","15:40-15:45","ETH","Down","Ask","41","0.91","632.56","575.6296","9509.77","7443.8599","2026-07-04T15:39:30.5607862+03:00","2026-07-04 15:39:30","eth-updown-5m-1783168800","69007630090604639972637327280691190324642760690448830593561766291409920353059"
"3","15:40-15:45","ETH","Down","Ask","42","0.92","584.5","537.74","10094.27","7981.5999","2026-07-04T15:39:30.5607862+03:00","2026-07-04 15:39:30","eth-updown-5m-1783168800","69007630090604639972637327280691190324642760690448830593561766291409920353059"
"3","15:40-15:45","ETH","Down","Ask","43","0.93","747","694.71","10841.27","8676.3099","2026-07-04T15:39:30.5607862+03:00","2026-07-04 15:39:30","eth-updown-5m-1783168800","69007630090604639972637327280691190324642760690448830593561766291409920353059"
"3","15:40-15:45","ETH","Down","Ask","44","0.94","836.65","786.451","11677.92","9462.7609","2026-07-04T15:39:30.5607862+03:00","2026-07-04 15:39:30","eth-updown-5m-1783168800","69007630090604639972637327280691190324642760690448830593561766291409920353059"
"3","15:40-15:45","ETH","Down","Ask","45","0.95","735","698.25","12412.92","10161.0109","2026-07-04T15:39:30.5607862+03:00","2026-07-04 15:39:30","eth-updown-5m-1783168800","69007630090604639972637327280691190324642760690448830593561766291409920353059"
"3","15:40-15:45","ETH","Down","Ask","46","0.96","1112.5","1068","13525.42","11229.0109","2026-07-04T15:39:30.5607862+03:00","2026-07-04 15:39:30","eth-updown-5m-1783168800","69007630090604639972637327280691190324642760690448830593561766291409920353059"
"3","15:40-15:45","ETH","Down","Ask","47","0.97","11170","10834.9","24695.42","22063.9109","2026-07-04T15:39:30.5607862+03:00","2026-07-04 15:39:30","eth-updown-5m-1783168800","69007630090604639972637327280691190324642760690448830593561766291409920353059"
"3","15:40-15:45","ETH","Down","Ask","48","0.98","1085","1063.3","25780.42","23127.2109","2026-07-04T15:39:30.5607862+03:00","2026-07-04 15:39:30","eth-updown-5m-1783168800","69007630090604639972637327280691190324642760690448830593561766291409920353059"
"3","15:40-15:45","ETH","Down","Ask","49","0.99","9431","9336.69","35211.42","32463.9009","2026-07-04T15:39:30.5607862+03:00","2026-07-04 15:39:30","eth-updown-5m-1783168800","69007630090604639972637327280691190324642760690448830593561766291409920353059"
"3","15:40-15:45","ETH","Down","Bid","1","0.5","1259.2","629.6","1259.2","629.6","2026-07-04T15:39:30.5607862+03:00","2026-07-04 15:39:30","eth-updown-5m-1783168800","69007630090604639972637327280691190324642760690448830593561766291409920353059"
"3","15:40-15:45","ETH","Down","Bid","2","0.49","215","105.35","1474.2","734.95","2026-07-04T15:39:30.5607862+03:00","2026-07-04 15:39:30","eth-updown-5m-1783168800","69007630090604639972637327280691190324642760690448830593561766291409920353059"
"3","15:40-15:45","ETH","Down","Bid","3","0.48","245","117.6","1719.2","852.55","2026-07-04T15:39:30.5607862+03:00","2026-07-04 15:39:30","eth-updown-5m-1783168800","69007630090604639972637327280691190324642760690448830593561766291409920353059"
"3","15:40-15:45","ETH","Down","Bid","4","0.47","45","21.15","1764.2","873.7","2026-07-04T15:39:30.5607862+03:00","2026-07-04 15:39:30","eth-updown-5m-1783168800","69007630090604639972637327280691190324642760690448830593561766291409920353059"
"3","15:40-15:45","ETH","Down","Bid","5","0.46","46.52","21.3992","1810.72","895.0992","2026-07-04T15:39:30.5607862+03:00","2026-07-04 15:39:30","eth-updown-5m-1783168800","69007630090604639972637327280691190324642760690448830593561766291409920353059"
"3","15:40-15:45","ETH","Down","Bid","6","0.45","101.66","45.747","1912.38","940.8462","2026-07-04T15:39:30.5607862+03:00","2026-07-04 15:39:30","eth-updown-5m-1783168800","69007630090604639972637327280691190324642760690448830593561766291409920353059"
"3","15:40-15:45","ETH","Down","Bid","7","0.44","215.93","95.0092","2128.31","1035.8554","2026-07-04T15:39:30.5607862+03:00","2026-07-04 15:39:30","eth-updown-5m-1783168800","69007630090604639972637327280691190324642760690448830593561766291409920353059"
"3","15:40-15:45","ETH","Down","Bid","8","0.43","115.44","49.6392","2243.75","1085.4946","2026-07-04T15:39:30.5607862+03:00","2026-07-04 15:39:30","eth-updown-5m-1783168800","69007630090604639972637327280691190324642760690448830593561766291409920353059"
"3","15:40-15:45","ETH","Down","Bid","9","0.42","122.7","51.534","2366.45","1137.0286","2026-07-04T15:39:30.5607862+03:00","2026-07-04 15:39:30","eth-updown-5m-1783168800","69007630090604639972637327280691190324642760690448830593561766291409920353059"
"3","15:40-15:45","ETH","Down","Bid","10","0.41","161.83","66.3503","2528.28","1203.3789","2026-07-04T15:39:30.5607862+03:00","2026-07-04 15:39:30","eth-updown-5m-1783168800","69007630090604639972637327280691190324642760690448830593561766291409920353059"
"3","15:40-15:45","ETH","Down","Bid","11","0.4","105.27","42.108","2633.55","1245.4869","2026-07-04T15:39:30.5607862+03:00","2026-07-04 15:39:30","eth-updown-5m-1783168800","69007630090604639972637327280691190324642760690448830593561766291409920353059"
"3","15:40-15:45","ETH","Down","Bid","12","0.39","144.01","56.1639","2777.56","1301.6508","2026-07-04T15:39:30.5607862+03:00","2026-07-04 15:39:30","eth-updown-5m-1783168800","69007630090604639972637327280691190324642760690448830593561766291409920353059"
"3","15:40-15:45","ETH","Down","Bid","13","0.38","175.54","66.7052","2953.1","1368.356","2026-07-04T15:39:30.5607862+03:00","2026-07-04 15:39:30","eth-updown-5m-1783168800","69007630090604639972637327280691190324642760690448830593561766291409920353059"
"3","15:40-15:45","ETH","Down","Bid","14","0.37","113.04","41.8248","3066.14","1410.1808","2026-07-04T15:39:30.5607862+03:00","2026-07-04 15:39:30","eth-updown-5m-1783168800","69007630090604639972637327280691190324642760690448830593561766291409920353059"
"3","15:40-15:45","ETH","Down","Bid","15","0.36","104.44","37.5984","3170.58","1447.7792","2026-07-04T15:39:30.5607862+03:00","2026-07-04 15:39:30","eth-updown-5m-1783168800","69007630090604639972637327280691190324642760690448830593561766291409920353059"
"3","15:40-15:45","ETH","Down","Bid","16","0.35","263.57","92.2495","3434.15","1540.0287","2026-07-04T15:39:30.5607862+03:00","2026-07-04 15:39:30","eth-updown-5m-1783168800","69007630090604639972637327280691190324642760690448830593561766291409920353059"
"3","15:40-15:45","ETH","Down","Bid","17","0.34","50","17","3484.15","1557.0287","2026-07-04T15:39:30.5607862+03:00","2026-07-04 15:39:30","eth-updown-5m-1783168800","69007630090604639972637327280691190324642760690448830593561766291409920353059"
"3","15:40-15:45","ETH","Down","Bid","18","0.33","90","29.7","3574.15","1586.7287","2026-07-04T15:39:30.5607862+03:00","2026-07-04 15:39:30","eth-updown-5m-1783168800","69007630090604639972637327280691190324642760690448830593561766291409920353059"
"3","15:40-15:45","ETH","Down","Bid","19","0.32","115","36.8","3689.15","1623.5287","2026-07-04T15:39:30.5607862+03:00","2026-07-04 15:39:30","eth-updown-5m-1783168800","69007630090604639972637327280691190324642760690448830593561766291409920353059"
"3","15:40-15:45","ETH","Down","Bid","20","0.31","65","20.15","3754.15","1643.6787","2026-07-04T15:39:30.5607862+03:00","2026-07-04 15:39:30","eth-updown-5m-1783168800","69007630090604639972637327280691190324642760690448830593561766291409920353059"
"3","15:40-15:45","ETH","Down","Bid","21","0.3","221.66","66.498","3975.81","1710.1767","2026-07-04T15:39:30.5607862+03:00","2026-07-04 15:39:30","eth-updown-5m-1783168800","69007630090604639972637327280691190324642760690448830593561766291409920353059"
"3","15:40-15:45","ETH","Down","Bid","22","0.29","32.23","9.3467","4008.04","1719.5234","2026-07-04T15:39:30.5607862+03:00","2026-07-04 15:39:30","eth-updown-5m-1783168800","69007630090604639972637327280691190324642760690448830593561766291409920353059"
"3","15:40-15:45","ETH","Down","Bid","23","0.28","80","22.4","4088.04","1741.9234","2026-07-04T15:39:30.5607862+03:00","2026-07-04 15:39:30","eth-updown-5m-1783168800","69007630090604639972637327280691190324642760690448830593561766291409920353059"
"3","15:40-15:45","ETH","Down","Bid","24","0.27","120","32.4","4208.04","1774.3234","2026-07-04T15:39:30.5607862+03:00","2026-07-04 15:39:30","eth-updown-5m-1783168800","69007630090604639972637327280691190324642760690448830593561766291409920353059"
"3","15:40-15:45","ETH","Down","Bid","25","0.26","125","32.5","4333.04","1806.8234","2026-07-04T15:39:30.5607862+03:00","2026-07-04 15:39:30","eth-updown-5m-1783168800","69007630090604639972637327280691190324642760690448830593561766291409920353059"
"3","15:40-15:45","ETH","Down","Bid","26","0.25","20","5","4353.04","1811.8234","2026-07-04T15:39:30.5607862+03:00","2026-07-04 15:39:30","eth-updown-5m-1783168800","69007630090604639972637327280691190324642760690448830593561766291409920353059"
"3","15:40-15:45","ETH","Down","Bid","27","0.24","195","46.8","4548.04","1858.6234","2026-07-04T15:39:30.5607862+03:00","2026-07-04 15:39:30","eth-updown-5m-1783168800","69007630090604639972637327280691190324642760690448830593561766291409920353059"
"3","15:40-15:45","ETH","Down","Bid","28","0.23","90","20.7","4638.04","1879.3234","2026-07-04T15:39:30.5607862+03:00","2026-07-04 15:39:30","eth-updown-5m-1783168800","69007630090604639972637327280691190324642760690448830593561766291409920353059"
"3","15:40-15:45","ETH","Down","Bid","29","0.22","35","7.7","4673.04","1887.0234","2026-07-04T15:39:30.5607862+03:00","2026-07-04 15:39:30","eth-updown-5m-1783168800","69007630090604639972637327280691190324642760690448830593561766291409920353059"
"3","15:40-15:45","ETH","Down","Bid","30","0.21","187","39.27","4860.04","1926.2934","2026-07-04T15:39:30.5607862+03:00","2026-07-04 15:39:30","eth-updown-5m-1783168800","69007630090604639972637327280691190324642760690448830593561766291409920353059"
"3","15:40-15:45","ETH","Down","Bid","31","0.2","207","41.4","5067.04","1967.6934","2026-07-04T15:39:30.5607862+03:00","2026-07-04 15:39:30","eth-updown-5m-1783168800","69007630090604639972637327280691190324642760690448830593561766291409920353059"
"3","15:40-15:45","ETH","Down","Bid","32","0.19","37","7.03","5104.04","1974.7234","2026-07-04T15:39:30.5607862+03:00","2026-07-04 15:39:30","eth-updown-5m-1783168800","69007630090604639972637327280691190324642760690448830593561766291409920353059"
"3","15:40-15:45","ETH","Down","Bid","33","0.18","12","2.16","5116.04","1976.8834","2026-07-04T15:39:30.5607862+03:00","2026-07-04 15:39:30","eth-updown-5m-1783168800","69007630090604639972637327280691190324642760690448830593561766291409920353059"
"3","15:40-15:45","ETH","Down","Bid","34","0.17","7","1.19","5123.04","1978.0734","2026-07-04T15:39:30.5607862+03:00","2026-07-04 15:39:30","eth-updown-5m-1783168800","69007630090604639972637327280691190324642760690448830593561766291409920353059"
"3","15:40-15:45","ETH","Down","Bid","35","0.16","35","5.6","5158.04","1983.6734","2026-07-04T15:39:30.5607862+03:00","2026-07-04 15:39:30","eth-updown-5m-1783168800","69007630090604639972637327280691190324642760690448830593561766291409920353059"
"3","15:40-15:45","ETH","Down","Bid","36","0.15","1635","245.25","6793.04","2228.9234","2026-07-04T15:39:30.5607862+03:00","2026-07-04 15:39:30","eth-updown-5m-1783168800","69007630090604639972637327280691190324642760690448830593561766291409920353059"
"3","15:40-15:45","ETH","Down","Bid","37","0.14","20","2.8","6813.04","2231.7234","2026-07-04T15:39:30.5607862+03:00","2026-07-04 15:39:30","eth-updown-5m-1783168800","69007630090604639972637327280691190324642760690448830593561766291409920353059"
"3","15:40-15:45","ETH","Down","Bid","38","0.13","67","8.71","6880.04","2240.4334","2026-07-04T15:39:30.5607862+03:00","2026-07-04 15:39:30","eth-updown-5m-1783168800","69007630090604639972637327280691190324642760690448830593561766291409920353059"
"3","15:40-15:45","ETH","Down","Bid","39","0.12","67","8.04","6947.04","2248.4734","2026-07-04T15:39:30.5607862+03:00","2026-07-04 15:39:30","eth-updown-5m-1783168800","69007630090604639972637327280691190324642760690448830593561766291409920353059"
"3","15:40-15:45","ETH","Down","Bid","40","0.11","22","2.42","6969.04","2250.8934","2026-07-04T15:39:30.5607862+03:00","2026-07-04 15:39:30","eth-updown-5m-1783168800","69007630090604639972637327280691190324642760690448830593561766291409920353059"
"3","15:40-15:45","ETH","Down","Bid","41","0.1","2872","287.2","9841.04","2538.0934","2026-07-04T15:39:30.5607862+03:00","2026-07-04 15:39:30","eth-updown-5m-1783168800","69007630090604639972637327280691190324642760690448830593561766291409920353059"
"3","15:40-15:45","ETH","Down","Bid","42","0.09","632.56","56.9304","10473.6","2595.0238","2026-07-04T15:39:30.5607862+03:00","2026-07-04 15:39:30","eth-updown-5m-1783168800","69007630090604639972637327280691190324642760690448830593561766291409920353059"
"3","15:40-15:45","ETH","Down","Bid","43","0.08","584.5","46.76","11058.1","2641.7838","2026-07-04T15:39:30.5607862+03:00","2026-07-04 15:39:30","eth-updown-5m-1783168800","69007630090604639972637327280691190324642760690448830593561766291409920353059"
"3","15:40-15:45","ETH","Down","Bid","44","0.07","747","52.29","11805.1","2694.0738","2026-07-04T15:39:30.5607862+03:00","2026-07-04 15:39:30","eth-updown-5m-1783168800","69007630090604639972637327280691190324642760690448830593561766291409920353059"
"3","15:40-15:45","ETH","Down","Bid","45","0.06","836.65","50.199","12641.75","2744.2728","2026-07-04T15:39:30.5607862+03:00","2026-07-04 15:39:30","eth-updown-5m-1783168800","69007630090604639972637327280691190324642760690448830593561766291409920353059"
"3","15:40-15:45","ETH","Down","Bid","46","0.05","735","36.75","13376.75","2781.0228","2026-07-04T15:39:30.5607862+03:00","2026-07-04 15:39:30","eth-updown-5m-1783168800","69007630090604639972637327280691190324642760690448830593561766291409920353059"
"3","15:40-15:45","ETH","Down","Bid","47","0.04","1112.5","44.5","14489.25","2825.5228","2026-07-04T15:39:30.5607862+03:00","2026-07-04 15:39:30","eth-updown-5m-1783168800","69007630090604639972637327280691190324642760690448830593561766291409920353059"
"3","15:40-15:45","ETH","Down","Bid","48","0.03","11175","335.25","25664.25","3160.7728","2026-07-04T15:39:30.5607862+03:00","2026-07-04 15:39:30","eth-updown-5m-1783168800","69007630090604639972637327280691190324642760690448830593561766291409920353059"
"3","15:40-15:45","ETH","Down","Bid","49","0.02","1085","21.7","26749.25","3182.4728","2026-07-04T15:39:30.5607862+03:00","2026-07-04 15:39:30","eth-updown-5m-1783168800","69007630090604639972637327280691190324642760690448830593561766291409920353059"
"3","15:40-15:45","ETH","Down","Bid","50","0.01","9431","94.31","36180.25","3276.7828","2026-07-04T15:39:30.5607862+03:00","2026-07-04 15:39:30","eth-updown-5m-1783168800","69007630090604639972637327280691190324642760690448830593561766291409920353059"
"3","15:40-15:45","ETH","Up","Ask","1","0.5","1259.2","629.6","1259.2","629.6","2026-07-04T15:39:30.7918795+03:00","2026-07-04 15:39:30","eth-updown-5m-1783168800","110557279996910645944599789976324922124036559798887566339475962270412192633132"
"3","15:40-15:45","ETH","Up","Ask","2","0.51","215","109.65","1474.2","739.25","2026-07-04T15:39:30.7918795+03:00","2026-07-04 15:39:30","eth-updown-5m-1783168800","110557279996910645944599789976324922124036559798887566339475962270412192633132"
"3","15:40-15:45","ETH","Up","Ask","3","0.52","245","127.4","1719.2","866.65","2026-07-04T15:39:30.7918795+03:00","2026-07-04 15:39:30","eth-updown-5m-1783168800","110557279996910645944599789976324922124036559798887566339475962270412192633132"
"3","15:40-15:45","ETH","Up","Ask","4","0.53","45","23.85","1764.2","890.5","2026-07-04T15:39:30.7918795+03:00","2026-07-04 15:39:30","eth-updown-5m-1783168800","110557279996910645944599789976324922124036559798887566339475962270412192633132"
"3","15:40-15:45","ETH","Up","Ask","5","0.54","46.52","25.1208","1810.72","915.6208","2026-07-04T15:39:30.7918795+03:00","2026-07-04 15:39:30","eth-updown-5m-1783168800","110557279996910645944599789976324922124036559798887566339475962270412192633132"
"3","15:40-15:45","ETH","Up","Ask","6","0.55","101.66","55.913","1912.38","971.5338","2026-07-04T15:39:30.7918795+03:00","2026-07-04 15:39:30","eth-updown-5m-1783168800","110557279996910645944599789976324922124036559798887566339475962270412192633132"
"3","15:40-15:45","ETH","Up","Ask","7","0.56","215.93","120.9208","2128.31","1092.4546","2026-07-04T15:39:30.7918795+03:00","2026-07-04 15:39:30","eth-updown-5m-1783168800","110557279996910645944599789976324922124036559798887566339475962270412192633132"
"3","15:40-15:45","ETH","Up","Ask","8","0.57","115.44","65.8008","2243.75","1158.2554","2026-07-04T15:39:30.7918795+03:00","2026-07-04 15:39:30","eth-updown-5m-1783168800","110557279996910645944599789976324922124036559798887566339475962270412192633132"
"3","15:40-15:45","ETH","Up","Ask","9","0.58","122.7","71.166","2366.45","1229.4214","2026-07-04T15:39:30.7918795+03:00","2026-07-04 15:39:30","eth-updown-5m-1783168800","110557279996910645944599789976324922124036559798887566339475962270412192633132"
"3","15:40-15:45","ETH","Up","Ask","10","0.59","161.83","95.4797","2528.28","1324.9011","2026-07-04T15:39:30.7918795+03:00","2026-07-04 15:39:30","eth-updown-5m-1783168800","110557279996910645944599789976324922124036559798887566339475962270412192633132"
"3","15:40-15:45","ETH","Up","Ask","11","0.6","105.27","63.162","2633.55","1388.0631","2026-07-04T15:39:30.7918795+03:00","2026-07-04 15:39:30","eth-updown-5m-1783168800","110557279996910645944599789976324922124036559798887566339475962270412192633132"
"3","15:40-15:45","ETH","Up","Ask","12","0.61","144.01","87.8461","2777.56","1475.9092","2026-07-04T15:39:30.7918795+03:00","2026-07-04 15:39:30","eth-updown-5m-1783168800","110557279996910645944599789976324922124036559798887566339475962270412192633132"
"3","15:40-15:45","ETH","Up","Ask","13","0.62","175.54","108.8348","2953.1","1584.744","2026-07-04T15:39:30.7918795+03:00","2026-07-04 15:39:30","eth-updown-5m-1783168800","110557279996910645944599789976324922124036559798887566339475962270412192633132"
"3","15:40-15:45","ETH","Up","Ask","14","0.63","113.04","71.2152","3066.14","1655.9592","2026-07-04T15:39:30.7918795+03:00","2026-07-04 15:39:30","eth-updown-5m-1783168800","110557279996910645944599789976324922124036559798887566339475962270412192633132"
"3","15:40-15:45","ETH","Up","Ask","15","0.64","104.44","66.8416","3170.58","1722.8008","2026-07-04T15:39:30.7918795+03:00","2026-07-04 15:39:30","eth-updown-5m-1783168800","110557279996910645944599789976324922124036559798887566339475962270412192633132"
"3","15:40-15:45","ETH","Up","Ask","16","0.65","263.57","171.3205","3434.15","1894.1213","2026-07-04T15:39:30.7918795+03:00","2026-07-04 15:39:30","eth-updown-5m-1783168800","110557279996910645944599789976324922124036559798887566339475962270412192633132"
"3","15:40-15:45","ETH","Up","Ask","17","0.66","50","33","3484.15","1927.1213","2026-07-04T15:39:30.7918795+03:00","2026-07-04 15:39:30","eth-updown-5m-1783168800","110557279996910645944599789976324922124036559798887566339475962270412192633132"
"3","15:40-15:45","ETH","Up","Ask","18","0.67","90","60.3","3574.15","1987.4213","2026-07-04T15:39:30.7918795+03:00","2026-07-04 15:39:30","eth-updown-5m-1783168800","110557279996910645944599789976324922124036559798887566339475962270412192633132"
"3","15:40-15:45","ETH","Up","Ask","19","0.68","115","78.2","3689.15","2065.6213","2026-07-04T15:39:30.7918795+03:00","2026-07-04 15:39:30","eth-updown-5m-1783168800","110557279996910645944599789976324922124036559798887566339475962270412192633132"
"3","15:40-15:45","ETH","Up","Ask","20","0.69","65","44.85","3754.15","2110.4713","2026-07-04T15:39:30.7918795+03:00","2026-07-04 15:39:30","eth-updown-5m-1783168800","110557279996910645944599789976324922124036559798887566339475962270412192633132"
"3","15:40-15:45","ETH","Up","Ask","21","0.7","221.66","155.162","3975.81","2265.6333","2026-07-04T15:39:30.7918795+03:00","2026-07-04 15:39:30","eth-updown-5m-1783168800","110557279996910645944599789976324922124036559798887566339475962270412192633132"
"3","15:40-15:45","ETH","Up","Ask","22","0.71","32.23","22.8833","4008.04","2288.5166","2026-07-04T15:39:30.7918795+03:00","2026-07-04 15:39:30","eth-updown-5m-1783168800","110557279996910645944599789976324922124036559798887566339475962270412192633132"
"3","15:40-15:45","ETH","Up","Ask","23","0.72","80","57.6","4088.04","2346.1166","2026-07-04T15:39:30.7918795+03:00","2026-07-04 15:39:30","eth-updown-5m-1783168800","110557279996910645944599789976324922124036559798887566339475962270412192633132"
"3","15:40-15:45","ETH","Up","Ask","24","0.73","120","87.6","4208.04","2433.7166","2026-07-04T15:39:30.7918795+03:00","2026-07-04 15:39:30","eth-updown-5m-1783168800","110557279996910645944599789976324922124036559798887566339475962270412192633132"
"3","15:40-15:45","ETH","Up","Ask","25","0.74","125","92.5","4333.04","2526.2166","2026-07-04T15:39:30.7918795+03:00","2026-07-04 15:39:30","eth-updown-5m-1783168800","110557279996910645944599789976324922124036559798887566339475962270412192633132"
"3","15:40-15:45","ETH","Up","Ask","26","0.75","20","15","4353.04","2541.2166","2026-07-04T15:39:30.7918795+03:00","2026-07-04 15:39:30","eth-updown-5m-1783168800","110557279996910645944599789976324922124036559798887566339475962270412192633132"
"3","15:40-15:45","ETH","Up","Ask","27","0.76","195","148.2","4548.04","2689.4166","2026-07-04T15:39:30.7918795+03:00","2026-07-04 15:39:30","eth-updown-5m-1783168800","110557279996910645944599789976324922124036559798887566339475962270412192633132"
"3","15:40-15:45","ETH","Up","Ask","28","0.77","90","69.3","4638.04","2758.7166","2026-07-04T15:39:30.7918795+03:00","2026-07-04 15:39:30","eth-updown-5m-1783168800","110557279996910645944599789976324922124036559798887566339475962270412192633132"
"3","15:40-15:45","ETH","Up","Ask","29","0.78","35","27.3","4673.04","2786.0166","2026-07-04T15:39:30.7918795+03:00","2026-07-04 15:39:30","eth-updown-5m-1783168800","110557279996910645944599789976324922124036559798887566339475962270412192633132"
"3","15:40-15:45","ETH","Up","Ask","30","0.79","187","147.73","4860.04","2933.7466","2026-07-04T15:39:30.7918795+03:00","2026-07-04 15:39:30","eth-updown-5m-1783168800","110557279996910645944599789976324922124036559798887566339475962270412192633132"
"3","15:40-15:45","ETH","Up","Ask","31","0.8","207","165.6","5067.04","3099.3466","2026-07-04T15:39:30.7918795+03:00","2026-07-04 15:39:30","eth-updown-5m-1783168800","110557279996910645944599789976324922124036559798887566339475962270412192633132"
"3","15:40-15:45","ETH","Up","Ask","32","0.81","37","29.97","5104.04","3129.3166","2026-07-04T15:39:30.7918795+03:00","2026-07-04 15:39:30","eth-updown-5m-1783168800","110557279996910645944599789976324922124036559798887566339475962270412192633132"
"3","15:40-15:45","ETH","Up","Ask","33","0.82","12","9.84","5116.04","3139.1566","2026-07-04T15:39:30.7918795+03:00","2026-07-04 15:39:30","eth-updown-5m-1783168800","110557279996910645944599789976324922124036559798887566339475962270412192633132"
"3","15:40-15:45","ETH","Up","Ask","34","0.83","7","5.81","5123.04","3144.9666","2026-07-04T15:39:30.7918795+03:00","2026-07-04 15:39:30","eth-updown-5m-1783168800","110557279996910645944599789976324922124036559798887566339475962270412192633132"
"3","15:40-15:45","ETH","Up","Ask","35","0.84","35","29.4","5158.04","3174.3666","2026-07-04T15:39:30.7918795+03:00","2026-07-04 15:39:30","eth-updown-5m-1783168800","110557279996910645944599789976324922124036559798887566339475962270412192633132"
"3","15:40-15:45","ETH","Up","Ask","36","0.85","1635","1389.75","6793.04","4564.1166","2026-07-04T15:39:30.7918795+03:00","2026-07-04 15:39:30","eth-updown-5m-1783168800","110557279996910645944599789976324922124036559798887566339475962270412192633132"
"3","15:40-15:45","ETH","Up","Ask","37","0.86","20","17.2","6813.04","4581.3166","2026-07-04T15:39:30.7918795+03:00","2026-07-04 15:39:30","eth-updown-5m-1783168800","110557279996910645944599789976324922124036559798887566339475962270412192633132"
"3","15:40-15:45","ETH","Up","Ask","38","0.87","67","58.29","6880.04","4639.6066","2026-07-04T15:39:30.7918795+03:00","2026-07-04 15:39:30","eth-updown-5m-1783168800","110557279996910645944599789976324922124036559798887566339475962270412192633132"
"3","15:40-15:45","ETH","Up","Ask","39","0.88","67","58.96","6947.04","4698.5666","2026-07-04T15:39:30.7918795+03:00","2026-07-04 15:39:30","eth-updown-5m-1783168800","110557279996910645944599789976324922124036559798887566339475962270412192633132"
"3","15:40-15:45","ETH","Up","Ask","40","0.89","22","19.58","6969.04","4718.1466","2026-07-04T15:39:30.7918795+03:00","2026-07-04 15:39:30","eth-updown-5m-1783168800","110557279996910645944599789976324922124036559798887566339475962270412192633132"
"3","15:40-15:45","ETH","Up","Ask","41","0.9","2872","2584.8","9841.04","7302.9466","2026-07-04T15:39:30.7918795+03:00","2026-07-04 15:39:30","eth-updown-5m-1783168800","110557279996910645944599789976324922124036559798887566339475962270412192633132"
"3","15:40-15:45","ETH","Up","Ask","42","0.91","632.56","575.6296","10473.6","7878.5762","2026-07-04T15:39:30.7918795+03:00","2026-07-04 15:39:30","eth-updown-5m-1783168800","110557279996910645944599789976324922124036559798887566339475962270412192633132"
"3","15:40-15:45","ETH","Up","Ask","43","0.92","584.5","537.74","11058.1","8416.3162","2026-07-04T15:39:30.7918795+03:00","2026-07-04 15:39:30","eth-updown-5m-1783168800","110557279996910645944599789976324922124036559798887566339475962270412192633132"
"3","15:40-15:45","ETH","Up","Ask","44","0.93","747","694.71","11805.1","9111.0262","2026-07-04T15:39:30.7918795+03:00","2026-07-04 15:39:30","eth-updown-5m-1783168800","110557279996910645944599789976324922124036559798887566339475962270412192633132"
"3","15:40-15:45","ETH","Up","Ask","45","0.94","836.65","786.451","12641.75","9897.4772","2026-07-04T15:39:30.7918795+03:00","2026-07-04 15:39:30","eth-updown-5m-1783168800","110557279996910645944599789976324922124036559798887566339475962270412192633132"
"3","15:40-15:45","ETH","Up","Ask","46","0.95","735","698.25","13376.75","10595.7272","2026-07-04T15:39:30.7918795+03:00","2026-07-04 15:39:30","eth-updown-5m-1783168800","110557279996910645944599789976324922124036559798887566339475962270412192633132"
"3","15:40-15:45","ETH","Up","Ask","47","0.96","1112.5","1068","14489.25","11663.7272","2026-07-04T15:39:30.7918795+03:00","2026-07-04 15:39:30","eth-updown-5m-1783168800","110557279996910645944599789976324922124036559798887566339475962270412192633132"
"3","15:40-15:45","ETH","Up","Ask","48","0.97","11175","10839.75","25664.25","22503.4772","2026-07-04T15:39:30.7918795+03:00","2026-07-04 15:39:30","eth-updown-5m-1783168800","110557279996910645944599789976324922124036559798887566339475962270412192633132"
"3","15:40-15:45","ETH","Up","Ask","49","0.98","1085","1063.3","26749.25","23566.7772","2026-07-04T15:39:30.7918795+03:00","2026-07-04 15:39:30","eth-updown-5m-1783168800","110557279996910645944599789976324922124036559798887566339475962270412192633132"
"3","15:40-15:45","ETH","Up","Ask","50","0.99","9431","9336.69","36180.25","32903.4672","2026-07-04T15:39:30.7918795+03:00","2026-07-04 15:39:30","eth-updown-5m-1783168800","110557279996910645944599789976324922124036559798887566339475962270412192633132"
"3","15:40-15:45","ETH","Up","Bid","1","0.49","8.87","4.3463","8.87","4.3463","2026-07-04T15:39:30.7918795+03:00","2026-07-04 15:39:30","eth-updown-5m-1783168800","110557279996910645944599789976324922124036559798887566339475962270412192633132"
"3","15:40-15:45","ETH","Up","Bid","2","0.48","10","4.8","18.87","9.1463","2026-07-04T15:39:30.7918795+03:00","2026-07-04 15:39:30","eth-updown-5m-1783168800","110557279996910645944599789976324922124036559798887566339475962270412192633132"
"3","15:40-15:45","ETH","Up","Bid","3","0.47","15","7.05","33.87","16.1963","2026-07-04T15:39:30.7918795+03:00","2026-07-04 15:39:30","eth-updown-5m-1783168800","110557279996910645944599789976324922124036559798887566339475962270412192633132"
"3","15:40-15:45","ETH","Up","Bid","4","0.46","21.52","9.8992","55.39","26.0955","2026-07-04T15:39:30.7918795+03:00","2026-07-04 15:39:30","eth-updown-5m-1783168800","110557279996910645944599789976324922124036559798887566339475962270412192633132"
"3","15:40-15:45","ETH","Up","Bid","5","0.45","271.66","122.247","327.05","148.3425","2026-07-04T15:39:30.7918795+03:00","2026-07-04 15:39:30","eth-updown-5m-1783168800","110557279996910645944599789976324922124036559798887566339475962270412192633132"
"3","15:40-15:45","ETH","Up","Bid","6","0.44","443.93","195.3292","770.98","343.6717","2026-07-04T15:39:30.7918795+03:00","2026-07-04 15:39:30","eth-updown-5m-1783168800","110557279996910645944599789976324922124036559798887566339475962270412192633132"
"3","15:40-15:45","ETH","Up","Bid","7","0.43","318.44","136.9292","1089.42","480.6009","2026-07-04T15:39:30.7918795+03:00","2026-07-04 15:39:30","eth-updown-5m-1783168800","110557279996910645944599789976324922124036559798887566339475962270412192633132"
"3","15:40-15:45","ETH","Up","Bid","8","0.42","152.7","64.134","1242.12","544.7349","2026-07-04T15:39:30.7918795+03:00","2026-07-04 15:39:30","eth-updown-5m-1783168800","110557279996910645944599789976324922124036559798887566339475962270412192633132"
"3","15:40-15:45","ETH","Up","Bid","9","0.41","191.83","78.6503","1433.95","623.3852","2026-07-04T15:39:30.7918795+03:00","2026-07-04 15:39:30","eth-updown-5m-1783168800","110557279996910645944599789976324922124036559798887566339475962270412192633132"
"3","15:40-15:45","ETH","Up","Bid","10","0.4","154.77","61.908","1588.72","685.2932","2026-07-04T15:39:30.7918795+03:00","2026-07-04 15:39:30","eth-updown-5m-1783168800","110557279996910645944599789976324922124036559798887566339475962270412192633132"
"3","15:40-15:45","ETH","Up","Bid","11","0.39","181.01","70.5939","1769.73","755.8871","2026-07-04T15:39:30.7918795+03:00","2026-07-04 15:39:30","eth-updown-5m-1783168800","110557279996910645944599789976324922124036559798887566339475962270412192633132"
"3","15:40-15:45","ETH","Up","Bid","12","0.38","212.54","80.7652","1982.27","836.6523","2026-07-04T15:39:30.7918795+03:00","2026-07-04 15:39:30","eth-updown-5m-1783168800","110557279996910645944599789976324922124036559798887566339475962270412192633132"
"3","15:40-15:45","ETH","Up","Bid","13","0.37","120.04","44.4148","2102.31","881.0671","2026-07-04T15:39:30.7918795+03:00","2026-07-04 15:39:30","eth-updown-5m-1783168800","110557279996910645944599789976324922124036559798887566339475962270412192633132"
"3","15:40-15:45","ETH","Up","Bid","14","0.36","104.44","37.5984","2206.75","918.6655","2026-07-04T15:39:30.7918795+03:00","2026-07-04 15:39:30","eth-updown-5m-1783168800","110557279996910645944599789976324922124036559798887566339475962270412192633132"
"3","15:40-15:45","ETH","Up","Bid","15","0.35","263.57","92.2495","2470.32","1010.915","2026-07-04T15:39:30.7918795+03:00","2026-07-04 15:39:30","eth-updown-5m-1783168800","110557279996910645944599789976324922124036559798887566339475962270412192633132"
"3","15:40-15:45","ETH","Up","Bid","16","0.34","50","17","2520.32","1027.915","2026-07-04T15:39:30.7918795+03:00","2026-07-04 15:39:30","eth-updown-5m-1783168800","110557279996910645944599789976324922124036559798887566339475962270412192633132"
"3","15:40-15:45","ETH","Up","Bid","17","0.33","90","29.7","2610.32","1057.615","2026-07-04T15:39:30.7918795+03:00","2026-07-04 15:39:30","eth-updown-5m-1783168800","110557279996910645944599789976324922124036559798887566339475962270412192633132"
"3","15:40-15:45","ETH","Up","Bid","18","0.32","115","36.8","2725.32","1094.415","2026-07-04T15:39:30.7918795+03:00","2026-07-04 15:39:30","eth-updown-5m-1783168800","110557279996910645944599789976324922124036559798887566339475962270412192633132"
"3","15:40-15:45","ETH","Up","Bid","19","0.31","65","20.15","2790.32","1114.565","2026-07-04T15:39:30.7918795+03:00","2026-07-04 15:39:30","eth-updown-5m-1783168800","110557279996910645944599789976324922124036559798887566339475962270412192633132"
"3","15:40-15:45","ETH","Up","Bid","20","0.3","221.66","66.498","3011.98","1181.063","2026-07-04T15:39:30.7918795+03:00","2026-07-04 15:39:30","eth-updown-5m-1783168800","110557279996910645944599789976324922124036559798887566339475962270412192633132"
"3","15:40-15:45","ETH","Up","Bid","21","0.29","32.23","9.3467","3044.21","1190.4097","2026-07-04T15:39:30.7918795+03:00","2026-07-04 15:39:30","eth-updown-5m-1783168800","110557279996910645944599789976324922124036559798887566339475962270412192633132"
"3","15:40-15:45","ETH","Up","Bid","22","0.28","80","22.4","3124.21","1212.8097","2026-07-04T15:39:30.7918795+03:00","2026-07-04 15:39:30","eth-updown-5m-1783168800","110557279996910645944599789976324922124036559798887566339475962270412192633132"
"3","15:40-15:45","ETH","Up","Bid","23","0.27","120","32.4","3244.21","1245.2097","2026-07-04T15:39:30.7918795+03:00","2026-07-04 15:39:30","eth-updown-5m-1783168800","110557279996910645944599789976324922124036559798887566339475962270412192633132"
"3","15:40-15:45","ETH","Up","Bid","24","0.26","125","32.5","3369.21","1277.7097","2026-07-04T15:39:30.7918795+03:00","2026-07-04 15:39:30","eth-updown-5m-1783168800","110557279996910645944599789976324922124036559798887566339475962270412192633132"
"3","15:40-15:45","ETH","Up","Bid","25","0.25","20","5","3389.21","1282.7097","2026-07-04T15:39:30.7918795+03:00","2026-07-04 15:39:30","eth-updown-5m-1783168800","110557279996910645944599789976324922124036559798887566339475962270412192633132"
"3","15:40-15:45","ETH","Up","Bid","26","0.24","195","46.8","3584.21","1329.5097","2026-07-04T15:39:30.7918795+03:00","2026-07-04 15:39:30","eth-updown-5m-1783168800","110557279996910645944599789976324922124036559798887566339475962270412192633132"
"3","15:40-15:45","ETH","Up","Bid","27","0.23","90","20.7","3674.21","1350.2097","2026-07-04T15:39:30.7918795+03:00","2026-07-04 15:39:30","eth-updown-5m-1783168800","110557279996910645944599789976324922124036559798887566339475962270412192633132"
"3","15:40-15:45","ETH","Up","Bid","28","0.22","35","7.7","3709.21","1357.9097","2026-07-04T15:39:30.7918795+03:00","2026-07-04 15:39:30","eth-updown-5m-1783168800","110557279996910645944599789976324922124036559798887566339475962270412192633132"
"3","15:40-15:45","ETH","Up","Bid","29","0.21","187","39.27","3896.21","1397.1797","2026-07-04T15:39:30.7918795+03:00","2026-07-04 15:39:30","eth-updown-5m-1783168800","110557279996910645944599789976324922124036559798887566339475962270412192633132"
"3","15:40-15:45","ETH","Up","Bid","30","0.2","207","41.4","4103.21","1438.5797","2026-07-04T15:39:30.7918795+03:00","2026-07-04 15:39:30","eth-updown-5m-1783168800","110557279996910645944599789976324922124036559798887566339475962270412192633132"
"3","15:40-15:45","ETH","Up","Bid","31","0.19","37","7.03","4140.21","1445.6097","2026-07-04T15:39:30.7918795+03:00","2026-07-04 15:39:30","eth-updown-5m-1783168800","110557279996910645944599789976324922124036559798887566339475962270412192633132"
"3","15:40-15:45","ETH","Up","Bid","32","0.18","12","2.16","4152.21","1447.7697","2026-07-04T15:39:30.7918795+03:00","2026-07-04 15:39:30","eth-updown-5m-1783168800","110557279996910645944599789976324922124036559798887566339475962270412192633132"
"3","15:40-15:45","ETH","Up","Bid","33","0.17","7","1.19","4159.21","1448.9597","2026-07-04T15:39:30.7918795+03:00","2026-07-04 15:39:30","eth-updown-5m-1783168800","110557279996910645944599789976324922124036559798887566339475962270412192633132"
"3","15:40-15:45","ETH","Up","Bid","34","0.16","35","5.6","4194.21","1454.5597","2026-07-04T15:39:30.7918795+03:00","2026-07-04 15:39:30","eth-updown-5m-1783168800","110557279996910645944599789976324922124036559798887566339475962270412192633132"
"3","15:40-15:45","ETH","Up","Bid","35","0.15","1635","245.25","5829.21","1699.8097","2026-07-04T15:39:30.7918795+03:00","2026-07-04 15:39:30","eth-updown-5m-1783168800","110557279996910645944599789976324922124036559798887566339475962270412192633132"
"3","15:40-15:45","ETH","Up","Bid","36","0.14","20","2.8","5849.21","1702.6097","2026-07-04T15:39:30.7918795+03:00","2026-07-04 15:39:30","eth-updown-5m-1783168800","110557279996910645944599789976324922124036559798887566339475962270412192633132"
"3","15:40-15:45","ETH","Up","Bid","37","0.13","67","8.71","5916.21","1711.3197","2026-07-04T15:39:30.7918795+03:00","2026-07-04 15:39:30","eth-updown-5m-1783168800","110557279996910645944599789976324922124036559798887566339475962270412192633132"
"3","15:40-15:45","ETH","Up","Bid","38","0.12","67","8.04","5983.21","1719.3597","2026-07-04T15:39:30.7918795+03:00","2026-07-04 15:39:30","eth-updown-5m-1783168800","110557279996910645944599789976324922124036559798887566339475962270412192633132"
"3","15:40-15:45","ETH","Up","Bid","39","0.11","22","2.42","6005.21","1721.7797","2026-07-04T15:39:30.7918795+03:00","2026-07-04 15:39:30","eth-updown-5m-1783168800","110557279996910645944599789976324922124036559798887566339475962270412192633132"
"3","15:40-15:45","ETH","Up","Bid","40","0.1","2872","287.2","8877.21","2008.9797","2026-07-04T15:39:30.7918795+03:00","2026-07-04 15:39:30","eth-updown-5m-1783168800","110557279996910645944599789976324922124036559798887566339475962270412192633132"
"3","15:40-15:45","ETH","Up","Bid","41","0.09","632.56","56.9304","9509.77","2065.9101","2026-07-04T15:39:30.7918795+03:00","2026-07-04 15:39:30","eth-updown-5m-1783168800","110557279996910645944599789976324922124036559798887566339475962270412192633132"
"3","15:40-15:45","ETH","Up","Bid","42","0.08","584.5","46.76","10094.27","2112.6701","2026-07-04T15:39:30.7918795+03:00","2026-07-04 15:39:30","eth-updown-5m-1783168800","110557279996910645944599789976324922124036559798887566339475962270412192633132"
"3","15:40-15:45","ETH","Up","Bid","43","0.07","747","52.29","10841.27","2164.9601","2026-07-04T15:39:30.7918795+03:00","2026-07-04 15:39:30","eth-updown-5m-1783168800","110557279996910645944599789976324922124036559798887566339475962270412192633132"
"3","15:40-15:45","ETH","Up","Bid","44","0.06","836.65","50.199","11677.92","2215.1591","2026-07-04T15:39:30.7918795+03:00","2026-07-04 15:39:30","eth-updown-5m-1783168800","110557279996910645944599789976324922124036559798887566339475962270412192633132"
"3","15:40-15:45","ETH","Up","Bid","45","0.05","735","36.75","12412.92","2251.9091","2026-07-04T15:39:30.7918795+03:00","2026-07-04 15:39:30","eth-updown-5m-1783168800","110557279996910645944599789976324922124036559798887566339475962270412192633132"
"3","15:40-15:45","ETH","Up","Bid","46","0.04","1112.5","44.5","13525.42","2296.4091","2026-07-04T15:39:30.7918795+03:00","2026-07-04 15:39:30","eth-updown-5m-1783168800","110557279996910645944599789976324922124036559798887566339475962270412192633132"
"3","15:40-15:45","ETH","Up","Bid","47","0.03","11170","335.1","24695.42","2631.5091","2026-07-04T15:39:30.7918795+03:00","2026-07-04 15:39:30","eth-updown-5m-1783168800","110557279996910645944599789976324922124036559798887566339475962270412192633132"
"3","15:40-15:45","ETH","Up","Bid","48","0.02","1085","21.7","25780.42","2653.2091","2026-07-04T15:39:30.7918795+03:00","2026-07-04 15:39:30","eth-updown-5m-1783168800","110557279996910645944599789976324922124036559798887566339475962270412192633132"
"3","15:40-15:45","ETH","Up","Bid","49","0.01","9431","94.31","35211.42","2747.5191","2026-07-04T15:39:30.7918795+03:00","2026-07-04 15:39:30","eth-updown-5m-1783168800","110557279996910645944599789976324922124036559798887566339475962270412192633132"
"3","15:40-15:45","SOL","Down","Ask","1","0.49","42.35","20.7515","42.35","20.7515","2026-07-04T15:39:31.0594133+03:00","2026-07-04 15:39:30","sol-updown-5m-1783168800","3709976965613227186173728092216027119065349792898088379762435790910648121700"
"3","15:40-15:45","SOL","Down","Ask","2","0.5","185.46","92.73","227.81","113.4815","2026-07-04T15:39:31.0594133+03:00","2026-07-04 15:39:30","sol-updown-5m-1783168800","3709976965613227186173728092216027119065349792898088379762435790910648121700"
"3","15:40-15:45","SOL","Down","Ask","3","0.51","52.84","26.9484","280.65","140.4299","2026-07-04T15:39:31.0594133+03:00","2026-07-04 15:39:30","sol-updown-5m-1783168800","3709976965613227186173728092216027119065349792898088379762435790910648121700"
"3","15:40-15:45","SOL","Down","Ask","4","0.52","20","10.4","300.65","150.8299","2026-07-04T15:39:31.0594133+03:00","2026-07-04 15:39:30","sol-updown-5m-1783168800","3709976965613227186173728092216027119065349792898088379762435790910648121700"
"3","15:40-15:45","SOL","Down","Ask","5","0.53","45","23.85","345.65","174.6799","2026-07-04T15:39:31.0594133+03:00","2026-07-04 15:39:30","sol-updown-5m-1783168800","3709976965613227186173728092216027119065349792898088379762435790910648121700"
"3","15:40-15:45","SOL","Down","Ask","6","0.54","31.52","17.0208","377.17","191.7007","2026-07-04T15:39:31.0594133+03:00","2026-07-04 15:39:30","sol-updown-5m-1783168800","3709976965613227186173728092216027119065349792898088379762435790910648121700"
"3","15:40-15:45","SOL","Down","Ask","7","0.55","137.66","75.713","514.83","267.4137","2026-07-04T15:39:31.0594133+03:00","2026-07-04 15:39:30","sol-updown-5m-1783168800","3709976965613227186173728092216027119065349792898088379762435790910648121700"
"3","15:40-15:45","SOL","Down","Ask","8","0.56","74","41.44","588.83","308.8537","2026-07-04T15:39:31.0594133+03:00","2026-07-04 15:39:30","sol-updown-5m-1783168800","3709976965613227186173728092216027119065349792898088379762435790910648121700"
"3","15:40-15:45","SOL","Down","Ask","9","0.57","123.27","70.2639","712.1","379.1176","2026-07-04T15:39:31.0594133+03:00","2026-07-04 15:39:30","sol-updown-5m-1783168800","3709976965613227186173728092216027119065349792898088379762435790910648121700"
"3","15:40-15:45","SOL","Down","Ask","10","0.58","107.14","62.1412","819.24","441.2588","2026-07-04T15:39:31.0594133+03:00","2026-07-04 15:39:30","sol-updown-5m-1783168800","3709976965613227186173728092216027119065349792898088379762435790910648121700"
"3","15:40-15:45","SOL","Down","Ask","11","0.59","25.63","15.1217","844.87","456.3805","2026-07-04T15:39:31.0594133+03:00","2026-07-04 15:39:30","sol-updown-5m-1783168800","3709976965613227186173728092216027119065349792898088379762435790910648121700"
"3","15:40-15:45","SOL","Down","Ask","12","0.6","27.5","16.5","872.37","472.8805","2026-07-04T15:39:31.0594133+03:00","2026-07-04 15:39:30","sol-updown-5m-1783168800","3709976965613227186173728092216027119065349792898088379762435790910648121700"
"3","15:40-15:45","SOL","Down","Ask","13","0.61","85","51.85","957.37","524.7305","2026-07-04T15:39:31.0594133+03:00","2026-07-04 15:39:30","sol-updown-5m-1783168800","3709976965613227186173728092216027119065349792898088379762435790910648121700"
"3","15:40-15:45","SOL","Down","Ask","14","0.62","5","3.1","962.37","527.8305","2026-07-04T15:39:31.0594133+03:00","2026-07-04 15:39:30","sol-updown-5m-1783168800","3709976965613227186173728092216027119065349792898088379762435790910648121700"
"3","15:40-15:45","SOL","Down","Ask","15","0.63","18.51","11.6613","980.88","539.4918","2026-07-04T15:39:31.0594133+03:00","2026-07-04 15:39:30","sol-updown-5m-1783168800","3709976965613227186173728092216027119065349792898088379762435790910648121700"
"3","15:40-15:45","SOL","Down","Ask","16","0.64","24.44","15.6416","1005.32","555.1334","2026-07-04T15:39:31.0594133+03:00","2026-07-04 15:39:30","sol-updown-5m-1783168800","3709976965613227186173728092216027119065349792898088379762435790910648121700"
"3","15:40-15:45","SOL","Down","Ask","17","0.65","205","133.25","1210.32","688.3834","2026-07-04T15:39:31.0594133+03:00","2026-07-04 15:39:30","sol-updown-5m-1783168800","3709976965613227186173728092216027119065349792898088379762435790910648121700"
"3","15:40-15:45","SOL","Down","Ask","18","0.66","5","3.3","1215.32","691.6834","2026-07-04T15:39:31.0594133+03:00","2026-07-04 15:39:30","sol-updown-5m-1783168800","3709976965613227186173728092216027119065349792898088379762435790910648121700"
"3","15:40-15:45","SOL","Down","Ask","19","0.67","5","3.35","1220.32","695.0334","2026-07-04T15:39:31.0594133+03:00","2026-07-04 15:39:30","sol-updown-5m-1783168800","3709976965613227186173728092216027119065349792898088379762435790910648121700"
"3","15:40-15:45","SOL","Down","Ask","20","0.68","5","3.4","1225.32","698.4334","2026-07-04T15:39:31.0594133+03:00","2026-07-04 15:39:30","sol-updown-5m-1783168800","3709976965613227186173728092216027119065349792898088379762435790910648121700"
"3","15:40-15:45","SOL","Down","Ask","21","0.69","5","3.45","1230.32","701.8834","2026-07-04T15:39:31.0594133+03:00","2026-07-04 15:39:30","sol-updown-5m-1783168800","3709976965613227186173728092216027119065349792898088379762435790910648121700"
"3","15:40-15:45","SOL","Down","Ask","22","0.7","64.36","45.052","1294.68","746.9354","2026-07-04T15:39:31.0594133+03:00","2026-07-04 15:39:30","sol-updown-5m-1783168800","3709976965613227186173728092216027119065349792898088379762435790910648121700"
"3","15:40-15:45","SOL","Down","Ask","23","0.71","5","3.55","1299.68","750.4854","2026-07-04T15:39:31.0594133+03:00","2026-07-04 15:39:30","sol-updown-5m-1783168800","3709976965613227186173728092216027119065349792898088379762435790910648121700"
"3","15:40-15:45","SOL","Down","Ask","24","0.72","15.71","11.3112","1315.39","761.7966","2026-07-04T15:39:31.0594133+03:00","2026-07-04 15:39:30","sol-updown-5m-1783168800","3709976965613227186173728092216027119065349792898088379762435790910648121700"
"3","15:40-15:45","SOL","Down","Ask","25","0.73","5","3.65","1320.39","765.4466","2026-07-04T15:39:31.0594133+03:00","2026-07-04 15:39:30","sol-updown-5m-1783168800","3709976965613227186173728092216027119065349792898088379762435790910648121700"
"3","15:40-15:45","SOL","Down","Ask","26","0.74","10","7.4","1330.39","772.8466","2026-07-04T15:39:31.0594133+03:00","2026-07-04 15:39:30","sol-updown-5m-1783168800","3709976965613227186173728092216027119065349792898088379762435790910648121700"
"3","15:40-15:45","SOL","Down","Ask","27","0.75","15","11.25","1345.39","784.0966","2026-07-04T15:39:31.0594133+03:00","2026-07-04 15:39:30","sol-updown-5m-1783168800","3709976965613227186173728092216027119065349792898088379762435790910648121700"
"3","15:40-15:45","SOL","Down","Ask","28","0.76","30","22.8","1375.39","806.8966","2026-07-04T15:39:31.0594133+03:00","2026-07-04 15:39:30","sol-updown-5m-1783168800","3709976965613227186173728092216027119065349792898088379762435790910648121700"
"3","15:40-15:45","SOL","Down","Ask","29","0.77","30","23.1","1405.39","829.9966","2026-07-04T15:39:31.0594133+03:00","2026-07-04 15:39:30","sol-updown-5m-1783168800","3709976965613227186173728092216027119065349792898088379762435790910648121700"
"3","15:40-15:45","SOL","Down","Ask","30","0.78","15","11.7","1420.39","841.6966","2026-07-04T15:39:31.0594133+03:00","2026-07-04 15:39:30","sol-updown-5m-1783168800","3709976965613227186173728092216027119065349792898088379762435790910648121700"
"3","15:40-15:45","SOL","Down","Ask","31","0.79","17","13.43","1437.39","855.1266","2026-07-04T15:39:31.0594133+03:00","2026-07-04 15:39:30","sol-updown-5m-1783168800","3709976965613227186173728092216027119065349792898088379762435790910648121700"
"3","15:40-15:45","SOL","Down","Ask","32","0.8","100.9","80.72","1538.29","935.8466","2026-07-04T15:39:31.0594133+03:00","2026-07-04 15:39:30","sol-updown-5m-1783168800","3709976965613227186173728092216027119065349792898088379762435790910648121700"
"3","15:40-15:45","SOL","Down","Ask","33","0.81","22","17.82","1560.29","953.6666","2026-07-04T15:39:31.0594133+03:00","2026-07-04 15:39:30","sol-updown-5m-1783168800","3709976965613227186173728092216027119065349792898088379762435790910648121700"
"3","15:40-15:45","SOL","Down","Ask","34","0.82","27","22.14","1587.29","975.8066","2026-07-04T15:39:31.0594133+03:00","2026-07-04 15:39:30","sol-updown-5m-1783168800","3709976965613227186173728092216027119065349792898088379762435790910648121700"
"3","15:40-15:45","SOL","Down","Ask","35","0.83","22","18.26","1609.29","994.0666","2026-07-04T15:39:31.0594133+03:00","2026-07-04 15:39:30","sol-updown-5m-1783168800","3709976965613227186173728092216027119065349792898088379762435790910648121700"
"3","15:40-15:45","SOL","Down","Ask","36","0.84","15","12.6","1624.29","1006.6666","2026-07-04T15:39:31.0594133+03:00","2026-07-04 15:39:30","sol-updown-5m-1783168800","3709976965613227186173728092216027119065349792898088379762435790910648121700"
"3","15:40-15:45","SOL","Down","Ask","37","0.85","94","79.9","1718.29","1086.5666","2026-07-04T15:39:31.0594133+03:00","2026-07-04 15:39:30","sol-updown-5m-1783168800","3709976965613227186173728092216027119065349792898088379762435790910648121700"
"3","15:40-15:45","SOL","Down","Ask","38","0.86","35","30.1","1753.29","1116.6666","2026-07-04T15:39:31.0594133+03:00","2026-07-04 15:39:30","sol-updown-5m-1783168800","3709976965613227186173728092216027119065349792898088379762435790910648121700"
"3","15:40-15:45","SOL","Down","Ask","39","0.87","30","26.1","1783.29","1142.7666","2026-07-04T15:39:31.0594133+03:00","2026-07-04 15:39:30","sol-updown-5m-1783168800","3709976965613227186173728092216027119065349792898088379762435790910648121700"
"3","15:40-15:45","SOL","Down","Ask","40","0.88","57","50.16","1840.29","1192.9266","2026-07-04T15:39:31.0594133+03:00","2026-07-04 15:39:30","sol-updown-5m-1783168800","3709976965613227186173728092216027119065349792898088379762435790910648121700"
"3","15:40-15:45","SOL","Down","Ask","41","0.89","30","26.7","1870.29","1219.6266","2026-07-04T15:39:31.0594133+03:00","2026-07-04 15:39:30","sol-updown-5m-1783168800","3709976965613227186173728092216027119065349792898088379762435790910648121700"
"3","15:40-15:45","SOL","Down","Ask","42","0.9","355.58","320.022","2225.87","1539.6486","2026-07-04T15:39:31.0594133+03:00","2026-07-04 15:39:30","sol-updown-5m-1783168800","3709976965613227186173728092216027119065349792898088379762435790910648121700"
"3","15:40-15:45","SOL","Down","Ask","43","0.91","600","546","2825.87","2085.6486","2026-07-04T15:39:31.0594133+03:00","2026-07-04 15:39:30","sol-updown-5m-1783168800","3709976965613227186173728092216027119065349792898088379762435790910648121700"
"3","15:40-15:45","SOL","Down","Ask","44","0.92","600","552","3425.87","2637.6486","2026-07-04T15:39:31.0594133+03:00","2026-07-04 15:39:30","sol-updown-5m-1783168800","3709976965613227186173728092216027119065349792898088379762435790910648121700"
"3","15:40-15:45","SOL","Down","Ask","45","0.93","600","558","4025.87","3195.6486","2026-07-04T15:39:31.0594133+03:00","2026-07-04 15:39:30","sol-updown-5m-1783168800","3709976965613227186173728092216027119065349792898088379762435790910648121700"
"3","15:40-15:45","SOL","Down","Ask","46","0.94","675","634.5","4700.87","3830.1486","2026-07-04T15:39:31.0594133+03:00","2026-07-04 15:39:30","sol-updown-5m-1783168800","3709976965613227186173728092216027119065349792898088379762435790910648121700"
"3","15:40-15:45","SOL","Down","Ask","47","0.95","965","916.75","5665.87","4746.8986","2026-07-04T15:39:31.0594133+03:00","2026-07-04 15:39:30","sol-updown-5m-1783168800","3709976965613227186173728092216027119065349792898088379762435790910648121700"
"3","15:40-15:45","SOL","Down","Ask","48","0.96","675","648","6340.87","5394.8986","2026-07-04T15:39:31.0594133+03:00","2026-07-04 15:39:30","sol-updown-5m-1783168800","3709976965613227186173728092216027119065349792898088379762435790910648121700"
"3","15:40-15:45","SOL","Down","Ask","49","0.97","6250","6062.5","12590.87","11457.3986","2026-07-04T15:39:31.0594133+03:00","2026-07-04 15:39:30","sol-updown-5m-1783168800","3709976965613227186173728092216027119065349792898088379762435790910648121700"
"3","15:40-15:45","SOL","Down","Ask","50","0.98","1180","1156.4","13770.87","12613.7986","2026-07-04T15:39:31.0594133+03:00","2026-07-04 15:39:30","sol-updown-5m-1783168800","3709976965613227186173728092216027119065349792898088379762435790910648121700"
"3","15:40-15:45","SOL","Down","Ask","51","0.99","10571","10465.29","24341.87","23079.0886","2026-07-04T15:39:31.0594133+03:00","2026-07-04 15:39:30","sol-updown-5m-1783168800","3709976965613227186173728092216027119065349792898088379762435790910648121700"
"3","15:40-15:45","SOL","Down","Bid","1","0.46","81.52","37.4992","81.52","37.4992","2026-07-04T15:39:31.0594133+03:00","2026-07-04 15:39:30","sol-updown-5m-1783168800","3709976965613227186173728092216027119065349792898088379762435790910648121700"
"3","15:40-15:45","SOL","Down","Bid","2","0.45","192.66","86.697","274.18","124.1962","2026-07-04T15:39:31.0594133+03:00","2026-07-04 15:39:30","sol-updown-5m-1783168800","3709976965613227186173728092216027119065349792898088379762435790910648121700"
"3","15:40-15:45","SOL","Down","Bid","3","0.44","144","63.36","418.18","187.5562","2026-07-04T15:39:31.0594133+03:00","2026-07-04 15:39:30","sol-updown-5m-1783168800","3709976965613227186173728092216027119065349792898088379762435790910648121700"
"3","15:40-15:45","SOL","Down","Bid","4","0.43","123.27","53.0061","541.45","240.5623","2026-07-04T15:39:31.0594133+03:00","2026-07-04 15:39:30","sol-updown-5m-1783168800","3709976965613227186173728092216027119065349792898088379762435790910648121700"
"3","15:40-15:45","SOL","Down","Bid","5","0.42","107.14","44.9988","648.59","285.5611","2026-07-04T15:39:31.0594133+03:00","2026-07-04 15:39:30","sol-updown-5m-1783168800","3709976965613227186173728092216027119065349792898088379762435790910648121700"
"3","15:40-15:45","SOL","Down","Bid","6","0.41","40.63","16.6583","689.22","302.2194","2026-07-04T15:39:31.0594133+03:00","2026-07-04 15:39:30","sol-updown-5m-1783168800","3709976965613227186173728092216027119065349792898088379762435790910648121700"
"3","15:40-15:45","SOL","Down","Bid","7","0.4","42.5","17","731.72","319.2194","2026-07-04T15:39:31.0594133+03:00","2026-07-04 15:39:30","sol-updown-5m-1783168800","3709976965613227186173728092216027119065349792898088379762435790910648121700"
"3","15:40-15:45","SOL","Down","Bid","8","0.39","85","33.15","816.72","352.3694","2026-07-04T15:39:31.0594133+03:00","2026-07-04 15:39:30","sol-updown-5m-1783168800","3709976965613227186173728092216027119065349792898088379762435790910648121700"
"3","15:40-15:45","SOL","Down","Bid","9","0.38","5","1.9","821.72","354.2694","2026-07-04T15:39:31.0594133+03:00","2026-07-04 15:39:30","sol-updown-5m-1783168800","3709976965613227186173728092216027119065349792898088379762435790910648121700"
"3","15:40-15:45","SOL","Down","Bid","10","0.37","18.51","6.8487","840.23","361.1181","2026-07-04T15:39:31.0594133+03:00","2026-07-04 15:39:30","sol-updown-5m-1783168800","3709976965613227186173728092216027119065349792898088379762435790910648121700"
"3","15:40-15:45","SOL","Down","Bid","11","0.36","24.44","8.7984","864.67","369.9165","2026-07-04T15:39:31.0594133+03:00","2026-07-04 15:39:30","sol-updown-5m-1783168800","3709976965613227186173728092216027119065349792898088379762435790910648121700"
"3","15:40-15:45","SOL","Down","Bid","12","0.35","205","71.75","1069.67","441.6665","2026-07-04T15:39:31.0594133+03:00","2026-07-04 15:39:30","sol-updown-5m-1783168800","3709976965613227186173728092216027119065349792898088379762435790910648121700"
"3","15:40-15:45","SOL","Down","Bid","13","0.34","5","1.7","1074.67","443.3665","2026-07-04T15:39:31.0594133+03:00","2026-07-04 15:39:30","sol-updown-5m-1783168800","3709976965613227186173728092216027119065349792898088379762435790910648121700"
"3","15:40-15:45","SOL","Down","Bid","14","0.33","5","1.65","1079.67","445.0165","2026-07-04T15:39:31.0594133+03:00","2026-07-04 15:39:30","sol-updown-5m-1783168800","3709976965613227186173728092216027119065349792898088379762435790910648121700"
"3","15:40-15:45","SOL","Down","Bid","15","0.32","5","1.6","1084.67","446.6165","2026-07-04T15:39:31.0594133+03:00","2026-07-04 15:39:30","sol-updown-5m-1783168800","3709976965613227186173728092216027119065349792898088379762435790910648121700"
"3","15:40-15:45","SOL","Down","Bid","16","0.31","5","1.55","1089.67","448.1665","2026-07-04T15:39:31.0594133+03:00","2026-07-04 15:39:30","sol-updown-5m-1783168800","3709976965613227186173728092216027119065349792898088379762435790910648121700"
"3","15:40-15:45","SOL","Down","Bid","17","0.3","64.36","19.308","1154.03","467.4745","2026-07-04T15:39:31.0594133+03:00","2026-07-04 15:39:30","sol-updown-5m-1783168800","3709976965613227186173728092216027119065349792898088379762435790910648121700"
"3","15:40-15:45","SOL","Down","Bid","18","0.29","5","1.45","1159.03","468.9245","2026-07-04T15:39:31.0594133+03:00","2026-07-04 15:39:30","sol-updown-5m-1783168800","3709976965613227186173728092216027119065349792898088379762435790910648121700"
"3","15:40-15:45","SOL","Down","Bid","19","0.28","15.71","4.3988","1174.74","473.3233","2026-07-04T15:39:31.0594133+03:00","2026-07-04 15:39:30","sol-updown-5m-1783168800","3709976965613227186173728092216027119065349792898088379762435790910648121700"
"3","15:40-15:45","SOL","Down","Bid","20","0.27","5","1.35","1179.74","474.6733","2026-07-04T15:39:31.0594133+03:00","2026-07-04 15:39:30","sol-updown-5m-1783168800","3709976965613227186173728092216027119065349792898088379762435790910648121700"
"3","15:40-15:45","SOL","Down","Bid","21","0.26","10","2.6","1189.74","477.2733","2026-07-04T15:39:31.0594133+03:00","2026-07-04 15:39:30","sol-updown-5m-1783168800","3709976965613227186173728092216027119065349792898088379762435790910648121700"
"3","15:40-15:45","SOL","Down","Bid","22","0.25","15","3.75","1204.74","481.0233","2026-07-04T15:39:31.0594133+03:00","2026-07-04 15:39:30","sol-updown-5m-1783168800","3709976965613227186173728092216027119065349792898088379762435790910648121700"
"3","15:40-15:45","SOL","Down","Bid","23","0.24","30","7.2","1234.74","488.2233","2026-07-04T15:39:31.0594133+03:00","2026-07-04 15:39:30","sol-updown-5m-1783168800","3709976965613227186173728092216027119065349792898088379762435790910648121700"
"3","15:40-15:45","SOL","Down","Bid","24","0.23","30","6.9","1264.74","495.1233","2026-07-04T15:39:31.0594133+03:00","2026-07-04 15:39:30","sol-updown-5m-1783168800","3709976965613227186173728092216027119065349792898088379762435790910648121700"
"3","15:40-15:45","SOL","Down","Bid","25","0.22","15","3.3","1279.74","498.4233","2026-07-04T15:39:31.0594133+03:00","2026-07-04 15:39:30","sol-updown-5m-1783168800","3709976965613227186173728092216027119065349792898088379762435790910648121700"
"3","15:40-15:45","SOL","Down","Bid","26","0.21","17","3.57","1296.74","501.9933","2026-07-04T15:39:31.0594133+03:00","2026-07-04 15:39:30","sol-updown-5m-1783168800","3709976965613227186173728092216027119065349792898088379762435790910648121700"
"3","15:40-15:45","SOL","Down","Bid","27","0.2","100.9","20.18","1397.64","522.1733","2026-07-04T15:39:31.0594133+03:00","2026-07-04 15:39:30","sol-updown-5m-1783168800","3709976965613227186173728092216027119065349792898088379762435790910648121700"
"3","15:40-15:45","SOL","Down","Bid","28","0.19","22","4.18","1419.64","526.3533","2026-07-04T15:39:31.0594133+03:00","2026-07-04 15:39:30","sol-updown-5m-1783168800","3709976965613227186173728092216027119065349792898088379762435790910648121700"
"3","15:40-15:45","SOL","Down","Bid","29","0.18","27","4.86","1446.64","531.2133","2026-07-04T15:39:31.0594133+03:00","2026-07-04 15:39:30","sol-updown-5m-1783168800","3709976965613227186173728092216027119065349792898088379762435790910648121700"
"3","15:40-15:45","SOL","Down","Bid","30","0.17","22","3.74","1468.64","534.9533","2026-07-04T15:39:31.0594133+03:00","2026-07-04 15:39:30","sol-updown-5m-1783168800","3709976965613227186173728092216027119065349792898088379762435790910648121700"
"3","15:40-15:45","SOL","Down","Bid","31","0.16","15","2.4","1483.64","537.3533","2026-07-04T15:39:31.0594133+03:00","2026-07-04 15:39:30","sol-updown-5m-1783168800","3709976965613227186173728092216027119065349792898088379762435790910648121700"
"3","15:40-15:45","SOL","Down","Bid","32","0.15","94","14.1","1577.64","551.4533","2026-07-04T15:39:31.0594133+03:00","2026-07-04 15:39:30","sol-updown-5m-1783168800","3709976965613227186173728092216027119065349792898088379762435790910648121700"
"3","15:40-15:45","SOL","Down","Bid","33","0.14","35","4.9","1612.64","556.3533","2026-07-04T15:39:31.0594133+03:00","2026-07-04 15:39:30","sol-updown-5m-1783168800","3709976965613227186173728092216027119065349792898088379762435790910648121700"
"3","15:40-15:45","SOL","Down","Bid","34","0.13","30","3.9","1642.64","560.2533","2026-07-04T15:39:31.0594133+03:00","2026-07-04 15:39:30","sol-updown-5m-1783168800","3709976965613227186173728092216027119065349792898088379762435790910648121700"
"3","15:40-15:45","SOL","Down","Bid","35","0.12","57","6.84","1699.64","567.0933","2026-07-04T15:39:31.0594133+03:00","2026-07-04 15:39:30","sol-updown-5m-1783168800","3709976965613227186173728092216027119065349792898088379762435790910648121700"
"3","15:40-15:45","SOL","Down","Bid","36","0.11","30","3.3","1729.64","570.3933","2026-07-04T15:39:31.0594133+03:00","2026-07-04 15:39:30","sol-updown-5m-1783168800","3709976965613227186173728092216027119065349792898088379762435790910648121700"
"3","15:40-15:45","SOL","Down","Bid","37","0.1","355.58","35.558","2085.22","605.9513","2026-07-04T15:39:31.0594133+03:00","2026-07-04 15:39:30","sol-updown-5m-1783168800","3709976965613227186173728092216027119065349792898088379762435790910648121700"
"3","15:40-15:45","SOL","Down","Bid","38","0.09","600","54","2685.22","659.9513","2026-07-04T15:39:31.0594133+03:00","2026-07-04 15:39:30","sol-updown-5m-1783168800","3709976965613227186173728092216027119065349792898088379762435790910648121700"
"3","15:40-15:45","SOL","Down","Bid","39","0.08","600","48","3285.22","707.9513","2026-07-04T15:39:31.0594133+03:00","2026-07-04 15:39:30","sol-updown-5m-1783168800","3709976965613227186173728092216027119065349792898088379762435790910648121700"
"3","15:40-15:45","SOL","Down","Bid","40","0.07","600","42","3885.22","749.9513","2026-07-04T15:39:31.0594133+03:00","2026-07-04 15:39:30","sol-updown-5m-1783168800","3709976965613227186173728092216027119065349792898088379762435790910648121700"
"3","15:40-15:45","SOL","Down","Bid","41","0.06","675","40.5","4560.22","790.4513","2026-07-04T15:39:31.0594133+03:00","2026-07-04 15:39:30","sol-updown-5m-1783168800","3709976965613227186173728092216027119065349792898088379762435790910648121700"
"3","15:40-15:45","SOL","Down","Bid","42","0.05","965","48.25","5525.22","838.7013","2026-07-04T15:39:31.0594133+03:00","2026-07-04 15:39:30","sol-updown-5m-1783168800","3709976965613227186173728092216027119065349792898088379762435790910648121700"
"3","15:40-15:45","SOL","Down","Bid","43","0.04","675","27","6200.22","865.7013","2026-07-04T15:39:31.0594133+03:00","2026-07-04 15:39:30","sol-updown-5m-1783168800","3709976965613227186173728092216027119065349792898088379762435790910648121700"
"3","15:40-15:45","SOL","Down","Bid","44","0.03","6250","187.5","12450.22","1053.2013","2026-07-04T15:39:31.0594133+03:00","2026-07-04 15:39:30","sol-updown-5m-1783168800","3709976965613227186173728092216027119065349792898088379762435790910648121700"
"3","15:40-15:45","SOL","Down","Bid","45","0.02","1180","23.6","13630.22","1076.8013","2026-07-04T15:39:31.0594133+03:00","2026-07-04 15:39:30","sol-updown-5m-1783168800","3709976965613227186173728092216027119065349792898088379762435790910648121700"
"3","15:40-15:45","SOL","Down","Bid","46","0.01","10571","105.71","24201.22","1182.5113","2026-07-04T15:39:31.0594133+03:00","2026-07-04 15:39:30","sol-updown-5m-1783168800","3709976965613227186173728092216027119065349792898088379762435790910648121700"
"3","15:40-15:45","SOL","Up","Ask","1","0.54","81.52","44.0208","81.52","44.0208","2026-07-04T15:39:31.2939131+03:00","2026-07-04 15:39:30","sol-updown-5m-1783168800","21697695435912345031389132693127798328789678710092174753403777891666089465128"
"3","15:40-15:45","SOL","Up","Ask","2","0.55","192.66","105.963","274.18","149.9838","2026-07-04T15:39:31.2939131+03:00","2026-07-04 15:39:30","sol-updown-5m-1783168800","21697695435912345031389132693127798328789678710092174753403777891666089465128"
"3","15:40-15:45","SOL","Up","Ask","3","0.56","144","80.64","418.18","230.6238","2026-07-04T15:39:31.2939131+03:00","2026-07-04 15:39:30","sol-updown-5m-1783168800","21697695435912345031389132693127798328789678710092174753403777891666089465128"
"3","15:40-15:45","SOL","Up","Ask","4","0.57","123.27","70.2639","541.45","300.8877","2026-07-04T15:39:31.2939131+03:00","2026-07-04 15:39:30","sol-updown-5m-1783168800","21697695435912345031389132693127798328789678710092174753403777891666089465128"
"3","15:40-15:45","SOL","Up","Ask","5","0.58","107.14","62.1412","648.59","363.0289","2026-07-04T15:39:31.2939131+03:00","2026-07-04 15:39:30","sol-updown-5m-1783168800","21697695435912345031389132693127798328789678710092174753403777891666089465128"
"3","15:40-15:45","SOL","Up","Ask","6","0.59","40.63","23.9717","689.22","387.0006","2026-07-04T15:39:31.2939131+03:00","2026-07-04 15:39:30","sol-updown-5m-1783168800","21697695435912345031389132693127798328789678710092174753403777891666089465128"
"3","15:40-15:45","SOL","Up","Ask","7","0.6","42.5","25.5","731.72","412.5006","2026-07-04T15:39:31.2939131+03:00","2026-07-04 15:39:30","sol-updown-5m-1783168800","21697695435912345031389132693127798328789678710092174753403777891666089465128"
"3","15:40-15:45","SOL","Up","Ask","8","0.61","85","51.85","816.72","464.3506","2026-07-04T15:39:31.2939131+03:00","2026-07-04 15:39:30","sol-updown-5m-1783168800","21697695435912345031389132693127798328789678710092174753403777891666089465128"
"3","15:40-15:45","SOL","Up","Ask","9","0.62","5","3.1","821.72","467.4506","2026-07-04T15:39:31.2939131+03:00","2026-07-04 15:39:30","sol-updown-5m-1783168800","21697695435912345031389132693127798328789678710092174753403777891666089465128"
"3","15:40-15:45","SOL","Up","Ask","10","0.63","18.51","11.6613","840.23","479.1119","2026-07-04T15:39:31.2939131+03:00","2026-07-04 15:39:30","sol-updown-5m-1783168800","21697695435912345031389132693127798328789678710092174753403777891666089465128"
"3","15:40-15:45","SOL","Up","Ask","11","0.64","24.44","15.6416","864.67","494.7535","2026-07-04T15:39:31.2939131+03:00","2026-07-04 15:39:30","sol-updown-5m-1783168800","21697695435912345031389132693127798328789678710092174753403777891666089465128"
"3","15:40-15:45","SOL","Up","Ask","12","0.65","205","133.25","1069.67","628.0035","2026-07-04T15:39:31.2939131+03:00","2026-07-04 15:39:30","sol-updown-5m-1783168800","21697695435912345031389132693127798328789678710092174753403777891666089465128"
"3","15:40-15:45","SOL","Up","Ask","13","0.66","5","3.3","1074.67","631.3035","2026-07-04T15:39:31.2939131+03:00","2026-07-04 15:39:30","sol-updown-5m-1783168800","21697695435912345031389132693127798328789678710092174753403777891666089465128"
"3","15:40-15:45","SOL","Up","Ask","14","0.67","5","3.35","1079.67","634.6535","2026-07-04T15:39:31.2939131+03:00","2026-07-04 15:39:30","sol-updown-5m-1783168800","21697695435912345031389132693127798328789678710092174753403777891666089465128"
"3","15:40-15:45","SOL","Up","Ask","15","0.68","5","3.4","1084.67","638.0535","2026-07-04T15:39:31.2939131+03:00","2026-07-04 15:39:30","sol-updown-5m-1783168800","21697695435912345031389132693127798328789678710092174753403777891666089465128"
"3","15:40-15:45","SOL","Up","Ask","16","0.69","5","3.45","1089.67","641.5035","2026-07-04T15:39:31.2939131+03:00","2026-07-04 15:39:30","sol-updown-5m-1783168800","21697695435912345031389132693127798328789678710092174753403777891666089465128"
"3","15:40-15:45","SOL","Up","Ask","17","0.7","64.36","45.052","1154.03","686.5555","2026-07-04T15:39:31.2939131+03:00","2026-07-04 15:39:30","sol-updown-5m-1783168800","21697695435912345031389132693127798328789678710092174753403777891666089465128"
"3","15:40-15:45","SOL","Up","Ask","18","0.71","5","3.55","1159.03","690.1055","2026-07-04T15:39:31.2939131+03:00","2026-07-04 15:39:30","sol-updown-5m-1783168800","21697695435912345031389132693127798328789678710092174753403777891666089465128"
"3","15:40-15:45","SOL","Up","Ask","19","0.72","15.71","11.3112","1174.74","701.4167","2026-07-04T15:39:31.2939131+03:00","2026-07-04 15:39:30","sol-updown-5m-1783168800","21697695435912345031389132693127798328789678710092174753403777891666089465128"
"3","15:40-15:45","SOL","Up","Ask","20","0.73","5","3.65","1179.74","705.0667","2026-07-04T15:39:31.2939131+03:00","2026-07-04 15:39:30","sol-updown-5m-1783168800","21697695435912345031389132693127798328789678710092174753403777891666089465128"
"3","15:40-15:45","SOL","Up","Ask","21","0.74","10","7.4","1189.74","712.4667","2026-07-04T15:39:31.2939131+03:00","2026-07-04 15:39:30","sol-updown-5m-1783168800","21697695435912345031389132693127798328789678710092174753403777891666089465128"
"3","15:40-15:45","SOL","Up","Ask","22","0.75","15","11.25","1204.74","723.7167","2026-07-04T15:39:31.2939131+03:00","2026-07-04 15:39:30","sol-updown-5m-1783168800","21697695435912345031389132693127798328789678710092174753403777891666089465128"
"3","15:40-15:45","SOL","Up","Ask","23","0.76","30","22.8","1234.74","746.5167","2026-07-04T15:39:31.2939131+03:00","2026-07-04 15:39:30","sol-updown-5m-1783168800","21697695435912345031389132693127798328789678710092174753403777891666089465128"
"3","15:40-15:45","SOL","Up","Ask","24","0.77","30","23.1","1264.74","769.6167","2026-07-04T15:39:31.2939131+03:00","2026-07-04 15:39:30","sol-updown-5m-1783168800","21697695435912345031389132693127798328789678710092174753403777891666089465128"
"3","15:40-15:45","SOL","Up","Ask","25","0.78","15","11.7","1279.74","781.3167","2026-07-04T15:39:31.2939131+03:00","2026-07-04 15:39:30","sol-updown-5m-1783168800","21697695435912345031389132693127798328789678710092174753403777891666089465128"
"3","15:40-15:45","SOL","Up","Ask","26","0.79","17","13.43","1296.74","794.7467","2026-07-04T15:39:31.2939131+03:00","2026-07-04 15:39:30","sol-updown-5m-1783168800","21697695435912345031389132693127798328789678710092174753403777891666089465128"
"3","15:40-15:45","SOL","Up","Ask","27","0.8","100.9","80.72","1397.64","875.4667","2026-07-04T15:39:31.2939131+03:00","2026-07-04 15:39:30","sol-updown-5m-1783168800","21697695435912345031389132693127798328789678710092174753403777891666089465128"
"3","15:40-15:45","SOL","Up","Ask","28","0.81","22","17.82","1419.64","893.2867","2026-07-04T15:39:31.2939131+03:00","2026-07-04 15:39:30","sol-updown-5m-1783168800","21697695435912345031389132693127798328789678710092174753403777891666089465128"
"3","15:40-15:45","SOL","Up","Ask","29","0.82","27","22.14","1446.64","915.4267","2026-07-04T15:39:31.2939131+03:00","2026-07-04 15:39:30","sol-updown-5m-1783168800","21697695435912345031389132693127798328789678710092174753403777891666089465128"
"3","15:40-15:45","SOL","Up","Ask","30","0.83","22","18.26","1468.64","933.6867","2026-07-04T15:39:31.2939131+03:00","2026-07-04 15:39:30","sol-updown-5m-1783168800","21697695435912345031389132693127798328789678710092174753403777891666089465128"
"3","15:40-15:45","SOL","Up","Ask","31","0.84","15","12.6","1483.64","946.2867","2026-07-04T15:39:31.2939131+03:00","2026-07-04 15:39:30","sol-updown-5m-1783168800","21697695435912345031389132693127798328789678710092174753403777891666089465128"
"3","15:40-15:45","SOL","Up","Ask","32","0.85","94","79.9","1577.64","1026.1867","2026-07-04T15:39:31.2939131+03:00","2026-07-04 15:39:30","sol-updown-5m-1783168800","21697695435912345031389132693127798328789678710092174753403777891666089465128"
"3","15:40-15:45","SOL","Up","Ask","33","0.86","35","30.1","1612.64","1056.2867","2026-07-04T15:39:31.2939131+03:00","2026-07-04 15:39:30","sol-updown-5m-1783168800","21697695435912345031389132693127798328789678710092174753403777891666089465128"
"3","15:40-15:45","SOL","Up","Ask","34","0.87","30","26.1","1642.64","1082.3867","2026-07-04T15:39:31.2939131+03:00","2026-07-04 15:39:30","sol-updown-5m-1783168800","21697695435912345031389132693127798328789678710092174753403777891666089465128"
"3","15:40-15:45","SOL","Up","Ask","35","0.88","57","50.16","1699.64","1132.5467","2026-07-04T15:39:31.2939131+03:00","2026-07-04 15:39:30","sol-updown-5m-1783168800","21697695435912345031389132693127798328789678710092174753403777891666089465128"
"3","15:40-15:45","SOL","Up","Ask","36","0.89","30","26.7","1729.64","1159.2467","2026-07-04T15:39:31.2939131+03:00","2026-07-04 15:39:30","sol-updown-5m-1783168800","21697695435912345031389132693127798328789678710092174753403777891666089465128"
"3","15:40-15:45","SOL","Up","Ask","37","0.9","355.58","320.022","2085.22","1479.2687","2026-07-04T15:39:31.2939131+03:00","2026-07-04 15:39:30","sol-updown-5m-1783168800","21697695435912345031389132693127798328789678710092174753403777891666089465128"
"3","15:40-15:45","SOL","Up","Ask","38","0.91","600","546","2685.22","2025.2687","2026-07-04T15:39:31.2939131+03:00","2026-07-04 15:39:30","sol-updown-5m-1783168800","21697695435912345031389132693127798328789678710092174753403777891666089465128"
"3","15:40-15:45","SOL","Up","Ask","39","0.92","600","552","3285.22","2577.2687","2026-07-04T15:39:31.2939131+03:00","2026-07-04 15:39:30","sol-updown-5m-1783168800","21697695435912345031389132693127798328789678710092174753403777891666089465128"
"3","15:40-15:45","SOL","Up","Ask","40","0.93","600","558","3885.22","3135.2687","2026-07-04T15:39:31.2939131+03:00","2026-07-04 15:39:30","sol-updown-5m-1783168800","21697695435912345031389132693127798328789678710092174753403777891666089465128"
"3","15:40-15:45","SOL","Up","Ask","41","0.94","675","634.5","4560.22","3769.7687","2026-07-04T15:39:31.2939131+03:00","2026-07-04 15:39:30","sol-updown-5m-1783168800","21697695435912345031389132693127798328789678710092174753403777891666089465128"
"3","15:40-15:45","SOL","Up","Ask","42","0.95","965","916.75","5525.22","4686.5187","2026-07-04T15:39:31.2939131+03:00","2026-07-04 15:39:30","sol-updown-5m-1783168800","21697695435912345031389132693127798328789678710092174753403777891666089465128"
"3","15:40-15:45","SOL","Up","Ask","43","0.96","675","648","6200.22","5334.5187","2026-07-04T15:39:31.2939131+03:00","2026-07-04 15:39:30","sol-updown-5m-1783168800","21697695435912345031389132693127798328789678710092174753403777891666089465128"
"3","15:40-15:45","SOL","Up","Ask","44","0.97","6250","6062.5","12450.22","11397.0187","2026-07-04T15:39:31.2939131+03:00","2026-07-04 15:39:30","sol-updown-5m-1783168800","21697695435912345031389132693127798328789678710092174753403777891666089465128"
"3","15:40-15:45","SOL","Up","Ask","45","0.98","1180","1156.4","13630.22","12553.4187","2026-07-04T15:39:31.2939131+03:00","2026-07-04 15:39:30","sol-updown-5m-1783168800","21697695435912345031389132693127798328789678710092174753403777891666089465128"
"3","15:40-15:45","SOL","Up","Ask","46","0.99","10571","10465.29","24201.22","23018.7087","2026-07-04T15:39:31.2939131+03:00","2026-07-04 15:39:30","sol-updown-5m-1783168800","21697695435912345031389132693127798328789678710092174753403777891666089465128"
"3","15:40-15:45","SOL","Up","Bid","1","0.51","42.35","21.5985","42.35","21.5985","2026-07-04T15:39:31.2939131+03:00","2026-07-04 15:39:30","sol-updown-5m-1783168800","21697695435912345031389132693127798328789678710092174753403777891666089465128"
"3","15:40-15:45","SOL","Up","Bid","2","0.5","185.46","92.73","227.81","114.3285","2026-07-04T15:39:31.2939131+03:00","2026-07-04 15:39:30","sol-updown-5m-1783168800","21697695435912345031389132693127798328789678710092174753403777891666089465128"
"3","15:40-15:45","SOL","Up","Bid","3","0.49","52.84","25.8916","280.65","140.2201","2026-07-04T15:39:31.2939131+03:00","2026-07-04 15:39:30","sol-updown-5m-1783168800","21697695435912345031389132693127798328789678710092174753403777891666089465128"
"3","15:40-15:45","SOL","Up","Bid","4","0.48","20","9.6","300.65","149.8201","2026-07-04T15:39:31.2939131+03:00","2026-07-04 15:39:30","sol-updown-5m-1783168800","21697695435912345031389132693127798328789678710092174753403777891666089465128"
"3","15:40-15:45","SOL","Up","Bid","5","0.47","45","21.15","345.65","170.9701","2026-07-04T15:39:31.2939131+03:00","2026-07-04 15:39:30","sol-updown-5m-1783168800","21697695435912345031389132693127798328789678710092174753403777891666089465128"
"3","15:40-15:45","SOL","Up","Bid","6","0.46","31.52","14.4992","377.17","185.4693","2026-07-04T15:39:31.2939131+03:00","2026-07-04 15:39:30","sol-updown-5m-1783168800","21697695435912345031389132693127798328789678710092174753403777891666089465128"
"3","15:40-15:45","SOL","Up","Bid","7","0.45","137.66","61.947","514.83","247.4163","2026-07-04T15:39:31.2939131+03:00","2026-07-04 15:39:30","sol-updown-5m-1783168800","21697695435912345031389132693127798328789678710092174753403777891666089465128"
"3","15:40-15:45","SOL","Up","Bid","8","0.44","74","32.56","588.83","279.9763","2026-07-04T15:39:31.2939131+03:00","2026-07-04 15:39:30","sol-updown-5m-1783168800","21697695435912345031389132693127798328789678710092174753403777891666089465128"
"3","15:40-15:45","SOL","Up","Bid","9","0.43","123.27","53.0061","712.1","332.9824","2026-07-04T15:39:31.2939131+03:00","2026-07-04 15:39:30","sol-updown-5m-1783168800","21697695435912345031389132693127798328789678710092174753403777891666089465128"
"3","15:40-15:45","SOL","Up","Bid","10","0.42","107.14","44.9988","819.24","377.9812","2026-07-04T15:39:31.2939131+03:00","2026-07-04 15:39:30","sol-updown-5m-1783168800","21697695435912345031389132693127798328789678710092174753403777891666089465128"
"3","15:40-15:45","SOL","Up","Bid","11","0.41","25.63","10.5083","844.87","388.4895","2026-07-04T15:39:31.2939131+03:00","2026-07-04 15:39:30","sol-updown-5m-1783168800","21697695435912345031389132693127798328789678710092174753403777891666089465128"
"3","15:40-15:45","SOL","Up","Bid","12","0.4","27.5","11","872.37","399.4895","2026-07-04T15:39:31.2939131+03:00","2026-07-04 15:39:30","sol-updown-5m-1783168800","21697695435912345031389132693127798328789678710092174753403777891666089465128"
"3","15:40-15:45","SOL","Up","Bid","13","0.39","85","33.15","957.37","432.6395","2026-07-04T15:39:31.2939131+03:00","2026-07-04 15:39:30","sol-updown-5m-1783168800","21697695435912345031389132693127798328789678710092174753403777891666089465128"
"3","15:40-15:45","SOL","Up","Bid","14","0.38","5","1.9","962.37","434.5395","2026-07-04T15:39:31.2939131+03:00","2026-07-04 15:39:30","sol-updown-5m-1783168800","21697695435912345031389132693127798328789678710092174753403777891666089465128"
"3","15:40-15:45","SOL","Up","Bid","15","0.37","18.51","6.8487","980.88","441.3882","2026-07-04T15:39:31.2939131+03:00","2026-07-04 15:39:30","sol-updown-5m-1783168800","21697695435912345031389132693127798328789678710092174753403777891666089465128"
"3","15:40-15:45","SOL","Up","Bid","16","0.36","24.44","8.7984","1005.32","450.1866","2026-07-04T15:39:31.2939131+03:00","2026-07-04 15:39:30","sol-updown-5m-1783168800","21697695435912345031389132693127798328789678710092174753403777891666089465128"
"3","15:40-15:45","SOL","Up","Bid","17","0.35","205","71.75","1210.32","521.9366","2026-07-04T15:39:31.2939131+03:00","2026-07-04 15:39:30","sol-updown-5m-1783168800","21697695435912345031389132693127798328789678710092174753403777891666089465128"
"3","15:40-15:45","SOL","Up","Bid","18","0.34","5","1.7","1215.32","523.6366","2026-07-04T15:39:31.2939131+03:00","2026-07-04 15:39:30","sol-updown-5m-1783168800","21697695435912345031389132693127798328789678710092174753403777891666089465128"
"3","15:40-15:45","SOL","Up","Bid","19","0.33","5","1.65","1220.32","525.2866","2026-07-04T15:39:31.2939131+03:00","2026-07-04 15:39:30","sol-updown-5m-1783168800","21697695435912345031389132693127798328789678710092174753403777891666089465128"
"3","15:40-15:45","SOL","Up","Bid","20","0.32","5","1.6","1225.32","526.8866","2026-07-04T15:39:31.2939131+03:00","2026-07-04 15:39:30","sol-updown-5m-1783168800","21697695435912345031389132693127798328789678710092174753403777891666089465128"
"3","15:40-15:45","SOL","Up","Bid","21","0.31","5","1.55","1230.32","528.4366","2026-07-04T15:39:31.2939131+03:00","2026-07-04 15:39:30","sol-updown-5m-1783168800","21697695435912345031389132693127798328789678710092174753403777891666089465128"
"3","15:40-15:45","SOL","Up","Bid","22","0.3","64.36","19.308","1294.68","547.7446","2026-07-04T15:39:31.2939131+03:00","2026-07-04 15:39:30","sol-updown-5m-1783168800","21697695435912345031389132693127798328789678710092174753403777891666089465128"
"3","15:40-15:45","SOL","Up","Bid","23","0.29","5","1.45","1299.68","549.1946","2026-07-04T15:39:31.2939131+03:00","2026-07-04 15:39:30","sol-updown-5m-1783168800","21697695435912345031389132693127798328789678710092174753403777891666089465128"
"3","15:40-15:45","SOL","Up","Bid","24","0.28","15.71","4.3988","1315.39","553.5934","2026-07-04T15:39:31.2939131+03:00","2026-07-04 15:39:30","sol-updown-5m-1783168800","21697695435912345031389132693127798328789678710092174753403777891666089465128"
"3","15:40-15:45","SOL","Up","Bid","25","0.27","5","1.35","1320.39","554.9434","2026-07-04T15:39:31.2939131+03:00","2026-07-04 15:39:30","sol-updown-5m-1783168800","21697695435912345031389132693127798328789678710092174753403777891666089465128"
"3","15:40-15:45","SOL","Up","Bid","26","0.26","10","2.6","1330.39","557.5434","2026-07-04T15:39:31.2939131+03:00","2026-07-04 15:39:30","sol-updown-5m-1783168800","21697695435912345031389132693127798328789678710092174753403777891666089465128"
"3","15:40-15:45","SOL","Up","Bid","27","0.25","15","3.75","1345.39","561.2934","2026-07-04T15:39:31.2939131+03:00","2026-07-04 15:39:30","sol-updown-5m-1783168800","21697695435912345031389132693127798328789678710092174753403777891666089465128"
"3","15:40-15:45","SOL","Up","Bid","28","0.24","30","7.2","1375.39","568.4934","2026-07-04T15:39:31.2939131+03:00","2026-07-04 15:39:30","sol-updown-5m-1783168800","21697695435912345031389132693127798328789678710092174753403777891666089465128"
"3","15:40-15:45","SOL","Up","Bid","29","0.23","30","6.9","1405.39","575.3934","2026-07-04T15:39:31.2939131+03:00","2026-07-04 15:39:30","sol-updown-5m-1783168800","21697695435912345031389132693127798328789678710092174753403777891666089465128"
"3","15:40-15:45","SOL","Up","Bid","30","0.22","15","3.3","1420.39","578.6934","2026-07-04T15:39:31.2939131+03:00","2026-07-04 15:39:30","sol-updown-5m-1783168800","21697695435912345031389132693127798328789678710092174753403777891666089465128"
"3","15:40-15:45","SOL","Up","Bid","31","0.21","17","3.57","1437.39","582.2634","2026-07-04T15:39:31.2939131+03:00","2026-07-04 15:39:30","sol-updown-5m-1783168800","21697695435912345031389132693127798328789678710092174753403777891666089465128"
"3","15:40-15:45","SOL","Up","Bid","32","0.2","100.9","20.18","1538.29","602.4434","2026-07-04T15:39:31.2939131+03:00","2026-07-04 15:39:30","sol-updown-5m-1783168800","21697695435912345031389132693127798328789678710092174753403777891666089465128"
"3","15:40-15:45","SOL","Up","Bid","33","0.19","22","4.18","1560.29","606.6234","2026-07-04T15:39:31.2939131+03:00","2026-07-04 15:39:30","sol-updown-5m-1783168800","21697695435912345031389132693127798328789678710092174753403777891666089465128"
"3","15:40-15:45","SOL","Up","Bid","34","0.18","27","4.86","1587.29","611.4834","2026-07-04T15:39:31.2939131+03:00","2026-07-04 15:39:30","sol-updown-5m-1783168800","21697695435912345031389132693127798328789678710092174753403777891666089465128"
"3","15:40-15:45","SOL","Up","Bid","35","0.17","22","3.74","1609.29","615.2234","2026-07-04T15:39:31.2939131+03:00","2026-07-04 15:39:30","sol-updown-5m-1783168800","21697695435912345031389132693127798328789678710092174753403777891666089465128"
"3","15:40-15:45","SOL","Up","Bid","36","0.16","15","2.4","1624.29","617.6234","2026-07-04T15:39:31.2939131+03:00","2026-07-04 15:39:30","sol-updown-5m-1783168800","21697695435912345031389132693127798328789678710092174753403777891666089465128"
"3","15:40-15:45","SOL","Up","Bid","37","0.15","94","14.1","1718.29","631.7234","2026-07-04T15:39:31.2939131+03:00","2026-07-04 15:39:30","sol-updown-5m-1783168800","21697695435912345031389132693127798328789678710092174753403777891666089465128"
"3","15:40-15:45","SOL","Up","Bid","38","0.14","35","4.9","1753.29","636.6234","2026-07-04T15:39:31.2939131+03:00","2026-07-04 15:39:30","sol-updown-5m-1783168800","21697695435912345031389132693127798328789678710092174753403777891666089465128"
"3","15:40-15:45","SOL","Up","Bid","39","0.13","37","4.81","1790.29","641.4334","2026-07-04T15:39:31.2939131+03:00","2026-07-04 15:39:30","sol-updown-5m-1783168800","21697695435912345031389132693127798328789678710092174753403777891666089465128"
"3","15:40-15:45","SOL","Up","Bid","40","0.12","57","6.84","1847.29","648.2734","2026-07-04T15:39:31.2939131+03:00","2026-07-04 15:39:30","sol-updown-5m-1783168800","21697695435912345031389132693127798328789678710092174753403777891666089465128"
"3","15:40-15:45","SOL","Up","Bid","41","0.11","30","3.3","1877.29","651.5734","2026-07-04T15:39:31.2939131+03:00","2026-07-04 15:39:30","sol-updown-5m-1783168800","21697695435912345031389132693127798328789678710092174753403777891666089465128"
"3","15:40-15:45","SOL","Up","Bid","42","0.1","355.58","35.558","2232.87","687.1314","2026-07-04T15:39:31.2939131+03:00","2026-07-04 15:39:30","sol-updown-5m-1783168800","21697695435912345031389132693127798328789678710092174753403777891666089465128"
"3","15:40-15:45","SOL","Up","Bid","43","0.09","600","54","2832.87","741.1314","2026-07-04T15:39:31.2939131+03:00","2026-07-04 15:39:30","sol-updown-5m-1783168800","21697695435912345031389132693127798328789678710092174753403777891666089465128"
"3","15:40-15:45","SOL","Up","Bid","44","0.08","600","48","3432.87","789.1314","2026-07-04T15:39:31.2939131+03:00","2026-07-04 15:39:30","sol-updown-5m-1783168800","21697695435912345031389132693127798328789678710092174753403777891666089465128"
"3","15:40-15:45","SOL","Up","Bid","45","0.07","600","42","4032.87","831.1314","2026-07-04T15:39:31.2939131+03:00","2026-07-04 15:39:30","sol-updown-5m-1783168800","21697695435912345031389132693127798328789678710092174753403777891666089465128"
"3","15:40-15:45","SOL","Up","Bid","46","0.06","675","40.5","4707.87","871.6314","2026-07-04T15:39:31.2939131+03:00","2026-07-04 15:39:30","sol-updown-5m-1783168800","21697695435912345031389132693127798328789678710092174753403777891666089465128"
"3","15:40-15:45","SOL","Up","Bid","47","0.05","965","48.25","5672.87","919.8814","2026-07-04T15:39:31.2939131+03:00","2026-07-04 15:39:30","sol-updown-5m-1783168800","21697695435912345031389132693127798328789678710092174753403777891666089465128"
"3","15:40-15:45","SOL","Up","Bid","48","0.04","675","27","6347.87","946.8814","2026-07-04T15:39:31.2939131+03:00","2026-07-04 15:39:30","sol-updown-5m-1783168800","21697695435912345031389132693127798328789678710092174753403777891666089465128"
"3","15:40-15:45","SOL","Up","Bid","49","0.03","6250","187.5","12597.87","1134.3814","2026-07-04T15:39:31.2939131+03:00","2026-07-04 15:39:30","sol-updown-5m-1783168800","21697695435912345031389132693127798328789678710092174753403777891666089465128"
"3","15:40-15:45","SOL","Up","Bid","50","0.02","1180","23.6","13777.87","1157.9814","2026-07-04T15:39:31.2939131+03:00","2026-07-04 15:39:30","sol-updown-5m-1783168800","21697695435912345031389132693127798328789678710092174753403777891666089465128"
"3","15:40-15:45","SOL","Up","Bid","51","0.01","10571","105.71","24348.87","1263.6914","2026-07-04T15:39:31.2939131+03:00","2026-07-04 15:39:30","sol-updown-5m-1783168800","21697695435912345031389132693127798328789678710092174753403777891666089465128"
"4","15:45-15:50","BTC","Down","Ask","1","0.51","507.53","258.8403","507.53","258.8403","2026-07-04T15:44:30.0043172+03:00","2026-07-04 15:44:30","btc-updown-5m-1783169100","86206561016878060703235992298315671184571823467889018418371871886781380027305"
"4","15:45-15:50","BTC","Down","Ask","2","0.52","385.25","200.33","892.78","459.1703","2026-07-04T15:44:30.0043172+03:00","2026-07-04 15:44:30","btc-updown-5m-1783169100","86206561016878060703235992298315671184571823467889018418371871886781380027305"
"4","15:45-15:50","BTC","Down","Ask","3","0.53","310.75","164.6975","1203.53","623.8678","2026-07-04T15:44:30.0043172+03:00","2026-07-04 15:44:30","btc-updown-5m-1783169100","86206561016878060703235992298315671184571823467889018418371871886781380027305"
"4","15:45-15:50","BTC","Down","Ask","4","0.54","765.55","413.397","1969.08","1037.2648","2026-07-04T15:44:30.0043172+03:00","2026-07-04 15:44:30","btc-updown-5m-1783169100","86206561016878060703235992298315671184571823467889018418371871886781380027305"
"4","15:45-15:50","BTC","Down","Ask","5","0.55","1248.98","686.939","3218.06","1724.2038","2026-07-04T15:44:30.0043172+03:00","2026-07-04 15:44:30","btc-updown-5m-1783169100","86206561016878060703235992298315671184571823467889018418371871886781380027305"
"4","15:45-15:50","BTC","Down","Ask","6","0.56","818.26","458.2256","4036.32","2182.4294","2026-07-04T15:44:30.0043172+03:00","2026-07-04 15:44:30","btc-updown-5m-1783169100","86206561016878060703235992298315671184571823467889018418371871886781380027305"
"4","15:45-15:50","BTC","Down","Ask","7","0.57","469.25","267.4725","4505.57","2449.9019","2026-07-04T15:44:30.0043172+03:00","2026-07-04 15:44:30","btc-updown-5m-1783169100","86206561016878060703235992298315671184571823467889018418371871886781380027305"
"4","15:45-15:50","BTC","Down","Ask","8","0.58","499.7","289.826","5005.27","2739.7279","2026-07-04T15:44:30.0043172+03:00","2026-07-04 15:44:30","btc-updown-5m-1783169100","86206561016878060703235992298315671184571823467889018418371871886781380027305"
"4","15:45-15:50","BTC","Down","Ask","9","0.59","450.15","265.5885","5455.42","3005.3164","2026-07-04T15:44:30.0043172+03:00","2026-07-04 15:44:30","btc-updown-5m-1783169100","86206561016878060703235992298315671184571823467889018418371871886781380027305"
"4","15:45-15:50","BTC","Down","Ask","10","0.6","934.11","560.466","6389.53","3565.7824","2026-07-04T15:44:30.0043172+03:00","2026-07-04 15:44:30","btc-updown-5m-1783169100","86206561016878060703235992298315671184571823467889018418371871886781380027305"
"4","15:45-15:50","BTC","Down","Ask","11","0.61","493.63","301.1143","6883.16","3866.8967","2026-07-04T15:44:30.0043172+03:00","2026-07-04 15:44:30","btc-updown-5m-1783169100","86206561016878060703235992298315671184571823467889018418371871886781380027305"
"4","15:45-15:50","BTC","Down","Ask","12","0.62","360.84","223.7208","7244","4090.6175","2026-07-04T15:44:30.0043172+03:00","2026-07-04 15:44:30","btc-updown-5m-1783169100","86206561016878060703235992298315671184571823467889018418371871886781380027305"
"4","15:45-15:50","BTC","Down","Ask","13","0.63","765.24","482.1012","8009.24","4572.7187","2026-07-04T15:44:30.0043172+03:00","2026-07-04 15:44:30","btc-updown-5m-1783169100","86206561016878060703235992298315671184571823467889018418371871886781380027305"
"4","15:45-15:50","BTC","Down","Ask","14","0.64","850.47","544.3008","8859.71","5117.0195","2026-07-04T15:44:30.0043172+03:00","2026-07-04 15:44:30","btc-updown-5m-1783169100","86206561016878060703235992298315671184571823467889018418371871886781380027305"
"4","15:45-15:50","BTC","Down","Ask","15","0.65","1213.19","788.5735","10072.9","5905.593","2026-07-04T15:44:30.0043172+03:00","2026-07-04 15:44:30","btc-updown-5m-1783169100","86206561016878060703235992298315671184571823467889018418371871886781380027305"
"4","15:45-15:50","BTC","Down","Ask","16","0.66","610.32","402.8112","10683.22","6308.4042","2026-07-04T15:44:30.0043172+03:00","2026-07-04 15:44:30","btc-updown-5m-1783169100","86206561016878060703235992298315671184571823467889018418371871886781380027305"
"4","15:45-15:50","BTC","Down","Ask","17","0.67","815.61","546.4587","11498.83","6854.8629","2026-07-04T15:44:30.0043172+03:00","2026-07-04 15:44:30","btc-updown-5m-1783169100","86206561016878060703235992298315671184571823467889018418371871886781380027305"
"4","15:45-15:50","BTC","Down","Ask","18","0.68","696.14","473.3752","12194.97","7328.2381","2026-07-04T15:44:30.0043172+03:00","2026-07-04 15:44:30","btc-updown-5m-1783169100","86206561016878060703235992298315671184571823467889018418371871886781380027305"
"4","15:45-15:50","BTC","Down","Ask","19","0.69","829.04","572.0376","13024.01","7900.2757","2026-07-04T15:44:30.0043172+03:00","2026-07-04 15:44:30","btc-updown-5m-1783169100","86206561016878060703235992298315671184571823467889018418371871886781380027305"
"4","15:45-15:50","BTC","Down","Ask","20","0.7","1022.32","715.624","14046.33","8615.8997","2026-07-04T15:44:30.0043172+03:00","2026-07-04 15:44:30","btc-updown-5m-1783169100","86206561016878060703235992298315671184571823467889018418371871886781380027305"
"4","15:45-15:50","BTC","Down","Ask","21","0.71","610.35","433.3485","14656.68","9049.2482","2026-07-04T15:44:30.0043172+03:00","2026-07-04 15:44:30","btc-updown-5m-1783169100","86206561016878060703235992298315671184571823467889018418371871886781380027305"
"4","15:45-15:50","BTC","Down","Ask","22","0.72","632.71","455.5512","15289.39","9504.7994","2026-07-04T15:44:30.0043172+03:00","2026-07-04 15:44:30","btc-updown-5m-1783169100","86206561016878060703235992298315671184571823467889018418371871886781380027305"
"4","15:45-15:50","BTC","Down","Ask","23","0.73","390","284.7","15679.39","9789.4994","2026-07-04T15:44:30.0043172+03:00","2026-07-04 15:44:30","btc-updown-5m-1783169100","86206561016878060703235992298315671184571823467889018418371871886781380027305"
"4","15:45-15:50","BTC","Down","Ask","24","0.74","270","199.8","15949.39","9989.2994","2026-07-04T15:44:30.0043172+03:00","2026-07-04 15:44:30","btc-updown-5m-1783169100","86206561016878060703235992298315671184571823467889018418371871886781380027305"
"4","15:45-15:50","BTC","Down","Ask","25","0.75","385","288.75","16334.39","10278.0494","2026-07-04T15:44:30.0043172+03:00","2026-07-04 15:44:30","btc-updown-5m-1783169100","86206561016878060703235992298315671184571823467889018418371871886781380027305"
"4","15:45-15:50","BTC","Down","Ask","26","0.76","775","589","17109.39","10867.0494","2026-07-04T15:44:30.0043172+03:00","2026-07-04 15:44:30","btc-updown-5m-1783169100","86206561016878060703235992298315671184571823467889018418371871886781380027305"
"4","15:45-15:50","BTC","Down","Ask","27","0.77","100","77","17209.39","10944.0494","2026-07-04T15:44:30.0043172+03:00","2026-07-04 15:44:30","btc-updown-5m-1783169100","86206561016878060703235992298315671184571823467889018418371871886781380027305"
"4","15:45-15:50","BTC","Down","Ask","28","0.78","705","549.9","17914.39","11493.9494","2026-07-04T15:44:30.0043172+03:00","2026-07-04 15:44:30","btc-updown-5m-1783169100","86206561016878060703235992298315671184571823467889018418371871886781380027305"
"4","15:45-15:50","BTC","Down","Ask","29","0.79","837","661.23","18751.39","12155.1794","2026-07-04T15:44:30.0043172+03:00","2026-07-04 15:44:30","btc-updown-5m-1783169100","86206561016878060703235992298315671184571823467889018418371871886781380027305"
"4","15:45-15:50","BTC","Down","Ask","30","0.8","797","637.6","19548.39","12792.7794","2026-07-04T15:44:30.0043172+03:00","2026-07-04 15:44:30","btc-updown-5m-1783169100","86206561016878060703235992298315671184571823467889018418371871886781380027305"
"4","15:45-15:50","BTC","Down","Ask","31","0.81","31","25.11","19579.39","12817.8894","2026-07-04T15:44:30.0043172+03:00","2026-07-04 15:44:30","btc-updown-5m-1783169100","86206561016878060703235992298315671184571823467889018418371871886781380027305"
"4","15:45-15:50","BTC","Down","Ask","32","0.82","36","29.52","19615.39","12847.4094","2026-07-04T15:44:30.0043172+03:00","2026-07-04 15:44:30","btc-updown-5m-1783169100","86206561016878060703235992298315671184571823467889018418371871886781380027305"
"4","15:45-15:50","BTC","Down","Ask","33","0.83","18","14.94","19633.39","12862.3494","2026-07-04T15:44:30.0043172+03:00","2026-07-04 15:44:30","btc-updown-5m-1783169100","86206561016878060703235992298315671184571823467889018418371871886781380027305"
"4","15:45-15:50","BTC","Down","Ask","34","0.84","47","39.48","19680.39","12901.8294","2026-07-04T15:44:30.0043172+03:00","2026-07-04 15:44:30","btc-updown-5m-1783169100","86206561016878060703235992298315671184571823467889018418371871886781380027305"
"4","15:45-15:50","BTC","Down","Ask","35","0.85","2180.33","1853.2805","21860.72","14755.1099","2026-07-04T15:44:30.0043172+03:00","2026-07-04 15:44:30","btc-updown-5m-1783169100","86206561016878060703235992298315671184571823467889018418371871886781380027305"
"4","15:45-15:50","BTC","Down","Ask","36","0.86","28","24.08","21888.72","14779.1899","2026-07-04T15:44:30.0043172+03:00","2026-07-04 15:44:30","btc-updown-5m-1783169100","86206561016878060703235992298315671184571823467889018418371871886781380027305"
"4","15:45-15:50","BTC","Down","Ask","37","0.87","67","58.29","21955.72","14837.4799","2026-07-04T15:44:30.0043172+03:00","2026-07-04 15:44:30","btc-updown-5m-1783169100","86206561016878060703235992298315671184571823467889018418371871886781380027305"
"4","15:45-15:50","BTC","Down","Ask","38","0.88","67","58.96","22022.72","14896.4399","2026-07-04T15:44:30.0043172+03:00","2026-07-04 15:44:30","btc-updown-5m-1783169100","86206561016878060703235992298315671184571823467889018418371871886781380027305"
"4","15:45-15:50","BTC","Down","Ask","39","0.89","260","231.4","22282.72","15127.8399","2026-07-04T15:44:30.0043172+03:00","2026-07-04 15:44:30","btc-updown-5m-1783169100","86206561016878060703235992298315671184571823467889018418371871886781380027305"
"4","15:45-15:50","BTC","Down","Ask","40","0.9","3893","3503.7","26175.72","18631.5399","2026-07-04T15:44:30.0043172+03:00","2026-07-04 15:44:30","btc-updown-5m-1783169100","86206561016878060703235992298315671184571823467889018418371871886781380027305"
"4","15:45-15:50","BTC","Down","Ask","41","0.91","661.56","602.0196","26837.28","19233.5595","2026-07-04T15:44:30.0043172+03:00","2026-07-04 15:44:30","btc-updown-5m-1783169100","86206561016878060703235992298315671184571823467889018418371871886781380027305"
"4","15:45-15:50","BTC","Down","Ask","42","0.92","752.5","692.3","27589.78","19925.8595","2026-07-04T15:44:30.0043172+03:00","2026-07-04 15:44:30","btc-updown-5m-1783169100","86206561016878060703235992298315671184571823467889018418371871886781380027305"
"4","15:45-15:50","BTC","Down","Ask","43","0.93","1022.86","951.2598","28612.64","20877.1193","2026-07-04T15:44:30.0043172+03:00","2026-07-04 15:44:30","btc-updown-5m-1783169100","86206561016878060703235992298315671184571823467889018418371871886781380027305"
"4","15:45-15:50","BTC","Down","Ask","44","0.94","1082.65","1017.691","29695.29","21894.8103","2026-07-04T15:44:30.0043172+03:00","2026-07-04 15:44:30","btc-updown-5m-1783169100","86206561016878060703235992298315671184571823467889018418371871886781380027305"
"4","15:45-15:50","BTC","Down","Ask","45","0.95","1321","1254.95","31016.29","23149.7603","2026-07-04T15:44:30.0043172+03:00","2026-07-04 15:44:30","btc-updown-5m-1783169100","86206561016878060703235992298315671184571823467889018418371871886781380027305"
"4","15:45-15:50","BTC","Down","Ask","46","0.96","1481.75","1422.48","32498.04","24572.2403","2026-07-04T15:44:30.0043172+03:00","2026-07-04 15:44:30","btc-updown-5m-1783169100","86206561016878060703235992298315671184571823467889018418371871886781380027305"
"4","15:45-15:50","BTC","Down","Ask","47","0.97","12140.82","11776.5954","44638.86","36348.8357","2026-07-04T15:44:30.0043172+03:00","2026-07-04 15:44:30","btc-updown-5m-1783169100","86206561016878060703235992298315671184571823467889018418371871886781380027305"
"4","15:45-15:50","BTC","Down","Ask","48","0.98","3105.97","3043.8506","47744.83","39392.6863","2026-07-04T15:44:30.0043172+03:00","2026-07-04 15:44:30","btc-updown-5m-1783169100","86206561016878060703235992298315671184571823467889018418371871886781380027305"
"4","15:45-15:50","BTC","Down","Ask","49","0.99","13565.96","13430.3004","61310.79","52822.9867","2026-07-04T15:44:30.0043172+03:00","2026-07-04 15:44:30","btc-updown-5m-1783169100","86206561016878060703235992298315671184571823467889018418371871886781380027305"
"4","15:45-15:50","BTC","Down","Bid","1","0.5","405.3","202.65","405.3","202.65","2026-07-04T15:44:30.0043172+03:00","2026-07-04 15:44:30","btc-updown-5m-1783169100","86206561016878060703235992298315671184571823467889018418371871886781380027305"
"4","15:45-15:50","BTC","Down","Bid","2","0.49","341.2","167.188","746.5","369.838","2026-07-04T15:44:30.0043172+03:00","2026-07-04 15:44:30","btc-updown-5m-1783169100","86206561016878060703235992298315671184571823467889018418371871886781380027305"
"4","15:45-15:50","BTC","Down","Bid","3","0.48","230.55","110.664","977.05","480.502","2026-07-04T15:44:30.0043172+03:00","2026-07-04 15:44:30","btc-updown-5m-1783169100","86206561016878060703235992298315671184571823467889018418371871886781380027305"
"4","15:45-15:50","BTC","Down","Bid","4","0.47","340.45","160.0115","1317.5","640.5135","2026-07-04T15:44:30.0043172+03:00","2026-07-04 15:44:30","btc-updown-5m-1783169100","86206561016878060703235992298315671184571823467889018418371871886781380027305"
"4","15:45-15:50","BTC","Down","Bid","5","0.46","556.55","256.013","1874.05","896.5265","2026-07-04T15:44:30.0043172+03:00","2026-07-04 15:44:30","btc-updown-5m-1783169100","86206561016878060703235992298315671184571823467889018418371871886781380027305"
"4","15:45-15:50","BTC","Down","Bid","6","0.45","981.98","441.891","2856.03","1338.4175","2026-07-04T15:44:30.0043172+03:00","2026-07-04 15:44:30","btc-updown-5m-1783169100","86206561016878060703235992298315671184571823467889018418371871886781380027305"
"4","15:45-15:50","BTC","Down","Bid","7","0.44","557.26","245.1944","3413.29","1583.6119","2026-07-04T15:44:30.0043172+03:00","2026-07-04 15:44:30","btc-updown-5m-1783169100","86206561016878060703235992298315671184571823467889018418371871886781380027305"
"4","15:45-15:50","BTC","Down","Bid","8","0.43","378.25","162.6475","3791.54","1746.2594","2026-07-04T15:44:30.0043172+03:00","2026-07-04 15:44:30","btc-updown-5m-1783169100","86206561016878060703235992298315671184571823467889018418371871886781380027305"
"4","15:45-15:50","BTC","Down","Bid","9","0.42","408.7","171.654","4200.24","1917.9134","2026-07-04T15:44:30.0043172+03:00","2026-07-04 15:44:30","btc-updown-5m-1783169100","86206561016878060703235992298315671184571823467889018418371871886781380027305"
"4","15:45-15:50","BTC","Down","Bid","10","0.41","359.15","147.2515","4559.39","2065.1649","2026-07-04T15:44:30.0043172+03:00","2026-07-04 15:44:30","btc-updown-5m-1783169100","86206561016878060703235992298315671184571823467889018418371871886781380027305"
"4","15:45-15:50","BTC","Down","Bid","11","0.4","533","213.2","5092.39","2278.3649","2026-07-04T15:44:30.0043172+03:00","2026-07-04 15:44:30","btc-updown-5m-1783169100","86206561016878060703235992298315671184571823467889018418371871886781380027305"
"4","15:45-15:50","BTC","Down","Bid","12","0.39","493.63","192.5157","5586.02","2470.8806","2026-07-04T15:44:30.0043172+03:00","2026-07-04 15:44:30","btc-updown-5m-1783169100","86206561016878060703235992298315671184571823467889018418371871886781380027305"
"4","15:45-15:50","BTC","Down","Bid","13","0.38","350.84","133.3192","5936.86","2604.1998","2026-07-04T15:44:30.0043172+03:00","2026-07-04 15:44:30","btc-updown-5m-1783169100","86206561016878060703235992298315671184571823467889018418371871886781380027305"
"4","15:45-15:50","BTC","Down","Bid","14","0.37","755.24","279.4388","6692.1","2883.6386","2026-07-04T15:44:30.0043172+03:00","2026-07-04 15:44:30","btc-updown-5m-1783169100","86206561016878060703235992298315671184571823467889018418371871886781380027305"
"4","15:45-15:50","BTC","Down","Bid","15","0.36","865.47","311.5692","7557.57","3195.2078","2026-07-04T15:44:30.0043172+03:00","2026-07-04 15:44:30","btc-updown-5m-1783169100","86206561016878060703235992298315671184571823467889018418371871886781380027305"
"4","15:45-15:50","BTC","Down","Bid","16","0.35","1213.19","424.6165","8770.76","3619.8243","2026-07-04T15:44:30.0043172+03:00","2026-07-04 15:44:30","btc-updown-5m-1783169100","86206561016878060703235992298315671184571823467889018418371871886781380027305"
"4","15:45-15:50","BTC","Down","Bid","17","0.34","610.32","207.5088","9381.08","3827.3331","2026-07-04T15:44:30.0043172+03:00","2026-07-04 15:44:30","btc-updown-5m-1783169100","86206561016878060703235992298315671184571823467889018418371871886781380027305"
"4","15:45-15:50","BTC","Down","Bid","18","0.33","815.61","269.1513","10196.69","4096.4844","2026-07-04T15:44:30.0043172+03:00","2026-07-04 15:44:30","btc-updown-5m-1783169100","86206561016878060703235992298315671184571823467889018418371871886781380027305"
"4","15:45-15:50","BTC","Down","Bid","19","0.32","696.14","222.7648","10892.83","4319.2492","2026-07-04T15:44:30.0043172+03:00","2026-07-04 15:44:30","btc-updown-5m-1783169100","86206561016878060703235992298315671184571823467889018418371871886781380027305"
"4","15:45-15:50","BTC","Down","Bid","20","0.31","859.04","266.3024","11751.87","4585.5516","2026-07-04T15:44:30.0043172+03:00","2026-07-04 15:44:30","btc-updown-5m-1783169100","86206561016878060703235992298315671184571823467889018418371871886781380027305"
"4","15:45-15:50","BTC","Down","Bid","21","0.3","1012.32","303.696","12764.19","4889.2476","2026-07-04T15:44:30.0043172+03:00","2026-07-04 15:44:30","btc-updown-5m-1783169100","86206561016878060703235992298315671184571823467889018418371871886781380027305"
"4","15:45-15:50","BTC","Down","Bid","22","0.29","686.35","199.0415","13450.54","5088.2891","2026-07-04T15:44:30.0043172+03:00","2026-07-04 15:44:30","btc-updown-5m-1783169100","86206561016878060703235992298315671184571823467889018418371871886781380027305"
"4","15:45-15:50","BTC","Down","Bid","23","0.28","632.71","177.1588","14083.25","5265.4479","2026-07-04T15:44:30.0043172+03:00","2026-07-04 15:44:30","btc-updown-5m-1783169100","86206561016878060703235992298315671184571823467889018418371871886781380027305"
"4","15:45-15:50","BTC","Down","Bid","24","0.27","390","105.3","14473.25","5370.7479","2026-07-04T15:44:30.0043172+03:00","2026-07-04 15:44:30","btc-updown-5m-1783169100","86206561016878060703235992298315671184571823467889018418371871886781380027305"
"4","15:45-15:50","BTC","Down","Bid","25","0.26","270","70.2","14743.25","5440.9479","2026-07-04T15:44:30.0043172+03:00","2026-07-04 15:44:30","btc-updown-5m-1783169100","86206561016878060703235992298315671184571823467889018418371871886781380027305"
"4","15:45-15:50","BTC","Down","Bid","26","0.25","385","96.25","15128.25","5537.1979","2026-07-04T15:44:30.0043172+03:00","2026-07-04 15:44:30","btc-updown-5m-1783169100","86206561016878060703235992298315671184571823467889018418371871886781380027305"
"4","15:45-15:50","BTC","Down","Bid","27","0.24","775","186","15903.25","5723.1979","2026-07-04T15:44:30.0043172+03:00","2026-07-04 15:44:30","btc-updown-5m-1783169100","86206561016878060703235992298315671184571823467889018418371871886781380027305"
"4","15:45-15:50","BTC","Down","Bid","28","0.23","100","23","16003.25","5746.1979","2026-07-04T15:44:30.0043172+03:00","2026-07-04 15:44:30","btc-updown-5m-1783169100","86206561016878060703235992298315671184571823467889018418371871886781380027305"
"4","15:45-15:50","BTC","Down","Bid","29","0.22","705","155.1","16708.25","5901.2979","2026-07-04T15:44:30.0043172+03:00","2026-07-04 15:44:30","btc-updown-5m-1783169100","86206561016878060703235992298315671184571823467889018418371871886781380027305"
"4","15:45-15:50","BTC","Down","Bid","30","0.21","857","179.97","17565.25","6081.2679","2026-07-04T15:44:30.0043172+03:00","2026-07-04 15:44:30","btc-updown-5m-1783169100","86206561016878060703235992298315671184571823467889018418371871886781380027305"
"4","15:45-15:50","BTC","Down","Bid","31","0.2","797","159.4","18362.25","6240.6679","2026-07-04T15:44:30.0043172+03:00","2026-07-04 15:44:30","btc-updown-5m-1783169100","86206561016878060703235992298315671184571823467889018418371871886781380027305"
"4","15:45-15:50","BTC","Down","Bid","32","0.19","31","5.89","18393.25","6246.5579","2026-07-04T15:44:30.0043172+03:00","2026-07-04 15:44:30","btc-updown-5m-1783169100","86206561016878060703235992298315671184571823467889018418371871886781380027305"
"4","15:45-15:50","BTC","Down","Bid","33","0.18","36","6.48","18429.25","6253.0379","2026-07-04T15:44:30.0043172+03:00","2026-07-04 15:44:30","btc-updown-5m-1783169100","86206561016878060703235992298315671184571823467889018418371871886781380027305"
"4","15:45-15:50","BTC","Down","Bid","34","0.17","18","3.06","18447.25","6256.0979","2026-07-04T15:44:30.0043172+03:00","2026-07-04 15:44:30","btc-updown-5m-1783169100","86206561016878060703235992298315671184571823467889018418371871886781380027305"
"4","15:45-15:50","BTC","Down","Bid","35","0.16","47","7.52","18494.25","6263.6179","2026-07-04T15:44:30.0043172+03:00","2026-07-04 15:44:30","btc-updown-5m-1783169100","86206561016878060703235992298315671184571823467889018418371871886781380027305"
"4","15:45-15:50","BTC","Down","Bid","36","0.15","2180.33","327.0495","20674.58","6590.6674","2026-07-04T15:44:30.0043172+03:00","2026-07-04 15:44:30","btc-updown-5m-1783169100","86206561016878060703235992298315671184571823467889018418371871886781380027305"
"4","15:45-15:50","BTC","Down","Bid","37","0.14","28","3.92","20702.58","6594.5874","2026-07-04T15:44:30.0043172+03:00","2026-07-04 15:44:30","btc-updown-5m-1783169100","86206561016878060703235992298315671184571823467889018418371871886781380027305"
"4","15:45-15:50","BTC","Down","Bid","38","0.13","67","8.71","20769.58","6603.2974","2026-07-04T15:44:30.0043172+03:00","2026-07-04 15:44:30","btc-updown-5m-1783169100","86206561016878060703235992298315671184571823467889018418371871886781380027305"
"4","15:45-15:50","BTC","Down","Bid","39","0.12","67","8.04","20836.58","6611.3374","2026-07-04T15:44:30.0043172+03:00","2026-07-04 15:44:30","btc-updown-5m-1783169100","86206561016878060703235992298315671184571823467889018418371871886781380027305"
"4","15:45-15:50","BTC","Down","Bid","40","0.11","260","28.6","21096.58","6639.9374","2026-07-04T15:44:30.0043172+03:00","2026-07-04 15:44:30","btc-updown-5m-1783169100","86206561016878060703235992298315671184571823467889018418371871886781380027305"
"4","15:45-15:50","BTC","Down","Bid","41","0.1","3893","389.3","24989.58","7029.2374","2026-07-04T15:44:30.0043172+03:00","2026-07-04 15:44:30","btc-updown-5m-1783169100","86206561016878060703235992298315671184571823467889018418371871886781380027305"
"4","15:45-15:50","BTC","Down","Bid","42","0.09","661.56","59.5404","25651.14","7088.7778","2026-07-04T15:44:30.0043172+03:00","2026-07-04 15:44:30","btc-updown-5m-1783169100","86206561016878060703235992298315671184571823467889018418371871886781380027305"
"4","15:45-15:50","BTC","Down","Bid","43","0.08","752.5","60.2","26403.64","7148.9778","2026-07-04T15:44:30.0043172+03:00","2026-07-04 15:44:30","btc-updown-5m-1783169100","86206561016878060703235992298315671184571823467889018418371871886781380027305"
"4","15:45-15:50","BTC","Down","Bid","44","0.07","1022.86","71.6002","27426.5","7220.578","2026-07-04T15:44:30.0043172+03:00","2026-07-04 15:44:30","btc-updown-5m-1783169100","86206561016878060703235992298315671184571823467889018418371871886781380027305"
"4","15:45-15:50","BTC","Down","Bid","45","0.06","1087.65","65.259","28514.15","7285.837","2026-07-04T15:44:30.0043172+03:00","2026-07-04 15:44:30","btc-updown-5m-1783169100","86206561016878060703235992298315671184571823467889018418371871886781380027305"
"4","15:45-15:50","BTC","Down","Bid","46","0.05","1321","66.05","29835.15","7351.887","2026-07-04T15:44:30.0043172+03:00","2026-07-04 15:44:30","btc-updown-5m-1783169100","86206561016878060703235992298315671184571823467889018418371871886781380027305"
"4","15:45-15:50","BTC","Down","Bid","47","0.04","1481.75","59.27","31316.9","7411.157","2026-07-04T15:44:30.0043172+03:00","2026-07-04 15:44:30","btc-updown-5m-1783169100","86206561016878060703235992298315671184571823467889018418371871886781380027305"
"4","15:45-15:50","BTC","Down","Bid","48","0.03","12135.82","364.0746","43452.72","7775.2316","2026-07-04T15:44:30.0043172+03:00","2026-07-04 15:44:30","btc-updown-5m-1783169100","86206561016878060703235992298315671184571823467889018418371871886781380027305"
"4","15:45-15:50","BTC","Down","Bid","49","0.02","3100.71","62.0142","46553.43","7837.2458","2026-07-04T15:44:30.0043172+03:00","2026-07-04 15:44:30","btc-updown-5m-1783169100","86206561016878060703235992298315671184571823467889018418371871886781380027305"
"4","15:45-15:50","BTC","Down","Bid","50","0.01","13377.31","133.7731","59930.74","7971.0189","2026-07-04T15:44:30.0043172+03:00","2026-07-04 15:44:30","btc-updown-5m-1783169100","86206561016878060703235992298315671184571823467889018418371871886781380027305"
"4","15:45-15:50","BTC","Up","Ask","1","0.5","405.3","202.65","405.3","202.65","2026-07-04T15:44:30.4107274+03:00","2026-07-04 15:44:30","btc-updown-5m-1783169100","342505265293162704731429879788281847075158893480316756704455420926489201135"
"4","15:45-15:50","BTC","Up","Ask","2","0.51","341.2","174.012","746.5","376.662","2026-07-04T15:44:30.4107274+03:00","2026-07-04 15:44:30","btc-updown-5m-1783169100","342505265293162704731429879788281847075158893480316756704455420926489201135"
"4","15:45-15:50","BTC","Up","Ask","3","0.52","230.55","119.886","977.05","496.548","2026-07-04T15:44:30.4107274+03:00","2026-07-04 15:44:30","btc-updown-5m-1783169100","342505265293162704731429879788281847075158893480316756704455420926489201135"
"4","15:45-15:50","BTC","Up","Ask","4","0.53","340.45","180.4385","1317.5","676.9865","2026-07-04T15:44:30.4107274+03:00","2026-07-04 15:44:30","btc-updown-5m-1783169100","342505265293162704731429879788281847075158893480316756704455420926489201135"
"4","15:45-15:50","BTC","Up","Ask","5","0.54","556.55","300.537","1874.05","977.5235","2026-07-04T15:44:30.4107274+03:00","2026-07-04 15:44:30","btc-updown-5m-1783169100","342505265293162704731429879788281847075158893480316756704455420926489201135"
"4","15:45-15:50","BTC","Up","Ask","6","0.55","981.98","540.089","2856.03","1517.6125","2026-07-04T15:44:30.4107274+03:00","2026-07-04 15:44:30","btc-updown-5m-1783169100","342505265293162704731429879788281847075158893480316756704455420926489201135"
"4","15:45-15:50","BTC","Up","Ask","7","0.56","557.26","312.0656","3413.29","1829.6781","2026-07-04T15:44:30.4107274+03:00","2026-07-04 15:44:30","btc-updown-5m-1783169100","342505265293162704731429879788281847075158893480316756704455420926489201135"
"4","15:45-15:50","BTC","Up","Ask","8","0.57","378.25","215.6025","3791.54","2045.2806","2026-07-04T15:44:30.4107274+03:00","2026-07-04 15:44:30","btc-updown-5m-1783169100","342505265293162704731429879788281847075158893480316756704455420926489201135"
"4","15:45-15:50","BTC","Up","Ask","9","0.58","408.7","237.046","4200.24","2282.3266","2026-07-04T15:44:30.4107274+03:00","2026-07-04 15:44:30","btc-updown-5m-1783169100","342505265293162704731429879788281847075158893480316756704455420926489201135"
"4","15:45-15:50","BTC","Up","Ask","10","0.59","359.15","211.8985","4559.39","2494.2251","2026-07-04T15:44:30.4107274+03:00","2026-07-04 15:44:30","btc-updown-5m-1783169100","342505265293162704731429879788281847075158893480316756704455420926489201135"
"4","15:45-15:50","BTC","Up","Ask","11","0.6","533","319.8","5092.39","2814.0251","2026-07-04T15:44:30.4107274+03:00","2026-07-04 15:44:30","btc-updown-5m-1783169100","342505265293162704731429879788281847075158893480316756704455420926489201135"
"4","15:45-15:50","BTC","Up","Ask","12","0.61","493.63","301.1143","5586.02","3115.1394","2026-07-04T15:44:30.4107274+03:00","2026-07-04 15:44:30","btc-updown-5m-1783169100","342505265293162704731429879788281847075158893480316756704455420926489201135"
"4","15:45-15:50","BTC","Up","Ask","13","0.62","350.84","217.5208","5936.86","3332.6602","2026-07-04T15:44:30.4107274+03:00","2026-07-04 15:44:30","btc-updown-5m-1783169100","342505265293162704731429879788281847075158893480316756704455420926489201135"
"4","15:45-15:50","BTC","Up","Ask","14","0.63","755.24","475.8012","6692.1","3808.4614","2026-07-04T15:44:30.4107274+03:00","2026-07-04 15:44:30","btc-updown-5m-1783169100","342505265293162704731429879788281847075158893480316756704455420926489201135"
"4","15:45-15:50","BTC","Up","Ask","15","0.64","865.47","553.9008","7557.57","4362.3622","2026-07-04T15:44:30.4107274+03:00","2026-07-04 15:44:30","btc-updown-5m-1783169100","342505265293162704731429879788281847075158893480316756704455420926489201135"
"4","15:45-15:50","BTC","Up","Ask","16","0.65","1213.19","788.5735","8770.76","5150.9357","2026-07-04T15:44:30.4107274+03:00","2026-07-04 15:44:30","btc-updown-5m-1783169100","342505265293162704731429879788281847075158893480316756704455420926489201135"
"4","15:45-15:50","BTC","Up","Ask","17","0.66","610.32","402.8112","9381.08","5553.7469","2026-07-04T15:44:30.4107274+03:00","2026-07-04 15:44:30","btc-updown-5m-1783169100","342505265293162704731429879788281847075158893480316756704455420926489201135"
"4","15:45-15:50","BTC","Up","Ask","18","0.67","815.61","546.4587","10196.69","6100.2056","2026-07-04T15:44:30.4107274+03:00","2026-07-04 15:44:30","btc-updown-5m-1783169100","342505265293162704731429879788281847075158893480316756704455420926489201135"
"4","15:45-15:50","BTC","Up","Ask","19","0.68","696.14","473.3752","10892.83","6573.5808","2026-07-04T15:44:30.4107274+03:00","2026-07-04 15:44:30","btc-updown-5m-1783169100","342505265293162704731429879788281847075158893480316756704455420926489201135"
"4","15:45-15:50","BTC","Up","Ask","20","0.69","859.04","592.7376","11751.87","7166.3184","2026-07-04T15:44:30.4107274+03:00","2026-07-04 15:44:30","btc-updown-5m-1783169100","342505265293162704731429879788281847075158893480316756704455420926489201135"
"4","15:45-15:50","BTC","Up","Ask","21","0.7","1012.32","708.624","12764.19","7874.9424","2026-07-04T15:44:30.4107274+03:00","2026-07-04 15:44:30","btc-updown-5m-1783169100","342505265293162704731429879788281847075158893480316756704455420926489201135"
"4","15:45-15:50","BTC","Up","Ask","22","0.71","686.35","487.3085","13450.54","8362.2509","2026-07-04T15:44:30.4107274+03:00","2026-07-04 15:44:30","btc-updown-5m-1783169100","342505265293162704731429879788281847075158893480316756704455420926489201135"
"4","15:45-15:50","BTC","Up","Ask","23","0.72","632.71","455.5512","14083.25","8817.8021","2026-07-04T15:44:30.4107274+03:00","2026-07-04 15:44:30","btc-updown-5m-1783169100","342505265293162704731429879788281847075158893480316756704455420926489201135"
"4","15:45-15:50","BTC","Up","Ask","24","0.73","390","284.7","14473.25","9102.5021","2026-07-04T15:44:30.4107274+03:00","2026-07-04 15:44:30","btc-updown-5m-1783169100","342505265293162704731429879788281847075158893480316756704455420926489201135"
"4","15:45-15:50","BTC","Up","Ask","25","0.74","270","199.8","14743.25","9302.3021","2026-07-04T15:44:30.4107274+03:00","2026-07-04 15:44:30","btc-updown-5m-1783169100","342505265293162704731429879788281847075158893480316756704455420926489201135"
"4","15:45-15:50","BTC","Up","Ask","26","0.75","385","288.75","15128.25","9591.0521","2026-07-04T15:44:30.4107274+03:00","2026-07-04 15:44:30","btc-updown-5m-1783169100","342505265293162704731429879788281847075158893480316756704455420926489201135"
"4","15:45-15:50","BTC","Up","Ask","27","0.76","775","589","15903.25","10180.0521","2026-07-04T15:44:30.4107274+03:00","2026-07-04 15:44:30","btc-updown-5m-1783169100","342505265293162704731429879788281847075158893480316756704455420926489201135"
"4","15:45-15:50","BTC","Up","Ask","28","0.77","100","77","16003.25","10257.0521","2026-07-04T15:44:30.4107274+03:00","2026-07-04 15:44:30","btc-updown-5m-1783169100","342505265293162704731429879788281847075158893480316756704455420926489201135"
"4","15:45-15:50","BTC","Up","Ask","29","0.78","705","549.9","16708.25","10806.9521","2026-07-04T15:44:30.4107274+03:00","2026-07-04 15:44:30","btc-updown-5m-1783169100","342505265293162704731429879788281847075158893480316756704455420926489201135"
"4","15:45-15:50","BTC","Up","Ask","30","0.79","857","677.03","17565.25","11483.9821","2026-07-04T15:44:30.4107274+03:00","2026-07-04 15:44:30","btc-updown-5m-1783169100","342505265293162704731429879788281847075158893480316756704455420926489201135"
"4","15:45-15:50","BTC","Up","Ask","31","0.8","797","637.6","18362.25","12121.5821","2026-07-04T15:44:30.4107274+03:00","2026-07-04 15:44:30","btc-updown-5m-1783169100","342505265293162704731429879788281847075158893480316756704455420926489201135"
"4","15:45-15:50","BTC","Up","Ask","32","0.81","31","25.11","18393.25","12146.6921","2026-07-04T15:44:30.4107274+03:00","2026-07-04 15:44:30","btc-updown-5m-1783169100","342505265293162704731429879788281847075158893480316756704455420926489201135"
"4","15:45-15:50","BTC","Up","Ask","33","0.82","36","29.52","18429.25","12176.2121","2026-07-04T15:44:30.4107274+03:00","2026-07-04 15:44:30","btc-updown-5m-1783169100","342505265293162704731429879788281847075158893480316756704455420926489201135"
"4","15:45-15:50","BTC","Up","Ask","34","0.83","18","14.94","18447.25","12191.1521","2026-07-04T15:44:30.4107274+03:00","2026-07-04 15:44:30","btc-updown-5m-1783169100","342505265293162704731429879788281847075158893480316756704455420926489201135"
"4","15:45-15:50","BTC","Up","Ask","35","0.84","47","39.48","18494.25","12230.6321","2026-07-04T15:44:30.4107274+03:00","2026-07-04 15:44:30","btc-updown-5m-1783169100","342505265293162704731429879788281847075158893480316756704455420926489201135"
"4","15:45-15:50","BTC","Up","Ask","36","0.85","2180.33","1853.2805","20674.58","14083.9126","2026-07-04T15:44:30.4107274+03:00","2026-07-04 15:44:30","btc-updown-5m-1783169100","342505265293162704731429879788281847075158893480316756704455420926489201135"
"4","15:45-15:50","BTC","Up","Ask","37","0.86","28","24.08","20702.58","14107.9926","2026-07-04T15:44:30.4107274+03:00","2026-07-04 15:44:30","btc-updown-5m-1783169100","342505265293162704731429879788281847075158893480316756704455420926489201135"
"4","15:45-15:50","BTC","Up","Ask","38","0.87","67","58.29","20769.58","14166.2826","2026-07-04T15:44:30.4107274+03:00","2026-07-04 15:44:30","btc-updown-5m-1783169100","342505265293162704731429879788281847075158893480316756704455420926489201135"
"4","15:45-15:50","BTC","Up","Ask","39","0.88","67","58.96","20836.58","14225.2426","2026-07-04T15:44:30.4107274+03:00","2026-07-04 15:44:30","btc-updown-5m-1783169100","342505265293162704731429879788281847075158893480316756704455420926489201135"
"4","15:45-15:50","BTC","Up","Ask","40","0.89","260","231.4","21096.58","14456.6426","2026-07-04T15:44:30.4107274+03:00","2026-07-04 15:44:30","btc-updown-5m-1783169100","342505265293162704731429879788281847075158893480316756704455420926489201135"
"4","15:45-15:50","BTC","Up","Ask","41","0.9","3893","3503.7","24989.58","17960.3426","2026-07-04T15:44:30.4107274+03:00","2026-07-04 15:44:30","btc-updown-5m-1783169100","342505265293162704731429879788281847075158893480316756704455420926489201135"
"4","15:45-15:50","BTC","Up","Ask","42","0.91","661.56","602.0196","25651.14","18562.3622","2026-07-04T15:44:30.4107274+03:00","2026-07-04 15:44:30","btc-updown-5m-1783169100","342505265293162704731429879788281847075158893480316756704455420926489201135"
"4","15:45-15:50","BTC","Up","Ask","43","0.92","752.5","692.3","26403.64","19254.6622","2026-07-04T15:44:30.4107274+03:00","2026-07-04 15:44:30","btc-updown-5m-1783169100","342505265293162704731429879788281847075158893480316756704455420926489201135"
"4","15:45-15:50","BTC","Up","Ask","44","0.93","1022.86","951.2598","27426.5","20205.922","2026-07-04T15:44:30.4107274+03:00","2026-07-04 15:44:30","btc-updown-5m-1783169100","342505265293162704731429879788281847075158893480316756704455420926489201135"
"4","15:45-15:50","BTC","Up","Ask","45","0.94","1087.65","1022.391","28514.15","21228.313","2026-07-04T15:44:30.4107274+03:00","2026-07-04 15:44:30","btc-updown-5m-1783169100","342505265293162704731429879788281847075158893480316756704455420926489201135"
"4","15:45-15:50","BTC","Up","Ask","46","0.95","1321","1254.95","29835.15","22483.263","2026-07-04T15:44:30.4107274+03:00","2026-07-04 15:44:30","btc-updown-5m-1783169100","342505265293162704731429879788281847075158893480316756704455420926489201135"
"4","15:45-15:50","BTC","Up","Ask","47","0.96","1481.75","1422.48","31316.9","23905.743","2026-07-04T15:44:30.4107274+03:00","2026-07-04 15:44:30","btc-updown-5m-1783169100","342505265293162704731429879788281847075158893480316756704455420926489201135"
"4","15:45-15:50","BTC","Up","Ask","48","0.97","12135.82","11771.7454","43452.72","35677.4884","2026-07-04T15:44:30.4107274+03:00","2026-07-04 15:44:30","btc-updown-5m-1783169100","342505265293162704731429879788281847075158893480316756704455420926489201135"
"4","15:45-15:50","BTC","Up","Ask","49","0.98","3100.71","3038.6958","46553.43","38716.1842","2026-07-04T15:44:30.4107274+03:00","2026-07-04 15:44:30","btc-updown-5m-1783169100","342505265293162704731429879788281847075158893480316756704455420926489201135"
"4","15:45-15:50","BTC","Up","Ask","50","0.99","13377.31","13243.5369","59930.74","51959.7211","2026-07-04T15:44:30.4107274+03:00","2026-07-04 15:44:30","btc-updown-5m-1783169100","342505265293162704731429879788281847075158893480316756704455420926489201135"
"4","15:45-15:50","BTC","Up","Bid","1","0.49","507.53","248.6897","507.53","248.6897","2026-07-04T15:44:30.4107274+03:00","2026-07-04 15:44:30","btc-updown-5m-1783169100","342505265293162704731429879788281847075158893480316756704455420926489201135"
"4","15:45-15:50","BTC","Up","Bid","2","0.48","385.25","184.92","892.78","433.6097","2026-07-04T15:44:30.4107274+03:00","2026-07-04 15:44:30","btc-updown-5m-1783169100","342505265293162704731429879788281847075158893480316756704455420926489201135"
"4","15:45-15:50","BTC","Up","Bid","3","0.47","310.75","146.0525","1203.53","579.6622","2026-07-04T15:44:30.4107274+03:00","2026-07-04 15:44:30","btc-updown-5m-1783169100","342505265293162704731429879788281847075158893480316756704455420926489201135"
"4","15:45-15:50","BTC","Up","Bid","4","0.46","765.55","352.153","1969.08","931.8152","2026-07-04T15:44:30.4107274+03:00","2026-07-04 15:44:30","btc-updown-5m-1783169100","342505265293162704731429879788281847075158893480316756704455420926489201135"
"4","15:45-15:50","BTC","Up","Bid","5","0.45","1248.98","562.041","3218.06","1493.8562","2026-07-04T15:44:30.4107274+03:00","2026-07-04 15:44:30","btc-updown-5m-1783169100","342505265293162704731429879788281847075158893480316756704455420926489201135"
"4","15:45-15:50","BTC","Up","Bid","6","0.44","818.26","360.0344","4036.32","1853.8906","2026-07-04T15:44:30.4107274+03:00","2026-07-04 15:44:30","btc-updown-5m-1783169100","342505265293162704731429879788281847075158893480316756704455420926489201135"
"4","15:45-15:50","BTC","Up","Bid","7","0.43","469.25","201.7775","4505.57","2055.6681","2026-07-04T15:44:30.4107274+03:00","2026-07-04 15:44:30","btc-updown-5m-1783169100","342505265293162704731429879788281847075158893480316756704455420926489201135"
"4","15:45-15:50","BTC","Up","Bid","8","0.42","499.7","209.874","5005.27","2265.5421","2026-07-04T15:44:30.4107274+03:00","2026-07-04 15:44:30","btc-updown-5m-1783169100","342505265293162704731429879788281847075158893480316756704455420926489201135"
"4","15:45-15:50","BTC","Up","Bid","9","0.41","450.15","184.5615","5455.42","2450.1036","2026-07-04T15:44:30.4107274+03:00","2026-07-04 15:44:30","btc-updown-5m-1783169100","342505265293162704731429879788281847075158893480316756704455420926489201135"
"4","15:45-15:50","BTC","Up","Bid","10","0.4","934.11","373.644","6389.53","2823.7476","2026-07-04T15:44:30.4107274+03:00","2026-07-04 15:44:30","btc-updown-5m-1783169100","342505265293162704731429879788281847075158893480316756704455420926489201135"
"4","15:45-15:50","BTC","Up","Bid","11","0.39","493.63","192.5157","6883.16","3016.2633","2026-07-04T15:44:30.4107274+03:00","2026-07-04 15:44:30","btc-updown-5m-1783169100","342505265293162704731429879788281847075158893480316756704455420926489201135"
"4","15:45-15:50","BTC","Up","Bid","12","0.38","360.84","137.1192","7244","3153.3825","2026-07-04T15:44:30.4107274+03:00","2026-07-04 15:44:30","btc-updown-5m-1783169100","342505265293162704731429879788281847075158893480316756704455420926489201135"
"4","15:45-15:50","BTC","Up","Bid","13","0.37","765.24","283.1388","8009.24","3436.5213","2026-07-04T15:44:30.4107274+03:00","2026-07-04 15:44:30","btc-updown-5m-1783169100","342505265293162704731429879788281847075158893480316756704455420926489201135"
"4","15:45-15:50","BTC","Up","Bid","14","0.36","850.47","306.1692","8859.71","3742.6905","2026-07-04T15:44:30.4107274+03:00","2026-07-04 15:44:30","btc-updown-5m-1783169100","342505265293162704731429879788281847075158893480316756704455420926489201135"
"4","15:45-15:50","BTC","Up","Bid","15","0.35","1213.19","424.6165","10072.9","4167.307","2026-07-04T15:44:30.4107274+03:00","2026-07-04 15:44:30","btc-updown-5m-1783169100","342505265293162704731429879788281847075158893480316756704455420926489201135"
"4","15:45-15:50","BTC","Up","Bid","16","0.34","610.32","207.5088","10683.22","4374.8158","2026-07-04T15:44:30.4107274+03:00","2026-07-04 15:44:30","btc-updown-5m-1783169100","342505265293162704731429879788281847075158893480316756704455420926489201135"
"4","15:45-15:50","BTC","Up","Bid","17","0.33","815.61","269.1513","11498.83","4643.9671","2026-07-04T15:44:30.4107274+03:00","2026-07-04 15:44:30","btc-updown-5m-1783169100","342505265293162704731429879788281847075158893480316756704455420926489201135"
"4","15:45-15:50","BTC","Up","Bid","18","0.32","696.14","222.7648","12194.97","4866.7319","2026-07-04T15:44:30.4107274+03:00","2026-07-04 15:44:30","btc-updown-5m-1783169100","342505265293162704731429879788281847075158893480316756704455420926489201135"
"4","15:45-15:50","BTC","Up","Bid","19","0.31","829.04","257.0024","13024.01","5123.7343","2026-07-04T15:44:30.4107274+03:00","2026-07-04 15:44:30","btc-updown-5m-1783169100","342505265293162704731429879788281847075158893480316756704455420926489201135"
"4","15:45-15:50","BTC","Up","Bid","20","0.3","1022.32","306.696","14046.33","5430.4303","2026-07-04T15:44:30.4107274+03:00","2026-07-04 15:44:30","btc-updown-5m-1783169100","342505265293162704731429879788281847075158893480316756704455420926489201135"
"4","15:45-15:50","BTC","Up","Bid","21","0.29","610.35","177.0015","14656.68","5607.4318","2026-07-04T15:44:30.4107274+03:00","2026-07-04 15:44:30","btc-updown-5m-1783169100","342505265293162704731429879788281847075158893480316756704455420926489201135"
"4","15:45-15:50","BTC","Up","Bid","22","0.28","632.71","177.1588","15289.39","5784.5906","2026-07-04T15:44:30.4107274+03:00","2026-07-04 15:44:30","btc-updown-5m-1783169100","342505265293162704731429879788281847075158893480316756704455420926489201135"
"4","15:45-15:50","BTC","Up","Bid","23","0.27","390","105.3","15679.39","5889.8906","2026-07-04T15:44:30.4107274+03:00","2026-07-04 15:44:30","btc-updown-5m-1783169100","342505265293162704731429879788281847075158893480316756704455420926489201135"
"4","15:45-15:50","BTC","Up","Bid","24","0.26","270","70.2","15949.39","5960.0906","2026-07-04T15:44:30.4107274+03:00","2026-07-04 15:44:30","btc-updown-5m-1783169100","342505265293162704731429879788281847075158893480316756704455420926489201135"
"4","15:45-15:50","BTC","Up","Bid","25","0.25","385","96.25","16334.39","6056.3406","2026-07-04T15:44:30.4107274+03:00","2026-07-04 15:44:30","btc-updown-5m-1783169100","342505265293162704731429879788281847075158893480316756704455420926489201135"
"4","15:45-15:50","BTC","Up","Bid","26","0.24","775","186","17109.39","6242.3406","2026-07-04T15:44:30.4107274+03:00","2026-07-04 15:44:30","btc-updown-5m-1783169100","342505265293162704731429879788281847075158893480316756704455420926489201135"
"4","15:45-15:50","BTC","Up","Bid","27","0.23","100","23","17209.39","6265.3406","2026-07-04T15:44:30.4107274+03:00","2026-07-04 15:44:30","btc-updown-5m-1783169100","342505265293162704731429879788281847075158893480316756704455420926489201135"
"4","15:45-15:50","BTC","Up","Bid","28","0.22","705","155.1","17914.39","6420.4406","2026-07-04T15:44:30.4107274+03:00","2026-07-04 15:44:30","btc-updown-5m-1783169100","342505265293162704731429879788281847075158893480316756704455420926489201135"
"4","15:45-15:50","BTC","Up","Bid","29","0.21","837","175.77","18751.39","6596.2106","2026-07-04T15:44:30.4107274+03:00","2026-07-04 15:44:30","btc-updown-5m-1783169100","342505265293162704731429879788281847075158893480316756704455420926489201135"
"4","15:45-15:50","BTC","Up","Bid","30","0.2","797","159.4","19548.39","6755.6106","2026-07-04T15:44:30.4107274+03:00","2026-07-04 15:44:30","btc-updown-5m-1783169100","342505265293162704731429879788281847075158893480316756704455420926489201135"
"4","15:45-15:50","BTC","Up","Bid","31","0.19","31","5.89","19579.39","6761.5006","2026-07-04T15:44:30.4107274+03:00","2026-07-04 15:44:30","btc-updown-5m-1783169100","342505265293162704731429879788281847075158893480316756704455420926489201135"
"4","15:45-15:50","BTC","Up","Bid","32","0.18","36","6.48","19615.39","6767.9806","2026-07-04T15:44:30.4107274+03:00","2026-07-04 15:44:30","btc-updown-5m-1783169100","342505265293162704731429879788281847075158893480316756704455420926489201135"
"4","15:45-15:50","BTC","Up","Bid","33","0.17","18","3.06","19633.39","6771.0406","2026-07-04T15:44:30.4107274+03:00","2026-07-04 15:44:30","btc-updown-5m-1783169100","342505265293162704731429879788281847075158893480316756704455420926489201135"
"4","15:45-15:50","BTC","Up","Bid","34","0.16","47","7.52","19680.39","6778.5606","2026-07-04T15:44:30.4107274+03:00","2026-07-04 15:44:30","btc-updown-5m-1783169100","342505265293162704731429879788281847075158893480316756704455420926489201135"
"4","15:45-15:50","BTC","Up","Bid","35","0.15","2180.33","327.0495","21860.72","7105.6101","2026-07-04T15:44:30.4107274+03:00","2026-07-04 15:44:30","btc-updown-5m-1783169100","342505265293162704731429879788281847075158893480316756704455420926489201135"
"4","15:45-15:50","BTC","Up","Bid","36","0.14","28","3.92","21888.72","7109.5301","2026-07-04T15:44:30.4107274+03:00","2026-07-04 15:44:30","btc-updown-5m-1783169100","342505265293162704731429879788281847075158893480316756704455420926489201135"
"4","15:45-15:50","BTC","Up","Bid","37","0.13","67","8.71","21955.72","7118.2401","2026-07-04T15:44:30.4107274+03:00","2026-07-04 15:44:30","btc-updown-5m-1783169100","342505265293162704731429879788281847075158893480316756704455420926489201135"
"4","15:45-15:50","BTC","Up","Bid","38","0.12","67","8.04","22022.72","7126.2801","2026-07-04T15:44:30.4107274+03:00","2026-07-04 15:44:30","btc-updown-5m-1783169100","342505265293162704731429879788281847075158893480316756704455420926489201135"
"4","15:45-15:50","BTC","Up","Bid","39","0.11","260","28.6","22282.72","7154.8801","2026-07-04T15:44:30.4107274+03:00","2026-07-04 15:44:30","btc-updown-5m-1783169100","342505265293162704731429879788281847075158893480316756704455420926489201135"
"4","15:45-15:50","BTC","Up","Bid","40","0.1","3893","389.3","26175.72","7544.1801","2026-07-04T15:44:30.4107274+03:00","2026-07-04 15:44:30","btc-updown-5m-1783169100","342505265293162704731429879788281847075158893480316756704455420926489201135"
"4","15:45-15:50","BTC","Up","Bid","41","0.09","661.56","59.5404","26837.28","7603.7205","2026-07-04T15:44:30.4107274+03:00","2026-07-04 15:44:30","btc-updown-5m-1783169100","342505265293162704731429879788281847075158893480316756704455420926489201135"
"4","15:45-15:50","BTC","Up","Bid","42","0.08","752.5","60.2","27589.78","7663.9205","2026-07-04T15:44:30.4107274+03:00","2026-07-04 15:44:30","btc-updown-5m-1783169100","342505265293162704731429879788281847075158893480316756704455420926489201135"
"4","15:45-15:50","BTC","Up","Bid","43","0.07","1022.86","71.6002","28612.64","7735.5207","2026-07-04T15:44:30.4107274+03:00","2026-07-04 15:44:30","btc-updown-5m-1783169100","342505265293162704731429879788281847075158893480316756704455420926489201135"
"4","15:45-15:50","BTC","Up","Bid","44","0.06","1082.65","64.959","29695.29","7800.4797","2026-07-04T15:44:30.4107274+03:00","2026-07-04 15:44:30","btc-updown-5m-1783169100","342505265293162704731429879788281847075158893480316756704455420926489201135"
"4","15:45-15:50","BTC","Up","Bid","45","0.05","1321","66.05","31016.29","7866.5297","2026-07-04T15:44:30.4107274+03:00","2026-07-04 15:44:30","btc-updown-5m-1783169100","342505265293162704731429879788281847075158893480316756704455420926489201135"
"4","15:45-15:50","BTC","Up","Bid","46","0.04","1481.75","59.27","32498.04","7925.7997","2026-07-04T15:44:30.4107274+03:00","2026-07-04 15:44:30","btc-updown-5m-1783169100","342505265293162704731429879788281847075158893480316756704455420926489201135"
"4","15:45-15:50","BTC","Up","Bid","47","0.03","12140.82","364.2246","44638.86","8290.0243","2026-07-04T15:44:30.4107274+03:00","2026-07-04 15:44:30","btc-updown-5m-1783169100","342505265293162704731429879788281847075158893480316756704455420926489201135"
"4","15:45-15:50","BTC","Up","Bid","48","0.02","3105.97","62.1194","47744.83","8352.1437","2026-07-04T15:44:30.4107274+03:00","2026-07-04 15:44:30","btc-updown-5m-1783169100","342505265293162704731429879788281847075158893480316756704455420926489201135"
"4","15:45-15:50","BTC","Up","Bid","49","0.01","13565.96","135.6596","61310.79","8487.8033","2026-07-04T15:44:30.4107274+03:00","2026-07-04 15:44:30","btc-updown-5m-1783169100","342505265293162704731429879788281847075158893480316756704455420926489201135"
"4","15:45-15:50","ETH","Down","Ask","1","0.52","1.01","0.5252","1.01","0.5252","2026-07-04T15:44:30.6740484+03:00","2026-07-04 15:44:30","eth-updown-5m-1783169100","10529093165991718717736193270521043902222851968191588157252357449857750660774"
"4","15:45-15:50","ETH","Down","Ask","2","0.54","95","51.3","96.01","51.8252","2026-07-04T15:44:30.6740484+03:00","2026-07-04 15:44:30","eth-updown-5m-1783169100","10529093165991718717736193270521043902222851968191588157252357449857750660774"
"4","15:45-15:50","ETH","Down","Ask","3","0.55","226.33","124.4815","322.34","176.3067","2026-07-04T15:44:30.6740484+03:00","2026-07-04 15:44:30","eth-updown-5m-1783169100","10529093165991718717736193270521043902222851968191588157252357449857750660774"
"4","15:45-15:50","ETH","Down","Ask","4","0.56","362","202.72","684.34","379.0267","2026-07-04T15:44:30.6740484+03:00","2026-07-04 15:44:30","eth-updown-5m-1783169100","10529093165991718717736193270521043902222851968191588157252357449857750660774"
"4","15:45-15:50","ETH","Down","Ask","5","0.57","114.12","65.0484","798.46","444.0751","2026-07-04T15:44:30.6740484+03:00","2026-07-04 15:44:30","eth-updown-5m-1783169100","10529093165991718717736193270521043902222851968191588157252357449857750660774"
"4","15:45-15:50","ETH","Down","Ask","6","0.58","138.07","80.0806","936.53","524.1557","2026-07-04T15:44:30.6740484+03:00","2026-07-04 15:44:30","eth-updown-5m-1783169100","10529093165991718717736193270521043902222851968191588157252357449857750660774"
"4","15:45-15:50","ETH","Down","Ask","7","0.59","172","101.48","1108.53","625.6357","2026-07-04T15:44:30.6740484+03:00","2026-07-04 15:44:30","eth-updown-5m-1783169100","10529093165991718717736193270521043902222851968191588157252357449857750660774"
"4","15:45-15:50","ETH","Down","Ask","8","0.6","122.46","73.476","1230.99","699.1117","2026-07-04T15:44:30.6740484+03:00","2026-07-04 15:44:30","eth-updown-5m-1783169100","10529093165991718717736193270521043902222851968191588157252357449857750660774"
"4","15:45-15:50","ETH","Down","Ask","9","0.61","167.91","102.4251","1398.9","801.5368","2026-07-04T15:44:30.6740484+03:00","2026-07-04 15:44:30","eth-updown-5m-1783169100","10529093165991718717736193270521043902222851968191588157252357449857750660774"
"4","15:45-15:50","ETH","Down","Ask","10","0.62","207.28","128.5136","1606.18","930.0504","2026-07-04T15:44:30.6740484+03:00","2026-07-04 15:44:30","eth-updown-5m-1783169100","10529093165991718717736193270521043902222851968191588157252357449857750660774"
"4","15:45-15:50","ETH","Down","Ask","11","0.63","114.81","72.3303","1720.99","1002.3807","2026-07-04T15:44:30.6740484+03:00","2026-07-04 15:44:30","eth-updown-5m-1783169100","10529093165991718717736193270521043902222851968191588157252357449857750660774"
"4","15:45-15:50","ETH","Down","Ask","12","0.64","113.76","72.8064","1834.75","1075.1871","2026-07-04T15:44:30.6740484+03:00","2026-07-04 15:44:30","eth-updown-5m-1783169100","10529093165991718717736193270521043902222851968191588157252357449857750660774"
"4","15:45-15:50","ETH","Down","Ask","13","0.65","255","165.75","2089.75","1240.9371","2026-07-04T15:44:30.6740484+03:00","2026-07-04 15:44:30","eth-updown-5m-1783169100","10529093165991718717736193270521043902222851968191588157252357449857750660774"
"4","15:45-15:50","ETH","Down","Ask","14","0.66","50","33","2139.75","1273.9371","2026-07-04T15:44:30.6740484+03:00","2026-07-04 15:44:30","eth-updown-5m-1783169100","10529093165991718717736193270521043902222851968191588157252357449857750660774"
"4","15:45-15:50","ETH","Down","Ask","15","0.67","90","60.3","2229.75","1334.2371","2026-07-04T15:44:30.6740484+03:00","2026-07-04 15:44:30","eth-updown-5m-1783169100","10529093165991718717736193270521043902222851968191588157252357449857750660774"
"4","15:45-15:50","ETH","Down","Ask","16","0.68","115","78.2","2344.75","1412.4371","2026-07-04T15:44:30.6740484+03:00","2026-07-04 15:44:30","eth-updown-5m-1783169100","10529093165991718717736193270521043902222851968191588157252357449857750660774"
"4","15:45-15:50","ETH","Down","Ask","17","0.69","65","44.85","2409.75","1457.2871","2026-07-04T15:44:30.6740484+03:00","2026-07-04 15:44:30","eth-updown-5m-1783169100","10529093165991718717736193270521043902222851968191588157252357449857750660774"
"4","15:45-15:50","ETH","Down","Ask","18","0.7","205","143.5","2614.75","1600.7871","2026-07-04T15:44:30.6740484+03:00","2026-07-04 15:44:30","eth-updown-5m-1783169100","10529093165991718717736193270521043902222851968191588157252357449857750660774"
"4","15:45-15:50","ETH","Down","Ask","19","0.71","15","10.65","2629.75","1611.4371","2026-07-04T15:44:30.6740484+03:00","2026-07-04 15:44:30","eth-updown-5m-1783169100","10529093165991718717736193270521043902222851968191588157252357449857750660774"
"4","15:45-15:50","ETH","Down","Ask","20","0.72","80","57.6","2709.75","1669.0371","2026-07-04T15:44:30.6740484+03:00","2026-07-04 15:44:30","eth-updown-5m-1783169100","10529093165991718717736193270521043902222851968191588157252357449857750660774"
"4","15:45-15:50","ETH","Down","Ask","21","0.73","120","87.6","2829.75","1756.6371","2026-07-04T15:44:30.6740484+03:00","2026-07-04 15:44:30","eth-updown-5m-1783169100","10529093165991718717736193270521043902222851968191588157252357449857750660774"
"4","15:45-15:50","ETH","Down","Ask","22","0.74","125","92.5","2954.75","1849.1371","2026-07-04T15:44:30.6740484+03:00","2026-07-04 15:44:30","eth-updown-5m-1783169100","10529093165991718717736193270521043902222851968191588157252357449857750660774"
"4","15:45-15:50","ETH","Down","Ask","23","0.75","20","15","2974.75","1864.1371","2026-07-04T15:44:30.6740484+03:00","2026-07-04 15:44:30","eth-updown-5m-1783169100","10529093165991718717736193270521043902222851968191588157252357449857750660774"
"4","15:45-15:50","ETH","Down","Ask","24","0.76","195","148.2","3169.75","2012.3371","2026-07-04T15:44:30.6740484+03:00","2026-07-04 15:44:30","eth-updown-5m-1783169100","10529093165991718717736193270521043902222851968191588157252357449857750660774"
"4","15:45-15:50","ETH","Down","Ask","25","0.77","90","69.3","3259.75","2081.6371","2026-07-04T15:44:30.6740484+03:00","2026-07-04 15:44:30","eth-updown-5m-1783169100","10529093165991718717736193270521043902222851968191588157252357449857750660774"
"4","15:45-15:50","ETH","Down","Ask","26","0.78","35","27.3","3294.75","2108.9371","2026-07-04T15:44:30.6740484+03:00","2026-07-04 15:44:30","eth-updown-5m-1783169100","10529093165991718717736193270521043902222851968191588157252357449857750660774"
"4","15:45-15:50","ETH","Down","Ask","27","0.79","187","147.73","3481.75","2256.6671","2026-07-04T15:44:30.6740484+03:00","2026-07-04 15:44:30","eth-updown-5m-1783169100","10529093165991718717736193270521043902222851968191588157252357449857750660774"
"4","15:45-15:50","ETH","Down","Ask","28","0.8","207","165.6","3688.75","2422.2671","2026-07-04T15:44:30.6740484+03:00","2026-07-04 15:44:30","eth-updown-5m-1783169100","10529093165991718717736193270521043902222851968191588157252357449857750660774"
"4","15:45-15:50","ETH","Down","Ask","29","0.81","37","29.97","3725.75","2452.2371","2026-07-04T15:44:30.6740484+03:00","2026-07-04 15:44:30","eth-updown-5m-1783169100","10529093165991718717736193270521043902222851968191588157252357449857750660774"
"4","15:45-15:50","ETH","Down","Ask","30","0.82","12","9.84","3737.75","2462.0771","2026-07-04T15:44:30.6740484+03:00","2026-07-04 15:44:30","eth-updown-5m-1783169100","10529093165991718717736193270521043902222851968191588157252357449857750660774"
"4","15:45-15:50","ETH","Down","Ask","31","0.83","7","5.81","3744.75","2467.8871","2026-07-04T15:44:30.6740484+03:00","2026-07-04 15:44:30","eth-updown-5m-1783169100","10529093165991718717736193270521043902222851968191588157252357449857750660774"
"4","15:45-15:50","ETH","Down","Ask","32","0.84","35","29.4","3779.75","2497.2871","2026-07-04T15:44:30.6740484+03:00","2026-07-04 15:44:30","eth-updown-5m-1783169100","10529093165991718717736193270521043902222851968191588157252357449857750660774"
"4","15:45-15:50","ETH","Down","Ask","33","0.85","1635","1389.75","5414.75","3887.0371","2026-07-04T15:44:30.6740484+03:00","2026-07-04 15:44:30","eth-updown-5m-1783169100","10529093165991718717736193270521043902222851968191588157252357449857750660774"
"4","15:45-15:50","ETH","Down","Ask","34","0.86","20","17.2","5434.75","3904.2371","2026-07-04T15:44:30.6740484+03:00","2026-07-04 15:44:30","eth-updown-5m-1783169100","10529093165991718717736193270521043902222851968191588157252357449857750660774"
"4","15:45-15:50","ETH","Down","Ask","35","0.87","67","58.29","5501.75","3962.5271","2026-07-04T15:44:30.6740484+03:00","2026-07-04 15:44:30","eth-updown-5m-1783169100","10529093165991718717736193270521043902222851968191588157252357449857750660774"
"4","15:45-15:50","ETH","Down","Ask","36","0.88","67","58.96","5568.75","4021.4871","2026-07-04T15:44:30.6740484+03:00","2026-07-04 15:44:30","eth-updown-5m-1783169100","10529093165991718717736193270521043902222851968191588157252357449857750660774"
"4","15:45-15:50","ETH","Down","Ask","37","0.89","22","19.58","5590.75","4041.0671","2026-07-04T15:44:30.6740484+03:00","2026-07-04 15:44:30","eth-updown-5m-1783169100","10529093165991718717736193270521043902222851968191588157252357449857750660774"
"4","15:45-15:50","ETH","Down","Ask","38","0.9","2872","2584.8","8462.75","6625.8671","2026-07-04T15:44:30.6740484+03:00","2026-07-04 15:44:30","eth-updown-5m-1783169100","10529093165991718717736193270521043902222851968191588157252357449857750660774"
"4","15:45-15:50","ETH","Down","Ask","39","0.91","632.56","575.6296","9095.31","7201.4967","2026-07-04T15:44:30.6740484+03:00","2026-07-04 15:44:30","eth-updown-5m-1783169100","10529093165991718717736193270521043902222851968191588157252357449857750660774"
"4","15:45-15:50","ETH","Down","Ask","40","0.92","584.5","537.74","9679.81","7739.2367","2026-07-04T15:44:30.6740484+03:00","2026-07-04 15:44:30","eth-updown-5m-1783169100","10529093165991718717736193270521043902222851968191588157252357449857750660774"
"4","15:45-15:50","ETH","Down","Ask","41","0.93","747","694.71","10426.81","8433.9467","2026-07-04T15:44:30.6740484+03:00","2026-07-04 15:44:30","eth-updown-5m-1783169100","10529093165991718717736193270521043902222851968191588157252357449857750660774"
"4","15:45-15:50","ETH","Down","Ask","42","0.94","836.65","786.451","11263.46","9220.3977","2026-07-04T15:44:30.6740484+03:00","2026-07-04 15:44:30","eth-updown-5m-1783169100","10529093165991718717736193270521043902222851968191588157252357449857750660774"
"4","15:45-15:50","ETH","Down","Ask","43","0.95","735","698.25","11998.46","9918.6477","2026-07-04T15:44:30.6740484+03:00","2026-07-04 15:44:30","eth-updown-5m-1783169100","10529093165991718717736193270521043902222851968191588157252357449857750660774"
"4","15:45-15:50","ETH","Down","Ask","44","0.96","1062.5","1020","13060.96","10938.6477","2026-07-04T15:44:30.6740484+03:00","2026-07-04 15:44:30","eth-updown-5m-1783169100","10529093165991718717736193270521043902222851968191588157252357449857750660774"
"4","15:45-15:50","ETH","Down","Ask","45","0.97","11070","10737.9","24130.96","21676.5477","2026-07-04T15:44:30.6740484+03:00","2026-07-04 15:44:30","eth-updown-5m-1783169100","10529093165991718717736193270521043902222851968191588157252357449857750660774"
"4","15:45-15:50","ETH","Down","Ask","46","0.98","1095","1073.1","25225.96","22749.6477","2026-07-04T15:44:30.6740484+03:00","2026-07-04 15:44:30","eth-updown-5m-1783169100","10529093165991718717736193270521043902222851968191588157252357449857750660774"
"4","15:45-15:50","ETH","Down","Ask","47","0.99","8713.38","8626.2462","33939.34","31375.8939","2026-07-04T15:44:30.6740484+03:00","2026-07-04 15:44:30","eth-updown-5m-1783169100","10529093165991718717736193270521043902222851968191588157252357449857750660774"
"4","15:45-15:50","ETH","Down","Bid","1","0.51","287.61","146.6811","287.61","146.6811","2026-07-04T15:44:30.6740484+03:00","2026-07-04 15:44:30","eth-updown-5m-1783169100","10529093165991718717736193270521043902222851968191588157252357449857750660774"
"4","15:45-15:50","ETH","Down","Bid","2","0.5","220","110","507.61","256.6811","2026-07-04T15:44:30.6740484+03:00","2026-07-04 15:44:30","eth-updown-5m-1783169100","10529093165991718717736193270521043902222851968191588157252357449857750660774"
"4","15:45-15:50","ETH","Down","Bid","3","0.49","235","115.15","742.61","371.8311","2026-07-04T15:44:30.6740484+03:00","2026-07-04 15:44:30","eth-updown-5m-1783169100","10529093165991718717736193270521043902222851968191588157252357449857750660774"
"4","15:45-15:50","ETH","Down","Bid","4","0.48","45","21.6","787.61","393.4311","2026-07-04T15:44:30.6740484+03:00","2026-07-04 15:44:30","eth-updown-5m-1783169100","10529093165991718717736193270521043902222851968191588157252357449857750660774"
"4","15:45-15:50","ETH","Down","Bid","5","0.47","40","18.8","827.61","412.2311","2026-07-04T15:44:30.6740484+03:00","2026-07-04 15:44:30","eth-updown-5m-1783169100","10529093165991718717736193270521043902222851968191588157252357449857750660774"
"4","15:45-15:50","ETH","Down","Bid","6","0.46","46.52","21.3992","874.13","433.6303","2026-07-04T15:44:30.6740484+03:00","2026-07-04 15:44:30","eth-updown-5m-1783169100","10529093165991718717736193270521043902222851968191588157252357449857750660774"
"4","15:45-15:50","ETH","Down","Bid","7","0.45","101.66","45.747","975.79","479.3773","2026-07-04T15:44:30.6740484+03:00","2026-07-04 15:44:30","eth-updown-5m-1783169100","10529093165991718717736193270521043902222851968191588157252357449857750660774"
"4","15:45-15:50","ETH","Down","Bid","8","0.44","195.36","85.9584","1171.15","565.3357","2026-07-04T15:44:30.6740484+03:00","2026-07-04 15:44:30","eth-updown-5m-1783169100","10529093165991718717736193270521043902222851968191588157252357449857750660774"
"4","15:45-15:50","ETH","Down","Bid","9","0.43","101.12","43.4816","1272.27","608.8173","2026-07-04T15:44:30.6740484+03:00","2026-07-04 15:44:30","eth-updown-5m-1783169100","10529093165991718717736193270521043902222851968191588157252357449857750660774"
"4","15:45-15:50","ETH","Down","Bid","10","0.42","108.07","45.3894","1380.34","654.2067","2026-07-04T15:44:30.6740484+03:00","2026-07-04 15:44:30","eth-updown-5m-1783169100","10529093165991718717736193270521043902222851968191588157252357449857750660774"
"4","15:45-15:50","ETH","Down","Bid","11","0.41","142","58.22","1522.34","712.4267","2026-07-04T15:44:30.6740484+03:00","2026-07-04 15:44:30","eth-updown-5m-1783169100","10529093165991718717736193270521043902222851968191588157252357449857750660774"
"4","15:45-15:50","ETH","Down","Bid","12","0.4","92.46","36.984","1614.8","749.4107","2026-07-04T15:44:30.6740484+03:00","2026-07-04 15:44:30","eth-updown-5m-1783169100","10529093165991718717736193270521043902222851968191588157252357449857750660774"
"4","15:45-15:50","ETH","Down","Bid","13","0.39","130.91","51.0549","1745.71","800.4656","2026-07-04T15:44:30.6740484+03:00","2026-07-04 15:44:30","eth-updown-5m-1783169100","10529093165991718717736193270521043902222851968191588157252357449857750660774"
"4","15:45-15:50","ETH","Down","Bid","14","0.38","170.28","64.7064","1915.99","865.172","2026-07-04T15:44:30.6740484+03:00","2026-07-04 15:44:30","eth-updown-5m-1783169100","10529093165991718717736193270521043902222851968191588157252357449857750660774"
"4","15:45-15:50","ETH","Down","Bid","15","0.37","107.81","39.8897","2023.8","905.0617","2026-07-04T15:44:30.6740484+03:00","2026-07-04 15:44:30","eth-updown-5m-1783169100","10529093165991718717736193270521043902222851968191588157252357449857750660774"
"4","15:45-15:50","ETH","Down","Bid","16","0.36","113.76","40.9536","2137.56","946.0153","2026-07-04T15:44:30.6740484+03:00","2026-07-04 15:44:30","eth-updown-5m-1783169100","10529093165991718717736193270521043902222851968191588157252357449857750660774"
"4","15:45-15:50","ETH","Down","Bid","17","0.35","255","89.25","2392.56","1035.2653","2026-07-04T15:44:30.6740484+03:00","2026-07-04 15:44:30","eth-updown-5m-1783169100","10529093165991718717736193270521043902222851968191588157252357449857750660774"
"4","15:45-15:50","ETH","Down","Bid","18","0.34","50","17","2442.56","1052.2653","2026-07-04T15:44:30.6740484+03:00","2026-07-04 15:44:30","eth-updown-5m-1783169100","10529093165991718717736193270521043902222851968191588157252357449857750660774"
"4","15:45-15:50","ETH","Down","Bid","19","0.33","90","29.7","2532.56","1081.9653","2026-07-04T15:44:30.6740484+03:00","2026-07-04 15:44:30","eth-updown-5m-1783169100","10529093165991718717736193270521043902222851968191588157252357449857750660774"
"4","15:45-15:50","ETH","Down","Bid","20","0.32","115","36.8","2647.56","1118.7653","2026-07-04T15:44:30.6740484+03:00","2026-07-04 15:44:30","eth-updown-5m-1783169100","10529093165991718717736193270521043902222851968191588157252357449857750660774"
"4","15:45-15:50","ETH","Down","Bid","21","0.31","65","20.15","2712.56","1138.9153","2026-07-04T15:44:30.6740484+03:00","2026-07-04 15:44:30","eth-updown-5m-1783169100","10529093165991718717736193270521043902222851968191588157252357449857750660774"
"4","15:45-15:50","ETH","Down","Bid","22","0.3","205","61.5","2917.56","1200.4153","2026-07-04T15:44:30.6740484+03:00","2026-07-04 15:44:30","eth-updown-5m-1783169100","10529093165991718717736193270521043902222851968191588157252357449857750660774"
"4","15:45-15:50","ETH","Down","Bid","23","0.29","15","4.35","2932.56","1204.7653","2026-07-04T15:44:30.6740484+03:00","2026-07-04 15:44:30","eth-updown-5m-1783169100","10529093165991718717736193270521043902222851968191588157252357449857750660774"
"4","15:45-15:50","ETH","Down","Bid","24","0.28","80","22.4","3012.56","1227.1653","2026-07-04T15:44:30.6740484+03:00","2026-07-04 15:44:30","eth-updown-5m-1783169100","10529093165991718717736193270521043902222851968191588157252357449857750660774"
"4","15:45-15:50","ETH","Down","Bid","25","0.27","120","32.4","3132.56","1259.5653","2026-07-04T15:44:30.6740484+03:00","2026-07-04 15:44:30","eth-updown-5m-1783169100","10529093165991718717736193270521043902222851968191588157252357449857750660774"
"4","15:45-15:50","ETH","Down","Bid","26","0.26","125","32.5","3257.56","1292.0653","2026-07-04T15:44:30.6740484+03:00","2026-07-04 15:44:30","eth-updown-5m-1783169100","10529093165991718717736193270521043902222851968191588157252357449857750660774"
"4","15:45-15:50","ETH","Down","Bid","27","0.25","20","5","3277.56","1297.0653","2026-07-04T15:44:30.6740484+03:00","2026-07-04 15:44:30","eth-updown-5m-1783169100","10529093165991718717736193270521043902222851968191588157252357449857750660774"
"4","15:45-15:50","ETH","Down","Bid","28","0.24","195","46.8","3472.56","1343.8653","2026-07-04T15:44:30.6740484+03:00","2026-07-04 15:44:30","eth-updown-5m-1783169100","10529093165991718717736193270521043902222851968191588157252357449857750660774"
"4","15:45-15:50","ETH","Down","Bid","29","0.23","90","20.7","3562.56","1364.5653","2026-07-04T15:44:30.6740484+03:00","2026-07-04 15:44:30","eth-updown-5m-1783169100","10529093165991718717736193270521043902222851968191588157252357449857750660774"
"4","15:45-15:50","ETH","Down","Bid","30","0.22","35","7.7","3597.56","1372.2653","2026-07-04T15:44:30.6740484+03:00","2026-07-04 15:44:30","eth-updown-5m-1783169100","10529093165991718717736193270521043902222851968191588157252357449857750660774"
"4","15:45-15:50","ETH","Down","Bid","31","0.21","187","39.27","3784.56","1411.5353","2026-07-04T15:44:30.6740484+03:00","2026-07-04 15:44:30","eth-updown-5m-1783169100","10529093165991718717736193270521043902222851968191588157252357449857750660774"
"4","15:45-15:50","ETH","Down","Bid","32","0.2","207","41.4","3991.56","1452.9353","2026-07-04T15:44:30.6740484+03:00","2026-07-04 15:44:30","eth-updown-5m-1783169100","10529093165991718717736193270521043902222851968191588157252357449857750660774"
"4","15:45-15:50","ETH","Down","Bid","33","0.19","37","7.03","4028.56","1459.9653","2026-07-04T15:44:30.6740484+03:00","2026-07-04 15:44:30","eth-updown-5m-1783169100","10529093165991718717736193270521043902222851968191588157252357449857750660774"
"4","15:45-15:50","ETH","Down","Bid","34","0.18","12","2.16","4040.56","1462.1253","2026-07-04T15:44:30.6740484+03:00","2026-07-04 15:44:30","eth-updown-5m-1783169100","10529093165991718717736193270521043902222851968191588157252357449857750660774"
"4","15:45-15:50","ETH","Down","Bid","35","0.17","7","1.19","4047.56","1463.3153","2026-07-04T15:44:30.6740484+03:00","2026-07-04 15:44:30","eth-updown-5m-1783169100","10529093165991718717736193270521043902222851968191588157252357449857750660774"
"4","15:45-15:50","ETH","Down","Bid","36","0.16","35","5.6","4082.56","1468.9153","2026-07-04T15:44:30.6740484+03:00","2026-07-04 15:44:30","eth-updown-5m-1783169100","10529093165991718717736193270521043902222851968191588157252357449857750660774"
"4","15:45-15:50","ETH","Down","Bid","37","0.15","1635","245.25","5717.56","1714.1653","2026-07-04T15:44:30.6740484+03:00","2026-07-04 15:44:30","eth-updown-5m-1783169100","10529093165991718717736193270521043902222851968191588157252357449857750660774"
"4","15:45-15:50","ETH","Down","Bid","38","0.14","20","2.8","5737.56","1716.9653","2026-07-04T15:44:30.6740484+03:00","2026-07-04 15:44:30","eth-updown-5m-1783169100","10529093165991718717736193270521043902222851968191588157252357449857750660774"
"4","15:45-15:50","ETH","Down","Bid","39","0.13","67","8.71","5804.56","1725.6753","2026-07-04T15:44:30.6740484+03:00","2026-07-04 15:44:30","eth-updown-5m-1783169100","10529093165991718717736193270521043902222851968191588157252357449857750660774"
"4","15:45-15:50","ETH","Down","Bid","40","0.12","67","8.04","5871.56","1733.7153","2026-07-04T15:44:30.6740484+03:00","2026-07-04 15:44:30","eth-updown-5m-1783169100","10529093165991718717736193270521043902222851968191588157252357449857750660774"
"4","15:45-15:50","ETH","Down","Bid","41","0.11","22","2.42","5893.56","1736.1353","2026-07-04T15:44:30.6740484+03:00","2026-07-04 15:44:30","eth-updown-5m-1783169100","10529093165991718717736193270521043902222851968191588157252357449857750660774"
"4","15:45-15:50","ETH","Down","Bid","42","0.1","2872","287.2","8765.56","2023.3353","2026-07-04T15:44:30.6740484+03:00","2026-07-04 15:44:30","eth-updown-5m-1783169100","10529093165991718717736193270521043902222851968191588157252357449857750660774"
"4","15:45-15:50","ETH","Down","Bid","43","0.09","632.56","56.9304","9398.12","2080.2657","2026-07-04T15:44:30.6740484+03:00","2026-07-04 15:44:30","eth-updown-5m-1783169100","10529093165991718717736193270521043902222851968191588157252357449857750660774"
"4","15:45-15:50","ETH","Down","Bid","44","0.08","584.5","46.76","9982.62","2127.0257","2026-07-04T15:44:30.6740484+03:00","2026-07-04 15:44:30","eth-updown-5m-1783169100","10529093165991718717736193270521043902222851968191588157252357449857750660774"
"4","15:45-15:50","ETH","Down","Bid","45","0.07","747","52.29","10729.62","2179.3157","2026-07-04T15:44:30.6740484+03:00","2026-07-04 15:44:30","eth-updown-5m-1783169100","10529093165991718717736193270521043902222851968191588157252357449857750660774"
"4","15:45-15:50","ETH","Down","Bid","46","0.06","836.65","50.199","11566.27","2229.5147","2026-07-04T15:44:30.6740484+03:00","2026-07-04 15:44:30","eth-updown-5m-1783169100","10529093165991718717736193270521043902222851968191588157252357449857750660774"
"4","15:45-15:50","ETH","Down","Bid","47","0.05","735","36.75","12301.27","2266.2647","2026-07-04T15:44:30.6740484+03:00","2026-07-04 15:44:30","eth-updown-5m-1783169100","10529093165991718717736193270521043902222851968191588157252357449857750660774"
"4","15:45-15:50","ETH","Down","Bid","48","0.04","1062.5","42.5","13363.77","2308.7647","2026-07-04T15:44:30.6740484+03:00","2026-07-04 15:44:30","eth-updown-5m-1783169100","10529093165991718717736193270521043902222851968191588157252357449857750660774"
"4","15:45-15:50","ETH","Down","Bid","49","0.03","11075","332.25","24438.77","2641.0147","2026-07-04T15:44:30.6740484+03:00","2026-07-04 15:44:30","eth-updown-5m-1783169100","10529093165991718717736193270521043902222851968191588157252357449857750660774"
"4","15:45-15:50","ETH","Down","Bid","50","0.02","1095","21.9","25533.77","2662.9147","2026-07-04T15:44:30.6740484+03:00","2026-07-04 15:44:30","eth-updown-5m-1783169100","10529093165991718717736193270521043902222851968191588157252357449857750660774"
"4","15:45-15:50","ETH","Down","Bid","51","0.01","8577","85.77","34110.77","2748.6847","2026-07-04T15:44:30.6740484+03:00","2026-07-04 15:44:30","eth-updown-5m-1783169100","10529093165991718717736193270521043902222851968191588157252357449857750660774"
"4","15:45-15:50","ETH","Up","Ask","1","0.49","287.61","140.9289","287.61","140.9289","2026-07-04T15:44:30.9046727+03:00","2026-07-04 15:44:30","eth-updown-5m-1783169100","65698748740041482870880137201062772436197272650802312896856712313038204382144"
"4","15:45-15:50","ETH","Up","Ask","2","0.5","220","110","507.61","250.9289","2026-07-04T15:44:30.9046727+03:00","2026-07-04 15:44:30","eth-updown-5m-1783169100","65698748740041482870880137201062772436197272650802312896856712313038204382144"
"4","15:45-15:50","ETH","Up","Ask","3","0.51","235","119.85","742.61","370.7789","2026-07-04T15:44:30.9046727+03:00","2026-07-04 15:44:30","eth-updown-5m-1783169100","65698748740041482870880137201062772436197272650802312896856712313038204382144"
"4","15:45-15:50","ETH","Up","Ask","4","0.52","45","23.4","787.61","394.1789","2026-07-04T15:44:30.9046727+03:00","2026-07-04 15:44:30","eth-updown-5m-1783169100","65698748740041482870880137201062772436197272650802312896856712313038204382144"
"4","15:45-15:50","ETH","Up","Ask","5","0.53","40","21.2","827.61","415.3789","2026-07-04T15:44:30.9046727+03:00","2026-07-04 15:44:30","eth-updown-5m-1783169100","65698748740041482870880137201062772436197272650802312896856712313038204382144"
"4","15:45-15:50","ETH","Up","Ask","6","0.54","46.52","25.1208","874.13","440.4997","2026-07-04T15:44:30.9046727+03:00","2026-07-04 15:44:30","eth-updown-5m-1783169100","65698748740041482870880137201062772436197272650802312896856712313038204382144"
"4","15:45-15:50","ETH","Up","Ask","7","0.55","101.66","55.913","975.79","496.4127","2026-07-04T15:44:30.9046727+03:00","2026-07-04 15:44:30","eth-updown-5m-1783169100","65698748740041482870880137201062772436197272650802312896856712313038204382144"
"4","15:45-15:50","ETH","Up","Ask","8","0.56","195.36","109.4016","1171.15","605.8143","2026-07-04T15:44:30.9046727+03:00","2026-07-04 15:44:30","eth-updown-5m-1783169100","65698748740041482870880137201062772436197272650802312896856712313038204382144"
"4","15:45-15:50","ETH","Up","Ask","9","0.57","101.12","57.6384","1272.27","663.4527","2026-07-04T15:44:30.9046727+03:00","2026-07-04 15:44:30","eth-updown-5m-1783169100","65698748740041482870880137201062772436197272650802312896856712313038204382144"
"4","15:45-15:50","ETH","Up","Ask","10","0.58","108.07","62.6806","1380.34","726.1333","2026-07-04T15:44:30.9046727+03:00","2026-07-04 15:44:30","eth-updown-5m-1783169100","65698748740041482870880137201062772436197272650802312896856712313038204382144"
"4","15:45-15:50","ETH","Up","Ask","11","0.59","142","83.78","1522.34","809.9133","2026-07-04T15:44:30.9046727+03:00","2026-07-04 15:44:30","eth-updown-5m-1783169100","65698748740041482870880137201062772436197272650802312896856712313038204382144"
"4","15:45-15:50","ETH","Up","Ask","12","0.6","92.46","55.476","1614.8","865.3893","2026-07-04T15:44:30.9046727+03:00","2026-07-04 15:44:30","eth-updown-5m-1783169100","65698748740041482870880137201062772436197272650802312896856712313038204382144"
"4","15:45-15:50","ETH","Up","Ask","13","0.61","130.91","79.8551","1745.71","945.2444","2026-07-04T15:44:30.9046727+03:00","2026-07-04 15:44:30","eth-updown-5m-1783169100","65698748740041482870880137201062772436197272650802312896856712313038204382144"
"4","15:45-15:50","ETH","Up","Ask","14","0.62","170.28","105.5736","1915.99","1050.818","2026-07-04T15:44:30.9046727+03:00","2026-07-04 15:44:30","eth-updown-5m-1783169100","65698748740041482870880137201062772436197272650802312896856712313038204382144"
"4","15:45-15:50","ETH","Up","Ask","15","0.63","107.81","67.9203","2023.8","1118.7383","2026-07-04T15:44:30.9046727+03:00","2026-07-04 15:44:30","eth-updown-5m-1783169100","65698748740041482870880137201062772436197272650802312896856712313038204382144"
"4","15:45-15:50","ETH","Up","Ask","16","0.64","113.76","72.8064","2137.56","1191.5447","2026-07-04T15:44:30.9046727+03:00","2026-07-04 15:44:30","eth-updown-5m-1783169100","65698748740041482870880137201062772436197272650802312896856712313038204382144"
"4","15:45-15:50","ETH","Up","Ask","17","0.65","255","165.75","2392.56","1357.2947","2026-07-04T15:44:30.9046727+03:00","2026-07-04 15:44:30","eth-updown-5m-1783169100","65698748740041482870880137201062772436197272650802312896856712313038204382144"
"4","15:45-15:50","ETH","Up","Ask","18","0.66","50","33","2442.56","1390.2947","2026-07-04T15:44:30.9046727+03:00","2026-07-04 15:44:30","eth-updown-5m-1783169100","65698748740041482870880137201062772436197272650802312896856712313038204382144"
"4","15:45-15:50","ETH","Up","Ask","19","0.67","90","60.3","2532.56","1450.5947","2026-07-04T15:44:30.9046727+03:00","2026-07-04 15:44:30","eth-updown-5m-1783169100","65698748740041482870880137201062772436197272650802312896856712313038204382144"
"4","15:45-15:50","ETH","Up","Ask","20","0.68","115","78.2","2647.56","1528.7947","2026-07-04T15:44:30.9046727+03:00","2026-07-04 15:44:30","eth-updown-5m-1783169100","65698748740041482870880137201062772436197272650802312896856712313038204382144"
"4","15:45-15:50","ETH","Up","Ask","21","0.69","65","44.85","2712.56","1573.6447","2026-07-04T15:44:30.9046727+03:00","2026-07-04 15:44:30","eth-updown-5m-1783169100","65698748740041482870880137201062772436197272650802312896856712313038204382144"
"4","15:45-15:50","ETH","Up","Ask","22","0.7","205","143.5","2917.56","1717.1447","2026-07-04T15:44:30.9046727+03:00","2026-07-04 15:44:30","eth-updown-5m-1783169100","65698748740041482870880137201062772436197272650802312896856712313038204382144"
"4","15:45-15:50","ETH","Up","Ask","23","0.71","15","10.65","2932.56","1727.7947","2026-07-04T15:44:30.9046727+03:00","2026-07-04 15:44:30","eth-updown-5m-1783169100","65698748740041482870880137201062772436197272650802312896856712313038204382144"
"4","15:45-15:50","ETH","Up","Ask","24","0.72","80","57.6","3012.56","1785.3947","2026-07-04T15:44:30.9046727+03:00","2026-07-04 15:44:30","eth-updown-5m-1783169100","65698748740041482870880137201062772436197272650802312896856712313038204382144"
"4","15:45-15:50","ETH","Up","Ask","25","0.73","120","87.6","3132.56","1872.9947","2026-07-04T15:44:30.9046727+03:00","2026-07-04 15:44:30","eth-updown-5m-1783169100","65698748740041482870880137201062772436197272650802312896856712313038204382144"
"4","15:45-15:50","ETH","Up","Ask","26","0.74","125","92.5","3257.56","1965.4947","2026-07-04T15:44:30.9046727+03:00","2026-07-04 15:44:30","eth-updown-5m-1783169100","65698748740041482870880137201062772436197272650802312896856712313038204382144"
"4","15:45-15:50","ETH","Up","Ask","27","0.75","20","15","3277.56","1980.4947","2026-07-04T15:44:30.9046727+03:00","2026-07-04 15:44:30","eth-updown-5m-1783169100","65698748740041482870880137201062772436197272650802312896856712313038204382144"
"4","15:45-15:50","ETH","Up","Ask","28","0.76","195","148.2","3472.56","2128.6947","2026-07-04T15:44:30.9046727+03:00","2026-07-04 15:44:30","eth-updown-5m-1783169100","65698748740041482870880137201062772436197272650802312896856712313038204382144"
"4","15:45-15:50","ETH","Up","Ask","29","0.77","90","69.3","3562.56","2197.9947","2026-07-04T15:44:30.9046727+03:00","2026-07-04 15:44:30","eth-updown-5m-1783169100","65698748740041482870880137201062772436197272650802312896856712313038204382144"
"4","15:45-15:50","ETH","Up","Ask","30","0.78","35","27.3","3597.56","2225.2947","2026-07-04T15:44:30.9046727+03:00","2026-07-04 15:44:30","eth-updown-5m-1783169100","65698748740041482870880137201062772436197272650802312896856712313038204382144"
"4","15:45-15:50","ETH","Up","Ask","31","0.79","187","147.73","3784.56","2373.0247","2026-07-04T15:44:30.9046727+03:00","2026-07-04 15:44:30","eth-updown-5m-1783169100","65698748740041482870880137201062772436197272650802312896856712313038204382144"
"4","15:45-15:50","ETH","Up","Ask","32","0.8","207","165.6","3991.56","2538.6247","2026-07-04T15:44:30.9046727+03:00","2026-07-04 15:44:30","eth-updown-5m-1783169100","65698748740041482870880137201062772436197272650802312896856712313038204382144"
"4","15:45-15:50","ETH","Up","Ask","33","0.81","37","29.97","4028.56","2568.5947","2026-07-04T15:44:30.9046727+03:00","2026-07-04 15:44:30","eth-updown-5m-1783169100","65698748740041482870880137201062772436197272650802312896856712313038204382144"
"4","15:45-15:50","ETH","Up","Ask","34","0.82","12","9.84","4040.56","2578.4347","2026-07-04T15:44:30.9046727+03:00","2026-07-04 15:44:30","eth-updown-5m-1783169100","65698748740041482870880137201062772436197272650802312896856712313038204382144"
"4","15:45-15:50","ETH","Up","Ask","35","0.83","7","5.81","4047.56","2584.2447","2026-07-04T15:44:30.9046727+03:00","2026-07-04 15:44:30","eth-updown-5m-1783169100","65698748740041482870880137201062772436197272650802312896856712313038204382144"
"4","15:45-15:50","ETH","Up","Ask","36","0.84","35","29.4","4082.56","2613.6447","2026-07-04T15:44:30.9046727+03:00","2026-07-04 15:44:30","eth-updown-5m-1783169100","65698748740041482870880137201062772436197272650802312896856712313038204382144"
"4","15:45-15:50","ETH","Up","Ask","37","0.85","1635","1389.75","5717.56","4003.3947","2026-07-04T15:44:30.9046727+03:00","2026-07-04 15:44:30","eth-updown-5m-1783169100","65698748740041482870880137201062772436197272650802312896856712313038204382144"
"4","15:45-15:50","ETH","Up","Ask","38","0.86","20","17.2","5737.56","4020.5947","2026-07-04T15:44:30.9046727+03:00","2026-07-04 15:44:30","eth-updown-5m-1783169100","65698748740041482870880137201062772436197272650802312896856712313038204382144"
"4","15:45-15:50","ETH","Up","Ask","39","0.87","67","58.29","5804.56","4078.8847","2026-07-04T15:44:30.9046727+03:00","2026-07-04 15:44:30","eth-updown-5m-1783169100","65698748740041482870880137201062772436197272650802312896856712313038204382144"
"4","15:45-15:50","ETH","Up","Ask","40","0.88","67","58.96","5871.56","4137.8447","2026-07-04T15:44:30.9046727+03:00","2026-07-04 15:44:30","eth-updown-5m-1783169100","65698748740041482870880137201062772436197272650802312896856712313038204382144"
"4","15:45-15:50","ETH","Up","Ask","41","0.89","22","19.58","5893.56","4157.4247","2026-07-04T15:44:30.9046727+03:00","2026-07-04 15:44:30","eth-updown-5m-1783169100","65698748740041482870880137201062772436197272650802312896856712313038204382144"
"4","15:45-15:50","ETH","Up","Ask","42","0.9","2872","2584.8","8765.56","6742.2247","2026-07-04T15:44:30.9046727+03:00","2026-07-04 15:44:30","eth-updown-5m-1783169100","65698748740041482870880137201062772436197272650802312896856712313038204382144"
"4","15:45-15:50","ETH","Up","Ask","43","0.91","632.56","575.6296","9398.12","7317.8543","2026-07-04T15:44:30.9046727+03:00","2026-07-04 15:44:30","eth-updown-5m-1783169100","65698748740041482870880137201062772436197272650802312896856712313038204382144"
"4","15:45-15:50","ETH","Up","Ask","44","0.92","584.5","537.74","9982.62","7855.5943","2026-07-04T15:44:30.9046727+03:00","2026-07-04 15:44:30","eth-updown-5m-1783169100","65698748740041482870880137201062772436197272650802312896856712313038204382144"
"4","15:45-15:50","ETH","Up","Ask","45","0.93","747","694.71","10729.62","8550.3043","2026-07-04T15:44:30.9046727+03:00","2026-07-04 15:44:30","eth-updown-5m-1783169100","65698748740041482870880137201062772436197272650802312896856712313038204382144"
"4","15:45-15:50","ETH","Up","Ask","46","0.94","836.65","786.451","11566.27","9336.7553","2026-07-04T15:44:30.9046727+03:00","2026-07-04 15:44:30","eth-updown-5m-1783169100","65698748740041482870880137201062772436197272650802312896856712313038204382144"
"4","15:45-15:50","ETH","Up","Ask","47","0.95","735","698.25","12301.27","10035.0053","2026-07-04T15:44:30.9046727+03:00","2026-07-04 15:44:30","eth-updown-5m-1783169100","65698748740041482870880137201062772436197272650802312896856712313038204382144"
"4","15:45-15:50","ETH","Up","Ask","48","0.96","1062.5","1020","13363.77","11055.0053","2026-07-04T15:44:30.9046727+03:00","2026-07-04 15:44:30","eth-updown-5m-1783169100","65698748740041482870880137201062772436197272650802312896856712313038204382144"
"4","15:45-15:50","ETH","Up","Ask","49","0.97","11075","10742.75","24438.77","21797.7553","2026-07-04T15:44:30.9046727+03:00","2026-07-04 15:44:30","eth-updown-5m-1783169100","65698748740041482870880137201062772436197272650802312896856712313038204382144"
"4","15:45-15:50","ETH","Up","Ask","50","0.98","1095","1073.1","25533.77","22870.8553","2026-07-04T15:44:30.9046727+03:00","2026-07-04 15:44:30","eth-updown-5m-1783169100","65698748740041482870880137201062772436197272650802312896856712313038204382144"
"4","15:45-15:50","ETH","Up","Ask","51","0.99","8577","8491.23","34110.77","31362.0853","2026-07-04T15:44:30.9046727+03:00","2026-07-04 15:44:30","eth-updown-5m-1783169100","65698748740041482870880137201062772436197272650802312896856712313038204382144"
"4","15:45-15:50","ETH","Up","Bid","1","0.48","1.01","0.4848","1.01","0.4848","2026-07-04T15:44:30.9046727+03:00","2026-07-04 15:44:30","eth-updown-5m-1783169100","65698748740041482870880137201062772436197272650802312896856712313038204382144"
"4","15:45-15:50","ETH","Up","Bid","2","0.46","95","43.7","96.01","44.1848","2026-07-04T15:44:30.9046727+03:00","2026-07-04 15:44:30","eth-updown-5m-1783169100","65698748740041482870880137201062772436197272650802312896856712313038204382144"
"4","15:45-15:50","ETH","Up","Bid","3","0.45","226.33","101.8485","322.34","146.0333","2026-07-04T15:44:30.9046727+03:00","2026-07-04 15:44:30","eth-updown-5m-1783169100","65698748740041482870880137201062772436197272650802312896856712313038204382144"
"4","15:45-15:50","ETH","Up","Bid","4","0.44","362","159.28","684.34","305.3133","2026-07-04T15:44:30.9046727+03:00","2026-07-04 15:44:30","eth-updown-5m-1783169100","65698748740041482870880137201062772436197272650802312896856712313038204382144"
"4","15:45-15:50","ETH","Up","Bid","5","0.43","114.12","49.0716","798.46","354.3849","2026-07-04T15:44:30.9046727+03:00","2026-07-04 15:44:30","eth-updown-5m-1783169100","65698748740041482870880137201062772436197272650802312896856712313038204382144"
"4","15:45-15:50","ETH","Up","Bid","6","0.42","138.07","57.9894","936.53","412.3743","2026-07-04T15:44:30.9046727+03:00","2026-07-04 15:44:30","eth-updown-5m-1783169100","65698748740041482870880137201062772436197272650802312896856712313038204382144"
"4","15:45-15:50","ETH","Up","Bid","7","0.41","172","70.52","1108.53","482.8943","2026-07-04T15:44:30.9046727+03:00","2026-07-04 15:44:30","eth-updown-5m-1783169100","65698748740041482870880137201062772436197272650802312896856712313038204382144"
"4","15:45-15:50","ETH","Up","Bid","8","0.4","122.46","48.984","1230.99","531.8783","2026-07-04T15:44:30.9046727+03:00","2026-07-04 15:44:30","eth-updown-5m-1783169100","65698748740041482870880137201062772436197272650802312896856712313038204382144"
"4","15:45-15:50","ETH","Up","Bid","9","0.39","167.91","65.4849","1398.9","597.3632","2026-07-04T15:44:30.9046727+03:00","2026-07-04 15:44:30","eth-updown-5m-1783169100","65698748740041482870880137201062772436197272650802312896856712313038204382144"
"4","15:45-15:50","ETH","Up","Bid","10","0.38","207.28","78.7664","1606.18","676.1296","2026-07-04T15:44:30.9046727+03:00","2026-07-04 15:44:30","eth-updown-5m-1783169100","65698748740041482870880137201062772436197272650802312896856712313038204382144"
"4","15:45-15:50","ETH","Up","Bid","11","0.37","114.81","42.4797","1720.99","718.6093","2026-07-04T15:44:30.9046727+03:00","2026-07-04 15:44:30","eth-updown-5m-1783169100","65698748740041482870880137201062772436197272650802312896856712313038204382144"
"4","15:45-15:50","ETH","Up","Bid","12","0.36","113.76","40.9536","1834.75","759.5629","2026-07-04T15:44:30.9046727+03:00","2026-07-04 15:44:30","eth-updown-5m-1783169100","65698748740041482870880137201062772436197272650802312896856712313038204382144"
"4","15:45-15:50","ETH","Up","Bid","13","0.35","255","89.25","2089.75","848.8129","2026-07-04T15:44:30.9046727+03:00","2026-07-04 15:44:30","eth-updown-5m-1783169100","65698748740041482870880137201062772436197272650802312896856712313038204382144"
"4","15:45-15:50","ETH","Up","Bid","14","0.34","50","17","2139.75","865.8129","2026-07-04T15:44:30.9046727+03:00","2026-07-04 15:44:30","eth-updown-5m-1783169100","65698748740041482870880137201062772436197272650802312896856712313038204382144"
"4","15:45-15:50","ETH","Up","Bid","15","0.33","90","29.7","2229.75","895.5129","2026-07-04T15:44:30.9046727+03:00","2026-07-04 15:44:30","eth-updown-5m-1783169100","65698748740041482870880137201062772436197272650802312896856712313038204382144"
"4","15:45-15:50","ETH","Up","Bid","16","0.32","115","36.8","2344.75","932.3129","2026-07-04T15:44:30.9046727+03:00","2026-07-04 15:44:30","eth-updown-5m-1783169100","65698748740041482870880137201062772436197272650802312896856712313038204382144"
"4","15:45-15:50","ETH","Up","Bid","17","0.31","65","20.15","2409.75","952.4629","2026-07-04T15:44:30.9046727+03:00","2026-07-04 15:44:30","eth-updown-5m-1783169100","65698748740041482870880137201062772436197272650802312896856712313038204382144"
"4","15:45-15:50","ETH","Up","Bid","18","0.3","205","61.5","2614.75","1013.9629","2026-07-04T15:44:30.9046727+03:00","2026-07-04 15:44:30","eth-updown-5m-1783169100","65698748740041482870880137201062772436197272650802312896856712313038204382144"
"4","15:45-15:50","ETH","Up","Bid","19","0.29","15","4.35","2629.75","1018.3129","2026-07-04T15:44:30.9046727+03:00","2026-07-04 15:44:30","eth-updown-5m-1783169100","65698748740041482870880137201062772436197272650802312896856712313038204382144"
"4","15:45-15:50","ETH","Up","Bid","20","0.28","80","22.4","2709.75","1040.7129","2026-07-04T15:44:30.9046727+03:00","2026-07-04 15:44:30","eth-updown-5m-1783169100","65698748740041482870880137201062772436197272650802312896856712313038204382144"
"4","15:45-15:50","ETH","Up","Bid","21","0.27","120","32.4","2829.75","1073.1129","2026-07-04T15:44:30.9046727+03:00","2026-07-04 15:44:30","eth-updown-5m-1783169100","65698748740041482870880137201062772436197272650802312896856712313038204382144"
"4","15:45-15:50","ETH","Up","Bid","22","0.26","125","32.5","2954.75","1105.6129","2026-07-04T15:44:30.9046727+03:00","2026-07-04 15:44:30","eth-updown-5m-1783169100","65698748740041482870880137201062772436197272650802312896856712313038204382144"
"4","15:45-15:50","ETH","Up","Bid","23","0.25","20","5","2974.75","1110.6129","2026-07-04T15:44:30.9046727+03:00","2026-07-04 15:44:30","eth-updown-5m-1783169100","65698748740041482870880137201062772436197272650802312896856712313038204382144"
"4","15:45-15:50","ETH","Up","Bid","24","0.24","195","46.8","3169.75","1157.4129","2026-07-04T15:44:30.9046727+03:00","2026-07-04 15:44:30","eth-updown-5m-1783169100","65698748740041482870880137201062772436197272650802312896856712313038204382144"
"4","15:45-15:50","ETH","Up","Bid","25","0.23","90","20.7","3259.75","1178.1129","2026-07-04T15:44:30.9046727+03:00","2026-07-04 15:44:30","eth-updown-5m-1783169100","65698748740041482870880137201062772436197272650802312896856712313038204382144"
"4","15:45-15:50","ETH","Up","Bid","26","0.22","35","7.7","3294.75","1185.8129","2026-07-04T15:44:30.9046727+03:00","2026-07-04 15:44:30","eth-updown-5m-1783169100","65698748740041482870880137201062772436197272650802312896856712313038204382144"
"4","15:45-15:50","ETH","Up","Bid","27","0.21","187","39.27","3481.75","1225.0829","2026-07-04T15:44:30.9046727+03:00","2026-07-04 15:44:30","eth-updown-5m-1783169100","65698748740041482870880137201062772436197272650802312896856712313038204382144"
"4","15:45-15:50","ETH","Up","Bid","28","0.2","207","41.4","3688.75","1266.4829","2026-07-04T15:44:30.9046727+03:00","2026-07-04 15:44:30","eth-updown-5m-1783169100","65698748740041482870880137201062772436197272650802312896856712313038204382144"
"4","15:45-15:50","ETH","Up","Bid","29","0.19","37","7.03","3725.75","1273.5129","2026-07-04T15:44:30.9046727+03:00","2026-07-04 15:44:30","eth-updown-5m-1783169100","65698748740041482870880137201062772436197272650802312896856712313038204382144"
"4","15:45-15:50","ETH","Up","Bid","30","0.18","12","2.16","3737.75","1275.6729","2026-07-04T15:44:30.9046727+03:00","2026-07-04 15:44:30","eth-updown-5m-1783169100","65698748740041482870880137201062772436197272650802312896856712313038204382144"
"4","15:45-15:50","ETH","Up","Bid","31","0.17","7","1.19","3744.75","1276.8629","2026-07-04T15:44:30.9046727+03:00","2026-07-04 15:44:30","eth-updown-5m-1783169100","65698748740041482870880137201062772436197272650802312896856712313038204382144"
"4","15:45-15:50","ETH","Up","Bid","32","0.16","35","5.6","3779.75","1282.4629","2026-07-04T15:44:30.9046727+03:00","2026-07-04 15:44:30","eth-updown-5m-1783169100","65698748740041482870880137201062772436197272650802312896856712313038204382144"
"4","15:45-15:50","ETH","Up","Bid","33","0.15","1635","245.25","5414.75","1527.7129","2026-07-04T15:44:30.9046727+03:00","2026-07-04 15:44:30","eth-updown-5m-1783169100","65698748740041482870880137201062772436197272650802312896856712313038204382144"
"4","15:45-15:50","ETH","Up","Bid","34","0.14","20","2.8","5434.75","1530.5129","2026-07-04T15:44:30.9046727+03:00","2026-07-04 15:44:30","eth-updown-5m-1783169100","65698748740041482870880137201062772436197272650802312896856712313038204382144"
"4","15:45-15:50","ETH","Up","Bid","35","0.13","67","8.71","5501.75","1539.2229","2026-07-04T15:44:30.9046727+03:00","2026-07-04 15:44:30","eth-updown-5m-1783169100","65698748740041482870880137201062772436197272650802312896856712313038204382144"
"4","15:45-15:50","ETH","Up","Bid","36","0.12","67","8.04","5568.75","1547.2629","2026-07-04T15:44:30.9046727+03:00","2026-07-04 15:44:30","eth-updown-5m-1783169100","65698748740041482870880137201062772436197272650802312896856712313038204382144"
"4","15:45-15:50","ETH","Up","Bid","37","0.11","22","2.42","5590.75","1549.6829","2026-07-04T15:44:30.9046727+03:00","2026-07-04 15:44:30","eth-updown-5m-1783169100","65698748740041482870880137201062772436197272650802312896856712313038204382144"
"4","15:45-15:50","ETH","Up","Bid","38","0.1","2872","287.2","8462.75","1836.8829","2026-07-04T15:44:30.9046727+03:00","2026-07-04 15:44:30","eth-updown-5m-1783169100","65698748740041482870880137201062772436197272650802312896856712313038204382144"
"4","15:45-15:50","ETH","Up","Bid","39","0.09","632.56","56.9304","9095.31","1893.8133","2026-07-04T15:44:30.9046727+03:00","2026-07-04 15:44:30","eth-updown-5m-1783169100","65698748740041482870880137201062772436197272650802312896856712313038204382144"
"4","15:45-15:50","ETH","Up","Bid","40","0.08","584.5","46.76","9679.81","1940.5733","2026-07-04T15:44:30.9046727+03:00","2026-07-04 15:44:30","eth-updown-5m-1783169100","65698748740041482870880137201062772436197272650802312896856712313038204382144"
"4","15:45-15:50","ETH","Up","Bid","41","0.07","747","52.29","10426.81","1992.8633","2026-07-04T15:44:30.9046727+03:00","2026-07-04 15:44:30","eth-updown-5m-1783169100","65698748740041482870880137201062772436197272650802312896856712313038204382144"
"4","15:45-15:50","ETH","Up","Bid","42","0.06","836.65","50.199","11263.46","2043.0623","2026-07-04T15:44:30.9046727+03:00","2026-07-04 15:44:30","eth-updown-5m-1783169100","65698748740041482870880137201062772436197272650802312896856712313038204382144"
"4","15:45-15:50","ETH","Up","Bid","43","0.05","735","36.75","11998.46","2079.8123","2026-07-04T15:44:30.9046727+03:00","2026-07-04 15:44:30","eth-updown-5m-1783169100","65698748740041482870880137201062772436197272650802312896856712313038204382144"
"4","15:45-15:50","ETH","Up","Bid","44","0.04","1062.5","42.5","13060.96","2122.3123","2026-07-04T15:44:30.9046727+03:00","2026-07-04 15:44:30","eth-updown-5m-1783169100","65698748740041482870880137201062772436197272650802312896856712313038204382144"
"4","15:45-15:50","ETH","Up","Bid","45","0.03","11070","332.1","24130.96","2454.4123","2026-07-04T15:44:30.9046727+03:00","2026-07-04 15:44:30","eth-updown-5m-1783169100","65698748740041482870880137201062772436197272650802312896856712313038204382144"
"4","15:45-15:50","ETH","Up","Bid","46","0.02","1095","21.9","25225.96","2476.3123","2026-07-04T15:44:30.9046727+03:00","2026-07-04 15:44:30","eth-updown-5m-1783169100","65698748740041482870880137201062772436197272650802312896856712313038204382144"
"4","15:45-15:50","ETH","Up","Bid","47","0.01","8713.38","87.1338","33939.34","2563.4461","2026-07-04T15:44:30.9046727+03:00","2026-07-04 15:44:30","eth-updown-5m-1783169100","65698748740041482870880137201062772436197272650802312896856712313038204382144"
"4","15:45-15:50","SOL","Down","Ask","1","0.5","46.44","23.22","46.44","23.22","2026-07-04T15:44:31.1555069+03:00","2026-07-04 15:44:30","sol-updown-5m-1783169100","8114338916106754544872248486311547843686025759641785417506555017784347058239"
"4","15:45-15:50","SOL","Down","Ask","2","0.51","55","28.05","101.44","51.27","2026-07-04T15:44:31.1555069+03:00","2026-07-04 15:44:30","sol-updown-5m-1783169100","8114338916106754544872248486311547843686025759641785417506555017784347058239"
"4","15:45-15:50","SOL","Down","Ask","3","0.52","60","31.2","161.44","82.47","2026-07-04T15:44:31.1555069+03:00","2026-07-04 15:44:30","sol-updown-5m-1783169100","8114338916106754544872248486311547843686025759641785417506555017784347058239"
"4","15:45-15:50","SOL","Down","Ask","4","0.53","30","15.9","191.44","98.37","2026-07-04T15:44:31.1555069+03:00","2026-07-04 15:44:30","sol-updown-5m-1783169100","8114338916106754544872248486311547843686025759641785417506555017784347058239"
"4","15:45-15:50","SOL","Down","Ask","5","0.54","36.52","19.7208","227.96","118.0908","2026-07-04T15:44:31.1555069+03:00","2026-07-04 15:44:30","sol-updown-5m-1783169100","8114338916106754544872248486311547843686025759641785417506555017784347058239"
"4","15:45-15:50","SOL","Down","Ask","6","0.55","142.66","78.463","370.62","196.5538","2026-07-04T15:44:31.1555069+03:00","2026-07-04 15:44:30","sol-updown-5m-1783169100","8114338916106754544872248486311547843686025759641785417506555017784347058239"
"4","15:45-15:50","SOL","Down","Ask","7","0.56","79","44.24","449.62","240.7938","2026-07-04T15:44:31.1555069+03:00","2026-07-04 15:44:30","sol-updown-5m-1783169100","8114338916106754544872248486311547843686025759641785417506555017784347058239"
"4","15:45-15:50","SOL","Down","Ask","8","0.57","123.27","70.2639","572.89","311.0577","2026-07-04T15:44:31.1555069+03:00","2026-07-04 15:44:30","sol-updown-5m-1783169100","8114338916106754544872248486311547843686025759641785417506555017784347058239"
"4","15:45-15:50","SOL","Down","Ask","9","0.58","107.14","62.1412","680.03","373.1989","2026-07-04T15:44:31.1555069+03:00","2026-07-04 15:44:30","sol-updown-5m-1783169100","8114338916106754544872248486311547843686025759641785417506555017784347058239"
"4","15:45-15:50","SOL","Down","Ask","10","0.59","40.63","23.9717","720.66","397.1706","2026-07-04T15:44:31.1555069+03:00","2026-07-04 15:44:30","sol-updown-5m-1783169100","8114338916106754544872248486311547843686025759641785417506555017784347058239"
"4","15:45-15:50","SOL","Down","Ask","11","0.6","42.5","25.5","763.16","422.6706","2026-07-04T15:44:31.1555069+03:00","2026-07-04 15:44:30","sol-updown-5m-1783169100","8114338916106754544872248486311547843686025759641785417506555017784347058239"
"4","15:45-15:50","SOL","Down","Ask","12","0.61","85","51.85","848.16","474.5206","2026-07-04T15:44:31.1555069+03:00","2026-07-04 15:44:30","sol-updown-5m-1783169100","8114338916106754544872248486311547843686025759641785417506555017784347058239"
"4","15:45-15:50","SOL","Down","Ask","13","0.62","5","3.1","853.16","477.6206","2026-07-04T15:44:31.1555069+03:00","2026-07-04 15:44:30","sol-updown-5m-1783169100","8114338916106754544872248486311547843686025759641785417506555017784347058239"
"4","15:45-15:50","SOL","Down","Ask","14","0.63","18.51","11.6613","871.67","489.2819","2026-07-04T15:44:31.1555069+03:00","2026-07-04 15:44:30","sol-updown-5m-1783169100","8114338916106754544872248486311547843686025759641785417506555017784347058239"
"4","15:45-15:50","SOL","Down","Ask","15","0.64","24.44","15.6416","896.11","504.9235","2026-07-04T15:44:31.1555069+03:00","2026-07-04 15:44:30","sol-updown-5m-1783169100","8114338916106754544872248486311547843686025759641785417506555017784347058239"
"4","15:45-15:50","SOL","Down","Ask","16","0.65","205","133.25","1101.11","638.1735","2026-07-04T15:44:31.1555069+03:00","2026-07-04 15:44:30","sol-updown-5m-1783169100","8114338916106754544872248486311547843686025759641785417506555017784347058239"
"4","15:45-15:50","SOL","Down","Ask","17","0.66","5","3.3","1106.11","641.4735","2026-07-04T15:44:31.1555069+03:00","2026-07-04 15:44:30","sol-updown-5m-1783169100","8114338916106754544872248486311547843686025759641785417506555017784347058239"
"4","15:45-15:50","SOL","Down","Ask","18","0.67","5","3.35","1111.11","644.8235","2026-07-04T15:44:31.1555069+03:00","2026-07-04 15:44:30","sol-updown-5m-1783169100","8114338916106754544872248486311547843686025759641785417506555017784347058239"
"4","15:45-15:50","SOL","Down","Ask","19","0.68","5","3.4","1116.11","648.2235","2026-07-04T15:44:31.1555069+03:00","2026-07-04 15:44:30","sol-updown-5m-1783169100","8114338916106754544872248486311547843686025759641785417506555017784347058239"
"4","15:45-15:50","SOL","Down","Ask","20","0.69","5","3.45","1121.11","651.6735","2026-07-04T15:44:31.1555069+03:00","2026-07-04 15:44:30","sol-updown-5m-1783169100","8114338916106754544872248486311547843686025759641785417506555017784347058239"
"4","15:45-15:50","SOL","Down","Ask","21","0.7","64.36","45.052","1185.47","696.7255","2026-07-04T15:44:31.1555069+03:00","2026-07-04 15:44:30","sol-updown-5m-1783169100","8114338916106754544872248486311547843686025759641785417506555017784347058239"
"4","15:45-15:50","SOL","Down","Ask","22","0.71","5","3.55","1190.47","700.2755","2026-07-04T15:44:31.1555069+03:00","2026-07-04 15:44:30","sol-updown-5m-1783169100","8114338916106754544872248486311547843686025759641785417506555017784347058239"
"4","15:45-15:50","SOL","Down","Ask","23","0.72","15.71","11.3112","1206.18","711.5867","2026-07-04T15:44:31.1555069+03:00","2026-07-04 15:44:30","sol-updown-5m-1783169100","8114338916106754544872248486311547843686025759641785417506555017784347058239"
"4","15:45-15:50","SOL","Down","Ask","24","0.73","5","3.65","1211.18","715.2367","2026-07-04T15:44:31.1555069+03:00","2026-07-04 15:44:30","sol-updown-5m-1783169100","8114338916106754544872248486311547843686025759641785417506555017784347058239"
"4","15:45-15:50","SOL","Down","Ask","25","0.74","10","7.4","1221.18","722.6367","2026-07-04T15:44:31.1555069+03:00","2026-07-04 15:44:30","sol-updown-5m-1783169100","8114338916106754544872248486311547843686025759641785417506555017784347058239"
"4","15:45-15:50","SOL","Down","Ask","26","0.75","15","11.25","1236.18","733.8867","2026-07-04T15:44:31.1555069+03:00","2026-07-04 15:44:30","sol-updown-5m-1783169100","8114338916106754544872248486311547843686025759641785417506555017784347058239"
"4","15:45-15:50","SOL","Down","Ask","27","0.76","30","22.8","1266.18","756.6867","2026-07-04T15:44:31.1555069+03:00","2026-07-04 15:44:30","sol-updown-5m-1783169100","8114338916106754544872248486311547843686025759641785417506555017784347058239"
"4","15:45-15:50","SOL","Down","Ask","28","0.77","30","23.1","1296.18","779.7867","2026-07-04T15:44:31.1555069+03:00","2026-07-04 15:44:30","sol-updown-5m-1783169100","8114338916106754544872248486311547843686025759641785417506555017784347058239"
"4","15:45-15:50","SOL","Down","Ask","29","0.78","15","11.7","1311.18","791.4867","2026-07-04T15:44:31.1555069+03:00","2026-07-04 15:44:30","sol-updown-5m-1783169100","8114338916106754544872248486311547843686025759641785417506555017784347058239"
"4","15:45-15:50","SOL","Down","Ask","30","0.79","17","13.43","1328.18","804.9167","2026-07-04T15:44:31.1555069+03:00","2026-07-04 15:44:30","sol-updown-5m-1783169100","8114338916106754544872248486311547843686025759641785417506555017784347058239"
"4","15:45-15:50","SOL","Down","Ask","31","0.8","100.9","80.72","1429.08","885.6367","2026-07-04T15:44:31.1555069+03:00","2026-07-04 15:44:30","sol-updown-5m-1783169100","8114338916106754544872248486311547843686025759641785417506555017784347058239"
"4","15:45-15:50","SOL","Down","Ask","32","0.81","22","17.82","1451.08","903.4567","2026-07-04T15:44:31.1555069+03:00","2026-07-04 15:44:30","sol-updown-5m-1783169100","8114338916106754544872248486311547843686025759641785417506555017784347058239"
"4","15:45-15:50","SOL","Down","Ask","33","0.82","27","22.14","1478.08","925.5967","2026-07-04T15:44:31.1555069+03:00","2026-07-04 15:44:30","sol-updown-5m-1783169100","8114338916106754544872248486311547843686025759641785417506555017784347058239"
"4","15:45-15:50","SOL","Down","Ask","34","0.83","22","18.26","1500.08","943.8567","2026-07-04T15:44:31.1555069+03:00","2026-07-04 15:44:30","sol-updown-5m-1783169100","8114338916106754544872248486311547843686025759641785417506555017784347058239"
"4","15:45-15:50","SOL","Down","Ask","35","0.84","15","12.6","1515.08","956.4567","2026-07-04T15:44:31.1555069+03:00","2026-07-04 15:44:30","sol-updown-5m-1783169100","8114338916106754544872248486311547843686025759641785417506555017784347058239"
"4","15:45-15:50","SOL","Down","Ask","36","0.85","101","85.85","1616.08","1042.3067","2026-07-04T15:44:31.1555069+03:00","2026-07-04 15:44:30","sol-updown-5m-1783169100","8114338916106754544872248486311547843686025759641785417506555017784347058239"
"4","15:45-15:50","SOL","Down","Ask","37","0.86","42","36.12","1658.08","1078.4267","2026-07-04T15:44:31.1555069+03:00","2026-07-04 15:44:30","sol-updown-5m-1783169100","8114338916106754544872248486311547843686025759641785417506555017784347058239"
"4","15:45-15:50","SOL","Down","Ask","38","0.87","37","32.19","1695.08","1110.6167","2026-07-04T15:44:31.1555069+03:00","2026-07-04 15:44:30","sol-updown-5m-1783169100","8114338916106754544872248486311547843686025759641785417506555017784347058239"
"4","15:45-15:50","SOL","Down","Ask","39","0.88","64","56.32","1759.08","1166.9367","2026-07-04T15:44:31.1555069+03:00","2026-07-04 15:44:30","sol-updown-5m-1783169100","8114338916106754544872248486311547843686025759641785417506555017784347058239"
"4","15:45-15:50","SOL","Down","Ask","40","0.89","30","26.7","1789.08","1193.6367","2026-07-04T15:44:31.1555069+03:00","2026-07-04 15:44:30","sol-updown-5m-1783169100","8114338916106754544872248486311547843686025759641785417506555017784347058239"
"4","15:45-15:50","SOL","Down","Ask","41","0.9","355.58","320.022","2144.66","1513.6587","2026-07-04T15:44:31.1555069+03:00","2026-07-04 15:44:30","sol-updown-5m-1783169100","8114338916106754544872248486311547843686025759641785417506555017784347058239"
"4","15:45-15:50","SOL","Down","Ask","42","0.91","600","546","2744.66","2059.6587","2026-07-04T15:44:31.1555069+03:00","2026-07-04 15:44:30","sol-updown-5m-1783169100","8114338916106754544872248486311547843686025759641785417506555017784347058239"
"4","15:45-15:50","SOL","Down","Ask","43","0.92","600","552","3344.66","2611.6587","2026-07-04T15:44:31.1555069+03:00","2026-07-04 15:44:30","sol-updown-5m-1783169100","8114338916106754544872248486311547843686025759641785417506555017784347058239"
"4","15:45-15:50","SOL","Down","Ask","44","0.93","600","558","3944.66","3169.6587","2026-07-04T15:44:31.1555069+03:00","2026-07-04 15:44:30","sol-updown-5m-1783169100","8114338916106754544872248486311547843686025759641785417506555017784347058239"
"4","15:45-15:50","SOL","Down","Ask","45","0.94","675","634.5","4619.66","3804.1587","2026-07-04T15:44:31.1555069+03:00","2026-07-04 15:44:30","sol-updown-5m-1783169100","8114338916106754544872248486311547843686025759641785417506555017784347058239"
"4","15:45-15:50","SOL","Down","Ask","46","0.95","965","916.75","5584.66","4720.9087","2026-07-04T15:44:31.1555069+03:00","2026-07-04 15:44:30","sol-updown-5m-1783169100","8114338916106754544872248486311547843686025759641785417506555017784347058239"
"4","15:45-15:50","SOL","Down","Ask","47","0.96","675","648","6259.66","5368.9087","2026-07-04T15:44:31.1555069+03:00","2026-07-04 15:44:30","sol-updown-5m-1783169100","8114338916106754544872248486311547843686025759641785417506555017784347058239"
"4","15:45-15:50","SOL","Down","Ask","48","0.97","6250","6062.5","12509.66","11431.4087","2026-07-04T15:44:31.1555069+03:00","2026-07-04 15:44:30","sol-updown-5m-1783169100","8114338916106754544872248486311547843686025759641785417506555017784347058239"
"4","15:45-15:50","SOL","Down","Ask","49","0.98","1190","1166.2","13699.66","12597.6087","2026-07-04T15:44:31.1555069+03:00","2026-07-04 15:44:30","sol-updown-5m-1783169100","8114338916106754544872248486311547843686025759641785417506555017784347058239"
"4","15:45-15:50","SOL","Down","Ask","50","0.99","10222","10119.78","23921.66","22717.3887","2026-07-04T15:44:31.1555069+03:00","2026-07-04 15:44:30","sol-updown-5m-1783169100","8114338916106754544872248486311547843686025759641785417506555017784347058239"
"4","15:45-15:50","SOL","Down","Bid","1","0.48","16.58","7.9584","16.58","7.9584","2026-07-04T15:44:31.1555069+03:00","2026-07-04 15:44:30","sol-updown-5m-1783169100","8114338916106754544872248486311547843686025759641785417506555017784347058239"
"4","15:45-15:50","SOL","Down","Bid","2","0.47","40","18.8","56.58","26.7584","2026-07-04T15:44:31.1555069+03:00","2026-07-04 15:44:30","sol-updown-5m-1783169100","8114338916106754544872248486311547843686025759641785417506555017784347058239"
"4","15:45-15:50","SOL","Down","Bid","3","0.46","81.52","37.4992","138.1","64.2576","2026-07-04T15:44:31.1555069+03:00","2026-07-04 15:44:30","sol-updown-5m-1783169100","8114338916106754544872248486311547843686025759641785417506555017784347058239"
"4","15:45-15:50","SOL","Down","Bid","4","0.45","202.66","91.197","340.76","155.4546","2026-07-04T15:44:31.1555069+03:00","2026-07-04 15:44:30","sol-updown-5m-1783169100","8114338916106754544872248486311547843686025759641785417506555017784347058239"
"4","15:45-15:50","SOL","Down","Bid","5","0.44","129","56.76","469.76","212.2146","2026-07-04T15:44:31.1555069+03:00","2026-07-04 15:44:30","sol-updown-5m-1783169100","8114338916106754544872248486311547843686025759641785417506555017784347058239"
"4","15:45-15:50","SOL","Down","Bid","6","0.43","123.27","53.0061","593.03","265.2207","2026-07-04T15:44:31.1555069+03:00","2026-07-04 15:44:30","sol-updown-5m-1783169100","8114338916106754544872248486311547843686025759641785417506555017784347058239"
"4","15:45-15:50","SOL","Down","Bid","7","0.42","107.14","44.9988","700.17","310.2195","2026-07-04T15:44:31.1555069+03:00","2026-07-04 15:44:30","sol-updown-5m-1783169100","8114338916106754544872248486311547843686025759641785417506555017784347058239"
"4","15:45-15:50","SOL","Down","Bid","8","0.41","25.63","10.5083","725.8","320.7278","2026-07-04T15:44:31.1555069+03:00","2026-07-04 15:44:30","sol-updown-5m-1783169100","8114338916106754544872248486311547843686025759641785417506555017784347058239"
"4","15:45-15:50","SOL","Down","Bid","9","0.4","27.5","11","753.3","331.7278","2026-07-04T15:44:31.1555069+03:00","2026-07-04 15:44:30","sol-updown-5m-1783169100","8114338916106754544872248486311547843686025759641785417506555017784347058239"
"4","15:45-15:50","SOL","Down","Bid","10","0.39","85","33.15","838.3","364.8778","2026-07-04T15:44:31.1555069+03:00","2026-07-04 15:44:30","sol-updown-5m-1783169100","8114338916106754544872248486311547843686025759641785417506555017784347058239"
"4","15:45-15:50","SOL","Down","Bid","11","0.38","5","1.9","843.3","366.7778","2026-07-04T15:44:31.1555069+03:00","2026-07-04 15:44:30","sol-updown-5m-1783169100","8114338916106754544872248486311547843686025759641785417506555017784347058239"
"4","15:45-15:50","SOL","Down","Bid","12","0.37","18.51","6.8487","861.81","373.6265","2026-07-04T15:44:31.1555069+03:00","2026-07-04 15:44:30","sol-updown-5m-1783169100","8114338916106754544872248486311547843686025759641785417506555017784347058239"
"4","15:45-15:50","SOL","Down","Bid","13","0.36","24.44","8.7984","886.25","382.4249","2026-07-04T15:44:31.1555069+03:00","2026-07-04 15:44:30","sol-updown-5m-1783169100","8114338916106754544872248486311547843686025759641785417506555017784347058239"
"4","15:45-15:50","SOL","Down","Bid","14","0.35","205","71.75","1091.25","454.1749","2026-07-04T15:44:31.1555069+03:00","2026-07-04 15:44:30","sol-updown-5m-1783169100","8114338916106754544872248486311547843686025759641785417506555017784347058239"
"4","15:45-15:50","SOL","Down","Bid","15","0.34","5","1.7","1096.25","455.8749","2026-07-04T15:44:31.1555069+03:00","2026-07-04 15:44:30","sol-updown-5m-1783169100","8114338916106754544872248486311547843686025759641785417506555017784347058239"
"4","15:45-15:50","SOL","Down","Bid","16","0.33","5","1.65","1101.25","457.5249","2026-07-04T15:44:31.1555069+03:00","2026-07-04 15:44:30","sol-updown-5m-1783169100","8114338916106754544872248486311547843686025759641785417506555017784347058239"
"4","15:45-15:50","SOL","Down","Bid","17","0.32","5","1.6","1106.25","459.1249","2026-07-04T15:44:31.1555069+03:00","2026-07-04 15:44:30","sol-updown-5m-1783169100","8114338916106754544872248486311547843686025759641785417506555017784347058239"
"4","15:45-15:50","SOL","Down","Bid","18","0.31","5","1.55","1111.25","460.6749","2026-07-04T15:44:31.1555069+03:00","2026-07-04 15:44:30","sol-updown-5m-1783169100","8114338916106754544872248486311547843686025759641785417506555017784347058239"
"4","15:45-15:50","SOL","Down","Bid","19","0.3","64.36","19.308","1175.61","479.9829","2026-07-04T15:44:31.1555069+03:00","2026-07-04 15:44:30","sol-updown-5m-1783169100","8114338916106754544872248486311547843686025759641785417506555017784347058239"
"4","15:45-15:50","SOL","Down","Bid","20","0.29","5","1.45","1180.61","481.4329","2026-07-04T15:44:31.1555069+03:00","2026-07-04 15:44:30","sol-updown-5m-1783169100","8114338916106754544872248486311547843686025759641785417506555017784347058239"
"4","15:45-15:50","SOL","Down","Bid","21","0.28","15.71","4.3988","1196.32","485.8317","2026-07-04T15:44:31.1555069+03:00","2026-07-04 15:44:30","sol-updown-5m-1783169100","8114338916106754544872248486311547843686025759641785417506555017784347058239"
"4","15:45-15:50","SOL","Down","Bid","22","0.27","5","1.35","1201.32","487.1817","2026-07-04T15:44:31.1555069+03:00","2026-07-04 15:44:30","sol-updown-5m-1783169100","8114338916106754544872248486311547843686025759641785417506555017784347058239"
"4","15:45-15:50","SOL","Down","Bid","23","0.26","10","2.6","1211.32","489.7817","2026-07-04T15:44:31.1555069+03:00","2026-07-04 15:44:30","sol-updown-5m-1783169100","8114338916106754544872248486311547843686025759641785417506555017784347058239"
"4","15:45-15:50","SOL","Down","Bid","24","0.25","15","3.75","1226.32","493.5317","2026-07-04T15:44:31.1555069+03:00","2026-07-04 15:44:30","sol-updown-5m-1783169100","8114338916106754544872248486311547843686025759641785417506555017784347058239"
"4","15:45-15:50","SOL","Down","Bid","25","0.24","30","7.2","1256.32","500.7317","2026-07-04T15:44:31.1555069+03:00","2026-07-04 15:44:30","sol-updown-5m-1783169100","8114338916106754544872248486311547843686025759641785417506555017784347058239"
"4","15:45-15:50","SOL","Down","Bid","26","0.23","30","6.9","1286.32","507.6317","2026-07-04T15:44:31.1555069+03:00","2026-07-04 15:44:30","sol-updown-5m-1783169100","8114338916106754544872248486311547843686025759641785417506555017784347058239"
"4","15:45-15:50","SOL","Down","Bid","27","0.22","15","3.3","1301.32","510.9317","2026-07-04T15:44:31.1555069+03:00","2026-07-04 15:44:30","sol-updown-5m-1783169100","8114338916106754544872248486311547843686025759641785417506555017784347058239"
"4","15:45-15:50","SOL","Down","Bid","28","0.21","17","3.57","1318.32","514.5017","2026-07-04T15:44:31.1555069+03:00","2026-07-04 15:44:30","sol-updown-5m-1783169100","8114338916106754544872248486311547843686025759641785417506555017784347058239"
"4","15:45-15:50","SOL","Down","Bid","29","0.2","100.9","20.18","1419.22","534.6817","2026-07-04T15:44:31.1555069+03:00","2026-07-04 15:44:30","sol-updown-5m-1783169100","8114338916106754544872248486311547843686025759641785417506555017784347058239"
"4","15:45-15:50","SOL","Down","Bid","30","0.19","22","4.18","1441.22","538.8617","2026-07-04T15:44:31.1555069+03:00","2026-07-04 15:44:30","sol-updown-5m-1783169100","8114338916106754544872248486311547843686025759641785417506555017784347058239"
"4","15:45-15:50","SOL","Down","Bid","31","0.18","27","4.86","1468.22","543.7217","2026-07-04T15:44:31.1555069+03:00","2026-07-04 15:44:30","sol-updown-5m-1783169100","8114338916106754544872248486311547843686025759641785417506555017784347058239"
"4","15:45-15:50","SOL","Down","Bid","32","0.17","22","3.74","1490.22","547.4617","2026-07-04T15:44:31.1555069+03:00","2026-07-04 15:44:30","sol-updown-5m-1783169100","8114338916106754544872248486311547843686025759641785417506555017784347058239"
"4","15:45-15:50","SOL","Down","Bid","33","0.16","15","2.4","1505.22","549.8617","2026-07-04T15:44:31.1555069+03:00","2026-07-04 15:44:30","sol-updown-5m-1783169100","8114338916106754544872248486311547843686025759641785417506555017784347058239"
"4","15:45-15:50","SOL","Down","Bid","34","0.15","94","14.1","1599.22","563.9617","2026-07-04T15:44:31.1555069+03:00","2026-07-04 15:44:30","sol-updown-5m-1783169100","8114338916106754544872248486311547843686025759641785417506555017784347058239"
"4","15:45-15:50","SOL","Down","Bid","35","0.14","35","4.9","1634.22","568.8617","2026-07-04T15:44:31.1555069+03:00","2026-07-04 15:44:30","sol-updown-5m-1783169100","8114338916106754544872248486311547843686025759641785417506555017784347058239"
"4","15:45-15:50","SOL","Down","Bid","36","0.13","30","3.9","1664.22","572.7617","2026-07-04T15:44:31.1555069+03:00","2026-07-04 15:44:30","sol-updown-5m-1783169100","8114338916106754544872248486311547843686025759641785417506555017784347058239"
"4","15:45-15:50","SOL","Down","Bid","37","0.12","57","6.84","1721.22","579.6017","2026-07-04T15:44:31.1555069+03:00","2026-07-04 15:44:30","sol-updown-5m-1783169100","8114338916106754544872248486311547843686025759641785417506555017784347058239"
"4","15:45-15:50","SOL","Down","Bid","38","0.11","30","3.3","1751.22","582.9017","2026-07-04T15:44:31.1555069+03:00","2026-07-04 15:44:30","sol-updown-5m-1783169100","8114338916106754544872248486311547843686025759641785417506555017784347058239"
"4","15:45-15:50","SOL","Down","Bid","39","0.1","355.58","35.558","2106.8","618.4597","2026-07-04T15:44:31.1555069+03:00","2026-07-04 15:44:30","sol-updown-5m-1783169100","8114338916106754544872248486311547843686025759641785417506555017784347058239"
"4","15:45-15:50","SOL","Down","Bid","40","0.09","600","54","2706.8","672.4597","2026-07-04T15:44:31.1555069+03:00","2026-07-04 15:44:30","sol-updown-5m-1783169100","8114338916106754544872248486311547843686025759641785417506555017784347058239"
"4","15:45-15:50","SOL","Down","Bid","41","0.08","600","48","3306.8","720.4597","2026-07-04T15:44:31.1555069+03:00","2026-07-04 15:44:30","sol-updown-5m-1783169100","8114338916106754544872248486311547843686025759641785417506555017784347058239"
"4","15:45-15:50","SOL","Down","Bid","42","0.07","600","42","3906.8","762.4597","2026-07-04T15:44:31.1555069+03:00","2026-07-04 15:44:30","sol-updown-5m-1783169100","8114338916106754544872248486311547843686025759641785417506555017784347058239"
"4","15:45-15:50","SOL","Down","Bid","43","0.06","675","40.5","4581.8","802.9597","2026-07-04T15:44:31.1555069+03:00","2026-07-04 15:44:30","sol-updown-5m-1783169100","8114338916106754544872248486311547843686025759641785417506555017784347058239"
"4","15:45-15:50","SOL","Down","Bid","44","0.05","965","48.25","5546.8","851.2097","2026-07-04T15:44:31.1555069+03:00","2026-07-04 15:44:30","sol-updown-5m-1783169100","8114338916106754544872248486311547843686025759641785417506555017784347058239"
"4","15:45-15:50","SOL","Down","Bid","45","0.04","675","27","6221.8","878.2097","2026-07-04T15:44:31.1555069+03:00","2026-07-04 15:44:30","sol-updown-5m-1783169100","8114338916106754544872248486311547843686025759641785417506555017784347058239"
"4","15:45-15:50","SOL","Down","Bid","46","0.03","6250","187.5","12471.8","1065.7097","2026-07-04T15:44:31.1555069+03:00","2026-07-04 15:44:30","sol-updown-5m-1783169100","8114338916106754544872248486311547843686025759641785417506555017784347058239"
"4","15:45-15:50","SOL","Down","Bid","47","0.02","1185","23.7","13656.8","1089.4097","2026-07-04T15:44:31.1555069+03:00","2026-07-04 15:44:30","sol-updown-5m-1783169100","8114338916106754544872248486311547843686025759641785417506555017784347058239"
"4","15:45-15:50","SOL","Down","Bid","48","0.01","10222","102.22","23878.8","1191.6297","2026-07-04T15:44:31.1555069+03:00","2026-07-04 15:44:30","sol-updown-5m-1783169100","8114338916106754544872248486311547843686025759641785417506555017784347058239"
"4","15:45-15:50","SOL","Up","Ask","1","0.52","16.58","8.6216","16.58","8.6216","2026-07-04T15:44:31.3923822+03:00","2026-07-04 15:44:30","sol-updown-5m-1783169100","96473662888285627663334875163208416318448305155277956193748970346010138727896"
"4","15:45-15:50","SOL","Up","Ask","2","0.53","40","21.2","56.58","29.8216","2026-07-04T15:44:31.3923822+03:00","2026-07-04 15:44:30","sol-updown-5m-1783169100","96473662888285627663334875163208416318448305155277956193748970346010138727896"
"4","15:45-15:50","SOL","Up","Ask","3","0.54","81.52","44.0208","138.1","73.8424","2026-07-04T15:44:31.3923822+03:00","2026-07-04 15:44:30","sol-updown-5m-1783169100","96473662888285627663334875163208416318448305155277956193748970346010138727896"
"4","15:45-15:50","SOL","Up","Ask","4","0.55","202.66","111.463","340.76","185.3054","2026-07-04T15:44:31.3923822+03:00","2026-07-04 15:44:30","sol-updown-5m-1783169100","96473662888285627663334875163208416318448305155277956193748970346010138727896"
"4","15:45-15:50","SOL","Up","Ask","5","0.56","129","72.24","469.76","257.5454","2026-07-04T15:44:31.3923822+03:00","2026-07-04 15:44:30","sol-updown-5m-1783169100","96473662888285627663334875163208416318448305155277956193748970346010138727896"
"4","15:45-15:50","SOL","Up","Ask","6","0.57","123.27","70.2639","593.03","327.8093","2026-07-04T15:44:31.3923822+03:00","2026-07-04 15:44:30","sol-updown-5m-1783169100","96473662888285627663334875163208416318448305155277956193748970346010138727896"
"4","15:45-15:50","SOL","Up","Ask","7","0.58","107.14","62.1412","700.17","389.9505","2026-07-04T15:44:31.3923822+03:00","2026-07-04 15:44:30","sol-updown-5m-1783169100","96473662888285627663334875163208416318448305155277956193748970346010138727896"
"4","15:45-15:50","SOL","Up","Ask","8","0.59","25.63","15.1217","725.8","405.0722","2026-07-04T15:44:31.3923822+03:00","2026-07-04 15:44:30","sol-updown-5m-1783169100","96473662888285627663334875163208416318448305155277956193748970346010138727896"
"4","15:45-15:50","SOL","Up","Ask","9","0.6","27.5","16.5","753.3","421.5722","2026-07-04T15:44:31.3923822+03:00","2026-07-04 15:44:30","sol-updown-5m-1783169100","96473662888285627663334875163208416318448305155277956193748970346010138727896"
"4","15:45-15:50","SOL","Up","Ask","10","0.61","85","51.85","838.3","473.4222","2026-07-04T15:44:31.3923822+03:00","2026-07-04 15:44:30","sol-updown-5m-1783169100","96473662888285627663334875163208416318448305155277956193748970346010138727896"
"4","15:45-15:50","SOL","Up","Ask","11","0.62","5","3.1","843.3","476.5222","2026-07-04T15:44:31.3923822+03:00","2026-07-04 15:44:30","sol-updown-5m-1783169100","96473662888285627663334875163208416318448305155277956193748970346010138727896"
"4","15:45-15:50","SOL","Up","Ask","12","0.63","18.51","11.6613","861.81","488.1835","2026-07-04T15:44:31.3923822+03:00","2026-07-04 15:44:30","sol-updown-5m-1783169100","96473662888285627663334875163208416318448305155277956193748970346010138727896"
"4","15:45-15:50","SOL","Up","Ask","13","0.64","24.44","15.6416","886.25","503.8251","2026-07-04T15:44:31.3923822+03:00","2026-07-04 15:44:30","sol-updown-5m-1783169100","96473662888285627663334875163208416318448305155277956193748970346010138727896"
"4","15:45-15:50","SOL","Up","Ask","14","0.65","205","133.25","1091.25","637.0751","2026-07-04T15:44:31.3923822+03:00","2026-07-04 15:44:30","sol-updown-5m-1783169100","96473662888285627663334875163208416318448305155277956193748970346010138727896"
"4","15:45-15:50","SOL","Up","Ask","15","0.66","5","3.3","1096.25","640.3751","2026-07-04T15:44:31.3923822+03:00","2026-07-04 15:44:30","sol-updown-5m-1783169100","96473662888285627663334875163208416318448305155277956193748970346010138727896"
"4","15:45-15:50","SOL","Up","Ask","16","0.67","5","3.35","1101.25","643.7251","2026-07-04T15:44:31.3923822+03:00","2026-07-04 15:44:30","sol-updown-5m-1783169100","96473662888285627663334875163208416318448305155277956193748970346010138727896"
"4","15:45-15:50","SOL","Up","Ask","17","0.68","5","3.4","1106.25","647.1251","2026-07-04T15:44:31.3923822+03:00","2026-07-04 15:44:30","sol-updown-5m-1783169100","96473662888285627663334875163208416318448305155277956193748970346010138727896"
"4","15:45-15:50","SOL","Up","Ask","18","0.69","5","3.45","1111.25","650.5751","2026-07-04T15:44:31.3923822+03:00","2026-07-04 15:44:30","sol-updown-5m-1783169100","96473662888285627663334875163208416318448305155277956193748970346010138727896"
"4","15:45-15:50","SOL","Up","Ask","19","0.7","64.36","45.052","1175.61","695.6271","2026-07-04T15:44:31.3923822+03:00","2026-07-04 15:44:30","sol-updown-5m-1783169100","96473662888285627663334875163208416318448305155277956193748970346010138727896"
"4","15:45-15:50","SOL","Up","Ask","20","0.71","5","3.55","1180.61","699.1771","2026-07-04T15:44:31.3923822+03:00","2026-07-04 15:44:30","sol-updown-5m-1783169100","96473662888285627663334875163208416318448305155277956193748970346010138727896"
"4","15:45-15:50","SOL","Up","Ask","21","0.72","15.71","11.3112","1196.32","710.4883","2026-07-04T15:44:31.3923822+03:00","2026-07-04 15:44:30","sol-updown-5m-1783169100","96473662888285627663334875163208416318448305155277956193748970346010138727896"
"4","15:45-15:50","SOL","Up","Ask","22","0.73","5","3.65","1201.32","714.1383","2026-07-04T15:44:31.3923822+03:00","2026-07-04 15:44:30","sol-updown-5m-1783169100","96473662888285627663334875163208416318448305155277956193748970346010138727896"
"4","15:45-15:50","SOL","Up","Ask","23","0.74","10","7.4","1211.32","721.5383","2026-07-04T15:44:31.3923822+03:00","2026-07-04 15:44:30","sol-updown-5m-1783169100","96473662888285627663334875163208416318448305155277956193748970346010138727896"
"4","15:45-15:50","SOL","Up","Ask","24","0.75","15","11.25","1226.32","732.7883","2026-07-04T15:44:31.3923822+03:00","2026-07-04 15:44:30","sol-updown-5m-1783169100","96473662888285627663334875163208416318448305155277956193748970346010138727896"
"4","15:45-15:50","SOL","Up","Ask","25","0.76","30","22.8","1256.32","755.5883","2026-07-04T15:44:31.3923822+03:00","2026-07-04 15:44:30","sol-updown-5m-1783169100","96473662888285627663334875163208416318448305155277956193748970346010138727896"
"4","15:45-15:50","SOL","Up","Ask","26","0.77","30","23.1","1286.32","778.6883","2026-07-04T15:44:31.3923822+03:00","2026-07-04 15:44:30","sol-updown-5m-1783169100","96473662888285627663334875163208416318448305155277956193748970346010138727896"
"4","15:45-15:50","SOL","Up","Ask","27","0.78","15","11.7","1301.32","790.3883","2026-07-04T15:44:31.3923822+03:00","2026-07-04 15:44:30","sol-updown-5m-1783169100","96473662888285627663334875163208416318448305155277956193748970346010138727896"
"4","15:45-15:50","SOL","Up","Ask","28","0.79","17","13.43","1318.32","803.8183","2026-07-04T15:44:31.3923822+03:00","2026-07-04 15:44:30","sol-updown-5m-1783169100","96473662888285627663334875163208416318448305155277956193748970346010138727896"
"4","15:45-15:50","SOL","Up","Ask","29","0.8","100.9","80.72","1419.22","884.5383","2026-07-04T15:44:31.3923822+03:00","2026-07-04 15:44:30","sol-updown-5m-1783169100","96473662888285627663334875163208416318448305155277956193748970346010138727896"
"4","15:45-15:50","SOL","Up","Ask","30","0.81","22","17.82","1441.22","902.3583","2026-07-04T15:44:31.3923822+03:00","2026-07-04 15:44:30","sol-updown-5m-1783169100","96473662888285627663334875163208416318448305155277956193748970346010138727896"
"4","15:45-15:50","SOL","Up","Ask","31","0.82","27","22.14","1468.22","924.4983","2026-07-04T15:44:31.3923822+03:00","2026-07-04 15:44:30","sol-updown-5m-1783169100","96473662888285627663334875163208416318448305155277956193748970346010138727896"
"4","15:45-15:50","SOL","Up","Ask","32","0.83","22","18.26","1490.22","942.7583","2026-07-04T15:44:31.3923822+03:00","2026-07-04 15:44:30","sol-updown-5m-1783169100","96473662888285627663334875163208416318448305155277956193748970346010138727896"
"4","15:45-15:50","SOL","Up","Ask","33","0.84","15","12.6","1505.22","955.3583","2026-07-04T15:44:31.3923822+03:00","2026-07-04 15:44:30","sol-updown-5m-1783169100","96473662888285627663334875163208416318448305155277956193748970346010138727896"
"4","15:45-15:50","SOL","Up","Ask","34","0.85","94","79.9","1599.22","1035.2583","2026-07-04T15:44:31.3923822+03:00","2026-07-04 15:44:30","sol-updown-5m-1783169100","96473662888285627663334875163208416318448305155277956193748970346010138727896"
"4","15:45-15:50","SOL","Up","Ask","35","0.86","35","30.1","1634.22","1065.3583","2026-07-04T15:44:31.3923822+03:00","2026-07-04 15:44:30","sol-updown-5m-1783169100","96473662888285627663334875163208416318448305155277956193748970346010138727896"
"4","15:45-15:50","SOL","Up","Ask","36","0.87","30","26.1","1664.22","1091.4583","2026-07-04T15:44:31.3923822+03:00","2026-07-04 15:44:30","sol-updown-5m-1783169100","96473662888285627663334875163208416318448305155277956193748970346010138727896"
"4","15:45-15:50","SOL","Up","Ask","37","0.88","57","50.16","1721.22","1141.6183","2026-07-04T15:44:31.3923822+03:00","2026-07-04 15:44:30","sol-updown-5m-1783169100","96473662888285627663334875163208416318448305155277956193748970346010138727896"
"4","15:45-15:50","SOL","Up","Ask","38","0.89","30","26.7","1751.22","1168.3183","2026-07-04T15:44:31.3923822+03:00","2026-07-04 15:44:30","sol-updown-5m-1783169100","96473662888285627663334875163208416318448305155277956193748970346010138727896"
"4","15:45-15:50","SOL","Up","Ask","39","0.9","355.58","320.022","2106.8","1488.3403","2026-07-04T15:44:31.3923822+03:00","2026-07-04 15:44:30","sol-updown-5m-1783169100","96473662888285627663334875163208416318448305155277956193748970346010138727896"
"4","15:45-15:50","SOL","Up","Ask","40","0.91","600","546","2706.8","2034.3403","2026-07-04T15:44:31.3923822+03:00","2026-07-04 15:44:30","sol-updown-5m-1783169100","96473662888285627663334875163208416318448305155277956193748970346010138727896"
"4","15:45-15:50","SOL","Up","Ask","41","0.92","600","552","3306.8","2586.3403","2026-07-04T15:44:31.3923822+03:00","2026-07-04 15:44:30","sol-updown-5m-1783169100","96473662888285627663334875163208416318448305155277956193748970346010138727896"
"4","15:45-15:50","SOL","Up","Ask","42","0.93","600","558","3906.8","3144.3403","2026-07-04T15:44:31.3923822+03:00","2026-07-04 15:44:30","sol-updown-5m-1783169100","96473662888285627663334875163208416318448305155277956193748970346010138727896"
"4","15:45-15:50","SOL","Up","Ask","43","0.94","675","634.5","4581.8","3778.8403","2026-07-04T15:44:31.3923822+03:00","2026-07-04 15:44:30","sol-updown-5m-1783169100","96473662888285627663334875163208416318448305155277956193748970346010138727896"
"4","15:45-15:50","SOL","Up","Ask","44","0.95","965","916.75","5546.8","4695.5903","2026-07-04T15:44:31.3923822+03:00","2026-07-04 15:44:30","sol-updown-5m-1783169100","96473662888285627663334875163208416318448305155277956193748970346010138727896"
"4","15:45-15:50","SOL","Up","Ask","45","0.96","675","648","6221.8","5343.5903","2026-07-04T15:44:31.3923822+03:00","2026-07-04 15:44:30","sol-updown-5m-1783169100","96473662888285627663334875163208416318448305155277956193748970346010138727896"
"4","15:45-15:50","SOL","Up","Ask","46","0.97","6250","6062.5","12471.8","11406.0903","2026-07-04T15:44:31.3923822+03:00","2026-07-04 15:44:30","sol-updown-5m-1783169100","96473662888285627663334875163208416318448305155277956193748970346010138727896"
"4","15:45-15:50","SOL","Up","Ask","47","0.98","1185","1161.3","13656.8","12567.3903","2026-07-04T15:44:31.3923822+03:00","2026-07-04 15:44:30","sol-updown-5m-1783169100","96473662888285627663334875163208416318448305155277956193748970346010138727896"
"4","15:45-15:50","SOL","Up","Ask","48","0.99","10222","10119.78","23878.8","22687.1703","2026-07-04T15:44:31.3923822+03:00","2026-07-04 15:44:30","sol-updown-5m-1783169100","96473662888285627663334875163208416318448305155277956193748970346010138727896"
"4","15:45-15:50","SOL","Up","Bid","1","0.5","46.44","23.22","46.44","23.22","2026-07-04T15:44:31.3923822+03:00","2026-07-04 15:44:30","sol-updown-5m-1783169100","96473662888285627663334875163208416318448305155277956193748970346010138727896"
"4","15:45-15:50","SOL","Up","Bid","2","0.49","55","26.95","101.44","50.17","2026-07-04T15:44:31.3923822+03:00","2026-07-04 15:44:30","sol-updown-5m-1783169100","96473662888285627663334875163208416318448305155277956193748970346010138727896"
"4","15:45-15:50","SOL","Up","Bid","3","0.48","60","28.8","161.44","78.97","2026-07-04T15:44:31.3923822+03:00","2026-07-04 15:44:30","sol-updown-5m-1783169100","96473662888285627663334875163208416318448305155277956193748970346010138727896"
"4","15:45-15:50","SOL","Up","Bid","4","0.47","30","14.1","191.44","93.07","2026-07-04T15:44:31.3923822+03:00","2026-07-04 15:44:30","sol-updown-5m-1783169100","96473662888285627663334875163208416318448305155277956193748970346010138727896"
"4","15:45-15:50","SOL","Up","Bid","5","0.46","36.52","16.7992","227.96","109.8692","2026-07-04T15:44:31.3923822+03:00","2026-07-04 15:44:30","sol-updown-5m-1783169100","96473662888285627663334875163208416318448305155277956193748970346010138727896"
"4","15:45-15:50","SOL","Up","Bid","6","0.45","142.66","64.197","370.62","174.0662","2026-07-04T15:44:31.3923822+03:00","2026-07-04 15:44:30","sol-updown-5m-1783169100","96473662888285627663334875163208416318448305155277956193748970346010138727896"
"4","15:45-15:50","SOL","Up","Bid","7","0.44","79","34.76","449.62","208.8262","2026-07-04T15:44:31.3923822+03:00","2026-07-04 15:44:30","sol-updown-5m-1783169100","96473662888285627663334875163208416318448305155277956193748970346010138727896"
"4","15:45-15:50","SOL","Up","Bid","8","0.43","123.27","53.0061","572.89","261.8323","2026-07-04T15:44:31.3923822+03:00","2026-07-04 15:44:30","sol-updown-5m-1783169100","96473662888285627663334875163208416318448305155277956193748970346010138727896"
"4","15:45-15:50","SOL","Up","Bid","9","0.42","107.14","44.9988","680.03","306.8311","2026-07-04T15:44:31.3923822+03:00","2026-07-04 15:44:30","sol-updown-5m-1783169100","96473662888285627663334875163208416318448305155277956193748970346010138727896"
"4","15:45-15:50","SOL","Up","Bid","10","0.41","40.63","16.6583","720.66","323.4894","2026-07-04T15:44:31.3923822+03:00","2026-07-04 15:44:30","sol-updown-5m-1783169100","96473662888285627663334875163208416318448305155277956193748970346010138727896"
"4","15:45-15:50","SOL","Up","Bid","11","0.4","42.5","17","763.16","340.4894","2026-07-04T15:44:31.3923822+03:00","2026-07-04 15:44:30","sol-updown-5m-1783169100","96473662888285627663334875163208416318448305155277956193748970346010138727896"
"4","15:45-15:50","SOL","Up","Bid","12","0.39","85","33.15","848.16","373.6394","2026-07-04T15:44:31.3923822+03:00","2026-07-04 15:44:30","sol-updown-5m-1783169100","96473662888285627663334875163208416318448305155277956193748970346010138727896"
"4","15:45-15:50","SOL","Up","Bid","13","0.38","5","1.9","853.16","375.5394","2026-07-04T15:44:31.3923822+03:00","2026-07-04 15:44:30","sol-updown-5m-1783169100","96473662888285627663334875163208416318448305155277956193748970346010138727896"
"4","15:45-15:50","SOL","Up","Bid","14","0.37","18.51","6.8487","871.67","382.3881","2026-07-04T15:44:31.3923822+03:00","2026-07-04 15:44:30","sol-updown-5m-1783169100","96473662888285627663334875163208416318448305155277956193748970346010138727896"
"4","15:45-15:50","SOL","Up","Bid","15","0.36","24.44","8.7984","896.11","391.1865","2026-07-04T15:44:31.3923822+03:00","2026-07-04 15:44:30","sol-updown-5m-1783169100","96473662888285627663334875163208416318448305155277956193748970346010138727896"
"4","15:45-15:50","SOL","Up","Bid","16","0.35","205","71.75","1101.11","462.9365","2026-07-04T15:44:31.3923822+03:00","2026-07-04 15:44:30","sol-updown-5m-1783169100","96473662888285627663334875163208416318448305155277956193748970346010138727896"
"4","15:45-15:50","SOL","Up","Bid","17","0.34","5","1.7","1106.11","464.6365","2026-07-04T15:44:31.3923822+03:00","2026-07-04 15:44:30","sol-updown-5m-1783169100","96473662888285627663334875163208416318448305155277956193748970346010138727896"
"4","15:45-15:50","SOL","Up","Bid","18","0.33","5","1.65","1111.11","466.2865","2026-07-04T15:44:31.3923822+03:00","2026-07-04 15:44:30","sol-updown-5m-1783169100","96473662888285627663334875163208416318448305155277956193748970346010138727896"
"4","15:45-15:50","SOL","Up","Bid","19","0.32","5","1.6","1116.11","467.8865","2026-07-04T15:44:31.3923822+03:00","2026-07-04 15:44:30","sol-updown-5m-1783169100","96473662888285627663334875163208416318448305155277956193748970346010138727896"
"4","15:45-15:50","SOL","Up","Bid","20","0.31","5","1.55","1121.11","469.4365","2026-07-04T15:44:31.3923822+03:00","2026-07-04 15:44:30","sol-updown-5m-1783169100","96473662888285627663334875163208416318448305155277956193748970346010138727896"
"4","15:45-15:50","SOL","Up","Bid","21","0.3","64.36","19.308","1185.47","488.7445","2026-07-04T15:44:31.3923822+03:00","2026-07-04 15:44:30","sol-updown-5m-1783169100","96473662888285627663334875163208416318448305155277956193748970346010138727896"
"4","15:45-15:50","SOL","Up","Bid","22","0.29","5","1.45","1190.47","490.1945","2026-07-04T15:44:31.3923822+03:00","2026-07-04 15:44:30","sol-updown-5m-1783169100","96473662888285627663334875163208416318448305155277956193748970346010138727896"
"4","15:45-15:50","SOL","Up","Bid","23","0.28","15.71","4.3988","1206.18","494.5933","2026-07-04T15:44:31.3923822+03:00","2026-07-04 15:44:30","sol-updown-5m-1783169100","96473662888285627663334875163208416318448305155277956193748970346010138727896"
"4","15:45-15:50","SOL","Up","Bid","24","0.27","5","1.35","1211.18","495.9433","2026-07-04T15:44:31.3923822+03:00","2026-07-04 15:44:30","sol-updown-5m-1783169100","96473662888285627663334875163208416318448305155277956193748970346010138727896"
"4","15:45-15:50","SOL","Up","Bid","25","0.26","10","2.6","1221.18","498.5433","2026-07-04T15:44:31.3923822+03:00","2026-07-04 15:44:30","sol-updown-5m-1783169100","96473662888285627663334875163208416318448305155277956193748970346010138727896"
"4","15:45-15:50","SOL","Up","Bid","26","0.25","15","3.75","1236.18","502.2933","2026-07-04T15:44:31.3923822+03:00","2026-07-04 15:44:30","sol-updown-5m-1783169100","96473662888285627663334875163208416318448305155277956193748970346010138727896"
"4","15:45-15:50","SOL","Up","Bid","27","0.24","30","7.2","1266.18","509.4933","2026-07-04T15:44:31.3923822+03:00","2026-07-04 15:44:30","sol-updown-5m-1783169100","96473662888285627663334875163208416318448305155277956193748970346010138727896"
"4","15:45-15:50","SOL","Up","Bid","28","0.23","30","6.9","1296.18","516.3933","2026-07-04T15:44:31.3923822+03:00","2026-07-04 15:44:30","sol-updown-5m-1783169100","96473662888285627663334875163208416318448305155277956193748970346010138727896"
"4","15:45-15:50","SOL","Up","Bid","29","0.22","15","3.3","1311.18","519.6933","2026-07-04T15:44:31.3923822+03:00","2026-07-04 15:44:30","sol-updown-5m-1783169100","96473662888285627663334875163208416318448305155277956193748970346010138727896"
"4","15:45-15:50","SOL","Up","Bid","30","0.21","17","3.57","1328.18","523.2633","2026-07-04T15:44:31.3923822+03:00","2026-07-04 15:44:30","sol-updown-5m-1783169100","96473662888285627663334875163208416318448305155277956193748970346010138727896"
"4","15:45-15:50","SOL","Up","Bid","31","0.2","100.9","20.18","1429.08","543.4433","2026-07-04T15:44:31.3923822+03:00","2026-07-04 15:44:30","sol-updown-5m-1783169100","96473662888285627663334875163208416318448305155277956193748970346010138727896"
"4","15:45-15:50","SOL","Up","Bid","32","0.19","22","4.18","1451.08","547.6233","2026-07-04T15:44:31.3923822+03:00","2026-07-04 15:44:30","sol-updown-5m-1783169100","96473662888285627663334875163208416318448305155277956193748970346010138727896"
"4","15:45-15:50","SOL","Up","Bid","33","0.18","27","4.86","1478.08","552.4833","2026-07-04T15:44:31.3923822+03:00","2026-07-04 15:44:30","sol-updown-5m-1783169100","96473662888285627663334875163208416318448305155277956193748970346010138727896"
"4","15:45-15:50","SOL","Up","Bid","34","0.17","22","3.74","1500.08","556.2233","2026-07-04T15:44:31.3923822+03:00","2026-07-04 15:44:30","sol-updown-5m-1783169100","96473662888285627663334875163208416318448305155277956193748970346010138727896"
"4","15:45-15:50","SOL","Up","Bid","35","0.16","22","3.52","1522.08","559.7433","2026-07-04T15:44:31.3923822+03:00","2026-07-04 15:44:30","sol-updown-5m-1783169100","96473662888285627663334875163208416318448305155277956193748970346010138727896"
"4","15:45-15:50","SOL","Up","Bid","36","0.15","101","15.15","1623.08","574.8933","2026-07-04T15:44:31.3923822+03:00","2026-07-04 15:44:30","sol-updown-5m-1783169100","96473662888285627663334875163208416318448305155277956193748970346010138727896"
"4","15:45-15:50","SOL","Up","Bid","37","0.14","42","5.88","1665.08","580.7733","2026-07-04T15:44:31.3923822+03:00","2026-07-04 15:44:30","sol-updown-5m-1783169100","96473662888285627663334875163208416318448305155277956193748970346010138727896"
"4","15:45-15:50","SOL","Up","Bid","38","0.13","37","4.81","1702.08","585.5833","2026-07-04T15:44:31.3923822+03:00","2026-07-04 15:44:30","sol-updown-5m-1783169100","96473662888285627663334875163208416318448305155277956193748970346010138727896"
"4","15:45-15:50","SOL","Up","Bid","39","0.12","64","7.68","1766.08","593.2633","2026-07-04T15:44:31.3923822+03:00","2026-07-04 15:44:30","sol-updown-5m-1783169100","96473662888285627663334875163208416318448305155277956193748970346010138727896"
"4","15:45-15:50","SOL","Up","Bid","40","0.11","30","3.3","1796.08","596.5633","2026-07-04T15:44:31.3923822+03:00","2026-07-04 15:44:30","sol-updown-5m-1783169100","96473662888285627663334875163208416318448305155277956193748970346010138727896"
"4","15:45-15:50","SOL","Up","Bid","41","0.1","355.58","35.558","2151.66","632.1213","2026-07-04T15:44:31.3923822+03:00","2026-07-04 15:44:30","sol-updown-5m-1783169100","96473662888285627663334875163208416318448305155277956193748970346010138727896"
"4","15:45-15:50","SOL","Up","Bid","42","0.09","600","54","2751.66","686.1213","2026-07-04T15:44:31.3923822+03:00","2026-07-04 15:44:30","sol-updown-5m-1783169100","96473662888285627663334875163208416318448305155277956193748970346010138727896"
"4","15:45-15:50","SOL","Up","Bid","43","0.08","600","48","3351.66","734.1213","2026-07-04T15:44:31.3923822+03:00","2026-07-04 15:44:30","sol-updown-5m-1783169100","96473662888285627663334875163208416318448305155277956193748970346010138727896"
"4","15:45-15:50","SOL","Up","Bid","44","0.07","600","42","3951.66","776.1213","2026-07-04T15:44:31.3923822+03:00","2026-07-04 15:44:30","sol-updown-5m-1783169100","96473662888285627663334875163208416318448305155277956193748970346010138727896"
"4","15:45-15:50","SOL","Up","Bid","45","0.06","675","40.5","4626.66","816.6213","2026-07-04T15:44:31.3923822+03:00","2026-07-04 15:44:30","sol-updown-5m-1783169100","96473662888285627663334875163208416318448305155277956193748970346010138727896"
"4","15:45-15:50","SOL","Up","Bid","46","0.05","965","48.25","5591.66","864.8713","2026-07-04T15:44:31.3923822+03:00","2026-07-04 15:44:30","sol-updown-5m-1783169100","96473662888285627663334875163208416318448305155277956193748970346010138727896"
"4","15:45-15:50","SOL","Up","Bid","47","0.04","675","27","6266.66","891.8713","2026-07-04T15:44:31.3923822+03:00","2026-07-04 15:44:30","sol-updown-5m-1783169100","96473662888285627663334875163208416318448305155277956193748970346010138727896"
"4","15:45-15:50","SOL","Up","Bid","48","0.03","6250","187.5","12516.66","1079.3713","2026-07-04T15:44:31.3923822+03:00","2026-07-04 15:44:30","sol-updown-5m-1783169100","96473662888285627663334875163208416318448305155277956193748970346010138727896"
"4","15:45-15:50","SOL","Up","Bid","49","0.02","1190","23.8","13706.66","1103.1713","2026-07-04T15:44:31.3923822+03:00","2026-07-04 15:44:30","sol-updown-5m-1783169100","96473662888285627663334875163208416318448305155277956193748970346010138727896"
"4","15:45-15:50","SOL","Up","Bid","50","0.01","10222","102.22","23928.66","1205.3913","2026-07-04T15:44:31.3923822+03:00","2026-07-04 15:44:30","sol-updown-5m-1783169100","96473662888285627663334875163208416318448305155277956193748970346010138727896"
"5","15:50-15:55","BTC","Down","Ask","1","0.5","1413.42","706.71","1413.42","706.71","2026-07-04T15:49:30.0150440+03:00","2026-07-04 15:49:30","btc-updown-5m-1783169400","67005875821306988845089085369942161077404502416766969680691076746113270097402"
"5","15:50-15:55","BTC","Down","Ask","2","0.51","100.3","51.153","1513.72","757.863","2026-07-04T15:49:30.0150440+03:00","2026-07-04 15:49:30","btc-updown-5m-1783169400","67005875821306988845089085369942161077404502416766969680691076746113270097402"
"5","15:50-15:55","BTC","Down","Ask","3","0.52","222.61","115.7572","1736.33","873.6202","2026-07-04T15:49:30.0150440+03:00","2026-07-04 15:49:30","btc-updown-5m-1783169400","67005875821306988845089085369942161077404502416766969680691076746113270097402"
"5","15:50-15:55","BTC","Down","Ask","4","0.53","256.45","135.9185","1992.78","1009.5387","2026-07-04T15:49:30.0150440+03:00","2026-07-04 15:49:30","btc-updown-5m-1783169400","67005875821306988845089085369942161077404502416766969680691076746113270097402"
"5","15:50-15:55","BTC","Down","Ask","5","0.54","696.55","376.137","2689.33","1385.6757","2026-07-04T15:49:30.0150440+03:00","2026-07-04 15:49:30","btc-updown-5m-1783169400","67005875821306988845089085369942161077404502416766969680691076746113270097402"
"5","15:50-15:55","BTC","Down","Ask","6","0.55","1138.98","626.439","3828.31","2012.1147","2026-07-04T15:49:30.0150440+03:00","2026-07-04 15:49:30","btc-updown-5m-1783169400","67005875821306988845089085369942161077404502416766969680691076746113270097402"
"5","15:50-15:55","BTC","Down","Ask","7","0.56","1068.26","598.2256","4896.57","2610.3403","2026-07-04T15:49:30.0150440+03:00","2026-07-04 15:49:30","btc-updown-5m-1783169400","67005875821306988845089085369942161077404502416766969680691076746113270097402"
"5","15:50-15:55","BTC","Down","Ask","8","0.57","469.25","267.4725","5365.82","2877.8128","2026-07-04T15:49:30.0150440+03:00","2026-07-04 15:49:30","btc-updown-5m-1783169400","67005875821306988845089085369942161077404502416766969680691076746113270097402"
"5","15:50-15:55","BTC","Down","Ask","9","0.58","499.7","289.826","5865.52","3167.6388","2026-07-04T15:49:30.0150440+03:00","2026-07-04 15:49:30","btc-updown-5m-1783169400","67005875821306988845089085369942161077404502416766969680691076746113270097402"
"5","15:50-15:55","BTC","Down","Ask","10","0.59","450.15","265.5885","6315.67","3433.2273","2026-07-04T15:49:30.0150440+03:00","2026-07-04 15:49:30","btc-updown-5m-1783169400","67005875821306988845089085369942161077404502416766969680691076746113270097402"
"5","15:50-15:55","BTC","Down","Ask","11","0.6","965.32","579.192","7280.99","4012.4193","2026-07-04T15:49:30.0150440+03:00","2026-07-04 15:49:30","btc-updown-5m-1783169400","67005875821306988845089085369942161077404502416766969680691076746113270097402"
"5","15:50-15:55","BTC","Down","Ask","12","0.61","493.63","301.1143","7774.62","4313.5336","2026-07-04T15:49:30.0150440+03:00","2026-07-04 15:49:30","btc-updown-5m-1783169400","67005875821306988845089085369942161077404502416766969680691076746113270097402"
"5","15:50-15:55","BTC","Down","Ask","13","0.62","350.84","217.5208","8125.46","4531.0544","2026-07-04T15:49:30.0150440+03:00","2026-07-04 15:49:30","btc-updown-5m-1783169400","67005875821306988845089085369942161077404502416766969680691076746113270097402"
"5","15:50-15:55","BTC","Down","Ask","14","0.63","755.24","475.8012","8880.7","5006.8556","2026-07-04T15:49:30.0150440+03:00","2026-07-04 15:49:30","btc-updown-5m-1783169400","67005875821306988845089085369942161077404502416766969680691076746113270097402"
"5","15:50-15:55","BTC","Down","Ask","15","0.64","850.47","544.3008","9731.17","5551.1564","2026-07-04T15:49:30.0150440+03:00","2026-07-04 15:49:30","btc-updown-5m-1783169400","67005875821306988845089085369942161077404502416766969680691076746113270097402"
"5","15:50-15:55","BTC","Down","Ask","16","0.65","1213.19","788.5735","10944.36","6339.7299","2026-07-04T15:49:30.0150440+03:00","2026-07-04 15:49:30","btc-updown-5m-1783169400","67005875821306988845089085369942161077404502416766969680691076746113270097402"
"5","15:50-15:55","BTC","Down","Ask","17","0.66","610.32","402.8112","11554.68","6742.5411","2026-07-04T15:49:30.0150440+03:00","2026-07-04 15:49:30","btc-updown-5m-1783169400","67005875821306988845089085369942161077404502416766969680691076746113270097402"
"5","15:50-15:55","BTC","Down","Ask","18","0.67","815.61","546.4587","12370.29","7288.9998","2026-07-04T15:49:30.0150440+03:00","2026-07-04 15:49:30","btc-updown-5m-1783169400","67005875821306988845089085369942161077404502416766969680691076746113270097402"
"5","15:50-15:55","BTC","Down","Ask","19","0.68","696.14","473.3752","13066.43","7762.375","2026-07-04T15:49:30.0150440+03:00","2026-07-04 15:49:30","btc-updown-5m-1783169400","67005875821306988845089085369942161077404502416766969680691076746113270097402"
"5","15:50-15:55","BTC","Down","Ask","20","0.69","829.04","572.0376","13895.47","8334.4126","2026-07-04T15:49:30.0150440+03:00","2026-07-04 15:49:30","btc-updown-5m-1783169400","67005875821306988845089085369942161077404502416766969680691076746113270097402"
"5","15:50-15:55","BTC","Down","Ask","21","0.7","1022.32","715.624","14917.79","9050.0366","2026-07-04T15:49:30.0150440+03:00","2026-07-04 15:49:30","btc-updown-5m-1783169400","67005875821306988845089085369942161077404502416766969680691076746113270097402"
"5","15:50-15:55","BTC","Down","Ask","22","0.71","676.35","480.2085","15594.14","9530.2451","2026-07-04T15:49:30.0150440+03:00","2026-07-04 15:49:30","btc-updown-5m-1783169400","67005875821306988845089085369942161077404502416766969680691076746113270097402"
"5","15:50-15:55","BTC","Down","Ask","23","0.72","632.71","455.5512","16226.85","9985.7963","2026-07-04T15:49:30.0150440+03:00","2026-07-04 15:49:30","btc-updown-5m-1783169400","67005875821306988845089085369942161077404502416766969680691076746113270097402"
"5","15:50-15:55","BTC","Down","Ask","24","0.73","390","284.7","16616.85","10270.4963","2026-07-04T15:49:30.0150440+03:00","2026-07-04 15:49:30","btc-updown-5m-1783169400","67005875821306988845089085369942161077404502416766969680691076746113270097402"
"5","15:50-15:55","BTC","Down","Ask","25","0.74","270","199.8","16886.85","10470.2963","2026-07-04T15:49:30.0150440+03:00","2026-07-04 15:49:30","btc-updown-5m-1783169400","67005875821306988845089085369942161077404502416766969680691076746113270097402"
"5","15:50-15:55","BTC","Down","Ask","26","0.75","385","288.75","17271.85","10759.0463","2026-07-04T15:49:30.0150440+03:00","2026-07-04 15:49:30","btc-updown-5m-1783169400","67005875821306988845089085369942161077404502416766969680691076746113270097402"
"5","15:50-15:55","BTC","Down","Ask","27","0.76","775","589","18046.85","11348.0463","2026-07-04T15:49:30.0150440+03:00","2026-07-04 15:49:30","btc-updown-5m-1783169400","67005875821306988845089085369942161077404502416766969680691076746113270097402"
"5","15:50-15:55","BTC","Down","Ask","28","0.77","100","77","18146.85","11425.0463","2026-07-04T15:49:30.0150440+03:00","2026-07-04 15:49:30","btc-updown-5m-1783169400","67005875821306988845089085369942161077404502416766969680691076746113270097402"
"5","15:50-15:55","BTC","Down","Ask","29","0.78","705","549.9","18851.85","11974.9463","2026-07-04T15:49:30.0150440+03:00","2026-07-04 15:49:30","btc-updown-5m-1783169400","67005875821306988845089085369942161077404502416766969680691076746113270097402"
"5","15:50-15:55","BTC","Down","Ask","30","0.79","837","661.23","19688.85","12636.1763","2026-07-04T15:49:30.0150440+03:00","2026-07-04 15:49:30","btc-updown-5m-1783169400","67005875821306988845089085369942161077404502416766969680691076746113270097402"
"5","15:50-15:55","BTC","Down","Ask","31","0.8","797","637.6","20485.85","13273.7763","2026-07-04T15:49:30.0150440+03:00","2026-07-04 15:49:30","btc-updown-5m-1783169400","67005875821306988845089085369942161077404502416766969680691076746113270097402"
"5","15:50-15:55","BTC","Down","Ask","32","0.81","31","25.11","20516.85","13298.8863","2026-07-04T15:49:30.0150440+03:00","2026-07-04 15:49:30","btc-updown-5m-1783169400","67005875821306988845089085369942161077404502416766969680691076746113270097402"
"5","15:50-15:55","BTC","Down","Ask","33","0.82","36","29.52","20552.85","13328.4063","2026-07-04T15:49:30.0150440+03:00","2026-07-04 15:49:30","btc-updown-5m-1783169400","67005875821306988845089085369942161077404502416766969680691076746113270097402"
"5","15:50-15:55","BTC","Down","Ask","34","0.83","18","14.94","20570.85","13343.3463","2026-07-04T15:49:30.0150440+03:00","2026-07-04 15:49:30","btc-updown-5m-1783169400","67005875821306988845089085369942161077404502416766969680691076746113270097402"
"5","15:50-15:55","BTC","Down","Ask","35","0.84","47","39.48","20617.85","13382.8263","2026-07-04T15:49:30.0150440+03:00","2026-07-04 15:49:30","btc-updown-5m-1783169400","67005875821306988845089085369942161077404502416766969680691076746113270097402"
"5","15:50-15:55","BTC","Down","Ask","36","0.85","2180.33","1853.2805","22798.18","15236.1068","2026-07-04T15:49:30.0150440+03:00","2026-07-04 15:49:30","btc-updown-5m-1783169400","67005875821306988845089085369942161077404502416766969680691076746113270097402"
"5","15:50-15:55","BTC","Down","Ask","37","0.86","28","24.08","22826.18","15260.1868","2026-07-04T15:49:30.0150440+03:00","2026-07-04 15:49:30","btc-updown-5m-1783169400","67005875821306988845089085369942161077404502416766969680691076746113270097402"
"5","15:50-15:55","BTC","Down","Ask","38","0.87","67","58.29","22893.18","15318.4768","2026-07-04T15:49:30.0150440+03:00","2026-07-04 15:49:30","btc-updown-5m-1783169400","67005875821306988845089085369942161077404502416766969680691076746113270097402"
"5","15:50-15:55","BTC","Down","Ask","39","0.88","67","58.96","22960.18","15377.4368","2026-07-04T15:49:30.0150440+03:00","2026-07-04 15:49:30","btc-updown-5m-1783169400","67005875821306988845089085369942161077404502416766969680691076746113270097402"
"5","15:50-15:55","BTC","Down","Ask","40","0.89","260","231.4","23220.18","15608.8368","2026-07-04T15:49:30.0150440+03:00","2026-07-04 15:49:30","btc-updown-5m-1783169400","67005875821306988845089085369942161077404502416766969680691076746113270097402"
"5","15:50-15:55","BTC","Down","Ask","41","0.9","3893","3503.7","27113.18","19112.5368","2026-07-04T15:49:30.0150440+03:00","2026-07-04 15:49:30","btc-updown-5m-1783169400","67005875821306988845089085369942161077404502416766969680691076746113270097402"
"5","15:50-15:55","BTC","Down","Ask","42","0.91","661.56","602.0196","27774.74","19714.5564","2026-07-04T15:49:30.0150440+03:00","2026-07-04 15:49:30","btc-updown-5m-1783169400","67005875821306988845089085369942161077404502416766969680691076746113270097402"
"5","15:50-15:55","BTC","Down","Ask","43","0.92","752.5","692.3","28527.24","20406.8564","2026-07-04T15:49:30.0150440+03:00","2026-07-04 15:49:30","btc-updown-5m-1783169400","67005875821306988845089085369942161077404502416766969680691076746113270097402"
"5","15:50-15:55","BTC","Down","Ask","44","0.93","1022.86","951.2598","29550.1","21358.1162","2026-07-04T15:49:30.0150440+03:00","2026-07-04 15:49:30","btc-updown-5m-1783169400","67005875821306988845089085369942161077404502416766969680691076746113270097402"
"5","15:50-15:55","BTC","Down","Ask","45","0.94","1087.65","1022.391","30637.75","22380.5072","2026-07-04T15:49:30.0150440+03:00","2026-07-04 15:49:30","btc-updown-5m-1783169400","67005875821306988845089085369942161077404502416766969680691076746113270097402"
"5","15:50-15:55","BTC","Down","Ask","46","0.95","1321","1254.95","31958.75","23635.4572","2026-07-04T15:49:30.0150440+03:00","2026-07-04 15:49:30","btc-updown-5m-1783169400","67005875821306988845089085369942161077404502416766969680691076746113270097402"
"5","15:50-15:55","BTC","Down","Ask","47","0.96","1481.75","1422.48","33440.5","25057.9372","2026-07-04T15:49:30.0150440+03:00","2026-07-04 15:49:30","btc-updown-5m-1783169400","67005875821306988845089085369942161077404502416766969680691076746113270097402"
"5","15:50-15:55","BTC","Down","Ask","48","0.97","12120.82","11757.1954","45561.32","36815.1326","2026-07-04T15:49:30.0150440+03:00","2026-07-04 15:49:30","btc-updown-5m-1783169400","67005875821306988845089085369942161077404502416766969680691076746113270097402"
"5","15:50-15:55","BTC","Down","Ask","49","0.98","3075.95","3014.431","48637.27","39829.5636","2026-07-04T15:49:30.0150440+03:00","2026-07-04 15:49:30","btc-updown-5m-1783169400","67005875821306988845089085369942161077404502416766969680691076746113270097402"
"5","15:50-15:55","BTC","Down","Ask","50","0.99","13995.31","13855.3569","62632.58","53684.9205","2026-07-04T15:49:30.0150440+03:00","2026-07-04 15:49:30","btc-updown-5m-1783169400","67005875821306988845089085369942161077404502416766969680691076746113270097402"
"5","15:50-15:55","BTC","Down","Bid","1","0.49","419.09","205.3541","419.09","205.3541","2026-07-04T15:49:30.0150440+03:00","2026-07-04 15:49:30","btc-updown-5m-1783169400","67005875821306988845089085369942161077404502416766969680691076746113270097402"
"5","15:50-15:55","BTC","Down","Bid","2","0.48","228.25","109.56","647.34","314.9141","2026-07-04T15:49:30.0150440+03:00","2026-07-04 15:49:30","btc-updown-5m-1783169400","67005875821306988845089085369942161077404502416766969680691076746113270097402"
"5","15:50-15:55","BTC","Down","Bid","3","0.47","358.45","168.4715","1005.79","483.3856","2026-07-04T15:49:30.0150440+03:00","2026-07-04 15:49:30","btc-updown-5m-1783169400","67005875821306988845089085369942161077404502416766969680691076746113270097402"
"5","15:50-15:55","BTC","Down","Bid","4","0.46","496.55","228.413","1502.34","711.7986","2026-07-04T15:49:30.0150440+03:00","2026-07-04 15:49:30","btc-updown-5m-1783169400","67005875821306988845089085369942161077404502416766969680691076746113270097402"
"5","15:50-15:55","BTC","Down","Bid","5","0.45","1066.98","480.141","2569.32","1191.9396","2026-07-04T15:49:30.0150440+03:00","2026-07-04 15:49:30","btc-updown-5m-1783169400","67005875821306988845089085369942161077404502416766969680691076746113270097402"
"5","15:50-15:55","BTC","Down","Bid","6","0.44","557.26","245.1944","3126.58","1437.134","2026-07-04T15:49:30.0150440+03:00","2026-07-04 15:49:30","btc-updown-5m-1783169400","67005875821306988845089085369942161077404502416766969680691076746113270097402"
"5","15:50-15:55","BTC","Down","Bid","7","0.43","378.25","162.6475","3504.83","1599.7815","2026-07-04T15:49:30.0150440+03:00","2026-07-04 15:49:30","btc-updown-5m-1783169400","67005875821306988845089085369942161077404502416766969680691076746113270097402"
"5","15:50-15:55","BTC","Down","Bid","8","0.42","408.7","171.654","3913.53","1771.4355","2026-07-04T15:49:30.0150440+03:00","2026-07-04 15:49:30","btc-updown-5m-1783169400","67005875821306988845089085369942161077404502416766969680691076746113270097402"
"5","15:50-15:55","BTC","Down","Bid","9","0.41","359.15","147.2515","4272.68","1918.687","2026-07-04T15:49:30.0150440+03:00","2026-07-04 15:49:30","btc-updown-5m-1783169400","67005875821306988845089085369942161077404502416766969680691076746113270097402"
"5","15:50-15:55","BTC","Down","Bid","10","0.4","523","209.2","4795.68","2127.887","2026-07-04T15:49:30.0150440+03:00","2026-07-04 15:49:30","btc-updown-5m-1783169400","67005875821306988845089085369942161077404502416766969680691076746113270097402"
"5","15:50-15:55","BTC","Down","Bid","11","0.39","493.63","192.5157","5289.31","2320.4027","2026-07-04T15:49:30.0150440+03:00","2026-07-04 15:49:30","btc-updown-5m-1783169400","67005875821306988845089085369942161077404502416766969680691076746113270097402"
"5","15:50-15:55","BTC","Down","Bid","12","0.38","360.84","137.1192","5650.15","2457.5219","2026-07-04T15:49:30.0150440+03:00","2026-07-04 15:49:30","btc-updown-5m-1783169400","67005875821306988845089085369942161077404502416766969680691076746113270097402"
"5","15:50-15:55","BTC","Down","Bid","13","0.37","780.24","288.6888","6430.39","2746.2107","2026-07-04T15:49:30.0150440+03:00","2026-07-04 15:49:30","btc-updown-5m-1783169400","67005875821306988845089085369942161077404502416766969680691076746113270097402"
"5","15:50-15:55","BTC","Down","Bid","14","0.36","850.47","306.1692","7280.86","3052.3799","2026-07-04T15:49:30.0150440+03:00","2026-07-04 15:49:30","btc-updown-5m-1783169400","67005875821306988845089085369942161077404502416766969680691076746113270097402"
"5","15:50-15:55","BTC","Down","Bid","15","0.35","1213.19","424.6165","8494.05","3476.9964","2026-07-04T15:49:30.0150440+03:00","2026-07-04 15:49:30","btc-updown-5m-1783169400","67005875821306988845089085369942161077404502416766969680691076746113270097402"
"5","15:50-15:55","BTC","Down","Bid","16","0.34","610.32","207.5088","9104.37","3684.5052","2026-07-04T15:49:30.0150440+03:00","2026-07-04 15:49:30","btc-updown-5m-1783169400","67005875821306988845089085369942161077404502416766969680691076746113270097402"
"5","15:50-15:55","BTC","Down","Bid","17","0.33","815.61","269.1513","9919.98","3953.6565","2026-07-04T15:49:30.0150440+03:00","2026-07-04 15:49:30","btc-updown-5m-1783169400","67005875821306988845089085369942161077404502416766969680691076746113270097402"
"5","15:50-15:55","BTC","Down","Bid","18","0.32","696.14","222.7648","10616.12","4176.4213","2026-07-04T15:49:30.0150440+03:00","2026-07-04 15:49:30","btc-updown-5m-1783169400","67005875821306988845089085369942161077404502416766969680691076746113270097402"
"5","15:50-15:55","BTC","Down","Bid","19","0.31","859.04","266.3024","11475.16","4442.7237","2026-07-04T15:49:30.0150440+03:00","2026-07-04 15:49:30","btc-updown-5m-1783169400","67005875821306988845089085369942161077404502416766969680691076746113270097402"
"5","15:50-15:55","BTC","Down","Bid","20","0.3","1012.32","303.696","12487.48","4746.4197","2026-07-04T15:49:30.0150440+03:00","2026-07-04 15:49:30","btc-updown-5m-1783169400","67005875821306988845089085369942161077404502416766969680691076746113270097402"
"5","15:50-15:55","BTC","Down","Bid","21","0.29","620.35","179.9015","13107.83","4926.3212","2026-07-04T15:49:30.0150440+03:00","2026-07-04 15:49:30","btc-updown-5m-1783169400","67005875821306988845089085369942161077404502416766969680691076746113270097402"
"5","15:50-15:55","BTC","Down","Bid","22","0.28","632.71","177.1588","13740.54","5103.48","2026-07-04T15:49:30.0150440+03:00","2026-07-04 15:49:30","btc-updown-5m-1783169400","67005875821306988845089085369942161077404502416766969680691076746113270097402"
"5","15:50-15:55","BTC","Down","Bid","23","0.27","390","105.3","14130.54","5208.78","2026-07-04T15:49:30.0150440+03:00","2026-07-04 15:49:30","btc-updown-5m-1783169400","67005875821306988845089085369942161077404502416766969680691076746113270097402"
"5","15:50-15:55","BTC","Down","Bid","24","0.26","270","70.2","14400.54","5278.98","2026-07-04T15:49:30.0150440+03:00","2026-07-04 15:49:30","btc-updown-5m-1783169400","67005875821306988845089085369942161077404502416766969680691076746113270097402"
"5","15:50-15:55","BTC","Down","Bid","25","0.25","385","96.25","14785.54","5375.23","2026-07-04T15:49:30.0150440+03:00","2026-07-04 15:49:30","btc-updown-5m-1783169400","67005875821306988845089085369942161077404502416766969680691076746113270097402"
"5","15:50-15:55","BTC","Down","Bid","26","0.24","775","186","15560.54","5561.23","2026-07-04T15:49:30.0150440+03:00","2026-07-04 15:49:30","btc-updown-5m-1783169400","67005875821306988845089085369942161077404502416766969680691076746113270097402"
"5","15:50-15:55","BTC","Down","Bid","27","0.23","100","23","15660.54","5584.23","2026-07-04T15:49:30.0150440+03:00","2026-07-04 15:49:30","btc-updown-5m-1783169400","67005875821306988845089085369942161077404502416766969680691076746113270097402"
"5","15:50-15:55","BTC","Down","Bid","28","0.22","705","155.1","16365.54","5739.33","2026-07-04T15:49:30.0150440+03:00","2026-07-04 15:49:30","btc-updown-5m-1783169400","67005875821306988845089085369942161077404502416766969680691076746113270097402"
"5","15:50-15:55","BTC","Down","Bid","29","0.21","857","179.97","17222.54","5919.3","2026-07-04T15:49:30.0150440+03:00","2026-07-04 15:49:30","btc-updown-5m-1783169400","67005875821306988845089085369942161077404502416766969680691076746113270097402"
"5","15:50-15:55","BTC","Down","Bid","30","0.2","797","159.4","18019.54","6078.7","2026-07-04T15:49:30.0150440+03:00","2026-07-04 15:49:30","btc-updown-5m-1783169400","67005875821306988845089085369942161077404502416766969680691076746113270097402"
"5","15:50-15:55","BTC","Down","Bid","31","0.19","31","5.89","18050.54","6084.59","2026-07-04T15:49:30.0150440+03:00","2026-07-04 15:49:30","btc-updown-5m-1783169400","67005875821306988845089085369942161077404502416766969680691076746113270097402"
"5","15:50-15:55","BTC","Down","Bid","32","0.18","36","6.48","18086.54","6091.07","2026-07-04T15:49:30.0150440+03:00","2026-07-04 15:49:30","btc-updown-5m-1783169400","67005875821306988845089085369942161077404502416766969680691076746113270097402"
"5","15:50-15:55","BTC","Down","Bid","33","0.17","18","3.06","18104.54","6094.13","2026-07-04T15:49:30.0150440+03:00","2026-07-04 15:49:30","btc-updown-5m-1783169400","67005875821306988845089085369942161077404502416766969680691076746113270097402"
"5","15:50-15:55","BTC","Down","Bid","34","0.16","47","7.52","18151.54","6101.65","2026-07-04T15:49:30.0150440+03:00","2026-07-04 15:49:30","btc-updown-5m-1783169400","67005875821306988845089085369942161077404502416766969680691076746113270097402"
"5","15:50-15:55","BTC","Down","Bid","35","0.15","2180.33","327.0495","20331.87","6428.6995","2026-07-04T15:49:30.0150440+03:00","2026-07-04 15:49:30","btc-updown-5m-1783169400","67005875821306988845089085369942161077404502416766969680691076746113270097402"
"5","15:50-15:55","BTC","Down","Bid","36","0.14","28","3.92","20359.87","6432.6195","2026-07-04T15:49:30.0150440+03:00","2026-07-04 15:49:30","btc-updown-5m-1783169400","67005875821306988845089085369942161077404502416766969680691076746113270097402"
"5","15:50-15:55","BTC","Down","Bid","37","0.13","67","8.71","20426.87","6441.3295","2026-07-04T15:49:30.0150440+03:00","2026-07-04 15:49:30","btc-updown-5m-1783169400","67005875821306988845089085369942161077404502416766969680691076746113270097402"
"5","15:50-15:55","BTC","Down","Bid","38","0.12","67","8.04","20493.87","6449.3695","2026-07-04T15:49:30.0150440+03:00","2026-07-04 15:49:30","btc-updown-5m-1783169400","67005875821306988845089085369942161077404502416766969680691076746113270097402"
"5","15:50-15:55","BTC","Down","Bid","39","0.11","260","28.6","20753.87","6477.9695","2026-07-04T15:49:30.0150440+03:00","2026-07-04 15:49:30","btc-updown-5m-1783169400","67005875821306988845089085369942161077404502416766969680691076746113270097402"
"5","15:50-15:55","BTC","Down","Bid","40","0.1","3893","389.3","24646.87","6867.2695","2026-07-04T15:49:30.0150440+03:00","2026-07-04 15:49:30","btc-updown-5m-1783169400","67005875821306988845089085369942161077404502416766969680691076746113270097402"
"5","15:50-15:55","BTC","Down","Bid","41","0.09","661.56","59.5404","25308.43","6926.8099","2026-07-04T15:49:30.0150440+03:00","2026-07-04 15:49:30","btc-updown-5m-1783169400","67005875821306988845089085369942161077404502416766969680691076746113270097402"
"5","15:50-15:55","BTC","Down","Bid","42","0.08","752.5","60.2","26060.93","6987.0099","2026-07-04T15:49:30.0150440+03:00","2026-07-04 15:49:30","btc-updown-5m-1783169400","67005875821306988845089085369942161077404502416766969680691076746113270097402"
"5","15:50-15:55","BTC","Down","Bid","43","0.07","1022.86","71.6002","27083.79","7058.6101","2026-07-04T15:49:30.0150440+03:00","2026-07-04 15:49:30","btc-updown-5m-1783169400","67005875821306988845089085369942161077404502416766969680691076746113270097402"
"5","15:50-15:55","BTC","Down","Bid","44","0.06","1082.65","64.959","28166.44","7123.5691","2026-07-04T15:49:30.0150440+03:00","2026-07-04 15:49:30","btc-updown-5m-1783169400","67005875821306988845089085369942161077404502416766969680691076746113270097402"
"5","15:50-15:55","BTC","Down","Bid","45","0.05","1321","66.05","29487.44","7189.6191","2026-07-04T15:49:30.0150440+03:00","2026-07-04 15:49:30","btc-updown-5m-1783169400","67005875821306988845089085369942161077404502416766969680691076746113270097402"
"5","15:50-15:55","BTC","Down","Bid","46","0.04","1466.75","58.67","30954.19","7248.2891","2026-07-04T15:49:30.0150440+03:00","2026-07-04 15:49:30","btc-updown-5m-1783169400","67005875821306988845089085369942161077404502416766969680691076746113270097402"
"5","15:50-15:55","BTC","Down","Bid","47","0.03","12120.82","363.6246","43075.01","7611.9137","2026-07-04T15:49:30.0150440+03:00","2026-07-04 15:49:30","btc-updown-5m-1783169400","67005875821306988845089085369942161077404502416766969680691076746113270097402"
"5","15:50-15:55","BTC","Down","Bid","48","0.02","3081.36","61.6272","46156.37","7673.5409","2026-07-04T15:49:30.0150440+03:00","2026-07-04 15:49:30","btc-updown-5m-1783169400","67005875821306988845089085369942161077404502416766969680691076746113270097402"
"5","15:50-15:55","BTC","Down","Bid","49","0.01","13922.22","139.2222","60078.59","7812.7631","2026-07-04T15:49:30.0150440+03:00","2026-07-04 15:49:30","btc-updown-5m-1783169400","67005875821306988845089085369942161077404502416766969680691076746113270097402"
"5","15:50-15:55","BTC","Up","Ask","1","0.51","419.09","213.7359","419.09","213.7359","2026-07-04T15:49:30.2964891+03:00","2026-07-04 15:49:30","btc-updown-5m-1783169400","75174758634903797724984004492728549040321624498341379942249978899079497375768"
"5","15:50-15:55","BTC","Up","Ask","2","0.52","228.25","118.69","647.34","332.4259","2026-07-04T15:49:30.2964891+03:00","2026-07-04 15:49:30","btc-updown-5m-1783169400","75174758634903797724984004492728549040321624498341379942249978899079497375768"
"5","15:50-15:55","BTC","Up","Ask","3","0.53","358.45","189.9785","1005.79","522.4044","2026-07-04T15:49:30.2964891+03:00","2026-07-04 15:49:30","btc-updown-5m-1783169400","75174758634903797724984004492728549040321624498341379942249978899079497375768"
"5","15:50-15:55","BTC","Up","Ask","4","0.54","496.55","268.137","1502.34","790.5414","2026-07-04T15:49:30.2964891+03:00","2026-07-04 15:49:30","btc-updown-5m-1783169400","75174758634903797724984004492728549040321624498341379942249978899079497375768"
"5","15:50-15:55","BTC","Up","Ask","5","0.55","1066.98","586.839","2569.32","1377.3804","2026-07-04T15:49:30.2964891+03:00","2026-07-04 15:49:30","btc-updown-5m-1783169400","75174758634903797724984004492728549040321624498341379942249978899079497375768"
"5","15:50-15:55","BTC","Up","Ask","6","0.56","557.26","312.0656","3126.58","1689.446","2026-07-04T15:49:30.2964891+03:00","2026-07-04 15:49:30","btc-updown-5m-1783169400","75174758634903797724984004492728549040321624498341379942249978899079497375768"
"5","15:50-15:55","BTC","Up","Ask","7","0.57","378.25","215.6025","3504.83","1905.0485","2026-07-04T15:49:30.2964891+03:00","2026-07-04 15:49:30","btc-updown-5m-1783169400","75174758634903797724984004492728549040321624498341379942249978899079497375768"
"5","15:50-15:55","BTC","Up","Ask","8","0.58","408.7","237.046","3913.53","2142.0945","2026-07-04T15:49:30.2964891+03:00","2026-07-04 15:49:30","btc-updown-5m-1783169400","75174758634903797724984004492728549040321624498341379942249978899079497375768"
"5","15:50-15:55","BTC","Up","Ask","9","0.59","359.15","211.8985","4272.68","2353.993","2026-07-04T15:49:30.2964891+03:00","2026-07-04 15:49:30","btc-updown-5m-1783169400","75174758634903797724984004492728549040321624498341379942249978899079497375768"
"5","15:50-15:55","BTC","Up","Ask","10","0.6","523","313.8","4795.68","2667.793","2026-07-04T15:49:30.2964891+03:00","2026-07-04 15:49:30","btc-updown-5m-1783169400","75174758634903797724984004492728549040321624498341379942249978899079497375768"
"5","15:50-15:55","BTC","Up","Ask","11","0.61","493.63","301.1143","5289.31","2968.9073","2026-07-04T15:49:30.2964891+03:00","2026-07-04 15:49:30","btc-updown-5m-1783169400","75174758634903797724984004492728549040321624498341379942249978899079497375768"
"5","15:50-15:55","BTC","Up","Ask","12","0.62","360.84","223.7208","5650.15","3192.6281","2026-07-04T15:49:30.2964891+03:00","2026-07-04 15:49:30","btc-updown-5m-1783169400","75174758634903797724984004492728549040321624498341379942249978899079497375768"
"5","15:50-15:55","BTC","Up","Ask","13","0.63","780.24","491.5512","6430.39","3684.1793","2026-07-04T15:49:30.2964891+03:00","2026-07-04 15:49:30","btc-updown-5m-1783169400","75174758634903797724984004492728549040321624498341379942249978899079497375768"
"5","15:50-15:55","BTC","Up","Ask","14","0.64","850.47","544.3008","7280.86","4228.4801","2026-07-04T15:49:30.2964891+03:00","2026-07-04 15:49:30","btc-updown-5m-1783169400","75174758634903797724984004492728549040321624498341379942249978899079497375768"
"5","15:50-15:55","BTC","Up","Ask","15","0.65","1213.19","788.5735","8494.05","5017.0536","2026-07-04T15:49:30.2964891+03:00","2026-07-04 15:49:30","btc-updown-5m-1783169400","75174758634903797724984004492728549040321624498341379942249978899079497375768"
"5","15:50-15:55","BTC","Up","Ask","16","0.66","610.32","402.8112","9104.37","5419.8648","2026-07-04T15:49:30.2964891+03:00","2026-07-04 15:49:30","btc-updown-5m-1783169400","75174758634903797724984004492728549040321624498341379942249978899079497375768"
"5","15:50-15:55","BTC","Up","Ask","17","0.67","815.61","546.4587","9919.98","5966.3235","2026-07-04T15:49:30.2964891+03:00","2026-07-04 15:49:30","btc-updown-5m-1783169400","75174758634903797724984004492728549040321624498341379942249978899079497375768"
"5","15:50-15:55","BTC","Up","Ask","18","0.68","696.14","473.3752","10616.12","6439.6987","2026-07-04T15:49:30.2964891+03:00","2026-07-04 15:49:30","btc-updown-5m-1783169400","75174758634903797724984004492728549040321624498341379942249978899079497375768"
"5","15:50-15:55","BTC","Up","Ask","19","0.69","859.04","592.7376","11475.16","7032.4363","2026-07-04T15:49:30.2964891+03:00","2026-07-04 15:49:30","btc-updown-5m-1783169400","75174758634903797724984004492728549040321624498341379942249978899079497375768"
"5","15:50-15:55","BTC","Up","Ask","20","0.7","1012.32","708.624","12487.48","7741.0603","2026-07-04T15:49:30.2964891+03:00","2026-07-04 15:49:30","btc-updown-5m-1783169400","75174758634903797724984004492728549040321624498341379942249978899079497375768"
"5","15:50-15:55","BTC","Up","Ask","21","0.71","620.35","440.4485","13107.83","8181.5088","2026-07-04T15:49:30.2964891+03:00","2026-07-04 15:49:30","btc-updown-5m-1783169400","75174758634903797724984004492728549040321624498341379942249978899079497375768"
"5","15:50-15:55","BTC","Up","Ask","22","0.72","632.71","455.5512","13740.54","8637.06","2026-07-04T15:49:30.2964891+03:00","2026-07-04 15:49:30","btc-updown-5m-1783169400","75174758634903797724984004492728549040321624498341379942249978899079497375768"
"5","15:50-15:55","BTC","Up","Ask","23","0.73","390","284.7","14130.54","8921.76","2026-07-04T15:49:30.2964891+03:00","2026-07-04 15:49:30","btc-updown-5m-1783169400","75174758634903797724984004492728549040321624498341379942249978899079497375768"
"5","15:50-15:55","BTC","Up","Ask","24","0.74","270","199.8","14400.54","9121.56","2026-07-04T15:49:30.2964891+03:00","2026-07-04 15:49:30","btc-updown-5m-1783169400","75174758634903797724984004492728549040321624498341379942249978899079497375768"
"5","15:50-15:55","BTC","Up","Ask","25","0.75","385","288.75","14785.54","9410.31","2026-07-04T15:49:30.2964891+03:00","2026-07-04 15:49:30","btc-updown-5m-1783169400","75174758634903797724984004492728549040321624498341379942249978899079497375768"
"5","15:50-15:55","BTC","Up","Ask","26","0.76","775","589","15560.54","9999.31","2026-07-04T15:49:30.2964891+03:00","2026-07-04 15:49:30","btc-updown-5m-1783169400","75174758634903797724984004492728549040321624498341379942249978899079497375768"
"5","15:50-15:55","BTC","Up","Ask","27","0.77","100","77","15660.54","10076.31","2026-07-04T15:49:30.2964891+03:00","2026-07-04 15:49:30","btc-updown-5m-1783169400","75174758634903797724984004492728549040321624498341379942249978899079497375768"
"5","15:50-15:55","BTC","Up","Ask","28","0.78","705","549.9","16365.54","10626.21","2026-07-04T15:49:30.2964891+03:00","2026-07-04 15:49:30","btc-updown-5m-1783169400","75174758634903797724984004492728549040321624498341379942249978899079497375768"
"5","15:50-15:55","BTC","Up","Ask","29","0.79","857","677.03","17222.54","11303.24","2026-07-04T15:49:30.2964891+03:00","2026-07-04 15:49:30","btc-updown-5m-1783169400","75174758634903797724984004492728549040321624498341379942249978899079497375768"
"5","15:50-15:55","BTC","Up","Ask","30","0.8","797","637.6","18019.54","11940.84","2026-07-04T15:49:30.2964891+03:00","2026-07-04 15:49:30","btc-updown-5m-1783169400","75174758634903797724984004492728549040321624498341379942249978899079497375768"
"5","15:50-15:55","BTC","Up","Ask","31","0.81","31","25.11","18050.54","11965.95","2026-07-04T15:49:30.2964891+03:00","2026-07-04 15:49:30","btc-updown-5m-1783169400","75174758634903797724984004492728549040321624498341379942249978899079497375768"
"5","15:50-15:55","BTC","Up","Ask","32","0.82","36","29.52","18086.54","11995.47","2026-07-04T15:49:30.2964891+03:00","2026-07-04 15:49:30","btc-updown-5m-1783169400","75174758634903797724984004492728549040321624498341379942249978899079497375768"
"5","15:50-15:55","BTC","Up","Ask","33","0.83","18","14.94","18104.54","12010.41","2026-07-04T15:49:30.2964891+03:00","2026-07-04 15:49:30","btc-updown-5m-1783169400","75174758634903797724984004492728549040321624498341379942249978899079497375768"
"5","15:50-15:55","BTC","Up","Ask","34","0.84","47","39.48","18151.54","12049.89","2026-07-04T15:49:30.2964891+03:00","2026-07-04 15:49:30","btc-updown-5m-1783169400","75174758634903797724984004492728549040321624498341379942249978899079497375768"
"5","15:50-15:55","BTC","Up","Ask","35","0.85","2180.33","1853.2805","20331.87","13903.1705","2026-07-04T15:49:30.2964891+03:00","2026-07-04 15:49:30","btc-updown-5m-1783169400","75174758634903797724984004492728549040321624498341379942249978899079497375768"
"5","15:50-15:55","BTC","Up","Ask","36","0.86","28","24.08","20359.87","13927.2505","2026-07-04T15:49:30.2964891+03:00","2026-07-04 15:49:30","btc-updown-5m-1783169400","75174758634903797724984004492728549040321624498341379942249978899079497375768"
"5","15:50-15:55","BTC","Up","Ask","37","0.87","67","58.29","20426.87","13985.5405","2026-07-04T15:49:30.2964891+03:00","2026-07-04 15:49:30","btc-updown-5m-1783169400","75174758634903797724984004492728549040321624498341379942249978899079497375768"
"5","15:50-15:55","BTC","Up","Ask","38","0.88","67","58.96","20493.87","14044.5005","2026-07-04T15:49:30.2964891+03:00","2026-07-04 15:49:30","btc-updown-5m-1783169400","75174758634903797724984004492728549040321624498341379942249978899079497375768"
"5","15:50-15:55","BTC","Up","Ask","39","0.89","260","231.4","20753.87","14275.9005","2026-07-04T15:49:30.2964891+03:00","2026-07-04 15:49:30","btc-updown-5m-1783169400","75174758634903797724984004492728549040321624498341379942249978899079497375768"
"5","15:50-15:55","BTC","Up","Ask","40","0.9","3893","3503.7","24646.87","17779.6005","2026-07-04T15:49:30.2964891+03:00","2026-07-04 15:49:30","btc-updown-5m-1783169400","75174758634903797724984004492728549040321624498341379942249978899079497375768"
"5","15:50-15:55","BTC","Up","Ask","41","0.91","661.56","602.0196","25308.43","18381.6201","2026-07-04T15:49:30.2964891+03:00","2026-07-04 15:49:30","btc-updown-5m-1783169400","75174758634903797724984004492728549040321624498341379942249978899079497375768"
"5","15:50-15:55","BTC","Up","Ask","42","0.92","752.5","692.3","26060.93","19073.9201","2026-07-04T15:49:30.2964891+03:00","2026-07-04 15:49:30","btc-updown-5m-1783169400","75174758634903797724984004492728549040321624498341379942249978899079497375768"
"5","15:50-15:55","BTC","Up","Ask","43","0.93","1022.86","951.2598","27083.79","20025.1799","2026-07-04T15:49:30.2964891+03:00","2026-07-04 15:49:30","btc-updown-5m-1783169400","75174758634903797724984004492728549040321624498341379942249978899079497375768"
"5","15:50-15:55","BTC","Up","Ask","44","0.94","1082.65","1017.691","28166.44","21042.8709","2026-07-04T15:49:30.2964891+03:00","2026-07-04 15:49:30","btc-updown-5m-1783169400","75174758634903797724984004492728549040321624498341379942249978899079497375768"
"5","15:50-15:55","BTC","Up","Ask","45","0.95","1321","1254.95","29487.44","22297.8209","2026-07-04T15:49:30.2964891+03:00","2026-07-04 15:49:30","btc-updown-5m-1783169400","75174758634903797724984004492728549040321624498341379942249978899079497375768"
"5","15:50-15:55","BTC","Up","Ask","46","0.96","1466.75","1408.08","30954.19","23705.9009","2026-07-04T15:49:30.2964891+03:00","2026-07-04 15:49:30","btc-updown-5m-1783169400","75174758634903797724984004492728549040321624498341379942249978899079497375768"
"5","15:50-15:55","BTC","Up","Ask","47","0.97","12120.82","11757.1954","43075.01","35463.0963","2026-07-04T15:49:30.2964891+03:00","2026-07-04 15:49:30","btc-updown-5m-1783169400","75174758634903797724984004492728549040321624498341379942249978899079497375768"
"5","15:50-15:55","BTC","Up","Ask","48","0.98","3081.36","3019.7328","46156.37","38482.8291","2026-07-04T15:49:30.2964891+03:00","2026-07-04 15:49:30","btc-updown-5m-1783169400","75174758634903797724984004492728549040321624498341379942249978899079497375768"
"5","15:50-15:55","BTC","Up","Ask","49","0.99","13922.22","13782.9978","60078.59","52265.8269","2026-07-04T15:49:30.2964891+03:00","2026-07-04 15:49:30","btc-updown-5m-1783169400","75174758634903797724984004492728549040321624498341379942249978899079497375768"
"5","15:50-15:55","BTC","Up","Bid","1","0.5","1413.42","706.71","1413.42","706.71","2026-07-04T15:49:30.2964891+03:00","2026-07-04 15:49:30","btc-updown-5m-1783169400","75174758634903797724984004492728549040321624498341379942249978899079497375768"
"5","15:50-15:55","BTC","Up","Bid","2","0.49","100.3","49.147","1513.72","755.857","2026-07-04T15:49:30.2964891+03:00","2026-07-04 15:49:30","btc-updown-5m-1783169400","75174758634903797724984004492728549040321624498341379942249978899079497375768"
"5","15:50-15:55","BTC","Up","Bid","3","0.48","222.61","106.8528","1736.33","862.7098","2026-07-04T15:49:30.2964891+03:00","2026-07-04 15:49:30","btc-updown-5m-1783169400","75174758634903797724984004492728549040321624498341379942249978899079497375768"
"5","15:50-15:55","BTC","Up","Bid","4","0.47","256.45","120.5315","1992.78","983.2413","2026-07-04T15:49:30.2964891+03:00","2026-07-04 15:49:30","btc-updown-5m-1783169400","75174758634903797724984004492728549040321624498341379942249978899079497375768"
"5","15:50-15:55","BTC","Up","Bid","5","0.46","696.55","320.413","2689.33","1303.6543","2026-07-04T15:49:30.2964891+03:00","2026-07-04 15:49:30","btc-updown-5m-1783169400","75174758634903797724984004492728549040321624498341379942249978899079497375768"
"5","15:50-15:55","BTC","Up","Bid","6","0.45","1138.98","512.541","3828.31","1816.1953","2026-07-04T15:49:30.2964891+03:00","2026-07-04 15:49:30","btc-updown-5m-1783169400","75174758634903797724984004492728549040321624498341379942249978899079497375768"
"5","15:50-15:55","BTC","Up","Bid","7","0.44","1068.26","470.0344","4896.57","2286.2297","2026-07-04T15:49:30.2964891+03:00","2026-07-04 15:49:30","btc-updown-5m-1783169400","75174758634903797724984004492728549040321624498341379942249978899079497375768"
"5","15:50-15:55","BTC","Up","Bid","8","0.43","469.25","201.7775","5365.82","2488.0072","2026-07-04T15:49:30.2964891+03:00","2026-07-04 15:49:30","btc-updown-5m-1783169400","75174758634903797724984004492728549040321624498341379942249978899079497375768"
"5","15:50-15:55","BTC","Up","Bid","9","0.42","499.7","209.874","5865.52","2697.8812","2026-07-04T15:49:30.2964891+03:00","2026-07-04 15:49:30","btc-updown-5m-1783169400","75174758634903797724984004492728549040321624498341379942249978899079497375768"
"5","15:50-15:55","BTC","Up","Bid","10","0.41","450.15","184.5615","6315.67","2882.4427","2026-07-04T15:49:30.2964891+03:00","2026-07-04 15:49:30","btc-updown-5m-1783169400","75174758634903797724984004492728549040321624498341379942249978899079497375768"
"5","15:50-15:55","BTC","Up","Bid","11","0.4","965.32","386.128","7280.99","3268.5707","2026-07-04T15:49:30.2964891+03:00","2026-07-04 15:49:30","btc-updown-5m-1783169400","75174758634903797724984004492728549040321624498341379942249978899079497375768"
"5","15:50-15:55","BTC","Up","Bid","12","0.39","493.63","192.5157","7774.62","3461.0864","2026-07-04T15:49:30.2964891+03:00","2026-07-04 15:49:30","btc-updown-5m-1783169400","75174758634903797724984004492728549040321624498341379942249978899079497375768"
"5","15:50-15:55","BTC","Up","Bid","13","0.38","350.84","133.3192","8125.46","3594.4056","2026-07-04T15:49:30.2964891+03:00","2026-07-04 15:49:30","btc-updown-5m-1783169400","75174758634903797724984004492728549040321624498341379942249978899079497375768"
"5","15:50-15:55","BTC","Up","Bid","14","0.37","755.24","279.4388","8880.7","3873.8444","2026-07-04T15:49:30.2964891+03:00","2026-07-04 15:49:30","btc-updown-5m-1783169400","75174758634903797724984004492728549040321624498341379942249978899079497375768"
"5","15:50-15:55","BTC","Up","Bid","15","0.36","850.47","306.1692","9731.17","4180.0136","2026-07-04T15:49:30.2964891+03:00","2026-07-04 15:49:30","btc-updown-5m-1783169400","75174758634903797724984004492728549040321624498341379942249978899079497375768"
"5","15:50-15:55","BTC","Up","Bid","16","0.35","1213.19","424.6165","10944.36","4604.6301","2026-07-04T15:49:30.2964891+03:00","2026-07-04 15:49:30","btc-updown-5m-1783169400","75174758634903797724984004492728549040321624498341379942249978899079497375768"
"5","15:50-15:55","BTC","Up","Bid","17","0.34","610.32","207.5088","11554.68","4812.1389","2026-07-04T15:49:30.2964891+03:00","2026-07-04 15:49:30","btc-updown-5m-1783169400","75174758634903797724984004492728549040321624498341379942249978899079497375768"
"5","15:50-15:55","BTC","Up","Bid","18","0.33","815.61","269.1513","12370.29","5081.2902","2026-07-04T15:49:30.2964891+03:00","2026-07-04 15:49:30","btc-updown-5m-1783169400","75174758634903797724984004492728549040321624498341379942249978899079497375768"
"5","15:50-15:55","BTC","Up","Bid","19","0.32","696.14","222.7648","13066.43","5304.055","2026-07-04T15:49:30.2964891+03:00","2026-07-04 15:49:30","btc-updown-5m-1783169400","75174758634903797724984004492728549040321624498341379942249978899079497375768"
"5","15:50-15:55","BTC","Up","Bid","20","0.31","829.04","257.0024","13895.47","5561.0574","2026-07-04T15:49:30.2964891+03:00","2026-07-04 15:49:30","btc-updown-5m-1783169400","75174758634903797724984004492728549040321624498341379942249978899079497375768"
"5","15:50-15:55","BTC","Up","Bid","21","0.3","1022.32","306.696","14917.79","5867.7534","2026-07-04T15:49:30.2964891+03:00","2026-07-04 15:49:30","btc-updown-5m-1783169400","75174758634903797724984004492728549040321624498341379942249978899079497375768"
"5","15:50-15:55","BTC","Up","Bid","22","0.29","676.35","196.1415","15594.14","6063.8949","2026-07-04T15:49:30.2964891+03:00","2026-07-04 15:49:30","btc-updown-5m-1783169400","75174758634903797724984004492728549040321624498341379942249978899079497375768"
"5","15:50-15:55","BTC","Up","Bid","23","0.28","632.71","177.1588","16226.85","6241.0537","2026-07-04T15:49:30.2964891+03:00","2026-07-04 15:49:30","btc-updown-5m-1783169400","75174758634903797724984004492728549040321624498341379942249978899079497375768"
"5","15:50-15:55","BTC","Up","Bid","24","0.27","390","105.3","16616.85","6346.3537","2026-07-04T15:49:30.2964891+03:00","2026-07-04 15:49:30","btc-updown-5m-1783169400","75174758634903797724984004492728549040321624498341379942249978899079497375768"
"5","15:50-15:55","BTC","Up","Bid","25","0.26","270","70.2","16886.85","6416.5537","2026-07-04T15:49:30.2964891+03:00","2026-07-04 15:49:30","btc-updown-5m-1783169400","75174758634903797724984004492728549040321624498341379942249978899079497375768"
"5","15:50-15:55","BTC","Up","Bid","26","0.25","385","96.25","17271.85","6512.8037","2026-07-04T15:49:30.2964891+03:00","2026-07-04 15:49:30","btc-updown-5m-1783169400","75174758634903797724984004492728549040321624498341379942249978899079497375768"
"5","15:50-15:55","BTC","Up","Bid","27","0.24","775","186","18046.85","6698.8037","2026-07-04T15:49:30.2964891+03:00","2026-07-04 15:49:30","btc-updown-5m-1783169400","75174758634903797724984004492728549040321624498341379942249978899079497375768"
"5","15:50-15:55","BTC","Up","Bid","28","0.23","100","23","18146.85","6721.8037","2026-07-04T15:49:30.2964891+03:00","2026-07-04 15:49:30","btc-updown-5m-1783169400","75174758634903797724984004492728549040321624498341379942249978899079497375768"
"5","15:50-15:55","BTC","Up","Bid","29","0.22","705","155.1","18851.85","6876.9037","2026-07-04T15:49:30.2964891+03:00","2026-07-04 15:49:30","btc-updown-5m-1783169400","75174758634903797724984004492728549040321624498341379942249978899079497375768"
"5","15:50-15:55","BTC","Up","Bid","30","0.21","837","175.77","19688.85","7052.6737","2026-07-04T15:49:30.2964891+03:00","2026-07-04 15:49:30","btc-updown-5m-1783169400","75174758634903797724984004492728549040321624498341379942249978899079497375768"
"5","15:50-15:55","BTC","Up","Bid","31","0.2","797","159.4","20485.85","7212.0737","2026-07-04T15:49:30.2964891+03:00","2026-07-04 15:49:30","btc-updown-5m-1783169400","75174758634903797724984004492728549040321624498341379942249978899079497375768"
"5","15:50-15:55","BTC","Up","Bid","32","0.19","31","5.89","20516.85","7217.9637","2026-07-04T15:49:30.2964891+03:00","2026-07-04 15:49:30","btc-updown-5m-1783169400","75174758634903797724984004492728549040321624498341379942249978899079497375768"
"5","15:50-15:55","BTC","Up","Bid","33","0.18","36","6.48","20552.85","7224.4437","2026-07-04T15:49:30.2964891+03:00","2026-07-04 15:49:30","btc-updown-5m-1783169400","75174758634903797724984004492728549040321624498341379942249978899079497375768"
"5","15:50-15:55","BTC","Up","Bid","34","0.17","18","3.06","20570.85","7227.5037","2026-07-04T15:49:30.2964891+03:00","2026-07-04 15:49:30","btc-updown-5m-1783169400","75174758634903797724984004492728549040321624498341379942249978899079497375768"
"5","15:50-15:55","BTC","Up","Bid","35","0.16","47","7.52","20617.85","7235.0237","2026-07-04T15:49:30.2964891+03:00","2026-07-04 15:49:30","btc-updown-5m-1783169400","75174758634903797724984004492728549040321624498341379942249978899079497375768"
"5","15:50-15:55","BTC","Up","Bid","36","0.15","2180.33","327.0495","22798.18","7562.0732","2026-07-04T15:49:30.2964891+03:00","2026-07-04 15:49:30","btc-updown-5m-1783169400","75174758634903797724984004492728549040321624498341379942249978899079497375768"
"5","15:50-15:55","BTC","Up","Bid","37","0.14","28","3.92","22826.18","7565.9932","2026-07-04T15:49:30.2964891+03:00","2026-07-04 15:49:30","btc-updown-5m-1783169400","75174758634903797724984004492728549040321624498341379942249978899079497375768"
"5","15:50-15:55","BTC","Up","Bid","38","0.13","67","8.71","22893.18","7574.7032","2026-07-04T15:49:30.2964891+03:00","2026-07-04 15:49:30","btc-updown-5m-1783169400","75174758634903797724984004492728549040321624498341379942249978899079497375768"
"5","15:50-15:55","BTC","Up","Bid","39","0.12","67","8.04","22960.18","7582.7432","2026-07-04T15:49:30.2964891+03:00","2026-07-04 15:49:30","btc-updown-5m-1783169400","75174758634903797724984004492728549040321624498341379942249978899079497375768"
"5","15:50-15:55","BTC","Up","Bid","40","0.11","260","28.6","23220.18","7611.3432","2026-07-04T15:49:30.2964891+03:00","2026-07-04 15:49:30","btc-updown-5m-1783169400","75174758634903797724984004492728549040321624498341379942249978899079497375768"
"5","15:50-15:55","BTC","Up","Bid","41","0.1","3893","389.3","27113.18","8000.6432","2026-07-04T15:49:30.2964891+03:00","2026-07-04 15:49:30","btc-updown-5m-1783169400","75174758634903797724984004492728549040321624498341379942249978899079497375768"
"5","15:50-15:55","BTC","Up","Bid","42","0.09","661.56","59.5404","27774.74","8060.1836","2026-07-04T15:49:30.2964891+03:00","2026-07-04 15:49:30","btc-updown-5m-1783169400","75174758634903797724984004492728549040321624498341379942249978899079497375768"
"5","15:50-15:55","BTC","Up","Bid","43","0.08","752.5","60.2","28527.24","8120.3836","2026-07-04T15:49:30.2964891+03:00","2026-07-04 15:49:30","btc-updown-5m-1783169400","75174758634903797724984004492728549040321624498341379942249978899079497375768"
"5","15:50-15:55","BTC","Up","Bid","44","0.07","1022.86","71.6002","29550.1","8191.9838","2026-07-04T15:49:30.2964891+03:00","2026-07-04 15:49:30","btc-updown-5m-1783169400","75174758634903797724984004492728549040321624498341379942249978899079497375768"
"5","15:50-15:55","BTC","Up","Bid","45","0.06","1087.65","65.259","30637.75","8257.2428","2026-07-04T15:49:30.2964891+03:00","2026-07-04 15:49:30","btc-updown-5m-1783169400","75174758634903797724984004492728549040321624498341379942249978899079497375768"
"5","15:50-15:55","BTC","Up","Bid","46","0.05","1321","66.05","31958.75","8323.2928","2026-07-04T15:49:30.2964891+03:00","2026-07-04 15:49:30","btc-updown-5m-1783169400","75174758634903797724984004492728549040321624498341379942249978899079497375768"
"5","15:50-15:55","BTC","Up","Bid","47","0.04","1481.75","59.27","33440.5","8382.5628","2026-07-04T15:49:30.2964891+03:00","2026-07-04 15:49:30","btc-updown-5m-1783169400","75174758634903797724984004492728549040321624498341379942249978899079497375768"
"5","15:50-15:55","BTC","Up","Bid","48","0.03","12120.82","363.6246","45561.32","8746.1874","2026-07-04T15:49:30.2964891+03:00","2026-07-04 15:49:30","btc-updown-5m-1783169400","75174758634903797724984004492728549040321624498341379942249978899079497375768"
"5","15:50-15:55","BTC","Up","Bid","49","0.02","3075.95","61.519","48637.27","8807.7064","2026-07-04T15:49:30.2964891+03:00","2026-07-04 15:49:30","btc-updown-5m-1783169400","75174758634903797724984004492728549040321624498341379942249978899079497375768"
"5","15:50-15:55","BTC","Up","Bid","50","0.01","13995.31","139.9531","62632.58","8947.6595","2026-07-04T15:49:30.2964891+03:00","2026-07-04 15:49:30","btc-updown-5m-1783169400","75174758634903797724984004492728549040321624498341379942249978899079497375768"
"5","15:50-15:55","ETH","Down","Ask","1","0.5","140","70","140","70","2026-07-04T15:49:30.5175731+03:00","2026-07-04 15:49:30","eth-updown-5m-1783169400","7889123683511545042275743876983797671393800369714343047516624832866273682900"
"5","15:50-15:55","ETH","Down","Ask","2","0.51","10","5.1","150","75.1","2026-07-04T15:49:30.5175731+03:00","2026-07-04 15:49:30","eth-updown-5m-1783169400","7889123683511545042275743876983797671393800369714343047516624832866273682900"
"5","15:50-15:55","ETH","Down","Ask","3","0.52","215","111.8","365","186.9","2026-07-04T15:49:30.5175731+03:00","2026-07-04 15:49:30","eth-updown-5m-1783169400","7889123683511545042275743876983797671393800369714343047516624832866273682900"
"5","15:50-15:55","ETH","Down","Ask","4","0.53","220","116.6","585","303.5","2026-07-04T15:49:30.5175731+03:00","2026-07-04 15:49:30","eth-updown-5m-1783169400","7889123683511545042275743876983797671393800369714343047516624832866273682900"
"5","15:50-15:55","ETH","Down","Ask","5","0.54","216.52","116.9208","801.52","420.4208","2026-07-04T15:49:30.5175731+03:00","2026-07-04 15:49:30","eth-updown-5m-1783169400","7889123683511545042275743876983797671393800369714343047516624832866273682900"
"5","15:50-15:55","ETH","Down","Ask","6","0.55","95.42","52.481","896.94","472.9018","2026-07-04T15:49:30.5175731+03:00","2026-07-04 15:49:30","eth-updown-5m-1783169400","7889123683511545042275743876983797671393800369714343047516624832866273682900"
"5","15:50-15:55","ETH","Down","Ask","7","0.56","193.3","108.248","1090.24","581.1498","2026-07-04T15:49:30.5175731+03:00","2026-07-04 15:49:30","eth-updown-5m-1783169400","7889123683511545042275743876983797671393800369714343047516624832866273682900"
"5","15:50-15:55","ETH","Down","Ask","8","0.57","112.08","63.8856","1202.32","645.0354","2026-07-04T15:49:30.5175731+03:00","2026-07-04 15:49:30","eth-updown-5m-1783169400","7889123683511545042275743876983797671393800369714343047516624832866273682900"
"5","15:50-15:55","ETH","Down","Ask","9","0.58","156.6","90.828","1358.92","735.8634","2026-07-04T15:49:30.5175731+03:00","2026-07-04 15:49:30","eth-updown-5m-1783169400","7889123683511545042275743876983797671393800369714343047516624832866273682900"
"5","15:50-15:55","ETH","Down","Ask","10","0.59","196","115.64","1554.92","851.5034","2026-07-04T15:49:30.5175731+03:00","2026-07-04 15:49:30","eth-updown-5m-1783169400","7889123683511545042275743876983797671393800369714343047516624832866273682900"
"5","15:50-15:55","ETH","Down","Ask","11","0.6","139.7","83.82","1694.62","935.3234","2026-07-04T15:49:30.5175731+03:00","2026-07-04 15:49:30","eth-updown-5m-1783169400","7889123683511545042275743876983797671393800369714343047516624832866273682900"
"5","15:50-15:55","ETH","Down","Ask","12","0.61","185.7","113.277","1880.32","1048.6004","2026-07-04T15:49:30.5175731+03:00","2026-07-04 15:49:30","eth-updown-5m-1783169400","7889123683511545042275743876983797671393800369714343047516624832866273682900"
"5","15:50-15:55","ETH","Down","Ask","13","0.62","155.42","96.3604","2035.74","1144.9608","2026-07-04T15:49:30.5175731+03:00","2026-07-04 15:49:30","eth-updown-5m-1783169400","7889123683511545042275743876983797671393800369714343047516624832866273682900"
"5","15:50-15:55","ETH","Down","Ask","14","0.63","92","57.96","2127.74","1202.9208","2026-07-04T15:49:30.5175731+03:00","2026-07-04 15:49:30","eth-updown-5m-1783169400","7889123683511545042275743876983797671393800369714343047516624832866273682900"
"5","15:50-15:55","ETH","Down","Ask","15","0.64","104.44","66.8416","2232.18","1269.7624","2026-07-04T15:49:30.5175731+03:00","2026-07-04 15:49:30","eth-updown-5m-1783169400","7889123683511545042275743876983797671393800369714343047516624832866273682900"
"5","15:50-15:55","ETH","Down","Ask","16","0.65","263.57","171.3205","2495.75","1441.0829","2026-07-04T15:49:30.5175731+03:00","2026-07-04 15:49:30","eth-updown-5m-1783169400","7889123683511545042275743876983797671393800369714343047516624832866273682900"
"5","15:50-15:55","ETH","Down","Ask","17","0.66","50","33","2545.75","1474.0829","2026-07-04T15:49:30.5175731+03:00","2026-07-04 15:49:30","eth-updown-5m-1783169400","7889123683511545042275743876983797671393800369714343047516624832866273682900"
"5","15:50-15:55","ETH","Down","Ask","18","0.67","90","60.3","2635.75","1534.3829","2026-07-04T15:49:30.5175731+03:00","2026-07-04 15:49:30","eth-updown-5m-1783169400","7889123683511545042275743876983797671393800369714343047516624832866273682900"
"5","15:50-15:55","ETH","Down","Ask","19","0.68","115","78.2","2750.75","1612.5829","2026-07-04T15:49:30.5175731+03:00","2026-07-04 15:49:30","eth-updown-5m-1783169400","7889123683511545042275743876983797671393800369714343047516624832866273682900"
"5","15:50-15:55","ETH","Down","Ask","20","0.69","65","44.85","2815.75","1657.4329","2026-07-04T15:49:30.5175731+03:00","2026-07-04 15:49:30","eth-updown-5m-1783169400","7889123683511545042275743876983797671393800369714343047516624832866273682900"
"5","15:50-15:55","ETH","Down","Ask","21","0.7","221.66","155.162","3037.41","1812.5949","2026-07-04T15:49:30.5175731+03:00","2026-07-04 15:49:30","eth-updown-5m-1783169400","7889123683511545042275743876983797671393800369714343047516624832866273682900"
"5","15:50-15:55","ETH","Down","Ask","22","0.71","32.23","22.8833","3069.64","1835.4782","2026-07-04T15:49:30.5175731+03:00","2026-07-04 15:49:30","eth-updown-5m-1783169400","7889123683511545042275743876983797671393800369714343047516624832866273682900"
"5","15:50-15:55","ETH","Down","Ask","23","0.72","80","57.6","3149.64","1893.0782","2026-07-04T15:49:30.5175731+03:00","2026-07-04 15:49:30","eth-updown-5m-1783169400","7889123683511545042275743876983797671393800369714343047516624832866273682900"
"5","15:50-15:55","ETH","Down","Ask","24","0.73","120","87.6","3269.64","1980.6782","2026-07-04T15:49:30.5175731+03:00","2026-07-04 15:49:30","eth-updown-5m-1783169400","7889123683511545042275743876983797671393800369714343047516624832866273682900"
"5","15:50-15:55","ETH","Down","Ask","25","0.74","125","92.5","3394.64","2073.1782","2026-07-04T15:49:30.5175731+03:00","2026-07-04 15:49:30","eth-updown-5m-1783169400","7889123683511545042275743876983797671393800369714343047516624832866273682900"
"5","15:50-15:55","ETH","Down","Ask","26","0.75","20","15","3414.64","2088.1782","2026-07-04T15:49:30.5175731+03:00","2026-07-04 15:49:30","eth-updown-5m-1783169400","7889123683511545042275743876983797671393800369714343047516624832866273682900"
"5","15:50-15:55","ETH","Down","Ask","27","0.76","195","148.2","3609.64","2236.3782","2026-07-04T15:49:30.5175731+03:00","2026-07-04 15:49:30","eth-updown-5m-1783169400","7889123683511545042275743876983797671393800369714343047516624832866273682900"
"5","15:50-15:55","ETH","Down","Ask","28","0.77","90","69.3","3699.64","2305.6782","2026-07-04T15:49:30.5175731+03:00","2026-07-04 15:49:30","eth-updown-5m-1783169400","7889123683511545042275743876983797671393800369714343047516624832866273682900"
"5","15:50-15:55","ETH","Down","Ask","29","0.78","35","27.3","3734.64","2332.9782","2026-07-04T15:49:30.5175731+03:00","2026-07-04 15:49:30","eth-updown-5m-1783169400","7889123683511545042275743876983797671393800369714343047516624832866273682900"
"5","15:50-15:55","ETH","Down","Ask","30","0.79","187","147.73","3921.64","2480.7082","2026-07-04T15:49:30.5175731+03:00","2026-07-04 15:49:30","eth-updown-5m-1783169400","7889123683511545042275743876983797671393800369714343047516624832866273682900"
"5","15:50-15:55","ETH","Down","Ask","31","0.8","207","165.6","4128.64","2646.3082","2026-07-04T15:49:30.5175731+03:00","2026-07-04 15:49:30","eth-updown-5m-1783169400","7889123683511545042275743876983797671393800369714343047516624832866273682900"
"5","15:50-15:55","ETH","Down","Ask","32","0.81","37","29.97","4165.64","2676.2782","2026-07-04T15:49:30.5175731+03:00","2026-07-04 15:49:30","eth-updown-5m-1783169400","7889123683511545042275743876983797671393800369714343047516624832866273682900"
"5","15:50-15:55","ETH","Down","Ask","33","0.82","12","9.84","4177.64","2686.1182","2026-07-04T15:49:30.5175731+03:00","2026-07-04 15:49:30","eth-updown-5m-1783169400","7889123683511545042275743876983797671393800369714343047516624832866273682900"
"5","15:50-15:55","ETH","Down","Ask","34","0.83","7","5.81","4184.64","2691.9282","2026-07-04T15:49:30.5175731+03:00","2026-07-04 15:49:30","eth-updown-5m-1783169400","7889123683511545042275743876983797671393800369714343047516624832866273682900"
"5","15:50-15:55","ETH","Down","Ask","35","0.84","35","29.4","4219.64","2721.3282","2026-07-04T15:49:30.5175731+03:00","2026-07-04 15:49:30","eth-updown-5m-1783169400","7889123683511545042275743876983797671393800369714343047516624832866273682900"
"5","15:50-15:55","ETH","Down","Ask","36","0.85","1635","1389.75","5854.64","4111.0782","2026-07-04T15:49:30.5175731+03:00","2026-07-04 15:49:30","eth-updown-5m-1783169400","7889123683511545042275743876983797671393800369714343047516624832866273682900"
"5","15:50-15:55","ETH","Down","Ask","37","0.86","20","17.2","5874.64","4128.2782","2026-07-04T15:49:30.5175731+03:00","2026-07-04 15:49:30","eth-updown-5m-1783169400","7889123683511545042275743876983797671393800369714343047516624832866273682900"
"5","15:50-15:55","ETH","Down","Ask","38","0.87","67","58.29","5941.64","4186.5682","2026-07-04T15:49:30.5175731+03:00","2026-07-04 15:49:30","eth-updown-5m-1783169400","7889123683511545042275743876983797671393800369714343047516624832866273682900"
"5","15:50-15:55","ETH","Down","Ask","39","0.88","67","58.96","6008.64","4245.5282","2026-07-04T15:49:30.5175731+03:00","2026-07-04 15:49:30","eth-updown-5m-1783169400","7889123683511545042275743876983797671393800369714343047516624832866273682900"
"5","15:50-15:55","ETH","Down","Ask","40","0.89","22","19.58","6030.64","4265.1082","2026-07-04T15:49:30.5175731+03:00","2026-07-04 15:49:30","eth-updown-5m-1783169400","7889123683511545042275743876983797671393800369714343047516624832866273682900"
"5","15:50-15:55","ETH","Down","Ask","41","0.9","2872","2584.8","8902.64","6849.9082","2026-07-04T15:49:30.5175731+03:00","2026-07-04 15:49:30","eth-updown-5m-1783169400","7889123683511545042275743876983797671393800369714343047516624832866273682900"
"5","15:50-15:55","ETH","Down","Ask","42","0.91","632.56","575.6296","9535.2","7425.5378","2026-07-04T15:49:30.5175731+03:00","2026-07-04 15:49:30","eth-updown-5m-1783169400","7889123683511545042275743876983797671393800369714343047516624832866273682900"
"5","15:50-15:55","ETH","Down","Ask","43","0.92","584.5","537.74","10119.7","7963.2778","2026-07-04T15:49:30.5175731+03:00","2026-07-04 15:49:30","eth-updown-5m-1783169400","7889123683511545042275743876983797671393800369714343047516624832866273682900"
"5","15:50-15:55","ETH","Down","Ask","44","0.93","747","694.71","10866.7","8657.9878","2026-07-04T15:49:30.5175731+03:00","2026-07-04 15:49:30","eth-updown-5m-1783169400","7889123683511545042275743876983797671393800369714343047516624832866273682900"
"5","15:50-15:55","ETH","Down","Ask","45","0.94","836.65","786.451","11703.35","9444.4388","2026-07-04T15:49:30.5175731+03:00","2026-07-04 15:49:30","eth-updown-5m-1783169400","7889123683511545042275743876983797671393800369714343047516624832866273682900"
"5","15:50-15:55","ETH","Down","Ask","46","0.95","735","698.25","12438.35","10142.6888","2026-07-04T15:49:30.5175731+03:00","2026-07-04 15:49:30","eth-updown-5m-1783169400","7889123683511545042275743876983797671393800369714343047516624832866273682900"
"5","15:50-15:55","ETH","Down","Ask","47","0.96","1112.5","1068","13550.85","11210.6888","2026-07-04T15:49:30.5175731+03:00","2026-07-04 15:49:30","eth-updown-5m-1783169400","7889123683511545042275743876983797671393800369714343047516624832866273682900"
"5","15:50-15:55","ETH","Down","Ask","48","0.97","11175","10839.75","24725.85","22050.4388","2026-07-04T15:49:30.5175731+03:00","2026-07-04 15:49:30","eth-updown-5m-1783169400","7889123683511545042275743876983797671393800369714343047516624832866273682900"
"5","15:50-15:55","ETH","Down","Ask","49","0.98","1095","1073.1","25820.85","23123.5388","2026-07-04T15:49:30.5175731+03:00","2026-07-04 15:49:30","eth-updown-5m-1783169400","7889123683511545042275743876983797671393800369714343047516624832866273682900"
"5","15:50-15:55","ETH","Down","Ask","50","0.99","9436","9341.64","35256.85","32465.1788","2026-07-04T15:49:30.5175731+03:00","2026-07-04 15:49:30","eth-updown-5m-1783169400","7889123683511545042275743876983797671393800369714343047516624832866273682900"
"5","15:50-15:55","ETH","Down","Bid","1","0.49","116.33","57.0017","116.33","57.0017","2026-07-04T15:49:30.5175731+03:00","2026-07-04 15:49:30","eth-updown-5m-1783169400","7889123683511545042275743876983797671393800369714343047516624832866273682900"
"5","15:50-15:55","ETH","Down","Bid","2","0.48","220","105.6","336.33","162.6017","2026-07-04T15:49:30.5175731+03:00","2026-07-04 15:49:30","eth-updown-5m-1783169400","7889123683511545042275743876983797671393800369714343047516624832866273682900"
"5","15:50-15:55","ETH","Down","Bid","3","0.47","240","112.8","576.33","275.4017","2026-07-04T15:49:30.5175731+03:00","2026-07-04 15:49:30","eth-updown-5m-1783169400","7889123683511545042275743876983797671393800369714343047516624832866273682900"
"5","15:50-15:55","ETH","Down","Bid","4","0.46","46.52","21.3992","622.85","296.8009","2026-07-04T15:49:30.5175731+03:00","2026-07-04 15:49:30","eth-updown-5m-1783169400","7889123683511545042275743876983797671393800369714343047516624832866273682900"
"5","15:50-15:55","ETH","Down","Bid","5","0.45","125.42","56.439","748.27","353.2399","2026-07-04T15:49:30.5175731+03:00","2026-07-04 15:49:30","eth-updown-5m-1783169400","7889123683511545042275743876983797671393800369714343047516624832866273682900"
"5","15:50-15:55","ETH","Down","Bid","6","0.44","220.3","96.932","968.57","450.1719","2026-07-04T15:49:30.5175731+03:00","2026-07-04 15:49:30","eth-updown-5m-1783169400","7889123683511545042275743876983797671393800369714343047516624832866273682900"
"5","15:50-15:55","ETH","Down","Bid","7","0.43","119.08","51.2044","1087.65","501.3763","2026-07-04T15:49:30.5175731+03:00","2026-07-04 15:49:30","eth-updown-5m-1783169400","7889123683511545042275743876983797671393800369714343047516624832866273682900"
"5","15:50-15:55","ETH","Down","Bid","8","0.42","126.6","53.172","1214.25","554.5483","2026-07-04T15:49:30.5175731+03:00","2026-07-04 15:49:30","eth-updown-5m-1783169400","7889123683511545042275743876983797671393800369714343047516624832866273682900"
"5","15:50-15:55","ETH","Down","Bid","9","0.41","166","68.06","1380.25","622.6083","2026-07-04T15:49:30.5175731+03:00","2026-07-04 15:49:30","eth-updown-5m-1783169400","7889123683511545042275743876983797671393800369714343047516624832866273682900"
"5","15:50-15:55","ETH","Down","Bid","10","0.4","109.7","43.88","1489.95","666.4883","2026-07-04T15:49:30.5175731+03:00","2026-07-04 15:49:30","eth-updown-5m-1783169400","7889123683511545042275743876983797671393800369714343047516624832866273682900"
"5","15:50-15:55","ETH","Down","Bid","11","0.39","148.7","57.993","1638.65","724.4813","2026-07-04T15:49:30.5175731+03:00","2026-07-04 15:49:30","eth-updown-5m-1783169400","7889123683511545042275743876983797671393800369714343047516624832866273682900"
"5","15:50-15:55","ETH","Down","Bid","12","0.38","148.42","56.3996","1787.07","780.8809","2026-07-04T15:49:30.5175731+03:00","2026-07-04 15:49:30","eth-updown-5m-1783169400","7889123683511545042275743876983797671393800369714343047516624832866273682900"
"5","15:50-15:55","ETH","Down","Bid","13","0.37","85","31.45","1872.07","812.3309","2026-07-04T15:49:30.5175731+03:00","2026-07-04 15:49:30","eth-updown-5m-1783169400","7889123683511545042275743876983797671393800369714343047516624832866273682900"
"5","15:50-15:55","ETH","Down","Bid","14","0.36","104.44","37.5984","1976.51","849.9293","2026-07-04T15:49:30.5175731+03:00","2026-07-04 15:49:30","eth-updown-5m-1783169400","7889123683511545042275743876983797671393800369714343047516624832866273682900"
"5","15:50-15:55","ETH","Down","Bid","15","0.35","263.57","92.2495","2240.08","942.1788","2026-07-04T15:49:30.5175731+03:00","2026-07-04 15:49:30","eth-updown-5m-1783169400","7889123683511545042275743876983797671393800369714343047516624832866273682900"
"5","15:50-15:55","ETH","Down","Bid","16","0.34","50","17","2290.08","959.1788","2026-07-04T15:49:30.5175731+03:00","2026-07-04 15:49:30","eth-updown-5m-1783169400","7889123683511545042275743876983797671393800369714343047516624832866273682900"
"5","15:50-15:55","ETH","Down","Bid","17","0.33","90","29.7","2380.08","988.8788","2026-07-04T15:49:30.5175731+03:00","2026-07-04 15:49:30","eth-updown-5m-1783169400","7889123683511545042275743876983797671393800369714343047516624832866273682900"
"5","15:50-15:55","ETH","Down","Bid","18","0.32","115","36.8","2495.08","1025.6788","2026-07-04T15:49:30.5175731+03:00","2026-07-04 15:49:30","eth-updown-5m-1783169400","7889123683511545042275743876983797671393800369714343047516624832866273682900"
"5","15:50-15:55","ETH","Down","Bid","19","0.31","65","20.15","2560.08","1045.8288","2026-07-04T15:49:30.5175731+03:00","2026-07-04 15:49:30","eth-updown-5m-1783169400","7889123683511545042275743876983797671393800369714343047516624832866273682900"
"5","15:50-15:55","ETH","Down","Bid","20","0.3","221.66","66.498","2781.74","1112.3268","2026-07-04T15:49:30.5175731+03:00","2026-07-04 15:49:30","eth-updown-5m-1783169400","7889123683511545042275743876983797671393800369714343047516624832866273682900"
"5","15:50-15:55","ETH","Down","Bid","21","0.29","32.23","9.3467","2813.97","1121.6735","2026-07-04T15:49:30.5175731+03:00","2026-07-04 15:49:30","eth-updown-5m-1783169400","7889123683511545042275743876983797671393800369714343047516624832866273682900"
"5","15:50-15:55","ETH","Down","Bid","22","0.28","80","22.4","2893.97","1144.0735","2026-07-04T15:49:30.5175731+03:00","2026-07-04 15:49:30","eth-updown-5m-1783169400","7889123683511545042275743876983797671393800369714343047516624832866273682900"
"5","15:50-15:55","ETH","Down","Bid","23","0.27","120","32.4","3013.97","1176.4735","2026-07-04T15:49:30.5175731+03:00","2026-07-04 15:49:30","eth-updown-5m-1783169400","7889123683511545042275743876983797671393800369714343047516624832866273682900"
"5","15:50-15:55","ETH","Down","Bid","24","0.26","125","32.5","3138.97","1208.9735","2026-07-04T15:49:30.5175731+03:00","2026-07-04 15:49:30","eth-updown-5m-1783169400","7889123683511545042275743876983797671393800369714343047516624832866273682900"
"5","15:50-15:55","ETH","Down","Bid","25","0.25","20","5","3158.97","1213.9735","2026-07-04T15:49:30.5175731+03:00","2026-07-04 15:49:30","eth-updown-5m-1783169400","7889123683511545042275743876983797671393800369714343047516624832866273682900"
"5","15:50-15:55","ETH","Down","Bid","26","0.24","195","46.8","3353.97","1260.7735","2026-07-04T15:49:30.5175731+03:00","2026-07-04 15:49:30","eth-updown-5m-1783169400","7889123683511545042275743876983797671393800369714343047516624832866273682900"
"5","15:50-15:55","ETH","Down","Bid","27","0.23","90","20.7","3443.97","1281.4735","2026-07-04T15:49:30.5175731+03:00","2026-07-04 15:49:30","eth-updown-5m-1783169400","7889123683511545042275743876983797671393800369714343047516624832866273682900"
"5","15:50-15:55","ETH","Down","Bid","28","0.22","35","7.7","3478.97","1289.1735","2026-07-04T15:49:30.5175731+03:00","2026-07-04 15:49:30","eth-updown-5m-1783169400","7889123683511545042275743876983797671393800369714343047516624832866273682900"
"5","15:50-15:55","ETH","Down","Bid","29","0.21","187","39.27","3665.97","1328.4435","2026-07-04T15:49:30.5175731+03:00","2026-07-04 15:49:30","eth-updown-5m-1783169400","7889123683511545042275743876983797671393800369714343047516624832866273682900"
"5","15:50-15:55","ETH","Down","Bid","30","0.2","207","41.4","3872.97","1369.8435","2026-07-04T15:49:30.5175731+03:00","2026-07-04 15:49:30","eth-updown-5m-1783169400","7889123683511545042275743876983797671393800369714343047516624832866273682900"
"5","15:50-15:55","ETH","Down","Bid","31","0.19","37","7.03","3909.97","1376.8735","2026-07-04T15:49:30.5175731+03:00","2026-07-04 15:49:30","eth-updown-5m-1783169400","7889123683511545042275743876983797671393800369714343047516624832866273682900"
"5","15:50-15:55","ETH","Down","Bid","32","0.18","12","2.16","3921.97","1379.0335","2026-07-04T15:49:30.5175731+03:00","2026-07-04 15:49:30","eth-updown-5m-1783169400","7889123683511545042275743876983797671393800369714343047516624832866273682900"
"5","15:50-15:55","ETH","Down","Bid","33","0.17","7","1.19","3928.97","1380.2235","2026-07-04T15:49:30.5175731+03:00","2026-07-04 15:49:30","eth-updown-5m-1783169400","7889123683511545042275743876983797671393800369714343047516624832866273682900"
"5","15:50-15:55","ETH","Down","Bid","34","0.16","35","5.6","3963.97","1385.8235","2026-07-04T15:49:30.5175731+03:00","2026-07-04 15:49:30","eth-updown-5m-1783169400","7889123683511545042275743876983797671393800369714343047516624832866273682900"
"5","15:50-15:55","ETH","Down","Bid","35","0.15","1635","245.25","5598.97","1631.0735","2026-07-04T15:49:30.5175731+03:00","2026-07-04 15:49:30","eth-updown-5m-1783169400","7889123683511545042275743876983797671393800369714343047516624832866273682900"
"5","15:50-15:55","ETH","Down","Bid","36","0.14","20","2.8","5618.97","1633.8735","2026-07-04T15:49:30.5175731+03:00","2026-07-04 15:49:30","eth-updown-5m-1783169400","7889123683511545042275743876983797671393800369714343047516624832866273682900"
"5","15:50-15:55","ETH","Down","Bid","37","0.13","67","8.71","5685.97","1642.5835","2026-07-04T15:49:30.5175731+03:00","2026-07-04 15:49:30","eth-updown-5m-1783169400","7889123683511545042275743876983797671393800369714343047516624832866273682900"
"5","15:50-15:55","ETH","Down","Bid","38","0.12","67","8.04","5752.97","1650.6235","2026-07-04T15:49:30.5175731+03:00","2026-07-04 15:49:30","eth-updown-5m-1783169400","7889123683511545042275743876983797671393800369714343047516624832866273682900"
"5","15:50-15:55","ETH","Down","Bid","39","0.11","22","2.42","5774.97","1653.0435","2026-07-04T15:49:30.5175731+03:00","2026-07-04 15:49:30","eth-updown-5m-1783169400","7889123683511545042275743876983797671393800369714343047516624832866273682900"
"5","15:50-15:55","ETH","Down","Bid","40","0.1","2872","287.2","8646.97","1940.2435","2026-07-04T15:49:30.5175731+03:00","2026-07-04 15:49:30","eth-updown-5m-1783169400","7889123683511545042275743876983797671393800369714343047516624832866273682900"
"5","15:50-15:55","ETH","Down","Bid","41","0.09","632.56","56.9304","9279.53","1997.1739","2026-07-04T15:49:30.5175731+03:00","2026-07-04 15:49:30","eth-updown-5m-1783169400","7889123683511545042275743876983797671393800369714343047516624832866273682900"
"5","15:50-15:55","ETH","Down","Bid","42","0.08","584.5","46.76","9864.03","2043.9339","2026-07-04T15:49:30.5175731+03:00","2026-07-04 15:49:30","eth-updown-5m-1783169400","7889123683511545042275743876983797671393800369714343047516624832866273682900"
"5","15:50-15:55","ETH","Down","Bid","43","0.07","747","52.29","10611.03","2096.2239","2026-07-04T15:49:30.5175731+03:00","2026-07-04 15:49:30","eth-updown-5m-1783169400","7889123683511545042275743876983797671393800369714343047516624832866273682900"
"5","15:50-15:55","ETH","Down","Bid","44","0.06","836.65","50.199","11447.68","2146.4229","2026-07-04T15:49:30.5175731+03:00","2026-07-04 15:49:30","eth-updown-5m-1783169400","7889123683511545042275743876983797671393800369714343047516624832866273682900"
"5","15:50-15:55","ETH","Down","Bid","45","0.05","735","36.75","12182.68","2183.1729","2026-07-04T15:49:30.5175731+03:00","2026-07-04 15:49:30","eth-updown-5m-1783169400","7889123683511545042275743876983797671393800369714343047516624832866273682900"
"5","15:50-15:55","ETH","Down","Bid","46","0.04","1112.5","44.5","13295.18","2227.6729","2026-07-04T15:49:30.5175731+03:00","2026-07-04 15:49:30","eth-updown-5m-1783169400","7889123683511545042275743876983797671393800369714343047516624832866273682900"
"5","15:50-15:55","ETH","Down","Bid","47","0.03","11170","335.1","24465.18","2562.7729","2026-07-04T15:49:30.5175731+03:00","2026-07-04 15:49:30","eth-updown-5m-1783169400","7889123683511545042275743876983797671393800369714343047516624832866273682900"
"5","15:50-15:55","ETH","Down","Bid","48","0.02","1095","21.9","25560.18","2584.6729","2026-07-04T15:49:30.5175731+03:00","2026-07-04 15:49:30","eth-updown-5m-1783169400","7889123683511545042275743876983797671393800369714343047516624832866273682900"
"5","15:50-15:55","ETH","Down","Bid","49","0.01","9441","94.41","35001.18","2679.0829","2026-07-04T15:49:30.5175731+03:00","2026-07-04 15:49:30","eth-updown-5m-1783169400","7889123683511545042275743876983797671393800369714343047516624832866273682900"
"5","15:50-15:55","ETH","Up","Ask","1","0.51","116.33","59.3283","116.33","59.3283","2026-07-04T15:49:30.7852154+03:00","2026-07-04 15:49:30","eth-updown-5m-1783169400","78792949404545371532397984509960782699857784497393487779468027175497403784899"
"5","15:50-15:55","ETH","Up","Ask","2","0.52","220","114.4","336.33","173.7283","2026-07-04T15:49:30.7852154+03:00","2026-07-04 15:49:30","eth-updown-5m-1783169400","78792949404545371532397984509960782699857784497393487779468027175497403784899"
"5","15:50-15:55","ETH","Up","Ask","3","0.53","240","127.2","576.33","300.9283","2026-07-04T15:49:30.7852154+03:00","2026-07-04 15:49:30","eth-updown-5m-1783169400","78792949404545371532397984509960782699857784497393487779468027175497403784899"
"5","15:50-15:55","ETH","Up","Ask","4","0.54","46.52","25.1208","622.85","326.0491","2026-07-04T15:49:30.7852154+03:00","2026-07-04 15:49:30","eth-updown-5m-1783169400","78792949404545371532397984509960782699857784497393487779468027175497403784899"
"5","15:50-15:55","ETH","Up","Ask","5","0.55","125.42","68.981","748.27","395.0301","2026-07-04T15:49:30.7852154+03:00","2026-07-04 15:49:30","eth-updown-5m-1783169400","78792949404545371532397984509960782699857784497393487779468027175497403784899"
"5","15:50-15:55","ETH","Up","Ask","6","0.56","220.3","123.368","968.57","518.3981","2026-07-04T15:49:30.7852154+03:00","2026-07-04 15:49:30","eth-updown-5m-1783169400","78792949404545371532397984509960782699857784497393487779468027175497403784899"
"5","15:50-15:55","ETH","Up","Ask","7","0.57","119.08","67.8756","1087.65","586.2737","2026-07-04T15:49:30.7852154+03:00","2026-07-04 15:49:30","eth-updown-5m-1783169400","78792949404545371532397984509960782699857784497393487779468027175497403784899"
"5","15:50-15:55","ETH","Up","Ask","8","0.58","126.6","73.428","1214.25","659.7017","2026-07-04T15:49:30.7852154+03:00","2026-07-04 15:49:30","eth-updown-5m-1783169400","78792949404545371532397984509960782699857784497393487779468027175497403784899"
"5","15:50-15:55","ETH","Up","Ask","9","0.59","166","97.94","1380.25","757.6417","2026-07-04T15:49:30.7852154+03:00","2026-07-04 15:49:30","eth-updown-5m-1783169400","78792949404545371532397984509960782699857784497393487779468027175497403784899"
"5","15:50-15:55","ETH","Up","Ask","10","0.6","109.7","65.82","1489.95","823.4617","2026-07-04T15:49:30.7852154+03:00","2026-07-04 15:49:30","eth-updown-5m-1783169400","78792949404545371532397984509960782699857784497393487779468027175497403784899"
"5","15:50-15:55","ETH","Up","Ask","11","0.61","148.7","90.707","1638.65","914.1687","2026-07-04T15:49:30.7852154+03:00","2026-07-04 15:49:30","eth-updown-5m-1783169400","78792949404545371532397984509960782699857784497393487779468027175497403784899"
"5","15:50-15:55","ETH","Up","Ask","12","0.62","148.42","92.0204","1787.07","1006.1891","2026-07-04T15:49:30.7852154+03:00","2026-07-04 15:49:30","eth-updown-5m-1783169400","78792949404545371532397984509960782699857784497393487779468027175497403784899"
"5","15:50-15:55","ETH","Up","Ask","13","0.63","85","53.55","1872.07","1059.7391","2026-07-04T15:49:30.7852154+03:00","2026-07-04 15:49:30","eth-updown-5m-1783169400","78792949404545371532397984509960782699857784497393487779468027175497403784899"
"5","15:50-15:55","ETH","Up","Ask","14","0.64","104.44","66.8416","1976.51","1126.5807","2026-07-04T15:49:30.7852154+03:00","2026-07-04 15:49:30","eth-updown-5m-1783169400","78792949404545371532397984509960782699857784497393487779468027175497403784899"
"5","15:50-15:55","ETH","Up","Ask","15","0.65","263.57","171.3205","2240.08","1297.9012","2026-07-04T15:49:30.7852154+03:00","2026-07-04 15:49:30","eth-updown-5m-1783169400","78792949404545371532397984509960782699857784497393487779468027175497403784899"
"5","15:50-15:55","ETH","Up","Ask","16","0.66","50","33","2290.08","1330.9012","2026-07-04T15:49:30.7852154+03:00","2026-07-04 15:49:30","eth-updown-5m-1783169400","78792949404545371532397984509960782699857784497393487779468027175497403784899"
"5","15:50-15:55","ETH","Up","Ask","17","0.67","90","60.3","2380.08","1391.2012","2026-07-04T15:49:30.7852154+03:00","2026-07-04 15:49:30","eth-updown-5m-1783169400","78792949404545371532397984509960782699857784497393487779468027175497403784899"
"5","15:50-15:55","ETH","Up","Ask","18","0.68","115","78.2","2495.08","1469.4012","2026-07-04T15:49:30.7852154+03:00","2026-07-04 15:49:30","eth-updown-5m-1783169400","78792949404545371532397984509960782699857784497393487779468027175497403784899"
"5","15:50-15:55","ETH","Up","Ask","19","0.69","65","44.85","2560.08","1514.2512","2026-07-04T15:49:30.7852154+03:00","2026-07-04 15:49:30","eth-updown-5m-1783169400","78792949404545371532397984509960782699857784497393487779468027175497403784899"
"5","15:50-15:55","ETH","Up","Ask","20","0.7","221.66","155.162","2781.74","1669.4132","2026-07-04T15:49:30.7852154+03:00","2026-07-04 15:49:30","eth-updown-5m-1783169400","78792949404545371532397984509960782699857784497393487779468027175497403784899"
"5","15:50-15:55","ETH","Up","Ask","21","0.71","32.23","22.8833","2813.97","1692.2965","2026-07-04T15:49:30.7852154+03:00","2026-07-04 15:49:30","eth-updown-5m-1783169400","78792949404545371532397984509960782699857784497393487779468027175497403784899"
"5","15:50-15:55","ETH","Up","Ask","22","0.72","80","57.6","2893.97","1749.8965","2026-07-04T15:49:30.7852154+03:00","2026-07-04 15:49:30","eth-updown-5m-1783169400","78792949404545371532397984509960782699857784497393487779468027175497403784899"
"5","15:50-15:55","ETH","Up","Ask","23","0.73","120","87.6","3013.97","1837.4965","2026-07-04T15:49:30.7852154+03:00","2026-07-04 15:49:30","eth-updown-5m-1783169400","78792949404545371532397984509960782699857784497393487779468027175497403784899"
"5","15:50-15:55","ETH","Up","Ask","24","0.74","125","92.5","3138.97","1929.9965","2026-07-04T15:49:30.7852154+03:00","2026-07-04 15:49:30","eth-updown-5m-1783169400","78792949404545371532397984509960782699857784497393487779468027175497403784899"
"5","15:50-15:55","ETH","Up","Ask","25","0.75","20","15","3158.97","1944.9965","2026-07-04T15:49:30.7852154+03:00","2026-07-04 15:49:30","eth-updown-5m-1783169400","78792949404545371532397984509960782699857784497393487779468027175497403784899"
"5","15:50-15:55","ETH","Up","Ask","26","0.76","195","148.2","3353.97","2093.1965","2026-07-04T15:49:30.7852154+03:00","2026-07-04 15:49:30","eth-updown-5m-1783169400","78792949404545371532397984509960782699857784497393487779468027175497403784899"
"5","15:50-15:55","ETH","Up","Ask","27","0.77","90","69.3","3443.97","2162.4965","2026-07-04T15:49:30.7852154+03:00","2026-07-04 15:49:30","eth-updown-5m-1783169400","78792949404545371532397984509960782699857784497393487779468027175497403784899"
"5","15:50-15:55","ETH","Up","Ask","28","0.78","35","27.3","3478.97","2189.7965","2026-07-04T15:49:30.7852154+03:00","2026-07-04 15:49:30","eth-updown-5m-1783169400","78792949404545371532397984509960782699857784497393487779468027175497403784899"
"5","15:50-15:55","ETH","Up","Ask","29","0.79","187","147.73","3665.97","2337.5265","2026-07-04T15:49:30.7852154+03:00","2026-07-04 15:49:30","eth-updown-5m-1783169400","78792949404545371532397984509960782699857784497393487779468027175497403784899"
"5","15:50-15:55","ETH","Up","Ask","30","0.8","207","165.6","3872.97","2503.1265","2026-07-04T15:49:30.7852154+03:00","2026-07-04 15:49:30","eth-updown-5m-1783169400","78792949404545371532397984509960782699857784497393487779468027175497403784899"
"5","15:50-15:55","ETH","Up","Ask","31","0.81","37","29.97","3909.97","2533.0965","2026-07-04T15:49:30.7852154+03:00","2026-07-04 15:49:30","eth-updown-5m-1783169400","78792949404545371532397984509960782699857784497393487779468027175497403784899"
"5","15:50-15:55","ETH","Up","Ask","32","0.82","12","9.84","3921.97","2542.9365","2026-07-04T15:49:30.7852154+03:00","2026-07-04 15:49:30","eth-updown-5m-1783169400","78792949404545371532397984509960782699857784497393487779468027175497403784899"
"5","15:50-15:55","ETH","Up","Ask","33","0.83","7","5.81","3928.97","2548.7465","2026-07-04T15:49:30.7852154+03:00","2026-07-04 15:49:30","eth-updown-5m-1783169400","78792949404545371532397984509960782699857784497393487779468027175497403784899"
"5","15:50-15:55","ETH","Up","Ask","34","0.84","35","29.4","3963.97","2578.1465","2026-07-04T15:49:30.7852154+03:00","2026-07-04 15:49:30","eth-updown-5m-1783169400","78792949404545371532397984509960782699857784497393487779468027175497403784899"
"5","15:50-15:55","ETH","Up","Ask","35","0.85","1635","1389.75","5598.97","3967.8965","2026-07-04T15:49:30.7852154+03:00","2026-07-04 15:49:30","eth-updown-5m-1783169400","78792949404545371532397984509960782699857784497393487779468027175497403784899"
"5","15:50-15:55","ETH","Up","Ask","36","0.86","20","17.2","5618.97","3985.0965","2026-07-04T15:49:30.7852154+03:00","2026-07-04 15:49:30","eth-updown-5m-1783169400","78792949404545371532397984509960782699857784497393487779468027175497403784899"
"5","15:50-15:55","ETH","Up","Ask","37","0.87","67","58.29","5685.97","4043.3865","2026-07-04T15:49:30.7852154+03:00","2026-07-04 15:49:30","eth-updown-5m-1783169400","78792949404545371532397984509960782699857784497393487779468027175497403784899"
"5","15:50-15:55","ETH","Up","Ask","38","0.88","67","58.96","5752.97","4102.3465","2026-07-04T15:49:30.7852154+03:00","2026-07-04 15:49:30","eth-updown-5m-1783169400","78792949404545371532397984509960782699857784497393487779468027175497403784899"
"5","15:50-15:55","ETH","Up","Ask","39","0.89","22","19.58","5774.97","4121.9265","2026-07-04T15:49:30.7852154+03:00","2026-07-04 15:49:30","eth-updown-5m-1783169400","78792949404545371532397984509960782699857784497393487779468027175497403784899"
"5","15:50-15:55","ETH","Up","Ask","40","0.9","2872","2584.8","8646.97","6706.7265","2026-07-04T15:49:30.7852154+03:00","2026-07-04 15:49:30","eth-updown-5m-1783169400","78792949404545371532397984509960782699857784497393487779468027175497403784899"
"5","15:50-15:55","ETH","Up","Ask","41","0.91","632.56","575.6296","9279.53","7282.3561","2026-07-04T15:49:30.7852154+03:00","2026-07-04 15:49:30","eth-updown-5m-1783169400","78792949404545371532397984509960782699857784497393487779468027175497403784899"
"5","15:50-15:55","ETH","Up","Ask","42","0.92","584.5","537.74","9864.03","7820.0961","2026-07-04T15:49:30.7852154+03:00","2026-07-04 15:49:30","eth-updown-5m-1783169400","78792949404545371532397984509960782699857784497393487779468027175497403784899"
"5","15:50-15:55","ETH","Up","Ask","43","0.93","747","694.71","10611.03","8514.8061","2026-07-04T15:49:30.7852154+03:00","2026-07-04 15:49:30","eth-updown-5m-1783169400","78792949404545371532397984509960782699857784497393487779468027175497403784899"
"5","15:50-15:55","ETH","Up","Ask","44","0.94","836.65","786.451","11447.68","9301.2571","2026-07-04T15:49:30.7852154+03:00","2026-07-04 15:49:30","eth-updown-5m-1783169400","78792949404545371532397984509960782699857784497393487779468027175497403784899"
"5","15:50-15:55","ETH","Up","Ask","45","0.95","735","698.25","12182.68","9999.5071","2026-07-04T15:49:30.7852154+03:00","2026-07-04 15:49:30","eth-updown-5m-1783169400","78792949404545371532397984509960782699857784497393487779468027175497403784899"
"5","15:50-15:55","ETH","Up","Ask","46","0.96","1112.5","1068","13295.18","11067.5071","2026-07-04T15:49:30.7852154+03:00","2026-07-04 15:49:30","eth-updown-5m-1783169400","78792949404545371532397984509960782699857784497393487779468027175497403784899"
"5","15:50-15:55","ETH","Up","Ask","47","0.97","11170","10834.9","24465.18","21902.4071","2026-07-04T15:49:30.7852154+03:00","2026-07-04 15:49:30","eth-updown-5m-1783169400","78792949404545371532397984509960782699857784497393487779468027175497403784899"
"5","15:50-15:55","ETH","Up","Ask","48","0.98","1095","1073.1","25560.18","22975.5071","2026-07-04T15:49:30.7852154+03:00","2026-07-04 15:49:30","eth-updown-5m-1783169400","78792949404545371532397984509960782699857784497393487779468027175497403784899"
"5","15:50-15:55","ETH","Up","Ask","49","0.99","9441","9346.59","35001.18","32322.0971","2026-07-04T15:49:30.7852154+03:00","2026-07-04 15:49:30","eth-updown-5m-1783169400","78792949404545371532397984509960782699857784497393487779468027175497403784899"
"5","15:50-15:55","ETH","Up","Bid","1","0.5","140","70","140","70","2026-07-04T15:49:30.7852154+03:00","2026-07-04 15:49:30","eth-updown-5m-1783169400","78792949404545371532397984509960782699857784497393487779468027175497403784899"
"5","15:50-15:55","ETH","Up","Bid","2","0.49","10","4.9","150","74.9","2026-07-04T15:49:30.7852154+03:00","2026-07-04 15:49:30","eth-updown-5m-1783169400","78792949404545371532397984509960782699857784497393487779468027175497403784899"
"5","15:50-15:55","ETH","Up","Bid","3","0.48","215","103.2","365","178.1","2026-07-04T15:49:30.7852154+03:00","2026-07-04 15:49:30","eth-updown-5m-1783169400","78792949404545371532397984509960782699857784497393487779468027175497403784899"
"5","15:50-15:55","ETH","Up","Bid","4","0.47","220","103.4","585","281.5","2026-07-04T15:49:30.7852154+03:00","2026-07-04 15:49:30","eth-updown-5m-1783169400","78792949404545371532397984509960782699857784497393487779468027175497403784899"
"5","15:50-15:55","ETH","Up","Bid","5","0.46","216.52","99.5992","801.52","381.0992","2026-07-04T15:49:30.7852154+03:00","2026-07-04 15:49:30","eth-updown-5m-1783169400","78792949404545371532397984509960782699857784497393487779468027175497403784899"
"5","15:50-15:55","ETH","Up","Bid","6","0.45","95.42","42.939","896.94","424.0382","2026-07-04T15:49:30.7852154+03:00","2026-07-04 15:49:30","eth-updown-5m-1783169400","78792949404545371532397984509960782699857784497393487779468027175497403784899"
"5","15:50-15:55","ETH","Up","Bid","7","0.44","193.3","85.052","1090.24","509.0902","2026-07-04T15:49:30.7852154+03:00","2026-07-04 15:49:30","eth-updown-5m-1783169400","78792949404545371532397984509960782699857784497393487779468027175497403784899"
"5","15:50-15:55","ETH","Up","Bid","8","0.43","112.08","48.1944","1202.32","557.2846","2026-07-04T15:49:30.7852154+03:00","2026-07-04 15:49:30","eth-updown-5m-1783169400","78792949404545371532397984509960782699857784497393487779468027175497403784899"
"5","15:50-15:55","ETH","Up","Bid","9","0.42","156.6","65.772","1358.92","623.0566","2026-07-04T15:49:30.7852154+03:00","2026-07-04 15:49:30","eth-updown-5m-1783169400","78792949404545371532397984509960782699857784497393487779468027175497403784899"
"5","15:50-15:55","ETH","Up","Bid","10","0.41","196","80.36","1554.92","703.4166","2026-07-04T15:49:30.7852154+03:00","2026-07-04 15:49:30","eth-updown-5m-1783169400","78792949404545371532397984509960782699857784497393487779468027175497403784899"
"5","15:50-15:55","ETH","Up","Bid","11","0.4","139.7","55.88","1694.62","759.2966","2026-07-04T15:49:30.7852154+03:00","2026-07-04 15:49:30","eth-updown-5m-1783169400","78792949404545371532397984509960782699857784497393487779468027175497403784899"
"5","15:50-15:55","ETH","Up","Bid","12","0.39","185.7","72.423","1880.32","831.7196","2026-07-04T15:49:30.7852154+03:00","2026-07-04 15:49:30","eth-updown-5m-1783169400","78792949404545371532397984509960782699857784497393487779468027175497403784899"
"5","15:50-15:55","ETH","Up","Bid","13","0.38","155.42","59.0596","2035.74","890.7792","2026-07-04T15:49:30.7852154+03:00","2026-07-04 15:49:30","eth-updown-5m-1783169400","78792949404545371532397984509960782699857784497393487779468027175497403784899"
"5","15:50-15:55","ETH","Up","Bid","14","0.37","92","34.04","2127.74","924.8192","2026-07-04T15:49:30.7852154+03:00","2026-07-04 15:49:30","eth-updown-5m-1783169400","78792949404545371532397984509960782699857784497393487779468027175497403784899"
"5","15:50-15:55","ETH","Up","Bid","15","0.36","104.44","37.5984","2232.18","962.4176","2026-07-04T15:49:30.7852154+03:00","2026-07-04 15:49:30","eth-updown-5m-1783169400","78792949404545371532397984509960782699857784497393487779468027175497403784899"
"5","15:50-15:55","ETH","Up","Bid","16","0.35","263.57","92.2495","2495.75","1054.6671","2026-07-04T15:49:30.7852154+03:00","2026-07-04 15:49:30","eth-updown-5m-1783169400","78792949404545371532397984509960782699857784497393487779468027175497403784899"
"5","15:50-15:55","ETH","Up","Bid","17","0.34","50","17","2545.75","1071.6671","2026-07-04T15:49:30.7852154+03:00","2026-07-04 15:49:30","eth-updown-5m-1783169400","78792949404545371532397984509960782699857784497393487779468027175497403784899"
"5","15:50-15:55","ETH","Up","Bid","18","0.33","90","29.7","2635.75","1101.3671","2026-07-04T15:49:30.7852154+03:00","2026-07-04 15:49:30","eth-updown-5m-1783169400","78792949404545371532397984509960782699857784497393487779468027175497403784899"
"5","15:50-15:55","ETH","Up","Bid","19","0.32","115","36.8","2750.75","1138.1671","2026-07-04T15:49:30.7852154+03:00","2026-07-04 15:49:30","eth-updown-5m-1783169400","78792949404545371532397984509960782699857784497393487779468027175497403784899"
"5","15:50-15:55","ETH","Up","Bid","20","0.31","65","20.15","2815.75","1158.3171","2026-07-04T15:49:30.7852154+03:00","2026-07-04 15:49:30","eth-updown-5m-1783169400","78792949404545371532397984509960782699857784497393487779468027175497403784899"
"5","15:50-15:55","ETH","Up","Bid","21","0.3","221.66","66.498","3037.41","1224.8151","2026-07-04T15:49:30.7852154+03:00","2026-07-04 15:49:30","eth-updown-5m-1783169400","78792949404545371532397984509960782699857784497393487779468027175497403784899"
"5","15:50-15:55","ETH","Up","Bid","22","0.29","32.23","9.3467","3069.64","1234.1618","2026-07-04T15:49:30.7852154+03:00","2026-07-04 15:49:30","eth-updown-5m-1783169400","78792949404545371532397984509960782699857784497393487779468027175497403784899"
"5","15:50-15:55","ETH","Up","Bid","23","0.28","80","22.4","3149.64","1256.5618","2026-07-04T15:49:30.7852154+03:00","2026-07-04 15:49:30","eth-updown-5m-1783169400","78792949404545371532397984509960782699857784497393487779468027175497403784899"
"5","15:50-15:55","ETH","Up","Bid","24","0.27","120","32.4","3269.64","1288.9618","2026-07-04T15:49:30.7852154+03:00","2026-07-04 15:49:30","eth-updown-5m-1783169400","78792949404545371532397984509960782699857784497393487779468027175497403784899"
"5","15:50-15:55","ETH","Up","Bid","25","0.26","125","32.5","3394.64","1321.4618","2026-07-04T15:49:30.7852154+03:00","2026-07-04 15:49:30","eth-updown-5m-1783169400","78792949404545371532397984509960782699857784497393487779468027175497403784899"
"5","15:50-15:55","ETH","Up","Bid","26","0.25","20","5","3414.64","1326.4618","2026-07-04T15:49:30.7852154+03:00","2026-07-04 15:49:30","eth-updown-5m-1783169400","78792949404545371532397984509960782699857784497393487779468027175497403784899"
"5","15:50-15:55","ETH","Up","Bid","27","0.24","195","46.8","3609.64","1373.2618","2026-07-04T15:49:30.7852154+03:00","2026-07-04 15:49:30","eth-updown-5m-1783169400","78792949404545371532397984509960782699857784497393487779468027175497403784899"
"5","15:50-15:55","ETH","Up","Bid","28","0.23","90","20.7","3699.64","1393.9618","2026-07-04T15:49:30.7852154+03:00","2026-07-04 15:49:30","eth-updown-5m-1783169400","78792949404545371532397984509960782699857784497393487779468027175497403784899"
"5","15:50-15:55","ETH","Up","Bid","29","0.22","35","7.7","3734.64","1401.6618","2026-07-04T15:49:30.7852154+03:00","2026-07-04 15:49:30","eth-updown-5m-1783169400","78792949404545371532397984509960782699857784497393487779468027175497403784899"
"5","15:50-15:55","ETH","Up","Bid","30","0.21","187","39.27","3921.64","1440.9318","2026-07-04T15:49:30.7852154+03:00","2026-07-04 15:49:30","eth-updown-5m-1783169400","78792949404545371532397984509960782699857784497393487779468027175497403784899"
"5","15:50-15:55","ETH","Up","Bid","31","0.2","207","41.4","4128.64","1482.3318","2026-07-04T15:49:30.7852154+03:00","2026-07-04 15:49:30","eth-updown-5m-1783169400","78792949404545371532397984509960782699857784497393487779468027175497403784899"
"5","15:50-15:55","ETH","Up","Bid","32","0.19","37","7.03","4165.64","1489.3618","2026-07-04T15:49:30.7852154+03:00","2026-07-04 15:49:30","eth-updown-5m-1783169400","78792949404545371532397984509960782699857784497393487779468027175497403784899"
"5","15:50-15:55","ETH","Up","Bid","33","0.18","12","2.16","4177.64","1491.5218","2026-07-04T15:49:30.7852154+03:00","2026-07-04 15:49:30","eth-updown-5m-1783169400","78792949404545371532397984509960782699857784497393487779468027175497403784899"
"5","15:50-15:55","ETH","Up","Bid","34","0.17","7","1.19","4184.64","1492.7118","2026-07-04T15:49:30.7852154+03:00","2026-07-04 15:49:30","eth-updown-5m-1783169400","78792949404545371532397984509960782699857784497393487779468027175497403784899"
"5","15:50-15:55","ETH","Up","Bid","35","0.16","35","5.6","4219.64","1498.3118","2026-07-04T15:49:30.7852154+03:00","2026-07-04 15:49:30","eth-updown-5m-1783169400","78792949404545371532397984509960782699857784497393487779468027175497403784899"
"5","15:50-15:55","ETH","Up","Bid","36","0.15","1635","245.25","5854.64","1743.5618","2026-07-04T15:49:30.7852154+03:00","2026-07-04 15:49:30","eth-updown-5m-1783169400","78792949404545371532397984509960782699857784497393487779468027175497403784899"
"5","15:50-15:55","ETH","Up","Bid","37","0.14","20","2.8","5874.64","1746.3618","2026-07-04T15:49:30.7852154+03:00","2026-07-04 15:49:30","eth-updown-5m-1783169400","78792949404545371532397984509960782699857784497393487779468027175497403784899"
"5","15:50-15:55","ETH","Up","Bid","38","0.13","67","8.71","5941.64","1755.0718","2026-07-04T15:49:30.7852154+03:00","2026-07-04 15:49:30","eth-updown-5m-1783169400","78792949404545371532397984509960782699857784497393487779468027175497403784899"
"5","15:50-15:55","ETH","Up","Bid","39","0.12","67","8.04","6008.64","1763.1118","2026-07-04T15:49:30.7852154+03:00","2026-07-04 15:49:30","eth-updown-5m-1783169400","78792949404545371532397984509960782699857784497393487779468027175497403784899"
"5","15:50-15:55","ETH","Up","Bid","40","0.11","22","2.42","6030.64","1765.5318","2026-07-04T15:49:30.7852154+03:00","2026-07-04 15:49:30","eth-updown-5m-1783169400","78792949404545371532397984509960782699857784497393487779468027175497403784899"
"5","15:50-15:55","ETH","Up","Bid","41","0.1","2872","287.2","8902.64","2052.7318","2026-07-04T15:49:30.7852154+03:00","2026-07-04 15:49:30","eth-updown-5m-1783169400","78792949404545371532397984509960782699857784497393487779468027175497403784899"
"5","15:50-15:55","ETH","Up","Bid","42","0.09","632.56","56.9304","9535.2","2109.6622","2026-07-04T15:49:30.7852154+03:00","2026-07-04 15:49:30","eth-updown-5m-1783169400","78792949404545371532397984509960782699857784497393487779468027175497403784899"
"5","15:50-15:55","ETH","Up","Bid","43","0.08","584.5","46.76","10119.7","2156.4222","2026-07-04T15:49:30.7852154+03:00","2026-07-04 15:49:30","eth-updown-5m-1783169400","78792949404545371532397984509960782699857784497393487779468027175497403784899"
"5","15:50-15:55","ETH","Up","Bid","44","0.07","747","52.29","10866.7","2208.7122","2026-07-04T15:49:30.7852154+03:00","2026-07-04 15:49:30","eth-updown-5m-1783169400","78792949404545371532397984509960782699857784497393487779468027175497403784899"
"5","15:50-15:55","ETH","Up","Bid","45","0.06","836.65","50.199","11703.35","2258.9112","2026-07-04T15:49:30.7852154+03:00","2026-07-04 15:49:30","eth-updown-5m-1783169400","78792949404545371532397984509960782699857784497393487779468027175497403784899"
"5","15:50-15:55","ETH","Up","Bid","46","0.05","735","36.75","12438.35","2295.6612","2026-07-04T15:49:30.7852154+03:00","2026-07-04 15:49:30","eth-updown-5m-1783169400","78792949404545371532397984509960782699857784497393487779468027175497403784899"
"5","15:50-15:55","ETH","Up","Bid","47","0.04","1112.5","44.5","13550.85","2340.1612","2026-07-04T15:49:30.7852154+03:00","2026-07-04 15:49:30","eth-updown-5m-1783169400","78792949404545371532397984509960782699857784497393487779468027175497403784899"
"5","15:50-15:55","ETH","Up","Bid","48","0.03","11175","335.25","24725.85","2675.4112","2026-07-04T15:49:30.7852154+03:00","2026-07-04 15:49:30","eth-updown-5m-1783169400","78792949404545371532397984509960782699857784497393487779468027175497403784899"
"5","15:50-15:55","ETH","Up","Bid","49","0.02","1095","21.9","25820.85","2697.3112","2026-07-04T15:49:30.7852154+03:00","2026-07-04 15:49:30","eth-updown-5m-1783169400","78792949404545371532397984509960782699857784497393487779468027175497403784899"
"5","15:50-15:55","ETH","Up","Bid","50","0.01","9436","94.36","35256.85","2791.6712","2026-07-04T15:49:30.7852154+03:00","2026-07-04 15:49:30","eth-updown-5m-1783169400","78792949404545371532397984509960782699857784497393487779468027175497403784899"
"5","15:50-15:55","SOL","Down","Ask","1","0.5","170","85","170","85","2026-07-04T15:49:31.0030153+03:00","2026-07-04 15:49:30","sol-updown-5m-1783169400","91226515363053055683383621083183433680394818653313243620350249652075550929762"
"5","15:50-15:55","SOL","Down","Ask","2","0.51","65","33.15","235","118.15","2026-07-04T15:49:31.0030153+03:00","2026-07-04 15:49:30","sol-updown-5m-1783169400","91226515363053055683383621083183433680394818653313243620350249652075550929762"
"5","15:50-15:55","SOL","Down","Ask","3","0.52","70","36.4","305","154.55","2026-07-04T15:49:31.0030153+03:00","2026-07-04 15:49:30","sol-updown-5m-1783169400","91226515363053055683383621083183433680394818653313243620350249652075550929762"
"5","15:50-15:55","SOL","Down","Ask","4","0.53","40","21.2","345","175.75","2026-07-04T15:49:31.0030153+03:00","2026-07-04 15:49:30","sol-updown-5m-1783169400","91226515363053055683383621083183433680394818653313243620350249652075550929762"
"5","15:50-15:55","SOL","Down","Ask","5","0.54","36.52","19.7208","381.52","195.4708","2026-07-04T15:49:31.0030153+03:00","2026-07-04 15:49:30","sol-updown-5m-1783169400","91226515363053055683383621083183433680394818653313243620350249652075550929762"
"5","15:50-15:55","SOL","Down","Ask","6","0.55","143.66","79.013","525.18","274.4838","2026-07-04T15:49:31.0030153+03:00","2026-07-04 15:49:30","sol-updown-5m-1783169400","91226515363053055683383621083183433680394818653313243620350249652075550929762"
"5","15:50-15:55","SOL","Down","Ask","7","0.56","79","44.24","604.18","318.7238","2026-07-04T15:49:31.0030153+03:00","2026-07-04 15:49:30","sol-updown-5m-1783169400","91226515363053055683383621083183433680394818653313243620350249652075550929762"
"5","15:50-15:55","SOL","Down","Ask","8","0.57","123.27","70.2639","727.45","388.9877","2026-07-04T15:49:31.0030153+03:00","2026-07-04 15:49:30","sol-updown-5m-1783169400","91226515363053055683383621083183433680394818653313243620350249652075550929762"
"5","15:50-15:55","SOL","Down","Ask","9","0.58","92.14","53.4412","819.59","442.4289","2026-07-04T15:49:31.0030153+03:00","2026-07-04 15:49:30","sol-updown-5m-1783169400","91226515363053055683383621083183433680394818653313243620350249652075550929762"
"5","15:50-15:55","SOL","Down","Ask","10","0.59","25.63","15.1217","845.22","457.5506","2026-07-04T15:49:31.0030153+03:00","2026-07-04 15:49:30","sol-updown-5m-1783169400","91226515363053055683383621083183433680394818653313243620350249652075550929762"
"5","15:50-15:55","SOL","Down","Ask","11","0.6","27.5","16.5","872.72","474.0506","2026-07-04T15:49:31.0030153+03:00","2026-07-04 15:49:30","sol-updown-5m-1783169400","91226515363053055683383621083183433680394818653313243620350249652075550929762"
"5","15:50-15:55","SOL","Down","Ask","12","0.61","85","51.85","957.72","525.9006","2026-07-04T15:49:31.0030153+03:00","2026-07-04 15:49:30","sol-updown-5m-1783169400","91226515363053055683383621083183433680394818653313243620350249652075550929762"
"5","15:50-15:55","SOL","Down","Ask","13","0.62","5","3.1","962.72","529.0006","2026-07-04T15:49:31.0030153+03:00","2026-07-04 15:49:30","sol-updown-5m-1783169400","91226515363053055683383621083183433680394818653313243620350249652075550929762"
"5","15:50-15:55","SOL","Down","Ask","14","0.63","18.51","11.6613","981.23","540.6619","2026-07-04T15:49:31.0030153+03:00","2026-07-04 15:49:30","sol-updown-5m-1783169400","91226515363053055683383621083183433680394818653313243620350249652075550929762"
"5","15:50-15:55","SOL","Down","Ask","15","0.64","24.44","15.6416","1005.67","556.3035","2026-07-04T15:49:31.0030153+03:00","2026-07-04 15:49:30","sol-updown-5m-1783169400","91226515363053055683383621083183433680394818653313243620350249652075550929762"
"5","15:50-15:55","SOL","Down","Ask","16","0.65","205","133.25","1210.67","689.5535","2026-07-04T15:49:31.0030153+03:00","2026-07-04 15:49:30","sol-updown-5m-1783169400","91226515363053055683383621083183433680394818653313243620350249652075550929762"
"5","15:50-15:55","SOL","Down","Ask","17","0.66","5","3.3","1215.67","692.8535","2026-07-04T15:49:31.0030153+03:00","2026-07-04 15:49:30","sol-updown-5m-1783169400","91226515363053055683383621083183433680394818653313243620350249652075550929762"
"5","15:50-15:55","SOL","Down","Ask","18","0.67","5","3.35","1220.67","696.2035","2026-07-04T15:49:31.0030153+03:00","2026-07-04 15:49:30","sol-updown-5m-1783169400","91226515363053055683383621083183433680394818653313243620350249652075550929762"
"5","15:50-15:55","SOL","Down","Ask","19","0.68","5","3.4","1225.67","699.6035","2026-07-04T15:49:31.0030153+03:00","2026-07-04 15:49:30","sol-updown-5m-1783169400","91226515363053055683383621083183433680394818653313243620350249652075550929762"
"5","15:50-15:55","SOL","Down","Ask","20","0.69","5","3.45","1230.67","703.0535","2026-07-04T15:49:31.0030153+03:00","2026-07-04 15:49:30","sol-updown-5m-1783169400","91226515363053055683383621083183433680394818653313243620350249652075550929762"
"5","15:50-15:55","SOL","Down","Ask","21","0.7","64.36","45.052","1295.03","748.1055","2026-07-04T15:49:31.0030153+03:00","2026-07-04 15:49:30","sol-updown-5m-1783169400","91226515363053055683383621083183433680394818653313243620350249652075550929762"
"5","15:50-15:55","SOL","Down","Ask","22","0.71","5","3.55","1300.03","751.6555","2026-07-04T15:49:31.0030153+03:00","2026-07-04 15:49:30","sol-updown-5m-1783169400","91226515363053055683383621083183433680394818653313243620350249652075550929762"
"5","15:50-15:55","SOL","Down","Ask","23","0.72","15.71","11.3112","1315.74","762.9667","2026-07-04T15:49:31.0030153+03:00","2026-07-04 15:49:30","sol-updown-5m-1783169400","91226515363053055683383621083183433680394818653313243620350249652075550929762"
"5","15:50-15:55","SOL","Down","Ask","24","0.73","5","3.65","1320.74","766.6167","2026-07-04T15:49:31.0030153+03:00","2026-07-04 15:49:30","sol-updown-5m-1783169400","91226515363053055683383621083183433680394818653313243620350249652075550929762"
"5","15:50-15:55","SOL","Down","Ask","25","0.74","10","7.4","1330.74","774.0167","2026-07-04T15:49:31.0030153+03:00","2026-07-04 15:49:30","sol-updown-5m-1783169400","91226515363053055683383621083183433680394818653313243620350249652075550929762"
"5","15:50-15:55","SOL","Down","Ask","26","0.75","15","11.25","1345.74","785.2667","2026-07-04T15:49:31.0030153+03:00","2026-07-04 15:49:30","sol-updown-5m-1783169400","91226515363053055683383621083183433680394818653313243620350249652075550929762"
"5","15:50-15:55","SOL","Down","Ask","27","0.76","30","22.8","1375.74","808.0667","2026-07-04T15:49:31.0030153+03:00","2026-07-04 15:49:30","sol-updown-5m-1783169400","91226515363053055683383621083183433680394818653313243620350249652075550929762"
"5","15:50-15:55","SOL","Down","Ask","28","0.77","30","23.1","1405.74","831.1667","2026-07-04T15:49:31.0030153+03:00","2026-07-04 15:49:30","sol-updown-5m-1783169400","91226515363053055683383621083183433680394818653313243620350249652075550929762"
"5","15:50-15:55","SOL","Down","Ask","29","0.78","15","11.7","1420.74","842.8667","2026-07-04T15:49:31.0030153+03:00","2026-07-04 15:49:30","sol-updown-5m-1783169400","91226515363053055683383621083183433680394818653313243620350249652075550929762"
"5","15:50-15:55","SOL","Down","Ask","30","0.79","17","13.43","1437.74","856.2967","2026-07-04T15:49:31.0030153+03:00","2026-07-04 15:49:30","sol-updown-5m-1783169400","91226515363053055683383621083183433680394818653313243620350249652075550929762"
"5","15:50-15:55","SOL","Down","Ask","31","0.8","100.9","80.72","1538.64","937.0167","2026-07-04T15:49:31.0030153+03:00","2026-07-04 15:49:30","sol-updown-5m-1783169400","91226515363053055683383621083183433680394818653313243620350249652075550929762"
"5","15:50-15:55","SOL","Down","Ask","32","0.81","22","17.82","1560.64","954.8367","2026-07-04T15:49:31.0030153+03:00","2026-07-04 15:49:30","sol-updown-5m-1783169400","91226515363053055683383621083183433680394818653313243620350249652075550929762"
"5","15:50-15:55","SOL","Down","Ask","33","0.82","27","22.14","1587.64","976.9767","2026-07-04T15:49:31.0030153+03:00","2026-07-04 15:49:30","sol-updown-5m-1783169400","91226515363053055683383621083183433680394818653313243620350249652075550929762"
"5","15:50-15:55","SOL","Down","Ask","34","0.83","22","18.26","1609.64","995.2367","2026-07-04T15:49:31.0030153+03:00","2026-07-04 15:49:30","sol-updown-5m-1783169400","91226515363053055683383621083183433680394818653313243620350249652075550929762"
"5","15:50-15:55","SOL","Down","Ask","35","0.84","15","12.6","1624.64","1007.8367","2026-07-04T15:49:31.0030153+03:00","2026-07-04 15:49:30","sol-updown-5m-1783169400","91226515363053055683383621083183433680394818653313243620350249652075550929762"
"5","15:50-15:55","SOL","Down","Ask","36","0.85","94","79.9","1718.64","1087.7367","2026-07-04T15:49:31.0030153+03:00","2026-07-04 15:49:30","sol-updown-5m-1783169400","91226515363053055683383621083183433680394818653313243620350249652075550929762"
"5","15:50-15:55","SOL","Down","Ask","37","0.86","35","30.1","1753.64","1117.8367","2026-07-04T15:49:31.0030153+03:00","2026-07-04 15:49:30","sol-updown-5m-1783169400","91226515363053055683383621083183433680394818653313243620350249652075550929762"
"5","15:50-15:55","SOL","Down","Ask","38","0.87","30","26.1","1783.64","1143.9367","2026-07-04T15:49:31.0030153+03:00","2026-07-04 15:49:30","sol-updown-5m-1783169400","91226515363053055683383621083183433680394818653313243620350249652075550929762"
"5","15:50-15:55","SOL","Down","Ask","39","0.88","57","50.16","1840.64","1194.0967","2026-07-04T15:49:31.0030153+03:00","2026-07-04 15:49:30","sol-updown-5m-1783169400","91226515363053055683383621083183433680394818653313243620350249652075550929762"
"5","15:50-15:55","SOL","Down","Ask","40","0.89","30","26.7","1870.64","1220.7967","2026-07-04T15:49:31.0030153+03:00","2026-07-04 15:49:30","sol-updown-5m-1783169400","91226515363053055683383621083183433680394818653313243620350249652075550929762"
"5","15:50-15:55","SOL","Down","Ask","41","0.9","355.58","320.022","2226.22","1540.8187","2026-07-04T15:49:31.0030153+03:00","2026-07-04 15:49:30","sol-updown-5m-1783169400","91226515363053055683383621083183433680394818653313243620350249652075550929762"
"5","15:50-15:55","SOL","Down","Ask","42","0.91","600","546","2826.22","2086.8187","2026-07-04T15:49:31.0030153+03:00","2026-07-04 15:49:30","sol-updown-5m-1783169400","91226515363053055683383621083183433680394818653313243620350249652075550929762"
"5","15:50-15:55","SOL","Down","Ask","43","0.92","600","552","3426.22","2638.8187","2026-07-04T15:49:31.0030153+03:00","2026-07-04 15:49:30","sol-updown-5m-1783169400","91226515363053055683383621083183433680394818653313243620350249652075550929762"
"5","15:50-15:55","SOL","Down","Ask","44","0.93","600","558","4026.22","3196.8187","2026-07-04T15:49:31.0030153+03:00","2026-07-04 15:49:30","sol-updown-5m-1783169400","91226515363053055683383621083183433680394818653313243620350249652075550929762"
"5","15:50-15:55","SOL","Down","Ask","45","0.94","675","634.5","4701.22","3831.3187","2026-07-04T15:49:31.0030153+03:00","2026-07-04 15:49:30","sol-updown-5m-1783169400","91226515363053055683383621083183433680394818653313243620350249652075550929762"
"5","15:50-15:55","SOL","Down","Ask","46","0.95","965","916.75","5666.22","4748.0687","2026-07-04T15:49:31.0030153+03:00","2026-07-04 15:49:30","sol-updown-5m-1783169400","91226515363053055683383621083183433680394818653313243620350249652075550929762"
"5","15:50-15:55","SOL","Down","Ask","47","0.96","675","648","6341.22","5396.0687","2026-07-04T15:49:31.0030153+03:00","2026-07-04 15:49:30","sol-updown-5m-1783169400","91226515363053055683383621083183433680394818653313243620350249652075550929762"
"5","15:50-15:55","SOL","Down","Ask","48","0.97","6250","6062.5","12591.22","11458.5687","2026-07-04T15:49:31.0030153+03:00","2026-07-04 15:49:30","sol-updown-5m-1783169400","91226515363053055683383621083183433680394818653313243620350249652075550929762"
"5","15:50-15:55","SOL","Down","Ask","49","0.98","1185","1161.3","13776.22","12619.8687","2026-07-04T15:49:31.0030153+03:00","2026-07-04 15:49:30","sol-updown-5m-1783169400","91226515363053055683383621083183433680394818653313243620350249652075550929762"
"5","15:50-15:55","SOL","Down","Ask","50","0.99","10581","10475.19","24357.22","23095.0587","2026-07-04T15:49:31.0030153+03:00","2026-07-04 15:49:30","sol-updown-5m-1783169400","91226515363053055683383621083183433680394818653313243620350249652075550929762"
"5","15:50-15:55","SOL","Down","Bid","1","0.49","17.92","8.7808","17.92","8.7808","2026-07-04T15:49:31.0030153+03:00","2026-07-04 15:49:30","sol-updown-5m-1783169400","91226515363053055683383621083183433680394818653313243620350249652075550929762"
"5","15:50-15:55","SOL","Down","Bid","2","0.48","10","4.8","27.92","13.5808","2026-07-04T15:49:31.0030153+03:00","2026-07-04 15:49:30","sol-updown-5m-1783169400","91226515363053055683383621083183433680394818653313243620350249652075550929762"
"5","15:50-15:55","SOL","Down","Bid","3","0.47","30","14.1","57.92","27.6808","2026-07-04T15:49:31.0030153+03:00","2026-07-04 15:49:30","sol-updown-5m-1783169400","91226515363053055683383621083183433680394818653313243620350249652075550929762"
"5","15:50-15:55","SOL","Down","Bid","4","0.46","71.52","32.8992","129.44","60.58","2026-07-04T15:49:31.0030153+03:00","2026-07-04 15:49:30","sol-updown-5m-1783169400","91226515363053055683383621083183433680394818653313243620350249652075550929762"
"5","15:50-15:55","SOL","Down","Bid","5","0.45","193.66","87.147","323.1","147.727","2026-07-04T15:49:31.0030153+03:00","2026-07-04 15:49:30","sol-updown-5m-1783169400","91226515363053055683383621083183433680394818653313243620350249652075550929762"
"5","15:50-15:55","SOL","Down","Bid","6","0.44","129","56.76","452.1","204.487","2026-07-04T15:49:31.0030153+03:00","2026-07-04 15:49:30","sol-updown-5m-1783169400","91226515363053055683383621083183433680394818653313243620350249652075550929762"
"5","15:50-15:55","SOL","Down","Bid","7","0.43","123.27","53.0061","575.37","257.4931","2026-07-04T15:49:31.0030153+03:00","2026-07-04 15:49:30","sol-updown-5m-1783169400","91226515363053055683383621083183433680394818653313243620350249652075550929762"
"5","15:50-15:55","SOL","Down","Bid","8","0.42","107.14","44.9988","682.51","302.4919","2026-07-04T15:49:31.0030153+03:00","2026-07-04 15:49:30","sol-updown-5m-1783169400","91226515363053055683383621083183433680394818653313243620350249652075550929762"
"5","15:50-15:55","SOL","Down","Bid","9","0.41","40.63","16.6583","723.14","319.1502","2026-07-04T15:49:31.0030153+03:00","2026-07-04 15:49:30","sol-updown-5m-1783169400","91226515363053055683383621083183433680394818653313243620350249652075550929762"
"5","15:50-15:55","SOL","Down","Bid","10","0.4","42.5","17","765.64","336.1502","2026-07-04T15:49:31.0030153+03:00","2026-07-04 15:49:30","sol-updown-5m-1783169400","91226515363053055683383621083183433680394818653313243620350249652075550929762"
"5","15:50-15:55","SOL","Down","Bid","11","0.39","100","39","865.64","375.1502","2026-07-04T15:49:31.0030153+03:00","2026-07-04 15:49:30","sol-updown-5m-1783169400","91226515363053055683383621083183433680394818653313243620350249652075550929762"
"5","15:50-15:55","SOL","Down","Bid","12","0.38","5","1.9","870.64","377.0502","2026-07-04T15:49:31.0030153+03:00","2026-07-04 15:49:30","sol-updown-5m-1783169400","91226515363053055683383621083183433680394818653313243620350249652075550929762"
"5","15:50-15:55","SOL","Down","Bid","13","0.37","18.51","6.8487","889.15","383.8989","2026-07-04T15:49:31.0030153+03:00","2026-07-04 15:49:30","sol-updown-5m-1783169400","91226515363053055683383621083183433680394818653313243620350249652075550929762"
"5","15:50-15:55","SOL","Down","Bid","14","0.36","24.44","8.7984","913.59","392.6973","2026-07-04T15:49:31.0030153+03:00","2026-07-04 15:49:30","sol-updown-5m-1783169400","91226515363053055683383621083183433680394818653313243620350249652075550929762"
"5","15:50-15:55","SOL","Down","Bid","15","0.35","205","71.75","1118.59","464.4473","2026-07-04T15:49:31.0030153+03:00","2026-07-04 15:49:30","sol-updown-5m-1783169400","91226515363053055683383621083183433680394818653313243620350249652075550929762"
"5","15:50-15:55","SOL","Down","Bid","16","0.34","5","1.7","1123.59","466.1473","2026-07-04T15:49:31.0030153+03:00","2026-07-04 15:49:30","sol-updown-5m-1783169400","91226515363053055683383621083183433680394818653313243620350249652075550929762"
"5","15:50-15:55","SOL","Down","Bid","17","0.33","5","1.65","1128.59","467.7973","2026-07-04T15:49:31.0030153+03:00","2026-07-04 15:49:30","sol-updown-5m-1783169400","91226515363053055683383621083183433680394818653313243620350249652075550929762"
"5","15:50-15:55","SOL","Down","Bid","18","0.32","5","1.6","1133.59","469.3973","2026-07-04T15:49:31.0030153+03:00","2026-07-04 15:49:30","sol-updown-5m-1783169400","91226515363053055683383621083183433680394818653313243620350249652075550929762"
"5","15:50-15:55","SOL","Down","Bid","19","0.31","5","1.55","1138.59","470.9473","2026-07-04T15:49:31.0030153+03:00","2026-07-04 15:49:30","sol-updown-5m-1783169400","91226515363053055683383621083183433680394818653313243620350249652075550929762"
"5","15:50-15:55","SOL","Down","Bid","20","0.3","64.36","19.308","1202.95","490.2553","2026-07-04T15:49:31.0030153+03:00","2026-07-04 15:49:30","sol-updown-5m-1783169400","91226515363053055683383621083183433680394818653313243620350249652075550929762"
"5","15:50-15:55","SOL","Down","Bid","21","0.29","5","1.45","1207.95","491.7053","2026-07-04T15:49:31.0030153+03:00","2026-07-04 15:49:30","sol-updown-5m-1783169400","91226515363053055683383621083183433680394818653313243620350249652075550929762"
"5","15:50-15:55","SOL","Down","Bid","22","0.28","15.71","4.3988","1223.66","496.1041","2026-07-04T15:49:31.0030153+03:00","2026-07-04 15:49:30","sol-updown-5m-1783169400","91226515363053055683383621083183433680394818653313243620350249652075550929762"
"5","15:50-15:55","SOL","Down","Bid","23","0.27","5","1.35","1228.66","497.4541","2026-07-04T15:49:31.0030153+03:00","2026-07-04 15:49:30","sol-updown-5m-1783169400","91226515363053055683383621083183433680394818653313243620350249652075550929762"
"5","15:50-15:55","SOL","Down","Bid","24","0.26","10","2.6","1238.66","500.0541","2026-07-04T15:49:31.0030153+03:00","2026-07-04 15:49:30","sol-updown-5m-1783169400","91226515363053055683383621083183433680394818653313243620350249652075550929762"
"5","15:50-15:55","SOL","Down","Bid","25","0.25","15","3.75","1253.66","503.8041","2026-07-04T15:49:31.0030153+03:00","2026-07-04 15:49:30","sol-updown-5m-1783169400","91226515363053055683383621083183433680394818653313243620350249652075550929762"
"5","15:50-15:55","SOL","Down","Bid","26","0.24","30","7.2","1283.66","511.0041","2026-07-04T15:49:31.0030153+03:00","2026-07-04 15:49:30","sol-updown-5m-1783169400","91226515363053055683383621083183433680394818653313243620350249652075550929762"
"5","15:50-15:55","SOL","Down","Bid","27","0.23","30","6.9","1313.66","517.9041","2026-07-04T15:49:31.0030153+03:00","2026-07-04 15:49:30","sol-updown-5m-1783169400","91226515363053055683383621083183433680394818653313243620350249652075550929762"
"5","15:50-15:55","SOL","Down","Bid","28","0.22","15","3.3","1328.66","521.2041","2026-07-04T15:49:31.0030153+03:00","2026-07-04 15:49:30","sol-updown-5m-1783169400","91226515363053055683383621083183433680394818653313243620350249652075550929762"
"5","15:50-15:55","SOL","Down","Bid","29","0.21","17","3.57","1345.66","524.7741","2026-07-04T15:49:31.0030153+03:00","2026-07-04 15:49:30","sol-updown-5m-1783169400","91226515363053055683383621083183433680394818653313243620350249652075550929762"
"5","15:50-15:55","SOL","Down","Bid","30","0.2","100.9","20.18","1446.56","544.9541","2026-07-04T15:49:31.0030153+03:00","2026-07-04 15:49:30","sol-updown-5m-1783169400","91226515363053055683383621083183433680394818653313243620350249652075550929762"
"5","15:50-15:55","SOL","Down","Bid","31","0.19","22","4.18","1468.56","549.1341","2026-07-04T15:49:31.0030153+03:00","2026-07-04 15:49:30","sol-updown-5m-1783169400","91226515363053055683383621083183433680394818653313243620350249652075550929762"
"5","15:50-15:55","SOL","Down","Bid","32","0.18","27","4.86","1495.56","553.9941","2026-07-04T15:49:31.0030153+03:00","2026-07-04 15:49:30","sol-updown-5m-1783169400","91226515363053055683383621083183433680394818653313243620350249652075550929762"
"5","15:50-15:55","SOL","Down","Bid","33","0.17","22","3.74","1517.56","557.7341","2026-07-04T15:49:31.0030153+03:00","2026-07-04 15:49:30","sol-updown-5m-1783169400","91226515363053055683383621083183433680394818653313243620350249652075550929762"
"5","15:50-15:55","SOL","Down","Bid","34","0.16","15","2.4","1532.56","560.1341","2026-07-04T15:49:31.0030153+03:00","2026-07-04 15:49:30","sol-updown-5m-1783169400","91226515363053055683383621083183433680394818653313243620350249652075550929762"
"5","15:50-15:55","SOL","Down","Bid","35","0.15","94","14.1","1626.56","574.2341","2026-07-04T15:49:31.0030153+03:00","2026-07-04 15:49:30","sol-updown-5m-1783169400","91226515363053055683383621083183433680394818653313243620350249652075550929762"
"5","15:50-15:55","SOL","Down","Bid","36","0.14","35","4.9","1661.56","579.1341","2026-07-04T15:49:31.0030153+03:00","2026-07-04 15:49:30","sol-updown-5m-1783169400","91226515363053055683383621083183433680394818653313243620350249652075550929762"
"5","15:50-15:55","SOL","Down","Bid","37","0.13","30","3.9","1691.56","583.0341","2026-07-04T15:49:31.0030153+03:00","2026-07-04 15:49:30","sol-updown-5m-1783169400","91226515363053055683383621083183433680394818653313243620350249652075550929762"
"5","15:50-15:55","SOL","Down","Bid","38","0.12","57","6.84","1748.56","589.8741","2026-07-04T15:49:31.0030153+03:00","2026-07-04 15:49:30","sol-updown-5m-1783169400","91226515363053055683383621083183433680394818653313243620350249652075550929762"
"5","15:50-15:55","SOL","Down","Bid","39","0.11","30","3.3","1778.56","593.1741","2026-07-04T15:49:31.0030153+03:00","2026-07-04 15:49:30","sol-updown-5m-1783169400","91226515363053055683383621083183433680394818653313243620350249652075550929762"
"5","15:50-15:55","SOL","Down","Bid","40","0.1","355.58","35.558","2134.14","628.7321","2026-07-04T15:49:31.0030153+03:00","2026-07-04 15:49:30","sol-updown-5m-1783169400","91226515363053055683383621083183433680394818653313243620350249652075550929762"
"5","15:50-15:55","SOL","Down","Bid","41","0.09","600","54","2734.14","682.7321","2026-07-04T15:49:31.0030153+03:00","2026-07-04 15:49:30","sol-updown-5m-1783169400","91226515363053055683383621083183433680394818653313243620350249652075550929762"
"5","15:50-15:55","SOL","Down","Bid","42","0.08","600","48","3334.14","730.7321","2026-07-04T15:49:31.0030153+03:00","2026-07-04 15:49:30","sol-updown-5m-1783169400","91226515363053055683383621083183433680394818653313243620350249652075550929762"
"5","15:50-15:55","SOL","Down","Bid","43","0.07","600","42","3934.14","772.7321","2026-07-04T15:49:31.0030153+03:00","2026-07-04 15:49:30","sol-updown-5m-1783169400","91226515363053055683383621083183433680394818653313243620350249652075550929762"
"5","15:50-15:55","SOL","Down","Bid","44","0.06","675","40.5","4609.14","813.2321","2026-07-04T15:49:31.0030153+03:00","2026-07-04 15:49:30","sol-updown-5m-1783169400","91226515363053055683383621083183433680394818653313243620350249652075550929762"
"5","15:50-15:55","SOL","Down","Bid","45","0.05","965","48.25","5574.14","861.4821","2026-07-04T15:49:31.0030153+03:00","2026-07-04 15:49:30","sol-updown-5m-1783169400","91226515363053055683383621083183433680394818653313243620350249652075550929762"
"5","15:50-15:55","SOL","Down","Bid","46","0.04","675","27","6249.14","888.4821","2026-07-04T15:49:31.0030153+03:00","2026-07-04 15:49:30","sol-updown-5m-1783169400","91226515363053055683383621083183433680394818653313243620350249652075550929762"
"5","15:50-15:55","SOL","Down","Bid","47","0.03","6250","187.5","12499.14","1075.9821","2026-07-04T15:49:31.0030153+03:00","2026-07-04 15:49:30","sol-updown-5m-1783169400","91226515363053055683383621083183433680394818653313243620350249652075550929762"
"5","15:50-15:55","SOL","Down","Bid","48","0.02","1180","23.6","13679.14","1099.5821","2026-07-04T15:49:31.0030153+03:00","2026-07-04 15:49:30","sol-updown-5m-1783169400","91226515363053055683383621083183433680394818653313243620350249652075550929762"
"5","15:50-15:55","SOL","Down","Bid","49","0.01","10581","105.81","24260.14","1205.3921","2026-07-04T15:49:31.0030153+03:00","2026-07-04 15:49:30","sol-updown-5m-1783169400","91226515363053055683383621083183433680394818653313243620350249652075550929762"
"5","15:50-15:55","SOL","Up","Ask","1","0.51","17.92","9.1392","17.92","9.1392","2026-07-04T15:49:31.2222489+03:00","2026-07-04 15:49:30","sol-updown-5m-1783169400","76832791473661260326916738787244173403289337634741761081965770196988740016598"
"5","15:50-15:55","SOL","Up","Ask","2","0.52","10","5.2","27.92","14.3392","2026-07-04T15:49:31.2222489+03:00","2026-07-04 15:49:30","sol-updown-5m-1783169400","76832791473661260326916738787244173403289337634741761081965770196988740016598"
"5","15:50-15:55","SOL","Up","Ask","3","0.53","30","15.9","57.92","30.2392","2026-07-04T15:49:31.2222489+03:00","2026-07-04 15:49:30","sol-updown-5m-1783169400","76832791473661260326916738787244173403289337634741761081965770196988740016598"
"5","15:50-15:55","SOL","Up","Ask","4","0.54","71.52","38.6208","129.44","68.86","2026-07-04T15:49:31.2222489+03:00","2026-07-04 15:49:30","sol-updown-5m-1783169400","76832791473661260326916738787244173403289337634741761081965770196988740016598"
"5","15:50-15:55","SOL","Up","Ask","5","0.55","193.66","106.513","323.1","175.373","2026-07-04T15:49:31.2222489+03:00","2026-07-04 15:49:30","sol-updown-5m-1783169400","76832791473661260326916738787244173403289337634741761081965770196988740016598"
"5","15:50-15:55","SOL","Up","Ask","6","0.56","129","72.24","452.1","247.613","2026-07-04T15:49:31.2222489+03:00","2026-07-04 15:49:30","sol-updown-5m-1783169400","76832791473661260326916738787244173403289337634741761081965770196988740016598"
"5","15:50-15:55","SOL","Up","Ask","7","0.57","123.27","70.2639","575.37","317.8769","2026-07-04T15:49:31.2222489+03:00","2026-07-04 15:49:30","sol-updown-5m-1783169400","76832791473661260326916738787244173403289337634741761081965770196988740016598"
"5","15:50-15:55","SOL","Up","Ask","8","0.58","107.14","62.1412","682.51","380.0181","2026-07-04T15:49:31.2222489+03:00","2026-07-04 15:49:30","sol-updown-5m-1783169400","76832791473661260326916738787244173403289337634741761081965770196988740016598"
"5","15:50-15:55","SOL","Up","Ask","9","0.59","40.63","23.9717","723.14","403.9898","2026-07-04T15:49:31.2222489+03:00","2026-07-04 15:49:30","sol-updown-5m-1783169400","76832791473661260326916738787244173403289337634741761081965770196988740016598"
"5","15:50-15:55","SOL","Up","Ask","10","0.6","42.5","25.5","765.64","429.4898","2026-07-04T15:49:31.2222489+03:00","2026-07-04 15:49:30","sol-updown-5m-1783169400","76832791473661260326916738787244173403289337634741761081965770196988740016598"
"5","15:50-15:55","SOL","Up","Ask","11","0.61","100","61","865.64","490.4898","2026-07-04T15:49:31.2222489+03:00","2026-07-04 15:49:30","sol-updown-5m-1783169400","76832791473661260326916738787244173403289337634741761081965770196988740016598"
"5","15:50-15:55","SOL","Up","Ask","12","0.62","5","3.1","870.64","493.5898","2026-07-04T15:49:31.2222489+03:00","2026-07-04 15:49:30","sol-updown-5m-1783169400","76832791473661260326916738787244173403289337634741761081965770196988740016598"
"5","15:50-15:55","SOL","Up","Ask","13","0.63","18.51","11.6613","889.15","505.2511","2026-07-04T15:49:31.2222489+03:00","2026-07-04 15:49:30","sol-updown-5m-1783169400","76832791473661260326916738787244173403289337634741761081965770196988740016598"
"5","15:50-15:55","SOL","Up","Ask","14","0.64","24.44","15.6416","913.59","520.8927","2026-07-04T15:49:31.2222489+03:00","2026-07-04 15:49:30","sol-updown-5m-1783169400","76832791473661260326916738787244173403289337634741761081965770196988740016598"
"5","15:50-15:55","SOL","Up","Ask","15","0.65","205","133.25","1118.59","654.1427","2026-07-04T15:49:31.2222489+03:00","2026-07-04 15:49:30","sol-updown-5m-1783169400","76832791473661260326916738787244173403289337634741761081965770196988740016598"
"5","15:50-15:55","SOL","Up","Ask","16","0.66","5","3.3","1123.59","657.4427","2026-07-04T15:49:31.2222489+03:00","2026-07-04 15:49:30","sol-updown-5m-1783169400","76832791473661260326916738787244173403289337634741761081965770196988740016598"
"5","15:50-15:55","SOL","Up","Ask","17","0.67","5","3.35","1128.59","660.7927","2026-07-04T15:49:31.2222489+03:00","2026-07-04 15:49:30","sol-updown-5m-1783169400","76832791473661260326916738787244173403289337634741761081965770196988740016598"
"5","15:50-15:55","SOL","Up","Ask","18","0.68","5","3.4","1133.59","664.1927","2026-07-04T15:49:31.2222489+03:00","2026-07-04 15:49:30","sol-updown-5m-1783169400","76832791473661260326916738787244173403289337634741761081965770196988740016598"
"5","15:50-15:55","SOL","Up","Ask","19","0.69","5","3.45","1138.59","667.6427","2026-07-04T15:49:31.2222489+03:00","2026-07-04 15:49:30","sol-updown-5m-1783169400","76832791473661260326916738787244173403289337634741761081965770196988740016598"
"5","15:50-15:55","SOL","Up","Ask","20","0.7","64.36","45.052","1202.95","712.6947","2026-07-04T15:49:31.2222489+03:00","2026-07-04 15:49:30","sol-updown-5m-1783169400","76832791473661260326916738787244173403289337634741761081965770196988740016598"
"5","15:50-15:55","SOL","Up","Ask","21","0.71","5","3.55","1207.95","716.2447","2026-07-04T15:49:31.2222489+03:00","2026-07-04 15:49:30","sol-updown-5m-1783169400","76832791473661260326916738787244173403289337634741761081965770196988740016598"
"5","15:50-15:55","SOL","Up","Ask","22","0.72","15.71","11.3112","1223.66","727.5559","2026-07-04T15:49:31.2222489+03:00","2026-07-04 15:49:30","sol-updown-5m-1783169400","76832791473661260326916738787244173403289337634741761081965770196988740016598"
"5","15:50-15:55","SOL","Up","Ask","23","0.73","5","3.65","1228.66","731.2059","2026-07-04T15:49:31.2222489+03:00","2026-07-04 15:49:30","sol-updown-5m-1783169400","76832791473661260326916738787244173403289337634741761081965770196988740016598"
"5","15:50-15:55","SOL","Up","Ask","24","0.74","10","7.4","1238.66","738.6059","2026-07-04T15:49:31.2222489+03:00","2026-07-04 15:49:30","sol-updown-5m-1783169400","76832791473661260326916738787244173403289337634741761081965770196988740016598"
"5","15:50-15:55","SOL","Up","Ask","25","0.75","15","11.25","1253.66","749.8559","2026-07-04T15:49:31.2222489+03:00","2026-07-04 15:49:30","sol-updown-5m-1783169400","76832791473661260326916738787244173403289337634741761081965770196988740016598"
"5","15:50-15:55","SOL","Up","Ask","26","0.76","30","22.8","1283.66","772.6559","2026-07-04T15:49:31.2222489+03:00","2026-07-04 15:49:30","sol-updown-5m-1783169400","76832791473661260326916738787244173403289337634741761081965770196988740016598"
"5","15:50-15:55","SOL","Up","Ask","27","0.77","30","23.1","1313.66","795.7559","2026-07-04T15:49:31.2222489+03:00","2026-07-04 15:49:30","sol-updown-5m-1783169400","76832791473661260326916738787244173403289337634741761081965770196988740016598"
"5","15:50-15:55","SOL","Up","Ask","28","0.78","15","11.7","1328.66","807.4559","2026-07-04T15:49:31.2222489+03:00","2026-07-04 15:49:30","sol-updown-5m-1783169400","76832791473661260326916738787244173403289337634741761081965770196988740016598"
"5","15:50-15:55","SOL","Up","Ask","29","0.79","17","13.43","1345.66","820.8859","2026-07-04T15:49:31.2222489+03:00","2026-07-04 15:49:30","sol-updown-5m-1783169400","76832791473661260326916738787244173403289337634741761081965770196988740016598"
"5","15:50-15:55","SOL","Up","Ask","30","0.8","100.9","80.72","1446.56","901.6059","2026-07-04T15:49:31.2222489+03:00","2026-07-04 15:49:30","sol-updown-5m-1783169400","76832791473661260326916738787244173403289337634741761081965770196988740016598"
"5","15:50-15:55","SOL","Up","Ask","31","0.81","22","17.82","1468.56","919.4259","2026-07-04T15:49:31.2222489+03:00","2026-07-04 15:49:30","sol-updown-5m-1783169400","76832791473661260326916738787244173403289337634741761081965770196988740016598"
"5","15:50-15:55","SOL","Up","Ask","32","0.82","27","22.14","1495.56","941.5659","2026-07-04T15:49:31.2222489+03:00","2026-07-04 15:49:30","sol-updown-5m-1783169400","76832791473661260326916738787244173403289337634741761081965770196988740016598"
"5","15:50-15:55","SOL","Up","Ask","33","0.83","22","18.26","1517.56","959.8259","2026-07-04T15:49:31.2222489+03:00","2026-07-04 15:49:30","sol-updown-5m-1783169400","76832791473661260326916738787244173403289337634741761081965770196988740016598"
"5","15:50-15:55","SOL","Up","Ask","34","0.84","15","12.6","1532.56","972.4259","2026-07-04T15:49:31.2222489+03:00","2026-07-04 15:49:30","sol-updown-5m-1783169400","76832791473661260326916738787244173403289337634741761081965770196988740016598"
"5","15:50-15:55","SOL","Up","Ask","35","0.85","94","79.9","1626.56","1052.3259","2026-07-04T15:49:31.2222489+03:00","2026-07-04 15:49:30","sol-updown-5m-1783169400","76832791473661260326916738787244173403289337634741761081965770196988740016598"
"5","15:50-15:55","SOL","Up","Ask","36","0.86","35","30.1","1661.56","1082.4259","2026-07-04T15:49:31.2222489+03:00","2026-07-04 15:49:30","sol-updown-5m-1783169400","76832791473661260326916738787244173403289337634741761081965770196988740016598"
"5","15:50-15:55","SOL","Up","Ask","37","0.87","30","26.1","1691.56","1108.5259","2026-07-04T15:49:31.2222489+03:00","2026-07-04 15:49:30","sol-updown-5m-1783169400","76832791473661260326916738787244173403289337634741761081965770196988740016598"
"5","15:50-15:55","SOL","Up","Ask","38","0.88","57","50.16","1748.56","1158.6859","2026-07-04T15:49:31.2222489+03:00","2026-07-04 15:49:30","sol-updown-5m-1783169400","76832791473661260326916738787244173403289337634741761081965770196988740016598"
"5","15:50-15:55","SOL","Up","Ask","39","0.89","30","26.7","1778.56","1185.3859","2026-07-04T15:49:31.2222489+03:00","2026-07-04 15:49:30","sol-updown-5m-1783169400","76832791473661260326916738787244173403289337634741761081965770196988740016598"
"5","15:50-15:55","SOL","Up","Ask","40","0.9","355.58","320.022","2134.14","1505.4079","2026-07-04T15:49:31.2222489+03:00","2026-07-04 15:49:30","sol-updown-5m-1783169400","76832791473661260326916738787244173403289337634741761081965770196988740016598"
"5","15:50-15:55","SOL","Up","Ask","41","0.91","600","546","2734.14","2051.4079","2026-07-04T15:49:31.2222489+03:00","2026-07-04 15:49:30","sol-updown-5m-1783169400","76832791473661260326916738787244173403289337634741761081965770196988740016598"
"5","15:50-15:55","SOL","Up","Ask","42","0.92","600","552","3334.14","2603.4079","2026-07-04T15:49:31.2222489+03:00","2026-07-04 15:49:30","sol-updown-5m-1783169400","76832791473661260326916738787244173403289337634741761081965770196988740016598"
"5","15:50-15:55","SOL","Up","Ask","43","0.93","600","558","3934.14","3161.4079","2026-07-04T15:49:31.2222489+03:00","2026-07-04 15:49:30","sol-updown-5m-1783169400","76832791473661260326916738787244173403289337634741761081965770196988740016598"
"5","15:50-15:55","SOL","Up","Ask","44","0.94","675","634.5","4609.14","3795.9079","2026-07-04T15:49:31.2222489+03:00","2026-07-04 15:49:30","sol-updown-5m-1783169400","76832791473661260326916738787244173403289337634741761081965770196988740016598"
"5","15:50-15:55","SOL","Up","Ask","45","0.95","965","916.75","5574.14","4712.6579","2026-07-04T15:49:31.2222489+03:00","2026-07-04 15:49:30","sol-updown-5m-1783169400","76832791473661260326916738787244173403289337634741761081965770196988740016598"
"5","15:50-15:55","SOL","Up","Ask","46","0.96","675","648","6249.14","5360.6579","2026-07-04T15:49:31.2222489+03:00","2026-07-04 15:49:30","sol-updown-5m-1783169400","76832791473661260326916738787244173403289337634741761081965770196988740016598"
"5","15:50-15:55","SOL","Up","Ask","47","0.97","6250","6062.5","12499.14","11423.1579","2026-07-04T15:49:31.2222489+03:00","2026-07-04 15:49:30","sol-updown-5m-1783169400","76832791473661260326916738787244173403289337634741761081965770196988740016598"
"5","15:50-15:55","SOL","Up","Ask","48","0.98","1180","1156.4","13679.14","12579.5579","2026-07-04T15:49:31.2222489+03:00","2026-07-04 15:49:30","sol-updown-5m-1783169400","76832791473661260326916738787244173403289337634741761081965770196988740016598"
"5","15:50-15:55","SOL","Up","Ask","49","0.99","10581","10475.19","24260.14","23054.7479","2026-07-04T15:49:31.2222489+03:00","2026-07-04 15:49:30","sol-updown-5m-1783169400","76832791473661260326916738787244173403289337634741761081965770196988740016598"
"5","15:50-15:55","SOL","Up","Bid","1","0.5","170","85","170","85","2026-07-04T15:49:31.2222489+03:00","2026-07-04 15:49:30","sol-updown-5m-1783169400","76832791473661260326916738787244173403289337634741761081965770196988740016598"
"5","15:50-15:55","SOL","Up","Bid","2","0.49","65","31.85","235","116.85","2026-07-04T15:49:31.2222489+03:00","2026-07-04 15:49:30","sol-updown-5m-1783169400","76832791473661260326916738787244173403289337634741761081965770196988740016598"
"5","15:50-15:55","SOL","Up","Bid","3","0.48","70","33.6","305","150.45","2026-07-04T15:49:31.2222489+03:00","2026-07-04 15:49:30","sol-updown-5m-1783169400","76832791473661260326916738787244173403289337634741761081965770196988740016598"
"5","15:50-15:55","SOL","Up","Bid","4","0.47","40","18.8","345","169.25","2026-07-04T15:49:31.2222489+03:00","2026-07-04 15:49:30","sol-updown-5m-1783169400","76832791473661260326916738787244173403289337634741761081965770196988740016598"
"5","15:50-15:55","SOL","Up","Bid","5","0.46","36.52","16.7992","381.52","186.0492","2026-07-04T15:49:31.2222489+03:00","2026-07-04 15:49:30","sol-updown-5m-1783169400","76832791473661260326916738787244173403289337634741761081965770196988740016598"
"5","15:50-15:55","SOL","Up","Bid","6","0.45","143.66","64.647","525.18","250.6962","2026-07-04T15:49:31.2222489+03:00","2026-07-04 15:49:30","sol-updown-5m-1783169400","76832791473661260326916738787244173403289337634741761081965770196988740016598"
"5","15:50-15:55","SOL","Up","Bid","7","0.44","79","34.76","604.18","285.4562","2026-07-04T15:49:31.2222489+03:00","2026-07-04 15:49:30","sol-updown-5m-1783169400","76832791473661260326916738787244173403289337634741761081965770196988740016598"
"5","15:50-15:55","SOL","Up","Bid","8","0.43","123.27","53.0061","727.45","338.4623","2026-07-04T15:49:31.2222489+03:00","2026-07-04 15:49:30","sol-updown-5m-1783169400","76832791473661260326916738787244173403289337634741761081965770196988740016598"
"5","15:50-15:55","SOL","Up","Bid","9","0.42","92.14","38.6988","819.59","377.1611","2026-07-04T15:49:31.2222489+03:00","2026-07-04 15:49:30","sol-updown-5m-1783169400","76832791473661260326916738787244173403289337634741761081965770196988740016598"
"5","15:50-15:55","SOL","Up","Bid","10","0.41","25.63","10.5083","845.22","387.6694","2026-07-04T15:49:31.2222489+03:00","2026-07-04 15:49:30","sol-updown-5m-1783169400","76832791473661260326916738787244173403289337634741761081965770196988740016598"
"5","15:50-15:55","SOL","Up","Bid","11","0.4","27.5","11","872.72","398.6694","2026-07-04T15:49:31.2222489+03:00","2026-07-04 15:49:30","sol-updown-5m-1783169400","76832791473661260326916738787244173403289337634741761081965770196988740016598"
"5","15:50-15:55","SOL","Up","Bid","12","0.39","85","33.15","957.72","431.8194","2026-07-04T15:49:31.2222489+03:00","2026-07-04 15:49:30","sol-updown-5m-1783169400","76832791473661260326916738787244173403289337634741761081965770196988740016598"
"5","15:50-15:55","SOL","Up","Bid","13","0.38","5","1.9","962.72","433.7194","2026-07-04T15:49:31.2222489+03:00","2026-07-04 15:49:30","sol-updown-5m-1783169400","76832791473661260326916738787244173403289337634741761081965770196988740016598"
"5","15:50-15:55","SOL","Up","Bid","14","0.37","18.51","6.8487","981.23","440.5681","2026-07-04T15:49:31.2222489+03:00","2026-07-04 15:49:30","sol-updown-5m-1783169400","76832791473661260326916738787244173403289337634741761081965770196988740016598"
"5","15:50-15:55","SOL","Up","Bid","15","0.36","24.44","8.7984","1005.67","449.3665","2026-07-04T15:49:31.2222489+03:00","2026-07-04 15:49:30","sol-updown-5m-1783169400","76832791473661260326916738787244173403289337634741761081965770196988740016598"
"5","15:50-15:55","SOL","Up","Bid","16","0.35","205","71.75","1210.67","521.1165","2026-07-04T15:49:31.2222489+03:00","2026-07-04 15:49:30","sol-updown-5m-1783169400","76832791473661260326916738787244173403289337634741761081965770196988740016598"
"5","15:50-15:55","SOL","Up","Bid","17","0.34","5","1.7","1215.67","522.8165","2026-07-04T15:49:31.2222489+03:00","2026-07-04 15:49:30","sol-updown-5m-1783169400","76832791473661260326916738787244173403289337634741761081965770196988740016598"
"5","15:50-15:55","SOL","Up","Bid","18","0.33","5","1.65","1220.67","524.4665","2026-07-04T15:49:31.2222489+03:00","2026-07-04 15:49:30","sol-updown-5m-1783169400","76832791473661260326916738787244173403289337634741761081965770196988740016598"
"5","15:50-15:55","SOL","Up","Bid","19","0.32","5","1.6","1225.67","526.0665","2026-07-04T15:49:31.2222489+03:00","2026-07-04 15:49:30","sol-updown-5m-1783169400","76832791473661260326916738787244173403289337634741761081965770196988740016598"
"5","15:50-15:55","SOL","Up","Bid","20","0.31","5","1.55","1230.67","527.6165","2026-07-04T15:49:31.2222489+03:00","2026-07-04 15:49:30","sol-updown-5m-1783169400","76832791473661260326916738787244173403289337634741761081965770196988740016598"
"5","15:50-15:55","SOL","Up","Bid","21","0.3","64.36","19.308","1295.03","546.9245","2026-07-04T15:49:31.2222489+03:00","2026-07-04 15:49:30","sol-updown-5m-1783169400","76832791473661260326916738787244173403289337634741761081965770196988740016598"
"5","15:50-15:55","SOL","Up","Bid","22","0.29","5","1.45","1300.03","548.3745","2026-07-04T15:49:31.2222489+03:00","2026-07-04 15:49:30","sol-updown-5m-1783169400","76832791473661260326916738787244173403289337634741761081965770196988740016598"
"5","15:50-15:55","SOL","Up","Bid","23","0.28","15.71","4.3988","1315.74","552.7733","2026-07-04T15:49:31.2222489+03:00","2026-07-04 15:49:30","sol-updown-5m-1783169400","76832791473661260326916738787244173403289337634741761081965770196988740016598"
"5","15:50-15:55","SOL","Up","Bid","24","0.27","5","1.35","1320.74","554.1233","2026-07-04T15:49:31.2222489+03:00","2026-07-04 15:49:30","sol-updown-5m-1783169400","76832791473661260326916738787244173403289337634741761081965770196988740016598"
"5","15:50-15:55","SOL","Up","Bid","25","0.26","10","2.6","1330.74","556.7233","2026-07-04T15:49:31.2222489+03:00","2026-07-04 15:49:30","sol-updown-5m-1783169400","76832791473661260326916738787244173403289337634741761081965770196988740016598"
"5","15:50-15:55","SOL","Up","Bid","26","0.25","15","3.75","1345.74","560.4733","2026-07-04T15:49:31.2222489+03:00","2026-07-04 15:49:30","sol-updown-5m-1783169400","76832791473661260326916738787244173403289337634741761081965770196988740016598"
"5","15:50-15:55","SOL","Up","Bid","27","0.24","30","7.2","1375.74","567.6733","2026-07-04T15:49:31.2222489+03:00","2026-07-04 15:49:30","sol-updown-5m-1783169400","76832791473661260326916738787244173403289337634741761081965770196988740016598"
"5","15:50-15:55","SOL","Up","Bid","28","0.23","30","6.9","1405.74","574.5733","2026-07-04T15:49:31.2222489+03:00","2026-07-04 15:49:30","sol-updown-5m-1783169400","76832791473661260326916738787244173403289337634741761081965770196988740016598"
"5","15:50-15:55","SOL","Up","Bid","29","0.22","15","3.3","1420.74","577.8733","2026-07-04T15:49:31.2222489+03:00","2026-07-04 15:49:30","sol-updown-5m-1783169400","76832791473661260326916738787244173403289337634741761081965770196988740016598"
"5","15:50-15:55","SOL","Up","Bid","30","0.21","17","3.57","1437.74","581.4433","2026-07-04T15:49:31.2222489+03:00","2026-07-04 15:49:30","sol-updown-5m-1783169400","76832791473661260326916738787244173403289337634741761081965770196988740016598"
"5","15:50-15:55","SOL","Up","Bid","31","0.2","100.9","20.18","1538.64","601.6233","2026-07-04T15:49:31.2222489+03:00","2026-07-04 15:49:30","sol-updown-5m-1783169400","76832791473661260326916738787244173403289337634741761081965770196988740016598"
"5","15:50-15:55","SOL","Up","Bid","32","0.19","22","4.18","1560.64","605.8033","2026-07-04T15:49:31.2222489+03:00","2026-07-04 15:49:30","sol-updown-5m-1783169400","76832791473661260326916738787244173403289337634741761081965770196988740016598"
"5","15:50-15:55","SOL","Up","Bid","33","0.18","27","4.86","1587.64","610.6633","2026-07-04T15:49:31.2222489+03:00","2026-07-04 15:49:30","sol-updown-5m-1783169400","76832791473661260326916738787244173403289337634741761081965770196988740016598"
"5","15:50-15:55","SOL","Up","Bid","34","0.17","22","3.74","1609.64","614.4033","2026-07-04T15:49:31.2222489+03:00","2026-07-04 15:49:30","sol-updown-5m-1783169400","76832791473661260326916738787244173403289337634741761081965770196988740016598"
"5","15:50-15:55","SOL","Up","Bid","35","0.16","22","3.52","1631.64","617.9233","2026-07-04T15:49:31.2222489+03:00","2026-07-04 15:49:30","sol-updown-5m-1783169400","76832791473661260326916738787244173403289337634741761081965770196988740016598"
"5","15:50-15:55","SOL","Up","Bid","36","0.15","101","15.15","1732.64","633.0733","2026-07-04T15:49:31.2222489+03:00","2026-07-04 15:49:30","sol-updown-5m-1783169400","76832791473661260326916738787244173403289337634741761081965770196988740016598"
"5","15:50-15:55","SOL","Up","Bid","37","0.14","42","5.88","1774.64","638.9533","2026-07-04T15:49:31.2222489+03:00","2026-07-04 15:49:30","sol-updown-5m-1783169400","76832791473661260326916738787244173403289337634741761081965770196988740016598"
"5","15:50-15:55","SOL","Up","Bid","38","0.13","30","3.9","1804.64","642.8533","2026-07-04T15:49:31.2222489+03:00","2026-07-04 15:49:30","sol-updown-5m-1783169400","76832791473661260326916738787244173403289337634741761081965770196988740016598"
"5","15:50-15:55","SOL","Up","Bid","39","0.12","64","7.68","1868.64","650.5333","2026-07-04T15:49:31.2222489+03:00","2026-07-04 15:49:30","sol-updown-5m-1783169400","76832791473661260326916738787244173403289337634741761081965770196988740016598"
"5","15:50-15:55","SOL","Up","Bid","40","0.11","30","3.3","1898.64","653.8333","2026-07-04T15:49:31.2222489+03:00","2026-07-04 15:49:30","sol-updown-5m-1783169400","76832791473661260326916738787244173403289337634741761081965770196988740016598"
"5","15:50-15:55","SOL","Up","Bid","41","0.1","355.58","35.558","2254.22","689.3913","2026-07-04T15:49:31.2222489+03:00","2026-07-04 15:49:30","sol-updown-5m-1783169400","76832791473661260326916738787244173403289337634741761081965770196988740016598"
"5","15:50-15:55","SOL","Up","Bid","42","0.09","600","54","2854.22","743.3913","2026-07-04T15:49:31.2222489+03:00","2026-07-04 15:49:30","sol-updown-5m-1783169400","76832791473661260326916738787244173403289337634741761081965770196988740016598"
"5","15:50-15:55","SOL","Up","Bid","43","0.08","600","48","3454.22","791.3913","2026-07-04T15:49:31.2222489+03:00","2026-07-04 15:49:30","sol-updown-5m-1783169400","76832791473661260326916738787244173403289337634741761081965770196988740016598"
"5","15:50-15:55","SOL","Up","Bid","44","0.07","600","42","4054.22","833.3913","2026-07-04T15:49:31.2222489+03:00","2026-07-04 15:49:30","sol-updown-5m-1783169400","76832791473661260326916738787244173403289337634741761081965770196988740016598"
"5","15:50-15:55","SOL","Up","Bid","45","0.06","675","40.5","4729.22","873.8913","2026-07-04T15:49:31.2222489+03:00","2026-07-04 15:49:30","sol-updown-5m-1783169400","76832791473661260326916738787244173403289337634741761081965770196988740016598"
"5","15:50-15:55","SOL","Up","Bid","46","0.05","965","48.25","5694.22","922.1413","2026-07-04T15:49:31.2222489+03:00","2026-07-04 15:49:30","sol-updown-5m-1783169400","76832791473661260326916738787244173403289337634741761081965770196988740016598"
"5","15:50-15:55","SOL","Up","Bid","47","0.04","675","27","6369.22","949.1413","2026-07-04T15:49:31.2222489+03:00","2026-07-04 15:49:30","sol-updown-5m-1783169400","76832791473661260326916738787244173403289337634741761081965770196988740016598"
"5","15:50-15:55","SOL","Up","Bid","48","0.03","6250","187.5","12619.22","1136.6413","2026-07-04T15:49:31.2222489+03:00","2026-07-04 15:49:30","sol-updown-5m-1783169400","76832791473661260326916738787244173403289337634741761081965770196988740016598"
"5","15:50-15:55","SOL","Up","Bid","49","0.02","1185","23.7","13804.22","1160.3413","2026-07-04T15:49:31.2222489+03:00","2026-07-04 15:49:30","sol-updown-5m-1783169400","76832791473661260326916738787244173403289337634741761081965770196988740016598"
"5","15:50-15:55","SOL","Up","Bid","50","0.01","10581","105.81","24385.22","1266.1513","2026-07-04T15:49:31.2222489+03:00","2026-07-04 15:49:30","sol-updown-5m-1783169400","76832791473661260326916738787244173403289337634741761081965770196988740016598"
"6","15:55-16:00","BTC","Down","Ask","1","0.5","110","55","110","55","2026-07-04T15:54:30.0047950+03:00","2026-07-04 15:54:30","btc-updown-5m-1783169700","107639832792670196998851933244352684920896547435188902285087604852349288527089"
"6","15:55-16:00","BTC","Down","Ask","2","0.51","358.1","182.631","468.1","237.631","2026-07-04T15:54:30.0047950+03:00","2026-07-04 15:54:30","btc-updown-5m-1783169700","107639832792670196998851933244352684920896547435188902285087604852349288527089"
"6","15:55-16:00","BTC","Down","Ask","3","0.52","482.61","250.9572","950.71","488.5882","2026-07-04T15:54:30.0047950+03:00","2026-07-04 15:54:30","btc-updown-5m-1783169700","107639832792670196998851933244352684920896547435188902285087604852349288527089"
"6","15:55-16:00","BTC","Down","Ask","4","0.53","629.45","333.6085","1580.16","822.1967","2026-07-04T15:54:30.0047950+03:00","2026-07-04 15:54:30","btc-updown-5m-1783169700","107639832792670196998851933244352684920896547435188902285087604852349288527089"
"6","15:55-16:00","BTC","Down","Ask","5","0.54","546.55","295.137","2126.71","1117.3337","2026-07-04T15:54:30.0047950+03:00","2026-07-04 15:54:30","btc-updown-5m-1783169700","107639832792670196998851933244352684920896547435188902285087604852349288527089"
"6","15:55-16:00","BTC","Down","Ask","6","0.55","991.98","545.589","3118.69","1662.9227","2026-07-04T15:54:30.0047950+03:00","2026-07-04 15:54:30","btc-updown-5m-1783169700","107639832792670196998851933244352684920896547435188902285087604852349288527089"
"6","15:55-16:00","BTC","Down","Ask","7","0.56","618.26","346.2256","3736.95","2009.1483","2026-07-04T15:54:30.0047950+03:00","2026-07-04 15:54:30","btc-updown-5m-1783169700","107639832792670196998851933244352684920896547435188902285087604852349288527089"
"6","15:55-16:00","BTC","Down","Ask","8","0.57","408.25","232.7025","4145.2","2241.8508","2026-07-04T15:54:30.0047950+03:00","2026-07-04 15:54:30","btc-updown-5m-1783169700","107639832792670196998851933244352684920896547435188902285087604852349288527089"
"6","15:55-16:00","BTC","Down","Ask","9","0.58","408.7","237.046","4553.9","2478.8968","2026-07-04T15:54:30.0047950+03:00","2026-07-04 15:54:30","btc-updown-5m-1783169700","107639832792670196998851933244352684920896547435188902285087604852349288527089"
"6","15:55-16:00","BTC","Down","Ask","10","0.59","364.15","214.8485","4918.05","2693.7453","2026-07-04T15:54:30.0047950+03:00","2026-07-04 15:54:30","btc-updown-5m-1783169700","107639832792670196998851933244352684920896547435188902285087604852349288527089"
"6","15:55-16:00","BTC","Down","Ask","11","0.6","539.56","323.736","5457.61","3017.4813","2026-07-04T15:54:30.0047950+03:00","2026-07-04 15:54:30","btc-updown-5m-1783169700","107639832792670196998851933244352684920896547435188902285087604852349288527089"
"6","15:55-16:00","BTC","Down","Ask","12","0.61","493.63","301.1143","5951.24","3318.5956","2026-07-04T15:54:30.0047950+03:00","2026-07-04 15:54:30","btc-updown-5m-1783169700","107639832792670196998851933244352684920896547435188902285087604852349288527089"
"6","15:55-16:00","BTC","Down","Ask","13","0.62","360.84","223.7208","6312.08","3542.3164","2026-07-04T15:54:30.0047950+03:00","2026-07-04 15:54:30","btc-updown-5m-1783169700","107639832792670196998851933244352684920896547435188902285087604852349288527089"
"6","15:55-16:00","BTC","Down","Ask","14","0.63","765.24","482.1012","7077.32","4024.4176","2026-07-04T15:54:30.0047950+03:00","2026-07-04 15:54:30","btc-updown-5m-1783169700","107639832792670196998851933244352684920896547435188902285087604852349288527089"
"6","15:55-16:00","BTC","Down","Ask","15","0.64","850.47","544.3008","7927.79","4568.7184","2026-07-04T15:54:30.0047950+03:00","2026-07-04 15:54:30","btc-updown-5m-1783169700","107639832792670196998851933244352684920896547435188902285087604852349288527089"
"6","15:55-16:00","BTC","Down","Ask","16","0.65","1213.19","788.5735","9140.98","5357.2919","2026-07-04T15:54:30.0047950+03:00","2026-07-04 15:54:30","btc-updown-5m-1783169700","107639832792670196998851933244352684920896547435188902285087604852349288527089"
"6","15:55-16:00","BTC","Down","Ask","17","0.66","610.32","402.8112","9751.3","5760.1031","2026-07-04T15:54:30.0047950+03:00","2026-07-04 15:54:30","btc-updown-5m-1783169700","107639832792670196998851933244352684920896547435188902285087604852349288527089"
"6","15:55-16:00","BTC","Down","Ask","18","0.67","815.61","546.4587","10566.91","6306.5618","2026-07-04T15:54:30.0047950+03:00","2026-07-04 15:54:30","btc-updown-5m-1783169700","107639832792670196998851933244352684920896547435188902285087604852349288527089"
"6","15:55-16:00","BTC","Down","Ask","19","0.68","696.14","473.3752","11263.05","6779.937","2026-07-04T15:54:30.0047950+03:00","2026-07-04 15:54:30","btc-updown-5m-1783169700","107639832792670196998851933244352684920896547435188902285087604852349288527089"
"6","15:55-16:00","BTC","Down","Ask","20","0.69","859.04","592.7376","12122.09","7372.6746","2026-07-04T15:54:30.0047950+03:00","2026-07-04 15:54:30","btc-updown-5m-1783169700","107639832792670196998851933244352684920896547435188902285087604852349288527089"
"6","15:55-16:00","BTC","Down","Ask","21","0.7","1017.32","712.124","13139.41","8084.7986","2026-07-04T15:54:30.0047950+03:00","2026-07-04 15:54:30","btc-updown-5m-1783169700","107639832792670196998851933244352684920896547435188902285087604852349288527089"
"6","15:55-16:00","BTC","Down","Ask","22","0.71","610.35","433.3485","13749.76","8518.1471","2026-07-04T15:54:30.0047950+03:00","2026-07-04 15:54:30","btc-updown-5m-1783169700","107639832792670196998851933244352684920896547435188902285087604852349288527089"
"6","15:55-16:00","BTC","Down","Ask","23","0.72","632.71","455.5512","14382.47","8973.6983","2026-07-04T15:54:30.0047950+03:00","2026-07-04 15:54:30","btc-updown-5m-1783169700","107639832792670196998851933244352684920896547435188902285087604852349288527089"
"6","15:55-16:00","BTC","Down","Ask","24","0.73","390","284.7","14772.47","9258.3983","2026-07-04T15:54:30.0047950+03:00","2026-07-04 15:54:30","btc-updown-5m-1783169700","107639832792670196998851933244352684920896547435188902285087604852349288527089"
"6","15:55-16:00","BTC","Down","Ask","25","0.74","270","199.8","15042.47","9458.1983","2026-07-04T15:54:30.0047950+03:00","2026-07-04 15:54:30","btc-updown-5m-1783169700","107639832792670196998851933244352684920896547435188902285087604852349288527089"
"6","15:55-16:00","BTC","Down","Ask","26","0.75","385","288.75","15427.47","9746.9483","2026-07-04T15:54:30.0047950+03:00","2026-07-04 15:54:30","btc-updown-5m-1783169700","107639832792670196998851933244352684920896547435188902285087604852349288527089"
"6","15:55-16:00","BTC","Down","Ask","27","0.76","775","589","16202.47","10335.9483","2026-07-04T15:54:30.0047950+03:00","2026-07-04 15:54:30","btc-updown-5m-1783169700","107639832792670196998851933244352684920896547435188902285087604852349288527089"
"6","15:55-16:00","BTC","Down","Ask","28","0.77","100","77","16302.47","10412.9483","2026-07-04T15:54:30.0047950+03:00","2026-07-04 15:54:30","btc-updown-5m-1783169700","107639832792670196998851933244352684920896547435188902285087604852349288527089"
"6","15:55-16:00","BTC","Down","Ask","29","0.78","705","549.9","17007.47","10962.8483","2026-07-04T15:54:30.0047950+03:00","2026-07-04 15:54:30","btc-updown-5m-1783169700","107639832792670196998851933244352684920896547435188902285087604852349288527089"
"6","15:55-16:00","BTC","Down","Ask","30","0.79","837","661.23","17844.47","11624.0783","2026-07-04T15:54:30.0047950+03:00","2026-07-04 15:54:30","btc-updown-5m-1783169700","107639832792670196998851933244352684920896547435188902285087604852349288527089"
"6","15:55-16:00","BTC","Down","Ask","31","0.8","797","637.6","18641.47","12261.6783","2026-07-04T15:54:30.0047950+03:00","2026-07-04 15:54:30","btc-updown-5m-1783169700","107639832792670196998851933244352684920896547435188902285087604852349288527089"
"6","15:55-16:00","BTC","Down","Ask","32","0.81","31","25.11","18672.47","12286.7883","2026-07-04T15:54:30.0047950+03:00","2026-07-04 15:54:30","btc-updown-5m-1783169700","107639832792670196998851933244352684920896547435188902285087604852349288527089"
"6","15:55-16:00","BTC","Down","Ask","33","0.82","36","29.52","18708.47","12316.3083","2026-07-04T15:54:30.0047950+03:00","2026-07-04 15:54:30","btc-updown-5m-1783169700","107639832792670196998851933244352684920896547435188902285087604852349288527089"
"6","15:55-16:00","BTC","Down","Ask","34","0.83","18","14.94","18726.47","12331.2483","2026-07-04T15:54:30.0047950+03:00","2026-07-04 15:54:30","btc-updown-5m-1783169700","107639832792670196998851933244352684920896547435188902285087604852349288527089"
"6","15:55-16:00","BTC","Down","Ask","35","0.84","47","39.48","18773.47","12370.7283","2026-07-04T15:54:30.0047950+03:00","2026-07-04 15:54:30","btc-updown-5m-1783169700","107639832792670196998851933244352684920896547435188902285087604852349288527089"
"6","15:55-16:00","BTC","Down","Ask","36","0.85","2180.33","1853.2805","20953.8","14224.0088","2026-07-04T15:54:30.0047950+03:00","2026-07-04 15:54:30","btc-updown-5m-1783169700","107639832792670196998851933244352684920896547435188902285087604852349288527089"
"6","15:55-16:00","BTC","Down","Ask","37","0.86","28","24.08","20981.8","14248.0888","2026-07-04T15:54:30.0047950+03:00","2026-07-04 15:54:30","btc-updown-5m-1783169700","107639832792670196998851933244352684920896547435188902285087604852349288527089"
"6","15:55-16:00","BTC","Down","Ask","38","0.87","67","58.29","21048.8","14306.3788","2026-07-04T15:54:30.0047950+03:00","2026-07-04 15:54:30","btc-updown-5m-1783169700","107639832792670196998851933244352684920896547435188902285087604852349288527089"
"6","15:55-16:00","BTC","Down","Ask","39","0.88","67","58.96","21115.8","14365.3388","2026-07-04T15:54:30.0047950+03:00","2026-07-04 15:54:30","btc-updown-5m-1783169700","107639832792670196998851933244352684920896547435188902285087604852349288527089"
"6","15:55-16:00","BTC","Down","Ask","40","0.89","260","231.4","21375.8","14596.7388","2026-07-04T15:54:30.0047950+03:00","2026-07-04 15:54:30","btc-updown-5m-1783169700","107639832792670196998851933244352684920896547435188902285087604852349288527089"
"6","15:55-16:00","BTC","Down","Ask","41","0.9","3893","3503.7","25268.8","18100.4388","2026-07-04T15:54:30.0047950+03:00","2026-07-04 15:54:30","btc-updown-5m-1783169700","107639832792670196998851933244352684920896547435188902285087604852349288527089"
"6","15:55-16:00","BTC","Down","Ask","42","0.91","661.56","602.0196","25930.36","18702.4584","2026-07-04T15:54:30.0047950+03:00","2026-07-04 15:54:30","btc-updown-5m-1783169700","107639832792670196998851933244352684920896547435188902285087604852349288527089"
"6","15:55-16:00","BTC","Down","Ask","43","0.92","752.5","692.3","26682.86","19394.7584","2026-07-04T15:54:30.0047950+03:00","2026-07-04 15:54:30","btc-updown-5m-1783169700","107639832792670196998851933244352684920896547435188902285087604852349288527089"
"6","15:55-16:00","BTC","Down","Ask","44","0.93","1022.86","951.2598","27705.72","20346.0182","2026-07-04T15:54:30.0047950+03:00","2026-07-04 15:54:30","btc-updown-5m-1783169700","107639832792670196998851933244352684920896547435188902285087604852349288527089"
"6","15:55-16:00","BTC","Down","Ask","45","0.94","1087.65","1022.391","28793.37","21368.4092","2026-07-04T15:54:30.0047950+03:00","2026-07-04 15:54:30","btc-updown-5m-1783169700","107639832792670196998851933244352684920896547435188902285087604852349288527089"
"6","15:55-16:00","BTC","Down","Ask","46","0.95","1331","1264.45","30124.37","22632.8592","2026-07-04T15:54:30.0047950+03:00","2026-07-04 15:54:30","btc-updown-5m-1783169700","107639832792670196998851933244352684920896547435188902285087604852349288527089"
"6","15:55-16:00","BTC","Down","Ask","47","0.96","1501.75","1441.68","31626.12","24074.5392","2026-07-04T15:54:30.0047950+03:00","2026-07-04 15:54:30","btc-updown-5m-1783169700","107639832792670196998851933244352684920896547435188902285087604852349288527089"
"6","15:55-16:00","BTC","Down","Ask","48","0.97","12135.82","11771.7454","43761.94","35846.2846","2026-07-04T15:54:30.0047950+03:00","2026-07-04 15:54:30","btc-updown-5m-1783169700","107639832792670196998851933244352684920896547435188902285087604852349288527089"
"6","15:55-16:00","BTC","Down","Ask","49","0.98","3076.38","3014.8524","46838.32","38861.137","2026-07-04T15:54:30.0047950+03:00","2026-07-04 15:54:30","btc-updown-5m-1783169700","107639832792670196998851933244352684920896547435188902285087604852349288527089"
"6","15:55-16:00","BTC","Down","Ask","50","0.99","13496.16","13361.1984","60334.48","52222.3354","2026-07-04T15:54:30.0047950+03:00","2026-07-04 15:54:30","btc-updown-5m-1783169700","107639832792670196998851933244352684920896547435188902285087604852349288527089"
"6","15:55-16:00","BTC","Down","Bid","1","0.49","763.34","374.0366","763.34","374.0366","2026-07-04T15:54:30.0047950+03:00","2026-07-04 15:54:30","btc-updown-5m-1783169700","107639832792670196998851933244352684920896547435188902285087604852349288527089"
"6","15:55-16:00","BTC","Down","Bid","2","0.48","392.25","188.28","1155.59","562.3166","2026-07-04T15:54:30.0047950+03:00","2026-07-04 15:54:30","btc-updown-5m-1783169700","107639832792670196998851933244352684920896547435188902285087604852349288527089"
"6","15:55-16:00","BTC","Down","Bid","3","0.47","528.45","248.3715","1684.04","810.6881","2026-07-04T15:54:30.0047950+03:00","2026-07-04 15:54:30","btc-updown-5m-1783169700","107639832792670196998851933244352684920896547435188902285087604852349288527089"
"6","15:55-16:00","BTC","Down","Bid","4","0.46","453.55","208.633","2137.59","1019.3211","2026-07-04T15:54:30.0047950+03:00","2026-07-04 15:54:30","btc-updown-5m-1783169700","107639832792670196998851933244352684920896547435188902285087604852349288527089"
"6","15:55-16:00","BTC","Down","Bid","5","0.45","1120.43","504.1935","3258.02","1523.5146","2026-07-04T15:54:30.0047950+03:00","2026-07-04 15:54:30","btc-updown-5m-1783169700","107639832792670196998851933244352684920896547435188902285087604852349288527089"
"6","15:55-16:00","BTC","Down","Bid","6","0.44","618.26","272.0344","3876.28","1795.549","2026-07-04T15:54:30.0047950+03:00","2026-07-04 15:54:30","btc-updown-5m-1783169700","107639832792670196998851933244352684920896547435188902285087604852349288527089"
"6","15:55-16:00","BTC","Down","Bid","7","0.43","469.25","201.7775","4345.53","1997.3265","2026-07-04T15:54:30.0047950+03:00","2026-07-04 15:54:30","btc-updown-5m-1783169700","107639832792670196998851933244352684920896547435188902285087604852349288527089"
"6","15:55-16:00","BTC","Down","Bid","8","0.42","499.7","209.874","4845.23","2207.2005","2026-07-04T15:54:30.0047950+03:00","2026-07-04 15:54:30","btc-updown-5m-1783169700","107639832792670196998851933244352684920896547435188902285087604852349288527089"
"6","15:55-16:00","BTC","Down","Bid","9","0.41","394.15","161.6015","5239.38","2368.802","2026-07-04T15:54:30.0047950+03:00","2026-07-04 15:54:30","btc-updown-5m-1783169700","107639832792670196998851933244352684920896547435188902285087604852349288527089"
"6","15:55-16:00","BTC","Down","Bid","10","0.4","920","368","6159.38","2736.802","2026-07-04T15:54:30.0047950+03:00","2026-07-04 15:54:30","btc-updown-5m-1783169700","107639832792670196998851933244352684920896547435188902285087604852349288527089"
"6","15:55-16:00","BTC","Down","Bid","11","0.39","493.63","192.5157","6653.01","2929.3177","2026-07-04T15:54:30.0047950+03:00","2026-07-04 15:54:30","btc-updown-5m-1783169700","107639832792670196998851933244352684920896547435188902285087604852349288527089"
"6","15:55-16:00","BTC","Down","Bid","12","0.38","350.84","133.3192","7003.85","3062.6369","2026-07-04T15:54:30.0047950+03:00","2026-07-04 15:54:30","btc-updown-5m-1783169700","107639832792670196998851933244352684920896547435188902285087604852349288527089"
"6","15:55-16:00","BTC","Down","Bid","13","0.37","780.24","288.6888","7784.09","3351.3257","2026-07-04T15:54:30.0047950+03:00","2026-07-04 15:54:30","btc-updown-5m-1783169700","107639832792670196998851933244352684920896547435188902285087604852349288527089"
"6","15:55-16:00","BTC","Down","Bid","14","0.36","850.47","306.1692","8634.56","3657.4949","2026-07-04T15:54:30.0047950+03:00","2026-07-04 15:54:30","btc-updown-5m-1783169700","107639832792670196998851933244352684920896547435188902285087604852349288527089"
"6","15:55-16:00","BTC","Down","Bid","15","0.35","1213.19","424.6165","9847.75","4082.1114","2026-07-04T15:54:30.0047950+03:00","2026-07-04 15:54:30","btc-updown-5m-1783169700","107639832792670196998851933244352684920896547435188902285087604852349288527089"
"6","15:55-16:00","BTC","Down","Bid","16","0.34","610.32","207.5088","10458.07","4289.6202","2026-07-04T15:54:30.0047950+03:00","2026-07-04 15:54:30","btc-updown-5m-1783169700","107639832792670196998851933244352684920896547435188902285087604852349288527089"
"6","15:55-16:00","BTC","Down","Bid","17","0.33","815.61","269.1513","11273.68","4558.7715","2026-07-04T15:54:30.0047950+03:00","2026-07-04 15:54:30","btc-updown-5m-1783169700","107639832792670196998851933244352684920896547435188902285087604852349288527089"
"6","15:55-16:00","BTC","Down","Bid","18","0.32","696.14","222.7648","11969.82","4781.5363","2026-07-04T15:54:30.0047950+03:00","2026-07-04 15:54:30","btc-updown-5m-1783169700","107639832792670196998851933244352684920896547435188902285087604852349288527089"
"6","15:55-16:00","BTC","Down","Bid","19","0.31","859.04","266.3024","12828.86","5047.8387","2026-07-04T15:54:30.0047950+03:00","2026-07-04 15:54:30","btc-updown-5m-1783169700","107639832792670196998851933244352684920896547435188902285087604852349288527089"
"6","15:55-16:00","BTC","Down","Bid","20","0.3","1012.32","303.696","13841.18","5351.5347","2026-07-04T15:54:30.0047950+03:00","2026-07-04 15:54:30","btc-updown-5m-1783169700","107639832792670196998851933244352684920896547435188902285087604852349288527089"
"6","15:55-16:00","BTC","Down","Bid","21","0.29","620.35","179.9015","14461.53","5531.4362","2026-07-04T15:54:30.0047950+03:00","2026-07-04 15:54:30","btc-updown-5m-1783169700","107639832792670196998851933244352684920896547435188902285087604852349288527089"
"6","15:55-16:00","BTC","Down","Bid","22","0.28","632.71","177.1588","15094.24","5708.595","2026-07-04T15:54:30.0047950+03:00","2026-07-04 15:54:30","btc-updown-5m-1783169700","107639832792670196998851933244352684920896547435188902285087604852349288527089"
"6","15:55-16:00","BTC","Down","Bid","23","0.27","390","105.3","15484.24","5813.895","2026-07-04T15:54:30.0047950+03:00","2026-07-04 15:54:30","btc-updown-5m-1783169700","107639832792670196998851933244352684920896547435188902285087604852349288527089"
"6","15:55-16:00","BTC","Down","Bid","24","0.26","270","70.2","15754.24","5884.095","2026-07-04T15:54:30.0047950+03:00","2026-07-04 15:54:30","btc-updown-5m-1783169700","107639832792670196998851933244352684920896547435188902285087604852349288527089"
"6","15:55-16:00","BTC","Down","Bid","25","0.25","385","96.25","16139.24","5980.345","2026-07-04T15:54:30.0047950+03:00","2026-07-04 15:54:30","btc-updown-5m-1783169700","107639832792670196998851933244352684920896547435188902285087604852349288527089"
"6","15:55-16:00","BTC","Down","Bid","26","0.24","775","186","16914.24","6166.345","2026-07-04T15:54:30.0047950+03:00","2026-07-04 15:54:30","btc-updown-5m-1783169700","107639832792670196998851933244352684920896547435188902285087604852349288527089"
"6","15:55-16:00","BTC","Down","Bid","27","0.23","100","23","17014.24","6189.345","2026-07-04T15:54:30.0047950+03:00","2026-07-04 15:54:30","btc-updown-5m-1783169700","107639832792670196998851933244352684920896547435188902285087604852349288527089"
"6","15:55-16:00","BTC","Down","Bid","28","0.22","705","155.1","17719.24","6344.445","2026-07-04T15:54:30.0047950+03:00","2026-07-04 15:54:30","btc-updown-5m-1783169700","107639832792670196998851933244352684920896547435188902285087604852349288527089"
"6","15:55-16:00","BTC","Down","Bid","29","0.21","837","175.77","18556.24","6520.215","2026-07-04T15:54:30.0047950+03:00","2026-07-04 15:54:30","btc-updown-5m-1783169700","107639832792670196998851933244352684920896547435188902285087604852349288527089"
"6","15:55-16:00","BTC","Down","Bid","30","0.2","797","159.4","19353.24","6679.615","2026-07-04T15:54:30.0047950+03:00","2026-07-04 15:54:30","btc-updown-5m-1783169700","107639832792670196998851933244352684920896547435188902285087604852349288527089"
"6","15:55-16:00","BTC","Down","Bid","31","0.19","31","5.89","19384.24","6685.505","2026-07-04T15:54:30.0047950+03:00","2026-07-04 15:54:30","btc-updown-5m-1783169700","107639832792670196998851933244352684920896547435188902285087604852349288527089"
"6","15:55-16:00","BTC","Down","Bid","32","0.18","36","6.48","19420.24","6691.985","2026-07-04T15:54:30.0047950+03:00","2026-07-04 15:54:30","btc-updown-5m-1783169700","107639832792670196998851933244352684920896547435188902285087604852349288527089"
"6","15:55-16:00","BTC","Down","Bid","33","0.17","18","3.06","19438.24","6695.045","2026-07-04T15:54:30.0047950+03:00","2026-07-04 15:54:30","btc-updown-5m-1783169700","107639832792670196998851933244352684920896547435188902285087604852349288527089"
"6","15:55-16:00","BTC","Down","Bid","34","0.16","47","7.52","19485.24","6702.565","2026-07-04T15:54:30.0047950+03:00","2026-07-04 15:54:30","btc-updown-5m-1783169700","107639832792670196998851933244352684920896547435188902285087604852349288527089"
"6","15:55-16:00","BTC","Down","Bid","35","0.15","2180.33","327.0495","21665.57","7029.6145","2026-07-04T15:54:30.0047950+03:00","2026-07-04 15:54:30","btc-updown-5m-1783169700","107639832792670196998851933244352684920896547435188902285087604852349288527089"
"6","15:55-16:00","BTC","Down","Bid","36","0.14","28","3.92","21693.57","7033.5345","2026-07-04T15:54:30.0047950+03:00","2026-07-04 15:54:30","btc-updown-5m-1783169700","107639832792670196998851933244352684920896547435188902285087604852349288527089"
"6","15:55-16:00","BTC","Down","Bid","37","0.13","67","8.71","21760.57","7042.2445","2026-07-04T15:54:30.0047950+03:00","2026-07-04 15:54:30","btc-updown-5m-1783169700","107639832792670196998851933244352684920896547435188902285087604852349288527089"
"6","15:55-16:00","BTC","Down","Bid","38","0.12","67","8.04","21827.57","7050.2845","2026-07-04T15:54:30.0047950+03:00","2026-07-04 15:54:30","btc-updown-5m-1783169700","107639832792670196998851933244352684920896547435188902285087604852349288527089"
"6","15:55-16:00","BTC","Down","Bid","39","0.11","260","28.6","22087.57","7078.8845","2026-07-04T15:54:30.0047950+03:00","2026-07-04 15:54:30","btc-updown-5m-1783169700","107639832792670196998851933244352684920896547435188902285087604852349288527089"
"6","15:55-16:00","BTC","Down","Bid","40","0.1","3893","389.3","25980.57","7468.1845","2026-07-04T15:54:30.0047950+03:00","2026-07-04 15:54:30","btc-updown-5m-1783169700","107639832792670196998851933244352684920896547435188902285087604852349288527089"
"6","15:55-16:00","BTC","Down","Bid","41","0.09","661.56","59.5404","26642.13","7527.7249","2026-07-04T15:54:30.0047950+03:00","2026-07-04 15:54:30","btc-updown-5m-1783169700","107639832792670196998851933244352684920896547435188902285087604852349288527089"
"6","15:55-16:00","BTC","Down","Bid","42","0.08","752.5","60.2","27394.63","7587.9249","2026-07-04T15:54:30.0047950+03:00","2026-07-04 15:54:30","btc-updown-5m-1783169700","107639832792670196998851933244352684920896547435188902285087604852349288527089"
"6","15:55-16:00","BTC","Down","Bid","43","0.07","1022.86","71.6002","28417.49","7659.5251","2026-07-04T15:54:30.0047950+03:00","2026-07-04 15:54:30","btc-updown-5m-1783169700","107639832792670196998851933244352684920896547435188902285087604852349288527089"
"6","15:55-16:00","BTC","Down","Bid","44","0.06","1082.65","64.959","29500.14","7724.4841","2026-07-04T15:54:30.0047950+03:00","2026-07-04 15:54:30","btc-updown-5m-1783169700","107639832792670196998851933244352684920896547435188902285087604852349288527089"
"6","15:55-16:00","BTC","Down","Bid","45","0.05","1331","66.55","30831.14","7791.0341","2026-07-04T15:54:30.0047950+03:00","2026-07-04 15:54:30","btc-updown-5m-1783169700","107639832792670196998851933244352684920896547435188902285087604852349288527089"
"6","15:55-16:00","BTC","Down","Bid","46","0.04","1501.75","60.07","32332.89","7851.1041","2026-07-04T15:54:30.0047950+03:00","2026-07-04 15:54:30","btc-updown-5m-1783169700","107639832792670196998851933244352684920896547435188902285087604852349288527089"
"6","15:55-16:00","BTC","Down","Bid","47","0.03","12135.82","364.0746","44468.71","8215.1787","2026-07-04T15:54:30.0047950+03:00","2026-07-04 15:54:30","btc-updown-5m-1783169700","107639832792670196998851933244352684920896547435188902285087604852349288527089"
"6","15:55-16:00","BTC","Down","Bid","48","0.02","3086.45","61.729","47555.16","8276.9077","2026-07-04T15:54:30.0047950+03:00","2026-07-04 15:54:30","btc-updown-5m-1783169700","107639832792670196998851933244352684920896547435188902285087604852349288527089"
"6","15:55-16:00","BTC","Down","Bid","49","0.01","13509.43","135.0943","61064.59","8412.002","2026-07-04T15:54:30.0047950+03:00","2026-07-04 15:54:30","btc-updown-5m-1783169700","107639832792670196998851933244352684920896547435188902285087604852349288527089"
"6","15:55-16:00","BTC","Up","Ask","1","0.51","763.34","389.3034","763.34","389.3034","2026-07-04T15:54:30.2748739+03:00","2026-07-04 15:54:30","btc-updown-5m-1783169700","56343513435286493270177724395605099688328723109001551902704161490446762558466"
"6","15:55-16:00","BTC","Up","Ask","2","0.52","392.25","203.97","1155.59","593.2734","2026-07-04T15:54:30.2748739+03:00","2026-07-04 15:54:30","btc-updown-5m-1783169700","56343513435286493270177724395605099688328723109001551902704161490446762558466"
"6","15:55-16:00","BTC","Up","Ask","3","0.53","528.45","280.0785","1684.04","873.3519","2026-07-04T15:54:30.2748739+03:00","2026-07-04 15:54:30","btc-updown-5m-1783169700","56343513435286493270177724395605099688328723109001551902704161490446762558466"
"6","15:55-16:00","BTC","Up","Ask","4","0.54","453.55","244.917","2137.59","1118.2689","2026-07-04T15:54:30.2748739+03:00","2026-07-04 15:54:30","btc-updown-5m-1783169700","56343513435286493270177724395605099688328723109001551902704161490446762558466"
"6","15:55-16:00","BTC","Up","Ask","5","0.55","1120.43","616.2365","3258.02","1734.5054","2026-07-04T15:54:30.2748739+03:00","2026-07-04 15:54:30","btc-updown-5m-1783169700","56343513435286493270177724395605099688328723109001551902704161490446762558466"
"6","15:55-16:00","BTC","Up","Ask","6","0.56","618.26","346.2256","3876.28","2080.731","2026-07-04T15:54:30.2748739+03:00","2026-07-04 15:54:30","btc-updown-5m-1783169700","56343513435286493270177724395605099688328723109001551902704161490446762558466"
"6","15:55-16:00","BTC","Up","Ask","7","0.57","469.25","267.4725","4345.53","2348.2035","2026-07-04T15:54:30.2748739+03:00","2026-07-04 15:54:30","btc-updown-5m-1783169700","56343513435286493270177724395605099688328723109001551902704161490446762558466"
"6","15:55-16:00","BTC","Up","Ask","8","0.58","499.7","289.826","4845.23","2638.0295","2026-07-04T15:54:30.2748739+03:00","2026-07-04 15:54:30","btc-updown-5m-1783169700","56343513435286493270177724395605099688328723109001551902704161490446762558466"
"6","15:55-16:00","BTC","Up","Ask","9","0.59","394.15","232.5485","5239.38","2870.578","2026-07-04T15:54:30.2748739+03:00","2026-07-04 15:54:30","btc-updown-5m-1783169700","56343513435286493270177724395605099688328723109001551902704161490446762558466"
"6","15:55-16:00","BTC","Up","Ask","10","0.6","920","552","6159.38","3422.578","2026-07-04T15:54:30.2748739+03:00","2026-07-04 15:54:30","btc-updown-5m-1783169700","56343513435286493270177724395605099688328723109001551902704161490446762558466"
"6","15:55-16:00","BTC","Up","Ask","11","0.61","493.63","301.1143","6653.01","3723.6923","2026-07-04T15:54:30.2748739+03:00","2026-07-04 15:54:30","btc-updown-5m-1783169700","56343513435286493270177724395605099688328723109001551902704161490446762558466"
"6","15:55-16:00","BTC","Up","Ask","12","0.62","350.84","217.5208","7003.85","3941.2131","2026-07-04T15:54:30.2748739+03:00","2026-07-04 15:54:30","btc-updown-5m-1783169700","56343513435286493270177724395605099688328723109001551902704161490446762558466"
"6","15:55-16:00","BTC","Up","Ask","13","0.63","780.24","491.5512","7784.09","4432.7643","2026-07-04T15:54:30.2748739+03:00","2026-07-04 15:54:30","btc-updown-5m-1783169700","56343513435286493270177724395605099688328723109001551902704161490446762558466"
"6","15:55-16:00","BTC","Up","Ask","14","0.64","850.47","544.3008","8634.56","4977.0651","2026-07-04T15:54:30.2748739+03:00","2026-07-04 15:54:30","btc-updown-5m-1783169700","56343513435286493270177724395605099688328723109001551902704161490446762558466"
"6","15:55-16:00","BTC","Up","Ask","15","0.65","1213.19","788.5735","9847.75","5765.6386","2026-07-04T15:54:30.2748739+03:00","2026-07-04 15:54:30","btc-updown-5m-1783169700","56343513435286493270177724395605099688328723109001551902704161490446762558466"
"6","15:55-16:00","BTC","Up","Ask","16","0.66","610.32","402.8112","10458.07","6168.4498","2026-07-04T15:54:30.2748739+03:00","2026-07-04 15:54:30","btc-updown-5m-1783169700","56343513435286493270177724395605099688328723109001551902704161490446762558466"
"6","15:55-16:00","BTC","Up","Ask","17","0.67","815.61","546.4587","11273.68","6714.9085","2026-07-04T15:54:30.2748739+03:00","2026-07-04 15:54:30","btc-updown-5m-1783169700","56343513435286493270177724395605099688328723109001551902704161490446762558466"
"6","15:55-16:00","BTC","Up","Ask","18","0.68","696.14","473.3752","11969.82","7188.2837","2026-07-04T15:54:30.2748739+03:00","2026-07-04 15:54:30","btc-updown-5m-1783169700","56343513435286493270177724395605099688328723109001551902704161490446762558466"
"6","15:55-16:00","BTC","Up","Ask","19","0.69","859.04","592.7376","12828.86","7781.0213","2026-07-04T15:54:30.2748739+03:00","2026-07-04 15:54:30","btc-updown-5m-1783169700","56343513435286493270177724395605099688328723109001551902704161490446762558466"
"6","15:55-16:00","BTC","Up","Ask","20","0.7","1012.32","708.624","13841.18","8489.6453","2026-07-04T15:54:30.2748739+03:00","2026-07-04 15:54:30","btc-updown-5m-1783169700","56343513435286493270177724395605099688328723109001551902704161490446762558466"
"6","15:55-16:00","BTC","Up","Ask","21","0.71","620.35","440.4485","14461.53","8930.0938","2026-07-04T15:54:30.2748739+03:00","2026-07-04 15:54:30","btc-updown-5m-1783169700","56343513435286493270177724395605099688328723109001551902704161490446762558466"
"6","15:55-16:00","BTC","Up","Ask","22","0.72","632.71","455.5512","15094.24","9385.645","2026-07-04T15:54:30.2748739+03:00","2026-07-04 15:54:30","btc-updown-5m-1783169700","56343513435286493270177724395605099688328723109001551902704161490446762558466"
"6","15:55-16:00","BTC","Up","Ask","23","0.73","390","284.7","15484.24","9670.345","2026-07-04T15:54:30.2748739+03:00","2026-07-04 15:54:30","btc-updown-5m-1783169700","56343513435286493270177724395605099688328723109001551902704161490446762558466"
"6","15:55-16:00","BTC","Up","Ask","24","0.74","270","199.8","15754.24","9870.145","2026-07-04T15:54:30.2748739+03:00","2026-07-04 15:54:30","btc-updown-5m-1783169700","56343513435286493270177724395605099688328723109001551902704161490446762558466"
"6","15:55-16:00","BTC","Up","Ask","25","0.75","385","288.75","16139.24","10158.895","2026-07-04T15:54:30.2748739+03:00","2026-07-04 15:54:30","btc-updown-5m-1783169700","56343513435286493270177724395605099688328723109001551902704161490446762558466"
"6","15:55-16:00","BTC","Up","Ask","26","0.76","775","589","16914.24","10747.895","2026-07-04T15:54:30.2748739+03:00","2026-07-04 15:54:30","btc-updown-5m-1783169700","56343513435286493270177724395605099688328723109001551902704161490446762558466"
"6","15:55-16:00","BTC","Up","Ask","27","0.77","100","77","17014.24","10824.895","2026-07-04T15:54:30.2748739+03:00","2026-07-04 15:54:30","btc-updown-5m-1783169700","56343513435286493270177724395605099688328723109001551902704161490446762558466"
"6","15:55-16:00","BTC","Up","Ask","28","0.78","705","549.9","17719.24","11374.795","2026-07-04T15:54:30.2748739+03:00","2026-07-04 15:54:30","btc-updown-5m-1783169700","56343513435286493270177724395605099688328723109001551902704161490446762558466"
"6","15:55-16:00","BTC","Up","Ask","29","0.79","837","661.23","18556.24","12036.025","2026-07-04T15:54:30.2748739+03:00","2026-07-04 15:54:30","btc-updown-5m-1783169700","56343513435286493270177724395605099688328723109001551902704161490446762558466"
"6","15:55-16:00","BTC","Up","Ask","30","0.8","797","637.6","19353.24","12673.625","2026-07-04T15:54:30.2748739+03:00","2026-07-04 15:54:30","btc-updown-5m-1783169700","56343513435286493270177724395605099688328723109001551902704161490446762558466"
"6","15:55-16:00","BTC","Up","Ask","31","0.81","31","25.11","19384.24","12698.735","2026-07-04T15:54:30.2748739+03:00","2026-07-04 15:54:30","btc-updown-5m-1783169700","56343513435286493270177724395605099688328723109001551902704161490446762558466"
"6","15:55-16:00","BTC","Up","Ask","32","0.82","36","29.52","19420.24","12728.255","2026-07-04T15:54:30.2748739+03:00","2026-07-04 15:54:30","btc-updown-5m-1783169700","56343513435286493270177724395605099688328723109001551902704161490446762558466"
"6","15:55-16:00","BTC","Up","Ask","33","0.83","18","14.94","19438.24","12743.195","2026-07-04T15:54:30.2748739+03:00","2026-07-04 15:54:30","btc-updown-5m-1783169700","56343513435286493270177724395605099688328723109001551902704161490446762558466"
"6","15:55-16:00","BTC","Up","Ask","34","0.84","47","39.48","19485.24","12782.675","2026-07-04T15:54:30.2748739+03:00","2026-07-04 15:54:30","btc-updown-5m-1783169700","56343513435286493270177724395605099688328723109001551902704161490446762558466"
"6","15:55-16:00","BTC","Up","Ask","35","0.85","2180.33","1853.2805","21665.57","14635.9555","2026-07-04T15:54:30.2748739+03:00","2026-07-04 15:54:30","btc-updown-5m-1783169700","56343513435286493270177724395605099688328723109001551902704161490446762558466"
"6","15:55-16:00","BTC","Up","Ask","36","0.86","28","24.08","21693.57","14660.0355","2026-07-04T15:54:30.2748739+03:00","2026-07-04 15:54:30","btc-updown-5m-1783169700","56343513435286493270177724395605099688328723109001551902704161490446762558466"
"6","15:55-16:00","BTC","Up","Ask","37","0.87","67","58.29","21760.57","14718.3255","2026-07-04T15:54:30.2748739+03:00","2026-07-04 15:54:30","btc-updown-5m-1783169700","56343513435286493270177724395605099688328723109001551902704161490446762558466"
"6","15:55-16:00","BTC","Up","Ask","38","0.88","67","58.96","21827.57","14777.2855","2026-07-04T15:54:30.2748739+03:00","2026-07-04 15:54:30","btc-updown-5m-1783169700","56343513435286493270177724395605099688328723109001551902704161490446762558466"
"6","15:55-16:00","BTC","Up","Ask","39","0.89","260","231.4","22087.57","15008.6855","2026-07-04T15:54:30.2748739+03:00","2026-07-04 15:54:30","btc-updown-5m-1783169700","56343513435286493270177724395605099688328723109001551902704161490446762558466"
"6","15:55-16:00","BTC","Up","Ask","40","0.9","3893","3503.7","25980.57","18512.3855","2026-07-04T15:54:30.2748739+03:00","2026-07-04 15:54:30","btc-updown-5m-1783169700","56343513435286493270177724395605099688328723109001551902704161490446762558466"
"6","15:55-16:00","BTC","Up","Ask","41","0.91","661.56","602.0196","26642.13","19114.4051","2026-07-04T15:54:30.2748739+03:00","2026-07-04 15:54:30","btc-updown-5m-1783169700","56343513435286493270177724395605099688328723109001551902704161490446762558466"
"6","15:55-16:00","BTC","Up","Ask","42","0.92","752.5","692.3","27394.63","19806.7051","2026-07-04T15:54:30.2748739+03:00","2026-07-04 15:54:30","btc-updown-5m-1783169700","56343513435286493270177724395605099688328723109001551902704161490446762558466"
"6","15:55-16:00","BTC","Up","Ask","43","0.93","1022.86","951.2598","28417.49","20757.9649","2026-07-04T15:54:30.2748739+03:00","2026-07-04 15:54:30","btc-updown-5m-1783169700","56343513435286493270177724395605099688328723109001551902704161490446762558466"
"6","15:55-16:00","BTC","Up","Ask","44","0.94","1082.65","1017.691","29500.14","21775.6559","2026-07-04T15:54:30.2748739+03:00","2026-07-04 15:54:30","btc-updown-5m-1783169700","56343513435286493270177724395605099688328723109001551902704161490446762558466"
"6","15:55-16:00","BTC","Up","Ask","45","0.95","1331","1264.45","30831.14","23040.1059","2026-07-04T15:54:30.2748739+03:00","2026-07-04 15:54:30","btc-updown-5m-1783169700","56343513435286493270177724395605099688328723109001551902704161490446762558466"
"6","15:55-16:00","BTC","Up","Ask","46","0.96","1501.75","1441.68","32332.89","24481.7859","2026-07-04T15:54:30.2748739+03:00","2026-07-04 15:54:30","btc-updown-5m-1783169700","56343513435286493270177724395605099688328723109001551902704161490446762558466"
"6","15:55-16:00","BTC","Up","Ask","47","0.97","12135.82","11771.7454","44468.71","36253.5313","2026-07-04T15:54:30.2748739+03:00","2026-07-04 15:54:30","btc-updown-5m-1783169700","56343513435286493270177724395605099688328723109001551902704161490446762558466"
"6","15:55-16:00","BTC","Up","Ask","48","0.98","3086.45","3024.721","47555.16","39278.2523","2026-07-04T15:54:30.2748739+03:00","2026-07-04 15:54:30","btc-updown-5m-1783169700","56343513435286493270177724395605099688328723109001551902704161490446762558466"
"6","15:55-16:00","BTC","Up","Ask","49","0.99","13509.43","13374.3357","61064.59","52652.588","2026-07-04T15:54:30.2748739+03:00","2026-07-04 15:54:30","btc-updown-5m-1783169700","56343513435286493270177724395605099688328723109001551902704161490446762558466"
"6","15:55-16:00","BTC","Up","Bid","1","0.5","110","55","110","55","2026-07-04T15:54:30.2748739+03:00","2026-07-04 15:54:30","btc-updown-5m-1783169700","56343513435286493270177724395605099688328723109001551902704161490446762558466"
"6","15:55-16:00","BTC","Up","Bid","2","0.49","358.1","175.469","468.1","230.469","2026-07-04T15:54:30.2748739+03:00","2026-07-04 15:54:30","btc-updown-5m-1783169700","56343513435286493270177724395605099688328723109001551902704161490446762558466"
"6","15:55-16:00","BTC","Up","Bid","3","0.48","482.61","231.6528","950.71","462.1218","2026-07-04T15:54:30.2748739+03:00","2026-07-04 15:54:30","btc-updown-5m-1783169700","56343513435286493270177724395605099688328723109001551902704161490446762558466"
"6","15:55-16:00","BTC","Up","Bid","4","0.47","629.45","295.8415","1580.16","757.9633","2026-07-04T15:54:30.2748739+03:00","2026-07-04 15:54:30","btc-updown-5m-1783169700","56343513435286493270177724395605099688328723109001551902704161490446762558466"
"6","15:55-16:00","BTC","Up","Bid","5","0.46","546.55","251.413","2126.71","1009.3763","2026-07-04T15:54:30.2748739+03:00","2026-07-04 15:54:30","btc-updown-5m-1783169700","56343513435286493270177724395605099688328723109001551902704161490446762558466"
"6","15:55-16:00","BTC","Up","Bid","6","0.45","991.98","446.391","3118.69","1455.7673","2026-07-04T15:54:30.2748739+03:00","2026-07-04 15:54:30","btc-updown-5m-1783169700","56343513435286493270177724395605099688328723109001551902704161490446762558466"
"6","15:55-16:00","BTC","Up","Bid","7","0.44","618.26","272.0344","3736.95","1727.8017","2026-07-04T15:54:30.2748739+03:00","2026-07-04 15:54:30","btc-updown-5m-1783169700","56343513435286493270177724395605099688328723109001551902704161490446762558466"
"6","15:55-16:00","BTC","Up","Bid","8","0.43","408.25","175.5475","4145.2","1903.3492","2026-07-04T15:54:30.2748739+03:00","2026-07-04 15:54:30","btc-updown-5m-1783169700","56343513435286493270177724395605099688328723109001551902704161490446762558466"
"6","15:55-16:00","BTC","Up","Bid","9","0.42","408.7","171.654","4553.9","2075.0032","2026-07-04T15:54:30.2748739+03:00","2026-07-04 15:54:30","btc-updown-5m-1783169700","56343513435286493270177724395605099688328723109001551902704161490446762558466"
"6","15:55-16:00","BTC","Up","Bid","10","0.41","364.15","149.3015","4918.05","2224.3047","2026-07-04T15:54:30.2748739+03:00","2026-07-04 15:54:30","btc-updown-5m-1783169700","56343513435286493270177724395605099688328723109001551902704161490446762558466"
"6","15:55-16:00","BTC","Up","Bid","11","0.4","539.56","215.824","5457.61","2440.1287","2026-07-04T15:54:30.2748739+03:00","2026-07-04 15:54:30","btc-updown-5m-1783169700","56343513435286493270177724395605099688328723109001551902704161490446762558466"
"6","15:55-16:00","BTC","Up","Bid","12","0.39","493.63","192.5157","5951.24","2632.6444","2026-07-04T15:54:30.2748739+03:00","2026-07-04 15:54:30","btc-updown-5m-1783169700","56343513435286493270177724395605099688328723109001551902704161490446762558466"
"6","15:55-16:00","BTC","Up","Bid","13","0.38","360.84","137.1192","6312.08","2769.7636","2026-07-04T15:54:30.2748739+03:00","2026-07-04 15:54:30","btc-updown-5m-1783169700","56343513435286493270177724395605099688328723109001551902704161490446762558466"
"6","15:55-16:00","BTC","Up","Bid","14","0.37","765.24","283.1388","7077.32","3052.9024","2026-07-04T15:54:30.2748739+03:00","2026-07-04 15:54:30","btc-updown-5m-1783169700","56343513435286493270177724395605099688328723109001551902704161490446762558466"
"6","15:55-16:00","BTC","Up","Bid","15","0.36","850.47","306.1692","7927.79","3359.0716","2026-07-04T15:54:30.2748739+03:00","2026-07-04 15:54:30","btc-updown-5m-1783169700","56343513435286493270177724395605099688328723109001551902704161490446762558466"
"6","15:55-16:00","BTC","Up","Bid","16","0.35","1213.19","424.6165","9140.98","3783.6881","2026-07-04T15:54:30.2748739+03:00","2026-07-04 15:54:30","btc-updown-5m-1783169700","56343513435286493270177724395605099688328723109001551902704161490446762558466"
"6","15:55-16:00","BTC","Up","Bid","17","0.34","610.32","207.5088","9751.3","3991.1969","2026-07-04T15:54:30.2748739+03:00","2026-07-04 15:54:30","btc-updown-5m-1783169700","56343513435286493270177724395605099688328723109001551902704161490446762558466"
"6","15:55-16:00","BTC","Up","Bid","18","0.33","815.61","269.1513","10566.91","4260.3482","2026-07-04T15:54:30.2748739+03:00","2026-07-04 15:54:30","btc-updown-5m-1783169700","56343513435286493270177724395605099688328723109001551902704161490446762558466"
"6","15:55-16:00","BTC","Up","Bid","19","0.32","696.14","222.7648","11263.05","4483.113","2026-07-04T15:54:30.2748739+03:00","2026-07-04 15:54:30","btc-updown-5m-1783169700","56343513435286493270177724395605099688328723109001551902704161490446762558466"
"6","15:55-16:00","BTC","Up","Bid","20","0.31","859.04","266.3024","12122.09","4749.4154","2026-07-04T15:54:30.2748739+03:00","2026-07-04 15:54:30","btc-updown-5m-1783169700","56343513435286493270177724395605099688328723109001551902704161490446762558466"
"6","15:55-16:00","BTC","Up","Bid","21","0.3","1017.32","305.196","13139.41","5054.6114","2026-07-04T15:54:30.2748739+03:00","2026-07-04 15:54:30","btc-updown-5m-1783169700","56343513435286493270177724395605099688328723109001551902704161490446762558466"
"6","15:55-16:00","BTC","Up","Bid","22","0.29","610.35","177.0015","13749.76","5231.6129","2026-07-04T15:54:30.2748739+03:00","2026-07-04 15:54:30","btc-updown-5m-1783169700","56343513435286493270177724395605099688328723109001551902704161490446762558466"
"6","15:55-16:00","BTC","Up","Bid","23","0.28","632.71","177.1588","14382.47","5408.7717","2026-07-04T15:54:30.2748739+03:00","2026-07-04 15:54:30","btc-updown-5m-1783169700","56343513435286493270177724395605099688328723109001551902704161490446762558466"
"6","15:55-16:00","BTC","Up","Bid","24","0.27","390","105.3","14772.47","5514.0717","2026-07-04T15:54:30.2748739+03:00","2026-07-04 15:54:30","btc-updown-5m-1783169700","56343513435286493270177724395605099688328723109001551902704161490446762558466"
"6","15:55-16:00","BTC","Up","Bid","25","0.26","270","70.2","15042.47","5584.2717","2026-07-04T15:54:30.2748739+03:00","2026-07-04 15:54:30","btc-updown-5m-1783169700","56343513435286493270177724395605099688328723109001551902704161490446762558466"
"6","15:55-16:00","BTC","Up","Bid","26","0.25","385","96.25","15427.47","5680.5217","2026-07-04T15:54:30.2748739+03:00","2026-07-04 15:54:30","btc-updown-5m-1783169700","56343513435286493270177724395605099688328723109001551902704161490446762558466"
"6","15:55-16:00","BTC","Up","Bid","27","0.24","775","186","16202.47","5866.5217","2026-07-04T15:54:30.2748739+03:00","2026-07-04 15:54:30","btc-updown-5m-1783169700","56343513435286493270177724395605099688328723109001551902704161490446762558466"
"6","15:55-16:00","BTC","Up","Bid","28","0.23","100","23","16302.47","5889.5217","2026-07-04T15:54:30.2748739+03:00","2026-07-04 15:54:30","btc-updown-5m-1783169700","56343513435286493270177724395605099688328723109001551902704161490446762558466"
"6","15:55-16:00","BTC","Up","Bid","29","0.22","705","155.1","17007.47","6044.6217","2026-07-04T15:54:30.2748739+03:00","2026-07-04 15:54:30","btc-updown-5m-1783169700","56343513435286493270177724395605099688328723109001551902704161490446762558466"
"6","15:55-16:00","BTC","Up","Bid","30","0.21","837","175.77","17844.47","6220.3917","2026-07-04T15:54:30.2748739+03:00","2026-07-04 15:54:30","btc-updown-5m-1783169700","56343513435286493270177724395605099688328723109001551902704161490446762558466"
"6","15:55-16:00","BTC","Up","Bid","31","0.2","797","159.4","18641.47","6379.7917","2026-07-04T15:54:30.2748739+03:00","2026-07-04 15:54:30","btc-updown-5m-1783169700","56343513435286493270177724395605099688328723109001551902704161490446762558466"
"6","15:55-16:00","BTC","Up","Bid","32","0.19","31","5.89","18672.47","6385.6817","2026-07-04T15:54:30.2748739+03:00","2026-07-04 15:54:30","btc-updown-5m-1783169700","56343513435286493270177724395605099688328723109001551902704161490446762558466"
"6","15:55-16:00","BTC","Up","Bid","33","0.18","36","6.48","18708.47","6392.1617","2026-07-04T15:54:30.2748739+03:00","2026-07-04 15:54:30","btc-updown-5m-1783169700","56343513435286493270177724395605099688328723109001551902704161490446762558466"
"6","15:55-16:00","BTC","Up","Bid","34","0.17","18","3.06","18726.47","6395.2217","2026-07-04T15:54:30.2748739+03:00","2026-07-04 15:54:30","btc-updown-5m-1783169700","56343513435286493270177724395605099688328723109001551902704161490446762558466"
"6","15:55-16:00","BTC","Up","Bid","35","0.16","47","7.52","18773.47","6402.7417","2026-07-04T15:54:30.2748739+03:00","2026-07-04 15:54:30","btc-updown-5m-1783169700","56343513435286493270177724395605099688328723109001551902704161490446762558466"
"6","15:55-16:00","BTC","Up","Bid","36","0.15","2180.33","327.0495","20953.8","6729.7912","2026-07-04T15:54:30.2748739+03:00","2026-07-04 15:54:30","btc-updown-5m-1783169700","56343513435286493270177724395605099688328723109001551902704161490446762558466"
"6","15:55-16:00","BTC","Up","Bid","37","0.14","28","3.92","20981.8","6733.7112","2026-07-04T15:54:30.2748739+03:00","2026-07-04 15:54:30","btc-updown-5m-1783169700","56343513435286493270177724395605099688328723109001551902704161490446762558466"
"6","15:55-16:00","BTC","Up","Bid","38","0.13","67","8.71","21048.8","6742.4212","2026-07-04T15:54:30.2748739+03:00","2026-07-04 15:54:30","btc-updown-5m-1783169700","56343513435286493270177724395605099688328723109001551902704161490446762558466"
"6","15:55-16:00","BTC","Up","Bid","39","0.12","67","8.04","21115.8","6750.4612","2026-07-04T15:54:30.2748739+03:00","2026-07-04 15:54:30","btc-updown-5m-1783169700","56343513435286493270177724395605099688328723109001551902704161490446762558466"
"6","15:55-16:00","BTC","Up","Bid","40","0.11","260","28.6","21375.8","6779.0612","2026-07-04T15:54:30.2748739+03:00","2026-07-04 15:54:30","btc-updown-5m-1783169700","56343513435286493270177724395605099688328723109001551902704161490446762558466"
"6","15:55-16:00","BTC","Up","Bid","41","0.1","3893","389.3","25268.8","7168.3612","2026-07-04T15:54:30.2748739+03:00","2026-07-04 15:54:30","btc-updown-5m-1783169700","56343513435286493270177724395605099688328723109001551902704161490446762558466"
"6","15:55-16:00","BTC","Up","Bid","42","0.09","661.56","59.5404","25930.36","7227.9016","2026-07-04T15:54:30.2748739+03:00","2026-07-04 15:54:30","btc-updown-5m-1783169700","56343513435286493270177724395605099688328723109001551902704161490446762558466"
"6","15:55-16:00","BTC","Up","Bid","43","0.08","752.5","60.2","26682.86","7288.1016","2026-07-04T15:54:30.2748739+03:00","2026-07-04 15:54:30","btc-updown-5m-1783169700","56343513435286493270177724395605099688328723109001551902704161490446762558466"
"6","15:55-16:00","BTC","Up","Bid","44","0.07","1022.86","71.6002","27705.72","7359.7018","2026-07-04T15:54:30.2748739+03:00","2026-07-04 15:54:30","btc-updown-5m-1783169700","56343513435286493270177724395605099688328723109001551902704161490446762558466"
"6","15:55-16:00","BTC","Up","Bid","45","0.06","1087.65","65.259","28793.37","7424.9608","2026-07-04T15:54:30.2748739+03:00","2026-07-04 15:54:30","btc-updown-5m-1783169700","56343513435286493270177724395605099688328723109001551902704161490446762558466"
"6","15:55-16:00","BTC","Up","Bid","46","0.05","1331","66.55","30124.37","7491.5108","2026-07-04T15:54:30.2748739+03:00","2026-07-04 15:54:30","btc-updown-5m-1783169700","56343513435286493270177724395605099688328723109001551902704161490446762558466"
"6","15:55-16:00","BTC","Up","Bid","47","0.04","1501.75","60.07","31626.12","7551.5808","2026-07-04T15:54:30.2748739+03:00","2026-07-04 15:54:30","btc-updown-5m-1783169700","56343513435286493270177724395605099688328723109001551902704161490446762558466"
"6","15:55-16:00","BTC","Up","Bid","48","0.03","12135.82","364.0746","43761.94","7915.6554","2026-07-04T15:54:30.2748739+03:00","2026-07-04 15:54:30","btc-updown-5m-1783169700","56343513435286493270177724395605099688328723109001551902704161490446762558466"
"6","15:55-16:00","BTC","Up","Bid","49","0.02","3076.38","61.5276","46838.32","7977.183","2026-07-04T15:54:30.2748739+03:00","2026-07-04 15:54:30","btc-updown-5m-1783169700","56343513435286493270177724395605099688328723109001551902704161490446762558466"
"6","15:55-16:00","BTC","Up","Bid","50","0.01","13496.16","134.9616","60334.48","8112.1446","2026-07-04T15:54:30.2748739+03:00","2026-07-04 15:54:30","btc-updown-5m-1783169700","56343513435286493270177724395605099688328723109001551902704161490446762558466"
"6","15:55-16:00","ETH","Down","Ask","1","0.51","8.9","4.539","8.9","4.539","2026-07-04T15:54:30.4815038+03:00","2026-07-04 15:54:30","eth-updown-5m-1783169700","913953234807688956363051681765753741714978568649505556596490174800819471170"
"6","15:55-16:00","ETH","Down","Ask","2","0.52","10","5.2","18.9","9.739","2026-07-04T15:54:30.4815038+03:00","2026-07-04 15:54:30","eth-updown-5m-1783169700","913953234807688956363051681765753741714978568649505556596490174800819471170"
"6","15:55-16:00","ETH","Down","Ask","3","0.53","210","111.3","228.9","121.039","2026-07-04T15:54:30.4815038+03:00","2026-07-04 15:54:30","eth-updown-5m-1783169700","913953234807688956363051681765753741714978568649505556596490174800819471170"
"6","15:55-16:00","ETH","Down","Ask","4","0.54","216.52","116.9208","445.42","237.9598","2026-07-04T15:54:30.4815038+03:00","2026-07-04 15:54:30","eth-updown-5m-1783169700","913953234807688956363051681765753741714978568649505556596490174800819471170"
"6","15:55-16:00","ETH","Down","Ask","5","0.55","305.42","167.981","750.84","405.9408","2026-07-04T15:54:30.4815038+03:00","2026-07-04 15:54:30","eth-updown-5m-1783169700","913953234807688956363051681765753741714978568649505556596490174800819471170"
"6","15:55-16:00","ETH","Down","Ask","6","0.56","193.3","108.248","944.14","514.1888","2026-07-04T15:54:30.4815038+03:00","2026-07-04 15:54:30","eth-updown-5m-1783169700","913953234807688956363051681765753741714978568649505556596490174800819471170"
"6","15:55-16:00","ETH","Down","Ask","7","0.57","142.08","80.9856","1086.22","595.1744","2026-07-04T15:54:30.4815038+03:00","2026-07-04 15:54:30","eth-updown-5m-1783169700","913953234807688956363051681765753741714978568649505556596490174800819471170"
"6","15:55-16:00","ETH","Down","Ask","8","0.58","156.6","90.828","1242.82","686.0024","2026-07-04T15:54:30.4815038+03:00","2026-07-04 15:54:30","eth-updown-5m-1783169700","913953234807688956363051681765753741714978568649505556596490174800819471170"
"6","15:55-16:00","ETH","Down","Ask","9","0.59","203","119.77","1445.82","805.7724","2026-07-04T15:54:30.4815038+03:00","2026-07-04 15:54:30","eth-updown-5m-1783169700","913953234807688956363051681765753741714978568649505556596490174800819471170"
"6","15:55-16:00","ETH","Down","Ask","10","0.6","146.7","88.02","1592.52","893.7924","2026-07-04T15:54:30.4815038+03:00","2026-07-04 15:54:30","eth-updown-5m-1783169700","913953234807688956363051681765753741714978568649505556596490174800819471170"
"6","15:55-16:00","ETH","Down","Ask","11","0.61","185.7","113.277","1778.22","1007.0694","2026-07-04T15:54:30.4815038+03:00","2026-07-04 15:54:30","eth-updown-5m-1783169700","913953234807688956363051681765753741714978568649505556596490174800819471170"
"6","15:55-16:00","ETH","Down","Ask","12","0.62","155.42","96.3604","1933.64","1103.4298","2026-07-04T15:54:30.4815038+03:00","2026-07-04 15:54:30","eth-updown-5m-1783169700","913953234807688956363051681765753741714978568649505556596490174800819471170"
"6","15:55-16:00","ETH","Down","Ask","13","0.63","85","53.55","2018.64","1156.9798","2026-07-04T15:54:30.4815038+03:00","2026-07-04 15:54:30","eth-updown-5m-1783169700","913953234807688956363051681765753741714978568649505556596490174800819471170"
"6","15:55-16:00","ETH","Down","Ask","14","0.64","104.44","66.8416","2123.08","1223.8214","2026-07-04T15:54:30.4815038+03:00","2026-07-04 15:54:30","eth-updown-5m-1783169700","913953234807688956363051681765753741714978568649505556596490174800819471170"
"6","15:55-16:00","ETH","Down","Ask","15","0.65","263.57","171.3205","2386.65","1395.1419","2026-07-04T15:54:30.4815038+03:00","2026-07-04 15:54:30","eth-updown-5m-1783169700","913953234807688956363051681765753741714978568649505556596490174800819471170"
"6","15:55-16:00","ETH","Down","Ask","16","0.66","50","33","2436.65","1428.1419","2026-07-04T15:54:30.4815038+03:00","2026-07-04 15:54:30","eth-updown-5m-1783169700","913953234807688956363051681765753741714978568649505556596490174800819471170"
"6","15:55-16:00","ETH","Down","Ask","17","0.67","90","60.3","2526.65","1488.4419","2026-07-04T15:54:30.4815038+03:00","2026-07-04 15:54:30","eth-updown-5m-1783169700","913953234807688956363051681765753741714978568649505556596490174800819471170"
"6","15:55-16:00","ETH","Down","Ask","18","0.68","115","78.2","2641.65","1566.6419","2026-07-04T15:54:30.4815038+03:00","2026-07-04 15:54:30","eth-updown-5m-1783169700","913953234807688956363051681765753741714978568649505556596490174800819471170"
"6","15:55-16:00","ETH","Down","Ask","19","0.69","65","44.85","2706.65","1611.4919","2026-07-04T15:54:30.4815038+03:00","2026-07-04 15:54:30","eth-updown-5m-1783169700","913953234807688956363051681765753741714978568649505556596490174800819471170"
"6","15:55-16:00","ETH","Down","Ask","20","0.7","221.66","155.162","2928.31","1766.6539","2026-07-04T15:54:30.4815038+03:00","2026-07-04 15:54:30","eth-updown-5m-1783169700","913953234807688956363051681765753741714978568649505556596490174800819471170"
"6","15:55-16:00","ETH","Down","Ask","21","0.71","32.23","22.8833","2960.54","1789.5372","2026-07-04T15:54:30.4815038+03:00","2026-07-04 15:54:30","eth-updown-5m-1783169700","913953234807688956363051681765753741714978568649505556596490174800819471170"
"6","15:55-16:00","ETH","Down","Ask","22","0.72","80","57.6","3040.54","1847.1372","2026-07-04T15:54:30.4815038+03:00","2026-07-04 15:54:30","eth-updown-5m-1783169700","913953234807688956363051681765753741714978568649505556596490174800819471170"
"6","15:55-16:00","ETH","Down","Ask","23","0.73","120","87.6","3160.54","1934.7372","2026-07-04T15:54:30.4815038+03:00","2026-07-04 15:54:30","eth-updown-5m-1783169700","913953234807688956363051681765753741714978568649505556596490174800819471170"
"6","15:55-16:00","ETH","Down","Ask","24","0.74","125","92.5","3285.54","2027.2372","2026-07-04T15:54:30.4815038+03:00","2026-07-04 15:54:30","eth-updown-5m-1783169700","913953234807688956363051681765753741714978568649505556596490174800819471170"
"6","15:55-16:00","ETH","Down","Ask","25","0.75","20","15","3305.54","2042.2372","2026-07-04T15:54:30.4815038+03:00","2026-07-04 15:54:30","eth-updown-5m-1783169700","913953234807688956363051681765753741714978568649505556596490174800819471170"
"6","15:55-16:00","ETH","Down","Ask","26","0.76","195","148.2","3500.54","2190.4372","2026-07-04T15:54:30.4815038+03:00","2026-07-04 15:54:30","eth-updown-5m-1783169700","913953234807688956363051681765753741714978568649505556596490174800819471170"
"6","15:55-16:00","ETH","Down","Ask","27","0.77","90","69.3","3590.54","2259.7372","2026-07-04T15:54:30.4815038+03:00","2026-07-04 15:54:30","eth-updown-5m-1783169700","913953234807688956363051681765753741714978568649505556596490174800819471170"
"6","15:55-16:00","ETH","Down","Ask","28","0.78","35","27.3","3625.54","2287.0372","2026-07-04T15:54:30.4815038+03:00","2026-07-04 15:54:30","eth-updown-5m-1783169700","913953234807688956363051681765753741714978568649505556596490174800819471170"
"6","15:55-16:00","ETH","Down","Ask","29","0.79","187","147.73","3812.54","2434.7672","2026-07-04T15:54:30.4815038+03:00","2026-07-04 15:54:30","eth-updown-5m-1783169700","913953234807688956363051681765753741714978568649505556596490174800819471170"
"6","15:55-16:00","ETH","Down","Ask","30","0.8","207","165.6","4019.54","2600.3672","2026-07-04T15:54:30.4815038+03:00","2026-07-04 15:54:30","eth-updown-5m-1783169700","913953234807688956363051681765753741714978568649505556596490174800819471170"
"6","15:55-16:00","ETH","Down","Ask","31","0.81","37","29.97","4056.54","2630.3372","2026-07-04T15:54:30.4815038+03:00","2026-07-04 15:54:30","eth-updown-5m-1783169700","913953234807688956363051681765753741714978568649505556596490174800819471170"
"6","15:55-16:00","ETH","Down","Ask","32","0.82","12","9.84","4068.54","2640.1772","2026-07-04T15:54:30.4815038+03:00","2026-07-04 15:54:30","eth-updown-5m-1783169700","913953234807688956363051681765753741714978568649505556596490174800819471170"
"6","15:55-16:00","ETH","Down","Ask","33","0.83","7","5.81","4075.54","2645.9872","2026-07-04T15:54:30.4815038+03:00","2026-07-04 15:54:30","eth-updown-5m-1783169700","913953234807688956363051681765753741714978568649505556596490174800819471170"
"6","15:55-16:00","ETH","Down","Ask","34","0.84","35","29.4","4110.54","2675.3872","2026-07-04T15:54:30.4815038+03:00","2026-07-04 15:54:30","eth-updown-5m-1783169700","913953234807688956363051681765753741714978568649505556596490174800819471170"
"6","15:55-16:00","ETH","Down","Ask","35","0.85","1635","1389.75","5745.54","4065.1372","2026-07-04T15:54:30.4815038+03:00","2026-07-04 15:54:30","eth-updown-5m-1783169700","913953234807688956363051681765753741714978568649505556596490174800819471170"
"6","15:55-16:00","ETH","Down","Ask","36","0.86","20","17.2","5765.54","4082.3372","2026-07-04T15:54:30.4815038+03:00","2026-07-04 15:54:30","eth-updown-5m-1783169700","913953234807688956363051681765753741714978568649505556596490174800819471170"
"6","15:55-16:00","ETH","Down","Ask","37","0.87","67","58.29","5832.54","4140.6272","2026-07-04T15:54:30.4815038+03:00","2026-07-04 15:54:30","eth-updown-5m-1783169700","913953234807688956363051681765753741714978568649505556596490174800819471170"
"6","15:55-16:00","ETH","Down","Ask","38","0.88","67","58.96","5899.54","4199.5872","2026-07-04T15:54:30.4815038+03:00","2026-07-04 15:54:30","eth-updown-5m-1783169700","913953234807688956363051681765753741714978568649505556596490174800819471170"
"6","15:55-16:00","ETH","Down","Ask","39","0.89","22","19.58","5921.54","4219.1672","2026-07-04T15:54:30.4815038+03:00","2026-07-04 15:54:30","eth-updown-5m-1783169700","913953234807688956363051681765753741714978568649505556596490174800819471170"
"6","15:55-16:00","ETH","Down","Ask","40","0.9","2872","2584.8","8793.54","6803.9672","2026-07-04T15:54:30.4815038+03:00","2026-07-04 15:54:30","eth-updown-5m-1783169700","913953234807688956363051681765753741714978568649505556596490174800819471170"
"6","15:55-16:00","ETH","Down","Ask","41","0.91","632.56","575.6296","9426.1","7379.5968","2026-07-04T15:54:30.4815038+03:00","2026-07-04 15:54:30","eth-updown-5m-1783169700","913953234807688956363051681765753741714978568649505556596490174800819471170"
"6","15:55-16:00","ETH","Down","Ask","42","0.92","584.5","537.74","10010.6","7917.3368","2026-07-04T15:54:30.4815038+03:00","2026-07-04 15:54:30","eth-updown-5m-1783169700","913953234807688956363051681765753741714978568649505556596490174800819471170"
"6","15:55-16:00","ETH","Down","Ask","43","0.93","747","694.71","10757.6","8612.0468","2026-07-04T15:54:30.4815038+03:00","2026-07-04 15:54:30","eth-updown-5m-1783169700","913953234807688956363051681765753741714978568649505556596490174800819471170"
"6","15:55-16:00","ETH","Down","Ask","44","0.94","836.65","786.451","11594.25","9398.4978","2026-07-04T15:54:30.4815038+03:00","2026-07-04 15:54:30","eth-updown-5m-1783169700","913953234807688956363051681765753741714978568649505556596490174800819471170"
"6","15:55-16:00","ETH","Down","Ask","45","0.95","610","579.5","12204.25","9977.9978","2026-07-04T15:54:30.4815038+03:00","2026-07-04 15:54:30","eth-updown-5m-1783169700","913953234807688956363051681765753741714978568649505556596490174800819471170"
"6","15:55-16:00","ETH","Down","Ask","46","0.96","987.5","948","13191.75","10925.9978","2026-07-04T15:54:30.4815038+03:00","2026-07-04 15:54:30","eth-updown-5m-1783169700","913953234807688956363051681765753741714978568649505556596490174800819471170"
"6","15:55-16:00","ETH","Down","Ask","47","0.97","11045","10713.65","24236.75","21639.6478","2026-07-04T15:54:30.4815038+03:00","2026-07-04 15:54:30","eth-updown-5m-1783169700","913953234807688956363051681765753741714978568649505556596490174800819471170"
"6","15:55-16:00","ETH","Down","Ask","48","0.98","1035","1014.3","25271.75","22653.9478","2026-07-04T15:54:30.4815038+03:00","2026-07-04 15:54:30","eth-updown-5m-1783169700","913953234807688956363051681765753741714978568649505556596490174800819471170"
"6","15:55-16:00","ETH","Down","Ask","49","0.99","9326","9232.74","34597.75","31886.6878","2026-07-04T15:54:30.4815038+03:00","2026-07-04 15:54:30","eth-updown-5m-1783169700","913953234807688956363051681765753741714978568649505556596490174800819471170"
"6","15:55-16:00","ETH","Down","Bid","1","0.5","965","482.5","965","482.5","2026-07-04T15:54:30.4815038+03:00","2026-07-04 15:54:30","eth-updown-5m-1783169700","913953234807688956363051681765753741714978568649505556596490174800819471170"
"6","15:55-16:00","ETH","Down","Bid","2","0.49","210","102.9","1175","585.4","2026-07-04T15:54:30.4815038+03:00","2026-07-04 15:54:30","eth-updown-5m-1783169700","913953234807688956363051681765753741714978568649505556596490174800819471170"
"6","15:55-16:00","ETH","Down","Bid","3","0.48","220","105.6","1395","691","2026-07-04T15:54:30.4815038+03:00","2026-07-04 15:54:30","eth-updown-5m-1783169700","913953234807688956363051681765753741714978568649505556596490174800819471170"
"6","15:55-16:00","ETH","Down","Bid","4","0.47","240","112.8","1635","803.8","2026-07-04T15:54:30.4815038+03:00","2026-07-04 15:54:30","eth-updown-5m-1783169700","913953234807688956363051681765753741714978568649505556596490174800819471170"
"6","15:55-16:00","ETH","Down","Bid","5","0.46","46.52","21.3992","1681.52","825.1992","2026-07-04T15:54:30.4815038+03:00","2026-07-04 15:54:30","eth-updown-5m-1783169700","913953234807688956363051681765753741714978568649505556596490174800819471170"
"6","15:55-16:00","ETH","Down","Bid","6","0.45","125.42","56.439","1806.94","881.6382","2026-07-04T15:54:30.4815038+03:00","2026-07-04 15:54:30","eth-updown-5m-1783169700","913953234807688956363051681765753741714978568649505556596490174800819471170"
"6","15:55-16:00","ETH","Down","Bid","7","0.44","213.3","93.852","2020.24","975.4902","2026-07-04T15:54:30.4815038+03:00","2026-07-04 15:54:30","eth-updown-5m-1783169700","913953234807688956363051681765753741714978568649505556596490174800819471170"
"6","15:55-16:00","ETH","Down","Bid","8","0.43","149.08","64.1044","2169.32","1039.5946","2026-07-04T15:54:30.4815038+03:00","2026-07-04 15:54:30","eth-updown-5m-1783169700","913953234807688956363051681765753741714978568649505556596490174800819471170"
"6","15:55-16:00","ETH","Down","Bid","9","0.42","133.6","56.112","2302.92","1095.7066","2026-07-04T15:54:30.4815038+03:00","2026-07-04 15:54:30","eth-updown-5m-1783169700","913953234807688956363051681765753741714978568649505556596490174800819471170"
"6","15:55-16:00","ETH","Down","Bid","10","0.41","166","68.06","2468.92","1163.7666","2026-07-04T15:54:30.4815038+03:00","2026-07-04 15:54:30","eth-updown-5m-1783169700","913953234807688956363051681765753741714978568649505556596490174800819471170"
"6","15:55-16:00","ETH","Down","Bid","11","0.4","109.7","43.88","2578.62","1207.6466","2026-07-04T15:54:30.4815038+03:00","2026-07-04 15:54:30","eth-updown-5m-1783169700","913953234807688956363051681765753741714978568649505556596490174800819471170"
"6","15:55-16:00","ETH","Down","Bid","12","0.39","148.7","57.993","2727.32","1265.6396","2026-07-04T15:54:30.4815038+03:00","2026-07-04 15:54:30","eth-updown-5m-1783169700","913953234807688956363051681765753741714978568649505556596490174800819471170"
"6","15:55-16:00","ETH","Down","Bid","13","0.38","148.42","56.3996","2875.74","1322.0392","2026-07-04T15:54:30.4815038+03:00","2026-07-04 15:54:30","eth-updown-5m-1783169700","913953234807688956363051681765753741714978568649505556596490174800819471170"
"6","15:55-16:00","ETH","Down","Bid","14","0.37","85","31.45","2960.74","1353.4892","2026-07-04T15:54:30.4815038+03:00","2026-07-04 15:54:30","eth-updown-5m-1783169700","913953234807688956363051681765753741714978568649505556596490174800819471170"
"6","15:55-16:00","ETH","Down","Bid","15","0.36","104.44","37.5984","3065.18","1391.0876","2026-07-04T15:54:30.4815038+03:00","2026-07-04 15:54:30","eth-updown-5m-1783169700","913953234807688956363051681765753741714978568649505556596490174800819471170"
"6","15:55-16:00","ETH","Down","Bid","16","0.35","263.57","92.2495","3328.75","1483.3371","2026-07-04T15:54:30.4815038+03:00","2026-07-04 15:54:30","eth-updown-5m-1783169700","913953234807688956363051681765753741714978568649505556596490174800819471170"
"6","15:55-16:00","ETH","Down","Bid","17","0.34","50","17","3378.75","1500.3371","2026-07-04T15:54:30.4815038+03:00","2026-07-04 15:54:30","eth-updown-5m-1783169700","913953234807688956363051681765753741714978568649505556596490174800819471170"
"6","15:55-16:00","ETH","Down","Bid","18","0.33","90","29.7","3468.75","1530.0371","2026-07-04T15:54:30.4815038+03:00","2026-07-04 15:54:30","eth-updown-5m-1783169700","913953234807688956363051681765753741714978568649505556596490174800819471170"
"6","15:55-16:00","ETH","Down","Bid","19","0.32","115","36.8","3583.75","1566.8371","2026-07-04T15:54:30.4815038+03:00","2026-07-04 15:54:30","eth-updown-5m-1783169700","913953234807688956363051681765753741714978568649505556596490174800819471170"
"6","15:55-16:00","ETH","Down","Bid","20","0.31","65","20.15","3648.75","1586.9871","2026-07-04T15:54:30.4815038+03:00","2026-07-04 15:54:30","eth-updown-5m-1783169700","913953234807688956363051681765753741714978568649505556596490174800819471170"
"6","15:55-16:00","ETH","Down","Bid","21","0.3","221.66","66.498","3870.41","1653.4851","2026-07-04T15:54:30.4815038+03:00","2026-07-04 15:54:30","eth-updown-5m-1783169700","913953234807688956363051681765753741714978568649505556596490174800819471170"
"6","15:55-16:00","ETH","Down","Bid","22","0.29","32.23","9.3467","3902.64","1662.8318","2026-07-04T15:54:30.4815038+03:00","2026-07-04 15:54:30","eth-updown-5m-1783169700","913953234807688956363051681765753741714978568649505556596490174800819471170"
"6","15:55-16:00","ETH","Down","Bid","23","0.28","80","22.4","3982.64","1685.2318","2026-07-04T15:54:30.4815038+03:00","2026-07-04 15:54:30","eth-updown-5m-1783169700","913953234807688956363051681765753741714978568649505556596490174800819471170"
"6","15:55-16:00","ETH","Down","Bid","24","0.27","120","32.4","4102.64","1717.6318","2026-07-04T15:54:30.4815038+03:00","2026-07-04 15:54:30","eth-updown-5m-1783169700","913953234807688956363051681765753741714978568649505556596490174800819471170"
"6","15:55-16:00","ETH","Down","Bid","25","0.26","125","32.5","4227.64","1750.1318","2026-07-04T15:54:30.4815038+03:00","2026-07-04 15:54:30","eth-updown-5m-1783169700","913953234807688956363051681765753741714978568649505556596490174800819471170"
"6","15:55-16:00","ETH","Down","Bid","26","0.25","20","5","4247.64","1755.1318","2026-07-04T15:54:30.4815038+03:00","2026-07-04 15:54:30","eth-updown-5m-1783169700","913953234807688956363051681765753741714978568649505556596490174800819471170"
"6","15:55-16:00","ETH","Down","Bid","27","0.24","195","46.8","4442.64","1801.9318","2026-07-04T15:54:30.4815038+03:00","2026-07-04 15:54:30","eth-updown-5m-1783169700","913953234807688956363051681765753741714978568649505556596490174800819471170"
"6","15:55-16:00","ETH","Down","Bid","28","0.23","90","20.7","4532.64","1822.6318","2026-07-04T15:54:30.4815038+03:00","2026-07-04 15:54:30","eth-updown-5m-1783169700","913953234807688956363051681765753741714978568649505556596490174800819471170"
"6","15:55-16:00","ETH","Down","Bid","29","0.22","35","7.7","4567.64","1830.3318","2026-07-04T15:54:30.4815038+03:00","2026-07-04 15:54:30","eth-updown-5m-1783169700","913953234807688956363051681765753741714978568649505556596490174800819471170"
"6","15:55-16:00","ETH","Down","Bid","30","0.21","187","39.27","4754.64","1869.6018","2026-07-04T15:54:30.4815038+03:00","2026-07-04 15:54:30","eth-updown-5m-1783169700","913953234807688956363051681765753741714978568649505556596490174800819471170"
"6","15:55-16:00","ETH","Down","Bid","31","0.2","207","41.4","4961.64","1911.0018","2026-07-04T15:54:30.4815038+03:00","2026-07-04 15:54:30","eth-updown-5m-1783169700","913953234807688956363051681765753741714978568649505556596490174800819471170"
"6","15:55-16:00","ETH","Down","Bid","32","0.19","37","7.03","4998.64","1918.0318","2026-07-04T15:54:30.4815038+03:00","2026-07-04 15:54:30","eth-updown-5m-1783169700","913953234807688956363051681765753741714978568649505556596490174800819471170"
"6","15:55-16:00","ETH","Down","Bid","33","0.18","12","2.16","5010.64","1920.1918","2026-07-04T15:54:30.4815038+03:00","2026-07-04 15:54:30","eth-updown-5m-1783169700","913953234807688956363051681765753741714978568649505556596490174800819471170"
"6","15:55-16:00","ETH","Down","Bid","34","0.17","7","1.19","5017.64","1921.3818","2026-07-04T15:54:30.4815038+03:00","2026-07-04 15:54:30","eth-updown-5m-1783169700","913953234807688956363051681765753741714978568649505556596490174800819471170"
"6","15:55-16:00","ETH","Down","Bid","35","0.16","35","5.6","5052.64","1926.9818","2026-07-04T15:54:30.4815038+03:00","2026-07-04 15:54:30","eth-updown-5m-1783169700","913953234807688956363051681765753741714978568649505556596490174800819471170"
"6","15:55-16:00","ETH","Down","Bid","36","0.15","1635","245.25","6687.64","2172.2318","2026-07-04T15:54:30.4815038+03:00","2026-07-04 15:54:30","eth-updown-5m-1783169700","913953234807688956363051681765753741714978568649505556596490174800819471170"
"6","15:55-16:00","ETH","Down","Bid","37","0.14","20","2.8","6707.64","2175.0318","2026-07-04T15:54:30.4815038+03:00","2026-07-04 15:54:30","eth-updown-5m-1783169700","913953234807688956363051681765753741714978568649505556596490174800819471170"
"6","15:55-16:00","ETH","Down","Bid","38","0.13","67","8.71","6774.64","2183.7418","2026-07-04T15:54:30.4815038+03:00","2026-07-04 15:54:30","eth-updown-5m-1783169700","913953234807688956363051681765753741714978568649505556596490174800819471170"
"6","15:55-16:00","ETH","Down","Bid","39","0.12","67","8.04","6841.64","2191.7818","2026-07-04T15:54:30.4815038+03:00","2026-07-04 15:54:30","eth-updown-5m-1783169700","913953234807688956363051681765753741714978568649505556596490174800819471170"
"6","15:55-16:00","ETH","Down","Bid","40","0.11","22","2.42","6863.64","2194.2018","2026-07-04T15:54:30.4815038+03:00","2026-07-04 15:54:30","eth-updown-5m-1783169700","913953234807688956363051681765753741714978568649505556596490174800819471170"
"6","15:55-16:00","ETH","Down","Bid","41","0.1","2872","287.2","9735.64","2481.4018","2026-07-04T15:54:30.4815038+03:00","2026-07-04 15:54:30","eth-updown-5m-1783169700","913953234807688956363051681765753741714978568649505556596490174800819471170"
"6","15:55-16:00","ETH","Down","Bid","42","0.09","632.56","56.9304","10368.2","2538.3322","2026-07-04T15:54:30.4815038+03:00","2026-07-04 15:54:30","eth-updown-5m-1783169700","913953234807688956363051681765753741714978568649505556596490174800819471170"
"6","15:55-16:00","ETH","Down","Bid","43","0.08","584.5","46.76","10952.7","2585.0922","2026-07-04T15:54:30.4815038+03:00","2026-07-04 15:54:30","eth-updown-5m-1783169700","913953234807688956363051681765753741714978568649505556596490174800819471170"
"6","15:55-16:00","ETH","Down","Bid","44","0.07","747","52.29","11699.7","2637.3822","2026-07-04T15:54:30.4815038+03:00","2026-07-04 15:54:30","eth-updown-5m-1783169700","913953234807688956363051681765753741714978568649505556596490174800819471170"
"6","15:55-16:00","ETH","Down","Bid","45","0.06","836.65","50.199","12536.35","2687.5812","2026-07-04T15:54:30.4815038+03:00","2026-07-04 15:54:30","eth-updown-5m-1783169700","913953234807688956363051681765753741714978568649505556596490174800819471170"
"6","15:55-16:00","ETH","Down","Bid","46","0.05","610","30.5","13146.35","2718.0812","2026-07-04T15:54:30.4815038+03:00","2026-07-04 15:54:30","eth-updown-5m-1783169700","913953234807688956363051681765753741714978568649505556596490174800819471170"
"6","15:55-16:00","ETH","Down","Bid","47","0.04","987.5","39.5","14133.85","2757.5812","2026-07-04T15:54:30.4815038+03:00","2026-07-04 15:54:30","eth-updown-5m-1783169700","913953234807688956363051681765753741714978568649505556596490174800819471170"
"6","15:55-16:00","ETH","Down","Bid","48","0.03","11050","331.5","25183.85","3089.0812","2026-07-04T15:54:30.4815038+03:00","2026-07-04 15:54:30","eth-updown-5m-1783169700","913953234807688956363051681765753741714978568649505556596490174800819471170"
"6","15:55-16:00","ETH","Down","Bid","49","0.02","1035","20.7","26218.85","3109.7812","2026-07-04T15:54:30.4815038+03:00","2026-07-04 15:54:30","eth-updown-5m-1783169700","913953234807688956363051681765753741714978568649505556596490174800819471170"
"6","15:55-16:00","ETH","Down","Bid","50","0.01","9326","93.26","35544.85","3203.0412","2026-07-04T15:54:30.4815038+03:00","2026-07-04 15:54:30","eth-updown-5m-1783169700","913953234807688956363051681765753741714978568649505556596490174800819471170"
"6","15:55-16:00","ETH","Up","Ask","1","0.5","965","482.5","965","482.5","2026-07-04T15:54:30.7030612+03:00","2026-07-04 15:54:30","eth-updown-5m-1783169700","17115704818613219311740923564304545523137612285034919285025453347133016868996"
"6","15:55-16:00","ETH","Up","Ask","2","0.51","210","107.1","1175","589.6","2026-07-04T15:54:30.7030612+03:00","2026-07-04 15:54:30","eth-updown-5m-1783169700","17115704818613219311740923564304545523137612285034919285025453347133016868996"
"6","15:55-16:00","ETH","Up","Ask","3","0.52","220","114.4","1395","704","2026-07-04T15:54:30.7030612+03:00","2026-07-04 15:54:30","eth-updown-5m-1783169700","17115704818613219311740923564304545523137612285034919285025453347133016868996"
"6","15:55-16:00","ETH","Up","Ask","4","0.53","240","127.2","1635","831.2","2026-07-04T15:54:30.7030612+03:00","2026-07-04 15:54:30","eth-updown-5m-1783169700","17115704818613219311740923564304545523137612285034919285025453347133016868996"
"6","15:55-16:00","ETH","Up","Ask","5","0.54","46.52","25.1208","1681.52","856.3208","2026-07-04T15:54:30.7030612+03:00","2026-07-04 15:54:30","eth-updown-5m-1783169700","17115704818613219311740923564304545523137612285034919285025453347133016868996"
"6","15:55-16:00","ETH","Up","Ask","6","0.55","125.42","68.981","1806.94","925.3018","2026-07-04T15:54:30.7030612+03:00","2026-07-04 15:54:30","eth-updown-5m-1783169700","17115704818613219311740923564304545523137612285034919285025453347133016868996"
"6","15:55-16:00","ETH","Up","Ask","7","0.56","213.3","119.448","2020.24","1044.7498","2026-07-04T15:54:30.7030612+03:00","2026-07-04 15:54:30","eth-updown-5m-1783169700","17115704818613219311740923564304545523137612285034919285025453347133016868996"
"6","15:55-16:00","ETH","Up","Ask","8","0.57","149.08","84.9756","2169.32","1129.7254","2026-07-04T15:54:30.7030612+03:00","2026-07-04 15:54:30","eth-updown-5m-1783169700","17115704818613219311740923564304545523137612285034919285025453347133016868996"
"6","15:55-16:00","ETH","Up","Ask","9","0.58","133.6","77.488","2302.92","1207.2134","2026-07-04T15:54:30.7030612+03:00","2026-07-04 15:54:30","eth-updown-5m-1783169700","17115704818613219311740923564304545523137612285034919285025453347133016868996"
"6","15:55-16:00","ETH","Up","Ask","10","0.59","166","97.94","2468.92","1305.1534","2026-07-04T15:54:30.7030612+03:00","2026-07-04 15:54:30","eth-updown-5m-1783169700","17115704818613219311740923564304545523137612285034919285025453347133016868996"
"6","15:55-16:00","ETH","Up","Ask","11","0.6","109.7","65.82","2578.62","1370.9734","2026-07-04T15:54:30.7030612+03:00","2026-07-04 15:54:30","eth-updown-5m-1783169700","17115704818613219311740923564304545523137612285034919285025453347133016868996"
"6","15:55-16:00","ETH","Up","Ask","12","0.61","148.7","90.707","2727.32","1461.6804","2026-07-04T15:54:30.7030612+03:00","2026-07-04 15:54:30","eth-updown-5m-1783169700","17115704818613219311740923564304545523137612285034919285025453347133016868996"
"6","15:55-16:00","ETH","Up","Ask","13","0.62","148.42","92.0204","2875.74","1553.7008","2026-07-04T15:54:30.7030612+03:00","2026-07-04 15:54:30","eth-updown-5m-1783169700","17115704818613219311740923564304545523137612285034919285025453347133016868996"
"6","15:55-16:00","ETH","Up","Ask","14","0.63","85","53.55","2960.74","1607.2508","2026-07-04T15:54:30.7030612+03:00","2026-07-04 15:54:30","eth-updown-5m-1783169700","17115704818613219311740923564304545523137612285034919285025453347133016868996"
"6","15:55-16:00","ETH","Up","Ask","15","0.64","104.44","66.8416","3065.18","1674.0924","2026-07-04T15:54:30.7030612+03:00","2026-07-04 15:54:30","eth-updown-5m-1783169700","17115704818613219311740923564304545523137612285034919285025453347133016868996"
"6","15:55-16:00","ETH","Up","Ask","16","0.65","263.57","171.3205","3328.75","1845.4129","2026-07-04T15:54:30.7030612+03:00","2026-07-04 15:54:30","eth-updown-5m-1783169700","17115704818613219311740923564304545523137612285034919285025453347133016868996"
"6","15:55-16:00","ETH","Up","Ask","17","0.66","50","33","3378.75","1878.4129","2026-07-04T15:54:30.7030612+03:00","2026-07-04 15:54:30","eth-updown-5m-1783169700","17115704818613219311740923564304545523137612285034919285025453347133016868996"
"6","15:55-16:00","ETH","Up","Ask","18","0.67","90","60.3","3468.75","1938.7129","2026-07-04T15:54:30.7030612+03:00","2026-07-04 15:54:30","eth-updown-5m-1783169700","17115704818613219311740923564304545523137612285034919285025453347133016868996"
"6","15:55-16:00","ETH","Up","Ask","19","0.68","115","78.2","3583.75","2016.9129","2026-07-04T15:54:30.7030612+03:00","2026-07-04 15:54:30","eth-updown-5m-1783169700","17115704818613219311740923564304545523137612285034919285025453347133016868996"
"6","15:55-16:00","ETH","Up","Ask","20","0.69","65","44.85","3648.75","2061.7629","2026-07-04T15:54:30.7030612+03:00","2026-07-04 15:54:30","eth-updown-5m-1783169700","17115704818613219311740923564304545523137612285034919285025453347133016868996"
"6","15:55-16:00","ETH","Up","Ask","21","0.7","221.66","155.162","3870.41","2216.9249","2026-07-04T15:54:30.7030612+03:00","2026-07-04 15:54:30","eth-updown-5m-1783169700","17115704818613219311740923564304545523137612285034919285025453347133016868996"
"6","15:55-16:00","ETH","Up","Ask","22","0.71","32.23","22.8833","3902.64","2239.8082","2026-07-04T15:54:30.7030612+03:00","2026-07-04 15:54:30","eth-updown-5m-1783169700","17115704818613219311740923564304545523137612285034919285025453347133016868996"
"6","15:55-16:00","ETH","Up","Ask","23","0.72","80","57.6","3982.64","2297.4082","2026-07-04T15:54:30.7030612+03:00","2026-07-04 15:54:30","eth-updown-5m-1783169700","17115704818613219311740923564304545523137612285034919285025453347133016868996"
"6","15:55-16:00","ETH","Up","Ask","24","0.73","120","87.6","4102.64","2385.0082","2026-07-04T15:54:30.7030612+03:00","2026-07-04 15:54:30","eth-updown-5m-1783169700","17115704818613219311740923564304545523137612285034919285025453347133016868996"
"6","15:55-16:00","ETH","Up","Ask","25","0.74","125","92.5","4227.64","2477.5082","2026-07-04T15:54:30.7030612+03:00","2026-07-04 15:54:30","eth-updown-5m-1783169700","17115704818613219311740923564304545523137612285034919285025453347133016868996"
"6","15:55-16:00","ETH","Up","Ask","26","0.75","20","15","4247.64","2492.5082","2026-07-04T15:54:30.7030612+03:00","2026-07-04 15:54:30","eth-updown-5m-1783169700","17115704818613219311740923564304545523137612285034919285025453347133016868996"
"6","15:55-16:00","ETH","Up","Ask","27","0.76","195","148.2","4442.64","2640.7082","2026-07-04T15:54:30.7030612+03:00","2026-07-04 15:54:30","eth-updown-5m-1783169700","17115704818613219311740923564304545523137612285034919285025453347133016868996"
"6","15:55-16:00","ETH","Up","Ask","28","0.77","90","69.3","4532.64","2710.0082","2026-07-04T15:54:30.7030612+03:00","2026-07-04 15:54:30","eth-updown-5m-1783169700","17115704818613219311740923564304545523137612285034919285025453347133016868996"
"6","15:55-16:00","ETH","Up","Ask","29","0.78","35","27.3","4567.64","2737.3082","2026-07-04T15:54:30.7030612+03:00","2026-07-04 15:54:30","eth-updown-5m-1783169700","17115704818613219311740923564304545523137612285034919285025453347133016868996"
"6","15:55-16:00","ETH","Up","Ask","30","0.79","187","147.73","4754.64","2885.0382","2026-07-04T15:54:30.7030612+03:00","2026-07-04 15:54:30","eth-updown-5m-1783169700","17115704818613219311740923564304545523137612285034919285025453347133016868996"
"6","15:55-16:00","ETH","Up","Ask","31","0.8","207","165.6","4961.64","3050.6382","2026-07-04T15:54:30.7030612+03:00","2026-07-04 15:54:30","eth-updown-5m-1783169700","17115704818613219311740923564304545523137612285034919285025453347133016868996"
"6","15:55-16:00","ETH","Up","Ask","32","0.81","37","29.97","4998.64","3080.6082","2026-07-04T15:54:30.7030612+03:00","2026-07-04 15:54:30","eth-updown-5m-1783169700","17115704818613219311740923564304545523137612285034919285025453347133016868996"
"6","15:55-16:00","ETH","Up","Ask","33","0.82","12","9.84","5010.64","3090.4482","2026-07-04T15:54:30.7030612+03:00","2026-07-04 15:54:30","eth-updown-5m-1783169700","17115704818613219311740923564304545523137612285034919285025453347133016868996"
"6","15:55-16:00","ETH","Up","Ask","34","0.83","7","5.81","5017.64","3096.2582","2026-07-04T15:54:30.7030612+03:00","2026-07-04 15:54:30","eth-updown-5m-1783169700","17115704818613219311740923564304545523137612285034919285025453347133016868996"
"6","15:55-16:00","ETH","Up","Ask","35","0.84","35","29.4","5052.64","3125.6582","2026-07-04T15:54:30.7030612+03:00","2026-07-04 15:54:30","eth-updown-5m-1783169700","17115704818613219311740923564304545523137612285034919285025453347133016868996"
"6","15:55-16:00","ETH","Up","Ask","36","0.85","1635","1389.75","6687.64","4515.4082","2026-07-04T15:54:30.7030612+03:00","2026-07-04 15:54:30","eth-updown-5m-1783169700","17115704818613219311740923564304545523137612285034919285025453347133016868996"
"6","15:55-16:00","ETH","Up","Ask","37","0.86","20","17.2","6707.64","4532.6082","2026-07-04T15:54:30.7030612+03:00","2026-07-04 15:54:30","eth-updown-5m-1783169700","17115704818613219311740923564304545523137612285034919285025453347133016868996"
"6","15:55-16:00","ETH","Up","Ask","38","0.87","67","58.29","6774.64","4590.8982","2026-07-04T15:54:30.7030612+03:00","2026-07-04 15:54:30","eth-updown-5m-1783169700","17115704818613219311740923564304545523137612285034919285025453347133016868996"
"6","15:55-16:00","ETH","Up","Ask","39","0.88","67","58.96","6841.64","4649.8582","2026-07-04T15:54:30.7030612+03:00","2026-07-04 15:54:30","eth-updown-5m-1783169700","17115704818613219311740923564304545523137612285034919285025453347133016868996"
"6","15:55-16:00","ETH","Up","Ask","40","0.89","22","19.58","6863.64","4669.4382","2026-07-04T15:54:30.7030612+03:00","2026-07-04 15:54:30","eth-updown-5m-1783169700","17115704818613219311740923564304545523137612285034919285025453347133016868996"
"6","15:55-16:00","ETH","Up","Ask","41","0.9","2872","2584.8","9735.64","7254.2382","2026-07-04T15:54:30.7030612+03:00","2026-07-04 15:54:30","eth-updown-5m-1783169700","17115704818613219311740923564304545523137612285034919285025453347133016868996"
"6","15:55-16:00","ETH","Up","Ask","42","0.91","632.56","575.6296","10368.2","7829.8678","2026-07-04T15:54:30.7030612+03:00","2026-07-04 15:54:30","eth-updown-5m-1783169700","17115704818613219311740923564304545523137612285034919285025453347133016868996"
"6","15:55-16:00","ETH","Up","Ask","43","0.92","584.5","537.74","10952.7","8367.6078","2026-07-04T15:54:30.7030612+03:00","2026-07-04 15:54:30","eth-updown-5m-1783169700","17115704818613219311740923564304545523137612285034919285025453347133016868996"
"6","15:55-16:00","ETH","Up","Ask","44","0.93","747","694.71","11699.7","9062.3178","2026-07-04T15:54:30.7030612+03:00","2026-07-04 15:54:30","eth-updown-5m-1783169700","17115704818613219311740923564304545523137612285034919285025453347133016868996"
"6","15:55-16:00","ETH","Up","Ask","45","0.94","836.65","786.451","12536.35","9848.7688","2026-07-04T15:54:30.7030612+03:00","2026-07-04 15:54:30","eth-updown-5m-1783169700","17115704818613219311740923564304545523137612285034919285025453347133016868996"
"6","15:55-16:00","ETH","Up","Ask","46","0.95","610","579.5","13146.35","10428.2688","2026-07-04T15:54:30.7030612+03:00","2026-07-04 15:54:30","eth-updown-5m-1783169700","17115704818613219311740923564304545523137612285034919285025453347133016868996"
"6","15:55-16:00","ETH","Up","Ask","47","0.96","987.5","948","14133.85","11376.2688","2026-07-04T15:54:30.7030612+03:00","2026-07-04 15:54:30","eth-updown-5m-1783169700","17115704818613219311740923564304545523137612285034919285025453347133016868996"
"6","15:55-16:00","ETH","Up","Ask","48","0.97","11050","10718.5","25183.85","22094.7688","2026-07-04T15:54:30.7030612+03:00","2026-07-04 15:54:30","eth-updown-5m-1783169700","17115704818613219311740923564304545523137612285034919285025453347133016868996"
"6","15:55-16:00","ETH","Up","Ask","49","0.98","1035","1014.3","26218.85","23109.0688","2026-07-04T15:54:30.7030612+03:00","2026-07-04 15:54:30","eth-updown-5m-1783169700","17115704818613219311740923564304545523137612285034919285025453347133016868996"
"6","15:55-16:00","ETH","Up","Ask","50","0.99","9326","9232.74","35544.85","32341.8088","2026-07-04T15:54:30.7030612+03:00","2026-07-04 15:54:30","eth-updown-5m-1783169700","17115704818613219311740923564304545523137612285034919285025453347133016868996"
"6","15:55-16:00","ETH","Up","Bid","1","0.49","8.9","4.361","8.9","4.361","2026-07-04T15:54:30.7030612+03:00","2026-07-04 15:54:30","eth-updown-5m-1783169700","17115704818613219311740923564304545523137612285034919285025453347133016868996"
"6","15:55-16:00","ETH","Up","Bid","2","0.48","10","4.8","18.9","9.161","2026-07-04T15:54:30.7030612+03:00","2026-07-04 15:54:30","eth-updown-5m-1783169700","17115704818613219311740923564304545523137612285034919285025453347133016868996"
"6","15:55-16:00","ETH","Up","Bid","3","0.47","210","98.7","228.9","107.861","2026-07-04T15:54:30.7030612+03:00","2026-07-04 15:54:30","eth-updown-5m-1783169700","17115704818613219311740923564304545523137612285034919285025453347133016868996"
"6","15:55-16:00","ETH","Up","Bid","4","0.46","216.52","99.5992","445.42","207.4602","2026-07-04T15:54:30.7030612+03:00","2026-07-04 15:54:30","eth-updown-5m-1783169700","17115704818613219311740923564304545523137612285034919285025453347133016868996"
"6","15:55-16:00","ETH","Up","Bid","5","0.45","305.42","137.439","750.84","344.8992","2026-07-04T15:54:30.7030612+03:00","2026-07-04 15:54:30","eth-updown-5m-1783169700","17115704818613219311740923564304545523137612285034919285025453347133016868996"
"6","15:55-16:00","ETH","Up","Bid","6","0.44","193.3","85.052","944.14","429.9512","2026-07-04T15:54:30.7030612+03:00","2026-07-04 15:54:30","eth-updown-5m-1783169700","17115704818613219311740923564304545523137612285034919285025453347133016868996"
"6","15:55-16:00","ETH","Up","Bid","7","0.43","142.08","61.0944","1086.22","491.0456","2026-07-04T15:54:30.7030612+03:00","2026-07-04 15:54:30","eth-updown-5m-1783169700","17115704818613219311740923564304545523137612285034919285025453347133016868996"
"6","15:55-16:00","ETH","Up","Bid","8","0.42","156.6","65.772","1242.82","556.8176","2026-07-04T15:54:30.7030612+03:00","2026-07-04 15:54:30","eth-updown-5m-1783169700","17115704818613219311740923564304545523137612285034919285025453347133016868996"
"6","15:55-16:00","ETH","Up","Bid","9","0.41","203","83.23","1445.82","640.0476","2026-07-04T15:54:30.7030612+03:00","2026-07-04 15:54:30","eth-updown-5m-1783169700","17115704818613219311740923564304545523137612285034919285025453347133016868996"
"6","15:55-16:00","ETH","Up","Bid","10","0.4","146.7","58.68","1592.52","698.7276","2026-07-04T15:54:30.7030612+03:00","2026-07-04 15:54:30","eth-updown-5m-1783169700","17115704818613219311740923564304545523137612285034919285025453347133016868996"
"6","15:55-16:00","ETH","Up","Bid","11","0.39","185.7","72.423","1778.22","771.1506","2026-07-04T15:54:30.7030612+03:00","2026-07-04 15:54:30","eth-updown-5m-1783169700","17115704818613219311740923564304545523137612285034919285025453347133016868996"
"6","15:55-16:00","ETH","Up","Bid","12","0.38","155.42","59.0596","1933.64","830.2102","2026-07-04T15:54:30.7030612+03:00","2026-07-04 15:54:30","eth-updown-5m-1783169700","17115704818613219311740923564304545523137612285034919285025453347133016868996"
"6","15:55-16:00","ETH","Up","Bid","13","0.37","85","31.45","2018.64","861.6602","2026-07-04T15:54:30.7030612+03:00","2026-07-04 15:54:30","eth-updown-5m-1783169700","17115704818613219311740923564304545523137612285034919285025453347133016868996"
"6","15:55-16:00","ETH","Up","Bid","14","0.36","104.44","37.5984","2123.08","899.2586","2026-07-04T15:54:30.7030612+03:00","2026-07-04 15:54:30","eth-updown-5m-1783169700","17115704818613219311740923564304545523137612285034919285025453347133016868996"
"6","15:55-16:00","ETH","Up","Bid","15","0.35","263.57","92.2495","2386.65","991.5081","2026-07-04T15:54:30.7030612+03:00","2026-07-04 15:54:30","eth-updown-5m-1783169700","17115704818613219311740923564304545523137612285034919285025453347133016868996"
"6","15:55-16:00","ETH","Up","Bid","16","0.34","50","17","2436.65","1008.5081","2026-07-04T15:54:30.7030612+03:00","2026-07-04 15:54:30","eth-updown-5m-1783169700","17115704818613219311740923564304545523137612285034919285025453347133016868996"
"6","15:55-16:00","ETH","Up","Bid","17","0.33","90","29.7","2526.65","1038.2081","2026-07-04T15:54:30.7030612+03:00","2026-07-04 15:54:30","eth-updown-5m-1783169700","17115704818613219311740923564304545523137612285034919285025453347133016868996"
"6","15:55-16:00","ETH","Up","Bid","18","0.32","115","36.8","2641.65","1075.0081","2026-07-04T15:54:30.7030612+03:00","2026-07-04 15:54:30","eth-updown-5m-1783169700","17115704818613219311740923564304545523137612285034919285025453347133016868996"
"6","15:55-16:00","ETH","Up","Bid","19","0.31","65","20.15","2706.65","1095.1581","2026-07-04T15:54:30.7030612+03:00","2026-07-04 15:54:30","eth-updown-5m-1783169700","17115704818613219311740923564304545523137612285034919285025453347133016868996"
"6","15:55-16:00","ETH","Up","Bid","20","0.3","221.66","66.498","2928.31","1161.6561","2026-07-04T15:54:30.7030612+03:00","2026-07-04 15:54:30","eth-updown-5m-1783169700","17115704818613219311740923564304545523137612285034919285025453347133016868996"
"6","15:55-16:00","ETH","Up","Bid","21","0.29","32.23","9.3467","2960.54","1171.0028","2026-07-04T15:54:30.7030612+03:00","2026-07-04 15:54:30","eth-updown-5m-1783169700","17115704818613219311740923564304545523137612285034919285025453347133016868996"
"6","15:55-16:00","ETH","Up","Bid","22","0.28","80","22.4","3040.54","1193.4028","2026-07-04T15:54:30.7030612+03:00","2026-07-04 15:54:30","eth-updown-5m-1783169700","17115704818613219311740923564304545523137612285034919285025453347133016868996"
"6","15:55-16:00","ETH","Up","Bid","23","0.27","120","32.4","3160.54","1225.8028","2026-07-04T15:54:30.7030612+03:00","2026-07-04 15:54:30","eth-updown-5m-1783169700","17115704818613219311740923564304545523137612285034919285025453347133016868996"
"6","15:55-16:00","ETH","Up","Bid","24","0.26","125","32.5","3285.54","1258.3028","2026-07-04T15:54:30.7030612+03:00","2026-07-04 15:54:30","eth-updown-5m-1783169700","17115704818613219311740923564304545523137612285034919285025453347133016868996"
"6","15:55-16:00","ETH","Up","Bid","25","0.25","20","5","3305.54","1263.3028","2026-07-04T15:54:30.7030612+03:00","2026-07-04 15:54:30","eth-updown-5m-1783169700","17115704818613219311740923564304545523137612285034919285025453347133016868996"
"6","15:55-16:00","ETH","Up","Bid","26","0.24","195","46.8","3500.54","1310.1028","2026-07-04T15:54:30.7030612+03:00","2026-07-04 15:54:30","eth-updown-5m-1783169700","17115704818613219311740923564304545523137612285034919285025453347133016868996"
"6","15:55-16:00","ETH","Up","Bid","27","0.23","90","20.7","3590.54","1330.8028","2026-07-04T15:54:30.7030612+03:00","2026-07-04 15:54:30","eth-updown-5m-1783169700","17115704818613219311740923564304545523137612285034919285025453347133016868996"
"6","15:55-16:00","ETH","Up","Bid","28","0.22","35","7.7","3625.54","1338.5028","2026-07-04T15:54:30.7030612+03:00","2026-07-04 15:54:30","eth-updown-5m-1783169700","17115704818613219311740923564304545523137612285034919285025453347133016868996"
"6","15:55-16:00","ETH","Up","Bid","29","0.21","187","39.27","3812.54","1377.7728","2026-07-04T15:54:30.7030612+03:00","2026-07-04 15:54:30","eth-updown-5m-1783169700","17115704818613219311740923564304545523137612285034919285025453347133016868996"
"6","15:55-16:00","ETH","Up","Bid","30","0.2","207","41.4","4019.54","1419.1728","2026-07-04T15:54:30.7030612+03:00","2026-07-04 15:54:30","eth-updown-5m-1783169700","17115704818613219311740923564304545523137612285034919285025453347133016868996"
"6","15:55-16:00","ETH","Up","Bid","31","0.19","37","7.03","4056.54","1426.2028","2026-07-04T15:54:30.7030612+03:00","2026-07-04 15:54:30","eth-updown-5m-1783169700","17115704818613219311740923564304545523137612285034919285025453347133016868996"
"6","15:55-16:00","ETH","Up","Bid","32","0.18","12","2.16","4068.54","1428.3628","2026-07-04T15:54:30.7030612+03:00","2026-07-04 15:54:30","eth-updown-5m-1783169700","17115704818613219311740923564304545523137612285034919285025453347133016868996"
"6","15:55-16:00","ETH","Up","Bid","33","0.17","7","1.19","4075.54","1429.5528","2026-07-04T15:54:30.7030612+03:00","2026-07-04 15:54:30","eth-updown-5m-1783169700","17115704818613219311740923564304545523137612285034919285025453347133016868996"
"6","15:55-16:00","ETH","Up","Bid","34","0.16","35","5.6","4110.54","1435.1528","2026-07-04T15:54:30.7030612+03:00","2026-07-04 15:54:30","eth-updown-5m-1783169700","17115704818613219311740923564304545523137612285034919285025453347133016868996"
"6","15:55-16:00","ETH","Up","Bid","35","0.15","1635","245.25","5745.54","1680.4028","2026-07-04T15:54:30.7030612+03:00","2026-07-04 15:54:30","eth-updown-5m-1783169700","17115704818613219311740923564304545523137612285034919285025453347133016868996"
"6","15:55-16:00","ETH","Up","Bid","36","0.14","20","2.8","5765.54","1683.2028","2026-07-04T15:54:30.7030612+03:00","2026-07-04 15:54:30","eth-updown-5m-1783169700","17115704818613219311740923564304545523137612285034919285025453347133016868996"
"6","15:55-16:00","ETH","Up","Bid","37","0.13","67","8.71","5832.54","1691.9128","2026-07-04T15:54:30.7030612+03:00","2026-07-04 15:54:30","eth-updown-5m-1783169700","17115704818613219311740923564304545523137612285034919285025453347133016868996"
"6","15:55-16:00","ETH","Up","Bid","38","0.12","67","8.04","5899.54","1699.9528","2026-07-04T15:54:30.7030612+03:00","2026-07-04 15:54:30","eth-updown-5m-1783169700","17115704818613219311740923564304545523137612285034919285025453347133016868996"
"6","15:55-16:00","ETH","Up","Bid","39","0.11","22","2.42","5921.54","1702.3728","2026-07-04T15:54:30.7030612+03:00","2026-07-04 15:54:30","eth-updown-5m-1783169700","17115704818613219311740923564304545523137612285034919285025453347133016868996"
"6","15:55-16:00","ETH","Up","Bid","40","0.1","2872","287.2","8793.54","1989.5728","2026-07-04T15:54:30.7030612+03:00","2026-07-04 15:54:30","eth-updown-5m-1783169700","17115704818613219311740923564304545523137612285034919285025453347133016868996"
"6","15:55-16:00","ETH","Up","Bid","41","0.09","632.56","56.9304","9426.1","2046.5032","2026-07-04T15:54:30.7030612+03:00","2026-07-04 15:54:30","eth-updown-5m-1783169700","17115704818613219311740923564304545523137612285034919285025453347133016868996"
"6","15:55-16:00","ETH","Up","Bid","42","0.08","584.5","46.76","10010.6","2093.2632","2026-07-04T15:54:30.7030612+03:00","2026-07-04 15:54:30","eth-updown-5m-1783169700","17115704818613219311740923564304545523137612285034919285025453347133016868996"
"6","15:55-16:00","ETH","Up","Bid","43","0.07","747","52.29","10757.6","2145.5532","2026-07-04T15:54:30.7030612+03:00","2026-07-04 15:54:30","eth-updown-5m-1783169700","17115704818613219311740923564304545523137612285034919285025453347133016868996"
"6","15:55-16:00","ETH","Up","Bid","44","0.06","836.65","50.199","11594.25","2195.7522","2026-07-04T15:54:30.7030612+03:00","2026-07-04 15:54:30","eth-updown-5m-1783169700","17115704818613219311740923564304545523137612285034919285025453347133016868996"
"6","15:55-16:00","ETH","Up","Bid","45","0.05","610","30.5","12204.25","2226.2522","2026-07-04T15:54:30.7030612+03:00","2026-07-04 15:54:30","eth-updown-5m-1783169700","17115704818613219311740923564304545523137612285034919285025453347133016868996"
"6","15:55-16:00","ETH","Up","Bid","46","0.04","987.5","39.5","13191.75","2265.7522","2026-07-04T15:54:30.7030612+03:00","2026-07-04 15:54:30","eth-updown-5m-1783169700","17115704818613219311740923564304545523137612285034919285025453347133016868996"
"6","15:55-16:00","ETH","Up","Bid","47","0.03","11045","331.35","24236.75","2597.1022","2026-07-04T15:54:30.7030612+03:00","2026-07-04 15:54:30","eth-updown-5m-1783169700","17115704818613219311740923564304545523137612285034919285025453347133016868996"
"6","15:55-16:00","ETH","Up","Bid","48","0.02","1035","20.7","25271.75","2617.8022","2026-07-04T15:54:30.7030612+03:00","2026-07-04 15:54:30","eth-updown-5m-1783169700","17115704818613219311740923564304545523137612285034919285025453347133016868996"
"6","15:55-16:00","ETH","Up","Bid","49","0.01","9326","93.26","34597.75","2711.0622","2026-07-04T15:54:30.7030612+03:00","2026-07-04 15:54:30","eth-updown-5m-1783169700","17115704818613219311740923564304545523137612285034919285025453347133016868996"
"6","15:55-16:00","SOL","Down","Ask","1","0.5","115.7","57.85","115.7","57.85","2026-07-04T15:54:30.9028017+03:00","2026-07-04 15:54:30","sol-updown-5m-1783169700","56834849468852417668938958768549396110049008643919896155585195607697697560907"
"6","15:55-16:00","SOL","Down","Ask","2","0.51","65","33.15","180.7","91","2026-07-04T15:54:30.9028017+03:00","2026-07-04 15:54:30","sol-updown-5m-1783169700","56834849468852417668938958768549396110049008643919896155585195607697697560907"
"6","15:55-16:00","SOL","Down","Ask","3","0.52","70","36.4","250.7","127.4","2026-07-04T15:54:30.9028017+03:00","2026-07-04 15:54:30","sol-updown-5m-1783169700","56834849468852417668938958768549396110049008643919896155585195607697697560907"
"6","15:55-16:00","SOL","Down","Ask","4","0.53","45","23.85","295.7","151.25","2026-07-04T15:54:30.9028017+03:00","2026-07-04 15:54:30","sol-updown-5m-1783169700","56834849468852417668938958768549396110049008643919896155585195607697697560907"
"6","15:55-16:00","SOL","Down","Ask","5","0.54","36.52","19.7208","332.22","170.9708","2026-07-04T15:54:30.9028017+03:00","2026-07-04 15:54:30","sol-updown-5m-1783169700","56834849468852417668938958768549396110049008643919896155585195607697697560907"
"6","15:55-16:00","SOL","Down","Ask","6","0.55","143.66","79.013","475.88","249.9838","2026-07-04T15:54:30.9028017+03:00","2026-07-04 15:54:30","sol-updown-5m-1783169700","56834849468852417668938958768549396110049008643919896155585195607697697560907"
"6","15:55-16:00","SOL","Down","Ask","7","0.56","79","44.24","554.88","294.2238","2026-07-04T15:54:30.9028017+03:00","2026-07-04 15:54:30","sol-updown-5m-1783169700","56834849468852417668938958768549396110049008643919896155585195607697697560907"
"6","15:55-16:00","SOL","Down","Ask","8","0.57","123.27","70.2639","678.15","364.4877","2026-07-04T15:54:30.9028017+03:00","2026-07-04 15:54:30","sol-updown-5m-1783169700","56834849468852417668938958768549396110049008643919896155585195607697697560907"
"6","15:55-16:00","SOL","Down","Ask","9","0.58","92.14","53.4412","770.29","417.9289","2026-07-04T15:54:30.9028017+03:00","2026-07-04 15:54:30","sol-updown-5m-1783169700","56834849468852417668938958768549396110049008643919896155585195607697697560907"
"6","15:55-16:00","SOL","Down","Ask","10","0.59","25.63","15.1217","795.92","433.0506","2026-07-04T15:54:30.9028017+03:00","2026-07-04 15:54:30","sol-updown-5m-1783169700","56834849468852417668938958768549396110049008643919896155585195607697697560907"
"6","15:55-16:00","SOL","Down","Ask","11","0.6","27.5","16.5","823.42","449.5506","2026-07-04T15:54:30.9028017+03:00","2026-07-04 15:54:30","sol-updown-5m-1783169700","56834849468852417668938958768549396110049008643919896155585195607697697560907"
"6","15:55-16:00","SOL","Down","Ask","12","0.61","85","51.85","908.42","501.4006","2026-07-04T15:54:30.9028017+03:00","2026-07-04 15:54:30","sol-updown-5m-1783169700","56834849468852417668938958768549396110049008643919896155585195607697697560907"
"6","15:55-16:00","SOL","Down","Ask","13","0.62","5","3.1","913.42","504.5006","2026-07-04T15:54:30.9028017+03:00","2026-07-04 15:54:30","sol-updown-5m-1783169700","56834849468852417668938958768549396110049008643919896155585195607697697560907"
"6","15:55-16:00","SOL","Down","Ask","14","0.63","18.51","11.6613","931.93","516.1619","2026-07-04T15:54:30.9028017+03:00","2026-07-04 15:54:30","sol-updown-5m-1783169700","56834849468852417668938958768549396110049008643919896155585195607697697560907"
"6","15:55-16:00","SOL","Down","Ask","15","0.64","24.44","15.6416","956.37","531.8035","2026-07-04T15:54:30.9028017+03:00","2026-07-04 15:54:30","sol-updown-5m-1783169700","56834849468852417668938958768549396110049008643919896155585195607697697560907"
"6","15:55-16:00","SOL","Down","Ask","16","0.65","205","133.25","1161.37","665.0535","2026-07-04T15:54:30.9028017+03:00","2026-07-04 15:54:30","sol-updown-5m-1783169700","56834849468852417668938958768549396110049008643919896155585195607697697560907"
"6","15:55-16:00","SOL","Down","Ask","17","0.66","5","3.3","1166.37","668.3535","2026-07-04T15:54:30.9028017+03:00","2026-07-04 15:54:30","sol-updown-5m-1783169700","56834849468852417668938958768549396110049008643919896155585195607697697560907"
"6","15:55-16:00","SOL","Down","Ask","18","0.67","5","3.35","1171.37","671.7035","2026-07-04T15:54:30.9028017+03:00","2026-07-04 15:54:30","sol-updown-5m-1783169700","56834849468852417668938958768549396110049008643919896155585195607697697560907"
"6","15:55-16:00","SOL","Down","Ask","19","0.68","5","3.4","1176.37","675.1035","2026-07-04T15:54:30.9028017+03:00","2026-07-04 15:54:30","sol-updown-5m-1783169700","56834849468852417668938958768549396110049008643919896155585195607697697560907"
"6","15:55-16:00","SOL","Down","Ask","20","0.69","5","3.45","1181.37","678.5535","2026-07-04T15:54:30.9028017+03:00","2026-07-04 15:54:30","sol-updown-5m-1783169700","56834849468852417668938958768549396110049008643919896155585195607697697560907"
"6","15:55-16:00","SOL","Down","Ask","21","0.7","64.36","45.052","1245.73","723.6055","2026-07-04T15:54:30.9028017+03:00","2026-07-04 15:54:30","sol-updown-5m-1783169700","56834849468852417668938958768549396110049008643919896155585195607697697560907"
"6","15:55-16:00","SOL","Down","Ask","22","0.71","5","3.55","1250.73","727.1555","2026-07-04T15:54:30.9028017+03:00","2026-07-04 15:54:30","sol-updown-5m-1783169700","56834849468852417668938958768549396110049008643919896155585195607697697560907"
"6","15:55-16:00","SOL","Down","Ask","23","0.72","15.71","11.3112","1266.44","738.4667","2026-07-04T15:54:30.9028017+03:00","2026-07-04 15:54:30","sol-updown-5m-1783169700","56834849468852417668938958768549396110049008643919896155585195607697697560907"
"6","15:55-16:00","SOL","Down","Ask","24","0.73","5","3.65","1271.44","742.1167","2026-07-04T15:54:30.9028017+03:00","2026-07-04 15:54:30","sol-updown-5m-1783169700","56834849468852417668938958768549396110049008643919896155585195607697697560907"
"6","15:55-16:00","SOL","Down","Ask","25","0.74","10","7.4","1281.44","749.5167","2026-07-04T15:54:30.9028017+03:00","2026-07-04 15:54:30","sol-updown-5m-1783169700","56834849468852417668938958768549396110049008643919896155585195607697697560907"
"6","15:55-16:00","SOL","Down","Ask","26","0.75","15","11.25","1296.44","760.7667","2026-07-04T15:54:30.9028017+03:00","2026-07-04 15:54:30","sol-updown-5m-1783169700","56834849468852417668938958768549396110049008643919896155585195607697697560907"
"6","15:55-16:00","SOL","Down","Ask","27","0.76","30","22.8","1326.44","783.5667","2026-07-04T15:54:30.9028017+03:00","2026-07-04 15:54:30","sol-updown-5m-1783169700","56834849468852417668938958768549396110049008643919896155585195607697697560907"
"6","15:55-16:00","SOL","Down","Ask","28","0.77","30","23.1","1356.44","806.6667","2026-07-04T15:54:30.9028017+03:00","2026-07-04 15:54:30","sol-updown-5m-1783169700","56834849468852417668938958768549396110049008643919896155585195607697697560907"
"6","15:55-16:00","SOL","Down","Ask","29","0.78","15","11.7","1371.44","818.3667","2026-07-04T15:54:30.9028017+03:00","2026-07-04 15:54:30","sol-updown-5m-1783169700","56834849468852417668938958768549396110049008643919896155585195607697697560907"
"6","15:55-16:00","SOL","Down","Ask","30","0.79","17","13.43","1388.44","831.7967","2026-07-04T15:54:30.9028017+03:00","2026-07-04 15:54:30","sol-updown-5m-1783169700","56834849468852417668938958768549396110049008643919896155585195607697697560907"
"6","15:55-16:00","SOL","Down","Ask","31","0.8","100.9","80.72","1489.34","912.5167","2026-07-04T15:54:30.9028017+03:00","2026-07-04 15:54:30","sol-updown-5m-1783169700","56834849468852417668938958768549396110049008643919896155585195607697697560907"
"6","15:55-16:00","SOL","Down","Ask","32","0.81","22","17.82","1511.34","930.3367","2026-07-04T15:54:30.9028017+03:00","2026-07-04 15:54:30","sol-updown-5m-1783169700","56834849468852417668938958768549396110049008643919896155585195607697697560907"
"6","15:55-16:00","SOL","Down","Ask","33","0.82","27","22.14","1538.34","952.4767","2026-07-04T15:54:30.9028017+03:00","2026-07-04 15:54:30","sol-updown-5m-1783169700","56834849468852417668938958768549396110049008643919896155585195607697697560907"
"6","15:55-16:00","SOL","Down","Ask","34","0.83","22","18.26","1560.34","970.7367","2026-07-04T15:54:30.9028017+03:00","2026-07-04 15:54:30","sol-updown-5m-1783169700","56834849468852417668938958768549396110049008643919896155585195607697697560907"
"6","15:55-16:00","SOL","Down","Ask","35","0.84","15","12.6","1575.34","983.3367","2026-07-04T15:54:30.9028017+03:00","2026-07-04 15:54:30","sol-updown-5m-1783169700","56834849468852417668938958768549396110049008643919896155585195607697697560907"
"6","15:55-16:00","SOL","Down","Ask","36","0.85","94","79.9","1669.34","1063.2367","2026-07-04T15:54:30.9028017+03:00","2026-07-04 15:54:30","sol-updown-5m-1783169700","56834849468852417668938958768549396110049008643919896155585195607697697560907"
"6","15:55-16:00","SOL","Down","Ask","37","0.86","35","30.1","1704.34","1093.3367","2026-07-04T15:54:30.9028017+03:00","2026-07-04 15:54:30","sol-updown-5m-1783169700","56834849468852417668938958768549396110049008643919896155585195607697697560907"
"6","15:55-16:00","SOL","Down","Ask","38","0.87","30","26.1","1734.34","1119.4367","2026-07-04T15:54:30.9028017+03:00","2026-07-04 15:54:30","sol-updown-5m-1783169700","56834849468852417668938958768549396110049008643919896155585195607697697560907"
"6","15:55-16:00","SOL","Down","Ask","39","0.88","57","50.16","1791.34","1169.5967","2026-07-04T15:54:30.9028017+03:00","2026-07-04 15:54:30","sol-updown-5m-1783169700","56834849468852417668938958768549396110049008643919896155585195607697697560907"
"6","15:55-16:00","SOL","Down","Ask","40","0.89","30","26.7","1821.34","1196.2967","2026-07-04T15:54:30.9028017+03:00","2026-07-04 15:54:30","sol-updown-5m-1783169700","56834849468852417668938958768549396110049008643919896155585195607697697560907"
"6","15:55-16:00","SOL","Down","Ask","41","0.9","355.58","320.022","2176.92","1516.3187","2026-07-04T15:54:30.9028017+03:00","2026-07-04 15:54:30","sol-updown-5m-1783169700","56834849468852417668938958768549396110049008643919896155585195607697697560907"
"6","15:55-16:00","SOL","Down","Ask","42","0.91","600","546","2776.92","2062.3187","2026-07-04T15:54:30.9028017+03:00","2026-07-04 15:54:30","sol-updown-5m-1783169700","56834849468852417668938958768549396110049008643919896155585195607697697560907"
"6","15:55-16:00","SOL","Down","Ask","43","0.92","600","552","3376.92","2614.3187","2026-07-04T15:54:30.9028017+03:00","2026-07-04 15:54:30","sol-updown-5m-1783169700","56834849468852417668938958768549396110049008643919896155585195607697697560907"
"6","15:55-16:00","SOL","Down","Ask","44","0.93","600","558","3976.92","3172.3187","2026-07-04T15:54:30.9028017+03:00","2026-07-04 15:54:30","sol-updown-5m-1783169700","56834849468852417668938958768549396110049008643919896155585195607697697560907"
"6","15:55-16:00","SOL","Down","Ask","45","0.94","675","634.5","4651.92","3806.8187","2026-07-04T15:54:30.9028017+03:00","2026-07-04 15:54:30","sol-updown-5m-1783169700","56834849468852417668938958768549396110049008643919896155585195607697697560907"
"6","15:55-16:00","SOL","Down","Ask","46","0.95","965","916.75","5616.92","4723.5687","2026-07-04T15:54:30.9028017+03:00","2026-07-04 15:54:30","sol-updown-5m-1783169700","56834849468852417668938958768549396110049008643919896155585195607697697560907"
"6","15:55-16:00","SOL","Down","Ask","47","0.96","675","648","6291.92","5371.5687","2026-07-04T15:54:30.9028017+03:00","2026-07-04 15:54:30","sol-updown-5m-1783169700","56834849468852417668938958768549396110049008643919896155585195607697697560907"
"6","15:55-16:00","SOL","Down","Ask","48","0.97","6250","6062.5","12541.92","11434.0687","2026-07-04T15:54:30.9028017+03:00","2026-07-04 15:54:30","sol-updown-5m-1783169700","56834849468852417668938958768549396110049008643919896155585195607697697560907"
"6","15:55-16:00","SOL","Down","Ask","49","0.98","1180","1156.4","13721.92","12590.4687","2026-07-04T15:54:30.9028017+03:00","2026-07-04 15:54:30","sol-updown-5m-1783169700","56834849468852417668938958768549396110049008643919896155585195607697697560907"
"6","15:55-16:00","SOL","Down","Ask","50","0.99","10571","10465.29","24292.92","23055.7587","2026-07-04T15:54:30.9028017+03:00","2026-07-04 15:54:30","sol-updown-5m-1783169700","56834849468852417668938958768549396110049008643919896155585195607697697560907"
"6","15:55-16:00","SOL","Down","Bid","1","0.49","17.92","8.7808","17.92","8.7808","2026-07-04T15:54:30.9028017+03:00","2026-07-04 15:54:30","sol-updown-5m-1783169700","56834849468852417668938958768549396110049008643919896155585195607697697560907"
"6","15:55-16:00","SOL","Down","Bid","2","0.48","73.42","35.2416","91.34","44.0224","2026-07-04T15:54:30.9028017+03:00","2026-07-04 15:54:30","sol-updown-5m-1783169700","56834849468852417668938958768549396110049008643919896155585195607697697560907"
"6","15:55-16:00","SOL","Down","Bid","3","0.47","80","37.6","171.34","81.6224","2026-07-04T15:54:30.9028017+03:00","2026-07-04 15:54:30","sol-updown-5m-1783169700","56834849468852417668938958768549396110049008643919896155585195607697697560907"
"6","15:55-16:00","SOL","Down","Bid","4","0.46","71.52","32.8992","242.86","114.5216","2026-07-04T15:54:30.9028017+03:00","2026-07-04 15:54:30","sol-updown-5m-1783169700","56834849468852417668938958768549396110049008643919896155585195607697697560907"
"6","15:55-16:00","SOL","Down","Bid","5","0.45","138.66","62.397","381.52","176.9186","2026-07-04T15:54:30.9028017+03:00","2026-07-04 15:54:30","sol-updown-5m-1783169700","56834849468852417668938958768549396110049008643919896155585195607697697560907"
"6","15:55-16:00","SOL","Down","Bid","6","0.44","79","34.76","460.52","211.6786","2026-07-04T15:54:30.9028017+03:00","2026-07-04 15:54:30","sol-updown-5m-1783169700","56834849468852417668938958768549396110049008643919896155585195607697697560907"
"6","15:55-16:00","SOL","Down","Bid","7","0.43","123.27","53.0061","583.79","264.6847","2026-07-04T15:54:30.9028017+03:00","2026-07-04 15:54:30","sol-updown-5m-1783169700","56834849468852417668938958768549396110049008643919896155585195607697697560907"
"6","15:55-16:00","SOL","Down","Bid","8","0.42","107.14","44.9988","690.93","309.6835","2026-07-04T15:54:30.9028017+03:00","2026-07-04 15:54:30","sol-updown-5m-1783169700","56834849468852417668938958768549396110049008643919896155585195607697697560907"
"6","15:55-16:00","SOL","Down","Bid","9","0.41","40.63","16.6583","731.56","326.3418","2026-07-04T15:54:30.9028017+03:00","2026-07-04 15:54:30","sol-updown-5m-1783169700","56834849468852417668938958768549396110049008643919896155585195607697697560907"
"6","15:55-16:00","SOL","Down","Bid","10","0.4","42.5","17","774.06","343.3418","2026-07-04T15:54:30.9028017+03:00","2026-07-04 15:54:30","sol-updown-5m-1783169700","56834849468852417668938958768549396110049008643919896155585195607697697560907"
"6","15:55-16:00","SOL","Down","Bid","11","0.39","100","39","874.06","382.3418","2026-07-04T15:54:30.9028017+03:00","2026-07-04 15:54:30","sol-updown-5m-1783169700","56834849468852417668938958768549396110049008643919896155585195607697697560907"
"6","15:55-16:00","SOL","Down","Bid","12","0.38","5","1.9","879.06","384.2418","2026-07-04T15:54:30.9028017+03:00","2026-07-04 15:54:30","sol-updown-5m-1783169700","56834849468852417668938958768549396110049008643919896155585195607697697560907"
"6","15:55-16:00","SOL","Down","Bid","13","0.37","18.51","6.8487","897.57","391.0905","2026-07-04T15:54:30.9028017+03:00","2026-07-04 15:54:30","sol-updown-5m-1783169700","56834849468852417668938958768549396110049008643919896155585195607697697560907"
"6","15:55-16:00","SOL","Down","Bid","14","0.36","24.44","8.7984","922.01","399.8889","2026-07-04T15:54:30.9028017+03:00","2026-07-04 15:54:30","sol-updown-5m-1783169700","56834849468852417668938958768549396110049008643919896155585195607697697560907"
"6","15:55-16:00","SOL","Down","Bid","15","0.35","205","71.75","1127.01","471.6389","2026-07-04T15:54:30.9028017+03:00","2026-07-04 15:54:30","sol-updown-5m-1783169700","56834849468852417668938958768549396110049008643919896155585195607697697560907"
"6","15:55-16:00","SOL","Down","Bid","16","0.34","5","1.7","1132.01","473.3389","2026-07-04T15:54:30.9028017+03:00","2026-07-04 15:54:30","sol-updown-5m-1783169700","56834849468852417668938958768549396110049008643919896155585195607697697560907"
"6","15:55-16:00","SOL","Down","Bid","17","0.33","5","1.65","1137.01","474.9889","2026-07-04T15:54:30.9028017+03:00","2026-07-04 15:54:30","sol-updown-5m-1783169700","56834849468852417668938958768549396110049008643919896155585195607697697560907"
"6","15:55-16:00","SOL","Down","Bid","18","0.32","5","1.6","1142.01","476.5889","2026-07-04T15:54:30.9028017+03:00","2026-07-04 15:54:30","sol-updown-5m-1783169700","56834849468852417668938958768549396110049008643919896155585195607697697560907"
"6","15:55-16:00","SOL","Down","Bid","19","0.31","5","1.55","1147.01","478.1389","2026-07-04T15:54:30.9028017+03:00","2026-07-04 15:54:30","sol-updown-5m-1783169700","56834849468852417668938958768549396110049008643919896155585195607697697560907"
"6","15:55-16:00","SOL","Down","Bid","20","0.3","64.36","19.308","1211.37","497.4469","2026-07-04T15:54:30.9028017+03:00","2026-07-04 15:54:30","sol-updown-5m-1783169700","56834849468852417668938958768549396110049008643919896155585195607697697560907"
"6","15:55-16:00","SOL","Down","Bid","21","0.29","5","1.45","1216.37","498.8969","2026-07-04T15:54:30.9028017+03:00","2026-07-04 15:54:30","sol-updown-5m-1783169700","56834849468852417668938958768549396110049008643919896155585195607697697560907"
"6","15:55-16:00","SOL","Down","Bid","22","0.28","15.71","4.3988","1232.08","503.2957","2026-07-04T15:54:30.9028017+03:00","2026-07-04 15:54:30","sol-updown-5m-1783169700","56834849468852417668938958768549396110049008643919896155585195607697697560907"
"6","15:55-16:00","SOL","Down","Bid","23","0.27","5","1.35","1237.08","504.6457","2026-07-04T15:54:30.9028017+03:00","2026-07-04 15:54:30","sol-updown-5m-1783169700","56834849468852417668938958768549396110049008643919896155585195607697697560907"
"6","15:55-16:00","SOL","Down","Bid","24","0.26","10","2.6","1247.08","507.2457","2026-07-04T15:54:30.9028017+03:00","2026-07-04 15:54:30","sol-updown-5m-1783169700","56834849468852417668938958768549396110049008643919896155585195607697697560907"
"6","15:55-16:00","SOL","Down","Bid","25","0.25","15","3.75","1262.08","510.9957","2026-07-04T15:54:30.9028017+03:00","2026-07-04 15:54:30","sol-updown-5m-1783169700","56834849468852417668938958768549396110049008643919896155585195607697697560907"
"6","15:55-16:00","SOL","Down","Bid","26","0.24","30","7.2","1292.08","518.1957","2026-07-04T15:54:30.9028017+03:00","2026-07-04 15:54:30","sol-updown-5m-1783169700","56834849468852417668938958768549396110049008643919896155585195607697697560907"
"6","15:55-16:00","SOL","Down","Bid","27","0.23","30","6.9","1322.08","525.0957","2026-07-04T15:54:30.9028017+03:00","2026-07-04 15:54:30","sol-updown-5m-1783169700","56834849468852417668938958768549396110049008643919896155585195607697697560907"
"6","15:55-16:00","SOL","Down","Bid","28","0.22","15","3.3","1337.08","528.3957","2026-07-04T15:54:30.9028017+03:00","2026-07-04 15:54:30","sol-updown-5m-1783169700","56834849468852417668938958768549396110049008643919896155585195607697697560907"
"6","15:55-16:00","SOL","Down","Bid","29","0.21","17","3.57","1354.08","531.9657","2026-07-04T15:54:30.9028017+03:00","2026-07-04 15:54:30","sol-updown-5m-1783169700","56834849468852417668938958768549396110049008643919896155585195607697697560907"
"6","15:55-16:00","SOL","Down","Bid","30","0.2","100.9","20.18","1454.98","552.1457","2026-07-04T15:54:30.9028017+03:00","2026-07-04 15:54:30","sol-updown-5m-1783169700","56834849468852417668938958768549396110049008643919896155585195607697697560907"
"6","15:55-16:00","SOL","Down","Bid","31","0.19","15","2.85","1469.98","554.9957","2026-07-04T15:54:30.9028017+03:00","2026-07-04 15:54:30","sol-updown-5m-1783169700","56834849468852417668938958768549396110049008643919896155585195607697697560907"
"6","15:55-16:00","SOL","Down","Bid","32","0.18","27","4.86","1496.98","559.8557","2026-07-04T15:54:30.9028017+03:00","2026-07-04 15:54:30","sol-updown-5m-1783169700","56834849468852417668938958768549396110049008643919896155585195607697697560907"
"6","15:55-16:00","SOL","Down","Bid","33","0.17","22","3.74","1518.98","563.5957","2026-07-04T15:54:30.9028017+03:00","2026-07-04 15:54:30","sol-updown-5m-1783169700","56834849468852417668938958768549396110049008643919896155585195607697697560907"
"6","15:55-16:00","SOL","Down","Bid","34","0.16","15","2.4","1533.98","565.9957","2026-07-04T15:54:30.9028017+03:00","2026-07-04 15:54:30","sol-updown-5m-1783169700","56834849468852417668938958768549396110049008643919896155585195607697697560907"
"6","15:55-16:00","SOL","Down","Bid","35","0.15","94","14.1","1627.98","580.0957","2026-07-04T15:54:30.9028017+03:00","2026-07-04 15:54:30","sol-updown-5m-1783169700","56834849468852417668938958768549396110049008643919896155585195607697697560907"
"6","15:55-16:00","SOL","Down","Bid","36","0.14","35","4.9","1662.98","584.9957","2026-07-04T15:54:30.9028017+03:00","2026-07-04 15:54:30","sol-updown-5m-1783169700","56834849468852417668938958768549396110049008643919896155585195607697697560907"
"6","15:55-16:00","SOL","Down","Bid","37","0.13","30","3.9","1692.98","588.8957","2026-07-04T15:54:30.9028017+03:00","2026-07-04 15:54:30","sol-updown-5m-1783169700","56834849468852417668938958768549396110049008643919896155585195607697697560907"
"6","15:55-16:00","SOL","Down","Bid","38","0.12","57","6.84","1749.98","595.7357","2026-07-04T15:54:30.9028017+03:00","2026-07-04 15:54:30","sol-updown-5m-1783169700","56834849468852417668938958768549396110049008643919896155585195607697697560907"
"6","15:55-16:00","SOL","Down","Bid","39","0.11","30","3.3","1779.98","599.0357","2026-07-04T15:54:30.9028017+03:00","2026-07-04 15:54:30","sol-updown-5m-1783169700","56834849468852417668938958768549396110049008643919896155585195607697697560907"
"6","15:55-16:00","SOL","Down","Bid","40","0.1","355.58","35.558","2135.56","634.5937","2026-07-04T15:54:30.9028017+03:00","2026-07-04 15:54:30","sol-updown-5m-1783169700","56834849468852417668938958768549396110049008643919896155585195607697697560907"
"6","15:55-16:00","SOL","Down","Bid","41","0.09","600","54","2735.56","688.5937","2026-07-04T15:54:30.9028017+03:00","2026-07-04 15:54:30","sol-updown-5m-1783169700","56834849468852417668938958768549396110049008643919896155585195607697697560907"
"6","15:55-16:00","SOL","Down","Bid","42","0.08","600","48","3335.56","736.5937","2026-07-04T15:54:30.9028017+03:00","2026-07-04 15:54:30","sol-updown-5m-1783169700","56834849468852417668938958768549396110049008643919896155585195607697697560907"
"6","15:55-16:00","SOL","Down","Bid","43","0.07","600","42","3935.56","778.5937","2026-07-04T15:54:30.9028017+03:00","2026-07-04 15:54:30","sol-updown-5m-1783169700","56834849468852417668938958768549396110049008643919896155585195607697697560907"
"6","15:55-16:00","SOL","Down","Bid","44","0.06","675","40.5","4610.56","819.0937","2026-07-04T15:54:30.9028017+03:00","2026-07-04 15:54:30","sol-updown-5m-1783169700","56834849468852417668938958768549396110049008643919896155585195607697697560907"
"6","15:55-16:00","SOL","Down","Bid","45","0.05","965","48.25","5575.56","867.3437","2026-07-04T15:54:30.9028017+03:00","2026-07-04 15:54:30","sol-updown-5m-1783169700","56834849468852417668938958768549396110049008643919896155585195607697697560907"
"6","15:55-16:00","SOL","Down","Bid","46","0.04","675","27","6250.56","894.3437","2026-07-04T15:54:30.9028017+03:00","2026-07-04 15:54:30","sol-updown-5m-1783169700","56834849468852417668938958768549396110049008643919896155585195607697697560907"
"6","15:55-16:00","SOL","Down","Bid","47","0.03","6250","187.5","12500.56","1081.8437","2026-07-04T15:54:30.9028017+03:00","2026-07-04 15:54:30","sol-updown-5m-1783169700","56834849468852417668938958768549396110049008643919896155585195607697697560907"
"6","15:55-16:00","SOL","Down","Bid","48","0.02","1175","23.5","13675.56","1105.3437","2026-07-04T15:54:30.9028017+03:00","2026-07-04 15:54:30","sol-updown-5m-1783169700","56834849468852417668938958768549396110049008643919896155585195607697697560907"
"6","15:55-16:00","SOL","Down","Bid","49","0.01","10571","105.71","24246.56","1211.0537","2026-07-04T15:54:30.9028017+03:00","2026-07-04 15:54:30","sol-updown-5m-1783169700","56834849468852417668938958768549396110049008643919896155585195607697697560907"
"6","15:55-16:00","SOL","Up","Ask","1","0.51","17.92","9.1392","17.92","9.1392","2026-07-04T15:54:31.1281792+03:00","2026-07-04 15:54:30","sol-updown-5m-1783169700","85533237237372072164929435195777879188056205496983297092900150057103111478973"
"6","15:55-16:00","SOL","Up","Ask","2","0.52","73.42","38.1784","91.34","47.3176","2026-07-04T15:54:31.1281792+03:00","2026-07-04 15:54:30","sol-updown-5m-1783169700","85533237237372072164929435195777879188056205496983297092900150057103111478973"
"6","15:55-16:00","SOL","Up","Ask","3","0.53","80","42.4","171.34","89.7176","2026-07-04T15:54:31.1281792+03:00","2026-07-04 15:54:30","sol-updown-5m-1783169700","85533237237372072164929435195777879188056205496983297092900150057103111478973"
"6","15:55-16:00","SOL","Up","Ask","4","0.54","71.52","38.6208","242.86","128.3384","2026-07-04T15:54:31.1281792+03:00","2026-07-04 15:54:30","sol-updown-5m-1783169700","85533237237372072164929435195777879188056205496983297092900150057103111478973"
"6","15:55-16:00","SOL","Up","Ask","5","0.55","138.66","76.263","381.52","204.6014","2026-07-04T15:54:31.1281792+03:00","2026-07-04 15:54:30","sol-updown-5m-1783169700","85533237237372072164929435195777879188056205496983297092900150057103111478973"
"6","15:55-16:00","SOL","Up","Ask","6","0.56","79","44.24","460.52","248.8414","2026-07-04T15:54:31.1281792+03:00","2026-07-04 15:54:30","sol-updown-5m-1783169700","85533237237372072164929435195777879188056205496983297092900150057103111478973"
"6","15:55-16:00","SOL","Up","Ask","7","0.57","123.27","70.2639","583.79","319.1053","2026-07-04T15:54:31.1281792+03:00","2026-07-04 15:54:30","sol-updown-5m-1783169700","85533237237372072164929435195777879188056205496983297092900150057103111478973"
"6","15:55-16:00","SOL","Up","Ask","8","0.58","107.14","62.1412","690.93","381.2465","2026-07-04T15:54:31.1281792+03:00","2026-07-04 15:54:30","sol-updown-5m-1783169700","85533237237372072164929435195777879188056205496983297092900150057103111478973"
"6","15:55-16:00","SOL","Up","Ask","9","0.59","40.63","23.9717","731.56","405.2182","2026-07-04T15:54:31.1281792+03:00","2026-07-04 15:54:30","sol-updown-5m-1783169700","85533237237372072164929435195777879188056205496983297092900150057103111478973"
"6","15:55-16:00","SOL","Up","Ask","10","0.6","42.5","25.5","774.06","430.7182","2026-07-04T15:54:31.1281792+03:00","2026-07-04 15:54:30","sol-updown-5m-1783169700","85533237237372072164929435195777879188056205496983297092900150057103111478973"
"6","15:55-16:00","SOL","Up","Ask","11","0.61","100","61","874.06","491.7182","2026-07-04T15:54:31.1281792+03:00","2026-07-04 15:54:30","sol-updown-5m-1783169700","85533237237372072164929435195777879188056205496983297092900150057103111478973"
"6","15:55-16:00","SOL","Up","Ask","12","0.62","5","3.1","879.06","494.8182","2026-07-04T15:54:31.1281792+03:00","2026-07-04 15:54:30","sol-updown-5m-1783169700","85533237237372072164929435195777879188056205496983297092900150057103111478973"
"6","15:55-16:00","SOL","Up","Ask","13","0.63","18.51","11.6613","897.57","506.4795","2026-07-04T15:54:31.1281792+03:00","2026-07-04 15:54:30","sol-updown-5m-1783169700","85533237237372072164929435195777879188056205496983297092900150057103111478973"
"6","15:55-16:00","SOL","Up","Ask","14","0.64","24.44","15.6416","922.01","522.1211","2026-07-04T15:54:31.1281792+03:00","2026-07-04 15:54:30","sol-updown-5m-1783169700","85533237237372072164929435195777879188056205496983297092900150057103111478973"
"6","15:55-16:00","SOL","Up","Ask","15","0.65","205","133.25","1127.01","655.3711","2026-07-04T15:54:31.1281792+03:00","2026-07-04 15:54:30","sol-updown-5m-1783169700","85533237237372072164929435195777879188056205496983297092900150057103111478973"
"6","15:55-16:00","SOL","Up","Ask","16","0.66","5","3.3","1132.01","658.6711","2026-07-04T15:54:31.1281792+03:00","2026-07-04 15:54:30","sol-updown-5m-1783169700","85533237237372072164929435195777879188056205496983297092900150057103111478973"
"6","15:55-16:00","SOL","Up","Ask","17","0.67","5","3.35","1137.01","662.0211","2026-07-04T15:54:31.1281792+03:00","2026-07-04 15:54:30","sol-updown-5m-1783169700","85533237237372072164929435195777879188056205496983297092900150057103111478973"
"6","15:55-16:00","SOL","Up","Ask","18","0.68","5","3.4","1142.01","665.4211","2026-07-04T15:54:31.1281792+03:00","2026-07-04 15:54:30","sol-updown-5m-1783169700","85533237237372072164929435195777879188056205496983297092900150057103111478973"
"6","15:55-16:00","SOL","Up","Ask","19","0.69","5","3.45","1147.01","668.8711","2026-07-04T15:54:31.1281792+03:00","2026-07-04 15:54:30","sol-updown-5m-1783169700","85533237237372072164929435195777879188056205496983297092900150057103111478973"
"6","15:55-16:00","SOL","Up","Ask","20","0.7","64.36","45.052","1211.37","713.9231","2026-07-04T15:54:31.1281792+03:00","2026-07-04 15:54:30","sol-updown-5m-1783169700","85533237237372072164929435195777879188056205496983297092900150057103111478973"
"6","15:55-16:00","SOL","Up","Ask","21","0.71","5","3.55","1216.37","717.4731","2026-07-04T15:54:31.1281792+03:00","2026-07-04 15:54:30","sol-updown-5m-1783169700","85533237237372072164929435195777879188056205496983297092900150057103111478973"
"6","15:55-16:00","SOL","Up","Ask","22","0.72","15.71","11.3112","1232.08","728.7843","2026-07-04T15:54:31.1281792+03:00","2026-07-04 15:54:30","sol-updown-5m-1783169700","85533237237372072164929435195777879188056205496983297092900150057103111478973"
"6","15:55-16:00","SOL","Up","Ask","23","0.73","5","3.65","1237.08","732.4343","2026-07-04T15:54:31.1281792+03:00","2026-07-04 15:54:30","sol-updown-5m-1783169700","85533237237372072164929435195777879188056205496983297092900150057103111478973"
"6","15:55-16:00","SOL","Up","Ask","24","0.74","10","7.4","1247.08","739.8343","2026-07-04T15:54:31.1281792+03:00","2026-07-04 15:54:30","sol-updown-5m-1783169700","85533237237372072164929435195777879188056205496983297092900150057103111478973"
"6","15:55-16:00","SOL","Up","Ask","25","0.75","15","11.25","1262.08","751.0843","2026-07-04T15:54:31.1281792+03:00","2026-07-04 15:54:30","sol-updown-5m-1783169700","85533237237372072164929435195777879188056205496983297092900150057103111478973"
"6","15:55-16:00","SOL","Up","Ask","26","0.76","30","22.8","1292.08","773.8843","2026-07-04T15:54:31.1281792+03:00","2026-07-04 15:54:30","sol-updown-5m-1783169700","85533237237372072164929435195777879188056205496983297092900150057103111478973"
"6","15:55-16:00","SOL","Up","Ask","27","0.77","30","23.1","1322.08","796.9843","2026-07-04T15:54:31.1281792+03:00","2026-07-04 15:54:30","sol-updown-5m-1783169700","85533237237372072164929435195777879188056205496983297092900150057103111478973"
"6","15:55-16:00","SOL","Up","Ask","28","0.78","15","11.7","1337.08","808.6843","2026-07-04T15:54:31.1281792+03:00","2026-07-04 15:54:30","sol-updown-5m-1783169700","85533237237372072164929435195777879188056205496983297092900150057103111478973"
"6","15:55-16:00","SOL","Up","Ask","29","0.79","17","13.43","1354.08","822.1143","2026-07-04T15:54:31.1281792+03:00","2026-07-04 15:54:30","sol-updown-5m-1783169700","85533237237372072164929435195777879188056205496983297092900150057103111478973"
"6","15:55-16:00","SOL","Up","Ask","30","0.8","100.9","80.72","1454.98","902.8343","2026-07-04T15:54:31.1281792+03:00","2026-07-04 15:54:30","sol-updown-5m-1783169700","85533237237372072164929435195777879188056205496983297092900150057103111478973"
"6","15:55-16:00","SOL","Up","Ask","31","0.81","22","17.82","1476.98","920.6543","2026-07-04T15:54:31.1281792+03:00","2026-07-04 15:54:30","sol-updown-5m-1783169700","85533237237372072164929435195777879188056205496983297092900150057103111478973"
"6","15:55-16:00","SOL","Up","Ask","32","0.82","27","22.14","1503.98","942.7943","2026-07-04T15:54:31.1281792+03:00","2026-07-04 15:54:30","sol-updown-5m-1783169700","85533237237372072164929435195777879188056205496983297092900150057103111478973"
"6","15:55-16:00","SOL","Up","Ask","33","0.83","22","18.26","1525.98","961.0543","2026-07-04T15:54:31.1281792+03:00","2026-07-04 15:54:30","sol-updown-5m-1783169700","85533237237372072164929435195777879188056205496983297092900150057103111478973"
"6","15:55-16:00","SOL","Up","Ask","34","0.84","15","12.6","1540.98","973.6543","2026-07-04T15:54:31.1281792+03:00","2026-07-04 15:54:30","sol-updown-5m-1783169700","85533237237372072164929435195777879188056205496983297092900150057103111478973"
"6","15:55-16:00","SOL","Up","Ask","35","0.85","94","79.9","1634.98","1053.5543","2026-07-04T15:54:31.1281792+03:00","2026-07-04 15:54:30","sol-updown-5m-1783169700","85533237237372072164929435195777879188056205496983297092900150057103111478973"
"6","15:55-16:00","SOL","Up","Ask","36","0.86","35","30.1","1669.98","1083.6543","2026-07-04T15:54:31.1281792+03:00","2026-07-04 15:54:30","sol-updown-5m-1783169700","85533237237372072164929435195777879188056205496983297092900150057103111478973"
"6","15:55-16:00","SOL","Up","Ask","37","0.87","30","26.1","1699.98","1109.7543","2026-07-04T15:54:31.1281792+03:00","2026-07-04 15:54:30","sol-updown-5m-1783169700","85533237237372072164929435195777879188056205496983297092900150057103111478973"
"6","15:55-16:00","SOL","Up","Ask","38","0.88","57","50.16","1756.98","1159.9143","2026-07-04T15:54:31.1281792+03:00","2026-07-04 15:54:30","sol-updown-5m-1783169700","85533237237372072164929435195777879188056205496983297092900150057103111478973"
"6","15:55-16:00","SOL","Up","Ask","39","0.89","30","26.7","1786.98","1186.6143","2026-07-04T15:54:31.1281792+03:00","2026-07-04 15:54:30","sol-updown-5m-1783169700","85533237237372072164929435195777879188056205496983297092900150057103111478973"
"6","15:55-16:00","SOL","Up","Ask","40","0.9","355.58","320.022","2142.56","1506.6363","2026-07-04T15:54:31.1281792+03:00","2026-07-04 15:54:30","sol-updown-5m-1783169700","85533237237372072164929435195777879188056205496983297092900150057103111478973"
"6","15:55-16:00","SOL","Up","Ask","41","0.91","600","546","2742.56","2052.6363","2026-07-04T15:54:31.1281792+03:00","2026-07-04 15:54:30","sol-updown-5m-1783169700","85533237237372072164929435195777879188056205496983297092900150057103111478973"
"6","15:55-16:00","SOL","Up","Ask","42","0.92","600","552","3342.56","2604.6363","2026-07-04T15:54:31.1281792+03:00","2026-07-04 15:54:30","sol-updown-5m-1783169700","85533237237372072164929435195777879188056205496983297092900150057103111478973"
"6","15:55-16:00","SOL","Up","Ask","43","0.93","600","558","3942.56","3162.6363","2026-07-04T15:54:31.1281792+03:00","2026-07-04 15:54:30","sol-updown-5m-1783169700","85533237237372072164929435195777879188056205496983297092900150057103111478973"
"6","15:55-16:00","SOL","Up","Ask","44","0.94","675","634.5","4617.56","3797.1363","2026-07-04T15:54:31.1281792+03:00","2026-07-04 15:54:30","sol-updown-5m-1783169700","85533237237372072164929435195777879188056205496983297092900150057103111478973"
"6","15:55-16:00","SOL","Up","Ask","45","0.95","965","916.75","5582.56","4713.8863","2026-07-04T15:54:31.1281792+03:00","2026-07-04 15:54:30","sol-updown-5m-1783169700","85533237237372072164929435195777879188056205496983297092900150057103111478973"
"6","15:55-16:00","SOL","Up","Ask","46","0.96","675","648","6257.56","5361.8863","2026-07-04T15:54:31.1281792+03:00","2026-07-04 15:54:30","sol-updown-5m-1783169700","85533237237372072164929435195777879188056205496983297092900150057103111478973"
"6","15:55-16:00","SOL","Up","Ask","47","0.97","6250","6062.5","12507.56","11424.3863","2026-07-04T15:54:31.1281792+03:00","2026-07-04 15:54:30","sol-updown-5m-1783169700","85533237237372072164929435195777879188056205496983297092900150057103111478973"
"6","15:55-16:00","SOL","Up","Ask","48","0.98","1175","1151.5","13682.56","12575.8863","2026-07-04T15:54:31.1281792+03:00","2026-07-04 15:54:30","sol-updown-5m-1783169700","85533237237372072164929435195777879188056205496983297092900150057103111478973"
"6","15:55-16:00","SOL","Up","Ask","49","0.99","10571","10465.29","24253.56","23041.1763","2026-07-04T15:54:31.1281792+03:00","2026-07-04 15:54:30","sol-updown-5m-1783169700","85533237237372072164929435195777879188056205496983297092900150057103111478973"
"6","15:55-16:00","SOL","Up","Bid","1","0.5","115.7","57.85","115.7","57.85","2026-07-04T15:54:31.1281792+03:00","2026-07-04 15:54:30","sol-updown-5m-1783169700","85533237237372072164929435195777879188056205496983297092900150057103111478973"
"6","15:55-16:00","SOL","Up","Bid","2","0.49","65","31.85","180.7","89.7","2026-07-04T15:54:31.1281792+03:00","2026-07-04 15:54:30","sol-updown-5m-1783169700","85533237237372072164929435195777879188056205496983297092900150057103111478973"
"6","15:55-16:00","SOL","Up","Bid","3","0.48","70","33.6","250.7","123.3","2026-07-04T15:54:31.1281792+03:00","2026-07-04 15:54:30","sol-updown-5m-1783169700","85533237237372072164929435195777879188056205496983297092900150057103111478973"
"6","15:55-16:00","SOL","Up","Bid","4","0.47","45","21.15","295.7","144.45","2026-07-04T15:54:31.1281792+03:00","2026-07-04 15:54:30","sol-updown-5m-1783169700","85533237237372072164929435195777879188056205496983297092900150057103111478973"
"6","15:55-16:00","SOL","Up","Bid","5","0.46","36.52","16.7992","332.22","161.2492","2026-07-04T15:54:31.1281792+03:00","2026-07-04 15:54:30","sol-updown-5m-1783169700","85533237237372072164929435195777879188056205496983297092900150057103111478973"
"6","15:55-16:00","SOL","Up","Bid","6","0.45","143.66","64.647","475.88","225.8962","2026-07-04T15:54:31.1281792+03:00","2026-07-04 15:54:30","sol-updown-5m-1783169700","85533237237372072164929435195777879188056205496983297092900150057103111478973"
"6","15:55-16:00","SOL","Up","Bid","7","0.44","79","34.76","554.88","260.6562","2026-07-04T15:54:31.1281792+03:00","2026-07-04 15:54:30","sol-updown-5m-1783169700","85533237237372072164929435195777879188056205496983297092900150057103111478973"
"6","15:55-16:00","SOL","Up","Bid","8","0.43","123.27","53.0061","678.15","313.6623","2026-07-04T15:54:31.1281792+03:00","2026-07-04 15:54:30","sol-updown-5m-1783169700","85533237237372072164929435195777879188056205496983297092900150057103111478973"
"6","15:55-16:00","SOL","Up","Bid","9","0.42","92.14","38.6988","770.29","352.3611","2026-07-04T15:54:31.1281792+03:00","2026-07-04 15:54:30","sol-updown-5m-1783169700","85533237237372072164929435195777879188056205496983297092900150057103111478973"
"6","15:55-16:00","SOL","Up","Bid","10","0.41","25.63","10.5083","795.92","362.8694","2026-07-04T15:54:31.1281792+03:00","2026-07-04 15:54:30","sol-updown-5m-1783169700","85533237237372072164929435195777879188056205496983297092900150057103111478973"
"6","15:55-16:00","SOL","Up","Bid","11","0.4","27.5","11","823.42","373.8694","2026-07-04T15:54:31.1281792+03:00","2026-07-04 15:54:30","sol-updown-5m-1783169700","85533237237372072164929435195777879188056205496983297092900150057103111478973"
"6","15:55-16:00","SOL","Up","Bid","12","0.39","85","33.15","908.42","407.0194","2026-07-04T15:54:31.1281792+03:00","2026-07-04 15:54:30","sol-updown-5m-1783169700","85533237237372072164929435195777879188056205496983297092900150057103111478973"
"6","15:55-16:00","SOL","Up","Bid","13","0.38","5","1.9","913.42","408.9194","2026-07-04T15:54:31.1281792+03:00","2026-07-04 15:54:30","sol-updown-5m-1783169700","85533237237372072164929435195777879188056205496983297092900150057103111478973"
"6","15:55-16:00","SOL","Up","Bid","14","0.37","18.51","6.8487","931.93","415.7681","2026-07-04T15:54:31.1281792+03:00","2026-07-04 15:54:30","sol-updown-5m-1783169700","85533237237372072164929435195777879188056205496983297092900150057103111478973"
"6","15:55-16:00","SOL","Up","Bid","15","0.36","24.44","8.7984","956.37","424.5665","2026-07-04T15:54:31.1281792+03:00","2026-07-04 15:54:30","sol-updown-5m-1783169700","85533237237372072164929435195777879188056205496983297092900150057103111478973"
"6","15:55-16:00","SOL","Up","Bid","16","0.35","205","71.75","1161.37","496.3165","2026-07-04T15:54:31.1281792+03:00","2026-07-04 15:54:30","sol-updown-5m-1783169700","85533237237372072164929435195777879188056205496983297092900150057103111478973"
"6","15:55-16:00","SOL","Up","Bid","17","0.34","5","1.7","1166.37","498.0165","2026-07-04T15:54:31.1281792+03:00","2026-07-04 15:54:30","sol-updown-5m-1783169700","85533237237372072164929435195777879188056205496983297092900150057103111478973"
"6","15:55-16:00","SOL","Up","Bid","18","0.33","5","1.65","1171.37","499.6665","2026-07-04T15:54:31.1281792+03:00","2026-07-04 15:54:30","sol-updown-5m-1783169700","85533237237372072164929435195777879188056205496983297092900150057103111478973"
"6","15:55-16:00","SOL","Up","Bid","19","0.32","5","1.6","1176.37","501.2665","2026-07-04T15:54:31.1281792+03:00","2026-07-04 15:54:30","sol-updown-5m-1783169700","85533237237372072164929435195777879188056205496983297092900150057103111478973"
"6","15:55-16:00","SOL","Up","Bid","20","0.31","5","1.55","1181.37","502.8165","2026-07-04T15:54:31.1281792+03:00","2026-07-04 15:54:30","sol-updown-5m-1783169700","85533237237372072164929435195777879188056205496983297092900150057103111478973"
"6","15:55-16:00","SOL","Up","Bid","21","0.3","64.36","19.308","1245.73","522.1245","2026-07-04T15:54:31.1281792+03:00","2026-07-04 15:54:30","sol-updown-5m-1783169700","85533237237372072164929435195777879188056205496983297092900150057103111478973"
"6","15:55-16:00","SOL","Up","Bid","22","0.29","5","1.45","1250.73","523.5745","2026-07-04T15:54:31.1281792+03:00","2026-07-04 15:54:30","sol-updown-5m-1783169700","85533237237372072164929435195777879188056205496983297092900150057103111478973"
"6","15:55-16:00","SOL","Up","Bid","23","0.28","15.71","4.3988","1266.44","527.9733","2026-07-04T15:54:31.1281792+03:00","2026-07-04 15:54:30","sol-updown-5m-1783169700","85533237237372072164929435195777879188056205496983297092900150057103111478973"
"6","15:55-16:00","SOL","Up","Bid","24","0.27","5","1.35","1271.44","529.3233","2026-07-04T15:54:31.1281792+03:00","2026-07-04 15:54:30","sol-updown-5m-1783169700","85533237237372072164929435195777879188056205496983297092900150057103111478973"
"6","15:55-16:00","SOL","Up","Bid","25","0.26","10","2.6","1281.44","531.9233","2026-07-04T15:54:31.1281792+03:00","2026-07-04 15:54:30","sol-updown-5m-1783169700","85533237237372072164929435195777879188056205496983297092900150057103111478973"
"6","15:55-16:00","SOL","Up","Bid","26","0.25","15","3.75","1296.44","535.6733","2026-07-04T15:54:31.1281792+03:00","2026-07-04 15:54:30","sol-updown-5m-1783169700","85533237237372072164929435195777879188056205496983297092900150057103111478973"
"6","15:55-16:00","SOL","Up","Bid","27","0.24","30","7.2","1326.44","542.8733","2026-07-04T15:54:31.1281792+03:00","2026-07-04 15:54:30","sol-updown-5m-1783169700","85533237237372072164929435195777879188056205496983297092900150057103111478973"
"6","15:55-16:00","SOL","Up","Bid","28","0.23","30","6.9","1356.44","549.7733","2026-07-04T15:54:31.1281792+03:00","2026-07-04 15:54:30","sol-updown-5m-1783169700","85533237237372072164929435195777879188056205496983297092900150057103111478973"
"6","15:55-16:00","SOL","Up","Bid","29","0.22","15","3.3","1371.44","553.0733","2026-07-04T15:54:31.1281792+03:00","2026-07-04 15:54:30","sol-updown-5m-1783169700","85533237237372072164929435195777879188056205496983297092900150057103111478973"
"6","15:55-16:00","SOL","Up","Bid","30","0.21","17","3.57","1388.44","556.6433","2026-07-04T15:54:31.1281792+03:00","2026-07-04 15:54:30","sol-updown-5m-1783169700","85533237237372072164929435195777879188056205496983297092900150057103111478973"
"6","15:55-16:00","SOL","Up","Bid","31","0.2","100.9","20.18","1489.34","576.8233","2026-07-04T15:54:31.1281792+03:00","2026-07-04 15:54:30","sol-updown-5m-1783169700","85533237237372072164929435195777879188056205496983297092900150057103111478973"
"6","15:55-16:00","SOL","Up","Bid","32","0.19","22","4.18","1511.34","581.0033","2026-07-04T15:54:31.1281792+03:00","2026-07-04 15:54:30","sol-updown-5m-1783169700","85533237237372072164929435195777879188056205496983297092900150057103111478973"
"6","15:55-16:00","SOL","Up","Bid","33","0.18","27","4.86","1538.34","585.8633","2026-07-04T15:54:31.1281792+03:00","2026-07-04 15:54:30","sol-updown-5m-1783169700","85533237237372072164929435195777879188056205496983297092900150057103111478973"
"6","15:55-16:00","SOL","Up","Bid","34","0.17","22","3.74","1560.34","589.6033","2026-07-04T15:54:31.1281792+03:00","2026-07-04 15:54:30","sol-updown-5m-1783169700","85533237237372072164929435195777879188056205496983297092900150057103111478973"
"6","15:55-16:00","SOL","Up","Bid","35","0.16","22","3.52","1582.34","593.1233","2026-07-04T15:54:31.1281792+03:00","2026-07-04 15:54:30","sol-updown-5m-1783169700","85533237237372072164929435195777879188056205496983297092900150057103111478973"
"6","15:55-16:00","SOL","Up","Bid","36","0.15","94","14.1","1676.34","607.2233","2026-07-04T15:54:31.1281792+03:00","2026-07-04 15:54:30","sol-updown-5m-1783169700","85533237237372072164929435195777879188056205496983297092900150057103111478973"
"6","15:55-16:00","SOL","Up","Bid","37","0.14","35","4.9","1711.34","612.1233","2026-07-04T15:54:31.1281792+03:00","2026-07-04 15:54:30","sol-updown-5m-1783169700","85533237237372072164929435195777879188056205496983297092900150057103111478973"
"6","15:55-16:00","SOL","Up","Bid","38","0.13","30","3.9","1741.34","616.0233","2026-07-04T15:54:31.1281792+03:00","2026-07-04 15:54:30","sol-updown-5m-1783169700","85533237237372072164929435195777879188056205496983297092900150057103111478973"
"6","15:55-16:00","SOL","Up","Bid","39","0.12","64","7.68","1805.34","623.7033","2026-07-04T15:54:31.1281792+03:00","2026-07-04 15:54:30","sol-updown-5m-1783169700","85533237237372072164929435195777879188056205496983297092900150057103111478973"
"6","15:55-16:00","SOL","Up","Bid","40","0.11","30","3.3","1835.34","627.0033","2026-07-04T15:54:31.1281792+03:00","2026-07-04 15:54:30","sol-updown-5m-1783169700","85533237237372072164929435195777879188056205496983297092900150057103111478973"
"6","15:55-16:00","SOL","Up","Bid","41","0.1","355.58","35.558","2190.92","662.5613","2026-07-04T15:54:31.1281792+03:00","2026-07-04 15:54:30","sol-updown-5m-1783169700","85533237237372072164929435195777879188056205496983297092900150057103111478973"
"6","15:55-16:00","SOL","Up","Bid","42","0.09","600","54","2790.92","716.5613","2026-07-04T15:54:31.1281792+03:00","2026-07-04 15:54:30","sol-updown-5m-1783169700","85533237237372072164929435195777879188056205496983297092900150057103111478973"
"6","15:55-16:00","SOL","Up","Bid","43","0.08","600","48","3390.92","764.5613","2026-07-04T15:54:31.1281792+03:00","2026-07-04 15:54:30","sol-updown-5m-1783169700","85533237237372072164929435195777879188056205496983297092900150057103111478973"
"6","15:55-16:00","SOL","Up","Bid","44","0.07","600","42","3990.92","806.5613","2026-07-04T15:54:31.1281792+03:00","2026-07-04 15:54:30","sol-updown-5m-1783169700","85533237237372072164929435195777879188056205496983297092900150057103111478973"
"6","15:55-16:00","SOL","Up","Bid","45","0.06","675","40.5","4665.92","847.0613","2026-07-04T15:54:31.1281792+03:00","2026-07-04 15:54:30","sol-updown-5m-1783169700","85533237237372072164929435195777879188056205496983297092900150057103111478973"
"6","15:55-16:00","SOL","Up","Bid","46","0.05","965","48.25","5630.92","895.3113","2026-07-04T15:54:31.1281792+03:00","2026-07-04 15:54:30","sol-updown-5m-1783169700","85533237237372072164929435195777879188056205496983297092900150057103111478973"
"6","15:55-16:00","SOL","Up","Bid","47","0.04","675","27","6305.92","922.3113","2026-07-04T15:54:31.1281792+03:00","2026-07-04 15:54:30","sol-updown-5m-1783169700","85533237237372072164929435195777879188056205496983297092900150057103111478973"
"6","15:55-16:00","SOL","Up","Bid","48","0.03","6250","187.5","12555.92","1109.8113","2026-07-04T15:54:31.1281792+03:00","2026-07-04 15:54:30","sol-updown-5m-1783169700","85533237237372072164929435195777879188056205496983297092900150057103111478973"
"6","15:55-16:00","SOL","Up","Bid","49","0.02","1180","23.6","13735.92","1133.4113","2026-07-04T15:54:31.1281792+03:00","2026-07-04 15:54:30","sol-updown-5m-1783169700","85533237237372072164929435195777879188056205496983297092900150057103111478973"
"6","15:55-16:00","SOL","Up","Bid","50","0.01","10571","105.71","24306.92","1239.1213","2026-07-04T15:54:31.1281792+03:00","2026-07-04 15:54:30","sol-updown-5m-1783169700","85533237237372072164929435195777879188056205496983297092900150057103111478973"
