asset,market_id,condition_id,market_slug,market_start_utc,market_end_utc,sampled_at_utc,seconds_from_start,seconds_to_close,binance_price_usd,binance_start_price_usd,reference_move_usd,reference_move_bps,up_asset_id,up_best_bid,up_best_ask,up_mid,up_price_proxy,up_price_proxy_kind,up_book_source,up_book_age_ms,down_asset_id,down_best_bid,down_best_ask,down_mid,down_price_proxy,down_price_proxy_kind,down_book_source,down_book_age_ms,diagnostics_json
BTC,2206781,0x1f27676019a4ea8d01d13584899bd0ab021e7c365a4141763f6a6c9a2d5cb693,btc-updown-5m-1778392200,2026-05-10 08:50:00+03,2026-05-10 08:55:00+03,2026-05-10 08:50:05.067027+03,5.067,294.93297290,80747.34000000,80747.34000000,0.00000000,0.00000000,73531820480396086833257247832990675325273753849873933092456039139675969545804,0.53000000,0.54000000,0.53500000,0.53500000,mid,websocket_cache,11.72930000,15624676288604945927518532630490358266369975281638310384126281316829861587250,0.47000000,0.48000000,0.47500000,0.47500000,mid,websocket_cache,1497.56360000,"{""btc_source"": ""BinanceTradeWebSocket"", ""market_active"": true, ""market_closed"": false, ""up_book_error"": null, ""up_book_source"": ""websocket_cache"", ""up_book_status"": ""found"", ""down_book_error"": null, ""market_archived"": false, ""down_book_source"": ""websocket_cache"", ""down_book_status"": ""found"", ""market_accepting_orders"": true, ""market_enable_order_book"": true}"
BTC,2206781,0x1f27676019a4ea8d01d13584899bd0ab021e7c365a4141763f6a6c9a2d5cb693,btc-updown-5m-1778392200,2026-05-10 08:50:00+03,2026-05-10 08:55:00+03,2026-05-10 08:50:10.206598+03,10.207,289.79340110,80733.36000000,80747.34000000,-13.98000000,-1.73132638,73531820480396086833257247832990675325273753849873933092456039139675969545804,0.42000000,0.44000000,0.43000000,0.43000000,mid,websocket_cache,809.69540000,15624676288604945927518532630490358266369975281638310384126281316829861587250,0.56000000,0.57000000,0.56500000,0.56500000,mid,websocket_cache,730.19420000,"{""btc_source"": ""BinanceTradeWebSocket"", ""market_active"": true, ""market_closed"": false, ""up_book_error"": null, ""up_book_source"": ""websocket_cache"", ""up_book_status"": ""found"", ""down_book_error"": null, ""market_archived"": false, ""down_book_source"": ""websocket_cache"", ""down_book_status"": ""found"", ""market_accepting_orders"": true, ""market_enable_order_book"": true}"
BTC,2206781,0x1f27676019a4ea8d01d13584899bd0ab021e7c365a4141763f6a6c9a2d5cb693,btc-updown-5m-1778392200,2026-05-10 08:50:00+03,2026-05-10 08:55:00+03,2026-05-10 08:50:15.433051+03,15.433,284.56694900,80733.35000000,80747.34000000,-13.99000000,-1.73256481,73531820480396086833257247832990675325273753849873933092456039139675969545804,0.40000000,0.41000000,0.40500000,0.40500000,mid,websocket_cache,82.95530000,15624676288604945927518532630490358266369975281638310384126281316829861587250,0.59000000,0.60000000,0.59500000,0.59500000,mid,websocket_cache,19.39370000,"{""btc_source"": ""BinanceTradeWebSocket"", ""market_active"": true, ""market_closed"": false, ""up_book_error"": null, ""up_book_source"": ""websocket_cache"", ""up_book_status"": ""found"", ""down_book_error"": null, ""market_archived"": false, ""down_book_source"": ""websocket_cache"", ""down_book_status"": ""found"", ""market_accepting_orders"": true, ""market_enable_order_book"": true}"
BTC,2206781,0x1f27676019a4ea8d01d13584899bd0ab021e7c365a4141763f6a6c9a2d5cb693,btc-updown-5m-1778392200,2026-05-10 08:50:00+03,2026-05-10 08:55:00+03,2026-05-10 08:50:20.616918+03,20.617,279.38308160,80733.36000000,80747.34000000,-13.98000000,-1.73132638,73531820480396086833257247832990675325273753849873933092456039139675969545804,0.39000000,0.40000000,0.39500000,0.39500000,mid,websocket_cache,495.00940000,15624676288604945927518532630490358266369975281638310384126281316829861587250,0.60000000,0.61000000,0.60500000,0.60500000,mid,websocket_cache,432.30810000,"{""btc_source"": ""BinanceTradeWebSocket"", ""market_active"": true, ""market_closed"": false, ""up_book_error"": null, ""up_book_source"": ""websocket_cache"", ""up_book_status"": ""found"", ""down_book_error"": null, ""market_archived"": false, ""down_book_source"": ""websocket_cache"", ""down_book_status"": ""found"", ""market_accepting_orders"": true, ""market_enable_order_book"": true}"
BTC,2206781,0x1f27676019a4ea8d01d13584899bd0ab021e7c365a4141763f6a6c9a2d5cb693,btc-updown-5m-1778392200,2026-05-10 08:50:00+03,2026-05-10 08:55:00+03,2026-05-10 08:50:25.750738+03,25.751,274.24926150,80729.13000000,80747.34000000,-18.21000000,-2.25518265,73531820480396086833257247832990675325273753849873933092456039139675969545804,0.35000000,0.38000000,0.36500000,0.36500000,mid,websocket_cache,1185.54370000,15624676288604945927518532630490358266369975281638310384126281316829861587250,0.63000000,0.64000000,0.63500000,0.63500000,mid,websocket_cache,1105.86480000,"{""btc_source"": ""BinanceTradeWebSocket"", ""market_active"": true, ""market_closed"": false, ""up_book_error"": null, ""up_book_source"": ""websocket_cache"", ""up_book_status"": ""found"", ""down_book_error"": null, ""market_archived"": false, ""down_book_source"": ""websocket_cache"", ""down_book_status"": ""found"", ""market_accepting_orders"": true, ""market_enable_order_book"": true}"
BTC,2206781,0x1f27676019a4ea8d01d13584899bd0ab021e7c365a4141763f6a6c9a2d5cb693,btc-updown-5m-1778392200,2026-05-10 08:50:00+03,2026-05-10 08:55:00+03,2026-05-10 08:50:30.917722+03,30.918,269.08227750,80722.77000000,80747.34000000,-24.57000000,-3.04282469,73531820480396086833257247832990675325273753849873933092456039139675969545804,0.30000000,0.31000000,0.30500000,0.30500000,mid,websocket_cache,1446.13990000,15624676288604945927518532630490358266369975281638310384126281316829861587250,0.69000000,0.70000000,0.69500000,0.69500000,mid,websocket_cache,1372.74310000,"{""btc_source"": ""BinanceTradeWebSocket"", ""market_active"": true, ""market_closed"": false, ""up_book_error"": null, ""up_book_source"": ""websocket_cache"", ""up_book_status"": ""found"", ""down_book_error"": null, ""market_archived"": false, ""down_book_source"": ""websocket_cache"", ""down_book_status"": ""found"", ""market_accepting_orders"": true, ""market_enable_order_book"": true}"
BTC,2206781,0x1f27676019a4ea8d01d13584899bd0ab021e7c365a4141763f6a6c9a2d5cb693,btc-updown-5m-1778392200,2026-05-10 08:50:00+03,2026-05-10 08:55:00+03,2026-05-10 08:50:36.061995+03,36.062,263.93800470,80722.76000000,80747.34000000,-24.58000000,-3.04406312,73531820480396086833257247832990675325273753849873933092456039139675969545804,0.29000000,0.30000000,0.29500000,0.29500000,mid,websocket_cache,1112.89080000,15624676288604945927518532630490358266369975281638310384126281316829861587250,0.70000000,0.71000000,0.70500000,0.70500000,mid,websocket_cache,1030.89700000,"{""btc_source"": ""BinanceTradeWebSocket"", ""market_active"": true, ""market_closed"": false, ""up_book_error"": null, ""up_book_source"": ""websocket_cache"", ""up_book_status"": ""found"", ""down_book_error"": null, ""market_archived"": false, ""down_book_source"": ""websocket_cache"", ""down_book_status"": ""found"", ""market_accepting_orders"": true, ""market_enable_order_book"": true}"
BTC,2206781,0x1f27676019a4ea8d01d13584899bd0ab021e7c365a4141763f6a6c9a2d5cb693,btc-updown-5m-1778392200,2026-05-10 08:50:00+03,2026-05-10 08:55:00+03,2026-05-10 08:50:41.234981+03,41.235,258.76501870,80722.76000000,80747.34000000,-24.58000000,-3.04406312,73531820480396086833257247832990675325273753849873933092456039139675969545804,0.28000000,0.29000000,0.28500000,0.28500000,mid,websocket_cache,1093.76780000,15624676288604945927518532630490358266369975281638310384126281316829861587250,0.71000000,0.72000000,0.71500000,0.71500000,mid,websocket_cache,950.01640000,"{""btc_source"": ""BinanceTradeWebSocket"", ""market_active"": true, ""market_closed"": false, ""up_book_error"": null, ""up_book_source"": ""websocket_cache"", ""up_book_status"": ""found"", ""down_book_error"": null, ""market_archived"": false, ""down_book_source"": ""websocket_cache"", ""down_book_status"": ""found"", ""market_accepting_orders"": true, ""market_enable_order_book"": true}"
BTC,2206781,0x1f27676019a4ea8d01d13584899bd0ab021e7c365a4141763f6a6c9a2d5cb693,btc-updown-5m-1778392200,2026-05-10 08:50:00+03,2026-05-10 08:55:00+03,2026-05-10 08:50:46.441504+03,46.442,253.55849580,80709.78000000,80747.34000000,-37.56000000,-4.65154642,73531820480396086833257247832990675325273753849873933092456039139675969545804,0.21000000,0.22000000,0.21500000,0.21500000,mid,websocket_cache,955.69140000,15624676288604945927518532630490358266369975281638310384126281316829861587250,0.78000000,0.79000000,0.78500000,0.78500000,mid,websocket_cache,886.03370000,"{""btc_source"": ""BinanceTradeWebSocket"", ""market_active"": true, ""market_closed"": false, ""up_book_error"": null, ""up_book_source"": ""websocket_cache"", ""up_book_status"": ""found"", ""down_book_error"": null, ""market_archived"": false, ""down_book_source"": ""websocket_cache"", ""down_book_status"": ""found"", ""market_accepting_orders"": true, ""market_enable_order_book"": true}"
BTC,2206781,0x1f27676019a4ea8d01d13584899bd0ab021e7c365a4141763f6a6c9a2d5cb693,btc-updown-5m-1778392200,2026-05-10 08:50:00+03,2026-05-10 08:55:00+03,2026-05-10 08:50:51.702206+03,51.702,248.29779310,80709.78000000,80747.34000000,-37.56000000,-4.65154642,73531820480396086833257247832990675325273753849873933092456039139675969545804,0.17000000,0.18000000,0.17500000,0.17500000,mid,websocket_cache,808.50380000,15624676288604945927518532630490358266369975281638310384126281316829861587250,0.82000000,0.83000000,0.82500000,0.82500000,mid,websocket_cache,743.00370000,"{""btc_source"": ""BinanceTradeWebSocket"", ""market_active"": true, ""market_closed"": false, ""up_book_error"": null, ""up_book_source"": ""websocket_cache"", ""up_book_status"": ""found"", ""down_book_error"": null, ""market_archived"": false, ""down_book_source"": ""websocket_cache"", ""down_book_status"": ""found"", ""market_accepting_orders"": true, ""market_enable_order_book"": true}"
BTC,2206781,0x1f27676019a4ea8d01d13584899bd0ab021e7c365a4141763f6a6c9a2d5cb693,btc-updown-5m-1778392200,2026-05-10 08:50:00+03,2026-05-10 08:55:00+03,2026-05-10 08:50:56.885307+03,56.885,243.11469260,80709.77000000,80747.34000000,-37.57000000,-4.65278485,73531820480396086833257247832990675325273753849873933092456039139675969545804,0.19000000,0.20000000,0.19500000,0.19500000,mid,websocket_cache,472.44460000,15624676288604945927518532630490358266369975281638310384126281316829861587250,0.80000000,0.81000000,0.80500000,0.80500000,mid,websocket_cache,408.24640000,"{""btc_source"": ""BinanceTradeWebSocket"", ""market_active"": true, ""market_closed"": false, ""up_book_error"": null, ""up_book_source"": ""websocket_cache"", ""up_book_status"": ""found"", ""down_book_error"": null, ""market_archived"": false, ""down_book_source"": ""websocket_cache"", ""down_book_status"": ""found"", ""market_accepting_orders"": true, ""market_enable_order_book"": true}"
BTC,2206781,0x1f27676019a4ea8d01d13584899bd0ab021e7c365a4141763f6a6c9a2d5cb693,btc-updown-5m-1778392200,2026-05-10 08:50:00+03,2026-05-10 08:55:00+03,2026-05-10 08:51:02.045058+03,62.045,237.95494180,80709.78000000,80747.34000000,-37.56000000,-4.65154642,73531820480396086833257247832990675325273753849873933092456039139675969545804,0.25000000,0.26000000,0.25500000,0.25500000,mid,websocket_cache,319.12230000,15624676288604945927518532630490358266369975281638310384126281316829861587250,0.74000000,0.75000000,0.74500000,0.74500000,mid,websocket_cache,255.01460000,"{""btc_source"": ""BinanceTradeWebSocket"", ""market_active"": true, ""market_closed"": false, ""up_book_error"": null, ""up_book_source"": ""websocket_cache"", ""up_book_status"": ""found"", ""down_book_error"": null, ""market_archived"": false, ""down_book_source"": ""websocket_cache"", ""down_book_status"": ""found"", ""market_accepting_orders"": true, ""market_enable_order_book"": true}"
BTC,2206781,0x1f27676019a4ea8d01d13584899bd0ab021e7c365a4141763f6a6c9a2d5cb693,btc-updown-5m-1778392200,2026-05-10 08:50:00+03,2026-05-10 08:55:00+03,2026-05-10 08:51:07.293245+03,67.293,232.70675500,80709.78000000,80747.34000000,-37.56000000,-4.65154642,73531820480396086833257247832990675325273753849873933092456039139675969545804,0.23000000,0.26000000,0.24500000,0.24500000,mid,websocket_cache,106.15690000,15624676288604945927518532630490358266369975281638310384126281316829861587250,0.74000000,0.77000000,0.75500000,0.75500000,mid,websocket_cache,16.36060000,"{""btc_source"": ""BinanceTradeWebSocket"", ""market_active"": true, ""market_closed"": false, ""up_book_error"": null, ""up_book_source"": ""websocket_cache"", ""up_book_status"": ""found"", ""down_book_error"": null, ""market_archived"": false, ""down_book_source"": ""websocket_cache"", ""down_book_status"": ""found"", ""market_accepting_orders"": true, ""market_enable_order_book"": true}"
BTC,2206781,0x1f27676019a4ea8d01d13584899bd0ab021e7c365a4141763f6a6c9a2d5cb693,btc-updown-5m-1778392200,2026-05-10 08:50:00+03,2026-05-10 08:55:00+03,2026-05-10 08:51:12.448055+03,72.448,227.55194420,80709.77000000,80747.34000000,-37.57000000,-4.65278485,73531820480396086833257247832990675325273753849873933092456039139675969545804,0.20000000,0.21000000,0.20500000,0.20500000,mid,websocket_cache,1248.02880000,15624676288604945927518532630490358266369975281638310384126281316829861587250,0.79000000,0.80000000,0.79500000,0.79500000,mid,websocket_cache,1186.91170000,"{""btc_source"": ""BinanceTradeWebSocket"", ""market_active"": true, ""market_closed"": false, ""up_book_error"": null, ""up_book_source"": ""websocket_cache"", ""up_book_status"": ""found"", ""down_book_error"": null, ""market_archived"": false, ""down_book_source"": ""websocket_cache"", ""down_book_status"": ""found"", ""market_accepting_orders"": true, ""market_enable_order_book"": true}"
BTC,2206781,0x1f27676019a4ea8d01d13584899bd0ab021e7c365a4141763f6a6c9a2d5cb693,btc-updown-5m-1778392200,2026-05-10 08:50:00+03,2026-05-10 08:55:00+03,2026-05-10 08:51:48.608304+03,108.608,191.39169570,80697.20000000,80747.34000000,-50.14000000,-6.20949247,73531820480396086833257247832990675325273753849873933092456039139675969545804,0.07000000,0.08000000,0.07500000,0.07500000,mid,websocket_cache,1248.23300000,15624676288604945927518532630490358266369975281638310384126281316829861587250,0.92000000,0.93000000,0.92500000,0.92500000,mid,websocket_cache,1186.76870000,"{""btc_source"": ""BinanceTradeWebSocket"", ""market_active"": true, ""market_closed"": false, ""up_book_error"": null, ""up_book_source"": ""websocket_cache"", ""up_book_status"": ""found"", ""down_book_error"": null, ""market_archived"": false, ""down_book_source"": ""websocket_cache"", ""down_book_status"": ""found"", ""market_accepting_orders"": true, ""market_enable_order_book"": true}"
BTC,2206781,0x1f27676019a4ea8d01d13584899bd0ab021e7c365a4141763f6a6c9a2d5cb693,btc-updown-5m-1778392200,2026-05-10 08:50:00+03,2026-05-10 08:55:00+03,2026-05-10 08:51:53.815202+03,113.815,186.18479710,80697.21000000,80747.34000000,-50.13000000,-6.20825404,73531820480396086833257247832990675325273753849873933092456039139675969545804,0.06000000,0.07000000,0.06500000,0.06500000,mid,websocket_cache,1075.33900000,15624676288604945927518532630490358266369975281638310384126281316829861587250,0.93000000,0.94000000,0.93500000,0.93500000,mid,websocket_cache,1001.32430000,"{""btc_source"": ""BinanceTradeWebSocket"", ""market_active"": true, ""market_closed"": false, ""up_book_error"": null, ""up_book_source"": ""websocket_cache"", ""up_book_status"": ""found"", ""down_book_error"": null, ""market_archived"": false, ""down_book_source"": ""websocket_cache"", ""down_book_status"": ""found"", ""market_accepting_orders"": true, ""market_enable_order_book"": true}"
BTC,2206781,0x1f27676019a4ea8d01d13584899bd0ab021e7c365a4141763f6a6c9a2d5cb693,btc-updown-5m-1778392200,2026-05-10 08:50:00+03,2026-05-10 08:55:00+03,2026-05-10 08:51:59.020366+03,119.020,180.97963370,80697.21000000,80747.34000000,-50.13000000,-6.20825404,73531820480396086833257247832990675325273753849873933092456039139675969545804,0.05000000,0.06000000,0.05500000,0.05500000,mid,websocket_cache,766.49700000,15624676288604945927518532630490358266369975281638310384126281316829861587250,0.94000000,0.95000000,0.94500000,0.94500000,mid,websocket_cache,384.61950000,"{""btc_source"": ""BinanceTradeWebSocket"", ""market_active"": true, ""market_closed"": false, ""up_book_error"": null, ""up_book_source"": ""websocket_cache"", ""up_book_status"": ""found"", ""down_book_error"": null, ""market_archived"": false, ""down_book_source"": ""websocket_cache"", ""down_book_status"": ""found"", ""market_accepting_orders"": true, ""market_enable_order_book"": true}"
BTC,2206781,0x1f27676019a4ea8d01d13584899bd0ab021e7c365a4141763f6a6c9a2d5cb693,btc-updown-5m-1778392200,2026-05-10 08:50:00+03,2026-05-10 08:55:00+03,2026-05-10 08:52:04.163691+03,124.164,175.83630820,80697.22000000,80747.34000000,-50.12000000,-6.20701561,73531820480396086833257247832990675325273753849873933092456039139675969545804,0.12000000,0.13000000,0.12500000,0.12500000,mid,websocket_cache,190.01940000,15624676288604945927518532630490358266369975281638310384126281316829861587250,0.87000000,0.88000000,0.87500000,0.87500000,mid,websocket_cache,106.00880000,"{""btc_source"": ""BinanceTradeWebSocket"", ""market_active"": true, ""market_closed"": false, ""up_book_error"": null, ""up_book_source"": ""websocket_cache"", ""up_book_status"": ""found"", ""down_book_error"": null, ""market_archived"": false, ""down_book_source"": ""websocket_cache"", ""down_book_status"": ""found"", ""market_accepting_orders"": true, ""market_enable_order_book"": true}"
BTC,2206781,0x1f27676019a4ea8d01d13584899bd0ab021e7c365a4141763f6a6c9a2d5cb693,btc-updown-5m-1778392200,2026-05-10 08:50:00+03,2026-05-10 08:55:00+03,2026-05-10 08:52:09.340023+03,129.340,170.65997610,80698.66000000,80747.34000000,-48.68000000,-6.02868156,73531820480396086833257247832990675325273753849873933092456039139675969545804,0.11000000,0.12000000,0.11500000,0.11500000,mid,websocket_cache,53.79010000,15624676288604945927518532630490358266369975281638310384126281316829861587250,0.88000000,0.89000000,0.88500000,0.88500000,mid,websocket_cache,1285.52740000,"{""btc_source"": ""BinanceTradeWebSocket"", ""market_active"": true, ""market_closed"": false, ""up_book_error"": null, ""up_book_source"": ""websocket_cache"", ""up_book_status"": ""found"", ""down_book_error"": null, ""market_archived"": false, ""down_book_source"": ""websocket_cache"", ""down_book_status"": ""found"", ""market_accepting_orders"": true, ""market_enable_order_book"": true}"
BTC,2206781,0x1f27676019a4ea8d01d13584899bd0ab021e7c365a4141763f6a6c9a2d5cb693,btc-updown-5m-1778392200,2026-05-10 08:50:00+03,2026-05-10 08:55:00+03,2026-05-10 08:52:14.532032+03,134.532,165.46796740,80705.57000000,80747.34000000,-41.77000000,-5.17292582,73531820480396086833257247832990675325273753849873933092456039139675969545804,0.12000000,0.13000000,0.12500000,0.12500000,mid,websocket_cache,1178.67920000,15624676288604945927518532630490358266369975281638310384126281316829861587250,0.87000000,0.88000000,0.87500000,0.87500000,mid,websocket_cache,1095.75690000,"{""btc_source"": ""BinanceTradeWebSocket"", ""market_active"": true, ""market_closed"": false, ""up_book_error"": null, ""up_book_source"": ""websocket_cache"", ""up_book_status"": ""found"", ""down_book_error"": null, ""market_archived"": false, ""down_book_source"": ""websocket_cache"", ""down_book_status"": ""found"", ""market_accepting_orders"": true, ""market_enable_order_book"": true}"
BTC,2206781,0x1f27676019a4ea8d01d13584899bd0ab021e7c365a4141763f6a6c9a2d5cb693,btc-updown-5m-1778392200,2026-05-10 08:50:00+03,2026-05-10 08:55:00+03,2026-05-10 08:52:19.742305+03,139.742,160.25769420,80705.56000000,80747.34000000,-41.78000000,-5.17416425,73531820480396086833257247832990675325273753849873933092456039139675969545804,0.10000000,0.11000000,0.10500000,0.10500000,mid,websocket_cache,992.13030000,15624676288604945927518532630490358266369975281638310384126281316829861587250,0.89000000,0.90000000,0.89500000,0.89500000,mid,websocket_cache,902.36730000,"{""btc_source"": ""BinanceTradeWebSocket"", ""market_active"": true, ""market_closed"": false, ""up_book_error"": null, ""up_book_source"": ""websocket_cache"", ""up_book_status"": ""found"", ""down_book_error"": null, ""market_archived"": false, ""down_book_source"": ""websocket_cache"", ""down_book_status"": ""found"", ""market_accepting_orders"": true, ""market_enable_order_book"": true}"
BTC,2206781,0x1f27676019a4ea8d01d13584899bd0ab021e7c365a4141763f6a6c9a2d5cb693,btc-updown-5m-1778392200,2026-05-10 08:50:00+03,2026-05-10 08:55:00+03,2026-05-10 08:52:24.924065+03,144.924,155.07593500,80705.57000000,80747.34000000,-41.77000000,-5.17292582,73531820480396086833257247832990675325273753849873933092456039139675969545804,0.11000000,0.12000000,0.11500000,0.11500000,mid,websocket_cache,751.28870000,15624676288604945927518532630490358266369975281638310384126281316829861587250,0.88000000,0.89000000,0.88500000,0.88500000,mid,websocket_cache,689.94000000,"{""btc_source"": ""BinanceTradeWebSocket"", ""market_active"": true, ""market_closed"": false, ""up_book_error"": null, ""up_book_source"": ""websocket_cache"", ""up_book_status"": ""found"", ""down_book_error"": null, ""market_archived"": false, ""down_book_source"": ""websocket_cache"", ""down_book_status"": ""found"", ""market_accepting_orders"": true, ""market_enable_order_book"": true}"
BTC,2206781,0x1f27676019a4ea8d01d13584899bd0ab021e7c365a4141763f6a6c9a2d5cb693,btc-updown-5m-1778392200,2026-05-10 08:50:00+03,2026-05-10 08:55:00+03,2026-05-10 08:52:30.103413+03,150.103,149.89658620,80705.56000000,80747.34000000,-41.78000000,-5.17416425,73531820480396086833257247832990675325273753849873933092456039139675969545804,0.09000000,0.10000000,0.09500000,0.09500000,mid,websocket_cache,430.59050000,15624676288604945927518532630490358266369975281638310384126281316829861587250,0.90000000,0.91000000,0.90500000,0.90500000,mid,websocket_cache,350.64220000,"{""btc_source"": ""BinanceTradeWebSocket"", ""market_active"": true, ""market_closed"": false, ""up_book_error"": null, ""up_book_source"": ""websocket_cache"", ""up_book_status"": ""found"", ""down_book_error"": null, ""market_archived"": false, ""down_book_source"": ""websocket_cache"", ""down_book_status"": ""found"", ""market_accepting_orders"": true, ""market_enable_order_book"": true}"
BTC,2206781,0x1f27676019a4ea8d01d13584899bd0ab021e7c365a4141763f6a6c9a2d5cb693,btc-updown-5m-1778392200,2026-05-10 08:50:00+03,2026-05-10 08:55:00+03,2026-05-10 08:52:35.306766+03,155.307,144.69323380,80705.56000000,80747.34000000,-41.78000000,-5.17416425,73531820480396086833257247832990675325273753849873933092456039139675969545804,0.09000000,0.10000000,0.09500000,0.09500000,mid,websocket_cache,1427.22840000,15624676288604945927518532630490358266369975281638310384126281316829861587250,0.90000000,0.91000000,0.90500000,0.90500000,mid,websocket_cache,1355.44550000,"{""btc_source"": ""BinanceTradeWebSocket"", ""market_active"": true, ""market_closed"": false, ""up_book_error"": null, ""up_book_source"": ""websocket_cache"", ""up_book_status"": ""found"", ""down_book_error"": null, ""market_archived"": false, ""down_book_source"": ""websocket_cache"", ""down_book_status"": ""found"", ""market_accepting_orders"": true, ""market_enable_order_book"": true}"
BTC,2206781,0x1f27676019a4ea8d01d13584899bd0ab021e7c365a4141763f6a6c9a2d5cb693,btc-updown-5m-1778392200,2026-05-10 08:50:00+03,2026-05-10 08:55:00+03,2026-05-10 08:52:40.481263+03,160.481,139.51873610,80705.57000000,80747.34000000,-41.77000000,-5.17292582,73531820480396086833257247832990675325273753849873933092456039139675969545804,0.09000000,0.10000000,0.09500000,0.09500000,mid,websocket_cache,950.68720000,15624676288604945927518532630490358266369975281638310384126281316829861587250,0.90000000,0.91000000,0.90500000,0.90500000,mid,websocket_cache,872.89340000,"{""btc_source"": ""BinanceTradeWebSocket"", ""market_active"": true, ""market_closed"": false, ""up_book_error"": null, ""up_book_source"": ""websocket_cache"", ""up_book_status"": ""found"", ""down_book_error"": null, ""market_archived"": false, ""down_book_source"": ""websocket_cache"", ""down_book_status"": ""found"", ""market_accepting_orders"": true, ""market_enable_order_book"": true}"
BTC,2206781,0x1f27676019a4ea8d01d13584899bd0ab021e7c365a4141763f6a6c9a2d5cb693,btc-updown-5m-1778392200,2026-05-10 08:50:00+03,2026-05-10 08:55:00+03,2026-05-10 08:52:45.656334+03,165.656,134.34366540,80705.56000000,80747.34000000,-41.78000000,-5.17416425,73531820480396086833257247832990675325273753849873933092456039139675969545804,0.08000000,0.09000000,0.08500000,0.08500000,mid,websocket_cache,756.58570000,15624676288604945927518532630490358266369975281638310384126281316829861587250,0.91000000,0.92000000,0.91500000,0.91500000,mid,websocket_cache,695.34920000,"{""btc_source"": ""BinanceTradeWebSocket"", ""market_active"": true, ""market_closed"": false, ""up_book_error"": null, ""up_book_source"": ""websocket_cache"", ""up_book_status"": ""found"", ""down_book_error"": null, ""market_archived"": false, ""down_book_source"": ""websocket_cache"", ""down_book_status"": ""found"", ""market_accepting_orders"": true, ""market_enable_order_book"": true}"
BTC,2206781,0x1f27676019a4ea8d01d13584899bd0ab021e7c365a4141763f6a6c9a2d5cb693,btc-updown-5m-1778392200,2026-05-10 08:50:00+03,2026-05-10 08:55:00+03,2026-05-10 08:52:50.813723+03,170.814,129.18627660,80705.57000000,80747.34000000,-41.77000000,-5.17292582,73531820480396086833257247832990675325273753849873933092456039139675969545804,0.09000000,0.10000000,0.09500000,0.09500000,mid,websocket_cache,599.92140000,15624676288604945927518532630490358266369975281638310384126281316829861587250,0.90000000,0.91000000,0.90500000,0.90500000,mid,websocket_cache,534.50280000,"{""btc_source"": ""BinanceTradeWebSocket"", ""market_active"": true, ""market_closed"": false, ""up_book_error"": null, ""up_book_source"": ""websocket_cache"", ""up_book_status"": ""found"", ""down_book_error"": null, ""market_archived"": false, ""down_book_source"": ""websocket_cache"", ""down_book_status"": ""found"", ""market_accepting_orders"": true, ""market_enable_order_book"": true}"
BTC,2206781,0x1f27676019a4ea8d01d13584899bd0ab021e7c365a4141763f6a6c9a2d5cb693,btc-updown-5m-1778392200,2026-05-10 08:50:00+03,2026-05-10 08:55:00+03,2026-05-10 08:52:55.980427+03,175.980,124.01957300,80705.57000000,80747.34000000,-41.77000000,-5.17292582,73531820480396086833257247832990675325273753849873933092456039139675969545804,0.07000000,0.08000000,0.07500000,0.07500000,mid,websocket_cache,636.93230000,15624676288604945927518532630490358266369975281638310384126281316829861587250,0.92000000,0.93000000,0.92500000,0.92500000,mid,websocket_cache,566.02710000,"{""btc_source"": ""BinanceTradeWebSocket"", ""market_active"": true, ""market_closed"": false, ""up_book_error"": null, ""up_book_source"": ""websocket_cache"", ""up_book_status"": ""found"", ""down_book_error"": null, ""market_archived"": false, ""down_book_source"": ""websocket_cache"", ""down_book_status"": ""found"", ""market_accepting_orders"": true, ""market_enable_order_book"": true}"
BTC,2206781,0x1f27676019a4ea8d01d13584899bd0ab021e7c365a4141763f6a6c9a2d5cb693,btc-updown-5m-1778392200,2026-05-10 08:50:00+03,2026-05-10 08:55:00+03,2026-05-10 08:53:01.191838+03,181.192,118.80816150,80705.57000000,80747.34000000,-41.77000000,-5.17292582,73531820480396086833257247832990675325273753849873933092456039139675969545804,0.05000000,0.06000000,0.05500000,0.05500000,mid,websocket_cache,239.23160000,15624676288604945927518532630490358266369975281638310384126281316829861587250,0.94000000,0.95000000,0.94500000,0.94500000,mid,websocket_cache,135.34740000,"{""btc_source"": ""BinanceTradeWebSocket"", ""market_active"": true, ""market_closed"": false, ""up_book_error"": null, ""up_book_source"": ""websocket_cache"", ""up_book_status"": ""found"", ""down_book_error"": null, ""market_archived"": false, ""down_book_source"": ""websocket_cache"", ""down_book_status"": ""found"", ""market_accepting_orders"": true, ""market_enable_order_book"": true}"
BTC,2206781,0x1f27676019a4ea8d01d13584899bd0ab021e7c365a4141763f6a6c9a2d5cb693,btc-updown-5m-1778392200,2026-05-10 08:50:00+03,2026-05-10 08:55:00+03,2026-05-10 08:53:06.383003+03,186.383,113.61699610,80705.56000000,80747.34000000,-41.78000000,-5.17416425,73531820480396086833257247832990675325273753849873933092456039139675969545804,0.04000000,0.06000000,0.05000000,0.05000000,mid,websocket_cache,47.20210000,15624676288604945927518532630490358266369975281638310384126281316829861587250,0.95000000,0.96000000,0.95500000,0.95500000,mid,websocket_cache,1332.05080000,"{""btc_source"": ""BinanceTradeWebSocket"", ""market_active"": true, ""market_closed"": false, ""up_book_error"": null, ""up_book_source"": ""websocket_cache"", ""up_book_status"": ""found"", ""down_book_error"": null, ""market_archived"": false, ""down_book_source"": ""websocket_cache"", ""down_book_status"": ""found"", ""market_accepting_orders"": true, ""market_enable_order_book"": true}"
BTC,2206781,0x1f27676019a4ea8d01d13584899bd0ab021e7c365a4141763f6a6c9a2d5cb693,btc-updown-5m-1778392200,2026-05-10 08:50:00+03,2026-05-10 08:55:00+03,2026-05-10 08:53:11.599836+03,191.600,108.40016380,80705.56000000,80747.34000000,-41.78000000,-5.17416425,73531820480396086833257247832990675325273753849873933092456039139675969545804,0.06000000,0.07000000,0.06500000,0.06500000,mid,websocket_cache,1254.29330000,15624676288604945927518532630490358266369975281638310384126281316829861587250,0.93000000,0.94000000,0.93500000,0.93500000,mid,websocket_cache,1191.50420000,"{""btc_source"": ""BinanceTradeWebSocket"", ""market_active"": true, ""market_closed"": false, ""up_book_error"": null, ""up_book_source"": ""websocket_cache"", ""up_book_status"": ""found"", ""down_book_error"": null, ""market_archived"": false, ""down_book_source"": ""websocket_cache"", ""down_book_status"": ""found"", ""market_accepting_orders"": true, ""market_enable_order_book"": true}"
BTC,2206781,0x1f27676019a4ea8d01d13584899bd0ab021e7c365a4141763f6a6c9a2d5cb693,btc-updown-5m-1778392200,2026-05-10 08:50:00+03,2026-05-10 08:55:00+03,2026-05-10 08:53:16.751359+03,196.751,103.24864050,80705.57000000,80747.34000000,-41.77000000,-5.17292582,73531820480396086833257247832990675325273753849873933092456039139675969545804,0.03000000,0.04000000,0.03500000,0.03500000,mid,websocket_cache,1134.50230000,15624676288604945927518532630490358266369975281638310384126281316829861587250,0.95000000,0.97000000,0.96000000,0.96000000,mid,websocket_cache,1060.07100000,"{""btc_source"": ""BinanceTradeWebSocket"", ""market_active"": true, ""market_closed"": false, ""up_book_error"": null, ""up_book_source"": ""websocket_cache"", ""up_book_status"": ""found"", ""down_book_error"": null, ""market_archived"": false, ""down_book_source"": ""websocket_cache"", ""down_book_status"": ""found"", ""market_accepting_orders"": true, ""market_enable_order_book"": true}"
BTC,2206781,0x1f27676019a4ea8d01d13584899bd0ab021e7c365a4141763f6a6c9a2d5cb693,btc-updown-5m-1778392200,2026-05-10 08:50:00+03,2026-05-10 08:55:00+03,2026-05-10 08:53:21.922597+03,201.923,98.07740210,80705.57000000,80747.34000000,-41.77000000,-5.17292582,73531820480396086833257247832990675325273753849873933092456039139675969545804,0.04000000,0.05000000,0.04500000,0.04500000,mid,websocket_cache,888.03470000,15624676288604945927518532630490358266369975281638310384126281316829861587250,0.95000000,0.96000000,0.95500000,0.95500000,mid,websocket_cache,825.49170000,"{""btc_source"": ""BinanceTradeWebSocket"", ""market_active"": true, ""market_closed"": false, ""up_book_error"": null, ""up_book_source"": ""websocket_cache"", ""up_book_status"": ""found"", ""down_book_error"": null, ""market_archived"": false, ""down_book_source"": ""websocket_cache"", ""down_book_status"": ""found"", ""market_accepting_orders"": true, ""market_enable_order_book"": true}"
BTC,2206781,0x1f27676019a4ea8d01d13584899bd0ab021e7c365a4141763f6a6c9a2d5cb693,btc-updown-5m-1778392200,2026-05-10 08:50:00+03,2026-05-10 08:55:00+03,2026-05-10 08:53:27.081053+03,207.081,92.91894640,80697.21000000,80747.34000000,-50.13000000,-6.20825404,73531820480396086833257247832990675325273753849873933092456039139675969545804,0.02000000,0.03000000,0.02500000,0.02500000,mid,websocket_cache,616.04760000,15624676288604945927518532630490358266369975281638310384126281316829861587250,0.97000000,0.98000000,0.97500000,0.97500000,mid,websocket_cache,481.09290000,"{""btc_source"": ""BinanceTradeWebSocket"", ""market_active"": true, ""market_closed"": false, ""up_book_error"": null, ""up_book_source"": ""websocket_cache"", ""up_book_status"": ""found"", ""down_book_error"": null, ""market_archived"": false, ""down_book_source"": ""websocket_cache"", ""down_book_status"": ""found"", ""market_accepting_orders"": true, ""market_enable_order_book"": true}"
BTC,2206781,0x1f27676019a4ea8d01d13584899bd0ab021e7c365a4141763f6a6c9a2d5cb693,btc-updown-5m-1778392200,2026-05-10 08:50:00+03,2026-05-10 08:55:00+03,2026-05-10 08:53:32.234794+03,212.235,87.76520570,80697.21000000,80747.34000000,-50.13000000,-6.20825404,73531820480396086833257247832990675325273753849873933092456039139675969545804,0.01000000,0.02000000,0.01500000,0.01500000,mid,websocket_cache,267.04330000,15624676288604945927518532630490358266369975281638310384126281316829861587250,0.98000000,0.99000000,0.98500000,0.98500000,mid,websocket_cache,175.06050000,"{""btc_source"": ""BinanceTradeWebSocket"", ""market_active"": true, ""market_closed"": false, ""up_book_error"": null, ""up_book_source"": ""websocket_cache"", ""up_book_status"": ""found"", ""down_book_error"": null, ""market_archived"": false, ""down_book_source"": ""websocket_cache"", ""down_book_status"": ""found"", ""market_accepting_orders"": true, ""market_enable_order_book"": true}"
BTC,2206781,0x1f27676019a4ea8d01d13584899bd0ab021e7c365a4141763f6a6c9a2d5cb693,btc-updown-5m-1778392200,2026-05-10 08:50:00+03,2026-05-10 08:55:00+03,2026-05-10 08:53:37.38381+03,217.384,82.61618990,80697.21000000,80747.34000000,-50.13000000,-6.20825404,73531820480396086833257247832990675325273753849873933092456039139675969545804,0.01000000,0.02000000,0.01500000,0.01500000,mid,websocket_cache,744.77780000,15624676288604945927518532630490358266369975281638310384126281316829861587250,0.98000000,0.99000000,0.98500000,0.98500000,mid,websocket_cache,684.47940000,"{""btc_source"": ""BinanceTradeWebSocket"", ""market_active"": true, ""market_closed"": false, ""up_book_error"": null, ""up_book_source"": ""websocket_cache"", ""up_book_status"": ""found"", ""down_book_error"": null, ""market_archived"": false, ""down_book_source"": ""websocket_cache"", ""down_book_status"": ""found"", ""market_accepting_orders"": true, ""market_enable_order_book"": true}"
BTC,2206781,0x1f27676019a4ea8d01d13584899bd0ab021e7c365a4141763f6a6c9a2d5cb693,btc-updown-5m-1778392200,2026-05-10 08:50:00+03,2026-05-10 08:55:00+03,2026-05-10 08:53:42.512449+03,222.512,77.48755010,80697.20000000,80747.34000000,-50.14000000,-6.20949247,73531820480396086833257247832990675325273753849873933092456039139675969545804,0.01000000,0.02000000,0.01500000,0.01500000,mid,websocket_cache,1380.32140000,15624676288604945927518532630490358266369975281638310384126281316829861587250,0.98000000,0.99000000,0.98500000,0.98500000,mid,websocket_cache,1310.05190000,"{""btc_source"": ""BinanceTradeWebSocket"", ""market_active"": true, ""market_closed"": false, ""up_book_error"": null, ""up_book_source"": ""websocket_cache"", ""up_book_status"": ""found"", ""down_book_error"": null, ""market_archived"": false, ""down_book_source"": ""websocket_cache"", ""down_book_status"": ""found"", ""market_accepting_orders"": true, ""market_enable_order_book"": true}"
BTC,2206781,0x1f27676019a4ea8d01d13584899bd0ab021e7c365a4141763f6a6c9a2d5cb693,btc-updown-5m-1778392200,2026-05-10 08:50:00+03,2026-05-10 08:55:00+03,2026-05-10 08:53:47.694349+03,227.694,72.30565020,80697.21000000,80747.34000000,-50.13000000,-6.20825404,73531820480396086833257247832990675325273753849873933092456039139675969545804,0.01000000,0.02000000,0.01500000,0.01500000,mid,websocket_cache,494.74160000,15624676288604945927518532630490358266369975281638310384126281316829861587250,0.98000000,0.99000000,0.98500000,0.98500000,mid,websocket_cache,425.88410000,"{""btc_source"": ""BinanceTradeWebSocket"", ""market_active"": true, ""market_closed"": false, ""up_book_error"": null, ""up_book_source"": ""websocket_cache"", ""up_book_status"": ""found"", ""down_book_error"": null, ""market_archived"": false, ""down_book_source"": ""websocket_cache"", ""down_book_status"": ""found"", ""market_accepting_orders"": true, ""market_enable_order_book"": true}"
BTC,2206781,0x1f27676019a4ea8d01d13584899bd0ab021e7c365a4141763f6a6c9a2d5cb693,btc-updown-5m-1778392200,2026-05-10 08:50:00+03,2026-05-10 08:55:00+03,2026-05-10 08:53:52.867109+03,232.867,67.13289080,80697.21000000,80747.34000000,-50.13000000,-6.20825404,73531820480396086833257247832990675325273753849873933092456039139675969545804,0.01000000,0.02000000,0.01500000,0.01500000,mid,websocket_cache,1243.85860000,15624676288604945927518532630490358266369975281638310384126281316829861587250,0.98000000,0.99000000,0.98500000,0.98500000,mid,websocket_cache,1178.43800000,"{""btc_source"": ""BinanceTradeWebSocket"", ""market_active"": true, ""market_closed"": false, ""up_book_error"": null, ""up_book_source"": ""websocket_cache"", ""up_book_status"": ""found"", ""down_book_error"": null, ""market_archived"": false, ""down_book_source"": ""websocket_cache"", ""down_book_status"": ""found"", ""market_accepting_orders"": true, ""market_enable_order_book"": true}"
BTC,2206781,0x1f27676019a4ea8d01d13584899bd0ab021e7c365a4141763f6a6c9a2d5cb693,btc-updown-5m-1778392200,2026-05-10 08:50:00+03,2026-05-10 08:55:00+03,2026-05-10 08:53:58.048185+03,238.048,61.95181420,80697.20000000,80747.34000000,-50.14000000,-6.20949247,73531820480396086833257247832990675325273753849873933092456039139675969545804,0.01000000,0.02000000,0.01500000,0.01500000,mid,websocket_cache,453.24110000,15624676288604945927518532630490358266369975281638310384126281316829861587250,0.98000000,0.99000000,0.98500000,0.98500000,mid,websocket_cache,338.94840000,"{""btc_source"": ""BinanceTradeWebSocket"", ""market_active"": true, ""market_closed"": false, ""up_book_error"": null, ""up_book_source"": ""websocket_cache"", ""up_book_status"": ""found"", ""down_book_error"": null, ""market_archived"": false, ""down_book_source"": ""websocket_cache"", ""down_book_status"": ""found"", ""market_accepting_orders"": true, ""market_enable_order_book"": true}"
BTC,2206781,0x1f27676019a4ea8d01d13584899bd0ab021e7c365a4141763f6a6c9a2d5cb693,btc-updown-5m-1778392200,2026-05-10 08:50:00+03,2026-05-10 08:55:00+03,2026-05-10 08:54:03.234693+03,243.235,56.76530660,80697.21000000,80747.34000000,-50.13000000,-6.20825404,73531820480396086833257247832990675325273753849873933092456039139675969545804,,0.01000000,,0.01000000,ask_only,websocket_cache,1038.24580000,15624676288604945927518532630490358266369975281638310384126281316829861587250,0.99000000,,,0.99000000,bid_only,websocket_cache,970.94890000,"{""btc_source"": ""BinanceTradeWebSocket"", ""market_active"": true, ""market_closed"": false, ""up_book_error"": null, ""up_book_source"": ""websocket_cache"", ""up_book_status"": ""found"", ""down_book_error"": null, ""market_archived"": false, ""down_book_source"": ""websocket_cache"", ""down_book_status"": ""found"", ""market_accepting_orders"": true, ""market_enable_order_book"": true}"
BTC,2206781,0x1f27676019a4ea8d01d13584899bd0ab021e7c365a4141763f6a6c9a2d5cb693,btc-updown-5m-1778392200,2026-05-10 08:50:00+03,2026-05-10 08:55:00+03,2026-05-10 08:54:08.468849+03,248.469,51.53115060,80697.21000000,80747.34000000,-50.13000000,-6.20825404,73531820480396086833257247832990675325273753849873933092456039139675969545804,,0.01000000,,0.01000000,ask_only,websocket_cache,228.03680000,15624676288604945927518532630490358266369975281638310384126281316829861587250,0.99000000,,,0.99000000,bid_only,websocket_cache,155.74500000,"{""btc_source"": ""BinanceTradeWebSocket"", ""market_active"": true, ""market_closed"": false, ""up_book_error"": null, ""up_book_source"": ""websocket_cache"", ""up_book_status"": ""found"", ""down_book_error"": null, ""market_archived"": false, ""down_book_source"": ""websocket_cache"", ""down_book_status"": ""found"", ""market_accepting_orders"": true, ""market_enable_order_book"": true}"
BTC,2206781,0x1f27676019a4ea8d01d13584899bd0ab021e7c365a4141763f6a6c9a2d5cb693,btc-updown-5m-1778392200,2026-05-10 08:50:00+03,2026-05-10 08:55:00+03,2026-05-10 08:54:13.639997+03,253.640,46.36000240,80697.21000000,80747.34000000,-50.13000000,-6.20825404,73531820480396086833257247832990675325273753849873933092456039139675969545804,,0.01000000,,0.01000000,ask_only,websocket_cache,867.00110000,15624676288604945927518532630490358266369975281638310384126281316829861587250,0.99000000,,,0.99000000,bid_only,websocket_cache,778.56780000,"{""btc_source"": ""BinanceTradeWebSocket"", ""market_active"": true, ""market_closed"": false, ""up_book_error"": null, ""up_book_source"": ""websocket_cache"", ""up_book_status"": ""found"", ""down_book_error"": null, ""market_archived"": false, ""down_book_source"": ""websocket_cache"", ""down_book_status"": ""found"", ""market_accepting_orders"": true, ""market_enable_order_book"": true}"
BTC,2206781,0x1f27676019a4ea8d01d13584899bd0ab021e7c365a4141763f6a6c9a2d5cb693,btc-updown-5m-1778392200,2026-05-10 08:50:00+03,2026-05-10 08:55:00+03,2026-05-10 08:54:18.857294+03,258.857,41.14270580,80697.21000000,80747.34000000,-50.13000000,-6.20825404,73531820480396086833257247832990675325273753849873933092456039139675969545804,,0.01000000,,0.01000000,ask_only,websocket_cache,1085.83080000,15624676288604945927518532630490358266369975281638310384126281316829861587250,0.99000000,,,0.99000000,bid_only,websocket_cache,991.97490000,"{""btc_source"": ""BinanceTradeWebSocket"", ""market_active"": true, ""market_closed"": false, ""up_book_error"": null, ""up_book_source"": ""websocket_cache"", ""up_book_status"": ""found"", ""down_book_error"": null, ""market_archived"": false, ""down_book_source"": ""websocket_cache"", ""down_book_status"": ""found"", ""market_accepting_orders"": true, ""market_enable_order_book"": true}"
BTC,2206781,0x1f27676019a4ea8d01d13584899bd0ab021e7c365a4141763f6a6c9a2d5cb693,btc-updown-5m-1778392200,2026-05-10 08:50:00+03,2026-05-10 08:55:00+03,2026-05-10 08:54:24.099456+03,264.099,35.90054370,80697.21000000,80747.34000000,-50.13000000,-6.20825404,73531820480396086833257247832990675325273753849873933092456039139675969545804,,0.01000000,,0.01000000,ask_only,websocket_cache,250.57590000,15624676288604945927518532630490358266369975281638310384126281316829861587250,0.99000000,,,0.99000000,bid_only,websocket_cache,190.62320000,"{""btc_source"": ""BinanceTradeWebSocket"", ""market_active"": true, ""market_closed"": false, ""up_book_error"": null, ""up_book_source"": ""websocket_cache"", ""up_book_status"": ""found"", ""down_book_error"": null, ""market_archived"": false, ""down_book_source"": ""websocket_cache"", ""down_book_status"": ""found"", ""market_accepting_orders"": true, ""market_enable_order_book"": true}"
BTC,2206781,0x1f27676019a4ea8d01d13584899bd0ab021e7c365a4141763f6a6c9a2d5cb693,btc-updown-5m-1778392200,2026-05-10 08:50:00+03,2026-05-10 08:55:00+03,2026-05-10 08:54:29.331069+03,269.331,30.66893030,80697.20000000,80747.34000000,-50.14000000,-6.20949247,73531820480396086833257247832990675325273753849873933092456039139675969545804,,0.01000000,,0.01000000,ask_only,websocket_cache,604.90940000,15624676288604945927518532630490358266369975281638310384126281316829861587250,0.99000000,,,0.99000000,bid_only,websocket_cache,516.70490000,"{""btc_source"": ""BinanceTradeWebSocket"", ""market_active"": true, ""market_closed"": false, ""up_book_error"": null, ""up_book_source"": ""websocket_cache"", ""up_book_status"": ""found"", ""down_book_error"": null, ""market_archived"": false, ""down_book_source"": ""websocket_cache"", ""down_book_status"": ""found"", ""market_accepting_orders"": true, ""market_enable_order_book"": true}"
BTC,2206781,0x1f27676019a4ea8d01d13584899bd0ab021e7c365a4141763f6a6c9a2d5cb693,btc-updown-5m-1778392200,2026-05-10 08:50:00+03,2026-05-10 08:55:00+03,2026-05-10 08:54:34.486106+03,274.486,25.51389320,80695.08000000,80747.34000000,-52.26000000,-6.47203982,73531820480396086833257247832990675325273753849873933092456039139675969545804,,0.01000000,,0.01000000,ask_only,websocket_cache,1028.12900000,15624676288604945927518532630490358266369975281638310384126281316829861587250,0.99000000,,,0.99000000,bid_only,websocket_cache,951.94850000,"{""btc_source"": ""BinanceTradeWebSocket"", ""market_active"": true, ""market_closed"": false, ""up_book_error"": null, ""up_book_source"": ""websocket_cache"", ""up_book_status"": ""found"", ""down_book_error"": null, ""market_archived"": false, ""down_book_source"": ""websocket_cache"", ""down_book_status"": ""found"", ""market_accepting_orders"": true, ""market_enable_order_book"": true}"
BTC,2206781,0x1f27676019a4ea8d01d13584899bd0ab021e7c365a4141763f6a6c9a2d5cb693,btc-updown-5m-1778392200,2026-05-10 08:50:00+03,2026-05-10 08:55:00+03,2026-05-10 08:54:39.652671+03,279.653,20.34732830,80694.00000000,80747.34000000,-53.34000000,-6.60579036,73531820480396086833257247832990675325273753849873933092456039139675969545804,,0.01000000,,0.01000000,ask_only,websocket_cache,1394.23710000,15624676288604945927518532630490358266369975281638310384126281316829861587250,0.99000000,,,0.99000000,bid_only,websocket_cache,1320.37850000,"{""btc_source"": ""BinanceTradeWebSocket"", ""market_active"": true, ""market_closed"": false, ""up_book_error"": null, ""up_book_source"": ""websocket_cache"", ""up_book_status"": ""found"", ""down_book_error"": null, ""market_archived"": false, ""down_book_source"": ""websocket_cache"", ""down_book_status"": ""found"", ""market_accepting_orders"": true, ""market_enable_order_book"": true}"
BTC,2206781,0x1f27676019a4ea8d01d13584899bd0ab021e7c365a4141763f6a6c9a2d5cb693,btc-updown-5m-1778392200,2026-05-10 08:50:00+03,2026-05-10 08:55:00+03,2026-05-10 08:54:44.86361+03,284.864,15.13638950,80693.46000000,80747.34000000,-53.88000000,-6.67266563,73531820480396086833257247832990675325273753849873933092456039139675969545804,,0.01000000,,0.01000000,ask_only,websocket_cache,503.67190000,15624676288604945927518532630490358266369975281638310384126281316829861587250,0.99000000,,,0.99000000,bid_only,websocket_cache,435.55840000,"{""btc_source"": ""BinanceTradeWebSocket"", ""market_active"": true, ""market_closed"": false, ""up_book_error"": null, ""up_book_source"": ""websocket_cache"", ""up_book_status"": ""found"", ""down_book_error"": null, ""market_archived"": false, ""down_book_source"": ""websocket_cache"", ""down_book_status"": ""found"", ""market_accepting_orders"": true, ""market_enable_order_book"": true}"
BTC,2206781,0x1f27676019a4ea8d01d13584899bd0ab021e7c365a4141763f6a6c9a2d5cb693,btc-updown-5m-1778392200,2026-05-10 08:50:00+03,2026-05-10 08:55:00+03,2026-05-10 08:54:50.059452+03,290.059,9.94054750,80688.01000000,80747.34000000,-59.33000000,-7.34761046,73531820480396086833257247832990675325273753849873933092456039139675969545804,,0.01000000,,0.01000000,ask_only,websocket_cache,541.42160000,15624676288604945927518532630490358266369975281638310384126281316829861587250,0.99000000,,,0.99000000,bid_only,websocket_cache,468.89200000,"{""btc_source"": ""BinanceTradeWebSocket"", ""market_active"": true, ""market_closed"": false, ""up_book_error"": null, ""up_book_source"": ""websocket_cache"", ""up_book_status"": ""found"", ""down_book_error"": null, ""market_archived"": false, ""down_book_source"": ""websocket_cache"", ""down_book_status"": ""found"", ""market_accepting_orders"": true, ""market_enable_order_book"": true}"
BTC,2206781,0x1f27676019a4ea8d01d13584899bd0ab021e7c365a4141763f6a6c9a2d5cb693,btc-updown-5m-1778392200,2026-05-10 08:50:00+03,2026-05-10 08:55:00+03,2026-05-10 08:54:55.22898+03,295.229,4.77101940,80682.00000000,80747.34000000,-65.34000000,-8.09190742,73531820480396086833257247832990675325273753849873933092456039139675969545804,,0.01000000,,0.01000000,ask_only,websocket_cache,929.86590000,15624676288604945927518532630490358266369975281638310384126281316829861587250,0.99000000,,,0.99000000,bid_only,websocket_cache,787.87050000,"{""btc_source"": ""BinanceTradeWebSocket"", ""market_active"": true, ""market_closed"": false, ""up_book_error"": null, ""up_book_source"": ""websocket_cache"", ""up_book_status"": ""found"", ""down_book_error"": null, ""market_archived"": false, ""down_book_source"": ""websocket_cache"", ""down_book_status"": ""found"", ""market_accepting_orders"": true, ""market_enable_order_book"": true}"
BTC,2207351,0xda0ce8e1526b9a752447fcc9d950ed7919df8cd7bff44a5a00e58bdfc42e6947,btc-updown-5m-1778392500,2026-05-10 08:55:00+03,2026-05-10 09:00:00+03,2026-05-10 08:55:00.397821+03,0.398,299.60217820,80682.01000000,80682.01000000,0.00000000,0.00000000,2819425447727067254183927655209528729439976174758626390163154186378896928093,0.52000000,0.53000000,0.52500000,0.52500000,mid,websocket_cache,250.95630000,43212580012276607899222721282362530092549342005229027130531114945085628304706,0.47000000,0.48000000,0.47500000,0.47500000,mid,websocket_cache,126.39580000,"{""btc_source"": ""BinanceTradeWebSocket"", ""market_active"": true, ""market_closed"": false, ""up_book_error"": null, ""up_book_source"": ""websocket_cache"", ""up_book_status"": ""found"", ""down_book_error"": null, ""market_archived"": false, ""down_book_source"": ""websocket_cache"", ""down_book_status"": ""found"", ""market_accepting_orders"": true, ""market_enable_order_book"": true}"
BTC,2207351,0xda0ce8e1526b9a752447fcc9d950ed7919df8cd7bff44a5a00e58bdfc42e6947,btc-updown-5m-1778392500,2026-05-10 08:55:00+03,2026-05-10 09:00:00+03,2026-05-10 08:55:05.603691+03,5.604,294.39630830,80682.01000000,80682.01000000,0.00000000,0.00000000,2819425447727067254183927655209528729439976174758626390163154186378896928093,0.59000000,0.60000000,0.59500000,0.59500000,mid,websocket_cache,904.13360000,43212580012276607899222721282362530092549342005229027130531114945085628304706,0.40000000,0.41000000,0.40500000,0.40500000,mid,websocket_cache,820.21760000,"{""btc_source"": ""BinanceTradeWebSocket"", ""market_active"": true, ""market_closed"": false, ""up_book_error"": null, ""up_book_source"": ""websocket_cache"", ""up_book_status"": ""found"", ""down_book_error"": null, ""market_archived"": false, ""down_book_source"": ""websocket_cache"", ""down_book_status"": ""found"", ""market_accepting_orders"": true, ""market_enable_order_book"": true}"
BTC,2207351,0xda0ce8e1526b9a752447fcc9d950ed7919df8cd7bff44a5a00e58bdfc42e6947,btc-updown-5m-1778392500,2026-05-10 08:55:00+03,2026-05-10 09:00:00+03,2026-05-10 08:55:10.745592+03,10.746,289.25440780,80693.30000000,80682.01000000,11.29000000,1.39932062,2819425447727067254183927655209528729439976174758626390163154186378896928093,0.63000000,0.69000000,0.66000000,0.66000000,mid,websocket_cache,1574.84200000,43212580012276607899222721282362530092549342005229027130531114945085628304706,0.31000000,0.37000000,0.34000000,0.34000000,mid,websocket_cache,1427.29570000,"{""btc_source"": ""BinanceTradeWebSocket"", ""market_active"": true, ""market_closed"": false, ""up_book_error"": null, ""up_book_source"": ""websocket_cache"", ""up_book_status"": ""found"", ""down_book_error"": null, ""market_archived"": false, ""down_book_source"": ""websocket_cache"", ""down_book_status"": ""found"", ""market_accepting_orders"": true, ""market_enable_order_book"": true}"
BTC,2207351,0xda0ce8e1526b9a752447fcc9d950ed7919df8cd7bff44a5a00e58bdfc42e6947,btc-updown-5m-1778392500,2026-05-10 08:55:00+03,2026-05-10 09:00:00+03,2026-05-10 08:55:15.916382+03,15.916,284.08361760,80693.30000000,80682.01000000,11.29000000,1.39932062,2819425447727067254183927655209528729439976174758626390163154186378896928093,0.68000000,0.69000000,0.68500000,0.68500000,mid,websocket_cache,575.05940000,43212580012276607899222721282362530092549342005229027130531114945085628304706,0.31000000,0.32000000,0.31500000,0.31500000,mid,websocket_cache,509.55110000,"{""btc_source"": ""BinanceTradeWebSocket"", ""market_active"": true, ""market_closed"": false, ""up_book_error"": null, ""up_book_source"": ""websocket_cache"", ""up_book_status"": ""found"", ""down_book_error"": null, ""market_archived"": false, ""down_book_source"": ""websocket_cache"", ""down_book_status"": ""found"", ""market_accepting_orders"": true, ""market_enable_order_book"": true}"
BTC,2207351,0xda0ce8e1526b9a752447fcc9d950ed7919df8cd7bff44a5a00e58bdfc42e6947,btc-updown-5m-1778392500,2026-05-10 08:55:00+03,2026-05-10 09:00:00+03,2026-05-10 08:55:21.150636+03,21.151,278.84936380,80693.30000000,80682.01000000,11.29000000,1.39932062,2819425447727067254183927655209528729439976174758626390163154186378896928093,0.68000000,0.69000000,0.68500000,0.68500000,mid,websocket_cache,1400.30340000,43212580012276607899222721282362530092549342005229027130531114945085628304706,0.31000000,0.32000000,0.31500000,0.31500000,mid,websocket_cache,1314.45470000,"{""btc_source"": ""BinanceTradeWebSocket"", ""market_active"": true, ""market_closed"": false, ""up_book_error"": null, ""up_book_source"": ""websocket_cache"", ""up_book_status"": ""found"", ""down_book_error"": null, ""market_archived"": false, ""down_book_source"": ""websocket_cache"", ""down_book_status"": ""found"", ""market_accepting_orders"": true, ""market_enable_order_book"": true}"
BTC,2207351,0xda0ce8e1526b9a752447fcc9d950ed7919df8cd7bff44a5a00e58bdfc42e6947,btc-updown-5m-1778392500,2026-05-10 08:55:00+03,2026-05-10 09:00:00+03,2026-05-10 08:55:26.335789+03,26.336,273.66421100,80693.30000000,80682.01000000,11.29000000,1.39932062,2819425447727067254183927655209528729439976174758626390163154186378896928093,0.70000000,0.72000000,0.71000000,0.71000000,mid,websocket_cache,495.10320000,43212580012276607899222721282362530092549342005229027130531114945085628304706,0.28000000,0.30000000,0.29000000,0.29000000,mid,websocket_cache,419.64450000,"{""btc_source"": ""BinanceTradeWebSocket"", ""market_active"": true, ""market_closed"": false, ""up_book_error"": null, ""up_book_source"": ""websocket_cache"", ""up_book_status"": ""found"", ""down_book_error"": null, ""market_archived"": false, ""down_book_source"": ""websocket_cache"", ""down_book_status"": ""found"", ""market_accepting_orders"": true, ""market_enable_order_book"": true}"
BTC,2207351,0xda0ce8e1526b9a752447fcc9d950ed7919df8cd7bff44a5a00e58bdfc42e6947,btc-updown-5m-1778392500,2026-05-10 08:55:00+03,2026-05-10 09:00:00+03,2026-05-10 08:55:31.545315+03,31.545,268.45468440,80698.45000000,80682.01000000,16.44000000,2.03762896,2819425447727067254183927655209528729439976174758626390163154186378896928093,0.73000000,0.74000000,0.73500000,0.73500000,mid,websocket_cache,1128.54090000,43212580012276607899222721282362530092549342005229027130531114945085628304706,0.26000000,0.27000000,0.26500000,0.26500000,mid,websocket_cache,1060.76910000,"{""btc_source"": ""BinanceTradeWebSocket"", ""market_active"": true, ""market_closed"": false, ""up_book_error"": null, ""up_book_source"": ""websocket_cache"", ""up_book_status"": ""found"", ""down_book_error"": null, ""market_archived"": false, ""down_book_source"": ""websocket_cache"", ""down_book_status"": ""found"", ""market_accepting_orders"": true, ""market_enable_order_book"": true}"
BTC,2207351,0xda0ce8e1526b9a752447fcc9d950ed7919df8cd7bff44a5a00e58bdfc42e6947,btc-updown-5m-1778392500,2026-05-10 08:55:00+03,2026-05-10 09:00:00+03,2026-05-10 08:55:36.719966+03,36.720,263.28003390,80698.44000000,80682.01000000,16.43000000,2.03638952,2819425447727067254183927655209528729439976174758626390163154186378896928093,0.64000000,0.68000000,0.66000000,0.66000000,mid,websocket_cache,1003.87770000,43212580012276607899222721282362530092549342005229027130531114945085628304706,0.28000000,0.33000000,0.30500000,0.30500000,mid,websocket_cache,887.65050000,"{""btc_source"": ""BinanceTradeWebSocket"", ""market_active"": true, ""market_closed"": false, ""up_book_error"": null, ""up_book_source"": ""websocket_cache"", ""up_book_status"": ""found"", ""down_book_error"": null, ""market_archived"": false, ""down_book_source"": ""websocket_cache"", ""down_book_status"": ""found"", ""market_accepting_orders"": true, ""market_enable_order_book"": true}"
BTC,2207351,0xda0ce8e1526b9a752447fcc9d950ed7919df8cd7bff44a5a00e58bdfc42e6947,btc-updown-5m-1778392500,2026-05-10 08:55:00+03,2026-05-10 09:00:00+03,2026-05-10 08:55:41.902762+03,41.903,258.09723720,80698.44000000,80682.01000000,16.43000000,2.03638952,2819425447727067254183927655209528729439976174758626390163154186378896928093,0.71000000,0.72000000,0.71500000,0.71500000,mid,websocket_cache,707.97010000,43212580012276607899222721282362530092549342005229027130531114945085628304706,0.28000000,0.29000000,0.28500000,0.28500000,mid,websocket_cache,643.84870000,"{""btc_source"": ""BinanceTradeWebSocket"", ""market_active"": true, ""market_closed"": false, ""up_book_error"": null, ""up_book_source"": ""websocket_cache"", ""up_book_status"": ""found"", ""down_book_error"": null, ""market_archived"": false, ""down_book_source"": ""websocket_cache"", ""down_book_status"": ""found"", ""market_accepting_orders"": true, ""market_enable_order_book"": true}"
BTC,2207351,0xda0ce8e1526b9a752447fcc9d950ed7919df8cd7bff44a5a00e58bdfc42e6947,btc-updown-5m-1778392500,2026-05-10 08:55:00+03,2026-05-10 09:00:00+03,2026-05-10 08:55:47.097695+03,47.098,252.90230410,80698.45000000,80682.01000000,16.44000000,2.03762896,2819425447727067254183927655209528729439976174758626390163154186378896928093,0.72000000,0.73000000,0.72500000,0.72500000,mid,websocket_cache,430.11570000,43212580012276607899222721282362530092549342005229027130531114945085628304706,0.27000000,0.28000000,0.27500000,0.27500000,mid,websocket_cache,350.32990000,"{""btc_source"": ""BinanceTradeWebSocket"", ""market_active"": true, ""market_closed"": false, ""up_book_error"": null, ""up_book_source"": ""websocket_cache"", ""up_book_status"": ""found"", ""down_book_error"": null, ""market_archived"": false, ""down_book_source"": ""websocket_cache"", ""down_book_status"": ""found"", ""market_accepting_orders"": true, ""market_enable_order_book"": true}"
BTC,2207351,0xda0ce8e1526b9a752447fcc9d950ed7919df8cd7bff44a5a00e58bdfc42e6947,btc-updown-5m-1778392500,2026-05-10 08:55:00+03,2026-05-10 09:00:00+03,2026-05-10 08:55:52.278854+03,52.279,247.72114600,80698.45000000,80682.01000000,16.44000000,2.03762896,2819425447727067254183927655209528729439976174758626390163154186378896928093,0.72000000,0.73000000,0.72500000,0.72500000,mid,websocket_cache,109.94050000,43212580012276607899222721282362530092549342005229027130531114945085628304706,0.27000000,0.28000000,0.27500000,0.27500000,mid,websocket_cache,27.21260000,"{""btc_source"": ""BinanceTradeWebSocket"", ""market_active"": true, ""market_closed"": false, ""up_book_error"": null, ""up_book_source"": ""websocket_cache"", ""up_book_status"": ""found"", ""down_book_error"": null, ""market_archived"": false, ""down_book_source"": ""websocket_cache"", ""down_book_status"": ""found"", ""market_accepting_orders"": true, ""market_enable_order_book"": true}"
BTC,2207351,0xda0ce8e1526b9a752447fcc9d950ed7919df8cd7bff44a5a00e58bdfc42e6947,btc-updown-5m-1778392500,2026-05-10 08:55:00+03,2026-05-10 09:00:00+03,2026-05-10 08:55:57.494364+03,57.494,242.50563520,80698.44000000,80682.01000000,16.43000000,2.03638952,2819425447727067254183927655209528729439976174758626390163154186378896928093,0.75000000,0.76000000,0.75500000,0.75500000,mid,websocket_cache,1264.10250000,43212580012276607899222721282362530092549342005229027130531114945085628304706,0.24000000,0.25000000,0.24500000,0.24500000,mid,websocket_cache,1192.60860000,"{""btc_source"": ""BinanceTradeWebSocket"", ""market_active"": true, ""market_closed"": false, ""up_book_error"": null, ""up_book_source"": ""websocket_cache"", ""up_book_status"": ""found"", ""down_book_error"": null, ""market_archived"": false, ""down_book_source"": ""websocket_cache"", ""down_book_status"": ""found"", ""market_accepting_orders"": true, ""market_enable_order_book"": true}"
BTC,2207351,0xda0ce8e1526b9a752447fcc9d950ed7919df8cd7bff44a5a00e58bdfc42e6947,btc-updown-5m-1778392500,2026-05-10 08:55:00+03,2026-05-10 09:00:00+03,2026-05-10 08:56:02.657159+03,62.657,237.34284060,80698.45000000,80682.01000000,16.44000000,2.03762896,2819425447727067254183927655209528729439976174758626390163154186378896928093,0.77000000,0.78000000,0.77500000,0.77500000,mid,websocket_cache,814.90510000,43212580012276607899222721282362530092549342005229027130531114945085628304706,0.22000000,0.23000000,0.22500000,0.22500000,mid,websocket_cache,678.20630000,"{""btc_source"": ""BinanceTradeWebSocket"", ""market_active"": true, ""market_closed"": false, ""up_book_error"": null, ""up_book_source"": ""websocket_cache"", ""up_book_status"": ""found"", ""down_book_error"": null, ""market_archived"": false, ""down_book_source"": ""websocket_cache"", ""down_book_status"": ""found"", ""market_accepting_orders"": true, ""market_enable_order_book"": true}"
BTC,2207351,0xda0ce8e1526b9a752447fcc9d950ed7919df8cd7bff44a5a00e58bdfc42e6947,btc-updown-5m-1778392500,2026-05-10 08:55:00+03,2026-05-10 09:00:00+03,2026-05-10 08:56:07.813824+03,67.814,232.18617550,80698.45000000,80682.01000000,16.44000000,2.03762896,2819425447727067254183927655209528729439976174758626390163154186378896928093,0.78000000,0.79000000,0.78500000,0.78500000,mid,websocket_cache,327.15950000,43212580012276607899222721282362530092549342005229027130531114945085628304706,0.21000000,0.22000000,0.21500000,0.21500000,mid,websocket_cache,261.06630000,"{""btc_source"": ""BinanceTradeWebSocket"", ""market_active"": true, ""market_closed"": false, ""up_book_error"": null, ""up_book_source"": ""websocket_cache"", ""up_book_status"": ""found"", ""down_book_error"": null, ""market_archived"": false, ""down_book_source"": ""websocket_cache"", ""down_book_status"": ""found"", ""market_accepting_orders"": true, ""market_enable_order_book"": true}"
BTC,2207351,0xda0ce8e1526b9a752447fcc9d950ed7919df8cd7bff44a5a00e58bdfc42e6947,btc-updown-5m-1778392500,2026-05-10 08:55:00+03,2026-05-10 09:00:00+03,2026-05-10 08:56:12.988571+03,72.989,227.01142810,80698.44000000,80682.01000000,16.43000000,2.03638952,2819425447727067254183927655209528729439976174758626390163154186378896928093,0.78000000,0.79000000,0.78500000,0.78500000,mid,websocket_cache,105.00020000,43212580012276607899222721282362530092549342005229027130531114945085628304706,0.21000000,0.22000000,0.21500000,0.21500000,mid,websocket_cache,18.10600000,"{""btc_source"": ""BinanceTradeWebSocket"", ""market_active"": true, ""market_closed"": false, ""up_book_error"": null, ""up_book_source"": ""websocket_cache"", ""up_book_status"": ""found"", ""down_book_error"": null, ""market_archived"": false, ""down_book_source"": ""websocket_cache"", ""down_book_status"": ""found"", ""market_accepting_orders"": true, ""market_enable_order_book"": true}"
BTC,2207351,0xda0ce8e1526b9a752447fcc9d950ed7919df8cd7bff44a5a00e58bdfc42e6947,btc-updown-5m-1778392500,2026-05-10 08:55:00+03,2026-05-10 09:00:00+03,2026-05-10 08:56:18.131065+03,78.131,221.86893440,80698.45000000,80682.01000000,16.44000000,2.03762896,2819425447727067254183927655209528729439976174758626390163154186378896928093,0.78000000,0.79000000,0.78500000,0.78500000,mid,websocket_cache,1191.25870000,43212580012276607899222721282362530092549342005229027130531114945085628304706,0.21000000,0.22000000,0.21500000,0.21500000,mid,websocket_cache,1102.59240000,"{""btc_source"": ""BinanceTradeWebSocket"", ""market_active"": true, ""market_closed"": false, ""up_book_error"": null, ""up_book_source"": ""websocket_cache"", ""up_book_status"": ""found"", ""down_book_error"": null, ""market_archived"": false, ""down_book_source"": ""websocket_cache"", ""down_book_status"": ""found"", ""market_accepting_orders"": true, ""market_enable_order_book"": true}"
BTC,2207351,0xda0ce8e1526b9a752447fcc9d950ed7919df8cd7bff44a5a00e58bdfc42e6947,btc-updown-5m-1778392500,2026-05-10 08:55:00+03,2026-05-10 09:00:00+03,2026-05-10 08:56:23.319201+03,83.319,216.68079840,80698.45000000,80682.01000000,16.44000000,2.03762896,2819425447727067254183927655209528729439976174758626390163154186378896928093,0.81000000,0.82000000,0.81500000,0.81500000,mid,websocket_cache,969.70500000,43212580012276607899222721282362530092549342005229027130531114945085628304706,0.18000000,0.19000000,0.18500000,0.18500000,mid,websocket_cache,874.92910000,"{""btc_source"": ""BinanceTradeWebSocket"", ""market_active"": true, ""market_closed"": false, ""up_book_error"": null, ""up_book_source"": ""websocket_cache"", ""up_book_status"": ""found"", ""down_book_error"": null, ""market_archived"": false, ""down_book_source"": ""websocket_cache"", ""down_book_status"": ""found"", ""market_accepting_orders"": true, ""market_enable_order_book"": true}"
BTC,2207351,0xda0ce8e1526b9a752447fcc9d950ed7919df8cd7bff44a5a00e58bdfc42e6947,btc-updown-5m-1778392500,2026-05-10 08:55:00+03,2026-05-10 09:00:00+03,2026-05-10 08:56:28.528182+03,88.528,211.47181750,80698.44000000,80682.01000000,16.43000000,2.03638952,2819425447727067254183927655209528729439976174758626390163154186378896928093,0.81000000,0.82000000,0.81500000,0.81500000,mid,websocket_cache,774.22060000,43212580012276607899222721282362530092549342005229027130531114945085628304706,0.18000000,0.19000000,0.18500000,0.18500000,mid,websocket_cache,710.69660000,"{""btc_source"": ""BinanceTradeWebSocket"", ""market_active"": true, ""market_closed"": false, ""up_book_error"": null, ""up_book_source"": ""websocket_cache"", ""up_book_status"": ""found"", ""down_book_error"": null, ""market_archived"": false, ""down_book_source"": ""websocket_cache"", ""down_book_status"": ""found"", ""market_accepting_orders"": true, ""market_enable_order_book"": true}"
BTC,2207351,0xda0ce8e1526b9a752447fcc9d950ed7919df8cd7bff44a5a00e58bdfc42e6947,btc-updown-5m-1778392500,2026-05-10 08:55:00+03,2026-05-10 09:00:00+03,2026-05-10 08:56:33.775049+03,93.775,206.22495100,80698.45000000,80682.01000000,16.44000000,2.03762896,2819425447727067254183927655209528729439976174758626390163154186378896928093,0.81000000,0.82000000,0.81500000,0.81500000,mid,websocket_cache,10.65890000,43212580012276607899222721282362530092549342005229027130531114945085628304706,0.18000000,0.19000000,0.18500000,0.18500000,mid,websocket_cache,133.47010000,"{""btc_source"": ""BinanceTradeWebSocket"", ""market_active"": true, ""market_closed"": false, ""up_book_error"": null, ""up_book_source"": ""websocket_cache"", ""up_book_status"": ""found"", ""down_book_error"": null, ""market_archived"": false, ""down_book_source"": ""websocket_cache"", ""down_book_status"": ""found"", ""market_accepting_orders"": true, ""market_enable_order_book"": true}"
BTC,2207351,0xda0ce8e1526b9a752447fcc9d950ed7919df8cd7bff44a5a00e58bdfc42e6947,btc-updown-5m-1778392500,2026-05-10 08:55:00+03,2026-05-10 09:00:00+03,2026-05-10 08:56:38.961267+03,98.961,201.03873250,80698.45000000,80682.01000000,16.44000000,2.03762896,2819425447727067254183927655209528729439976174758626390163154186378896928093,0.81000000,0.82000000,0.81500000,0.81500000,mid,websocket_cache,458.13260000,43212580012276607899222721282362530092549342005229027130531114945085628304706,0.18000000,0.19000000,0.18500000,0.18500000,mid,websocket_cache,380.85230000,"{""btc_source"": ""BinanceTradeWebSocket"", ""market_active"": true, ""market_closed"": false, ""up_book_error"": null, ""up_book_source"": ""websocket_cache"", ""up_book_status"": ""found"", ""down_book_error"": null, ""market_archived"": false, ""down_book_source"": ""websocket_cache"", ""down_book_status"": ""found"", ""market_accepting_orders"": true, ""market_enable_order_book"": true}"
BTC,2207351,0xda0ce8e1526b9a752447fcc9d950ed7919df8cd7bff44a5a00e58bdfc42e6947,btc-updown-5m-1778392500,2026-05-10 08:55:00+03,2026-05-10 09:00:00+03,2026-05-10 08:56:44.148994+03,104.149,195.85100510,80698.45000000,80682.01000000,16.44000000,2.03762896,2819425447727067254183927655209528729439976174758626390163154186378896928093,0.80000000,0.81000000,0.80500000,0.80500000,mid,websocket_cache,334.95810000,43212580012276607899222721282362530092549342005229027130531114945085628304706,0.19000000,0.20000000,0.19500000,0.19500000,mid,websocket_cache,264.36410000,"{""btc_source"": ""BinanceTradeWebSocket"", ""market_active"": true, ""market_closed"": false, ""up_book_error"": null, ""up_book_source"": ""websocket_cache"", ""up_book_status"": ""found"", ""down_book_error"": null, ""market_archived"": false, ""down_book_source"": ""websocket_cache"", ""down_book_status"": ""found"", ""market_accepting_orders"": true, ""market_enable_order_book"": true}"
BTC,2207351,0xda0ce8e1526b9a752447fcc9d950ed7919df8cd7bff44a5a00e58bdfc42e6947,btc-updown-5m-1778392500,2026-05-10 08:55:00+03,2026-05-10 09:00:00+03,2026-05-10 08:56:49.349227+03,109.349,190.65077250,80705.78000000,80682.01000000,23.77000000,2.94613384,2819425447727067254183927655209528729439976174758626390163154186378896928093,0.80000000,0.81000000,0.80500000,0.80500000,mid,websocket_cache,132.15560000,43212580012276607899222721282362530092549342005229027130531114945085628304706,0.19000000,0.20000000,0.19500000,0.19500000,mid,websocket_cache,55.99810000,"{""btc_source"": ""BinanceTradeWebSocket"", ""market_active"": true, ""market_closed"": false, ""up_book_error"": null, ""up_book_source"": ""websocket_cache"", ""up_book_status"": ""found"", ""down_book_error"": null, ""market_archived"": false, ""down_book_source"": ""websocket_cache"", ""down_book_status"": ""found"", ""market_accepting_orders"": true, ""market_enable_order_book"": true}"
BTC,2207351,0xda0ce8e1526b9a752447fcc9d950ed7919df8cd7bff44a5a00e58bdfc42e6947,btc-updown-5m-1778392500,2026-05-10 08:55:00+03,2026-05-10 09:00:00+03,2026-05-10 08:56:54.536364+03,114.536,185.46363540,80705.79000000,80682.01000000,23.78000000,2.94737327,2819425447727067254183927655209528729439976174758626390163154186378896928093,0.87000000,0.88000000,0.87500000,0.87500000,mid,websocket_cache,1364.02130000,43212580012276607899222721282362530092549342005229027130531114945085628304706,0.12000000,0.13000000,0.12500000,0.12500000,mid,websocket_cache,1291.50460000,"{""btc_source"": ""BinanceTradeWebSocket"", ""market_active"": true, ""market_closed"": false, ""up_book_error"": null, ""up_book_source"": ""websocket_cache"", ""up_book_status"": ""found"", ""down_book_error"": null, ""market_archived"": false, ""down_book_source"": ""websocket_cache"", ""down_book_status"": ""found"", ""market_accepting_orders"": true, ""market_enable_order_book"": true}"
BTC,2207351,0xda0ce8e1526b9a752447fcc9d950ed7919df8cd7bff44a5a00e58bdfc42e6947,btc-updown-5m-1778392500,2026-05-10 08:55:00+03,2026-05-10 09:00:00+03,2026-05-10 08:56:59.731275+03,119.731,180.26872430,80705.78000000,80682.01000000,23.77000000,2.94613384,2819425447727067254183927655209528729439976174758626390163154186378896928093,0.86000000,0.87000000,0.86500000,0.86500000,mid,websocket_cache,1072.41740000,43212580012276607899222721282362530092549342005229027130531114945085628304706,0.13000000,0.14000000,0.13500000,0.13500000,mid,websocket_cache,1000.95130000,"{""btc_source"": ""BinanceTradeWebSocket"", ""market_active"": true, ""market_closed"": false, ""up_book_error"": null, ""up_book_source"": ""websocket_cache"", ""up_book_status"": ""found"", ""down_book_error"": null, ""market_archived"": false, ""down_book_source"": ""websocket_cache"", ""down_book_status"": ""found"", ""market_accepting_orders"": true, ""market_enable_order_book"": true}"
BTC,2207351,0xda0ce8e1526b9a752447fcc9d950ed7919df8cd7bff44a5a00e58bdfc42e6947,btc-updown-5m-1778392500,2026-05-10 08:55:00+03,2026-05-10 09:00:00+03,2026-05-10 08:57:04.932122+03,124.932,175.06787730,80705.79000000,80682.01000000,23.78000000,2.94737327,2819425447727067254183927655209528729439976174758626390163154186378896928093,0.85000000,0.86000000,0.85500000,0.85500000,mid,websocket_cache,863.82740000,43212580012276607899222721282362530092549342005229027130531114945085628304706,0.14000000,0.15000000,0.14500000,0.14500000,mid,websocket_cache,799.40800000,"{""btc_source"": ""BinanceTradeWebSocket"", ""market_active"": true, ""market_closed"": false, ""up_book_error"": null, ""up_book_source"": ""websocket_cache"", ""up_book_status"": ""found"", ""down_book_error"": null, ""market_archived"": false, ""down_book_source"": ""websocket_cache"", ""down_book_status"": ""found"", ""market_accepting_orders"": true, ""market_enable_order_book"": true}"
BTC,2207351,0xda0ce8e1526b9a752447fcc9d950ed7919df8cd7bff44a5a00e58bdfc42e6947,btc-updown-5m-1778392500,2026-05-10 08:55:00+03,2026-05-10 09:00:00+03,2026-05-10 08:57:10.083222+03,130.083,169.91677710,80705.78000000,80682.01000000,23.77000000,2.94613384,2819425447727067254183927655209528729439976174758626390163154186378896928093,0.77000000,0.78000000,0.77500000,0.77500000,mid,websocket_cache,737.43850000,43212580012276607899222721282362530092549342005229027130531114945085628304706,0.22000000,0.23000000,0.22500000,0.22500000,mid,websocket_cache,670.32040000,"{""btc_source"": ""BinanceTradeWebSocket"", ""market_active"": true, ""market_closed"": false, ""up_book_error"": null, ""up_book_source"": ""websocket_cache"", ""up_book_status"": ""found"", ""down_book_error"": null, ""market_archived"": false, ""down_book_source"": ""websocket_cache"", ""down_book_status"": ""found"", ""market_accepting_orders"": true, ""market_enable_order_book"": true}"
BTC,2207351,0xda0ce8e1526b9a752447fcc9d950ed7919df8cd7bff44a5a00e58bdfc42e6947,btc-updown-5m-1778392500,2026-05-10 08:55:00+03,2026-05-10 09:00:00+03,2026-05-10 08:57:15.313176+03,135.313,164.68682320,80705.78000000,80682.01000000,23.77000000,2.94613384,2819425447727067254183927655209528729439976174758626390163154186378896928093,0.76000000,0.77000000,0.76500000,0.76500000,mid,websocket_cache,438.86050000,43212580012276607899222721282362530092549342005229027130531114945085628304706,0.23000000,0.24000000,0.23500000,0.23500000,mid,websocket_cache,375.12460000,"{""btc_source"": ""BinanceTradeWebSocket"", ""market_active"": true, ""market_closed"": false, ""up_book_error"": null, ""up_book_source"": ""websocket_cache"", ""up_book_status"": ""found"", ""down_book_error"": null, ""market_archived"": false, ""down_book_source"": ""websocket_cache"", ""down_book_status"": ""found"", ""market_accepting_orders"": true, ""market_enable_order_book"": true}"
BTC,2207351,0xda0ce8e1526b9a752447fcc9d950ed7919df8cd7bff44a5a00e58bdfc42e6947,btc-updown-5m-1778392500,2026-05-10 08:55:00+03,2026-05-10 09:00:00+03,2026-05-10 08:57:20.51243+03,140.512,159.48756910,80697.21000000,80682.01000000,15.20000000,1.88393918,2819425447727067254183927655209528729439976174758626390163154186378896928093,0.65000000,0.73000000,0.69000000,0.69000000,mid,websocket_cache,344.96610000,43212580012276607899222721282362530092549342005229027130531114945085628304706,0.34000000,0.35000000,0.34500000,0.34500000,mid,websocket_cache,280.73860000,"{""btc_source"": ""BinanceTradeWebSocket"", ""market_active"": true, ""market_closed"": false, ""up_book_error"": null, ""up_book_source"": ""websocket_cache"", ""up_book_status"": ""found"", ""down_book_error"": null, ""market_archived"": false, ""down_book_source"": ""websocket_cache"", ""down_book_status"": ""found"", ""market_accepting_orders"": true, ""market_enable_order_book"": true}"
BTC,2207351,0xda0ce8e1526b9a752447fcc9d950ed7919df8cd7bff44a5a00e58bdfc42e6947,btc-updown-5m-1778392500,2026-05-10 08:55:00+03,2026-05-10 09:00:00+03,2026-05-10 08:57:25.748433+03,145.748,154.25156610,80697.21000000,80682.01000000,15.20000000,1.88393918,2819425447727067254183927655209528729439976174758626390163154186378896928093,0.65000000,0.66000000,0.65500000,0.65500000,mid,websocket_cache,228.83840000,43212580012276607899222721282362530092549342005229027130531114945085628304706,0.34000000,0.35000000,0.34500000,0.34500000,mid,websocket_cache,157.50640000,"{""btc_source"": ""BinanceTradeWebSocket"", ""market_active"": true, ""market_closed"": false, ""up_book_error"": null, ""up_book_source"": ""websocket_cache"", ""up_book_status"": ""found"", ""down_book_error"": null, ""market_archived"": false, ""down_book_source"": ""websocket_cache"", ""down_book_status"": ""found"", ""market_accepting_orders"": true, ""market_enable_order_book"": true}"
BTC,2207351,0xda0ce8e1526b9a752447fcc9d950ed7919df8cd7bff44a5a00e58bdfc42e6947,btc-updown-5m-1778392500,2026-05-10 08:55:00+03,2026-05-10 09:00:00+03,2026-05-10 08:57:30.929684+03,150.930,149.07031510,80697.21000000,80682.01000000,15.20000000,1.88393918,2819425447727067254183927655209528729439976174758626390163154186378896928093,0.70000000,0.71000000,0.70500000,0.70500000,mid,websocket_cache,1307.63590000,43212580012276607899222721282362530092549342005229027130531114945085628304706,0.29000000,0.30000000,0.29500000,0.29500000,mid,websocket_cache,1234.21410000,"{""btc_source"": ""BinanceTradeWebSocket"", ""market_active"": true, ""market_closed"": false, ""up_book_error"": null, ""up_book_source"": ""websocket_cache"", ""up_book_status"": ""found"", ""down_book_error"": null, ""market_archived"": false, ""down_book_source"": ""websocket_cache"", ""down_book_status"": ""found"", ""market_accepting_orders"": true, ""market_enable_order_book"": true}"
BTC,2207351,0xda0ce8e1526b9a752447fcc9d950ed7919df8cd7bff44a5a00e58bdfc42e6947,btc-updown-5m-1778392500,2026-05-10 08:55:00+03,2026-05-10 09:00:00+03,2026-05-10 08:57:36.19728+03,156.197,143.80271930,80697.20000000,80682.01000000,15.19000000,1.88269975,2819425447727067254183927655209528729439976174758626390163154186378896928093,0.80000000,0.81000000,0.80500000,0.80500000,mid,websocket_cache,1211.86390000,43212580012276607899222721282362530092549342005229027130531114945085628304706,0.19000000,0.20000000,0.19500000,0.19500000,mid,websocket_cache,1138.36700000,"{""btc_source"": ""BinanceTradeWebSocket"", ""market_active"": true, ""market_closed"": false, ""up_book_error"": null, ""up_book_source"": ""websocket_cache"", ""up_book_status"": ""found"", ""down_book_error"": null, ""market_archived"": false, ""down_book_source"": ""websocket_cache"", ""down_book_status"": ""found"", ""market_accepting_orders"": true, ""market_enable_order_book"": true}"
BTC,2207351,0xda0ce8e1526b9a752447fcc9d950ed7919df8cd7bff44a5a00e58bdfc42e6947,btc-updown-5m-1778392500,2026-05-10 08:55:00+03,2026-05-10 09:00:00+03,2026-05-10 08:57:41.399933+03,161.400,138.60006660,80697.21000000,80682.01000000,15.20000000,1.88393918,2819425447727067254183927655209528729439976174758626390163154186378896928093,0.85000000,0.86000000,0.85500000,0.85500000,mid,websocket_cache,1003.38960000,43212580012276607899222721282362530092549342005229027130531114945085628304706,0.14000000,0.15000000,0.14500000,0.14500000,mid,websocket_cache,939.77340000,"{""btc_source"": ""BinanceTradeWebSocket"", ""market_active"": true, ""market_closed"": false, ""up_book_error"": null, ""up_book_source"": ""websocket_cache"", ""up_book_status"": ""found"", ""down_book_error"": null, ""market_archived"": false, ""down_book_source"": ""websocket_cache"", ""down_book_status"": ""found"", ""market_accepting_orders"": true, ""market_enable_order_book"": true}"
BTC,2207351,0xda0ce8e1526b9a752447fcc9d950ed7919df8cd7bff44a5a00e58bdfc42e6947,btc-updown-5m-1778392500,2026-05-10 08:55:00+03,2026-05-10 09:00:00+03,2026-05-10 08:57:46.549256+03,166.549,133.45074400,80697.20000000,80682.01000000,15.19000000,1.88269975,2819425447727067254183927655209528729439976174758626390163154186378896928093,0.87000000,0.88000000,0.87500000,0.87500000,mid,websocket_cache,945.55000000,43212580012276607899222721282362530092549342005229027130531114945085628304706,0.12000000,0.13000000,0.12500000,0.12500000,mid,websocket_cache,876.72100000,"{""btc_source"": ""BinanceTradeWebSocket"", ""market_active"": true, ""market_closed"": false, ""up_book_error"": null, ""up_book_source"": ""websocket_cache"", ""up_book_status"": ""found"", ""down_book_error"": null, ""market_archived"": false, ""down_book_source"": ""websocket_cache"", ""down_book_status"": ""found"", ""market_accepting_orders"": true, ""market_enable_order_book"": true}"
BTC,2207351,0xda0ce8e1526b9a752447fcc9d950ed7919df8cd7bff44a5a00e58bdfc42e6947,btc-updown-5m-1778392500,2026-05-10 08:55:00+03,2026-05-10 09:00:00+03,2026-05-10 08:57:51.747342+03,171.747,128.25265720,80697.20000000,80682.01000000,15.19000000,1.88269975,2819425447727067254183927655209528729439976174758626390163154186378896928093,0.84000000,0.85000000,0.84500000,0.84500000,mid,websocket_cache,894.70220000,43212580012276607899222721282362530092549342005229027130531114945085628304706,0.15000000,0.16000000,0.15500000,0.15500000,mid,websocket_cache,809.34560000,"{""btc_source"": ""BinanceTradeWebSocket"", ""market_active"": true, ""market_closed"": false, ""up_book_error"": null, ""up_book_source"": ""websocket_cache"", ""up_book_status"": ""found"", ""down_book_error"": null, ""market_archived"": false, ""down_book_source"": ""websocket_cache"", ""down_book_status"": ""found"", ""market_accepting_orders"": true, ""market_enable_order_book"": true}"
BTC,2207351,0xda0ce8e1526b9a752447fcc9d950ed7919df8cd7bff44a5a00e58bdfc42e6947,btc-updown-5m-1778392500,2026-05-10 08:55:00+03,2026-05-10 09:00:00+03,2026-05-10 08:57:56.917762+03,176.918,123.08223760,80697.22000000,80682.01000000,15.21000000,1.88517862,2819425447727067254183927655209528729439976174758626390163154186378896928093,0.86000000,0.87000000,0.86500000,0.86500000,mid,websocket_cache,418.63430000,43212580012276607899222721282362530092549342005229027130531114945085628304706,0.13000000,0.14000000,0.13500000,0.13500000,mid,websocket_cache,351.85120000,"{""btc_source"": ""BinanceTradeWebSocket"", ""market_active"": true, ""market_closed"": false, ""up_book_error"": null, ""up_book_source"": ""websocket_cache"", ""up_book_status"": ""found"", ""down_book_error"": null, ""market_archived"": false, ""down_book_source"": ""websocket_cache"", ""down_book_status"": ""found"", ""market_accepting_orders"": true, ""market_enable_order_book"": true}"
BTC,2207351,0xda0ce8e1526b9a752447fcc9d950ed7919df8cd7bff44a5a00e58bdfc42e6947,btc-updown-5m-1778392500,2026-05-10 08:55:00+03,2026-05-10 09:00:00+03,2026-05-10 08:58:02.117184+03,182.117,117.88281580,80697.22000000,80682.01000000,15.21000000,1.88517862,2819425447727067254183927655209528729439976174758626390163154186378896928093,0.91000000,0.92000000,0.91500000,0.91500000,mid,websocket_cache,108.95920000,43212580012276607899222721282362530092549342005229027130531114945085628304706,0.08000000,0.09000000,0.08500000,0.08500000,mid,websocket_cache,38.94680000,"{""btc_source"": ""BinanceTradeWebSocket"", ""market_active"": true, ""market_closed"": false, ""up_book_error"": null, ""up_book_source"": ""websocket_cache"", ""up_book_status"": ""found"", ""down_book_error"": null, ""market_archived"": false, ""down_book_source"": ""websocket_cache"", ""down_book_status"": ""found"", ""market_accepting_orders"": true, ""market_enable_order_book"": true}"
BTC,2207351,0xda0ce8e1526b9a752447fcc9d950ed7919df8cd7bff44a5a00e58bdfc42e6947,btc-updown-5m-1778392500,2026-05-10 08:55:00+03,2026-05-10 09:00:00+03,2026-05-10 08:58:07.317964+03,187.318,112.68203590,80697.21000000,80682.01000000,15.20000000,1.88393918,2819425447727067254183927655209528729439976174758626390163154186378896928093,0.91000000,0.92000000,0.91500000,0.91500000,mid,websocket_cache,1162.91950000,43212580012276607899222721282362530092549342005229027130531114945085628304706,0.08000000,0.09000000,0.08500000,0.08500000,mid,websocket_cache,974.90260000,"{""btc_source"": ""BinanceTradeWebSocket"", ""market_active"": true, ""market_closed"": false, ""up_book_error"": null, ""up_book_source"": ""websocket_cache"", ""up_book_status"": ""found"", ""down_book_error"": null, ""market_archived"": false, ""down_book_source"": ""websocket_cache"", ""down_book_status"": ""found"", ""market_accepting_orders"": true, ""market_enable_order_book"": true}"
BTC,2207351,0xda0ce8e1526b9a752447fcc9d950ed7919df8cd7bff44a5a00e58bdfc42e6947,btc-updown-5m-1778392500,2026-05-10 08:55:00+03,2026-05-10 09:00:00+03,2026-05-10 08:58:12.519053+03,192.519,107.48094660,80697.22000000,80682.01000000,15.21000000,1.88517862,2819425447727067254183927655209528729439976174758626390163154186378896928093,0.92000000,0.93000000,0.92500000,0.92500000,mid,websocket_cache,713.08390000,43212580012276607899222721282362530092549342005229027130531114945085628304706,0.07000000,0.08000000,0.07500000,0.07500000,mid,websocket_cache,630.81500000,"{""btc_source"": ""BinanceTradeWebSocket"", ""market_active"": true, ""market_closed"": false, ""up_book_error"": null, ""up_book_source"": ""websocket_cache"", ""up_book_status"": ""found"", ""down_book_error"": null, ""market_archived"": false, ""down_book_source"": ""websocket_cache"", ""down_book_status"": ""found"", ""market_accepting_orders"": true, ""market_enable_order_book"": true}"
BTC,2207351,0xda0ce8e1526b9a752447fcc9d950ed7919df8cd7bff44a5a00e58bdfc42e6947,btc-updown-5m-1778392500,2026-05-10 08:55:00+03,2026-05-10 09:00:00+03,2026-05-10 08:58:17.776863+03,197.777,102.22313690,80697.22000000,80682.01000000,15.21000000,1.88517862,2819425447727067254183927655209528729439976174758626390163154186378896928093,0.93000000,0.94000000,0.93500000,0.93500000,mid,websocket_cache,533.59680000,43212580012276607899222721282362530092549342005229027130531114945085628304706,0.06000000,0.07000000,0.06500000,0.06500000,mid,websocket_cache,470.54830000,"{""btc_source"": ""BinanceTradeWebSocket"", ""market_active"": true, ""market_closed"": false, ""up_book_error"": null, ""up_book_source"": ""websocket_cache"", ""up_book_status"": ""found"", ""down_book_error"": null, ""market_archived"": false, ""down_book_source"": ""websocket_cache"", ""down_book_status"": ""found"", ""market_accepting_orders"": true, ""market_enable_order_book"": true}"
BTC,2207351,0xda0ce8e1526b9a752447fcc9d950ed7919df8cd7bff44a5a00e58bdfc42e6947,btc-updown-5m-1778392500,2026-05-10 08:55:00+03,2026-05-10 09:00:00+03,2026-05-10 08:58:22.95685+03,202.957,97.04314930,80697.22000000,80682.01000000,15.21000000,1.88517862,2819425447727067254183927655209528729439976174758626390163154186378896928093,0.94000000,0.95000000,0.94500000,0.94500000,mid,websocket_cache,134.08700000,43212580012276607899222721282362530092549342005229027130531114945085628304706,0.05000000,0.06000000,0.05500000,0.05500000,mid,websocket_cache,56.68220000,"{""btc_source"": ""BinanceTradeWebSocket"", ""market_active"": true, ""market_closed"": false, ""up_book_error"": null, ""up_book_source"": ""websocket_cache"", ""up_book_status"": ""found"", ""down_book_error"": null, ""market_archived"": false, ""down_book_source"": ""websocket_cache"", ""down_book_status"": ""found"", ""market_accepting_orders"": true, ""market_enable_order_book"": true}"
BTC,2207351,0xda0ce8e1526b9a752447fcc9d950ed7919df8cd7bff44a5a00e58bdfc42e6947,btc-updown-5m-1778392500,2026-05-10 08:55:00+03,2026-05-10 09:00:00+03,2026-05-10 08:58:28.138403+03,208.138,91.86159640,80699.20000000,80682.01000000,17.19000000,2.13058648,2819425447727067254183927655209528729439976174758626390163154186378896928093,0.94000000,0.95000000,0.94500000,0.94500000,mid,websocket_cache,1326.17930000,43212580012276607899222721282362530092549342005229027130531114945085628304706,0.05000000,0.06000000,0.05500000,0.05500000,mid,websocket_cache,1244.12700000,"{""btc_source"": ""BinanceTradeWebSocket"", ""market_active"": true, ""market_closed"": false, ""up_book_error"": null, ""up_book_source"": ""websocket_cache"", ""up_book_status"": ""found"", ""down_book_error"": null, ""market_archived"": false, ""down_book_source"": ""websocket_cache"", ""down_book_status"": ""found"", ""market_accepting_orders"": true, ""market_enable_order_book"": true}"
BTC,2207351,0xda0ce8e1526b9a752447fcc9d950ed7919df8cd7bff44a5a00e58bdfc42e6947,btc-updown-5m-1778392500,2026-05-10 08:55:00+03,2026-05-10 09:00:00+03,2026-05-10 08:58:33.364441+03,213.364,86.63555890,80699.21000000,80682.01000000,17.20000000,2.13182592,2819425447727067254183927655209528729439976174758626390163154186378896928093,0.96000000,0.97000000,0.96500000,0.96500000,mid,websocket_cache,825.63790000,43212580012276607899222721282362530092549342005229027130531114945085628304706,0.03000000,0.04000000,0.03500000,0.03500000,mid,websocket_cache,764.19870000,"{""btc_source"": ""BinanceTradeWebSocket"", ""market_active"": true, ""market_closed"": false, ""up_book_error"": null, ""up_book_source"": ""websocket_cache"", ""up_book_status"": ""found"", ""down_book_error"": null, ""market_archived"": false, ""down_book_source"": ""websocket_cache"", ""down_book_status"": ""found"", ""market_accepting_orders"": true, ""market_enable_order_book"": true}"
BTC,2207351,0xda0ce8e1526b9a752447fcc9d950ed7919df8cd7bff44a5a00e58bdfc42e6947,btc-updown-5m-1778392500,2026-05-10 08:55:00+03,2026-05-10 09:00:00+03,2026-05-10 08:58:38.532921+03,218.533,81.46707810,80699.21000000,80682.01000000,17.20000000,2.13182592,2819425447727067254183927655209528729439976174758626390163154186378896928093,0.96000000,0.97000000,0.96500000,0.96500000,mid,websocket_cache,1452.94210000,43212580012276607899222721282362530092549342005229027130531114945085628304706,0.03000000,0.04000000,0.03500000,0.03500000,mid,websocket_cache,1358.81000000,"{""btc_source"": ""BinanceTradeWebSocket"", ""market_active"": true, ""market_closed"": false, ""up_book_error"": null, ""up_book_source"": ""websocket_cache"", ""up_book_status"": ""found"", ""down_book_error"": null, ""market_archived"": false, ""down_book_source"": ""websocket_cache"", ""down_book_status"": ""found"", ""market_accepting_orders"": true, ""market_enable_order_book"": true}"
BTC,2207351,0xda0ce8e1526b9a752447fcc9d950ed7919df8cd7bff44a5a00e58bdfc42e6947,btc-updown-5m-1778392500,2026-05-10 08:55:00+03,2026-05-10 09:00:00+03,2026-05-10 08:58:43.710441+03,223.710,76.28955870,80701.67000000,80682.01000000,19.66000000,2.43672660,2819425447727067254183927655209528729439976174758626390163154186378896928093,0.97000000,0.98000000,0.97500000,0.97500000,mid,websocket_cache,537.72840000,43212580012276607899222721282362530092549342005229027130531114945085628304706,0.02000000,0.03000000,0.02500000,0.02500000,mid,websocket_cache,462.38580000,"{""btc_source"": ""BinanceTradeWebSocket"", ""market_active"": true, ""market_closed"": false, ""up_book_error"": null, ""up_book_source"": ""websocket_cache"", ""up_book_status"": ""found"", ""down_book_error"": null, ""market_archived"": false, ""down_book_source"": ""websocket_cache"", ""down_book_status"": ""found"", ""market_accepting_orders"": true, ""market_enable_order_book"": true}"
BTC,2207351,0xda0ce8e1526b9a752447fcc9d950ed7919df8cd7bff44a5a00e58bdfc42e6947,btc-updown-5m-1778392500,2026-05-10 08:55:00+03,2026-05-10 09:00:00+03,2026-05-10 08:58:48.958973+03,228.959,71.04102630,80701.67000000,80682.01000000,19.66000000,2.43672660,2819425447727067254183927655209528729439976174758626390163154186378896928093,0.98000000,0.99000000,0.98500000,0.98500000,mid,websocket_cache,1167.86340000,43212580012276607899222721282362530092549342005229027130531114945085628304706,0.01000000,0.02000000,0.01500000,0.01500000,mid,websocket_cache,1099.97090000,"{""btc_source"": ""BinanceTradeWebSocket"", ""market_active"": true, ""market_closed"": false, ""up_book_error"": null, ""up_book_source"": ""websocket_cache"", ""up_book_status"": ""found"", ""down_book_error"": null, ""market_archived"": false, ""down_book_source"": ""websocket_cache"", ""down_book_status"": ""found"", ""market_accepting_orders"": true, ""market_enable_order_book"": true}"
BTC,2207351,0xda0ce8e1526b9a752447fcc9d950ed7919df8cd7bff44a5a00e58bdfc42e6947,btc-updown-5m-1778392500,2026-05-10 08:55:00+03,2026-05-10 09:00:00+03,2026-05-10 08:58:54.149227+03,234.149,65.85077260,80701.67000000,80682.01000000,19.66000000,2.43672660,2819425447727067254183927655209528729439976174758626390163154186378896928093,0.98000000,0.99000000,0.98500000,0.98500000,mid,websocket_cache,332.52540000,43212580012276607899222721282362530092549342005229027130531114945085628304706,0.01000000,0.02000000,0.01500000,0.01500000,mid,websocket_cache,264.73800000,"{""btc_source"": ""BinanceTradeWebSocket"", ""market_active"": true, ""market_closed"": false, ""up_book_error"": null, ""up_book_source"": ""websocket_cache"", ""up_book_status"": ""found"", ""down_book_error"": null, ""market_archived"": false, ""down_book_source"": ""websocket_cache"", ""down_book_status"": ""found"", ""market_accepting_orders"": true, ""market_enable_order_book"": true}"
BTC,2207351,0xda0ce8e1526b9a752447fcc9d950ed7919df8cd7bff44a5a00e58bdfc42e6947,btc-updown-5m-1778392500,2026-05-10 08:55:00+03,2026-05-10 09:00:00+03,2026-05-10 08:58:59.381763+03,239.382,60.61823630,80701.67000000,80682.01000000,19.66000000,2.43672660,2819425447727067254183927655209528729439976174758626390163154186378896928093,0.98000000,0.99000000,0.98500000,0.98500000,mid,websocket_cache,839.46890000,43212580012276607899222721282362530092549342005229027130531114945085628304706,0.01000000,0.02000000,0.01500000,0.01500000,mid,websocket_cache,769.78440000,"{""btc_source"": ""BinanceTradeWebSocket"", ""market_active"": true, ""market_closed"": false, ""up_book_error"": null, ""up_book_source"": ""websocket_cache"", ""up_book_status"": ""found"", ""down_book_error"": null, ""market_archived"": false, ""down_book_source"": ""websocket_cache"", ""down_book_status"": ""found"", ""market_accepting_orders"": true, ""market_enable_order_book"": true}"
BTC,2207351,0xda0ce8e1526b9a752447fcc9d950ed7919df8cd7bff44a5a00e58bdfc42e6947,btc-updown-5m-1778392500,2026-05-10 08:55:00+03,2026-05-10 09:00:00+03,2026-05-10 08:59:04.544291+03,244.544,55.45570890,80701.67000000,80682.01000000,19.66000000,2.43672660,2819425447727067254183927655209528729439976174758626390163154186378896928093,0.98000000,0.99000000,0.98500000,0.98500000,mid,websocket_cache,1300.92980000,43212580012276607899222721282362530092549342005229027130531114945085628304706,0.01000000,0.02000000,0.01500000,0.01500000,mid,websocket_cache,1226.93530000,"{""btc_source"": ""BinanceTradeWebSocket"", ""market_active"": true, ""market_closed"": false, ""up_book_error"": null, ""up_book_source"": ""websocket_cache"", ""up_book_status"": ""found"", ""down_book_error"": null, ""market_archived"": false, ""down_book_source"": ""websocket_cache"", ""down_book_status"": ""found"", ""market_accepting_orders"": true, ""market_enable_order_book"": true}"
BTC,2207351,0xda0ce8e1526b9a752447fcc9d950ed7919df8cd7bff44a5a00e58bdfc42e6947,btc-updown-5m-1778392500,2026-05-10 08:55:00+03,2026-05-10 09:00:00+03,2026-05-10 08:59:09.773591+03,249.774,50.22640890,80701.66000000,80682.01000000,19.65000000,2.43548717,2819425447727067254183927655209528729439976174758626390163154186378896928093,0.98000000,0.99000000,0.98500000,0.98500000,mid,websocket_cache,172.97590000,43212580012276607899222721282362530092549342005229027130531114945085628304706,0.01000000,0.02000000,0.01500000,0.01500000,mid,websocket_cache,89.12590000,"{""btc_source"": ""BinanceTradeWebSocket"", ""market_active"": true, ""market_closed"": false, ""up_book_error"": null, ""up_book_source"": ""websocket_cache"", ""up_book_status"": ""found"", ""down_book_error"": null, ""market_archived"": false, ""down_book_source"": ""websocket_cache"", ""down_book_status"": ""found"", ""market_accepting_orders"": true, ""market_enable_order_book"": true}"
BTC,2207351,0xda0ce8e1526b9a752447fcc9d950ed7919df8cd7bff44a5a00e58bdfc42e6947,btc-updown-5m-1778392500,2026-05-10 08:55:00+03,2026-05-10 09:00:00+03,2026-05-10 08:59:14.956709+03,254.957,45.04329050,80701.66000000,80682.01000000,19.65000000,2.43548717,2819425447727067254183927655209528729439976174758626390163154186378896928093,0.98000000,0.99000000,0.98500000,0.98500000,mid,websocket_cache,764.85830000,43212580012276607899222721282362530092549342005229027130531114945085628304706,0.01000000,0.02000000,0.01500000,0.01500000,mid,websocket_cache,687.73960000,"{""btc_source"": ""BinanceTradeWebSocket"", ""market_active"": true, ""market_closed"": false, ""up_book_error"": null, ""up_book_source"": ""websocket_cache"", ""up_book_status"": ""found"", ""down_book_error"": null, ""market_archived"": false, ""down_book_source"": ""websocket_cache"", ""down_book_status"": ""found"", ""market_accepting_orders"": true, ""market_enable_order_book"": true}"
BTC,2207351,0xda0ce8e1526b9a752447fcc9d950ed7919df8cd7bff44a5a00e58bdfc42e6947,btc-updown-5m-1778392500,2026-05-10 08:55:00+03,2026-05-10 09:00:00+03,2026-05-10 08:59:20.117517+03,260.118,39.88248220,80701.66000000,80682.01000000,19.65000000,2.43548717,2819425447727067254183927655209528729439976174758626390163154186378896928093,0.99000000,,,0.99000000,bid_only,websocket_cache,905.21320000,43212580012276607899222721282362530092549342005229027130531114945085628304706,,0.01000000,,0.01000000,ask_only,websocket_cache,837.31680000,"{""btc_source"": ""BinanceTradeWebSocket"", ""market_active"": true, ""market_closed"": false, ""up_book_error"": null, ""up_book_source"": ""websocket_cache"", ""up_book_status"": ""found"", ""down_book_error"": null, ""market_archived"": false, ""down_book_source"": ""websocket_cache"", ""down_book_status"": ""found"", ""market_accepting_orders"": true, ""market_enable_order_book"": true}"
BTC,2207351,0xda0ce8e1526b9a752447fcc9d950ed7919df8cd7bff44a5a00e58bdfc42e6947,btc-updown-5m-1778392500,2026-05-10 08:55:00+03,2026-05-10 09:00:00+03,2026-05-10 08:59:25.325446+03,265.325,34.67455350,80701.66000000,80682.01000000,19.65000000,2.43548717,2819425447727067254183927655209528729439976174758626390163154186378896928093,0.99000000,,,0.99000000,bid_only,websocket_cache,154.55940000,43212580012276607899222721282362530092549342005229027130531114945085628304706,,0.01000000,,0.01000000,ask_only,websocket_cache,27.54710000,"{""btc_source"": ""BinanceTradeWebSocket"", ""market_active"": true, ""market_closed"": false, ""up_book_error"": null, ""up_book_source"": ""websocket_cache"", ""up_book_status"": ""found"", ""down_book_error"": null, ""market_archived"": false, ""down_book_source"": ""websocket_cache"", ""down_book_status"": ""found"", ""market_accepting_orders"": true, ""market_enable_order_book"": true}"
BTC,2207351,0xda0ce8e1526b9a752447fcc9d950ed7919df8cd7bff44a5a00e58bdfc42e6947,btc-updown-5m-1778392500,2026-05-10 08:55:00+03,2026-05-10 09:00:00+03,2026-05-10 08:59:30.551332+03,270.551,29.44866800,80701.66000000,80682.01000000,19.65000000,2.43548717,2819425447727067254183927655209528729439976174758626390163154186378896928093,0.98000000,0.99000000,0.98500000,0.98500000,mid,websocket_cache,819.12910000,43212580012276607899222721282362530092549342005229027130531114945085628304706,0.01000000,0.02000000,0.01500000,0.01500000,mid,websocket_cache,749.81530000,"{""btc_source"": ""BinanceTradeWebSocket"", ""market_active"": true, ""market_closed"": false, ""up_book_error"": null, ""up_book_source"": ""websocket_cache"", ""up_book_status"": ""found"", ""down_book_error"": null, ""market_archived"": false, ""down_book_source"": ""websocket_cache"", ""down_book_status"": ""found"", ""market_accepting_orders"": true, ""market_enable_order_book"": true}"
BTC,2207351,0xda0ce8e1526b9a752447fcc9d950ed7919df8cd7bff44a5a00e58bdfc42e6947,btc-updown-5m-1778392500,2026-05-10 08:55:00+03,2026-05-10 09:00:00+03,2026-05-10 08:59:35.756023+03,275.756,24.24397700,80701.66000000,80682.01000000,19.65000000,2.43548717,2819425447727067254183927655209528729439976174758626390163154186378896928093,0.99000000,,,0.99000000,bid_only,websocket_cache,1104.48460000,43212580012276607899222721282362530092549342005229027130531114945085628304706,,0.01000000,,0.01000000,ask_only,websocket_cache,1033.27620000,"{""btc_source"": ""BinanceTradeWebSocket"", ""market_active"": true, ""market_closed"": false, ""up_book_error"": null, ""up_book_source"": ""websocket_cache"", ""up_book_status"": ""found"", ""down_book_error"": null, ""market_archived"": false, ""down_book_source"": ""websocket_cache"", ""down_book_status"": ""found"", ""market_accepting_orders"": true, ""market_enable_order_book"": true}"
BTC,2207351,0xda0ce8e1526b9a752447fcc9d950ed7919df8cd7bff44a5a00e58bdfc42e6947,btc-updown-5m-1778392500,2026-05-10 08:55:00+03,2026-05-10 09:00:00+03,2026-05-10 08:59:40.932352+03,280.932,19.06764720,80701.66000000,80682.01000000,19.65000000,2.43548717,2819425447727067254183927655209528729439976174758626390163154186378896928093,0.98000000,0.99000000,0.98500000,0.98500000,mid,websocket_cache,438.10430000,43212580012276607899222721282362530092549342005229027130531114945085628304706,0.01000000,0.02000000,0.01500000,0.01500000,mid,websocket_cache,364.86830000,"{""btc_source"": ""BinanceTradeWebSocket"", ""market_active"": true, ""market_closed"": false, ""up_book_error"": null, ""up_book_source"": ""websocket_cache"", ""up_book_status"": ""found"", ""down_book_error"": null, ""market_archived"": false, ""down_book_source"": ""websocket_cache"", ""down_book_status"": ""found"", ""market_accepting_orders"": true, ""market_enable_order_book"": true}"
BTC,2207351,0xda0ce8e1526b9a752447fcc9d950ed7919df8cd7bff44a5a00e58bdfc42e6947,btc-updown-5m-1778392500,2026-05-10 08:55:00+03,2026-05-10 09:00:00+03,2026-05-10 08:59:46.134598+03,286.135,13.86540150,80701.67000000,80682.01000000,19.66000000,2.43672660,2819425447727067254183927655209528729439976174758626390163154186378896928093,0.99000000,,,0.99000000,bid_only,websocket_cache,1154.16390000,43212580012276607899222721282362530092549342005229027130531114945085628304706,,0.01000000,,0.01000000,ask_only,websocket_cache,1074.85440000,"{""btc_source"": ""BinanceTradeWebSocket"", ""market_active"": true, ""market_closed"": false, ""up_book_error"": null, ""up_book_source"": ""websocket_cache"", ""up_book_status"": ""found"", ""down_book_error"": null, ""market_archived"": false, ""down_book_source"": ""websocket_cache"", ""down_book_status"": ""found"", ""market_accepting_orders"": true, ""market_enable_order_book"": true}"
BTC,2207351,0xda0ce8e1526b9a752447fcc9d950ed7919df8cd7bff44a5a00e58bdfc42e6947,btc-updown-5m-1778392500,2026-05-10 08:55:00+03,2026-05-10 09:00:00+03,2026-05-10 08:59:51.28245+03,291.282,8.71755000,80701.66000000,80682.01000000,19.65000000,2.43548717,2819425447727067254183927655209528729439976174758626390163154186378896928093,0.98000000,0.99000000,0.98500000,0.98500000,mid,websocket_cache,183.65810000,43212580012276607899222721282362530092549342005229027130531114945085628304706,0.01000000,0.02000000,0.01500000,0.01500000,mid,websocket_cache,97.87080000,"{""btc_source"": ""BinanceTradeWebSocket"", ""market_active"": true, ""market_closed"": false, ""up_book_error"": null, ""up_book_source"": ""websocket_cache"", ""up_book_status"": ""found"", ""down_book_error"": null, ""market_archived"": false, ""down_book_source"": ""websocket_cache"", ""down_book_status"": ""found"", ""market_accepting_orders"": true, ""market_enable_order_book"": true}"
BTC,2207351,0xda0ce8e1526b9a752447fcc9d950ed7919df8cd7bff44a5a00e58bdfc42e6947,btc-updown-5m-1778392500,2026-05-10 08:55:00+03,2026-05-10 09:00:00+03,2026-05-10 08:59:56.453552+03,296.454,3.54644740,80700.76000000,80682.01000000,18.75000000,2.32393814,2819425447727067254183927655209528729439976174758626390163154186378896928093,0.97000000,0.98000000,0.97500000,0.97500000,mid,websocket_cache,873.01560000,43212580012276607899222721282362530092549342005229027130531114945085628304706,0.02000000,0.03000000,0.02500000,0.02500000,mid,websocket_cache,804.72520000,"{""btc_source"": ""BinanceTradeWebSocket"", ""market_active"": true, ""market_closed"": false, ""up_book_error"": null, ""up_book_source"": ""websocket_cache"", ""up_book_status"": ""found"", ""down_book_error"": null, ""market_archived"": false, ""down_book_source"": ""websocket_cache"", ""down_book_status"": ""found"", ""market_accepting_orders"": true, ""market_enable_order_book"": true}"
BTC,2207365,0x53973e6e41675dca29425fdb5b39eca47b3d149c7da21a03804cb71e4e908f0e,btc-updown-5m-1778392800,2026-05-10 09:00:00+03,2026-05-10 09:05:00+03,2026-05-10 09:00:01.633734+03,1.634,298.36626580,80700.77000000,80700.77000000,0.00000000,0.00000000,75094929765334052928264412310544365585575430200435135195941599909798599123183,0.40000000,0.41000000,0.40500000,0.40500000,mid,websocket_cache,212.03760000,99168158606022956188013871737507428024663647716026633118102906263674544628040,0.59000000,0.60000000,0.59500000,0.59500000,mid,websocket_cache,146.39490000,"{""btc_source"": ""BinanceTradeWebSocket"", ""market_active"": true, ""market_closed"": false, ""up_book_error"": null, ""up_book_source"": ""websocket_cache"", ""up_book_status"": ""found"", ""down_book_error"": null, ""market_archived"": false, ""down_book_source"": ""websocket_cache"", ""down_book_status"": ""found"", ""market_accepting_orders"": true, ""market_enable_order_book"": true}"
BTC,2207365,0x53973e6e41675dca29425fdb5b39eca47b3d149c7da21a03804cb71e4e908f0e,btc-updown-5m-1778392800,2026-05-10 09:00:00+03,2026-05-10 09:05:00+03,2026-05-10 09:00:06.839824+03,6.840,293.16017570,80700.76000000,80700.77000000,-0.01000000,-0.00123915,75094929765334052928264412310544365585575430200435135195941599909798599123183,0.48000000,0.49000000,0.48500000,0.48500000,mid,websocket_cache,904.47950000,99168158606022956188013871737507428024663647716026633118102906263674544628040,0.52000000,0.53000000,0.52500000,0.52500000,mid,websocket_cache,813.00640000,"{""btc_source"": ""BinanceTradeWebSocket"", ""market_active"": true, ""market_closed"": false, ""up_book_error"": null, ""up_book_source"": ""websocket_cache"", ""up_book_status"": ""found"", ""down_book_error"": null, ""market_archived"": false, ""down_book_source"": ""websocket_cache"", ""down_book_status"": ""found"", ""market_accepting_orders"": true, ""market_enable_order_book"": true}"
BTC,2207365,0x53973e6e41675dca29425fdb5b39eca47b3d149c7da21a03804cb71e4e908f0e,btc-updown-5m-1778392800,2026-05-10 09:00:00+03,2026-05-10 09:05:00+03,2026-05-10 09:00:12.017251+03,12.017,287.98274810,80700.77000000,80700.77000000,0.00000000,0.00000000,75094929765334052928264412310544365585575430200435135195941599909798599123183,0.51000000,0.52000000,0.51500000,0.51500000,mid,websocket_cache,1411.14250000,99168158606022956188013871737507428024663647716026633118102906263674544628040,0.48000000,0.49000000,0.48500000,0.48500000,mid,websocket_cache,1341.64770000,"{""btc_source"": ""BinanceTradeWebSocket"", ""market_active"": true, ""market_closed"": false, ""up_book_error"": null, ""up_book_source"": ""websocket_cache"", ""up_book_status"": ""found"", ""down_book_error"": null, ""market_archived"": false, ""down_book_source"": ""websocket_cache"", ""down_book_status"": ""found"", ""market_accepting_orders"": true, ""market_enable_order_book"": true}"
BTC,2207365,0x53973e6e41675dca29425fdb5b39eca47b3d149c7da21a03804cb71e4e908f0e,btc-updown-5m-1778392800,2026-05-10 09:00:00+03,2026-05-10 09:05:00+03,2026-05-10 09:00:17.179281+03,17.179,282.82071860,80700.76000000,80700.77000000,-0.01000000,-0.00123915,75094929765334052928264412310544365585575430200435135195941599909798599123183,0.39000000,0.40000000,0.39500000,0.39500000,mid,websocket_cache,453.94520000,99168158606022956188013871737507428024663647716026633118102906263674544628040,0.60000000,0.61000000,0.60500000,0.60500000,mid,websocket_cache,386.46630000,"{""btc_source"": ""BinanceTradeWebSocket"", ""market_active"": true, ""market_closed"": false, ""up_book_error"": null, ""up_book_source"": ""websocket_cache"", ""up_book_status"": ""found"", ""down_book_error"": null, ""market_archived"": false, ""down_book_source"": ""websocket_cache"", ""down_book_status"": ""found"", ""market_accepting_orders"": true, ""market_enable_order_book"": true}"
BTC,2207365,0x53973e6e41675dca29425fdb5b39eca47b3d149c7da21a03804cb71e4e908f0e,btc-updown-5m-1778392800,2026-05-10 09:00:00+03,2026-05-10 09:05:00+03,2026-05-10 09:00:22.346423+03,22.346,277.65357640,80700.77000000,80700.77000000,0.00000000,0.00000000,75094929765334052928264412310544365585575430200435135195941599909798599123183,0.41000000,0.42000000,0.41500000,0.41500000,mid,websocket_cache,887.13920000,99168158606022956188013871737507428024663647716026633118102906263674544628040,0.58000000,0.59000000,0.58500000,0.58500000,mid,websocket_cache,765.03410000,"{""btc_source"": ""BinanceTradeWebSocket"", ""market_active"": true, ""market_closed"": false, ""up_book_error"": null, ""up_book_source"": ""websocket_cache"", ""up_book_status"": ""found"", ""down_book_error"": null, ""market_archived"": false, ""down_book_source"": ""websocket_cache"", ""down_book_status"": ""found"", ""market_accepting_orders"": true, ""market_enable_order_book"": true}"
BTC,2207365,0x53973e6e41675dca29425fdb5b39eca47b3d149c7da21a03804cb71e4e908f0e,btc-updown-5m-1778392800,2026-05-10 09:00:00+03,2026-05-10 09:05:00+03,2026-05-10 09:00:27.58642+03,27.586,272.41357920,80700.77000000,80700.77000000,0.00000000,0.00000000,75094929765334052928264412310544365585575430200435135195941599909798599123183,0.53000000,0.54000000,0.53500000,0.53500000,mid,websocket_cache,65.19050000,99168158606022956188013871737507428024663647716026633118102906263674544628040,0.46000000,0.47000000,0.46500000,0.46500000,mid,websocket_cache,0.17100000,"{""btc_source"": ""BinanceTradeWebSocket"", ""market_active"": true, ""market_closed"": false, ""up_book_error"": null, ""up_book_source"": ""websocket_cache"", ""up_book_status"": ""found"", ""down_book_error"": null, ""market_archived"": false, ""down_book_source"": ""websocket_cache"", ""down_book_status"": ""found"", ""market_accepting_orders"": true, ""market_enable_order_book"": true}"
BTC,2207365,0x53973e6e41675dca29425fdb5b39eca47b3d149c7da21a03804cb71e4e908f0e,btc-updown-5m-1778392800,2026-05-10 09:00:00+03,2026-05-10 09:05:00+03,2026-05-10 09:00:32.731775+03,32.732,267.26822410,80700.77000000,80700.77000000,0.00000000,0.00000000,75094929765334052928264412310544365585575430200435135195941599909798599123183,0.53000000,0.54000000,0.53500000,0.53500000,mid,websocket_cache,916.25940000,99168158606022956188013871737507428024663647716026633118102906263674544628040,0.46000000,0.47000000,0.46500000,0.46500000,mid,websocket_cache,838.76330000,"{""btc_source"": ""BinanceTradeWebSocket"", ""market_active"": true, ""market_closed"": false, ""up_book_error"": null, ""up_book_source"": ""websocket_cache"", ""up_book_status"": ""found"", ""down_book_error"": null, ""market_archived"": false, ""down_book_source"": ""websocket_cache"", ""down_book_status"": ""found"", ""market_accepting_orders"": true, ""market_enable_order_book"": true}"
BTC,2207365,0x53973e6e41675dca29425fdb5b39eca47b3d149c7da21a03804cb71e4e908f0e,btc-updown-5m-1778392800,2026-05-10 09:00:00+03,2026-05-10 09:05:00+03,2026-05-10 09:00:37.908387+03,37.908,262.09161260,80700.76000000,80700.77000000,-0.01000000,-0.00123915,75094929765334052928264412310544365585575430200435135195941599909798599123183,0.51000000,0.52000000,0.51500000,0.51500000,mid,websocket_cache,709.27690000,99168158606022956188013871737507428024663647716026633118102906263674544628040,0.48000000,0.49000000,0.48500000,0.48500000,mid,websocket_cache,635.57980000,"{""btc_source"": ""BinanceTradeWebSocket"", ""market_active"": true, ""market_closed"": false, ""up_book_error"": null, ""up_book_source"": ""websocket_cache"", ""up_book_status"": ""found"", ""down_book_error"": null, ""market_archived"": false, ""down_book_source"": ""websocket_cache"", ""down_book_status"": ""found"", ""market_accepting_orders"": true, ""market_enable_order_book"": true}"
BTC,2207365,0x53973e6e41675dca29425fdb5b39eca47b3d149c7da21a03804cb71e4e908f0e,btc-updown-5m-1778392800,2026-05-10 09:00:00+03,2026-05-10 09:05:00+03,2026-05-10 09:00:43.13412+03,43.134,256.86587920,80700.77000000,80700.77000000,0.00000000,0.00000000,75094929765334052928264412310544365585575430200435135195941599909798599123183,0.51000000,0.52000000,0.51500000,0.51500000,mid,websocket_cache,547.37240000,99168158606022956188013871737507428024663647716026633118102906263674544628040,0.48000000,0.49000000,0.48500000,0.48500000,mid,websocket_cache,471.17570000,"{""btc_source"": ""BinanceTradeWebSocket"", ""market_active"": true, ""market_closed"": false, ""up_book_error"": null, ""up_book_source"": ""websocket_cache"", ""up_book_status"": ""found"", ""down_book_error"": null, ""market_archived"": false, ""down_book_source"": ""websocket_cache"", ""down_book_status"": ""found"", ""market_accepting_orders"": true, ""market_enable_order_book"": true}"
BTC,2207365,0x53973e6e41675dca29425fdb5b39eca47b3d149c7da21a03804cb71e4e908f0e,btc-updown-5m-1778392800,2026-05-10 09:00:00+03,2026-05-10 09:05:00+03,2026-05-10 09:00:48.334226+03,48.334,251.66577330,80700.77000000,80700.77000000,0.00000000,0.00000000,75094929765334052928264412310544365585575430200435135195941599909798599123183,0.62000000,0.63000000,0.62500000,0.62500000,mid,websocket_cache,103.61960000,99168158606022956188013871737507428024663647716026633118102906263674544628040,0.37000000,0.38000000,0.37500000,0.37500000,mid,websocket_cache,23.99310000,"{""btc_source"": ""BinanceTradeWebSocket"", ""market_active"": true, ""market_closed"": false, ""up_book_error"": null, ""up_book_source"": ""websocket_cache"", ""up_book_status"": ""found"", ""down_book_error"": null, ""market_archived"": false, ""down_book_source"": ""websocket_cache"", ""down_book_status"": ""found"", ""market_accepting_orders"": true, ""market_enable_order_book"": true}"
BTC,2207365,0x53973e6e41675dca29425fdb5b39eca47b3d149c7da21a03804cb71e4e908f0e,btc-updown-5m-1778392800,2026-05-10 09:00:00+03,2026-05-10 09:05:00+03,2026-05-10 09:00:53.536987+03,53.537,246.46301250,80700.77000000,80700.77000000,0.00000000,0.00000000,75094929765334052928264412310544365585575430200435135195941599909798599123183,0.59000000,0.60000000,0.59500000,0.59500000,mid,websocket_cache,1294.17400000,99168158606022956188013871737507428024663647716026633118102906263674544628040,0.40000000,0.41000000,0.40500000,0.40500000,mid,websocket_cache,1218.73950000,"{""btc_source"": ""BinanceTradeWebSocket"", ""market_active"": true, ""market_closed"": false, ""up_book_error"": null, ""up_book_source"": ""websocket_cache"", ""up_book_status"": ""found"", ""down_book_error"": null, ""market_archived"": false, ""down_book_source"": ""websocket_cache"", ""down_book_status"": ""found"", ""market_accepting_orders"": true, ""market_enable_order_book"": true}"
BTC,2207365,0x53973e6e41675dca29425fdb5b39eca47b3d149c7da21a03804cb71e4e908f0e,btc-updown-5m-1778392800,2026-05-10 09:00:00+03,2026-05-10 09:05:00+03,2026-05-10 09:00:58.691702+03,58.692,241.30829740,80700.76000000,80700.77000000,-0.01000000,-0.00123915,75094929765334052928264412310544365585575430200435135195941599909798599123183,0.57000000,0.58000000,0.57500000,0.57500000,mid,websocket_cache,930.40080000,99168158606022956188013871737507428024663647716026633118102906263674544628040,0.42000000,0.43000000,0.42500000,0.42500000,mid,websocket_cache,852.61400000,"{""btc_source"": ""BinanceTradeWebSocket"", ""market_active"": true, ""market_closed"": false, ""up_book_error"": null, ""up_book_source"": ""websocket_cache"", ""up_book_status"": ""found"", ""down_book_error"": null, ""market_archived"": false, ""down_book_source"": ""websocket_cache"", ""down_book_status"": ""found"", ""market_accepting_orders"": true, ""market_enable_order_book"": true}"
BTC,2207365,0x53973e6e41675dca29425fdb5b39eca47b3d149c7da21a03804cb71e4e908f0e,btc-updown-5m-1778392800,2026-05-10 09:00:00+03,2026-05-10 09:05:00+03,2026-05-10 09:01:03.844694+03,63.845,236.15530590,80700.76000000,80700.77000000,-0.01000000,-0.00123915,75094929765334052928264412310544365585575430200435135195941599909798599123183,0.57000000,0.58000000,0.57500000,0.57500000,mid,websocket_cache,664.54830000,99168158606022956188013871737507428024663647716026633118102906263674544628040,0.42000000,0.43000000,0.42500000,0.42500000,mid,websocket_cache,602.62230000,"{""btc_source"": ""BinanceTradeWebSocket"", ""market_active"": true, ""market_closed"": false, ""up_book_error"": null, ""up_book_source"": ""websocket_cache"", ""up_book_status"": ""found"", ""down_book_error"": null, ""market_archived"": false, ""down_book_source"": ""websocket_cache"", ""down_book_status"": ""found"", ""market_accepting_orders"": true, ""market_enable_order_book"": true}"
BTC,2207365,0x53973e6e41675dca29425fdb5b39eca47b3d149c7da21a03804cb71e4e908f0e,btc-updown-5m-1778392800,2026-05-10 09:00:00+03,2026-05-10 09:05:00+03,2026-05-10 09:01:09.079664+03,69.080,230.92033580,80700.77000000,80700.77000000,0.00000000,0.00000000,75094929765334052928264412310544365585575430200435135195941599909798599123183,0.55000000,0.56000000,0.55500000,0.55500000,mid,websocket_cache,515.06120000,99168158606022956188013871737507428024663647716026633118102906263674544628040,0.44000000,0.45000000,0.44500000,0.44500000,mid,websocket_cache,411.29360000,"{""btc_source"": ""BinanceTradeWebSocket"", ""market_active"": true, ""market_closed"": false, ""up_book_error"": null, ""up_book_source"": ""websocket_cache"", ""up_book_status"": ""found"", ""down_book_error"": null, ""market_archived"": false, ""down_book_source"": ""websocket_cache"", ""down_book_status"": ""found"", ""market_accepting_orders"": true, ""market_enable_order_book"": true}"
BTC,2207365,0x53973e6e41675dca29425fdb5b39eca47b3d149c7da21a03804cb71e4e908f0e,btc-updown-5m-1778392800,2026-05-10 09:00:00+03,2026-05-10 09:05:00+03,2026-05-10 09:01:14.270609+03,74.271,225.72939040,80700.77000000,80700.77000000,0.00000000,0.00000000,75094929765334052928264412310544365585575430200435135195941599909798599123183,0.55000000,0.56000000,0.55500000,0.55500000,mid,websocket_cache,320.85970000,99168158606022956188013871737507428024663647716026633118102906263674544628040,0.44000000,0.45000000,0.44500000,0.44500000,mid,websocket_cache,258.15960000,"{""btc_source"": ""BinanceTradeWebSocket"", ""market_active"": true, ""market_closed"": false, ""up_book_error"": null, ""up_book_source"": ""websocket_cache"", ""up_book_status"": ""found"", ""down_book_error"": null, ""market_archived"": false, ""down_book_source"": ""websocket_cache"", ""down_book_status"": ""found"", ""market_accepting_orders"": true, ""market_enable_order_book"": true}"
BTC,2207365,0x53973e6e41675dca29425fdb5b39eca47b3d149c7da21a03804cb71e4e908f0e,btc-updown-5m-1778392800,2026-05-10 09:00:00+03,2026-05-10 09:05:00+03,2026-05-10 09:01:19.457268+03,79.457,220.54273150,80700.77000000,80700.77000000,0.00000000,0.00000000,75094929765334052928264412310544365585575430200435135195941599909798599123183,0.58000000,0.59000000,0.58500000,0.58500000,mid,websocket_cache,174.85050000,99168158606022956188013871737507428024663647716026633118102906263674544628040,0.41000000,0.42000000,0.41500000,0.41500000,mid,websocket_cache,92.48440000,"{""btc_source"": ""BinanceTradeWebSocket"", ""market_active"": true, ""market_closed"": false, ""up_book_error"": null, ""up_book_source"": ""websocket_cache"", ""up_book_status"": ""found"", ""down_book_error"": null, ""market_archived"": false, ""down_book_source"": ""websocket_cache"", ""down_book_status"": ""found"", ""market_accepting_orders"": true, ""market_enable_order_book"": true}"
BTC,2207365,0x53973e6e41675dca29425fdb5b39eca47b3d149c7da21a03804cb71e4e908f0e,btc-updown-5m-1778392800,2026-05-10 09:00:00+03,2026-05-10 09:05:00+03,2026-05-10 09:01:24.6391+03,84.639,215.36090000,80700.77000000,80700.77000000,0.00000000,0.00000000,75094929765334052928264412310544365585575430200435135195941599909798599123183,0.52000000,0.53000000,0.52500000,0.52500000,mid,websocket_cache,1254.35790000,99168158606022956188013871737507428024663647716026633118102906263674544628040,0.47000000,0.48000000,0.47500000,0.47500000,mid,websocket_cache,1186.80540000,"{""btc_source"": ""BinanceTradeWebSocket"", ""market_active"": true, ""market_closed"": false, ""up_book_error"": null, ""up_book_source"": ""websocket_cache"", ""up_book_status"": ""found"", ""down_book_error"": null, ""market_archived"": false, ""down_book_source"": ""websocket_cache"", ""down_book_status"": ""found"", ""market_accepting_orders"": true, ""market_enable_order_book"": true}"
BTC,2207365,0x53973e6e41675dca29425fdb5b39eca47b3d149c7da21a03804cb71e4e908f0e,btc-updown-5m-1778392800,2026-05-10 09:00:00+03,2026-05-10 09:05:00+03,2026-05-10 09:01:29.80322+03,89.803,210.19677940,80700.77000000,80700.77000000,0.00000000,0.00000000,75094929765334052928264412310544365585575430200435135195941599909798599123183,0.50000000,0.51000000,0.50500000,0.50500000,mid,websocket_cache,992.69270000,99168158606022956188013871737507428024663647716026633118102906263674544628040,0.49000000,0.50000000,0.49500000,0.49500000,mid,websocket_cache,927.25000000,"{""btc_source"": ""BinanceTradeWebSocket"", ""market_active"": true, ""market_closed"": false, ""up_book_error"": null, ""up_book_source"": ""websocket_cache"", ""up_book_status"": ""found"", ""down_book_error"": null, ""market_archived"": false, ""down_book_source"": ""websocket_cache"", ""down_book_status"": ""found"", ""market_accepting_orders"": true, ""market_enable_order_book"": true}"
BTC,2207365,0x53973e6e41675dca29425fdb5b39eca47b3d149c7da21a03804cb71e4e908f0e,btc-updown-5m-1778392800,2026-05-10 09:00:00+03,2026-05-10 09:05:00+03,2026-05-10 09:01:34.988753+03,94.989,205.01124660,80712.20000000,80700.77000000,11.43000000,1.41634336,75094929765334052928264412310544365585575430200435135195941599909798599123183,0.58000000,0.62000000,0.60000000,0.60000000,mid,websocket_cache,740.07900000,99168158606022956188013871737507428024663647716026633118102906263674544628040,0.36000000,0.38000000,0.37000000,0.37000000,mid,websocket_cache,666.51000000,"{""btc_source"": ""BinanceTradeWebSocket"", ""market_active"": true, ""market_closed"": false, ""up_book_error"": null, ""up_book_source"": ""websocket_cache"", ""up_book_status"": ""found"", ""down_book_error"": null, ""market_archived"": false, ""down_book_source"": ""websocket_cache"", ""down_book_status"": ""found"", ""market_accepting_orders"": true, ""market_enable_order_book"": true}"
BTC,2207365,0x53973e6e41675dca29425fdb5b39eca47b3d149c7da21a03804cb71e4e908f0e,btc-updown-5m-1778392800,2026-05-10 09:00:00+03,2026-05-10 09:05:00+03,2026-05-10 09:01:40.230911+03,100.231,199.76908830,80712.20000000,80700.77000000,11.43000000,1.41634336,75094929765334052928264412310544365585575430200435135195941599909798599123183,0.73000000,0.74000000,0.73500000,0.73500000,mid,websocket_cache,495.38720000,99168158606022956188013871737507428024663647716026633118102906263674544628040,0.26000000,0.27000000,0.26500000,0.26500000,mid,websocket_cache,430.45700000,"{""btc_source"": ""BinanceTradeWebSocket"", ""market_active"": true, ""market_closed"": false, ""up_book_error"": null, ""up_book_source"": ""websocket_cache"", ""up_book_status"": ""found"", ""down_book_error"": null, ""market_archived"": false, ""down_book_source"": ""websocket_cache"", ""down_book_status"": ""found"", ""market_accepting_orders"": true, ""market_enable_order_book"": true}"
BTC,2207365,0x53973e6e41675dca29425fdb5b39eca47b3d149c7da21a03804cb71e4e908f0e,btc-updown-5m-1778392800,2026-05-10 09:00:00+03,2026-05-10 09:05:00+03,2026-05-10 09:01:45.419438+03,105.419,194.58056170,80712.19000000,80700.77000000,11.42000000,1.41510422,75094929765334052928264412310544365585575430200435135195941599909798599123183,0.72000000,0.73000000,0.72500000,0.72500000,mid,websocket_cache,382.97640000,99168158606022956188013871737507428024663647716026633118102906263674544628040,0.27000000,0.28000000,0.27500000,0.27500000,mid,websocket_cache,223.26490000,"{""btc_source"": ""BinanceTradeWebSocket"", ""market_active"": true, ""market_closed"": false, ""up_book_error"": null, ""up_book_source"": ""websocket_cache"", ""up_book_status"": ""found"", ""down_book_error"": null, ""market_archived"": false, ""down_book_source"": ""websocket_cache"", ""down_book_status"": ""found"", ""market_accepting_orders"": true, ""market_enable_order_book"": true}"
BTC,2207365,0x53973e6e41675dca29425fdb5b39eca47b3d149c7da21a03804cb71e4e908f0e,btc-updown-5m-1778392800,2026-05-10 09:00:00+03,2026-05-10 09:05:00+03,2026-05-10 09:01:50.614497+03,110.614,189.38550280,80712.19000000,80700.77000000,11.42000000,1.41510422,75094929765334052928264412310544365585575430200435135195941599909798599123183,0.72000000,0.73000000,0.72500000,0.72500000,mid,websocket_cache,105.06320000,99168158606022956188013871737507428024663647716026633118102906263674544628040,0.27000000,0.28000000,0.27500000,0.27500000,mid,websocket_cache,22.14130000,"{""btc_source"": ""BinanceTradeWebSocket"", ""market_active"": true, ""market_closed"": false, ""up_book_error"": null, ""up_book_source"": ""websocket_cache"", ""up_book_status"": ""found"", ""down_book_error"": null, ""market_archived"": false, ""down_book_source"": ""websocket_cache"", ""down_book_status"": ""found"", ""market_accepting_orders"": true, ""market_enable_order_book"": true}"
BTC,2207365,0x53973e6e41675dca29425fdb5b39eca47b3d149c7da21a03804cb71e4e908f0e,btc-updown-5m-1778392800,2026-05-10 09:00:00+03,2026-05-10 09:05:00+03,2026-05-10 09:01:55.796614+03,115.797,184.20338560,80712.20000000,80700.77000000,11.43000000,1.41634336,75094929765334052928264412310544365585575430200435135195941599909798599123183,0.71000000,0.72000000,0.71500000,0.71500000,mid,websocket_cache,1210.45400000,99168158606022956188013871737507428024663647716026633118102906263674544628040,0.30000000,0.33000000,0.31500000,0.31500000,mid,websocket_cache,1120.19030000,"{""btc_source"": ""BinanceTradeWebSocket"", ""market_active"": true, ""market_closed"": false, ""up_book_error"": null, ""up_book_source"": ""websocket_cache"", ""up_book_status"": ""found"", ""down_book_error"": null, ""market_archived"": false, ""down_book_source"": ""websocket_cache"", ""down_book_status"": ""found"", ""market_accepting_orders"": true, ""market_enable_order_book"": true}"
BTC,2207365,0x53973e6e41675dca29425fdb5b39eca47b3d149c7da21a03804cb71e4e908f0e,btc-updown-5m-1778392800,2026-05-10 09:00:00+03,2026-05-10 09:05:00+03,2026-05-10 09:02:01.001936+03,121.002,178.99806330,80712.20000000,80700.77000000,11.43000000,1.41634336,75094929765334052928264412310544365585575430200435135195941599909798599123183,0.68000000,0.69000000,0.68500000,0.68500000,mid,websocket_cache,1008.75970000,99168158606022956188013871737507428024663647716026633118102906263674544628040,0.31000000,0.32000000,0.31500000,0.31500000,mid,websocket_cache,935.90680000,"{""btc_source"": ""BinanceTradeWebSocket"", ""market_active"": true, ""market_closed"": false, ""up_book_error"": null, ""up_book_source"": ""websocket_cache"", ""up_book_status"": ""found"", ""down_book_error"": null, ""market_archived"": false, ""down_book_source"": ""websocket_cache"", ""down_book_status"": ""found"", ""market_accepting_orders"": true, ""market_enable_order_book"": true}"
BTC,2207365,0x53973e6e41675dca29425fdb5b39eca47b3d149c7da21a03804cb71e4e908f0e,btc-updown-5m-1778392800,2026-05-10 09:00:00+03,2026-05-10 09:05:00+03,2026-05-10 09:02:06.231382+03,126.231,173.76861750,80712.19000000,80700.77000000,11.42000000,1.41510422,75094929765334052928264412310544365585575430200435135195941599909798599123183,0.74000000,0.75000000,0.74500000,0.74500000,mid,websocket_cache,761.16340000,99168158606022956188013871737507428024663647716026633118102906263674544628040,0.25000000,0.26000000,0.25500000,0.25500000,mid,websocket_cache,683.85430000,"{""btc_source"": ""BinanceTradeWebSocket"", ""market_active"": true, ""market_closed"": false, ""up_book_error"": null, ""up_book_source"": ""websocket_cache"", ""up_book_status"": ""found"", ""down_book_error"": null, ""market_archived"": false, ""down_book_source"": ""websocket_cache"", ""down_book_status"": ""found"", ""market_accepting_orders"": true, ""market_enable_order_book"": true}"
BTC,2207365,0x53973e6e41675dca29425fdb5b39eca47b3d149c7da21a03804cb71e4e908f0e,btc-updown-5m-1778392800,2026-05-10 09:00:00+03,2026-05-10 09:05:00+03,2026-05-10 09:02:11.426759+03,131.427,168.57324010,80712.19000000,80700.77000000,11.42000000,1.41510422,75094929765334052928264412310544365585575430200435135195941599909798599123183,0.76000000,0.77000000,0.76500000,0.76500000,mid,websocket_cache,654.92590000,99168158606022956188013871737507428024663647716026633118102906263674544628040,0.23000000,0.24000000,0.23500000,0.23500000,mid,websocket_cache,591.85660000,"{""btc_source"": ""BinanceTradeWebSocket"", ""market_active"": true, ""market_closed"": false, ""up_book_error"": null, ""up_book_source"": ""websocket_cache"", ""up_book_status"": ""found"", ""down_book_error"": null, ""market_archived"": false, ""down_book_source"": ""websocket_cache"", ""down_book_status"": ""found"", ""market_accepting_orders"": true, ""market_enable_order_book"": true}"
BTC,2207365,0x53973e6e41675dca29425fdb5b39eca47b3d149c7da21a03804cb71e4e908f0e,btc-updown-5m-1778392800,2026-05-10 09:00:00+03,2026-05-10 09:05:00+03,2026-05-10 09:02:16.59902+03,136.599,163.40097990,80712.19000000,80700.77000000,11.42000000,1.41510422,75094929765334052928264412310544365585575430200435135195941599909798599123183,0.82000000,0.83000000,0.82500000,0.82500000,mid,websocket_cache,425.21770000,99168158606022956188013871737507428024663647716026633118102906263674544628040,0.17000000,0.18000000,0.17500000,0.17500000,mid,websocket_cache,361.86970000,"{""btc_source"": ""BinanceTradeWebSocket"", ""market_active"": true, ""market_closed"": false, ""up_book_error"": null, ""up_book_source"": ""websocket_cache"", ""up_book_status"": ""found"", ""down_book_error"": null, ""market_archived"": false, ""down_book_source"": ""websocket_cache"", ""down_book_status"": ""found"", ""market_accepting_orders"": true, ""market_enable_order_book"": true}"
BTC,2207365,0x53973e6e41675dca29425fdb5b39eca47b3d149c7da21a03804cb71e4e908f0e,btc-updown-5m-1778392800,2026-05-10 09:00:00+03,2026-05-10 09:05:00+03,2026-05-10 09:02:21.785818+03,141.786,158.21418200,80712.19000000,80700.77000000,11.42000000,1.41510422,75094929765334052928264412310544365585575430200435135195941599909798599123183,0.77000000,0.78000000,0.77500000,0.77500000,mid,websocket_cache,329.76560000,99168158606022956188013871737507428024663647716026633118102906263674544628040,0.22000000,0.23000000,0.22500000,0.22500000,mid,websocket_cache,256.61110000,"{""btc_source"": ""BinanceTradeWebSocket"", ""market_active"": true, ""market_closed"": false, ""up_book_error"": null, ""up_book_source"": ""websocket_cache"", ""up_book_status"": ""found"", ""down_book_error"": null, ""market_archived"": false, ""down_book_source"": ""websocket_cache"", ""down_book_status"": ""found"", ""market_accepting_orders"": true, ""market_enable_order_book"": true}"
BTC,2207365,0x53973e6e41675dca29425fdb5b39eca47b3d149c7da21a03804cb71e4e908f0e,btc-updown-5m-1778392800,2026-05-10 09:00:00+03,2026-05-10 09:05:00+03,2026-05-10 09:02:26.955246+03,146.955,153.04475390,80712.20000000,80700.77000000,11.43000000,1.41634336,75094929765334052928264412310544365585575430200435135195941599909798599123183,0.81000000,0.82000000,0.81500000,0.81500000,mid,websocket_cache,15.87580000,99168158606022956188013871737507428024663647716026633118102906263674544628040,0.18000000,0.19000000,0.18500000,0.18500000,mid,websocket_cache,1254.97510000,"{""btc_source"": ""BinanceTradeWebSocket"", ""market_active"": true, ""market_closed"": false, ""up_book_error"": null, ""up_book_source"": ""websocket_cache"", ""up_book_status"": ""found"", ""down_book_error"": null, ""market_archived"": false, ""down_book_source"": ""websocket_cache"", ""down_book_status"": ""found"", ""market_accepting_orders"": true, ""market_enable_order_book"": true}"
BTC,2207365,0x53973e6e41675dca29425fdb5b39eca47b3d149c7da21a03804cb71e4e908f0e,btc-updown-5m-1778392800,2026-05-10 09:00:00+03,2026-05-10 09:05:00+03,2026-05-10 09:02:32.140893+03,152.141,147.85910690,80712.19000000,80700.77000000,11.42000000,1.41510422,75094929765334052928264412310544365585575430200435135195941599909798599123183,0.77000000,0.78000000,0.77500000,0.77500000,mid,websocket_cache,1120.89450000,99168158606022956188013871737507428024663647716026633118102906263674544628040,0.22000000,0.23000000,0.22500000,0.22500000,mid,websocket_cache,1058.28390000,"{""btc_source"": ""BinanceTradeWebSocket"", ""market_active"": true, ""market_closed"": false, ""up_book_error"": null, ""up_book_source"": ""websocket_cache"", ""up_book_status"": ""found"", ""down_book_error"": null, ""market_archived"": false, ""down_book_source"": ""websocket_cache"", ""down_book_status"": ""found"", ""market_accepting_orders"": true, ""market_enable_order_book"": true}"
BTC,2207365,0x53973e6e41675dca29425fdb5b39eca47b3d149c7da21a03804cb71e4e908f0e,btc-updown-5m-1778392800,2026-05-10 09:00:00+03,2026-05-10 09:05:00+03,2026-05-10 09:02:37.34693+03,157.347,142.65306960,80712.20000000,80700.77000000,11.43000000,1.41634336,75094929765334052928264412310544365585575430200435135195941599909798599123183,0.86000000,0.87000000,0.86500000,0.86500000,mid,websocket_cache,972.60950000,99168158606022956188013871737507428024663647716026633118102906263674544628040,0.13000000,0.14000000,0.13500000,0.13500000,mid,websocket_cache,889.28660000,"{""btc_source"": ""BinanceTradeWebSocket"", ""market_active"": true, ""market_closed"": false, ""up_book_error"": null, ""up_book_source"": ""websocket_cache"", ""up_book_status"": ""found"", ""down_book_error"": null, ""market_archived"": false, ""down_book_source"": ""websocket_cache"", ""down_book_status"": ""found"", ""market_accepting_orders"": true, ""market_enable_order_book"": true}"
BTC,2207365,0x53973e6e41675dca29425fdb5b39eca47b3d149c7da21a03804cb71e4e908f0e,btc-updown-5m-1778392800,2026-05-10 09:00:00+03,2026-05-10 09:05:00+03,2026-05-10 09:02:42.540112+03,162.540,137.45988740,80717.03000000,80700.77000000,16.26000000,2.01485066,75094929765334052928264412310544365585575430200435135195941599909798599123183,0.88000000,0.89000000,0.88500000,0.88500000,mid,websocket_cache,829.74510000,99168158606022956188013871737507428024663647716026633118102906263674544628040,0.11000000,0.12000000,0.11500000,0.11500000,mid,websocket_cache,752.94060000,"{""btc_source"": ""BinanceTradeWebSocket"", ""market_active"": true, ""market_closed"": false, ""up_book_error"": null, ""up_book_source"": ""websocket_cache"", ""up_book_status"": ""found"", ""down_book_error"": null, ""market_archived"": false, ""down_book_source"": ""websocket_cache"", ""down_book_status"": ""found"", ""market_accepting_orders"": true, ""market_enable_order_book"": true}"
BTC,2207365,0x53973e6e41675dca29425fdb5b39eca47b3d149c7da21a03804cb71e4e908f0e,btc-updown-5m-1778392800,2026-05-10 09:00:00+03,2026-05-10 09:05:00+03,2026-05-10 09:02:47.798446+03,167.798,132.20155380,80717.03000000,80700.77000000,16.26000000,2.01485066,75094929765334052928264412310544365585575430200435135195941599909798599123183,0.87000000,0.88000000,0.87500000,0.87500000,mid,websocket_cache,602.83520000,99168158606022956188013871737507428024663647716026633118102906263674544628040,0.12000000,0.13000000,0.12500000,0.12500000,mid,websocket_cache,517.35180000,"{""btc_source"": ""BinanceTradeWebSocket"", ""market_active"": true, ""market_closed"": false, ""up_book_error"": null, ""up_book_source"": ""websocket_cache"", ""up_book_status"": ""found"", ""down_book_error"": null, ""market_archived"": false, ""down_book_source"": ""websocket_cache"", ""down_book_status"": ""found"", ""market_accepting_orders"": true, ""market_enable_order_book"": true}"
BTC,2207365,0x53973e6e41675dca29425fdb5b39eca47b3d149c7da21a03804cb71e4e908f0e,btc-updown-5m-1778392800,2026-05-10 09:00:00+03,2026-05-10 09:05:00+03,2026-05-10 09:02:52.996895+03,172.997,127.00310440,80717.03000000,80700.77000000,16.26000000,2.01485066,75094929765334052928264412310544365585575430200435135195941599909798599123183,0.85000000,0.86000000,0.85500000,0.85500000,mid,websocket_cache,402.37170000,99168158606022956188013871737507428024663647716026633118102906263674544628040,0.14000000,0.15000000,0.14500000,0.14500000,mid,websocket_cache,276.56390000,"{""btc_source"": ""BinanceTradeWebSocket"", ""market_active"": true, ""market_closed"": false, ""up_book_error"": null, ""up_book_source"": ""websocket_cache"", ""up_book_status"": ""found"", ""down_book_error"": null, ""market_archived"": false, ""down_book_source"": ""websocket_cache"", ""down_book_status"": ""found"", ""market_accepting_orders"": true, ""market_enable_order_book"": true}"
BTC,2207365,0x53973e6e41675dca29425fdb5b39eca47b3d149c7da21a03804cb71e4e908f0e,btc-updown-5m-1778392800,2026-05-10 09:00:00+03,2026-05-10 09:05:00+03,2026-05-10 09:02:58.204639+03,178.205,121.79536090,80717.03000000,80700.77000000,16.26000000,2.01485066,75094929765334052928264412310544365585575430200435135195941599909798599123183,0.82000000,0.83000000,0.82500000,0.82500000,mid,websocket_cache,228.61750000,99168158606022956188013871737507428024663647716026633118102906263674544628040,0.17000000,0.18000000,0.17500000,0.17500000,mid,websocket_cache,144.36760000,"{""btc_source"": ""BinanceTradeWebSocket"", ""market_active"": true, ""market_closed"": false, ""up_book_error"": null, ""up_book_source"": ""websocket_cache"", ""up_book_status"": ""found"", ""down_book_error"": null, ""market_archived"": false, ""down_book_source"": ""websocket_cache"", ""down_book_status"": ""found"", ""market_accepting_orders"": true, ""market_enable_order_book"": true}"
BTC,2207365,0x53973e6e41675dca29425fdb5b39eca47b3d149c7da21a03804cb71e4e908f0e,btc-updown-5m-1778392800,2026-05-10 09:00:00+03,2026-05-10 09:05:00+03,2026-05-10 09:03:03.414934+03,183.415,116.58506570,80717.03000000,80700.77000000,16.26000000,2.01485066,75094929765334052928264412310544365585575430200435135195941599909798599123183,0.84000000,0.85000000,0.84500000,0.84500000,mid,websocket_cache,36.64800000,99168158606022956188013871737507428024663647716026633118102906263674544628040,0.17000000,0.18000000,0.17500000,0.17500000,mid,websocket_cache,1296.81110000,"{""btc_source"": ""BinanceTradeWebSocket"", ""market_active"": true, ""market_closed"": false, ""up_book_error"": null, ""up_book_source"": ""websocket_cache"", ""up_book_status"": ""found"", ""down_book_error"": null, ""market_archived"": false, ""down_book_source"": ""websocket_cache"", ""down_book_status"": ""found"", ""market_accepting_orders"": true, ""market_enable_order_book"": true}"
BTC,2207365,0x53973e6e41675dca29425fdb5b39eca47b3d149c7da21a03804cb71e4e908f0e,btc-updown-5m-1778392800,2026-05-10 09:00:00+03,2026-05-10 09:05:00+03,2026-05-10 09:03:08.576764+03,188.577,111.42323600,80717.03000000,80700.77000000,16.26000000,2.01485066,75094929765334052928264412310544365585575430200435135195941599909798599123183,0.88000000,0.89000000,0.88500000,0.88500000,mid,websocket_cache,1122.97700000,99168158606022956188013871737507428024663647716026633118102906263674544628040,0.11000000,0.12000000,0.11500000,0.11500000,mid,websocket_cache,1041.95870000,"{""btc_source"": ""BinanceTradeWebSocket"", ""market_active"": true, ""market_closed"": false, ""up_book_error"": null, ""up_book_source"": ""websocket_cache"", ""up_book_status"": ""found"", ""down_book_error"": null, ""market_archived"": false, ""down_book_source"": ""websocket_cache"", ""down_book_status"": ""found"", ""market_accepting_orders"": true, ""market_enable_order_book"": true}"
BTC,2207365,0x53973e6e41675dca29425fdb5b39eca47b3d149c7da21a03804cb71e4e908f0e,btc-updown-5m-1778392800,2026-05-10 09:00:00+03,2026-05-10 09:05:00+03,2026-05-10 09:03:13.785049+03,193.785,106.21495100,80717.03000000,80700.77000000,16.26000000,2.01485066,75094929765334052928264412310544365585575430200435135195941599909798599123183,0.90000000,0.91000000,0.90500000,0.90500000,mid,websocket_cache,855.30610000,99168158606022956188013871737507428024663647716026633118102906263674544628040,0.09000000,0.10000000,0.09500000,0.09500000,mid,websocket_cache,782.65310000,"{""btc_source"": ""BinanceTradeWebSocket"", ""market_active"": true, ""market_closed"": false, ""up_book_error"": null, ""up_book_source"": ""websocket_cache"", ""up_book_status"": ""found"", ""down_book_error"": null, ""market_archived"": false, ""down_book_source"": ""websocket_cache"", ""down_book_status"": ""found"", ""market_accepting_orders"": true, ""market_enable_order_book"": true}"
BTC,2207365,0x53973e6e41675dca29425fdb5b39eca47b3d149c7da21a03804cb71e4e908f0e,btc-updown-5m-1778392800,2026-05-10 09:00:00+03,2026-05-10 09:05:00+03,2026-05-10 09:03:18.976185+03,198.976,101.02381440,80717.03000000,80700.77000000,16.26000000,2.01485066,75094929765334052928264412310544365585575430200435135195941599909798599123183,0.90000000,0.91000000,0.90500000,0.90500000,mid,websocket_cache,725.50850000,99168158606022956188013871737507428024663647716026633118102906263674544628040,0.09000000,0.10000000,0.09500000,0.09500000,mid,websocket_cache,490.95550000,"{""btc_source"": ""BinanceTradeWebSocket"", ""market_active"": true, ""market_closed"": false, ""up_book_error"": null, ""up_book_source"": ""websocket_cache"", ""up_book_status"": ""found"", ""down_book_error"": null, ""market_archived"": false, ""down_book_source"": ""websocket_cache"", ""down_book_status"": ""found"", ""market_accepting_orders"": true, ""market_enable_order_book"": true}"
BTC,2207365,0x53973e6e41675dca29425fdb5b39eca47b3d149c7da21a03804cb71e4e908f0e,btc-updown-5m-1778392800,2026-05-10 09:00:00+03,2026-05-10 09:05:00+03,2026-05-10 09:03:24.134618+03,204.135,95.86538150,80717.02000000,80700.77000000,16.25000000,2.01361152,75094929765334052928264412310544365585575430200435135195941599909798599123183,0.90000000,0.91000000,0.90500000,0.90500000,mid,websocket_cache,403.17580000,99168158606022956188013871737507428024663647716026633118102906263674544628040,0.09000000,0.10000000,0.09500000,0.09500000,mid,websocket_cache,338.19450000,"{""btc_source"": ""BinanceTradeWebSocket"", ""market_active"": true, ""market_closed"": false, ""up_book_error"": null, ""up_book_source"": ""websocket_cache"", ""up_book_status"": ""found"", ""down_book_error"": null, ""market_archived"": false, ""down_book_source"": ""websocket_cache"", ""down_book_status"": ""found"", ""market_accepting_orders"": true, ""market_enable_order_book"": true}"
BTC,2207365,0x53973e6e41675dca29425fdb5b39eca47b3d149c7da21a03804cb71e4e908f0e,btc-updown-5m-1778392800,2026-05-10 09:00:00+03,2026-05-10 09:05:00+03,2026-05-10 09:03:29.307307+03,209.307,90.69269300,80717.02000000,80700.77000000,16.25000000,2.01361152,75094929765334052928264412310544365585575430200435135195941599909798599123183,0.93000000,0.94000000,0.93500000,0.93500000,mid,websocket_cache,172.64930000,99168158606022956188013871737507428024663647716026633118102906263674544628040,0.06000000,0.07000000,0.06500000,0.06500000,mid,websocket_cache,79.12180000,"{""btc_source"": ""BinanceTradeWebSocket"", ""market_active"": true, ""market_closed"": false, ""up_book_error"": null, ""up_book_source"": ""websocket_cache"", ""up_book_status"": ""found"", ""down_book_error"": null, ""market_archived"": false, ""down_book_source"": ""websocket_cache"", ""down_book_status"": ""found"", ""market_accepting_orders"": true, ""market_enable_order_book"": true}"
BTC,2207365,0x53973e6e41675dca29425fdb5b39eca47b3d149c7da21a03804cb71e4e908f0e,btc-updown-5m-1778392800,2026-05-10 09:00:00+03,2026-05-10 09:05:00+03,2026-05-10 09:03:34.494072+03,214.494,85.50592740,80717.03000000,80700.77000000,16.26000000,2.01485066,75094929765334052928264412310544365585575430200435135195941599909798599123183,0.93000000,0.94000000,0.93500000,0.93500000,mid,websocket_cache,950.49980000,99168158606022956188013871737507428024663647716026633118102906263674544628040,0.08000000,0.10000000,0.09000000,0.09000000,mid,websocket_cache,771.07310000,"{""btc_source"": ""BinanceTradeWebSocket"", ""market_active"": true, ""market_closed"": false, ""up_book_error"": null, ""up_book_source"": ""websocket_cache"", ""up_book_status"": ""found"", ""down_book_error"": null, ""market_archived"": false, ""down_book_source"": ""websocket_cache"", ""down_book_status"": ""found"", ""market_accepting_orders"": true, ""market_enable_order_book"": true}"
BTC,2207365,0x53973e6e41675dca29425fdb5b39eca47b3d149c7da21a03804cb71e4e908f0e,btc-updown-5m-1778392800,2026-05-10 09:00:00+03,2026-05-10 09:05:00+03,2026-05-10 09:03:39.674983+03,219.675,80.32501670,80717.03000000,80700.77000000,16.26000000,2.01485066,75094929765334052928264412310544365585575430200435135195941599909798599123183,0.84000000,0.85000000,0.84500000,0.84500000,mid,websocket_cache,356.31260000,99168158606022956188013871737507428024663647716026633118102906263674544628040,0.15000000,0.16000000,0.15500000,0.15500000,mid,websocket_cache,261.16930000,"{""btc_source"": ""BinanceTradeWebSocket"", ""market_active"": true, ""market_closed"": false, ""up_book_error"": null, ""up_book_source"": ""websocket_cache"", ""up_book_status"": ""found"", ""down_book_error"": null, ""market_archived"": false, ""down_book_source"": ""websocket_cache"", ""down_book_status"": ""found"", ""market_accepting_orders"": true, ""market_enable_order_book"": true}"
BTC,2207365,0x53973e6e41675dca29425fdb5b39eca47b3d149c7da21a03804cb71e4e908f0e,btc-updown-5m-1778392800,2026-05-10 09:00:00+03,2026-05-10 09:05:00+03,2026-05-10 09:03:44.918991+03,224.919,75.08100810,80717.02000000,80700.77000000,16.25000000,2.01361152,75094929765334052928264412310544365585575430200435135195941599909798599123183,0.84000000,0.85000000,0.84500000,0.84500000,mid,websocket_cache,1040.58720000,99168158606022956188013871737507428024663647716026633118102906263674544628040,0.15000000,0.16000000,0.15500000,0.15500000,mid,websocket_cache,962.58510000,"{""btc_source"": ""BinanceTradeWebSocket"", ""market_active"": true, ""market_closed"": false, ""up_book_error"": null, ""up_book_source"": ""websocket_cache"", ""up_book_status"": ""found"", ""down_book_error"": null, ""market_archived"": false, ""down_book_source"": ""websocket_cache"", ""down_book_status"": ""found"", ""market_accepting_orders"": true, ""market_enable_order_book"": true}"
BTC,2207365,0x53973e6e41675dca29425fdb5b39eca47b3d149c7da21a03804cb71e4e908f0e,btc-updown-5m-1778392800,2026-05-10 09:00:00+03,2026-05-10 09:05:00+03,2026-05-10 09:03:50.08087+03,230.081,69.91912910,80717.03000000,80700.77000000,16.26000000,2.01485066,75094929765334052928264412310544365585575430200435135195941599909798599123183,0.84000000,0.85000000,0.84500000,0.84500000,mid,websocket_cache,362.91820000,99168158606022956188013871737507428024663647716026633118102906263674544628040,0.15000000,0.16000000,0.15500000,0.15500000,mid,websocket_cache,296.66800000,"{""btc_source"": ""BinanceTradeWebSocket"", ""market_active"": true, ""market_closed"": false, ""up_book_error"": null, ""up_book_source"": ""websocket_cache"", ""up_book_status"": ""found"", ""down_book_error"": null, ""market_archived"": false, ""down_book_source"": ""websocket_cache"", ""down_book_status"": ""found"", ""market_accepting_orders"": true, ""market_enable_order_book"": true}"
BTC,2207365,0x53973e6e41675dca29425fdb5b39eca47b3d149c7da21a03804cb71e4e908f0e,btc-updown-5m-1778392800,2026-05-10 09:00:00+03,2026-05-10 09:05:00+03,2026-05-10 09:03:55.296359+03,235.296,64.70364090,80717.03000000,80700.77000000,16.26000000,2.01485066,75094929765334052928264412310544365585575430200435135195941599909798599123183,0.84000000,0.85000000,0.84500000,0.84500000,mid,websocket_cache,1090.16520000,99168158606022956188013871737507428024663647716026633118102906263674544628040,0.15000000,0.16000000,0.15500000,0.15500000,mid,websocket_cache,1028.98180000,"{""btc_source"": ""BinanceTradeWebSocket"", ""market_active"": true, ""market_closed"": false, ""up_book_error"": null, ""up_book_source"": ""websocket_cache"", ""up_book_status"": ""found"", ""down_book_error"": null, ""market_archived"": false, ""down_book_source"": ""websocket_cache"", ""down_book_status"": ""found"", ""market_accepting_orders"": true, ""market_enable_order_book"": true}"
BTC,2207365,0x53973e6e41675dca29425fdb5b39eca47b3d149c7da21a03804cb71e4e908f0e,btc-updown-5m-1778392800,2026-05-10 09:00:00+03,2026-05-10 09:05:00+03,2026-05-10 09:04:00.461434+03,240.461,59.53856510,80717.02000000,80700.77000000,16.25000000,2.01361152,75094929765334052928264412310544365585575430200435135195941599909798599123183,0.87000000,0.91000000,0.89000000,0.89000000,mid,websocket_cache,228.98630000,99168158606022956188013871737507428024663647716026633118102906263674544628040,0.09000000,0.12000000,0.10500000,0.10500000,mid,websocket_cache,162.58830000,"{""btc_source"": ""BinanceTradeWebSocket"", ""market_active"": true, ""market_closed"": false, ""up_book_error"": null, ""up_book_source"": ""websocket_cache"", ""up_book_status"": ""found"", ""down_book_error"": null, ""market_archived"": false, ""down_book_source"": ""websocket_cache"", ""down_book_status"": ""found"", ""market_accepting_orders"": true, ""market_enable_order_book"": true}"
BTC,2207365,0x53973e6e41675dca29425fdb5b39eca47b3d149c7da21a03804cb71e4e908f0e,btc-updown-5m-1778392800,2026-05-10 09:00:00+03,2026-05-10 09:05:00+03,2026-05-10 09:04:05.624184+03,245.624,54.37581520,80717.02000000,80700.77000000,16.25000000,2.01361152,75094929765334052928264412310544365585575430200435135195941599909798599123183,0.96000000,0.97000000,0.96500000,0.96500000,mid,websocket_cache,1005.98490000,99168158606022956188013871737507428024663647716026633118102906263674544628040,0.03000000,0.04000000,0.03500000,0.03500000,mid,websocket_cache,939.91770000,"{""btc_source"": ""BinanceTradeWebSocket"", ""market_active"": true, ""market_closed"": false, ""up_book_error"": null, ""up_book_source"": ""websocket_cache"", ""up_book_status"": ""found"", ""down_book_error"": null, ""market_archived"": false, ""down_book_source"": ""websocket_cache"", ""down_book_status"": ""found"", ""market_accepting_orders"": true, ""market_enable_order_book"": true}"
BTC,2207365,0x53973e6e41675dca29425fdb5b39eca47b3d149c7da21a03804cb71e4e908f0e,btc-updown-5m-1778392800,2026-05-10 09:00:00+03,2026-05-10 09:05:00+03,2026-05-10 09:04:10.859624+03,250.860,49.14037550,80720.09000000,80700.77000000,19.32000000,2.39402920,75094929765334052928264412310544365585575430200435135195941599909798599123183,0.98000000,0.99000000,0.98500000,0.98500000,mid,websocket_cache,109.92970000,99168158606022956188013871737507428024663647716026633118102906263674544628040,0.02000000,0.03000000,0.02500000,0.02500000,mid,websocket_cache,1558.29810000,"{""btc_source"": ""BinanceTradeWebSocket"", ""market_active"": true, ""market_closed"": false, ""up_book_error"": null, ""up_book_source"": ""websocket_cache"", ""up_book_status"": ""found"", ""down_book_error"": null, ""market_archived"": false, ""down_book_source"": ""websocket_cache"", ""down_book_status"": ""found"", ""market_accepting_orders"": true, ""market_enable_order_book"": true}"
BTC,2207365,0x53973e6e41675dca29425fdb5b39eca47b3d149c7da21a03804cb71e4e908f0e,btc-updown-5m-1778392800,2026-05-10 09:00:00+03,2026-05-10 09:05:00+03,2026-05-10 09:04:16.069268+03,256.069,43.93073160,80720.09000000,80700.77000000,19.32000000,2.39402920,75094929765334052928264412310544365585575430200435135195941599909798599123183,0.98000000,0.99000000,0.98500000,0.98500000,mid,websocket_cache,738.90200000,99168158606022956188013871737507428024663647716026633118102906263674544628040,0.01000000,0.02000000,0.01500000,0.01500000,mid,websocket_cache,676.68470000,"{""btc_source"": ""BinanceTradeWebSocket"", ""market_active"": true, ""market_closed"": false, ""up_book_error"": null, ""up_book_source"": ""websocket_cache"", ""up_book_status"": ""found"", ""down_book_error"": null, ""market_archived"": false, ""down_book_source"": ""websocket_cache"", ""down_book_status"": ""found"", ""market_accepting_orders"": true, ""market_enable_order_book"": true}"
BTC,2207365,0x53973e6e41675dca29425fdb5b39eca47b3d149c7da21a03804cb71e4e908f0e,btc-updown-5m-1778392800,2026-05-10 09:00:00+03,2026-05-10 09:05:00+03,2026-05-10 09:04:21.267542+03,261.268,38.73245760,80720.08000000,80700.77000000,19.31000000,2.39279006,75094929765334052928264412310544365585575430200435135195941599909798599123183,0.98000000,0.99000000,0.98500000,0.98500000,mid,websocket_cache,1466.41510000,99168158606022956188013871737507428024663647716026633118102906263674544628040,0.01000000,0.02000000,0.01500000,0.01500000,mid,websocket_cache,1381.43050000,"{""btc_source"": ""BinanceTradeWebSocket"", ""market_active"": true, ""market_closed"": false, ""up_book_error"": null, ""up_book_source"": ""websocket_cache"", ""up_book_status"": ""found"", ""down_book_error"": null, ""market_archived"": false, ""down_book_source"": ""websocket_cache"", ""down_book_status"": ""found"", ""market_accepting_orders"": true, ""market_enable_order_book"": true}"
BTC,2207365,0x53973e6e41675dca29425fdb5b39eca47b3d149c7da21a03804cb71e4e908f0e,btc-updown-5m-1778392800,2026-05-10 09:00:00+03,2026-05-10 09:05:00+03,2026-05-10 09:04:26.443831+03,266.444,33.55616820,80720.08000000,80700.77000000,19.31000000,2.39279006,75094929765334052928264412310544365585575430200435135195941599909798599123183,0.98000000,0.99000000,0.98500000,0.98500000,mid,websocket_cache,540.97460000,99168158606022956188013871737507428024663647716026633118102906263674544628040,0.01000000,0.02000000,0.01500000,0.01500000,mid,websocket_cache,466.16750000,"{""btc_source"": ""BinanceTradeWebSocket"", ""market_active"": true, ""market_closed"": false, ""up_book_error"": null, ""up_book_source"": ""websocket_cache"", ""up_book_status"": ""found"", ""down_book_error"": null, ""market_archived"": false, ""down_book_source"": ""websocket_cache"", ""down_book_status"": ""found"", ""market_accepting_orders"": true, ""market_enable_order_book"": true}"
BTC,2207365,0x53973e6e41675dca29425fdb5b39eca47b3d149c7da21a03804cb71e4e908f0e,btc-updown-5m-1778392800,2026-05-10 09:00:00+03,2026-05-10 09:05:00+03,2026-05-10 09:04:31.592185+03,271.592,28.40781420,80720.08000000,80700.77000000,19.31000000,2.39279006,75094929765334052928264412310544365585575430200435135195941599909798599123183,0.98000000,0.99000000,0.98500000,0.98500000,mid,websocket_cache,1344.06090000,99168158606022956188013871737507428024663647716026633118102906263674544628040,0.01000000,0.02000000,0.01500000,0.01500000,mid,websocket_cache,1283.79510000,"{""btc_source"": ""BinanceTradeWebSocket"", ""market_active"": true, ""market_closed"": false, ""up_book_error"": null, ""up_book_source"": ""websocket_cache"", ""up_book_status"": ""found"", ""down_book_error"": null, ""market_archived"": false, ""down_book_source"": ""websocket_cache"", ""down_book_status"": ""found"", ""market_accepting_orders"": true, ""market_enable_order_book"": true}"
BTC,2207365,0x53973e6e41675dca29425fdb5b39eca47b3d149c7da21a03804cb71e4e908f0e,btc-updown-5m-1778392800,2026-05-10 09:00:00+03,2026-05-10 09:05:00+03,2026-05-10 09:04:36.78585+03,276.786,23.21414960,80720.09000000,80700.77000000,19.32000000,2.39402920,75094929765334052928264412310544365585575430200435135195941599909798599123183,0.96000000,0.97000000,0.96500000,0.96500000,mid,websocket_cache,590.94410000,99168158606022956188013871737507428024663647716026633118102906263674544628040,0.03000000,0.04000000,0.03500000,0.03500000,mid,websocket_cache,530.60310000,"{""btc_source"": ""BinanceTradeWebSocket"", ""market_active"": true, ""market_closed"": false, ""up_book_error"": null, ""up_book_source"": ""websocket_cache"", ""up_book_status"": ""found"", ""down_book_error"": null, ""market_archived"": false, ""down_book_source"": ""websocket_cache"", ""down_book_status"": ""found"", ""market_accepting_orders"": true, ""market_enable_order_book"": true}"
BTC,2207365,0x53973e6e41675dca29425fdb5b39eca47b3d149c7da21a03804cb71e4e908f0e,btc-updown-5m-1778392800,2026-05-10 09:00:00+03,2026-05-10 09:05:00+03,2026-05-10 09:04:41.956639+03,281.957,18.04336020,80720.08000000,80700.77000000,19.31000000,2.39279006,75094929765334052928264412310544365585575430200435135195941599909798599123183,0.90000000,0.97000000,0.93500000,0.93500000,mid,websocket_cache,1193.89710000,99168158606022956188013871737507428024663647716026633118102906263674544628040,0.03000000,0.04000000,0.03500000,0.03500000,mid,websocket_cache,1072.06300000,"{""btc_source"": ""BinanceTradeWebSocket"", ""market_active"": true, ""market_closed"": false, ""up_book_error"": null, ""up_book_source"": ""websocket_cache"", ""up_book_status"": ""found"", ""down_book_error"": null, ""market_archived"": false, ""down_book_source"": ""websocket_cache"", ""down_book_status"": ""found"", ""market_accepting_orders"": true, ""market_enable_order_book"": true}"
BTC,2207365,0x53973e6e41675dca29425fdb5b39eca47b3d149c7da21a03804cb71e4e908f0e,btc-updown-5m-1778392800,2026-05-10 09:00:00+03,2026-05-10 09:05:00+03,2026-05-10 09:04:47.144209+03,287.144,12.85579100,80720.09000000,80700.77000000,19.32000000,2.39402920,75094929765334052928264412310544365585575430200435135195941599909798599123183,0.97000000,0.99000000,0.98000000,0.98000000,mid,websocket_cache,21.49740000,99168158606022956188013871737507428024663647716026633118102906263674544628040,0.01000000,0.02000000,0.01500000,0.01500000,mid,websocket_cache,1452.29870000,"{""btc_source"": ""BinanceTradeWebSocket"", ""market_active"": true, ""market_closed"": false, ""up_book_error"": null, ""up_book_source"": ""websocket_cache"", ""up_book_status"": ""found"", ""down_book_error"": null, ""market_archived"": false, ""down_book_source"": ""websocket_cache"", ""down_book_status"": ""found"", ""market_accepting_orders"": true, ""market_enable_order_book"": true}"
BTC,2207365,0x53973e6e41675dca29425fdb5b39eca47b3d149c7da21a03804cb71e4e908f0e,btc-updown-5m-1778392800,2026-05-10 09:00:00+03,2026-05-10 09:05:00+03,2026-05-10 09:04:52.320237+03,292.320,7.67976210,80720.08000000,80700.77000000,19.31000000,2.39279006,75094929765334052928264412310544365585575430200435135195941599909798599123183,0.98000000,0.99000000,0.98500000,0.98500000,mid,websocket_cache,307.36130000,99168158606022956188013871737507428024663647716026633118102906263674544628040,,0.01000000,,0.01000000,ask_only,websocket_cache,242.63200000,"{""btc_source"": ""BinanceTradeWebSocket"", ""market_active"": true, ""market_closed"": false, ""up_book_error"": null, ""up_book_source"": ""websocket_cache"", ""up_book_status"": ""found"", ""down_book_error"": null, ""market_archived"": false, ""down_book_source"": ""websocket_cache"", ""down_book_status"": ""found"", ""market_accepting_orders"": true, ""market_enable_order_book"": true}"
BTC,2207365,0x53973e6e41675dca29425fdb5b39eca47b3d149c7da21a03804cb71e4e908f0e,btc-updown-5m-1778392800,2026-05-10 09:00:00+03,2026-05-10 09:05:00+03,2026-05-10 09:04:57.493605+03,297.494,2.50639430,80720.08000000,80700.77000000,19.31000000,2.39279006,75094929765334052928264412310544365585575430200435135195941599909798599123183,0.99000000,,,0.99000000,bid_only,websocket_cache,1002.67600000,99168158606022956188013871737507428024663647716026633118102906263674544628040,,0.01000000,,0.01000000,ask_only,websocket_cache,941.10920000,"{""btc_source"": ""BinanceTradeWebSocket"", ""market_active"": true, ""market_closed"": false, ""up_book_error"": null, ""up_book_source"": ""websocket_cache"", ""up_book_status"": ""found"", ""down_book_error"": null, ""market_archived"": false, ""down_book_source"": ""websocket_cache"", ""down_book_status"": ""found"", ""market_accepting_orders"": true, ""market_enable_order_book"": true}"
ETH,2206783,0x72bc77f3ea704df36a153a9f98f3d9c29cd66546edaf4f1809b807e11434b4d8,eth-updown-5m-1778392200,2026-05-10 08:50:00+03,2026-05-10 08:55:00+03,2026-05-10 08:50:02.56502+03,2.565,297.43497970,2328.22000000,2328.22000000,0.00000000,0.00000000,91664489375378173982928179385490775532878195249709261684133175539825655509121,0.49000000,0.50000000,0.49500000,0.49500000,mid,clob_rest,790.75230000,58959181355386610042721708355512034034299170935952597935851773361943746892325,0.50000000,0.51000000,0.50500000,0.50500000,mid,clob_rest,740.08910000,"{""asset_symbol"": ""ETH"", ""price_source"": ""BinanceCryptoTradeWebSocket"", ""market_active"": true, ""market_closed"": false, ""up_book_error"": null, ""binance_symbol"": ""ETHUSDT"", ""up_book_source"": ""clob_rest"", ""up_book_status"": ""found"", ""down_book_error"": null, ""market_archived"": false, ""down_book_source"": ""clob_rest"", ""down_book_status"": ""found"", ""market_accepting_orders"": true, ""market_enable_order_book"": true}"
ETH,2206783,0x72bc77f3ea704df36a153a9f98f3d9c29cd66546edaf4f1809b807e11434b4d8,eth-updown-5m-1778392200,2026-05-10 08:50:00+03,2026-05-10 08:55:00+03,2026-05-10 08:50:08.594035+03,8.594,291.40596410,2328.01000000,2328.22000000,-0.21000000,-0.90197662,91664489375378173982928179385490775532878195249709261684133175539825655509121,0.46000000,0.47000000,0.46500000,0.46500000,mid,clob_rest,719.01000000,58959181355386610042721708355512034034299170935952597935851773361943746892325,0.52000000,0.54000000,0.53000000,0.53000000,mid,clob_rest,727.50570000,"{""asset_symbol"": ""ETH"", ""price_source"": ""BinanceCryptoTradeWebSocket"", ""market_active"": true, ""market_closed"": false, ""up_book_error"": null, ""binance_symbol"": ""ETHUSDT"", ""up_book_source"": ""clob_rest"", ""up_book_status"": ""found"", ""down_book_error"": null, ""market_archived"": false, ""down_book_source"": ""clob_rest"", ""down_book_status"": ""found"", ""market_accepting_orders"": true, ""market_enable_order_book"": true}"
ETH,2206783,0x72bc77f3ea704df36a153a9f98f3d9c29cd66546edaf4f1809b807e11434b4d8,eth-updown-5m-1778392200,2026-05-10 08:50:00+03,2026-05-10 08:55:00+03,2026-05-10 08:50:14.39761+03,14.398,285.60238990,2328.01000000,2328.22000000,-0.21000000,-0.90197662,91664489375378173982928179385490775532878195249709261684133175539825655509121,0.46000000,0.47000000,0.46500000,0.46500000,mid,clob_rest,735.90940000,58959181355386610042721708355512034034299170935952597935851773361943746892325,0.53000000,0.54000000,0.53500000,0.53500000,mid,clob_rest,732.88350000,"{""asset_symbol"": ""ETH"", ""price_source"": ""BinanceCryptoTradeWebSocket"", ""market_active"": true, ""market_closed"": false, ""up_book_error"": null, ""binance_symbol"": ""ETHUSDT"", ""up_book_source"": ""clob_rest"", ""up_book_status"": ""found"", ""down_book_error"": null, ""market_archived"": false, ""down_book_source"": ""clob_rest"", ""down_book_status"": ""found"", ""market_accepting_orders"": true, ""market_enable_order_book"": true}"
ETH,2206783,0x72bc77f3ea704df36a153a9f98f3d9c29cd66546edaf4f1809b807e11434b4d8,eth-updown-5m-1778392200,2026-05-10 08:50:00+03,2026-05-10 08:55:00+03,2026-05-10 08:50:20.127266+03,20.127,279.87273360,2328.01000000,2328.22000000,-0.21000000,-0.90197662,91664489375378173982928179385490775532878195249709261684133175539825655509121,0.46000000,0.47000000,0.46500000,0.46500000,mid,clob_rest,747.08100000,58959181355386610042721708355512034034299170935952597935851773361943746892325,0.53000000,0.54000000,0.53500000,0.53500000,mid,clob_rest,716.92950000,"{""asset_symbol"": ""ETH"", ""price_source"": ""BinanceCryptoTradeWebSocket"", ""market_active"": true, ""market_closed"": false, ""up_book_error"": null, ""binance_symbol"": ""ETHUSDT"", ""up_book_source"": ""clob_rest"", ""up_book_status"": ""found"", ""down_book_error"": null, ""market_archived"": false, ""down_book_source"": ""clob_rest"", ""down_book_status"": ""found"", ""market_accepting_orders"": true, ""market_enable_order_book"": true}"
ETH,2206783,0x72bc77f3ea704df36a153a9f98f3d9c29cd66546edaf4f1809b807e11434b4d8,eth-updown-5m-1778392200,2026-05-10 08:50:00+03,2026-05-10 08:55:00+03,2026-05-10 08:50:25.735309+03,25.735,274.26469070,2328.01000000,2328.22000000,-0.21000000,-0.90197662,91664489375378173982928179385490775532878195249709261684133175539825655509121,0.36000000,0.46000000,0.41000000,0.41000000,mid,clob_rest,714.98880000,58959181355386610042721708355512034034299170935952597935851773361943746892325,0.54000000,0.64000000,0.59000000,0.59000000,mid,clob_rest,760.54700000,"{""asset_symbol"": ""ETH"", ""price_source"": ""BinanceCryptoTradeWebSocket"", ""market_active"": true, ""market_closed"": false, ""up_book_error"": null, ""binance_symbol"": ""ETHUSDT"", ""up_book_source"": ""clob_rest"", ""up_book_status"": ""found"", ""down_book_error"": null, ""market_archived"": false, ""down_book_source"": ""clob_rest"", ""down_book_status"": ""found"", ""market_accepting_orders"": true, ""market_enable_order_book"": true}"
ETH,2206783,0x72bc77f3ea704df36a153a9f98f3d9c29cd66546edaf4f1809b807e11434b4d8,eth-updown-5m-1778392200,2026-05-10 08:50:00+03,2026-05-10 08:55:00+03,2026-05-10 08:50:31.732216+03,31.732,268.26778310,2328.00000000,2328.22000000,-0.22000000,-0.94492788,91664489375378173982928179385490775532878195249709261684133175539825655509121,0.36000000,0.38000000,0.37000000,0.37000000,mid,clob_rest,757.79210000,58959181355386610042721708355512034034299170935952597935851773361943746892325,0.62000000,0.64000000,0.63000000,0.63000000,mid,clob_rest,710.18380000,"{""asset_symbol"": ""ETH"", ""price_source"": ""BinanceCryptoTradeWebSocket"", ""market_active"": true, ""market_closed"": false, ""up_book_error"": null, ""binance_symbol"": ""ETHUSDT"", ""up_book_source"": ""clob_rest"", ""up_book_status"": ""found"", ""down_book_error"": null, ""market_archived"": false, ""down_book_source"": ""clob_rest"", ""down_book_status"": ""found"", ""market_accepting_orders"": true, ""market_enable_order_book"": true}"
ETH,2206783,0x72bc77f3ea704df36a153a9f98f3d9c29cd66546edaf4f1809b807e11434b4d8,eth-updown-5m-1778392200,2026-05-10 08:50:00+03,2026-05-10 08:55:00+03,2026-05-10 08:50:37.471669+03,37.472,262.52833100,2328.00000000,2328.22000000,-0.22000000,-0.94492788,91664489375378173982928179385490775532878195249709261684133175539825655509121,0.35000000,0.36000000,0.35500000,0.35500000,mid,clob_rest,804.03360000,58959181355386610042721708355512034034299170935952597935851773361943746892325,0.64000000,0.65000000,0.64500000,0.64500000,mid,clob_rest,918.90660000,"{""asset_symbol"": ""ETH"", ""price_source"": ""BinanceCryptoTradeWebSocket"", ""market_active"": true, ""market_closed"": false, ""up_book_error"": null, ""binance_symbol"": ""ETHUSDT"", ""up_book_source"": ""clob_rest"", ""up_book_status"": ""found"", ""down_book_error"": null, ""market_archived"": false, ""down_book_source"": ""clob_rest"", ""down_book_status"": ""found"", ""market_accepting_orders"": true, ""market_enable_order_book"": true}"
ETH,2206783,0x72bc77f3ea704df36a153a9f98f3d9c29cd66546edaf4f1809b807e11434b4d8,eth-updown-5m-1778392200,2026-05-10 08:50:00+03,2026-05-10 08:55:00+03,2026-05-10 08:50:43.198331+03,43.198,256.80166850,2327.41000000,2328.22000000,-0.81000000,-3.47905267,91664489375378173982928179385490775532878195249709261684133175539825655509121,0.19000000,0.20000000,0.19500000,0.19500000,mid,clob_rest,747.80990000,58959181355386610042721708355512034034299170935952597935851773361943746892325,0.80000000,0.83000000,0.81500000,0.81500000,mid,clob_rest,706.05330000,"{""asset_symbol"": ""ETH"", ""price_source"": ""BinanceCryptoTradeWebSocket"", ""market_active"": true, ""market_closed"": false, ""up_book_error"": null, ""binance_symbol"": ""ETHUSDT"", ""up_book_source"": ""clob_rest"", ""up_book_status"": ""found"", ""down_book_error"": null, ""market_archived"": false, ""down_book_source"": ""clob_rest"", ""down_book_status"": ""found"", ""market_accepting_orders"": true, ""market_enable_order_book"": true}"
ETH,2206783,0x72bc77f3ea704df36a153a9f98f3d9c29cd66546edaf4f1809b807e11434b4d8,eth-updown-5m-1778392200,2026-05-10 08:50:00+03,2026-05-10 08:55:00+03,2026-05-10 08:50:49.059626+03,49.060,250.94037360,2327.42000000,2328.22000000,-0.80000000,-3.43610140,91664489375378173982928179385490775532878195249709261684133175539825655509121,0.19000000,0.20000000,0.19500000,0.19500000,mid,clob_rest,837.67530000,58959181355386610042721708355512034034299170935952597935851773361943746892325,0.80000000,0.81000000,0.80500000,0.80500000,mid,clob_rest,932.24630000,"{""asset_symbol"": ""ETH"", ""price_source"": ""BinanceCryptoTradeWebSocket"", ""market_active"": true, ""market_closed"": false, ""up_book_error"": null, ""binance_symbol"": ""ETHUSDT"", ""up_book_source"": ""clob_rest"", ""up_book_status"": ""found"", ""down_book_error"": null, ""market_archived"": false, ""down_book_source"": ""clob_rest"", ""down_book_status"": ""found"", ""market_accepting_orders"": true, ""market_enable_order_book"": true}"
ETH,2206783,0x72bc77f3ea704df36a153a9f98f3d9c29cd66546edaf4f1809b807e11434b4d8,eth-updown-5m-1778392200,2026-05-10 08:50:00+03,2026-05-10 08:55:00+03,2026-05-10 08:50:54.92699+03,54.927,245.07300990,2327.41000000,2328.22000000,-0.81000000,-3.47905267,91664489375378173982928179385490775532878195249709261684133175539825655509121,0.14000000,0.15000000,0.14500000,0.14500000,mid,clob_rest,783.21220000,58959181355386610042721708355512034034299170935952597935851773361943746892325,0.85000000,0.86000000,0.85500000,0.85500000,mid,clob_rest,715.43920000,"{""asset_symbol"": ""ETH"", ""price_source"": ""BinanceCryptoTradeWebSocket"", ""market_active"": true, ""market_closed"": false, ""up_book_error"": null, ""binance_symbol"": ""ETHUSDT"", ""up_book_source"": ""clob_rest"", ""up_book_status"": ""found"", ""down_book_error"": null, ""market_archived"": false, ""down_book_source"": ""clob_rest"", ""down_book_status"": ""found"", ""market_accepting_orders"": true, ""market_enable_order_book"": true}"
ETH,2206783,0x72bc77f3ea704df36a153a9f98f3d9c29cd66546edaf4f1809b807e11434b4d8,eth-updown-5m-1778392200,2026-05-10 08:50:00+03,2026-05-10 08:55:00+03,2026-05-10 08:51:00.980248+03,60.980,239.01975160,2327.42000000,2328.22000000,-0.80000000,-3.43610140,91664489375378173982928179385490775532878195249709261684133175539825655509121,0.20000000,0.21000000,0.20500000,0.20500000,mid,clob_rest,760.26420000,58959181355386610042721708355512034034299170935952597935851773361943746892325,0.79000000,0.80000000,0.79500000,0.79500000,mid,clob_rest,857.60240000,"{""asset_symbol"": ""ETH"", ""price_source"": ""BinanceCryptoTradeWebSocket"", ""market_active"": true, ""market_closed"": false, ""up_book_error"": null, ""binance_symbol"": ""ETHUSDT"", ""up_book_source"": ""clob_rest"", ""up_book_status"": ""found"", ""down_book_error"": null, ""market_archived"": false, ""down_book_source"": ""clob_rest"", ""down_book_status"": ""found"", ""market_accepting_orders"": true, ""market_enable_order_book"": true}"
ETH,2206783,0x72bc77f3ea704df36a153a9f98f3d9c29cd66546edaf4f1809b807e11434b4d8,eth-updown-5m-1778392200,2026-05-10 08:50:00+03,2026-05-10 08:55:00+03,2026-05-10 08:51:06.895801+03,66.896,233.10419860,2327.41000000,2328.22000000,-0.81000000,-3.47905267,91664489375378173982928179385490775532878195249709261684133175539825655509121,0.17000000,0.18000000,0.17500000,0.17500000,mid,clob_rest,764.55670000,58959181355386610042721708355512034034299170935952597935851773361943746892325,0.82000000,0.83000000,0.82500000,0.82500000,mid,clob_rest,771.74410000,"{""asset_symbol"": ""ETH"", ""price_source"": ""BinanceCryptoTradeWebSocket"", ""market_active"": true, ""market_closed"": false, ""up_book_error"": null, ""binance_symbol"": ""ETHUSDT"", ""up_book_source"": ""clob_rest"", ""up_book_status"": ""found"", ""down_book_error"": null, ""market_archived"": false, ""down_book_source"": ""clob_rest"", ""down_book_status"": ""found"", ""market_accepting_orders"": true, ""market_enable_order_book"": true}"
ETH,2206783,0x72bc77f3ea704df36a153a9f98f3d9c29cd66546edaf4f1809b807e11434b4d8,eth-updown-5m-1778392200,2026-05-10 08:50:00+03,2026-05-10 08:55:00+03,2026-05-10 08:51:12.769586+03,72.770,227.23041370,2327.42000000,2328.22000000,-0.80000000,-3.43610140,91664489375378173982928179385490775532878195249709261684133175539825655509121,0.17000000,0.18000000,0.17500000,0.17500000,mid,clob_rest,814.21040000,58959181355386610042721708355512034034299170935952597935851773361943746892325,0.82000000,0.83000000,0.82500000,0.82500000,mid,clob_rest,752.60880000,"{""asset_symbol"": ""ETH"", ""price_source"": ""BinanceCryptoTradeWebSocket"", ""market_active"": true, ""market_closed"": false, ""up_book_error"": null, ""binance_symbol"": ""ETHUSDT"", ""up_book_source"": ""clob_rest"", ""up_book_status"": ""found"", ""down_book_error"": null, ""market_archived"": false, ""down_book_source"": ""clob_rest"", ""down_book_status"": ""found"", ""market_accepting_orders"": true, ""market_enable_order_book"": true}"
ETH,2206783,0x72bc77f3ea704df36a153a9f98f3d9c29cd66546edaf4f1809b807e11434b4d8,eth-updown-5m-1778392200,2026-05-10 08:50:00+03,2026-05-10 08:55:00+03,2026-05-10 08:51:44.409403+03,104.409,195.59059700,2327.08000000,2328.22000000,-1.14000000,-4.89644449,91664489375378173982928179385490775532878195249709261684133175539825655509121,0.08000000,0.09000000,0.08500000,0.08500000,mid,clob_rest,739.37200000,58959181355386610042721708355512034034299170935952597935851773361943746892325,0.91000000,0.92000000,0.91500000,0.91500000,mid,clob_rest,773.68910000,"{""asset_symbol"": ""ETH"", ""price_source"": ""BinanceCryptoTradeWebSocket"", ""market_active"": true, ""market_closed"": false, ""up_book_error"": null, ""binance_symbol"": ""ETHUSDT"", ""up_book_source"": ""clob_rest"", ""up_book_status"": ""found"", ""down_book_error"": null, ""market_archived"": false, ""down_book_source"": ""clob_rest"", ""down_book_status"": ""found"", ""market_accepting_orders"": true, ""market_enable_order_book"": true}"
ETH,2206783,0x72bc77f3ea704df36a153a9f98f3d9c29cd66546edaf4f1809b807e11434b4d8,eth-updown-5m-1778392200,2026-05-10 08:50:00+03,2026-05-10 08:55:00+03,2026-05-10 08:51:50.208139+03,110.208,189.79186070,2327.08000000,2328.22000000,-1.14000000,-4.89644449,91664489375378173982928179385490775532878195249709261684133175539825655509121,0.07000000,0.08000000,0.07500000,0.07500000,mid,clob_rest,727.25240000,58959181355386610042721708355512034034299170935952597935851773361943746892325,0.92000000,0.93000000,0.92500000,0.92500000,mid,clob_rest,731.99140000,"{""asset_symbol"": ""ETH"", ""price_source"": ""BinanceCryptoTradeWebSocket"", ""market_active"": true, ""market_closed"": false, ""up_book_error"": null, ""binance_symbol"": ""ETHUSDT"", ""up_book_source"": ""clob_rest"", ""up_book_status"": ""found"", ""down_book_error"": null, ""market_archived"": false, ""down_book_source"": ""clob_rest"", ""down_book_status"": ""found"", ""market_accepting_orders"": true, ""market_enable_order_book"": true}"
ETH,2206783,0x72bc77f3ea704df36a153a9f98f3d9c29cd66546edaf4f1809b807e11434b4d8,eth-updown-5m-1778392200,2026-05-10 08:50:00+03,2026-05-10 08:55:00+03,2026-05-10 08:51:56.151563+03,116.152,183.84843670,2326.94000000,2328.22000000,-1.28000000,-5.49776224,91664489375378173982928179385490775532878195249709261684133175539825655509121,0.07000000,0.08000000,0.07500000,0.07500000,mid,clob_rest,740.69970000,58959181355386610042721708355512034034299170935952597935851773361943746892325,0.92000000,0.93000000,0.92500000,0.92500000,mid,clob_rest,726.94890000,"{""asset_symbol"": ""ETH"", ""price_source"": ""BinanceCryptoTradeWebSocket"", ""market_active"": true, ""market_closed"": false, ""up_book_error"": null, ""binance_symbol"": ""ETHUSDT"", ""up_book_source"": ""clob_rest"", ""up_book_status"": ""found"", ""down_book_error"": null, ""market_archived"": false, ""down_book_source"": ""clob_rest"", ""down_book_status"": ""found"", ""market_accepting_orders"": true, ""market_enable_order_book"": true}"
ETH,2206783,0x72bc77f3ea704df36a153a9f98f3d9c29cd66546edaf4f1809b807e11434b4d8,eth-updown-5m-1778392200,2026-05-10 08:50:00+03,2026-05-10 08:55:00+03,2026-05-10 08:52:02.217781+03,122.218,177.78221880,2326.95000000,2328.22000000,-1.27000000,-5.45481097,91664489375378173982928179385490775532878195249709261684133175539825655509121,0.07000000,0.08000000,0.07500000,0.07500000,mid,clob_rest,742.07760000,58959181355386610042721708355512034034299170935952597935851773361943746892325,0.92000000,0.93000000,0.92500000,0.92500000,mid,clob_rest,771.43110000,"{""asset_symbol"": ""ETH"", ""price_source"": ""BinanceCryptoTradeWebSocket"", ""market_active"": true, ""market_closed"": false, ""up_book_error"": null, ""binance_symbol"": ""ETHUSDT"", ""up_book_source"": ""clob_rest"", ""up_book_status"": ""found"", ""down_book_error"": null, ""market_archived"": false, ""down_book_source"": ""clob_rest"", ""down_book_status"": ""found"", ""market_accepting_orders"": true, ""market_enable_order_book"": true}"
ETH,2206783,0x72bc77f3ea704df36a153a9f98f3d9c29cd66546edaf4f1809b807e11434b4d8,eth-updown-5m-1778392200,2026-05-10 08:50:00+03,2026-05-10 08:55:00+03,2026-05-10 08:52:08.051992+03,128.052,171.94800730,2326.94000000,2328.22000000,-1.28000000,-5.49776224,91664489375378173982928179385490775532878195249709261684133175539825655509121,0.07000000,0.08000000,0.07500000,0.07500000,mid,clob_rest,722.71000000,58959181355386610042721708355512034034299170935952597935851773361943746892325,0.92000000,0.93000000,0.92500000,0.92500000,mid,clob_rest,776.78080000,"{""asset_symbol"": ""ETH"", ""price_source"": ""BinanceCryptoTradeWebSocket"", ""market_active"": true, ""market_closed"": false, ""up_book_error"": null, ""binance_symbol"": ""ETHUSDT"", ""up_book_source"": ""clob_rest"", ""up_book_status"": ""found"", ""down_book_error"": null, ""market_archived"": false, ""down_book_source"": ""clob_rest"", ""down_book_status"": ""found"", ""market_accepting_orders"": true, ""market_enable_order_book"": true}"
ETH,2206783,0x72bc77f3ea704df36a153a9f98f3d9c29cd66546edaf4f1809b807e11434b4d8,eth-updown-5m-1778392200,2026-05-10 08:50:00+03,2026-05-10 08:55:00+03,2026-05-10 08:52:13.980122+03,133.980,166.01987760,2327.39000000,2328.22000000,-0.83000000,-3.56495520,91664489375378173982928179385490775532878195249709261684133175539825655509121,0.10000000,0.12000000,0.11000000,0.11000000,mid,clob_rest,717.71650000,58959181355386610042721708355512034034299170935952597935851773361943746892325,0.88000000,0.90000000,0.89000000,0.89000000,mid,clob_rest,725.38110000,"{""asset_symbol"": ""ETH"", ""price_source"": ""BinanceCryptoTradeWebSocket"", ""market_active"": true, ""market_closed"": false, ""up_book_error"": null, ""binance_symbol"": ""ETHUSDT"", ""up_book_source"": ""clob_rest"", ""up_book_status"": ""found"", ""down_book_error"": null, ""market_archived"": false, ""down_book_source"": ""clob_rest"", ""down_book_status"": ""found"", ""market_accepting_orders"": true, ""market_enable_order_book"": true}"
ETH,2206783,0x72bc77f3ea704df36a153a9f98f3d9c29cd66546edaf4f1809b807e11434b4d8,eth-updown-5m-1778392200,2026-05-10 08:50:00+03,2026-05-10 08:55:00+03,2026-05-10 08:52:20.053375+03,140.053,159.94662460,2327.40000000,2328.22000000,-0.82000000,-3.52200393,91664489375378173982928179385490775532878195249709261684133175539825655509121,0.09000000,0.11000000,0.10000000,0.10000000,mid,clob_rest,750.08980000,58959181355386610042721708355512034034299170935952597935851773361943746892325,0.89000000,0.91000000,0.90000000,0.90000000,mid,clob_rest,746.13760000,"{""asset_symbol"": ""ETH"", ""price_source"": ""BinanceCryptoTradeWebSocket"", ""market_active"": true, ""market_closed"": false, ""up_book_error"": null, ""binance_symbol"": ""ETHUSDT"", ""up_book_source"": ""clob_rest"", ""up_book_status"": ""found"", ""down_book_error"": null, ""market_archived"": false, ""down_book_source"": ""clob_rest"", ""down_book_status"": ""found"", ""market_accepting_orders"": true, ""market_enable_order_book"": true}"
ETH,2206783,0x72bc77f3ea704df36a153a9f98f3d9c29cd66546edaf4f1809b807e11434b4d8,eth-updown-5m-1778392200,2026-05-10 08:50:00+03,2026-05-10 08:55:00+03,2026-05-10 08:52:26.080204+03,146.080,153.91979560,2327.39000000,2328.22000000,-0.83000000,-3.56495520,91664489375378173982928179385490775532878195249709261684133175539825655509121,0.10000000,0.11000000,0.10500000,0.10500000,mid,clob_rest,713.74270000,58959181355386610042721708355512034034299170935952597935851773361943746892325,0.89000000,0.90000000,0.89500000,0.89500000,mid,clob_rest,719.97990000,"{""asset_symbol"": ""ETH"", ""price_source"": ""BinanceCryptoTradeWebSocket"", ""market_active"": true, ""market_closed"": false, ""up_book_error"": null, ""binance_symbol"": ""ETHUSDT"", ""up_book_source"": ""clob_rest"", ""up_book_status"": ""found"", ""down_book_error"": null, ""market_archived"": false, ""down_book_source"": ""clob_rest"", ""down_book_status"": ""found"", ""market_accepting_orders"": true, ""market_enable_order_book"": true}"
ETH,2206783,0x72bc77f3ea704df36a153a9f98f3d9c29cd66546edaf4f1809b807e11434b4d8,eth-updown-5m-1778392200,2026-05-10 08:50:00+03,2026-05-10 08:55:00+03,2026-05-10 08:52:31.994+03,151.994,148.00599960,2327.38000000,2328.22000000,-0.84000000,-3.60790647,91664489375378173982928179385490775532878195249709261684133175539825655509121,0.09000000,0.10000000,0.09500000,0.09500000,mid,clob_rest,743.32260000,58959181355386610042721708355512034034299170935952597935851773361943746892325,0.90000000,0.91000000,0.90500000,0.90500000,mid,clob_rest,716.23060000,"{""asset_symbol"": ""ETH"", ""price_source"": ""BinanceCryptoTradeWebSocket"", ""market_active"": true, ""market_closed"": false, ""up_book_error"": null, ""binance_symbol"": ""ETHUSDT"", ""up_book_source"": ""clob_rest"", ""up_book_status"": ""found"", ""down_book_error"": null, ""market_archived"": false, ""down_book_source"": ""clob_rest"", ""down_book_status"": ""found"", ""market_accepting_orders"": true, ""market_enable_order_book"": true}"
ETH,2206783,0x72bc77f3ea704df36a153a9f98f3d9c29cd66546edaf4f1809b807e11434b4d8,eth-updown-5m-1778392200,2026-05-10 08:50:00+03,2026-05-10 08:55:00+03,2026-05-10 08:52:37.796102+03,157.796,142.20389720,2327.39000000,2328.22000000,-0.83000000,-3.56495520,91664489375378173982928179385490775532878195249709261684133175539825655509121,0.08000000,0.09000000,0.08500000,0.08500000,mid,clob_rest,740.42430000,58959181355386610042721708355512034034299170935952597935851773361943746892325,0.91000000,0.92000000,0.91500000,0.91500000,mid,clob_rest,739.14900000,"{""asset_symbol"": ""ETH"", ""price_source"": ""BinanceCryptoTradeWebSocket"", ""market_active"": true, ""market_closed"": false, ""up_book_error"": null, ""binance_symbol"": ""ETHUSDT"", ""up_book_source"": ""clob_rest"", ""up_book_status"": ""found"", ""down_book_error"": null, ""market_archived"": false, ""down_book_source"": ""clob_rest"", ""down_book_status"": ""found"", ""market_accepting_orders"": true, ""market_enable_order_book"": true}"
ETH,2206783,0x72bc77f3ea704df36a153a9f98f3d9c29cd66546edaf4f1809b807e11434b4d8,eth-updown-5m-1778392200,2026-05-10 08:50:00+03,2026-05-10 08:55:00+03,2026-05-10 08:52:43.691502+03,163.692,136.30849780,2327.30000000,2328.22000000,-0.92000000,-3.95151661,91664489375378173982928179385490775532878195249709261684133175539825655509121,0.08000000,0.09000000,0.08500000,0.08500000,mid,clob_rest,740.29040000,58959181355386610042721708355512034034299170935952597935851773361943746892325,0.91000000,0.92000000,0.91500000,0.91500000,mid,clob_rest,723.87460000,"{""asset_symbol"": ""ETH"", ""price_source"": ""BinanceCryptoTradeWebSocket"", ""market_active"": true, ""market_closed"": false, ""up_book_error"": null, ""binance_symbol"": ""ETHUSDT"", ""up_book_source"": ""clob_rest"", ""up_book_status"": ""found"", ""down_book_error"": null, ""market_archived"": false, ""down_book_source"": ""clob_rest"", ""down_book_status"": ""found"", ""market_accepting_orders"": true, ""market_enable_order_book"": true}"
ETH,2206783,0x72bc77f3ea704df36a153a9f98f3d9c29cd66546edaf4f1809b807e11434b4d8,eth-updown-5m-1778392200,2026-05-10 08:50:00+03,2026-05-10 08:55:00+03,2026-05-10 08:52:49.494575+03,169.495,130.50542450,2327.30000000,2328.22000000,-0.92000000,-3.95151661,91664489375378173982928179385490775532878195249709261684133175539825655509121,0.08000000,0.09000000,0.08500000,0.08500000,mid,clob_rest,958.05830000,58959181355386610042721708355512034034299170935952597935851773361943746892325,0.91000000,0.92000000,0.91500000,0.91500000,mid,clob_rest,1025.95400000,"{""asset_symbol"": ""ETH"", ""price_source"": ""BinanceCryptoTradeWebSocket"", ""market_active"": true, ""market_closed"": false, ""up_book_error"": null, ""binance_symbol"": ""ETHUSDT"", ""up_book_source"": ""clob_rest"", ""up_book_status"": ""found"", ""down_book_error"": null, ""market_archived"": false, ""down_book_source"": ""clob_rest"", ""down_book_status"": ""found"", ""market_accepting_orders"": true, ""market_enable_order_book"": true}"
ETH,2206783,0x72bc77f3ea704df36a153a9f98f3d9c29cd66546edaf4f1809b807e11434b4d8,eth-updown-5m-1778392200,2026-05-10 08:50:00+03,2026-05-10 08:55:00+03,2026-05-10 08:52:55.381836+03,175.382,124.61816340,2327.20000000,2328.22000000,-1.02000000,-4.38102928,91664489375378173982928179385490775532878195249709261684133175539825655509121,0.08000000,0.09000000,0.08500000,0.08500000,mid,clob_rest,720.70490000,58959181355386610042721708355512034034299170935952597935851773361943746892325,0.91000000,0.92000000,0.91500000,0.91500000,mid,clob_rest,726.20000000,"{""asset_symbol"": ""ETH"", ""price_source"": ""BinanceCryptoTradeWebSocket"", ""market_active"": true, ""market_closed"": false, ""up_book_error"": null, ""binance_symbol"": ""ETHUSDT"", ""up_book_source"": ""clob_rest"", ""up_book_status"": ""found"", ""down_book_error"": null, ""market_archived"": false, ""down_book_source"": ""clob_rest"", ""down_book_status"": ""found"", ""market_accepting_orders"": true, ""market_enable_order_book"": true}"
ETH,2206783,0x72bc77f3ea704df36a153a9f98f3d9c29cd66546edaf4f1809b807e11434b4d8,eth-updown-5m-1778392200,2026-05-10 08:50:00+03,2026-05-10 08:55:00+03,2026-05-10 08:53:01.191757+03,181.192,118.80824300,2327.08000000,2328.22000000,-1.14000000,-4.89644449,91664489375378173982928179385490775532878195249709261684133175539825655509121,0.04000000,0.05000000,0.04500000,0.04500000,mid,clob_rest,790.43710000,58959181355386610042721708355512034034299170935952597935851773361943746892325,0.95000000,0.96000000,0.95500000,0.95500000,mid,clob_rest,762.18500000,"{""asset_symbol"": ""ETH"", ""price_source"": ""BinanceCryptoTradeWebSocket"", ""market_active"": true, ""market_closed"": false, ""up_book_error"": null, ""binance_symbol"": ""ETHUSDT"", ""up_book_source"": ""clob_rest"", ""up_book_status"": ""found"", ""down_book_error"": null, ""market_archived"": false, ""down_book_source"": ""clob_rest"", ""down_book_status"": ""found"", ""market_accepting_orders"": true, ""market_enable_order_book"": true}"
ETH,2206783,0x72bc77f3ea704df36a153a9f98f3d9c29cd66546edaf4f1809b807e11434b4d8,eth-updown-5m-1778392200,2026-05-10 08:50:00+03,2026-05-10 08:55:00+03,2026-05-10 08:53:07.212654+03,187.213,112.78734540,2326.98000000,2328.22000000,-1.24000000,-5.32595717,91664489375378173982928179385490775532878195249709261684133175539825655509121,0.03000000,0.04000000,0.03500000,0.03500000,mid,clob_rest,1069.81410000,58959181355386610042721708355512034034299170935952597935851773361943746892325,0.96000000,0.97000000,0.96500000,0.96500000,mid,clob_rest,750.04900000,"{""asset_symbol"": ""ETH"", ""price_source"": ""BinanceCryptoTradeWebSocket"", ""market_active"": true, ""market_closed"": false, ""up_book_error"": null, ""binance_symbol"": ""ETHUSDT"", ""up_book_source"": ""clob_rest"", ""up_book_status"": ""found"", ""down_book_error"": null, ""market_archived"": false, ""down_book_source"": ""clob_rest"", ""down_book_status"": ""found"", ""market_accepting_orders"": true, ""market_enable_order_book"": true}"
ETH,2206783,0x72bc77f3ea704df36a153a9f98f3d9c29cd66546edaf4f1809b807e11434b4d8,eth-updown-5m-1778392200,2026-05-10 08:50:00+03,2026-05-10 08:55:00+03,2026-05-10 08:53:13.13382+03,193.134,106.86618000,2326.85000000,2328.22000000,-1.37000000,-5.88432365,91664489375378173982928179385490775532878195249709261684133175539825655509121,0.03000000,0.04000000,0.03500000,0.03500000,mid,clob_rest,754.31600000,58959181355386610042721708355512034034299170935952597935851773361943746892325,0.96000000,0.97000000,0.96500000,0.96500000,mid,clob_rest,828.60440000,"{""asset_symbol"": ""ETH"", ""price_source"": ""BinanceCryptoTradeWebSocket"", ""market_active"": true, ""market_closed"": false, ""up_book_error"": null, ""binance_symbol"": ""ETHUSDT"", ""up_book_source"": ""clob_rest"", ""up_book_status"": ""found"", ""down_book_error"": null, ""market_archived"": false, ""down_book_source"": ""clob_rest"", ""down_book_status"": ""found"", ""market_accepting_orders"": true, ""market_enable_order_book"": true}"
ETH,2206783,0x72bc77f3ea704df36a153a9f98f3d9c29cd66546edaf4f1809b807e11434b4d8,eth-updown-5m-1778392200,2026-05-10 08:50:00+03,2026-05-10 08:55:00+03,2026-05-10 08:53:18.913071+03,198.913,101.08692870,2326.85000000,2328.22000000,-1.37000000,-5.88432365,91664489375378173982928179385490775532878195249709261684133175539825655509121,0.03000000,0.04000000,0.03500000,0.03500000,mid,clob_rest,747.50960000,58959181355386610042721708355512034034299170935952597935851773361943746892325,0.96000000,0.97000000,0.96500000,0.96500000,mid,clob_rest,760.50060000,"{""asset_symbol"": ""ETH"", ""price_source"": ""BinanceCryptoTradeWebSocket"", ""market_active"": true, ""market_closed"": false, ""up_book_error"": null, ""binance_symbol"": ""ETHUSDT"", ""up_book_source"": ""clob_rest"", ""up_book_status"": ""found"", ""down_book_error"": null, ""market_archived"": false, ""down_book_source"": ""clob_rest"", ""down_book_status"": ""found"", ""market_accepting_orders"": true, ""market_enable_order_book"": true}"
ETH,2206783,0x72bc77f3ea704df36a153a9f98f3d9c29cd66546edaf4f1809b807e11434b4d8,eth-updown-5m-1778392200,2026-05-10 08:50:00+03,2026-05-10 08:55:00+03,2026-05-10 08:53:24.887511+03,204.888,95.11248890,2326.75000000,2328.22000000,-1.47000000,-6.31383632,91664489375378173982928179385490775532878195249709261684133175539825655509121,0.03000000,0.04000000,0.03500000,0.03500000,mid,clob_rest,743.16200000,58959181355386610042721708355512034034299170935952597935851773361943746892325,0.96000000,0.97000000,0.96500000,0.96500000,mid,clob_rest,757.28690000,"{""asset_symbol"": ""ETH"", ""price_source"": ""BinanceCryptoTradeWebSocket"", ""market_active"": true, ""market_closed"": false, ""up_book_error"": null, ""binance_symbol"": ""ETHUSDT"", ""up_book_source"": ""clob_rest"", ""up_book_status"": ""found"", ""down_book_error"": null, ""market_archived"": false, ""down_book_source"": ""clob_rest"", ""down_book_status"": ""found"", ""market_accepting_orders"": true, ""market_enable_order_book"": true}"
ETH,2206783,0x72bc77f3ea704df36a153a9f98f3d9c29cd66546edaf4f1809b807e11434b4d8,eth-updown-5m-1778392200,2026-05-10 08:50:00+03,2026-05-10 08:55:00+03,2026-05-10 08:53:30.754419+03,210.754,89.24558030,2326.75000000,2328.22000000,-1.47000000,-6.31383632,91664489375378173982928179385490775532878195249709261684133175539825655509121,0.02000000,0.03000000,0.02500000,0.02500000,mid,clob_rest,752.63190000,58959181355386610042721708355512034034299170935952597935851773361943746892325,0.97000000,0.98000000,0.97500000,0.97500000,mid,clob_rest,766.57120000,"{""asset_symbol"": ""ETH"", ""price_source"": ""BinanceCryptoTradeWebSocket"", ""market_active"": true, ""market_closed"": false, ""up_book_error"": null, ""binance_symbol"": ""ETHUSDT"", ""up_book_source"": ""clob_rest"", ""up_book_status"": ""found"", ""down_book_error"": null, ""market_archived"": false, ""down_book_source"": ""clob_rest"", ""down_book_status"": ""found"", ""market_accepting_orders"": true, ""market_enable_order_book"": true}"
ETH,2206783,0x72bc77f3ea704df36a153a9f98f3d9c29cd66546edaf4f1809b807e11434b4d8,eth-updown-5m-1778392200,2026-05-10 08:50:00+03,2026-05-10 08:55:00+03,2026-05-10 08:53:36.694825+03,216.695,83.30517500,2326.74000000,2328.22000000,-1.48000000,-6.35678759,91664489375378173982928179385490775532878195249709261684133175539825655509121,0.02000000,0.03000000,0.02500000,0.02500000,mid,clob_rest,742.36440000,58959181355386610042721708355512034034299170935952597935851773361943746892325,0.97000000,0.98000000,0.97500000,0.97500000,mid,clob_rest,742.38610000,"{""asset_symbol"": ""ETH"", ""price_source"": ""BinanceCryptoTradeWebSocket"", ""market_active"": true, ""market_closed"": false, ""up_book_error"": null, ""binance_symbol"": ""ETHUSDT"", ""up_book_source"": ""clob_rest"", ""up_book_status"": ""found"", ""down_book_error"": null, ""market_archived"": false, ""down_book_source"": ""clob_rest"", ""down_book_status"": ""found"", ""market_accepting_orders"": true, ""market_enable_order_book"": true}"
ETH,2206783,0x72bc77f3ea704df36a153a9f98f3d9c29cd66546edaf4f1809b807e11434b4d8,eth-updown-5m-1778392200,2026-05-10 08:50:00+03,2026-05-10 08:55:00+03,2026-05-10 08:53:42.512436+03,222.512,77.48756400,2326.75000000,2328.22000000,-1.47000000,-6.31383632,91664489375378173982928179385490775532878195249709261684133175539825655509121,0.02000000,0.03000000,0.02500000,0.02500000,mid,clob_rest,776.89000000,58959181355386610042721708355512034034299170935952597935851773361943746892325,0.97000000,0.98000000,0.97500000,0.97500000,mid,clob_rest,826.60540000,"{""asset_symbol"": ""ETH"", ""price_source"": ""BinanceCryptoTradeWebSocket"", ""market_active"": true, ""market_closed"": false, ""up_book_error"": null, ""binance_symbol"": ""ETHUSDT"", ""up_book_source"": ""clob_rest"", ""up_book_status"": ""found"", ""down_book_error"": null, ""market_archived"": false, ""down_book_source"": ""clob_rest"", ""down_book_status"": ""found"", ""market_accepting_orders"": true, ""market_enable_order_book"": true}"
ETH,2206783,0x72bc77f3ea704df36a153a9f98f3d9c29cd66546edaf4f1809b807e11434b4d8,eth-updown-5m-1778392200,2026-05-10 08:50:00+03,2026-05-10 08:55:00+03,2026-05-10 08:53:48.355959+03,228.356,71.64404070,2326.74000000,2328.22000000,-1.48000000,-6.35678759,91664489375378173982928179385490775532878195249709261684133175539825655509121,0.02000000,0.03000000,0.02500000,0.02500000,mid,clob_rest,746.98040000,58959181355386610042721708355512034034299170935952597935851773361943746892325,0.97000000,0.98000000,0.97500000,0.97500000,mid,clob_rest,809.84550000,"{""asset_symbol"": ""ETH"", ""price_source"": ""BinanceCryptoTradeWebSocket"", ""market_active"": true, ""market_closed"": false, ""up_book_error"": null, ""binance_symbol"": ""ETHUSDT"", ""up_book_source"": ""clob_rest"", ""up_book_status"": ""found"", ""down_book_error"": null, ""market_archived"": false, ""down_book_source"": ""clob_rest"", ""down_book_status"": ""found"", ""market_accepting_orders"": true, ""market_enable_order_book"": true}"
ETH,2206783,0x72bc77f3ea704df36a153a9f98f3d9c29cd66546edaf4f1809b807e11434b4d8,eth-updown-5m-1778392200,2026-05-10 08:50:00+03,2026-05-10 08:55:00+03,2026-05-10 08:53:54.153591+03,234.154,65.84640890,2326.75000000,2328.22000000,-1.47000000,-6.31383632,91664489375378173982928179385490775532878195249709261684133175539825655509121,0.01000000,0.02000000,0.01500000,0.01500000,mid,clob_rest,1093.26870000,58959181355386610042721708355512034034299170935952597935851773361943746892325,0.98000000,0.99000000,0.98500000,0.98500000,mid,clob_rest,1163.54480000,"{""asset_symbol"": ""ETH"", ""price_source"": ""BinanceCryptoTradeWebSocket"", ""market_active"": true, ""market_closed"": false, ""up_book_error"": null, ""binance_symbol"": ""ETHUSDT"", ""up_book_source"": ""clob_rest"", ""up_book_status"": ""found"", ""down_book_error"": null, ""market_archived"": false, ""down_book_source"": ""clob_rest"", ""down_book_status"": ""found"", ""market_accepting_orders"": true, ""market_enable_order_book"": true}"
ETH,2206783,0x72bc77f3ea704df36a153a9f98f3d9c29cd66546edaf4f1809b807e11434b4d8,eth-updown-5m-1778392200,2026-05-10 08:50:00+03,2026-05-10 08:55:00+03,2026-05-10 08:53:59.768164+03,239.768,60.23183540,2326.75000000,2328.22000000,-1.47000000,-6.31383632,91664489375378173982928179385490775532878195249709261684133175539825655509121,0.01000000,0.02000000,0.01500000,0.01500000,mid,clob_rest,736.36530000,58959181355386610042721708355512034034299170935952597935851773361943746892325,0.98000000,0.99000000,0.98500000,0.98500000,mid,clob_rest,731.00970000,"{""asset_symbol"": ""ETH"", ""price_source"": ""BinanceCryptoTradeWebSocket"", ""market_active"": true, ""market_closed"": false, ""up_book_error"": null, ""binance_symbol"": ""ETHUSDT"", ""up_book_source"": ""clob_rest"", ""up_book_status"": ""found"", ""down_book_error"": null, ""market_archived"": false, ""down_book_source"": ""clob_rest"", ""down_book_status"": ""found"", ""market_accepting_orders"": true, ""market_enable_order_book"": true}"
ETH,2206783,0x72bc77f3ea704df36a153a9f98f3d9c29cd66546edaf4f1809b807e11434b4d8,eth-updown-5m-1778392200,2026-05-10 08:50:00+03,2026-05-10 08:55:00+03,2026-05-10 08:54:05.460093+03,245.460,54.53990700,2326.91000000,2328.22000000,-1.31000000,-5.62661604,91664489375378173982928179385490775532878195249709261684133175539825655509121,0.02000000,0.03000000,0.02500000,0.02500000,mid,clob_rest,741.27950000,58959181355386610042721708355512034034299170935952597935851773361943746892325,0.97000000,0.98000000,0.97500000,0.97500000,mid,clob_rest,730.12520000,"{""asset_symbol"": ""ETH"", ""price_source"": ""BinanceCryptoTradeWebSocket"", ""market_active"": true, ""market_closed"": false, ""up_book_error"": null, ""binance_symbol"": ""ETHUSDT"", ""up_book_source"": ""clob_rest"", ""up_book_status"": ""found"", ""down_book_error"": null, ""market_archived"": false, ""down_book_source"": ""clob_rest"", ""down_book_status"": ""found"", ""market_accepting_orders"": true, ""market_enable_order_book"": true}"
ETH,2206783,0x72bc77f3ea704df36a153a9f98f3d9c29cd66546edaf4f1809b807e11434b4d8,eth-updown-5m-1778392200,2026-05-10 08:50:00+03,2026-05-10 08:55:00+03,2026-05-10 08:54:11.387054+03,251.387,48.61294570,2326.96000000,2328.22000000,-1.26000000,-5.41185970,91664489375378173982928179385490775532878195249709261684133175539825655509121,0.02000000,0.03000000,0.02500000,0.02500000,mid,clob_rest,797.91860000,58959181355386610042721708355512034034299170935952597935851773361943746892325,0.97000000,0.98000000,0.97500000,0.97500000,mid,clob_rest,777.33560000,"{""asset_symbol"": ""ETH"", ""price_source"": ""BinanceCryptoTradeWebSocket"", ""market_active"": true, ""market_closed"": false, ""up_book_error"": null, ""binance_symbol"": ""ETHUSDT"", ""up_book_source"": ""clob_rest"", ""up_book_status"": ""found"", ""down_book_error"": null, ""market_archived"": false, ""down_book_source"": ""clob_rest"", ""down_book_status"": ""found"", ""market_accepting_orders"": true, ""market_enable_order_book"": true}"
ETH,2206783,0x72bc77f3ea704df36a153a9f98f3d9c29cd66546edaf4f1809b807e11434b4d8,eth-updown-5m-1778392200,2026-05-10 08:50:00+03,2026-05-10 08:55:00+03,2026-05-10 08:54:17.229259+03,257.229,42.77074070,2326.95000000,2328.22000000,-1.27000000,-5.45481097,91664489375378173982928179385490775532878195249709261684133175539825655509121,0.01000000,0.04000000,0.02500000,0.02500000,mid,clob_rest,761.34870000,58959181355386610042721708355512034034299170935952597935851773361943746892325,0.96000000,0.99000000,0.97500000,0.97500000,mid,clob_rest,818.77730000,"{""asset_symbol"": ""ETH"", ""price_source"": ""BinanceCryptoTradeWebSocket"", ""market_active"": true, ""market_closed"": false, ""up_book_error"": null, ""binance_symbol"": ""ETHUSDT"", ""up_book_source"": ""clob_rest"", ""up_book_status"": ""found"", ""down_book_error"": null, ""market_archived"": false, ""down_book_source"": ""clob_rest"", ""down_book_status"": ""found"", ""market_accepting_orders"": true, ""market_enable_order_book"": true}"
ETH,2206783,0x72bc77f3ea704df36a153a9f98f3d9c29cd66546edaf4f1809b807e11434b4d8,eth-updown-5m-1778392200,2026-05-10 08:50:00+03,2026-05-10 08:55:00+03,2026-05-10 08:54:23.103734+03,263.104,36.89626560,2326.95000000,2328.22000000,-1.27000000,-5.45481097,91664489375378173982928179385490775532878195249709261684133175539825655509121,0.01000000,0.02000000,0.01500000,0.01500000,mid,clob_rest,735.78820000,58959181355386610042721708355512034034299170935952597935851773361943746892325,0.98000000,0.99000000,0.98500000,0.98500000,mid,clob_rest,764.09000000,"{""asset_symbol"": ""ETH"", ""price_source"": ""BinanceCryptoTradeWebSocket"", ""market_active"": true, ""market_closed"": false, ""up_book_error"": null, ""binance_symbol"": ""ETHUSDT"", ""up_book_source"": ""clob_rest"", ""up_book_status"": ""found"", ""down_book_error"": null, ""market_archived"": false, ""down_book_source"": ""clob_rest"", ""down_book_status"": ""found"", ""market_accepting_orders"": true, ""market_enable_order_book"": true}"
ETH,2206783,0x72bc77f3ea704df36a153a9f98f3d9c29cd66546edaf4f1809b807e11434b4d8,eth-updown-5m-1778392200,2026-05-10 08:50:00+03,2026-05-10 08:55:00+03,2026-05-10 08:54:28.916373+03,268.916,31.08362610,2326.95000000,2328.22000000,-1.27000000,-5.45481097,91664489375378173982928179385490775532878195249709261684133175539825655509121,0.01000000,0.02000000,0.01500000,0.01500000,mid,clob_rest,784.54890000,58959181355386610042721708355512034034299170935952597935851773361943746892325,0.98000000,0.99000000,0.98500000,0.98500000,mid,clob_rest,795.62960000,"{""asset_symbol"": ""ETH"", ""price_source"": ""BinanceCryptoTradeWebSocket"", ""market_active"": true, ""market_closed"": false, ""up_book_error"": null, ""binance_symbol"": ""ETHUSDT"", ""up_book_source"": ""clob_rest"", ""up_book_status"": ""found"", ""down_book_error"": null, ""market_archived"": false, ""down_book_source"": ""clob_rest"", ""down_book_status"": ""found"", ""market_accepting_orders"": true, ""market_enable_order_book"": true}"
ETH,2206783,0x72bc77f3ea704df36a153a9f98f3d9c29cd66546edaf4f1809b807e11434b4d8,eth-updown-5m-1778392200,2026-05-10 08:50:00+03,2026-05-10 08:55:00+03,2026-05-10 08:54:34.864149+03,274.864,25.13585080,2326.68000000,2328.22000000,-1.54000000,-6.61449519,91664489375378173982928179385490775532878195249709261684133175539825655509121,,0.01000000,,0.01000000,ask_only,clob_rest,1443.10840000,58959181355386610042721708355512034034299170935952597935851773361943746892325,0.99000000,,,0.99000000,bid_only,clob_rest,823.04060000,"{""asset_symbol"": ""ETH"", ""price_source"": ""BinanceCryptoTradeWebSocket"", ""market_active"": true, ""market_closed"": false, ""up_book_error"": null, ""binance_symbol"": ""ETHUSDT"", ""up_book_source"": ""clob_rest"", ""up_book_status"": ""found"", ""down_book_error"": null, ""market_archived"": false, ""down_book_source"": ""clob_rest"", ""down_book_status"": ""found"", ""market_accepting_orders"": true, ""market_enable_order_book"": true}"
ETH,2206783,0x72bc77f3ea704df36a153a9f98f3d9c29cd66546edaf4f1809b807e11434b4d8,eth-updown-5m-1778392200,2026-05-10 08:50:00+03,2026-05-10 08:55:00+03,2026-05-10 08:54:40.891205+03,280.891,19.10879490,2326.67000000,2328.22000000,-1.55000000,-6.65744646,91664489375378173982928179385490775532878195249709261684133175539825655509121,,0.01000000,,0.01000000,ask_only,clob_rest,1750.89330000,58959181355386610042721708355512034034299170935952597935851773361943746892325,0.99000000,,,0.99000000,bid_only,clob_rest,1861.86590000,"{""asset_symbol"": ""ETH"", ""price_source"": ""BinanceCryptoTradeWebSocket"", ""market_active"": true, ""market_closed"": false, ""up_book_error"": null, ""binance_symbol"": ""ETHUSDT"", ""up_book_source"": ""clob_rest"", ""up_book_status"": ""found"", ""down_book_error"": null, ""market_archived"": false, ""down_book_source"": ""clob_rest"", ""down_book_status"": ""found"", ""market_accepting_orders"": true, ""market_enable_order_book"": true}"
ETH,2206783,0x72bc77f3ea704df36a153a9f98f3d9c29cd66546edaf4f1809b807e11434b4d8,eth-updown-5m-1778392200,2026-05-10 08:50:00+03,2026-05-10 08:55:00+03,2026-05-10 08:54:46.916157+03,286.916,13.08384250,2326.56000000,2328.22000000,-1.66000000,-7.12991040,91664489375378173982928179385490775532878195249709261684133175539825655509121,,0.01000000,,0.01000000,ask_only,clob_rest,1149.95540000,58959181355386610042721708355512034034299170935952597935851773361943746892325,0.99000000,,,0.99000000,bid_only,clob_rest,1332.66700000,"{""asset_symbol"": ""ETH"", ""price_source"": ""BinanceCryptoTradeWebSocket"", ""market_active"": true, ""market_closed"": false, ""up_book_error"": null, ""binance_symbol"": ""ETHUSDT"", ""up_book_source"": ""clob_rest"", ""up_book_status"": ""found"", ""down_book_error"": null, ""market_archived"": false, ""down_book_source"": ""clob_rest"", ""down_book_status"": ""found"", ""market_accepting_orders"": true, ""market_enable_order_book"": true}"
ETH,2206783,0x72bc77f3ea704df36a153a9f98f3d9c29cd66546edaf4f1809b807e11434b4d8,eth-updown-5m-1778392200,2026-05-10 08:50:00+03,2026-05-10 08:55:00+03,2026-05-10 08:54:52.985625+03,292.986,7.01437460,2326.57000000,2328.22000000,-1.65000000,-7.08695914,91664489375378173982928179385490775532878195249709261684133175539825655509121,,0.01000000,,0.01000000,ask_only,clob_rest,760.92530000,58959181355386610042721708355512034034299170935952597935851773361943746892325,0.99000000,,,0.99000000,bid_only,clob_rest,835.27440000,"{""asset_symbol"": ""ETH"", ""price_source"": ""BinanceCryptoTradeWebSocket"", ""market_active"": true, ""market_closed"": false, ""up_book_error"": null, ""binance_symbol"": ""ETHUSDT"", ""up_book_source"": ""clob_rest"", ""up_book_status"": ""found"", ""down_book_error"": null, ""market_archived"": false, ""down_book_source"": ""clob_rest"", ""down_book_status"": ""found"", ""market_accepting_orders"": true, ""market_enable_order_book"": true}"
ETH,2206783,0x72bc77f3ea704df36a153a9f98f3d9c29cd66546edaf4f1809b807e11434b4d8,eth-updown-5m-1778392200,2026-05-10 08:50:00+03,2026-05-10 08:55:00+03,2026-05-10 08:54:58.90039+03,298.900,1.09961000,2326.57000000,2328.22000000,-1.65000000,-7.08695914,91664489375378173982928179385490775532878195249709261684133175539825655509121,,0.01000000,,0.01000000,ask_only,clob_rest,791.22090000,58959181355386610042721708355512034034299170935952597935851773361943746892325,0.99000000,,,0.99000000,bid_only,clob_rest,758.90520000,"{""asset_symbol"": ""ETH"", ""price_source"": ""BinanceCryptoTradeWebSocket"", ""market_active"": true, ""market_closed"": false, ""up_book_error"": null, ""binance_symbol"": ""ETHUSDT"", ""up_book_source"": ""clob_rest"", ""up_book_status"": ""found"", ""down_book_error"": null, ""market_archived"": false, ""down_book_source"": ""clob_rest"", ""down_book_status"": ""found"", ""market_accepting_orders"": true, ""market_enable_order_book"": true}"
ETH,2207352,0x81d8652bd46a3d92ee2b7930cb2c4792226f9c6ce8b78dc8aeeaf35d34c97b43,eth-updown-5m-1778392500,2026-05-10 08:55:00+03,2026-05-10 09:00:00+03,2026-05-10 08:55:04.75044+03,4.750,295.24956000,2326.57000000,2326.57000000,0.00000000,0.00000000,87185620801753728261255694060887071706773958494301138636759424716451091841469,0.57000000,0.58000000,0.57500000,0.57500000,mid,clob_rest,737.15930000,58494204084584794372010519501700928719397917538262007971034083351631812302987,0.42000000,0.44000000,0.43000000,0.43000000,mid,clob_rest,788.63790000,"{""asset_symbol"": ""ETH"", ""price_source"": ""BinanceCryptoTradeWebSocket"", ""market_active"": true, ""market_closed"": false, ""up_book_error"": null, ""binance_symbol"": ""ETHUSDT"", ""up_book_source"": ""clob_rest"", ""up_book_status"": ""found"", ""down_book_error"": null, ""market_archived"": false, ""down_book_source"": ""clob_rest"", ""down_book_status"": ""found"", ""market_accepting_orders"": true, ""market_enable_order_book"": true}"
ETH,2207352,0x81d8652bd46a3d92ee2b7930cb2c4792226f9c6ce8b78dc8aeeaf35d34c97b43,eth-updown-5m-1778392500,2026-05-10 08:55:00+03,2026-05-10 09:00:00+03,2026-05-10 08:55:10.667165+03,10.667,289.33283430,2326.66000000,2326.57000000,0.09000000,0.38683556,87185620801753728261255694060887071706773958494301138636759424716451091841469,0.61000000,0.63000000,0.62000000,0.62000000,mid,clob_rest,738.53390000,58494204084584794372010519501700928719397917538262007971034083351631812302987,0.37000000,0.39000000,0.38000000,0.38000000,mid,clob_rest,756.61640000,"{""asset_symbol"": ""ETH"", ""price_source"": ""BinanceCryptoTradeWebSocket"", ""market_active"": true, ""market_closed"": false, ""up_book_error"": null, ""binance_symbol"": ""ETHUSDT"", ""up_book_source"": ""clob_rest"", ""up_book_status"": ""found"", ""down_book_error"": null, ""market_archived"": false, ""down_book_source"": ""clob_rest"", ""down_book_status"": ""found"", ""market_accepting_orders"": true, ""market_enable_order_book"": true}"
ETH,2207352,0x81d8652bd46a3d92ee2b7930cb2c4792226f9c6ce8b78dc8aeeaf35d34c97b43,eth-updown-5m-1778392500,2026-05-10 08:55:00+03,2026-05-10 09:00:00+03,2026-05-10 08:55:16.583384+03,16.583,283.41661560,2326.65000000,2326.57000000,0.08000000,0.34385383,87185620801753728261255694060887071706773958494301138636759424716451091841469,0.61000000,0.63000000,0.62000000,0.62000000,mid,clob_rest,738.18800000,58494204084584794372010519501700928719397917538262007971034083351631812302987,0.37000000,0.39000000,0.38000000,0.38000000,mid,clob_rest,732.73000000,"{""asset_symbol"": ""ETH"", ""price_source"": ""BinanceCryptoTradeWebSocket"", ""market_active"": true, ""market_closed"": false, ""up_book_error"": null, ""binance_symbol"": ""ETHUSDT"", ""up_book_source"": ""clob_rest"", ""up_book_status"": ""found"", ""down_book_error"": null, ""market_archived"": false, ""down_book_source"": ""clob_rest"", ""down_book_status"": ""found"", ""market_accepting_orders"": true, ""market_enable_order_book"": true}"
ETH,2207352,0x81d8652bd46a3d92ee2b7930cb2c4792226f9c6ce8b78dc8aeeaf35d34c97b43,eth-updown-5m-1778392500,2026-05-10 08:55:00+03,2026-05-10 09:00:00+03,2026-05-10 08:55:22.483551+03,22.484,277.51644820,2326.79000000,2326.57000000,0.22000000,0.94559803,87185620801753728261255694060887071706773958494301138636759424716451091841469,0.65000000,0.66000000,0.65500000,0.65500000,mid,clob_rest,747.14780000,58494204084584794372010519501700928719397917538262007971034083351631812302987,0.34000000,0.35000000,0.34500000,0.34500000,mid,clob_rest,776.61030000,"{""asset_symbol"": ""ETH"", ""price_source"": ""BinanceCryptoTradeWebSocket"", ""market_active"": true, ""market_closed"": false, ""up_book_error"": null, ""binance_symbol"": ""ETHUSDT"", ""up_book_source"": ""clob_rest"", ""up_book_status"": ""found"", ""down_book_error"": null, ""market_archived"": false, ""down_book_source"": ""clob_rest"", ""down_book_status"": ""found"", ""market_accepting_orders"": true, ""market_enable_order_book"": true}"
ETH,2207352,0x81d8652bd46a3d92ee2b7930cb2c4792226f9c6ce8b78dc8aeeaf35d34c97b43,eth-updown-5m-1778392500,2026-05-10 08:55:00+03,2026-05-10 09:00:00+03,2026-05-10 08:55:28.268422+03,28.268,271.73157750,2327.05000000,2326.57000000,0.48000000,2.06312297,87185620801753728261255694060887071706773958494301138636759424716451091841469,0.70000000,0.75000000,0.72500000,0.72500000,mid,clob_rest,756.86740000,58494204084584794372010519501700928719397917538262007971034083351631812302987,0.25000000,0.30000000,0.27500000,0.27500000,mid,clob_rest,730.62270000,"{""asset_symbol"": ""ETH"", ""price_source"": ""BinanceCryptoTradeWebSocket"", ""market_active"": true, ""market_closed"": false, ""up_book_error"": null, ""binance_symbol"": ""ETHUSDT"", ""up_book_source"": ""clob_rest"", ""up_book_status"": ""found"", ""down_book_error"": null, ""market_archived"": false, ""down_book_source"": ""clob_rest"", ""down_book_status"": ""found"", ""market_accepting_orders"": true, ""market_enable_order_book"": true}"
ETH,2207352,0x81d8652bd46a3d92ee2b7930cb2c4792226f9c6ce8b78dc8aeeaf35d34c97b43,eth-updown-5m-1778392500,2026-05-10 08:55:00+03,2026-05-10 09:00:00+03,2026-05-10 08:55:34.04075+03,34.041,265.95924920,2326.95000000,2326.57000000,0.38000000,1.63330568,87185620801753728261255694060887071706773958494301138636759424716451091841469,0.61000000,0.70000000,0.65500000,0.65500000,mid,clob_rest,743.73670000,58494204084584794372010519501700928719397917538262007971034083351631812302987,0.30000000,0.39000000,0.34500000,0.34500000,mid,clob_rest,776.22210000,"{""asset_symbol"": ""ETH"", ""price_source"": ""BinanceCryptoTradeWebSocket"", ""market_active"": true, ""market_closed"": false, ""up_book_error"": null, ""binance_symbol"": ""ETHUSDT"", ""up_book_source"": ""clob_rest"", ""up_book_status"": ""found"", ""down_book_error"": null, ""market_archived"": false, ""down_book_source"": ""clob_rest"", ""down_book_status"": ""found"", ""market_accepting_orders"": true, ""market_enable_order_book"": true}"
ETH,2207352,0x81d8652bd46a3d92ee2b7930cb2c4792226f9c6ce8b78dc8aeeaf35d34c97b43,eth-updown-5m-1778392500,2026-05-10 08:55:00+03,2026-05-10 09:00:00+03,2026-05-10 08:55:39.992801+03,39.993,260.00719820,2326.88000000,2326.57000000,0.31000000,1.33243358,87185620801753728261255694060887071706773958494301138636759424716451091841469,0.63000000,0.66000000,0.64500000,0.64500000,mid,clob_rest,817.00990000,58494204084584794372010519501700928719397917538262007971034083351631812302987,0.34000000,0.37000000,0.35500000,0.35500000,mid,clob_rest,790.18880000,"{""asset_symbol"": ""ETH"", ""price_source"": ""BinanceCryptoTradeWebSocket"", ""market_active"": true, ""market_closed"": false, ""up_book_error"": null, ""binance_symbol"": ""ETHUSDT"", ""up_book_source"": ""clob_rest"", ""up_book_status"": ""found"", ""down_book_error"": null, ""market_archived"": false, ""down_book_source"": ""clob_rest"", ""down_book_status"": ""found"", ""market_accepting_orders"": true, ""market_enable_order_book"": true}"
ETH,2207352,0x81d8652bd46a3d92ee2b7930cb2c4792226f9c6ce8b78dc8aeeaf35d34c97b43,eth-updown-5m-1778392500,2026-05-10 08:55:00+03,2026-05-10 09:00:00+03,2026-05-10 08:55:45.852545+03,45.853,254.14745430,2326.78000000,2326.57000000,0.21000000,0.90261630,87185620801753728261255694060887071706773958494301138636759424716451091841469,0.62000000,0.64000000,0.63000000,0.63000000,mid,clob_rest,771.22300000,58494204084584794372010519501700928719397917538262007971034083351631812302987,0.36000000,0.38000000,0.37000000,0.37000000,mid,clob_rest,734.85700000,"{""asset_symbol"": ""ETH"", ""price_source"": ""BinanceCryptoTradeWebSocket"", ""market_active"": true, ""market_closed"": false, ""up_book_error"": null, ""binance_symbol"": ""ETHUSDT"", ""up_book_source"": ""clob_rest"", ""up_book_status"": ""found"", ""down_book_error"": null, ""market_archived"": false, ""down_book_source"": ""clob_rest"", ""down_book_status"": ""found"", ""market_accepting_orders"": true, ""market_enable_order_book"": true}"
ETH,2207352,0x81d8652bd46a3d92ee2b7930cb2c4792226f9c6ce8b78dc8aeeaf35d34c97b43,eth-updown-5m-1778392500,2026-05-10 08:55:00+03,2026-05-10 09:00:00+03,2026-05-10 08:55:51.691129+03,51.691,248.30887060,2326.78000000,2326.57000000,0.21000000,0.90261630,87185620801753728261255694060887071706773958494301138636759424716451091841469,0.62000000,0.64000000,0.63000000,0.63000000,mid,clob_rest,746.33520000,58494204084584794372010519501700928719397917538262007971034083351631812302987,0.36000000,0.38000000,0.37000000,0.37000000,mid,clob_rest,759.08670000,"{""asset_symbol"": ""ETH"", ""price_source"": ""BinanceCryptoTradeWebSocket"", ""market_active"": true, ""market_closed"": false, ""up_book_error"": null, ""binance_symbol"": ""ETHUSDT"", ""up_book_source"": ""clob_rest"", ""up_book_status"": ""found"", ""down_book_error"": null, ""market_archived"": false, ""down_book_source"": ""clob_rest"", ""down_book_status"": ""found"", ""market_accepting_orders"": true, ""market_enable_order_book"": true}"
ETH,2207352,0x81d8652bd46a3d92ee2b7930cb2c4792226f9c6ce8b78dc8aeeaf35d34c97b43,eth-updown-5m-1778392500,2026-05-10 08:55:00+03,2026-05-10 09:00:00+03,2026-05-10 08:55:57.786538+03,57.787,242.21346110,2326.78000000,2326.57000000,0.21000000,0.90261630,87185620801753728261255694060887071706773958494301138636759424716451091841469,0.64000000,0.65000000,0.64500000,0.64500000,mid,clob_rest,850.53600000,58494204084584794372010519501700928719397917538262007971034083351631812302987,0.35000000,0.36000000,0.35500000,0.35500000,mid,clob_rest,732.24470000,"{""asset_symbol"": ""ETH"", ""price_source"": ""BinanceCryptoTradeWebSocket"", ""market_active"": true, ""market_closed"": false, ""up_book_error"": null, ""binance_symbol"": ""ETHUSDT"", ""up_book_source"": ""clob_rest"", ""up_book_status"": ""found"", ""down_book_error"": null, ""market_archived"": false, ""down_book_source"": ""clob_rest"", ""down_book_status"": ""found"", ""market_accepting_orders"": true, ""market_enable_order_book"": true}"
ETH,2207352,0x81d8652bd46a3d92ee2b7930cb2c4792226f9c6ce8b78dc8aeeaf35d34c97b43,eth-updown-5m-1778392500,2026-05-10 08:55:00+03,2026-05-10 09:00:00+03,2026-05-10 08:56:03.663122+03,63.663,236.33687760,2326.79000000,2326.57000000,0.22000000,0.94559803,87185620801753728261255694060887071706773958494301138636759424716451091841469,0.64000000,0.65000000,0.64500000,0.64500000,mid,clob_rest,810.39340000,58494204084584794372010519501700928719397917538262007971034083351631812302987,0.35000000,0.36000000,0.35500000,0.35500000,mid,clob_rest,879.88510000,"{""asset_symbol"": ""ETH"", ""price_source"": ""BinanceCryptoTradeWebSocket"", ""market_active"": true, ""market_closed"": false, ""up_book_error"": null, ""binance_symbol"": ""ETHUSDT"", ""up_book_source"": ""clob_rest"", ""up_book_status"": ""found"", ""down_book_error"": null, ""market_archived"": false, ""down_book_source"": ""clob_rest"", ""down_book_status"": ""found"", ""market_accepting_orders"": true, ""market_enable_order_book"": true}"
ETH,2207352,0x81d8652bd46a3d92ee2b7930cb2c4792226f9c6ce8b78dc8aeeaf35d34c97b43,eth-updown-5m-1778392500,2026-05-10 08:55:00+03,2026-05-10 09:00:00+03,2026-05-10 08:56:09.588551+03,69.589,230.41144870,2326.79000000,2326.57000000,0.22000000,0.94559803,87185620801753728261255694060887071706773958494301138636759424716451091841469,0.72000000,0.73000000,0.72500000,0.72500000,mid,clob_rest,770.36180000,58494204084584794372010519501700928719397917538262007971034083351631812302987,0.27000000,0.28000000,0.27500000,0.27500000,mid,clob_rest,735.65810000,"{""asset_symbol"": ""ETH"", ""price_source"": ""BinanceCryptoTradeWebSocket"", ""market_active"": true, ""market_closed"": false, ""up_book_error"": null, ""binance_symbol"": ""ETHUSDT"", ""up_book_source"": ""clob_rest"", ""up_book_status"": ""found"", ""down_book_error"": null, ""market_archived"": false, ""down_book_source"": ""clob_rest"", ""down_book_status"": ""found"", ""market_accepting_orders"": true, ""market_enable_order_book"": true}"
ETH,2207352,0x81d8652bd46a3d92ee2b7930cb2c4792226f9c6ce8b78dc8aeeaf35d34c97b43,eth-updown-5m-1778392500,2026-05-10 08:55:00+03,2026-05-10 09:00:00+03,2026-05-10 08:56:15.40367+03,75.404,224.59632950,2326.79000000,2326.57000000,0.22000000,0.94559803,87185620801753728261255694060887071706773958494301138636759424716451091841469,0.72000000,0.73000000,0.72500000,0.72500000,mid,clob_rest,781.77000000,58494204084584794372010519501700928719397917538262007971034083351631812302987,0.27000000,0.31000000,0.29000000,0.29000000,mid,clob_rest,753.79940000,"{""asset_symbol"": ""ETH"", ""price_source"": ""BinanceCryptoTradeWebSocket"", ""market_active"": true, ""market_closed"": false, ""up_book_error"": null, ""binance_symbol"": ""ETHUSDT"", ""up_book_source"": ""clob_rest"", ""up_book_status"": ""found"", ""down_book_error"": null, ""market_archived"": false, ""down_book_source"": ""clob_rest"", ""down_book_status"": ""found"", ""market_accepting_orders"": true, ""market_enable_order_book"": true}"
ETH,2207352,0x81d8652bd46a3d92ee2b7930cb2c4792226f9c6ce8b78dc8aeeaf35d34c97b43,eth-updown-5m-1778392500,2026-05-10 08:55:00+03,2026-05-10 09:00:00+03,2026-05-10 08:56:21.204214+03,81.204,218.79578540,2326.80000000,2326.57000000,0.23000000,0.98857975,87185620801753728261255694060887071706773958494301138636759424716451091841469,0.69000000,0.70000000,0.69500000,0.69500000,mid,clob_rest,1100.11170000,58494204084584794372010519501700928719397917538262007971034083351631812302987,0.30000000,0.31000000,0.30500000,0.30500000,mid,clob_rest,1173.00190000,"{""asset_symbol"": ""ETH"", ""price_source"": ""BinanceCryptoTradeWebSocket"", ""market_active"": true, ""market_closed"": false, ""up_book_error"": null, ""binance_symbol"": ""ETHUSDT"", ""up_book_source"": ""clob_rest"", ""up_book_status"": ""found"", ""down_book_error"": null, ""market_archived"": false, ""down_book_source"": ""clob_rest"", ""down_book_status"": ""found"", ""market_accepting_orders"": true, ""market_enable_order_book"": true}"
ETH,2207352,0x81d8652bd46a3d92ee2b7930cb2c4792226f9c6ce8b78dc8aeeaf35d34c97b43,eth-updown-5m-1778392500,2026-05-10 08:55:00+03,2026-05-10 09:00:00+03,2026-05-10 08:56:27.06311+03,87.063,212.93689000,2326.80000000,2326.57000000,0.23000000,0.98857975,87185620801753728261255694060887071706773958494301138636759424716451091841469,0.70000000,0.71000000,0.70500000,0.70500000,mid,clob_rest,752.69720000,58494204084584794372010519501700928719397917538262007971034083351631812302987,0.29000000,0.30000000,0.29500000,0.29500000,mid,clob_rest,786.03530000,"{""asset_symbol"": ""ETH"", ""price_source"": ""BinanceCryptoTradeWebSocket"", ""market_active"": true, ""market_closed"": false, ""up_book_error"": null, ""binance_symbol"": ""ETHUSDT"", ""up_book_source"": ""clob_rest"", ""up_book_status"": ""found"", ""down_book_error"": null, ""market_archived"": false, ""down_book_source"": ""clob_rest"", ""down_book_status"": ""found"", ""market_accepting_orders"": true, ""market_enable_order_book"": true}"
ETH,2207352,0x81d8652bd46a3d92ee2b7930cb2c4792226f9c6ce8b78dc8aeeaf35d34c97b43,eth-updown-5m-1778392500,2026-05-10 08:55:00+03,2026-05-10 09:00:00+03,2026-05-10 08:56:32.945297+03,92.945,207.05470260,2327.04000000,2326.57000000,0.47000000,2.02014124,87185620801753728261255694060887071706773958494301138636759424716451091841469,0.76000000,0.77000000,0.76500000,0.76500000,mid,clob_rest,939.42680000,58494204084584794372010519501700928719397917538262007971034083351631812302987,0.23000000,0.24000000,0.23500000,0.23500000,mid,clob_rest,759.45570000,"{""asset_symbol"": ""ETH"", ""price_source"": ""BinanceCryptoTradeWebSocket"", ""market_active"": true, ""market_closed"": false, ""up_book_error"": null, ""binance_symbol"": ""ETHUSDT"", ""up_book_source"": ""clob_rest"", ""up_book_status"": ""found"", ""down_book_error"": null, ""market_archived"": false, ""down_book_source"": ""clob_rest"", ""down_book_status"": ""found"", ""market_accepting_orders"": true, ""market_enable_order_book"": true}"
ETH,2207352,0x81d8652bd46a3d92ee2b7930cb2c4792226f9c6ce8b78dc8aeeaf35d34c97b43,eth-updown-5m-1778392500,2026-05-10 08:55:00+03,2026-05-10 09:00:00+03,2026-05-10 08:56:38.858107+03,98.858,201.14189250,2327.05000000,2326.57000000,0.48000000,2.06312297,87185620801753728261255694060887071706773958494301138636759424716451091841469,0.76000000,0.77000000,0.76500000,0.76500000,mid,clob_rest,749.62140000,58494204084584794372010519501700928719397917538262007971034083351631812302987,0.23000000,0.24000000,0.23500000,0.23500000,mid,clob_rest,816.90490000,"{""asset_symbol"": ""ETH"", ""price_source"": ""BinanceCryptoTradeWebSocket"", ""market_active"": true, ""market_closed"": false, ""up_book_error"": null, ""binance_symbol"": ""ETHUSDT"", ""up_book_source"": ""clob_rest"", ""up_book_status"": ""found"", ""down_book_error"": null, ""market_archived"": false, ""down_book_source"": ""clob_rest"", ""down_book_status"": ""found"", ""market_accepting_orders"": true, ""market_enable_order_book"": true}"
ETH,2207352,0x81d8652bd46a3d92ee2b7930cb2c4792226f9c6ce8b78dc8aeeaf35d34c97b43,eth-updown-5m-1778392500,2026-05-10 08:55:00+03,2026-05-10 09:00:00+03,2026-05-10 08:56:44.706343+03,104.706,195.29365610,2327.05000000,2326.57000000,0.48000000,2.06312297,87185620801753728261255694060887071706773958494301138636759424716451091841469,0.79000000,0.81000000,0.80000000,0.80000000,mid,clob_rest,732.61570000,58494204084584794372010519501700928719397917538262007971034083351631812302987,0.19000000,0.21000000,0.20000000,0.20000000,mid,clob_rest,742.21750000,"{""asset_symbol"": ""ETH"", ""price_source"": ""BinanceCryptoTradeWebSocket"", ""market_active"": true, ""market_closed"": false, ""up_book_error"": null, ""binance_symbol"": ""ETHUSDT"", ""up_book_source"": ""clob_rest"", ""up_book_status"": ""found"", ""down_book_error"": null, ""market_archived"": false, ""down_book_source"": ""clob_rest"", ""down_book_status"": ""found"", ""market_accepting_orders"": true, ""market_enable_order_book"": true}"
ETH,2207352,0x81d8652bd46a3d92ee2b7930cb2c4792226f9c6ce8b78dc8aeeaf35d34c97b43,eth-updown-5m-1778392500,2026-05-10 08:55:00+03,2026-05-10 09:00:00+03,2026-05-10 08:56:50.462147+03,110.462,189.53785220,2327.39000000,2326.57000000,0.82000000,3.52450173,87185620801753728261255694060887071706773958494301138636759424716451091841469,0.89000000,0.90000000,0.89500000,0.89500000,mid,clob_rest,748.42150000,58494204084584794372010519501700928719397917538262007971034083351631812302987,0.10000000,0.11000000,0.10500000,0.10500000,mid,clob_rest,766.91820000,"{""asset_symbol"": ""ETH"", ""price_source"": ""BinanceCryptoTradeWebSocket"", ""market_active"": true, ""market_closed"": false, ""up_book_error"": null, ""binance_symbol"": ""ETHUSDT"", ""up_book_source"": ""clob_rest"", ""up_book_status"": ""found"", ""down_book_error"": null, ""market_archived"": false, ""down_book_source"": ""clob_rest"", ""down_book_status"": ""found"", ""market_accepting_orders"": true, ""market_enable_order_book"": true}"
ETH,2207352,0x81d8652bd46a3d92ee2b7930cb2c4792226f9c6ce8b78dc8aeeaf35d34c97b43,eth-updown-5m-1778392500,2026-05-10 08:55:00+03,2026-05-10 09:00:00+03,2026-05-10 08:56:56.274144+03,116.274,183.72585530,2327.38000000,2326.57000000,0.81000000,3.48152001,87185620801753728261255694060887071706773958494301138636759424716451091841469,0.90000000,0.91000000,0.90500000,0.90500000,mid,clob_rest,742.81320000,58494204084584794372010519501700928719397917538262007971034083351631812302987,0.09000000,0.10000000,0.09500000,0.09500000,mid,clob_rest,799.56620000,"{""asset_symbol"": ""ETH"", ""price_source"": ""BinanceCryptoTradeWebSocket"", ""market_active"": true, ""market_closed"": false, ""up_book_error"": null, ""binance_symbol"": ""ETHUSDT"", ""up_book_source"": ""clob_rest"", ""up_book_status"": ""found"", ""down_book_error"": null, ""market_archived"": false, ""down_book_source"": ""clob_rest"", ""down_book_status"": ""found"", ""market_accepting_orders"": true, ""market_enable_order_book"": true}"
ETH,2207352,0x81d8652bd46a3d92ee2b7930cb2c4792226f9c6ce8b78dc8aeeaf35d34c97b43,eth-updown-5m-1778392500,2026-05-10 08:55:00+03,2026-05-10 09:00:00+03,2026-05-10 08:57:02.368005+03,122.368,177.63199460,2327.38000000,2326.57000000,0.81000000,3.48152001,87185620801753728261255694060887071706773958494301138636759424716451091841469,0.89000000,0.90000000,0.89500000,0.89500000,mid,clob_rest,757.79190000,58494204084584794372010519501700928719397917538262007971034083351631812302987,0.10000000,0.11000000,0.10500000,0.10500000,mid,clob_rest,743.00460000,"{""asset_symbol"": ""ETH"", ""price_source"": ""BinanceCryptoTradeWebSocket"", ""market_active"": true, ""market_closed"": false, ""up_book_error"": null, ""binance_symbol"": ""ETHUSDT"", ""up_book_source"": ""clob_rest"", ""up_book_status"": ""found"", ""down_book_error"": null, ""market_archived"": false, ""down_book_source"": ""clob_rest"", ""down_book_status"": ""found"", ""market_accepting_orders"": true, ""market_enable_order_book"": true}"
ETH,2207352,0x81d8652bd46a3d92ee2b7930cb2c4792226f9c6ce8b78dc8aeeaf35d34c97b43,eth-updown-5m-1778392500,2026-05-10 08:55:00+03,2026-05-10 09:00:00+03,2026-05-10 08:57:08.273187+03,128.273,171.72681220,2327.07000000,2326.57000000,0.50000000,2.14908642,87185620801753728261255694060887071706773958494301138636759424716451091841469,0.75000000,0.78000000,0.76500000,0.76500000,mid,clob_rest,787.90470000,58494204084584794372010519501700928719397917538262007971034083351631812302987,0.18000000,0.25000000,0.21500000,0.21500000,mid,clob_rest,739.51140000,"{""asset_symbol"": ""ETH"", ""price_source"": ""BinanceCryptoTradeWebSocket"", ""market_active"": true, ""market_closed"": false, ""up_book_error"": null, ""binance_symbol"": ""ETHUSDT"", ""up_book_source"": ""clob_rest"", ""up_book_status"": ""found"", ""down_book_error"": null, ""market_archived"": false, ""down_book_source"": ""clob_rest"", ""down_book_status"": ""found"", ""market_accepting_orders"": true, ""market_enable_order_book"": true}"
ETH,2207352,0x81d8652bd46a3d92ee2b7930cb2c4792226f9c6ce8b78dc8aeeaf35d34c97b43,eth-updown-5m-1778392500,2026-05-10 08:55:00+03,2026-05-10 09:00:00+03,2026-05-10 08:57:14.281437+03,134.281,165.71856280,2327.08000000,2326.57000000,0.51000000,2.19206815,87185620801753728261255694060887071706773958494301138636759424716451091841469,0.74000000,0.75000000,0.74500000,0.74500000,mid,clob_rest,740.89250000,58494204084584794372010519501700928719397917538262007971034083351631812302987,0.25000000,0.26000000,0.25500000,0.25500000,mid,clob_rest,810.32060000,"{""asset_symbol"": ""ETH"", ""price_source"": ""BinanceCryptoTradeWebSocket"", ""market_active"": true, ""market_closed"": false, ""up_book_error"": null, ""binance_symbol"": ""ETHUSDT"", ""up_book_source"": ""clob_rest"", ""up_book_status"": ""found"", ""down_book_error"": null, ""market_archived"": false, ""down_book_source"": ""clob_rest"", ""down_book_status"": ""found"", ""market_accepting_orders"": true, ""market_enable_order_book"": true}"
ETH,2207352,0x81d8652bd46a3d92ee2b7930cb2c4792226f9c6ce8b78dc8aeeaf35d34c97b43,eth-updown-5m-1778392500,2026-05-10 08:55:00+03,2026-05-10 09:00:00+03,2026-05-10 08:57:20.153729+03,140.154,159.84627060,2327.07000000,2326.57000000,0.50000000,2.14908642,87185620801753728261255694060887071706773958494301138636759424716451091841469,0.71000000,0.72000000,0.71500000,0.71500000,mid,clob_rest,851.64680000,58494204084584794372010519501700928719397917538262007971034083351631812302987,0.28000000,0.29000000,0.28500000,0.28500000,mid,clob_rest,1011.28140000,"{""asset_symbol"": ""ETH"", ""price_source"": ""BinanceCryptoTradeWebSocket"", ""market_active"": true, ""market_closed"": false, ""up_book_error"": null, ""binance_symbol"": ""ETHUSDT"", ""up_book_source"": ""clob_rest"", ""up_book_status"": ""found"", ""down_book_error"": null, ""market_archived"": false, ""down_book_source"": ""clob_rest"", ""down_book_status"": ""found"", ""market_accepting_orders"": true, ""market_enable_order_book"": true}"
ETH,2207352,0x81d8652bd46a3d92ee2b7930cb2c4792226f9c6ce8b78dc8aeeaf35d34c97b43,eth-updown-5m-1778392500,2026-05-10 08:55:00+03,2026-05-10 09:00:00+03,2026-05-10 08:57:26.258488+03,146.258,153.74151170,2327.04000000,2326.57000000,0.47000000,2.02014124,87185620801753728261255694060887071706773958494301138636759424716451091841469,0.69000000,0.70000000,0.69500000,0.69500000,mid,clob_rest,748.75380000,58494204084584794372010519501700928719397917538262007971034083351631812302987,0.30000000,0.31000000,0.30500000,0.30500000,mid,clob_rest,728.48760000,"{""asset_symbol"": ""ETH"", ""price_source"": ""BinanceCryptoTradeWebSocket"", ""market_active"": true, ""market_closed"": false, ""up_book_error"": null, ""binance_symbol"": ""ETHUSDT"", ""up_book_source"": ""clob_rest"", ""up_book_status"": ""found"", ""down_book_error"": null, ""market_archived"": false, ""down_book_source"": ""clob_rest"", ""down_book_status"": ""found"", ""market_accepting_orders"": true, ""market_enable_order_book"": true}"
ETH,2207352,0x81d8652bd46a3d92ee2b7930cb2c4792226f9c6ce8b78dc8aeeaf35d34c97b43,eth-updown-5m-1778392500,2026-05-10 08:55:00+03,2026-05-10 09:00:00+03,2026-05-10 08:57:32.297722+03,152.298,147.70227730,2327.04000000,2326.57000000,0.47000000,2.02014124,87185620801753728261255694060887071706773958494301138636759424716451091841469,0.69000000,0.70000000,0.69500000,0.69500000,mid,clob_rest,767.51150000,58494204084584794372010519501700928719397917538262007971034083351631812302987,0.30000000,0.31000000,0.30500000,0.30500000,mid,clob_rest,750.34420000,"{""asset_symbol"": ""ETH"", ""price_source"": ""BinanceCryptoTradeWebSocket"", ""market_active"": true, ""market_closed"": false, ""up_book_error"": null, ""binance_symbol"": ""ETHUSDT"", ""up_book_source"": ""clob_rest"", ""up_book_status"": ""found"", ""down_book_error"": null, ""market_archived"": false, ""down_book_source"": ""clob_rest"", ""down_book_status"": ""found"", ""market_accepting_orders"": true, ""market_enable_order_book"": true}"
ETH,2207352,0x81d8652bd46a3d92ee2b7930cb2c4792226f9c6ce8b78dc8aeeaf35d34c97b43,eth-updown-5m-1778392500,2026-05-10 08:55:00+03,2026-05-10 09:00:00+03,2026-05-10 08:57:38.192262+03,158.192,141.80773750,2327.05000000,2326.57000000,0.48000000,2.06312297,87185620801753728261255694060887071706773958494301138636759424716451091841469,0.73000000,0.78000000,0.75500000,0.75500000,mid,clob_rest,791.60550000,58494204084584794372010519501700928719397917538262007971034083351631812302987,0.22000000,0.27000000,0.24500000,0.24500000,mid,clob_rest,795.77790000,"{""asset_symbol"": ""ETH"", ""price_source"": ""BinanceCryptoTradeWebSocket"", ""market_active"": true, ""market_closed"": false, ""up_book_error"": null, ""binance_symbol"": ""ETHUSDT"", ""up_book_source"": ""clob_rest"", ""up_book_status"": ""found"", ""down_book_error"": null, ""market_archived"": false, ""down_book_source"": ""clob_rest"", ""down_book_status"": ""found"", ""market_accepting_orders"": true, ""market_enable_order_book"": true}"
ETH,2207352,0x81d8652bd46a3d92ee2b7930cb2c4792226f9c6ce8b78dc8aeeaf35d34c97b43,eth-updown-5m-1778392500,2026-05-10 08:55:00+03,2026-05-10 09:00:00+03,2026-05-10 08:57:44.105945+03,164.106,135.89405410,2327.04000000,2326.57000000,0.47000000,2.02014124,87185620801753728261255694060887071706773958494301138636759424716451091841469,0.77000000,0.78000000,0.77500000,0.77500000,mid,clob_rest,737.96170000,58494204084584794372010519501700928719397917538262007971034083351631812302987,0.22000000,0.23000000,0.22500000,0.22500000,mid,clob_rest,810.90310000,"{""asset_symbol"": ""ETH"", ""price_source"": ""BinanceCryptoTradeWebSocket"", ""market_active"": true, ""market_closed"": false, ""up_book_error"": null, ""binance_symbol"": ""ETHUSDT"", ""up_book_source"": ""clob_rest"", ""up_book_status"": ""found"", ""down_book_error"": null, ""market_archived"": false, ""down_book_source"": ""clob_rest"", ""down_book_status"": ""found"", ""market_accepting_orders"": true, ""market_enable_order_book"": true}"
ETH,2207352,0x81d8652bd46a3d92ee2b7930cb2c4792226f9c6ce8b78dc8aeeaf35d34c97b43,eth-updown-5m-1778392500,2026-05-10 08:55:00+03,2026-05-10 09:00:00+03,2026-05-10 08:57:49.932012+03,169.932,130.06798800,2327.04000000,2326.57000000,0.47000000,2.02014124,87185620801753728261255694060887071706773958494301138636759424716451091841469,0.77000000,0.78000000,0.77500000,0.77500000,mid,clob_rest,796.05840000,58494204084584794372010519501700928719397917538262007971034083351631812302987,0.22000000,0.23000000,0.22500000,0.22500000,mid,clob_rest,838.78640000,"{""asset_symbol"": ""ETH"", ""price_source"": ""BinanceCryptoTradeWebSocket"", ""market_active"": true, ""market_closed"": false, ""up_book_error"": null, ""binance_symbol"": ""ETHUSDT"", ""up_book_source"": ""clob_rest"", ""up_book_status"": ""found"", ""down_book_error"": null, ""market_archived"": false, ""down_book_source"": ""clob_rest"", ""down_book_status"": ""found"", ""market_accepting_orders"": true, ""market_enable_order_book"": true}"
ETH,2207352,0x81d8652bd46a3d92ee2b7930cb2c4792226f9c6ce8b78dc8aeeaf35d34c97b43,eth-updown-5m-1778392500,2026-05-10 08:55:00+03,2026-05-10 09:00:00+03,2026-05-10 08:57:55.852071+03,175.852,124.14792840,2327.05000000,2326.57000000,0.48000000,2.06312297,87185620801753728261255694060887071706773958494301138636759424716451091841469,0.84000000,0.85000000,0.84500000,0.84500000,mid,clob_rest,754.26030000,58494204084584794372010519501700928719397917538262007971034083351631812302987,0.13000000,0.16000000,0.14500000,0.14500000,mid,clob_rest,743.62970000,"{""asset_symbol"": ""ETH"", ""price_source"": ""BinanceCryptoTradeWebSocket"", ""market_active"": true, ""market_closed"": false, ""up_book_error"": null, ""binance_symbol"": ""ETHUSDT"", ""up_book_source"": ""clob_rest"", ""up_book_status"": ""found"", ""down_book_error"": null, ""market_archived"": false, ""down_book_source"": ""clob_rest"", ""down_book_status"": ""found"", ""market_accepting_orders"": true, ""market_enable_order_book"": true}"
ETH,2207352,0x81d8652bd46a3d92ee2b7930cb2c4792226f9c6ce8b78dc8aeeaf35d34c97b43,eth-updown-5m-1778392500,2026-05-10 08:55:00+03,2026-05-10 09:00:00+03,2026-05-10 08:58:01.943855+03,181.944,118.05614440,2327.10000000,2326.57000000,0.53000000,2.27803161,87185620801753728261255694060887071706773958494301138636759424716451091841469,0.86000000,0.88000000,0.87000000,0.87000000,mid,clob_rest,808.01980000,58494204084584794372010519501700928719397917538262007971034083351631812302987,0.11000000,0.13000000,0.12000000,0.12000000,mid,clob_rest,782.59900000,"{""asset_symbol"": ""ETH"", ""price_source"": ""BinanceCryptoTradeWebSocket"", ""market_active"": true, ""market_closed"": false, ""up_book_error"": null, ""binance_symbol"": ""ETHUSDT"", ""up_book_source"": ""clob_rest"", ""up_book_status"": ""found"", ""down_book_error"": null, ""market_archived"": false, ""down_book_source"": ""clob_rest"", ""down_book_status"": ""found"", ""market_accepting_orders"": true, ""market_enable_order_book"": true}"
ETH,2207352,0x81d8652bd46a3d92ee2b7930cb2c4792226f9c6ce8b78dc8aeeaf35d34c97b43,eth-updown-5m-1778392500,2026-05-10 08:55:00+03,2026-05-10 09:00:00+03,2026-05-10 08:58:07.761607+03,187.762,112.23839240,2327.18000000,2326.57000000,0.61000000,2.62188544,87185620801753728261255694060887071706773958494301138636759424716451091841469,0.91000000,0.92000000,0.91500000,0.91500000,mid,clob_rest,747.35370000,58494204084584794372010519501700928719397917538262007971034083351631812302987,0.08000000,0.09000000,0.08500000,0.08500000,mid,clob_rest,731.14780000,"{""asset_symbol"": ""ETH"", ""price_source"": ""BinanceCryptoTradeWebSocket"", ""market_active"": true, ""market_closed"": false, ""up_book_error"": null, ""binance_symbol"": ""ETHUSDT"", ""up_book_source"": ""clob_rest"", ""up_book_status"": ""found"", ""down_book_error"": null, ""market_archived"": false, ""down_book_source"": ""clob_rest"", ""down_book_status"": ""found"", ""market_accepting_orders"": true, ""market_enable_order_book"": true}"
ETH,2207352,0x81d8652bd46a3d92ee2b7930cb2c4792226f9c6ce8b78dc8aeeaf35d34c97b43,eth-updown-5m-1778392500,2026-05-10 08:55:00+03,2026-05-10 09:00:00+03,2026-05-10 08:58:13.640299+03,193.640,106.35970020,2327.17000000,2326.57000000,0.60000000,2.57890371,87185620801753728261255694060887071706773958494301138636759424716451091841469,0.91000000,0.93000000,0.92000000,0.92000000,mid,clob_rest,802.33200000,58494204084584794372010519501700928719397917538262007971034083351631812302987,0.07000000,0.09000000,0.08000000,0.08000000,mid,clob_rest,753.41360000,"{""asset_symbol"": ""ETH"", ""price_source"": ""BinanceCryptoTradeWebSocket"", ""market_active"": true, ""market_closed"": false, ""up_book_error"": null, ""binance_symbol"": ""ETHUSDT"", ""up_book_source"": ""clob_rest"", ""up_book_status"": ""found"", ""down_book_error"": null, ""market_archived"": false, ""down_book_source"": ""clob_rest"", ""down_book_status"": ""found"", ""market_accepting_orders"": true, ""market_enable_order_book"": true}"
ETH,2207352,0x81d8652bd46a3d92ee2b7930cb2c4792226f9c6ce8b78dc8aeeaf35d34c97b43,eth-updown-5m-1778392500,2026-05-10 08:55:00+03,2026-05-10 09:00:00+03,2026-05-10 08:58:19.434155+03,199.434,100.56584420,2327.17000000,2326.57000000,0.60000000,2.57890371,87185620801753728261255694060887071706773958494301138636759424716451091841469,0.91000000,0.93000000,0.92000000,0.92000000,mid,clob_rest,756.62260000,58494204084584794372010519501700928719397917538262007971034083351631812302987,0.07000000,0.09000000,0.08000000,0.08000000,mid,clob_rest,783.61940000,"{""asset_symbol"": ""ETH"", ""price_source"": ""BinanceCryptoTradeWebSocket"", ""market_active"": true, ""market_closed"": false, ""up_book_error"": null, ""binance_symbol"": ""ETHUSDT"", ""up_book_source"": ""clob_rest"", ""up_book_status"": ""found"", ""down_book_error"": null, ""market_archived"": false, ""down_book_source"": ""clob_rest"", ""down_book_status"": ""found"", ""market_accepting_orders"": true, ""market_enable_order_book"": true}"
ETH,2207352,0x81d8652bd46a3d92ee2b7930cb2c4792226f9c6ce8b78dc8aeeaf35d34c97b43,eth-updown-5m-1778392500,2026-05-10 08:55:00+03,2026-05-10 09:00:00+03,2026-05-10 08:58:25.24673+03,205.247,94.75326940,2327.18000000,2326.57000000,0.61000000,2.62188544,87185620801753728261255694060887071706773958494301138636759424716451091841469,0.92000000,0.93000000,0.92500000,0.92500000,mid,clob_rest,759.75310000,58494204084584794372010519501700928719397917538262007971034083351631812302987,0.07000000,0.08000000,0.07500000,0.07500000,mid,clob_rest,739.38240000,"{""asset_symbol"": ""ETH"", ""price_source"": ""BinanceCryptoTradeWebSocket"", ""market_active"": true, ""market_closed"": false, ""up_book_error"": null, ""binance_symbol"": ""ETHUSDT"", ""up_book_source"": ""clob_rest"", ""up_book_status"": ""found"", ""down_book_error"": null, ""market_archived"": false, ""down_book_source"": ""clob_rest"", ""down_book_status"": ""found"", ""market_accepting_orders"": true, ""market_enable_order_book"": true}"
ETH,2207352,0x81d8652bd46a3d92ee2b7930cb2c4792226f9c6ce8b78dc8aeeaf35d34c97b43,eth-updown-5m-1778392500,2026-05-10 08:55:00+03,2026-05-10 09:00:00+03,2026-05-10 08:58:31.05772+03,211.058,88.94227960,2327.41000000,2326.57000000,0.84000000,3.61046519,87185620801753728261255694060887071706773958494301138636759424716451091841469,0.92000000,0.93000000,0.92500000,0.92500000,mid,clob_rest,794.53010000,58494204084584794372010519501700928719397917538262007971034083351631812302987,0.07000000,0.08000000,0.07500000,0.07500000,mid,clob_rest,738.37530000,"{""asset_symbol"": ""ETH"", ""price_source"": ""BinanceCryptoTradeWebSocket"", ""market_active"": true, ""market_closed"": false, ""up_book_error"": null, ""binance_symbol"": ""ETHUSDT"", ""up_book_source"": ""clob_rest"", ""up_book_status"": ""found"", ""down_book_error"": null, ""market_archived"": false, ""down_book_source"": ""clob_rest"", ""down_book_status"": ""found"", ""market_accepting_orders"": true, ""market_enable_order_book"": true}"
ETH,2207352,0x81d8652bd46a3d92ee2b7930cb2c4792226f9c6ce8b78dc8aeeaf35d34c97b43,eth-updown-5m-1778392500,2026-05-10 08:55:00+03,2026-05-10 09:00:00+03,2026-05-10 08:58:36.908761+03,216.909,83.09123830,2327.41000000,2326.57000000,0.84000000,3.61046519,87185620801753728261255694060887071706773958494301138636759424716451091841469,0.92000000,0.93000000,0.92500000,0.92500000,mid,clob_rest,748.67970000,58494204084584794372010519501700928719397917538262007971034083351631812302987,0.07000000,0.08000000,0.07500000,0.07500000,mid,clob_rest,765.82020000,"{""asset_symbol"": ""ETH"", ""price_source"": ""BinanceCryptoTradeWebSocket"", ""market_active"": true, ""market_closed"": false, ""up_book_error"": null, ""binance_symbol"": ""ETHUSDT"", ""up_book_source"": ""clob_rest"", ""up_book_status"": ""found"", ""down_book_error"": null, ""market_archived"": false, ""down_book_source"": ""clob_rest"", ""down_book_status"": ""found"", ""market_accepting_orders"": true, ""market_enable_order_book"": true}"
ETH,2207352,0x81d8652bd46a3d92ee2b7930cb2c4792226f9c6ce8b78dc8aeeaf35d34c97b43,eth-updown-5m-1778392500,2026-05-10 08:55:00+03,2026-05-10 09:00:00+03,2026-05-10 08:58:42.909189+03,222.909,77.09081070,2327.42000000,2326.57000000,0.85000000,3.65344692,87185620801753728261255694060887071706773958494301138636759424716451091841469,0.92000000,0.93000000,0.92500000,0.92500000,mid,clob_rest,834.01180000,58494204084584794372010519501700928719397917538262007971034083351631812302987,0.07000000,0.08000000,0.07500000,0.07500000,mid,clob_rest,787.63700000,"{""asset_symbol"": ""ETH"", ""price_source"": ""BinanceCryptoTradeWebSocket"", ""market_active"": true, ""market_closed"": false, ""up_book_error"": null, ""binance_symbol"": ""ETHUSDT"", ""up_book_source"": ""clob_rest"", ""up_book_status"": ""found"", ""down_book_error"": null, ""market_archived"": false, ""down_book_source"": ""clob_rest"", ""down_book_status"": ""found"", ""market_accepting_orders"": true, ""market_enable_order_book"": true}"
ETH,2207352,0x81d8652bd46a3d92ee2b7930cb2c4792226f9c6ce8b78dc8aeeaf35d34c97b43,eth-updown-5m-1778392500,2026-05-10 08:55:00+03,2026-05-10 09:00:00+03,2026-05-10 08:58:48.95905+03,228.959,71.04094990,2327.42000000,2326.57000000,0.85000000,3.65344692,87185620801753728261255694060887071706773958494301138636759424716451091841469,0.92000000,0.93000000,0.92500000,0.92500000,mid,clob_rest,827.41200000,58494204084584794372010519501700928719397917538262007971034083351631812302987,0.07000000,0.08000000,0.07500000,0.07500000,mid,clob_rest,803.30430000,"{""asset_symbol"": ""ETH"", ""price_source"": ""BinanceCryptoTradeWebSocket"", ""market_active"": true, ""market_closed"": false, ""up_book_error"": null, ""binance_symbol"": ""ETHUSDT"", ""up_book_source"": ""clob_rest"", ""up_book_status"": ""found"", ""down_book_error"": null, ""market_archived"": false, ""down_book_source"": ""clob_rest"", ""down_book_status"": ""found"", ""market_accepting_orders"": true, ""market_enable_order_book"": true}"
ETH,2207352,0x81d8652bd46a3d92ee2b7930cb2c4792226f9c6ce8b78dc8aeeaf35d34c97b43,eth-updown-5m-1778392500,2026-05-10 08:55:00+03,2026-05-10 09:00:00+03,2026-05-10 08:58:54.809259+03,234.809,65.19074080,2327.42000000,2326.57000000,0.85000000,3.65344692,87185620801753728261255694060887071706773958494301138636759424716451091841469,0.95000000,0.96000000,0.95500000,0.95500000,mid,clob_rest,766.22330000,58494204084584794372010519501700928719397917538262007971034083351631812302987,0.04000000,0.05000000,0.04500000,0.04500000,mid,clob_rest,750.30230000,"{""asset_symbol"": ""ETH"", ""price_source"": ""BinanceCryptoTradeWebSocket"", ""market_active"": true, ""market_closed"": false, ""up_book_error"": null, ""binance_symbol"": ""ETHUSDT"", ""up_book_source"": ""clob_rest"", ""up_book_status"": ""found"", ""down_book_error"": null, ""market_archived"": false, ""down_book_source"": ""clob_rest"", ""down_book_status"": ""found"", ""market_accepting_orders"": true, ""market_enable_order_book"": true}"
ETH,2207352,0x81d8652bd46a3d92ee2b7930cb2c4792226f9c6ce8b78dc8aeeaf35d34c97b43,eth-updown-5m-1778392500,2026-05-10 08:55:00+03,2026-05-10 09:00:00+03,2026-05-10 08:59:00.654068+03,240.654,59.34593180,2327.42000000,2326.57000000,0.85000000,3.65344692,87185620801753728261255694060887071706773958494301138636759424716451091841469,0.95000000,0.96000000,0.95500000,0.95500000,mid,clob_rest,780.55840000,58494204084584794372010519501700928719397917538262007971034083351631812302987,0.04000000,0.05000000,0.04500000,0.04500000,mid,clob_rest,927.14300000,"{""asset_symbol"": ""ETH"", ""price_source"": ""BinanceCryptoTradeWebSocket"", ""market_active"": true, ""market_closed"": false, ""up_book_error"": null, ""binance_symbol"": ""ETHUSDT"", ""up_book_source"": ""clob_rest"", ""up_book_status"": ""found"", ""down_book_error"": null, ""market_archived"": false, ""down_book_source"": ""clob_rest"", ""down_book_status"": ""found"", ""market_accepting_orders"": true, ""market_enable_order_book"": true}"
ETH,2207352,0x81d8652bd46a3d92ee2b7930cb2c4792226f9c6ce8b78dc8aeeaf35d34c97b43,eth-updown-5m-1778392500,2026-05-10 08:55:00+03,2026-05-10 09:00:00+03,2026-05-10 08:59:06.586277+03,246.586,53.41372210,2327.41000000,2326.57000000,0.84000000,3.61046519,87185620801753728261255694060887071706773958494301138636759424716451091841469,0.95000000,0.96000000,0.95500000,0.95500000,mid,clob_rest,777.00780000,58494204084584794372010519501700928719397917538262007971034083351631812302987,0.04000000,0.05000000,0.04500000,0.04500000,mid,clob_rest,735.99330000,"{""asset_symbol"": ""ETH"", ""price_source"": ""BinanceCryptoTradeWebSocket"", ""market_active"": true, ""market_closed"": false, ""up_book_error"": null, ""binance_symbol"": ""ETHUSDT"", ""up_book_source"": ""clob_rest"", ""up_book_status"": ""found"", ""down_book_error"": null, ""market_archived"": false, ""down_book_source"": ""clob_rest"", ""down_book_status"": ""found"", ""market_accepting_orders"": true, ""market_enable_order_book"": true}"
ETH,2207352,0x81d8652bd46a3d92ee2b7930cb2c4792226f9c6ce8b78dc8aeeaf35d34c97b43,eth-updown-5m-1778392500,2026-05-10 08:55:00+03,2026-05-10 09:00:00+03,2026-05-10 08:59:12.371792+03,252.372,47.62820740,2327.41000000,2326.57000000,0.84000000,3.61046519,87185620801753728261255694060887071706773958494301138636759424716451091841469,0.95000000,0.96000000,0.95500000,0.95500000,mid,clob_rest,775.15220000,58494204084584794372010519501700928719397917538262007971034083351631812302987,0.04000000,0.05000000,0.04500000,0.04500000,mid,clob_rest,754.21540000,"{""asset_symbol"": ""ETH"", ""price_source"": ""BinanceCryptoTradeWebSocket"", ""market_active"": true, ""market_closed"": false, ""up_book_error"": null, ""binance_symbol"": ""ETHUSDT"", ""up_book_source"": ""clob_rest"", ""up_book_status"": ""found"", ""down_book_error"": null, ""market_archived"": false, ""down_book_source"": ""clob_rest"", ""down_book_status"": ""found"", ""market_accepting_orders"": true, ""market_enable_order_book"": true}"
ETH,2207352,0x81d8652bd46a3d92ee2b7930cb2c4792226f9c6ce8b78dc8aeeaf35d34c97b43,eth-updown-5m-1778392500,2026-05-10 08:55:00+03,2026-05-10 09:00:00+03,2026-05-10 08:59:18.145319+03,258.145,41.85468010,2327.41000000,2326.57000000,0.84000000,3.61046519,87185620801753728261255694060887071706773958494301138636759424716451091841469,0.99000000,,,0.99000000,bid_only,clob_rest,1118.19600000,58494204084584794372010519501700928719397917538262007971034083351631812302987,,0.01000000,,0.01000000,ask_only,clob_rest,1182.74500000,"{""asset_symbol"": ""ETH"", ""price_source"": ""BinanceCryptoTradeWebSocket"", ""market_active"": true, ""market_closed"": false, ""up_book_error"": null, ""binance_symbol"": ""ETHUSDT"", ""up_book_source"": ""clob_rest"", ""up_book_status"": ""found"", ""down_book_error"": null, ""market_archived"": false, ""down_book_source"": ""clob_rest"", ""down_book_status"": ""found"", ""market_accepting_orders"": true, ""market_enable_order_book"": true}"
ETH,2207352,0x81d8652bd46a3d92ee2b7930cb2c4792226f9c6ce8b78dc8aeeaf35d34c97b43,eth-updown-5m-1778392500,2026-05-10 08:55:00+03,2026-05-10 09:00:00+03,2026-05-10 08:59:23.746926+03,263.747,36.25307380,2327.42000000,2326.57000000,0.85000000,3.65344692,87185620801753728261255694060887071706773958494301138636759424716451091841469,0.99000000,,,0.99000000,bid_only,clob_rest,1872.84370000,58494204084584794372010519501700928719397917538262007971034083351631812302987,,0.01000000,,0.01000000,ask_only,clob_rest,1960.53760000,"{""asset_symbol"": ""ETH"", ""price_source"": ""BinanceCryptoTradeWebSocket"", ""market_active"": true, ""market_closed"": false, ""up_book_error"": null, ""binance_symbol"": ""ETHUSDT"", ""up_book_source"": ""clob_rest"", ""up_book_status"": ""found"", ""down_book_error"": null, ""market_archived"": false, ""down_book_source"": ""clob_rest"", ""down_book_status"": ""found"", ""market_accepting_orders"": true, ""market_enable_order_book"": true}"
ETH,2207352,0x81d8652bd46a3d92ee2b7930cb2c4792226f9c6ce8b78dc8aeeaf35d34c97b43,eth-updown-5m-1778392500,2026-05-10 08:55:00+03,2026-05-10 09:00:00+03,2026-05-10 08:59:29.729139+03,269.729,30.27086040,2327.42000000,2326.57000000,0.85000000,3.65344692,87185620801753728261255694060887071706773958494301138636759424716451091841469,0.99000000,,,0.99000000,bid_only,clob_rest,2903.07690000,58494204084584794372010519501700928719397917538262007971034083351631812302987,,0.01000000,,0.01000000,ask_only,clob_rest,2976.49580000,"{""asset_symbol"": ""ETH"", ""price_source"": ""BinanceCryptoTradeWebSocket"", ""market_active"": true, ""market_closed"": false, ""up_book_error"": null, ""binance_symbol"": ""ETHUSDT"", ""up_book_source"": ""clob_rest"", ""up_book_status"": ""found"", ""down_book_error"": null, ""market_archived"": false, ""down_book_source"": ""clob_rest"", ""down_book_status"": ""found"", ""market_accepting_orders"": true, ""market_enable_order_book"": true}"
ETH,2207352,0x81d8652bd46a3d92ee2b7930cb2c4792226f9c6ce8b78dc8aeeaf35d34c97b43,eth-updown-5m-1778392500,2026-05-10 08:55:00+03,2026-05-10 09:00:00+03,2026-05-10 08:59:35.619672+03,275.620,24.38032720,2327.42000000,2326.57000000,0.85000000,3.65344692,87185620801753728261255694060887071706773958494301138636759424716451091841469,0.99000000,,,0.99000000,bid_only,clob_rest,1117.43820000,58494204084584794372010519501700928719397917538262007971034083351631812302987,,0.01000000,,0.01000000,ask_only,clob_rest,1208.44720000,"{""asset_symbol"": ""ETH"", ""price_source"": ""BinanceCryptoTradeWebSocket"", ""market_active"": true, ""market_closed"": false, ""up_book_error"": null, ""binance_symbol"": ""ETHUSDT"", ""up_book_source"": ""clob_rest"", ""up_book_status"": ""found"", ""down_book_error"": null, ""market_archived"": false, ""down_book_source"": ""clob_rest"", ""down_book_status"": ""found"", ""market_accepting_orders"": true, ""market_enable_order_book"": true}"
ETH,2207352,0x81d8652bd46a3d92ee2b7930cb2c4792226f9c6ce8b78dc8aeeaf35d34c97b43,eth-updown-5m-1778392500,2026-05-10 08:55:00+03,2026-05-10 09:00:00+03,2026-05-10 08:59:41.549741+03,281.550,18.45025840,2327.41000000,2326.57000000,0.84000000,3.61046519,87185620801753728261255694060887071706773958494301138636759424716451091841469,0.99000000,,,0.99000000,bid_only,clob_rest,960.83150000,58494204084584794372010519501700928719397917538262007971034083351631812302987,,0.01000000,,0.01000000,ask_only,clob_rest,1027.53670000,"{""asset_symbol"": ""ETH"", ""price_source"": ""BinanceCryptoTradeWebSocket"", ""market_active"": true, ""market_closed"": false, ""up_book_error"": null, ""binance_symbol"": ""ETHUSDT"", ""up_book_source"": ""clob_rest"", ""up_book_status"": ""found"", ""down_book_error"": null, ""market_archived"": false, ""down_book_source"": ""clob_rest"", ""down_book_status"": ""found"", ""market_accepting_orders"": true, ""market_enable_order_book"": true}"
ETH,2207352,0x81d8652bd46a3d92ee2b7930cb2c4792226f9c6ce8b78dc8aeeaf35d34c97b43,eth-updown-5m-1778392500,2026-05-10 08:55:00+03,2026-05-10 09:00:00+03,2026-05-10 08:59:47.362188+03,287.362,12.63781180,2327.41000000,2326.57000000,0.84000000,3.61046519,87185620801753728261255694060887071706773958494301138636759424716451091841469,0.99000000,,,0.99000000,bid_only,clob_rest,1052.08120000,58494204084584794372010519501700928719397917538262007971034083351631812302987,,0.01000000,,0.01000000,ask_only,clob_rest,1119.73520000,"{""asset_symbol"": ""ETH"", ""price_source"": ""BinanceCryptoTradeWebSocket"", ""market_active"": true, ""market_closed"": false, ""up_book_error"": null, ""binance_symbol"": ""ETHUSDT"", ""up_book_source"": ""clob_rest"", ""up_book_status"": ""found"", ""down_book_error"": null, ""market_archived"": false, ""down_book_source"": ""clob_rest"", ""down_book_status"": ""found"", ""market_accepting_orders"": true, ""market_enable_order_book"": true}"
ETH,2207352,0x81d8652bd46a3d92ee2b7930cb2c4792226f9c6ce8b78dc8aeeaf35d34c97b43,eth-updown-5m-1778392500,2026-05-10 08:55:00+03,2026-05-10 09:00:00+03,2026-05-10 08:59:53.213957+03,293.214,6.78604240,2327.41000000,2326.57000000,0.84000000,3.61046519,87185620801753728261255694060887071706773958494301138636759424716451091841469,0.99000000,,,0.99000000,bid_only,clob_rest,1029.51820000,58494204084584794372010519501700928719397917538262007971034083351631812302987,,0.01000000,,0.01000000,ask_only,clob_rest,1118.19470000,"{""asset_symbol"": ""ETH"", ""price_source"": ""BinanceCryptoTradeWebSocket"", ""market_active"": true, ""market_closed"": false, ""up_book_error"": null, ""binance_symbol"": ""ETHUSDT"", ""up_book_source"": ""clob_rest"", ""up_book_status"": ""found"", ""down_book_error"": null, ""market_archived"": false, ""down_book_source"": ""clob_rest"", ""down_book_status"": ""found"", ""market_accepting_orders"": true, ""market_enable_order_book"": true}"
ETH,2207352,0x81d8652bd46a3d92ee2b7930cb2c4792226f9c6ce8b78dc8aeeaf35d34c97b43,eth-updown-5m-1778392500,2026-05-10 08:55:00+03,2026-05-10 09:00:00+03,2026-05-10 08:59:59.10916+03,299.109,0.89083930,2327.30000000,2326.57000000,0.73000000,3.13766618,87185620801753728261255694060887071706773958494301138636759424716451091841469,0.99000000,,,0.99000000,bid_only,clob_rest,783.69960000,58494204084584794372010519501700928719397917538262007971034083351631812302987,,0.01000000,,0.01000000,ask_only,clob_rest,847.30320000,"{""asset_symbol"": ""ETH"", ""price_source"": ""BinanceCryptoTradeWebSocket"", ""market_active"": true, ""market_closed"": false, ""up_book_error"": null, ""binance_symbol"": ""ETHUSDT"", ""up_book_source"": ""clob_rest"", ""up_book_status"": ""found"", ""down_book_error"": null, ""market_archived"": false, ""down_book_source"": ""clob_rest"", ""down_book_status"": ""found"", ""market_accepting_orders"": true, ""market_enable_order_book"": true}"
ETH,2207366,0xef48ebd331e37e1df34cc1f720b242eb5389268c884cf2e9bb1502720c2a82a9,eth-updown-5m-1778392800,2026-05-10 09:00:00+03,2026-05-10 09:05:00+03,2026-05-10 09:00:04.75846+03,4.758,295.24153980,2327.31000000,2327.31000000,0.00000000,0.00000000,13782886928195295324683195934137142747125763430740042617218560165087680578485,0.55000000,0.56000000,0.55500000,0.55500000,mid,clob_rest,756.00310000,15868983393841563501871064140465346026070182549411334368203147869270925661986,0.44000000,0.45000000,0.44500000,0.44500000,mid,clob_rest,846.11420000,"{""asset_symbol"": ""ETH"", ""price_source"": ""BinanceCryptoTradeWebSocket"", ""market_active"": true, ""market_closed"": false, ""up_book_error"": null, ""binance_symbol"": ""ETHUSDT"", ""up_book_source"": ""clob_rest"", ""up_book_status"": ""found"", ""down_book_error"": null, ""market_archived"": false, ""down_book_source"": ""clob_rest"", ""down_book_status"": ""found"", ""market_accepting_orders"": true, ""market_enable_order_book"": true}"
ETH,2207366,0xef48ebd331e37e1df34cc1f720b242eb5389268c884cf2e9bb1502720c2a82a9,eth-updown-5m-1778392800,2026-05-10 09:00:00+03,2026-05-10 09:05:00+03,2026-05-10 09:00:10.619703+03,10.620,289.38029630,2327.43000000,2327.31000000,0.12000000,0.51561674,13782886928195295324683195934137142747125763430740042617218560165087680578485,0.51000000,0.55000000,0.53000000,0.53000000,mid,clob_rest,797.55430000,15868983393841563501871064140465346026070182549411334368203147869270925661986,0.45000000,0.49000000,0.47000000,0.47000000,mid,clob_rest,763.27060000,"{""asset_symbol"": ""ETH"", ""price_source"": ""BinanceCryptoTradeWebSocket"", ""market_active"": true, ""market_closed"": false, ""up_book_error"": null, ""binance_symbol"": ""ETHUSDT"", ""up_book_source"": ""clob_rest"", ""up_book_status"": ""found"", ""down_book_error"": null, ""market_archived"": false, ""down_book_source"": ""clob_rest"", ""down_book_status"": ""found"", ""market_accepting_orders"": true, ""market_enable_order_book"": true}"
ETH,2207366,0xef48ebd331e37e1df34cc1f720b242eb5389268c884cf2e9bb1502720c2a82a9,eth-updown-5m-1778392800,2026-05-10 09:00:00+03,2026-05-10 09:05:00+03,2026-05-10 09:00:16.598074+03,16.598,283.40192520,2327.16000000,2327.31000000,-0.15000000,-0.64452093,13782886928195295324683195934137142747125763430740042617218560165087680578485,0.49000000,0.53000000,0.51000000,0.51000000,mid,clob_rest,745.06640000,15868983393841563501871064140465346026070182549411334368203147869270925661986,0.47000000,0.51000000,0.49000000,0.49000000,mid,clob_rest,739.08060000,"{""asset_symbol"": ""ETH"", ""price_source"": ""BinanceCryptoTradeWebSocket"", ""market_active"": true, ""market_closed"": false, ""up_book_error"": null, ""binance_symbol"": ""ETHUSDT"", ""up_book_source"": ""clob_rest"", ""up_book_status"": ""found"", ""down_book_error"": null, ""market_archived"": false, ""down_book_source"": ""clob_rest"", ""down_book_status"": ""found"", ""market_accepting_orders"": true, ""market_enable_order_book"": true}"
ETH,2207366,0xef48ebd331e37e1df34cc1f720b242eb5389268c884cf2e9bb1502720c2a82a9,eth-updown-5m-1778392800,2026-05-10 09:00:00+03,2026-05-10 09:05:00+03,2026-05-10 09:00:22.485083+03,22.485,277.51491620,2327.15000000,2327.31000000,-0.16000000,-0.68748899,13782886928195295324683195934137142747125763430740042617218560165087680578485,0.52000000,0.54000000,0.53000000,0.53000000,mid,clob_rest,805.00240000,15868983393841563501871064140465346026070182549411334368203147869270925661986,0.46000000,0.49000000,0.47500000,0.47500000,mid,clob_rest,785.16700000,"{""asset_symbol"": ""ETH"", ""price_source"": ""BinanceCryptoTradeWebSocket"", ""market_active"": true, ""market_closed"": false, ""up_book_error"": null, ""binance_symbol"": ""ETHUSDT"", ""up_book_source"": ""clob_rest"", ""up_book_status"": ""found"", ""down_book_error"": null, ""market_archived"": false, ""down_book_source"": ""clob_rest"", ""down_book_status"": ""found"", ""market_accepting_orders"": true, ""market_enable_order_book"": true}"
ETH,2207366,0xef48ebd331e37e1df34cc1f720b242eb5389268c884cf2e9bb1502720c2a82a9,eth-updown-5m-1778392800,2026-05-10 09:00:00+03,2026-05-10 09:05:00+03,2026-05-10 09:00:28.269604+03,28.270,271.73039570,2327.80000000,2327.31000000,0.49000000,2.10543503,13782886928195295324683195934137142747125763430740042617218560165087680578485,0.68000000,0.72000000,0.70000000,0.70000000,mid,clob_rest,765.21200000,15868983393841563501871064140465346026070182549411334368203147869270925661986,0.28000000,0.32000000,0.30000000,0.30000000,mid,clob_rest,842.58520000,"{""asset_symbol"": ""ETH"", ""price_source"": ""BinanceCryptoTradeWebSocket"", ""market_active"": true, ""market_closed"": false, ""up_book_error"": null, ""binance_symbol"": ""ETHUSDT"", ""up_book_source"": ""clob_rest"", ""up_book_status"": ""found"", ""down_book_error"": null, ""market_archived"": false, ""down_book_source"": ""clob_rest"", ""down_book_status"": ""found"", ""market_accepting_orders"": true, ""market_enable_order_book"": true}"
ETH,2207366,0xef48ebd331e37e1df34cc1f720b242eb5389268c884cf2e9bb1502720c2a82a9,eth-updown-5m-1778392800,2026-05-10 09:00:00+03,2026-05-10 09:05:00+03,2026-05-10 09:00:34.139434+03,34.139,265.86056560,2327.80000000,2327.31000000,0.49000000,2.10543503,13782886928195295324683195934137142747125763430740042617218560165087680578485,0.73000000,0.74000000,0.73500000,0.73500000,mid,clob_rest,737.19180000,15868983393841563501871064140465346026070182549411334368203147869270925661986,0.26000000,0.27000000,0.26500000,0.26500000,mid,clob_rest,750.35980000,"{""asset_symbol"": ""ETH"", ""price_source"": ""BinanceCryptoTradeWebSocket"", ""market_active"": true, ""market_closed"": false, ""up_book_error"": null, ""binance_symbol"": ""ETHUSDT"", ""up_book_source"": ""clob_rest"", ""up_book_status"": ""found"", ""down_book_error"": null, ""market_archived"": false, ""down_book_source"": ""clob_rest"", ""down_book_status"": ""found"", ""market_accepting_orders"": true, ""market_enable_order_book"": true}"
ETH,2207366,0xef48ebd331e37e1df34cc1f720b242eb5389268c884cf2e9bb1502720c2a82a9,eth-updown-5m-1778392800,2026-05-10 09:00:00+03,2026-05-10 09:05:00+03,2026-05-10 09:00:39.964741+03,39.965,260.03525830,2327.81000000,2327.31000000,0.50000000,2.14840309,13782886928195295324683195934137142747125763430740042617218560165087680578485,0.69000000,0.73000000,0.71000000,0.71000000,mid,clob_rest,780.62200000,15868983393841563501871064140465346026070182549411334368203147869270925661986,0.27000000,0.31000000,0.29000000,0.29000000,mid,clob_rest,780.73310000,"{""asset_symbol"": ""ETH"", ""price_source"": ""BinanceCryptoTradeWebSocket"", ""market_active"": true, ""market_closed"": false, ""up_book_error"": null, ""binance_symbol"": ""ETHUSDT"", ""up_book_source"": ""clob_rest"", ""up_book_status"": ""found"", ""down_book_error"": null, ""market_archived"": false, ""down_book_source"": ""clob_rest"", ""down_book_status"": ""found"", ""market_accepting_orders"": true, ""market_enable_order_book"": true}"
ETH,2207366,0xef48ebd331e37e1df34cc1f720b242eb5389268c884cf2e9bb1502720c2a82a9,eth-updown-5m-1778392800,2026-05-10 09:00:00+03,2026-05-10 09:05:00+03,2026-05-10 09:00:45.847839+03,45.848,254.15216070,2328.35000000,2327.31000000,1.04000000,4.46867843,13782886928195295324683195934137142747125763430740042617218560165087680578485,0.83000000,0.84000000,0.83500000,0.83500000,mid,clob_rest,781.04150000,15868983393841563501871064140465346026070182549411334368203147869270925661986,0.16000000,0.17000000,0.16500000,0.16500000,mid,clob_rest,846.67160000,"{""asset_symbol"": ""ETH"", ""price_source"": ""BinanceCryptoTradeWebSocket"", ""market_active"": true, ""market_closed"": false, ""up_book_error"": null, ""binance_symbol"": ""ETHUSDT"", ""up_book_source"": ""clob_rest"", ""up_book_status"": ""found"", ""down_book_error"": null, ""market_archived"": false, ""down_book_source"": ""clob_rest"", ""down_book_status"": ""found"", ""market_accepting_orders"": true, ""market_enable_order_book"": true}"
ETH,2207366,0xef48ebd331e37e1df34cc1f720b242eb5389268c884cf2e9bb1502720c2a82a9,eth-updown-5m-1778392800,2026-05-10 09:00:00+03,2026-05-10 09:05:00+03,2026-05-10 09:00:51.704908+03,51.705,248.29509180,2328.36000000,2327.31000000,1.05000000,4.51164649,13782886928195295324683195934137142747125763430740042617218560165087680578485,0.83000000,0.84000000,0.83500000,0.83500000,mid,clob_rest,744.22860000,15868983393841563501871064140465346026070182549411334368203147869270925661986,0.16000000,0.17000000,0.16500000,0.16500000,mid,clob_rest,767.67190000,"{""asset_symbol"": ""ETH"", ""price_source"": ""BinanceCryptoTradeWebSocket"", ""market_active"": true, ""market_closed"": false, ""up_book_error"": null, ""binance_symbol"": ""ETHUSDT"", ""up_book_source"": ""clob_rest"", ""up_book_status"": ""found"", ""down_book_error"": null, ""market_archived"": false, ""down_book_source"": ""clob_rest"", ""down_book_status"": ""found"", ""market_accepting_orders"": true, ""market_enable_order_book"": true}"
ETH,2207366,0xef48ebd331e37e1df34cc1f720b242eb5389268c884cf2e9bb1502720c2a82a9,eth-updown-5m-1778392800,2026-05-10 09:00:00+03,2026-05-10 09:05:00+03,2026-05-10 09:00:57.540888+03,57.541,242.45911170,2328.35000000,2327.31000000,1.04000000,4.46867843,13782886928195295324683195934137142747125763430740042617218560165087680578485,0.83000000,0.84000000,0.83500000,0.83500000,mid,clob_rest,742.89520000,15868983393841563501871064140465346026070182549411334368203147869270925661986,0.16000000,0.17000000,0.16500000,0.16500000,mid,clob_rest,771.46800000,"{""asset_symbol"": ""ETH"", ""price_source"": ""BinanceCryptoTradeWebSocket"", ""market_active"": true, ""market_closed"": false, ""up_book_error"": null, ""binance_symbol"": ""ETHUSDT"", ""up_book_source"": ""clob_rest"", ""up_book_status"": ""found"", ""down_book_error"": null, ""market_archived"": false, ""down_book_source"": ""clob_rest"", ""down_book_status"": ""found"", ""market_accepting_orders"": true, ""market_enable_order_book"": true}"
ETH,2207366,0xef48ebd331e37e1df34cc1f720b242eb5389268c884cf2e9bb1502720c2a82a9,eth-updown-5m-1778392800,2026-05-10 09:00:00+03,2026-05-10 09:05:00+03,2026-05-10 09:01:03.383439+03,63.383,236.61656080,2328.36000000,2327.31000000,1.05000000,4.51164649,13782886928195295324683195934137142747125763430740042617218560165087680578485,0.82000000,0.83000000,0.82500000,0.82500000,mid,clob_rest,751.86140000,15868983393841563501871064140465346026070182549411334368203147869270925661986,0.17000000,0.18000000,0.17500000,0.17500000,mid,clob_rest,814.37060000,"{""asset_symbol"": ""ETH"", ""price_source"": ""BinanceCryptoTradeWebSocket"", ""market_active"": true, ""market_closed"": false, ""up_book_error"": null, ""binance_symbol"": ""ETHUSDT"", ""up_book_source"": ""clob_rest"", ""up_book_status"": ""found"", ""down_book_error"": null, ""market_archived"": false, ""down_book_source"": ""clob_rest"", ""down_book_status"": ""found"", ""market_accepting_orders"": true, ""market_enable_order_book"": true}"
ETH,2207366,0xef48ebd331e37e1df34cc1f720b242eb5389268c884cf2e9bb1502720c2a82a9,eth-updown-5m-1778392800,2026-05-10 09:00:00+03,2026-05-10 09:05:00+03,2026-05-10 09:01:09.223064+03,69.223,230.77693520,2328.60000000,2327.31000000,1.29000000,5.54287998,13782886928195295324683195934137142747125763430740042617218560165087680578485,0.89000000,0.90000000,0.89500000,0.89500000,mid,clob_rest,751.84260000,15868983393841563501871064140465346026070182549411334368203147869270925661986,0.10000000,0.11000000,0.10500000,0.10500000,mid,clob_rest,800.76840000,"{""asset_symbol"": ""ETH"", ""price_source"": ""BinanceCryptoTradeWebSocket"", ""market_active"": true, ""market_closed"": false, ""up_book_error"": null, ""binance_symbol"": ""ETHUSDT"", ""up_book_source"": ""clob_rest"", ""up_book_status"": ""found"", ""down_book_error"": null, ""market_archived"": false, ""down_book_source"": ""clob_rest"", ""down_book_status"": ""found"", ""market_accepting_orders"": true, ""market_enable_order_book"": true}"
ETH,2207366,0xef48ebd331e37e1df34cc1f720b242eb5389268c884cf2e9bb1502720c2a82a9,eth-updown-5m-1778392800,2026-05-10 09:00:00+03,2026-05-10 09:05:00+03,2026-05-10 09:01:14.987376+03,74.987,225.01262340,2328.60000000,2327.31000000,1.29000000,5.54287998,13782886928195295324683195934137142747125763430740042617218560165087680578485,0.89000000,0.90000000,0.89500000,0.89500000,mid,clob_rest,770.97490000,15868983393841563501871064140465346026070182549411334368203147869270925661986,0.10000000,0.11000000,0.10500000,0.10500000,mid,clob_rest,774.61790000,"{""asset_symbol"": ""ETH"", ""price_source"": ""BinanceCryptoTradeWebSocket"", ""market_active"": true, ""market_closed"": false, ""up_book_error"": null, ""binance_symbol"": ""ETHUSDT"", ""up_book_source"": ""clob_rest"", ""up_book_status"": ""found"", ""down_book_error"": null, ""market_archived"": false, ""down_book_source"": ""clob_rest"", ""down_book_status"": ""found"", ""market_accepting_orders"": true, ""market_enable_order_book"": true}"
ETH,2207366,0xef48ebd331e37e1df34cc1f720b242eb5389268c884cf2e9bb1502720c2a82a9,eth-updown-5m-1778392800,2026-05-10 09:00:00+03,2026-05-10 09:05:00+03,2026-05-10 09:01:20.690674+03,80.691,219.30932510,2328.54000000,2327.31000000,1.23000000,5.28507161,13782886928195295324683195934137142747125763430740042617218560165087680578485,0.83000000,0.84000000,0.83500000,0.83500000,mid,clob_rest,742.76300000,15868983393841563501871064140465346026070182549411334368203147869270925661986,0.16000000,0.17000000,0.16500000,0.16500000,mid,clob_rest,832.03380000,"{""asset_symbol"": ""ETH"", ""price_source"": ""BinanceCryptoTradeWebSocket"", ""market_active"": true, ""market_closed"": false, ""up_book_error"": null, ""binance_symbol"": ""ETHUSDT"", ""up_book_source"": ""clob_rest"", ""up_book_status"": ""found"", ""down_book_error"": null, ""market_archived"": false, ""down_book_source"": ""clob_rest"", ""down_book_status"": ""found"", ""market_accepting_orders"": true, ""market_enable_order_book"": true}"
ETH,2207366,0xef48ebd331e37e1df34cc1f720b242eb5389268c884cf2e9bb1502720c2a82a9,eth-updown-5m-1778392800,2026-05-10 09:00:00+03,2026-05-10 09:05:00+03,2026-05-10 09:01:26.561721+03,86.562,213.43827900,2328.54000000,2327.31000000,1.23000000,5.28507161,13782886928195295324683195934137142747125763430740042617218560165087680578485,0.83000000,0.84000000,0.83500000,0.83500000,mid,clob_rest,792.92040000,15868983393841563501871064140465346026070182549411334368203147869270925661986,0.16000000,0.17000000,0.16500000,0.16500000,mid,clob_rest,804.62380000,"{""asset_symbol"": ""ETH"", ""price_source"": ""BinanceCryptoTradeWebSocket"", ""market_active"": true, ""market_closed"": false, ""up_book_error"": null, ""binance_symbol"": ""ETHUSDT"", ""up_book_source"": ""clob_rest"", ""up_book_status"": ""found"", ""down_book_error"": null, ""market_archived"": false, ""down_book_source"": ""clob_rest"", ""down_book_status"": ""found"", ""market_accepting_orders"": true, ""market_enable_order_book"": true}"
ETH,2207366,0xef48ebd331e37e1df34cc1f720b242eb5389268c884cf2e9bb1502720c2a82a9,eth-updown-5m-1778392800,2026-05-10 09:00:00+03,2026-05-10 09:05:00+03,2026-05-10 09:01:32.493998+03,92.494,207.50600180,2328.52000000,2327.31000000,1.21000000,5.19913548,13782886928195295324683195934137142747125763430740042617218560165087680578485,0.83000000,0.84000000,0.83500000,0.83500000,mid,clob_rest,865.14630000,15868983393841563501871064140465346026070182549411334368203147869270925661986,0.16000000,0.17000000,0.16500000,0.16500000,mid,clob_rest,979.76480000,"{""asset_symbol"": ""ETH"", ""price_source"": ""BinanceCryptoTradeWebSocket"", ""market_active"": true, ""market_closed"": false, ""up_book_error"": null, ""binance_symbol"": ""ETHUSDT"", ""up_book_source"": ""clob_rest"", ""up_book_status"": ""found"", ""down_book_error"": null, ""market_archived"": false, ""down_book_source"": ""clob_rest"", ""down_book_status"": ""found"", ""market_accepting_orders"": true, ""market_enable_order_book"": true}"
ETH,2207366,0xef48ebd331e37e1df34cc1f720b242eb5389268c884cf2e9bb1502720c2a82a9,eth-updown-5m-1778392800,2026-05-10 09:00:00+03,2026-05-10 09:05:00+03,2026-05-10 09:01:38.456041+03,98.456,201.54395840,2328.77000000,2327.31000000,1.46000000,6.27333703,13782886928195295324683195934137142747125763430740042617218560165087680578485,0.92000000,0.93000000,0.92500000,0.92500000,mid,clob_rest,866.15090000,15868983393841563501871064140465346026070182549411334368203147869270925661986,0.07000000,0.08000000,0.07500000,0.07500000,mid,clob_rest,756.97040000,"{""asset_symbol"": ""ETH"", ""price_source"": ""BinanceCryptoTradeWebSocket"", ""market_active"": true, ""market_closed"": false, ""up_book_error"": null, ""binance_symbol"": ""ETHUSDT"", ""up_book_source"": ""clob_rest"", ""up_book_status"": ""found"", ""down_book_error"": null, ""market_archived"": false, ""down_book_source"": ""clob_rest"", ""down_book_status"": ""found"", ""market_accepting_orders"": true, ""market_enable_order_book"": true}"
ETH,2207366,0xef48ebd331e37e1df34cc1f720b242eb5389268c884cf2e9bb1502720c2a82a9,eth-updown-5m-1778392800,2026-05-10 09:00:00+03,2026-05-10 09:05:00+03,2026-05-10 09:01:44.23035+03,104.230,195.76964950,2328.78000000,2327.31000000,1.47000000,6.31630509,13782886928195295324683195934137142747125763430740042617218560165087680578485,0.92000000,0.93000000,0.92500000,0.92500000,mid,clob_rest,771.83470000,15868983393841563501871064140465346026070182549411334368203147869270925661986,0.07000000,0.08000000,0.07500000,0.07500000,mid,clob_rest,794.20140000,"{""asset_symbol"": ""ETH"", ""price_source"": ""BinanceCryptoTradeWebSocket"", ""market_active"": true, ""market_closed"": false, ""up_book_error"": null, ""binance_symbol"": ""ETHUSDT"", ""up_book_source"": ""clob_rest"", ""up_book_status"": ""found"", ""down_book_error"": null, ""market_archived"": false, ""down_book_source"": ""clob_rest"", ""down_book_status"": ""found"", ""market_accepting_orders"": true, ""market_enable_order_book"": true}"
ETH,2207366,0xef48ebd331e37e1df34cc1f720b242eb5389268c884cf2e9bb1502720c2a82a9,eth-updown-5m-1778392800,2026-05-10 09:00:00+03,2026-05-10 09:05:00+03,2026-05-10 09:01:50.145379+03,110.145,189.85462100,2328.77000000,2327.31000000,1.46000000,6.27333703,13782886928195295324683195934137142747125763430740042617218560165087680578485,0.91000000,0.92000000,0.91500000,0.91500000,mid,clob_rest,739.06430000,15868983393841563501871064140465346026070182549411334368203147869270925661986,0.08000000,0.09000000,0.08500000,0.08500000,mid,clob_rest,764.73840000,"{""asset_symbol"": ""ETH"", ""price_source"": ""BinanceCryptoTradeWebSocket"", ""market_active"": true, ""market_closed"": false, ""up_book_error"": null, ""binance_symbol"": ""ETHUSDT"", ""up_book_source"": ""clob_rest"", ""up_book_status"": ""found"", ""down_book_error"": null, ""market_archived"": false, ""down_book_source"": ""clob_rest"", ""down_book_status"": ""found"", ""market_accepting_orders"": true, ""market_enable_order_book"": true}"
ETH,2207366,0xef48ebd331e37e1df34cc1f720b242eb5389268c884cf2e9bb1502720c2a82a9,eth-updown-5m-1778392800,2026-05-10 09:00:00+03,2026-05-10 09:05:00+03,2026-05-10 09:01:55.955116+03,115.955,184.04488370,2328.78000000,2327.31000000,1.47000000,6.31630509,13782886928195295324683195934137142747125763430740042617218560165087680578485,0.91000000,0.92000000,0.91500000,0.91500000,mid,clob_rest,764.99360000,15868983393841563501871064140465346026070182549411334368203147869270925661986,0.08000000,0.09000000,0.08500000,0.08500000,mid,clob_rest,748.11060000,"{""asset_symbol"": ""ETH"", ""price_source"": ""BinanceCryptoTradeWebSocket"", ""market_active"": true, ""market_closed"": false, ""up_book_error"": null, ""binance_symbol"": ""ETHUSDT"", ""up_book_source"": ""clob_rest"", ""up_book_status"": ""found"", ""down_book_error"": null, ""market_archived"": false, ""down_book_source"": ""clob_rest"", ""down_book_status"": ""found"", ""market_accepting_orders"": true, ""market_enable_order_book"": true}"
ETH,2207366,0xef48ebd331e37e1df34cc1f720b242eb5389268c884cf2e9bb1502720c2a82a9,eth-updown-5m-1778392800,2026-05-10 09:00:00+03,2026-05-10 09:05:00+03,2026-05-10 09:02:01.763359+03,121.763,178.23664080,2328.77000000,2327.31000000,1.46000000,6.27333703,13782886928195295324683195934137142747125763430740042617218560165087680578485,0.91000000,0.92000000,0.91500000,0.91500000,mid,clob_rest,773.26620000,15868983393841563501871064140465346026070182549411334368203147869270925661986,0.08000000,0.09000000,0.08500000,0.08500000,mid,clob_rest,794.78760000,"{""asset_symbol"": ""ETH"", ""price_source"": ""BinanceCryptoTradeWebSocket"", ""market_active"": true, ""market_closed"": false, ""up_book_error"": null, ""binance_symbol"": ""ETHUSDT"", ""up_book_source"": ""clob_rest"", ""up_book_status"": ""found"", ""down_book_error"": null, ""market_archived"": false, ""down_book_source"": ""clob_rest"", ""down_book_status"": ""found"", ""market_accepting_orders"": true, ""market_enable_order_book"": true}"
ETH,2207366,0xef48ebd331e37e1df34cc1f720b242eb5389268c884cf2e9bb1502720c2a82a9,eth-updown-5m-1778392800,2026-05-10 09:00:00+03,2026-05-10 09:05:00+03,2026-05-10 09:02:07.704002+03,127.704,172.29599760,2328.77000000,2327.31000000,1.46000000,6.27333703,13782886928195295324683195934137142747125763430740042617218560165087680578485,0.94000000,0.95000000,0.94500000,0.94500000,mid,clob_rest,753.31810000,15868983393841563501871064140465346026070182549411334368203147869270925661986,0.05000000,0.06000000,0.05500000,0.05500000,mid,clob_rest,744.08390000,"{""asset_symbol"": ""ETH"", ""price_source"": ""BinanceCryptoTradeWebSocket"", ""market_active"": true, ""market_closed"": false, ""up_book_error"": null, ""binance_symbol"": ""ETHUSDT"", ""up_book_source"": ""clob_rest"", ""up_book_status"": ""found"", ""down_book_error"": null, ""market_archived"": false, ""down_book_source"": ""clob_rest"", ""down_book_status"": ""found"", ""market_accepting_orders"": true, ""market_enable_order_book"": true}"
ETH,2207366,0xef48ebd331e37e1df34cc1f720b242eb5389268c884cf2e9bb1502720c2a82a9,eth-updown-5m-1778392800,2026-05-10 09:00:00+03,2026-05-10 09:05:00+03,2026-05-10 09:02:13.612065+03,133.612,166.38793410,2328.78000000,2327.31000000,1.47000000,6.31630509,13782886928195295324683195934137142747125763430740042617218560165087680578485,0.94000000,0.95000000,0.94500000,0.94500000,mid,clob_rest,866.43780000,15868983393841563501871064140465346026070182549411334368203147869270925661986,0.05000000,0.06000000,0.05500000,0.05500000,mid,clob_rest,770.13480000,"{""asset_symbol"": ""ETH"", ""price_source"": ""BinanceCryptoTradeWebSocket"", ""market_active"": true, ""market_closed"": false, ""up_book_error"": null, ""binance_symbol"": ""ETHUSDT"", ""up_book_source"": ""clob_rest"", ""up_book_status"": ""found"", ""down_book_error"": null, ""market_archived"": false, ""down_book_source"": ""clob_rest"", ""down_book_status"": ""found"", ""market_accepting_orders"": true, ""market_enable_order_book"": true}"
ETH,2207366,0xef48ebd331e37e1df34cc1f720b242eb5389268c884cf2e9bb1502720c2a82a9,eth-updown-5m-1778392800,2026-05-10 09:00:00+03,2026-05-10 09:05:00+03,2026-05-10 09:02:19.331509+03,139.332,160.66849060,2328.77000000,2327.31000000,1.46000000,6.27333703,13782886928195295324683195934137142747125763430740042617218560165087680578485,0.94000000,0.95000000,0.94500000,0.94500000,mid,clob_rest,755.43980000,15868983393841563501871064140465346026070182549411334368203147869270925661986,0.05000000,0.06000000,0.05500000,0.05500000,mid,clob_rest,772.68040000,"{""asset_symbol"": ""ETH"", ""price_source"": ""BinanceCryptoTradeWebSocket"", ""market_active"": true, ""market_closed"": false, ""up_book_error"": null, ""binance_symbol"": ""ETHUSDT"", ""up_book_source"": ""clob_rest"", ""up_book_status"": ""found"", ""down_book_error"": null, ""market_archived"": false, ""down_book_source"": ""clob_rest"", ""down_book_status"": ""found"", ""market_accepting_orders"": true, ""market_enable_order_book"": true}"
ETH,2207366,0xef48ebd331e37e1df34cc1f720b242eb5389268c884cf2e9bb1502720c2a82a9,eth-updown-5m-1778392800,2026-05-10 09:00:00+03,2026-05-10 09:05:00+03,2026-05-10 09:02:24.943462+03,144.943,155.05653720,2328.77000000,2327.31000000,1.46000000,6.27333703,13782886928195295324683195934137142747125763430740042617218560165087680578485,0.94000000,0.95000000,0.94500000,0.94500000,mid,clob_rest,747.61510000,15868983393841563501871064140465346026070182549411334368203147869270925661986,0.05000000,0.06000000,0.05500000,0.05500000,mid,clob_rest,777.93330000,"{""asset_symbol"": ""ETH"", ""price_source"": ""BinanceCryptoTradeWebSocket"", ""market_active"": true, ""market_closed"": false, ""up_book_error"": null, ""binance_symbol"": ""ETHUSDT"", ""up_book_source"": ""clob_rest"", ""up_book_status"": ""found"", ""down_book_error"": null, ""market_archived"": false, ""down_book_source"": ""clob_rest"", ""down_book_status"": ""found"", ""market_accepting_orders"": true, ""market_enable_order_book"": true}"
ETH,2207366,0xef48ebd331e37e1df34cc1f720b242eb5389268c884cf2e9bb1502720c2a82a9,eth-updown-5m-1778392800,2026-05-10 09:00:00+03,2026-05-10 09:05:00+03,2026-05-10 09:02:30.681457+03,150.681,149.31854290,2328.77000000,2327.31000000,1.46000000,6.27333703,13782886928195295324683195934137142747125763430740042617218560165087680578485,0.94000000,0.95000000,0.94500000,0.94500000,mid,clob_rest,747.26230000,15868983393841563501871064140465346026070182549411334368203147869270925661986,0.05000000,0.06000000,0.05500000,0.05500000,mid,clob_rest,743.71720000,"{""asset_symbol"": ""ETH"", ""price_source"": ""BinanceCryptoTradeWebSocket"", ""market_active"": true, ""market_closed"": false, ""up_book_error"": null, ""binance_symbol"": ""ETHUSDT"", ""up_book_source"": ""clob_rest"", ""up_book_status"": ""found"", ""down_book_error"": null, ""market_archived"": false, ""down_book_source"": ""clob_rest"", ""down_book_status"": ""found"", ""market_accepting_orders"": true, ""market_enable_order_book"": true}"
ETH,2207366,0xef48ebd331e37e1df34cc1f720b242eb5389268c884cf2e9bb1502720c2a82a9,eth-updown-5m-1778392800,2026-05-10 09:00:00+03,2026-05-10 09:05:00+03,2026-05-10 09:02:36.374503+03,156.375,143.62549660,2328.77000000,2327.31000000,1.46000000,6.27333703,13782886928195295324683195934137142747125763430740042617218560165087680578485,0.95000000,0.96000000,0.95500000,0.95500000,mid,clob_rest,754.14830000,15868983393841563501871064140465346026070182549411334368203147869270925661986,0.04000000,0.05000000,0.04500000,0.04500000,mid,clob_rest,746.07330000,"{""asset_symbol"": ""ETH"", ""price_source"": ""BinanceCryptoTradeWebSocket"", ""market_active"": true, ""market_closed"": false, ""up_book_error"": null, ""binance_symbol"": ""ETHUSDT"", ""up_book_source"": ""clob_rest"", ""up_book_status"": ""found"", ""down_book_error"": null, ""market_archived"": false, ""down_book_source"": ""clob_rest"", ""down_book_status"": ""found"", ""market_accepting_orders"": true, ""market_enable_order_book"": true}"
ETH,2207366,0xef48ebd331e37e1df34cc1f720b242eb5389268c884cf2e9bb1502720c2a82a9,eth-updown-5m-1778392800,2026-05-10 09:00:00+03,2026-05-10 09:05:00+03,2026-05-10 09:02:42.124097+03,162.124,137.87590260,2328.77000000,2327.31000000,1.46000000,6.27333703,13782886928195295324683195934137142747125763430740042617218560165087680578485,0.95000000,0.96000000,0.95500000,0.95500000,mid,clob_rest,806.25510000,15868983393841563501871064140465346026070182549411334368203147869270925661986,0.04000000,0.05000000,0.04500000,0.04500000,mid,clob_rest,817.67170000,"{""asset_symbol"": ""ETH"", ""price_source"": ""BinanceCryptoTradeWebSocket"", ""market_active"": true, ""market_closed"": false, ""up_book_error"": null, ""binance_symbol"": ""ETHUSDT"", ""up_book_source"": ""clob_rest"", ""up_book_status"": ""found"", ""down_book_error"": null, ""market_archived"": false, ""down_book_source"": ""clob_rest"", ""down_book_status"": ""found"", ""market_accepting_orders"": true, ""market_enable_order_book"": true}"
ETH,2207366,0xef48ebd331e37e1df34cc1f720b242eb5389268c884cf2e9bb1502720c2a82a9,eth-updown-5m-1778392800,2026-05-10 09:00:00+03,2026-05-10 09:05:00+03,2026-05-10 09:02:48.116383+03,168.116,131.88361690,2328.77000000,2327.31000000,1.46000000,6.27333703,13782886928195295324683195934137142747125763430740042617218560165087680578485,0.97000000,0.98000000,0.97500000,0.97500000,mid,clob_rest,764.39910000,15868983393841563501871064140465346026070182549411334368203147869270925661986,0.02000000,0.03000000,0.02500000,0.02500000,mid,clob_rest,754.45080000,"{""asset_symbol"": ""ETH"", ""price_source"": ""BinanceCryptoTradeWebSocket"", ""market_active"": true, ""market_closed"": false, ""up_book_error"": null, ""binance_symbol"": ""ETHUSDT"", ""up_book_source"": ""clob_rest"", ""up_book_status"": ""found"", ""down_book_error"": null, ""market_archived"": false, ""down_book_source"": ""clob_rest"", ""down_book_status"": ""found"", ""market_accepting_orders"": true, ""market_enable_order_book"": true}"
ETH,2207366,0xef48ebd331e37e1df34cc1f720b242eb5389268c884cf2e9bb1502720c2a82a9,eth-updown-5m-1778392800,2026-05-10 09:00:00+03,2026-05-10 09:05:00+03,2026-05-10 09:02:53.799712+03,173.800,126.20028800,2328.57000000,2327.31000000,1.26000000,5.41397579,13782886928195295324683195934137142747125763430740042617218560165087680578485,0.97000000,0.98000000,0.97500000,0.97500000,mid,clob_rest,757.72440000,15868983393841563501871064140465346026070182549411334368203147869270925661986,0.02000000,0.03000000,0.02500000,0.02500000,mid,clob_rest,751.98900000,"{""asset_symbol"": ""ETH"", ""price_source"": ""BinanceCryptoTradeWebSocket"", ""market_active"": true, ""market_closed"": false, ""up_book_error"": null, ""binance_symbol"": ""ETHUSDT"", ""up_book_source"": ""clob_rest"", ""up_book_status"": ""found"", ""down_book_error"": null, ""market_archived"": false, ""down_book_source"": ""clob_rest"", ""down_book_status"": ""found"", ""market_accepting_orders"": true, ""market_enable_order_book"": true}"
ETH,2207366,0xef48ebd331e37e1df34cc1f720b242eb5389268c884cf2e9bb1502720c2a82a9,eth-updown-5m-1778392800,2026-05-10 09:00:00+03,2026-05-10 09:05:00+03,2026-05-10 09:02:59.614474+03,179.614,120.38552520,2328.55000000,2327.31000000,1.24000000,5.32803967,13782886928195295324683195934137142747125763430740042617218560165087680578485,0.97000000,0.98000000,0.97500000,0.97500000,mid,clob_rest,767.68770000,15868983393841563501871064140465346026070182549411334368203147869270925661986,0.02000000,0.03000000,0.02500000,0.02500000,mid,clob_rest,865.23660000,"{""asset_symbol"": ""ETH"", ""price_source"": ""BinanceCryptoTradeWebSocket"", ""market_active"": true, ""market_closed"": false, ""up_book_error"": null, ""binance_symbol"": ""ETHUSDT"", ""up_book_source"": ""clob_rest"", ""up_book_status"": ""found"", ""down_book_error"": null, ""market_archived"": false, ""down_book_source"": ""clob_rest"", ""down_book_status"": ""found"", ""market_accepting_orders"": true, ""market_enable_order_book"": true}"
ETH,2207366,0xef48ebd331e37e1df34cc1f720b242eb5389268c884cf2e9bb1502720c2a82a9,eth-updown-5m-1778392800,2026-05-10 09:00:00+03,2026-05-10 09:05:00+03,2026-05-10 09:03:05.689161+03,185.689,114.31083860,2328.54000000,2327.31000000,1.23000000,5.28507161,13782886928195295324683195934137142747125763430740042617218560165087680578485,0.97000000,0.98000000,0.97500000,0.97500000,mid,clob_rest,753.08110000,15868983393841563501871064140465346026070182549411334368203147869270925661986,0.02000000,0.03000000,0.02500000,0.02500000,mid,clob_rest,823.73050000,"{""asset_symbol"": ""ETH"", ""price_source"": ""BinanceCryptoTradeWebSocket"", ""market_active"": true, ""market_closed"": false, ""up_book_error"": null, ""binance_symbol"": ""ETHUSDT"", ""up_book_source"": ""clob_rest"", ""up_book_status"": ""found"", ""down_book_error"": null, ""market_archived"": false, ""down_book_source"": ""clob_rest"", ""down_book_status"": ""found"", ""market_accepting_orders"": true, ""market_enable_order_book"": true}"
ETH,2207366,0xef48ebd331e37e1df34cc1f720b242eb5389268c884cf2e9bb1502720c2a82a9,eth-updown-5m-1778392800,2026-05-10 09:00:00+03,2026-05-10 09:05:00+03,2026-05-10 09:03:11.518045+03,191.518,108.48195410,2328.54000000,2327.31000000,1.23000000,5.28507161,13782886928195295324683195934137142747125763430740042617218560165087680578485,0.97000000,0.98000000,0.97500000,0.97500000,mid,clob_rest,766.64530000,15868983393841563501871064140465346026070182549411334368203147869270925661986,0.02000000,0.03000000,0.02500000,0.02500000,mid,clob_rest,749.19510000,"{""asset_symbol"": ""ETH"", ""price_source"": ""BinanceCryptoTradeWebSocket"", ""market_active"": true, ""market_closed"": false, ""up_book_error"": null, ""binance_symbol"": ""ETHUSDT"", ""up_book_source"": ""clob_rest"", ""up_book_status"": ""found"", ""down_book_error"": null, ""market_archived"": false, ""down_book_source"": ""clob_rest"", ""down_book_status"": ""found"", ""market_accepting_orders"": true, ""market_enable_order_book"": true}"
ETH,2207366,0xef48ebd331e37e1df34cc1f720b242eb5389268c884cf2e9bb1502720c2a82a9,eth-updown-5m-1778392800,2026-05-10 09:00:00+03,2026-05-10 09:05:00+03,2026-05-10 09:03:17.364215+03,197.364,102.63578500,2328.54000000,2327.31000000,1.23000000,5.28507161,13782886928195295324683195934137142747125763430740042617218560165087680578485,0.97000000,0.98000000,0.97500000,0.97500000,mid,clob_rest,787.09490000,15868983393841563501871064140465346026070182549411334368203147869270925661986,0.02000000,0.03000000,0.02500000,0.02500000,mid,clob_rest,764.39770000,"{""asset_symbol"": ""ETH"", ""price_source"": ""BinanceCryptoTradeWebSocket"", ""market_active"": true, ""market_closed"": false, ""up_book_error"": null, ""binance_symbol"": ""ETHUSDT"", ""up_book_source"": ""clob_rest"", ""up_book_status"": ""found"", ""down_book_error"": null, ""market_archived"": false, ""down_book_source"": ""clob_rest"", ""down_book_status"": ""found"", ""market_accepting_orders"": true, ""market_enable_order_book"": true}"
ETH,2207366,0xef48ebd331e37e1df34cc1f720b242eb5389268c884cf2e9bb1502720c2a82a9,eth-updown-5m-1778392800,2026-05-10 09:00:00+03,2026-05-10 09:05:00+03,2026-05-10 09:03:23.044715+03,203.045,96.95528410,2328.55000000,2327.31000000,1.24000000,5.32803967,13782886928195295324683195934137142747125763430740042617218560165087680578485,0.97000000,0.98000000,0.97500000,0.97500000,mid,clob_rest,828.28190000,15868983393841563501871064140465346026070182549411334368203147869270925661986,0.02000000,0.03000000,0.02500000,0.02500000,mid,clob_rest,758.23170000,"{""asset_symbol"": ""ETH"", ""price_source"": ""BinanceCryptoTradeWebSocket"", ""market_active"": true, ""market_closed"": false, ""up_book_error"": null, ""binance_symbol"": ""ETHUSDT"", ""up_book_source"": ""clob_rest"", ""up_book_status"": ""found"", ""down_book_error"": null, ""market_archived"": false, ""down_book_source"": ""clob_rest"", ""down_book_status"": ""found"", ""market_accepting_orders"": true, ""market_enable_order_book"": true}"
ETH,2207366,0xef48ebd331e37e1df34cc1f720b242eb5389268c884cf2e9bb1502720c2a82a9,eth-updown-5m-1778392800,2026-05-10 09:00:00+03,2026-05-10 09:05:00+03,2026-05-10 09:03:28.954353+03,208.954,91.04564620,2328.54000000,2327.31000000,1.23000000,5.28507161,13782886928195295324683195934137142747125763430740042617218560165087680578485,0.97000000,0.98000000,0.97500000,0.97500000,mid,clob_rest,770.73030000,15868983393841563501871064140465346026070182549411334368203147869270925661986,0.02000000,0.03000000,0.02500000,0.02500000,mid,clob_rest,748.65180000,"{""asset_symbol"": ""ETH"", ""price_source"": ""BinanceCryptoTradeWebSocket"", ""market_active"": true, ""market_closed"": false, ""up_book_error"": null, ""binance_symbol"": ""ETHUSDT"", ""up_book_source"": ""clob_rest"", ""up_book_status"": ""found"", ""down_book_error"": null, ""market_archived"": false, ""down_book_source"": ""clob_rest"", ""down_book_status"": ""found"", ""market_accepting_orders"": true, ""market_enable_order_book"": true}"
ETH,2207366,0xef48ebd331e37e1df34cc1f720b242eb5389268c884cf2e9bb1502720c2a82a9,eth-updown-5m-1778392800,2026-05-10 09:00:00+03,2026-05-10 09:05:00+03,2026-05-10 09:03:34.721369+03,214.721,85.27863030,2328.54000000,2327.31000000,1.23000000,5.28507161,13782886928195295324683195934137142747125763430740042617218560165087680578485,0.97000000,0.98000000,0.97500000,0.97500000,mid,clob_rest,758.49130000,15868983393841563501871064140465346026070182549411334368203147869270925661986,0.02000000,0.03000000,0.02500000,0.02500000,mid,clob_rest,749.66560000,"{""asset_symbol"": ""ETH"", ""price_source"": ""BinanceCryptoTradeWebSocket"", ""market_active"": true, ""market_closed"": false, ""up_book_error"": null, ""binance_symbol"": ""ETHUSDT"", ""up_book_source"": ""clob_rest"", ""up_book_status"": ""found"", ""down_book_error"": null, ""market_archived"": false, ""down_book_source"": ""clob_rest"", ""down_book_status"": ""found"", ""market_accepting_orders"": true, ""market_enable_order_book"": true}"
ETH,2207366,0xef48ebd331e37e1df34cc1f720b242eb5389268c884cf2e9bb1502720c2a82a9,eth-updown-5m-1778392800,2026-05-10 09:00:00+03,2026-05-10 09:05:00+03,2026-05-10 09:03:40.512046+03,220.512,79.48795350,2328.55000000,2327.31000000,1.24000000,5.32803967,13782886928195295324683195934137142747125763430740042617218560165087680578485,0.97000000,0.98000000,0.97500000,0.97500000,mid,clob_rest,882.20440000,15868983393841563501871064140465346026070182549411334368203147869270925661986,0.02000000,0.03000000,0.02500000,0.02500000,mid,clob_rest,807.82940000,"{""asset_symbol"": ""ETH"", ""price_source"": ""BinanceCryptoTradeWebSocket"", ""market_active"": true, ""market_closed"": false, ""up_book_error"": null, ""binance_symbol"": ""ETHUSDT"", ""up_book_source"": ""clob_rest"", ""up_book_status"": ""found"", ""down_book_error"": null, ""market_archived"": false, ""down_book_source"": ""clob_rest"", ""down_book_status"": ""found"", ""market_accepting_orders"": true, ""market_enable_order_book"": true}"
ETH,2207366,0xef48ebd331e37e1df34cc1f720b242eb5389268c884cf2e9bb1502720c2a82a9,eth-updown-5m-1778392800,2026-05-10 09:00:00+03,2026-05-10 09:05:00+03,2026-05-10 09:03:46.33827+03,226.338,73.66172920,2328.55000000,2327.31000000,1.24000000,5.32803967,13782886928195295324683195934137142747125763430740042617218560165087680578485,0.97000000,0.98000000,0.97500000,0.97500000,mid,clob_rest,768.82140000,15868983393841563501871064140465346026070182549411334368203147869270925661986,0.02000000,0.03000000,0.02500000,0.02500000,mid,clob_rest,777.06900000,"{""asset_symbol"": ""ETH"", ""price_source"": ""BinanceCryptoTradeWebSocket"", ""market_active"": true, ""market_closed"": false, ""up_book_error"": null, ""binance_symbol"": ""ETHUSDT"", ""up_book_source"": ""clob_rest"", ""up_book_status"": ""found"", ""down_book_error"": null, ""market_archived"": false, ""down_book_source"": ""clob_rest"", ""down_book_status"": ""found"", ""market_accepting_orders"": true, ""market_enable_order_book"": true}"
ETH,2207366,0xef48ebd331e37e1df34cc1f720b242eb5389268c884cf2e9bb1502720c2a82a9,eth-updown-5m-1778392800,2026-05-10 09:00:00+03,2026-05-10 09:05:00+03,2026-05-10 09:03:52.220314+03,232.220,67.77968590,2328.52000000,2327.31000000,1.21000000,5.19913548,13782886928195295324683195934137142747125763430740042617218560165087680578485,0.97000000,0.98000000,0.97500000,0.97500000,mid,clob_rest,792.05320000,15868983393841563501871064140465346026070182549411334368203147869270925661986,0.02000000,0.03000000,0.02500000,0.02500000,mid,clob_rest,798.54090000,"{""asset_symbol"": ""ETH"", ""price_source"": ""BinanceCryptoTradeWebSocket"", ""market_active"": true, ""market_closed"": false, ""up_book_error"": null, ""binance_symbol"": ""ETHUSDT"", ""up_book_source"": ""clob_rest"", ""up_book_status"": ""found"", ""down_book_error"": null, ""market_archived"": false, ""down_book_source"": ""clob_rest"", ""down_book_status"": ""found"", ""market_accepting_orders"": true, ""market_enable_order_book"": true}"
ETH,2207366,0xef48ebd331e37e1df34cc1f720b242eb5389268c884cf2e9bb1502720c2a82a9,eth-updown-5m-1778392800,2026-05-10 09:00:00+03,2026-05-10 09:05:00+03,2026-05-10 09:03:58.073944+03,238.074,61.92605510,2328.12000000,2327.31000000,0.81000000,3.48041301,13782886928195295324683195934137142747125763430740042617218560165087680578485,0.95000000,0.96000000,0.95500000,0.95500000,mid,clob_rest,796.44150000,15868983393841563501871064140465346026070182549411334368203147869270925661986,0.04000000,0.05000000,0.04500000,0.04500000,mid,clob_rest,905.08840000,"{""asset_symbol"": ""ETH"", ""price_source"": ""BinanceCryptoTradeWebSocket"", ""market_active"": true, ""market_closed"": false, ""up_book_error"": null, ""binance_symbol"": ""ETHUSDT"", ""up_book_source"": ""clob_rest"", ""up_book_status"": ""found"", ""down_book_error"": null, ""market_archived"": false, ""down_book_source"": ""clob_rest"", ""down_book_status"": ""found"", ""market_accepting_orders"": true, ""market_enable_order_book"": true}"
ETH,2207366,0xef48ebd331e37e1df34cc1f720b242eb5389268c884cf2e9bb1502720c2a82a9,eth-updown-5m-1778392800,2026-05-10 09:00:00+03,2026-05-10 09:05:00+03,2026-05-10 09:04:04.099295+03,244.099,55.90070470,2328.13000000,2327.31000000,0.82000000,3.52338107,13782886928195295324683195934137142747125763430740042617218560165087680578485,0.96000000,0.97000000,0.96500000,0.96500000,mid,clob_rest,754.54680000,15868983393841563501871064140465346026070182549411334368203147869270925661986,0.03000000,0.04000000,0.03500000,0.03500000,mid,clob_rest,761.68880000,"{""asset_symbol"": ""ETH"", ""price_source"": ""BinanceCryptoTradeWebSocket"", ""market_active"": true, ""market_closed"": false, ""up_book_error"": null, ""binance_symbol"": ""ETHUSDT"", ""up_book_source"": ""clob_rest"", ""up_book_status"": ""found"", ""down_book_error"": null, ""market_archived"": false, ""down_book_source"": ""clob_rest"", ""down_book_status"": ""found"", ""market_accepting_orders"": true, ""market_enable_order_book"": true}"
ETH,2207366,0xef48ebd331e37e1df34cc1f720b242eb5389268c884cf2e9bb1502720c2a82a9,eth-updown-5m-1778392800,2026-05-10 09:00:00+03,2026-05-10 09:05:00+03,2026-05-10 09:04:09.861989+03,249.862,50.13801030,2328.45000000,2327.31000000,1.14000000,4.89835905,13782886928195295324683195934137142747125763430740042617218560165087680578485,0.97000000,0.98000000,0.97500000,0.97500000,mid,clob_rest,773.86880000,15868983393841563501871064140465346026070182549411334368203147869270925661986,0.02000000,0.03000000,0.02500000,0.02500000,mid,clob_rest,756.48750000,"{""asset_symbol"": ""ETH"", ""price_source"": ""BinanceCryptoTradeWebSocket"", ""market_active"": true, ""market_closed"": false, ""up_book_error"": null, ""binance_symbol"": ""ETHUSDT"", ""up_book_source"": ""clob_rest"", ""up_book_status"": ""found"", ""down_book_error"": null, ""market_archived"": false, ""down_book_source"": ""clob_rest"", ""down_book_status"": ""found"", ""market_accepting_orders"": true, ""market_enable_order_book"": true}"
ETH,2207366,0xef48ebd331e37e1df34cc1f720b242eb5389268c884cf2e9bb1502720c2a82a9,eth-updown-5m-1778392800,2026-05-10 09:00:00+03,2026-05-10 09:05:00+03,2026-05-10 09:04:15.730117+03,255.730,44.26988250,2328.73000000,2327.31000000,1.42000000,6.10146478,13782886928195295324683195934137142747125763430740042617218560165087680578485,0.99000000,,,0.99000000,bid_only,clob_rest,862.08200000,15868983393841563501871064140465346026070182549411334368203147869270925661986,,0.01000000,,0.01000000,ask_only,clob_rest,967.46300000,"{""asset_symbol"": ""ETH"", ""price_source"": ""BinanceCryptoTradeWebSocket"", ""market_active"": true, ""market_closed"": false, ""up_book_error"": null, ""binance_symbol"": ""ETHUSDT"", ""up_book_source"": ""clob_rest"", ""up_book_status"": ""found"", ""down_book_error"": null, ""market_archived"": false, ""down_book_source"": ""clob_rest"", ""down_book_status"": ""found"", ""market_accepting_orders"": true, ""market_enable_order_book"": true}"
ETH,2207366,0xef48ebd331e37e1df34cc1f720b242eb5389268c884cf2e9bb1502720c2a82a9,eth-updown-5m-1778392800,2026-05-10 09:00:00+03,2026-05-10 09:05:00+03,2026-05-10 09:04:21.657501+03,261.658,38.34249820,2328.74000000,2327.31000000,1.43000000,6.14443284,13782886928195295324683195934137142747125763430740042617218560165087680578485,0.99000000,,,0.99000000,bid_only,clob_rest,1659.98620000,15868983393841563501871064140465346026070182549411334368203147869270925661986,,0.01000000,,0.01000000,ask_only,clob_rest,1730.13990000,"{""asset_symbol"": ""ETH"", ""price_source"": ""BinanceCryptoTradeWebSocket"", ""market_active"": true, ""market_closed"": false, ""up_book_error"": null, ""binance_symbol"": ""ETHUSDT"", ""up_book_source"": ""clob_rest"", ""up_book_status"": ""found"", ""down_book_error"": null, ""market_archived"": false, ""down_book_source"": ""clob_rest"", ""down_book_status"": ""found"", ""market_accepting_orders"": true, ""market_enable_order_book"": true}"
ETH,2207366,0xef48ebd331e37e1df34cc1f720b242eb5389268c884cf2e9bb1502720c2a82a9,eth-updown-5m-1778392800,2026-05-10 09:00:00+03,2026-05-10 09:05:00+03,2026-05-10 09:04:27.462496+03,267.462,32.53750390,2328.73000000,2327.31000000,1.42000000,6.10146478,13782886928195295324683195934137142747125763430740042617218560165087680578485,0.99000000,,,0.99000000,bid_only,clob_rest,855.76140000,15868983393841563501871064140465346026070182549411334368203147869270925661986,,0.01000000,,0.01000000,ask_only,clob_rest,919.10980000,"{""asset_symbol"": ""ETH"", ""price_source"": ""BinanceCryptoTradeWebSocket"", ""market_active"": true, ""market_closed"": false, ""up_book_error"": null, ""binance_symbol"": ""ETHUSDT"", ""up_book_source"": ""clob_rest"", ""up_book_status"": ""found"", ""down_book_error"": null, ""market_archived"": false, ""down_book_source"": ""clob_rest"", ""down_book_status"": ""found"", ""market_accepting_orders"": true, ""market_enable_order_book"": true}"
ETH,2207366,0xef48ebd331e37e1df34cc1f720b242eb5389268c884cf2e9bb1502720c2a82a9,eth-updown-5m-1778392800,2026-05-10 09:00:00+03,2026-05-10 09:05:00+03,2026-05-10 09:04:33.473531+03,273.474,26.52646890,2328.31000000,2327.31000000,1.00000000,4.29680618,13782886928195295324683195934137142747125763430740042617218560165087680578485,0.99000000,,,0.99000000,bid_only,clob_rest,1386.26760000,15868983393841563501871064140465346026070182549411334368203147869270925661986,,0.01000000,,0.01000000,ask_only,clob_rest,1479.32860000,"{""asset_symbol"": ""ETH"", ""price_source"": ""BinanceCryptoTradeWebSocket"", ""market_active"": true, ""market_closed"": false, ""up_book_error"": null, ""binance_symbol"": ""ETHUSDT"", ""up_book_source"": ""clob_rest"", ""up_book_status"": ""found"", ""down_book_error"": null, ""market_archived"": false, ""down_book_source"": ""clob_rest"", ""down_book_status"": ""found"", ""market_accepting_orders"": true, ""market_enable_order_book"": true}"
ETH,2207366,0xef48ebd331e37e1df34cc1f720b242eb5389268c884cf2e9bb1502720c2a82a9,eth-updown-5m-1778392800,2026-05-10 09:00:00+03,2026-05-10 09:05:00+03,2026-05-10 09:04:39.482224+03,279.482,20.51777530,2328.31000000,2327.31000000,1.00000000,4.29680618,13782886928195295324683195934137142747125763430740042617218560165087680578485,0.99000000,,,0.99000000,bid_only,clob_rest,2006.12370000,15868983393841563501871064140465346026070182549411334368203147869270925661986,,0.01000000,,0.01000000,ask_only,clob_rest,2090.14810000,"{""asset_symbol"": ""ETH"", ""price_source"": ""BinanceCryptoTradeWebSocket"", ""market_active"": true, ""market_closed"": false, ""up_book_error"": null, ""binance_symbol"": ""ETHUSDT"", ""up_book_source"": ""clob_rest"", ""up_book_status"": ""found"", ""down_book_error"": null, ""market_archived"": false, ""down_book_source"": ""clob_rest"", ""down_book_status"": ""found"", ""market_accepting_orders"": true, ""market_enable_order_book"": true}"
ETH,2207366,0xef48ebd331e37e1df34cc1f720b242eb5389268c884cf2e9bb1502720c2a82a9,eth-updown-5m-1778392800,2026-05-10 09:00:00+03,2026-05-10 09:05:00+03,2026-05-10 09:04:45.31249+03,285.312,14.68750970,2328.17000000,2327.31000000,0.86000000,3.69525332,13782886928195295324683195934137142747125763430740042617218560165087680578485,0.99000000,,,0.99000000,bid_only,clob_rest,4798.18340000,15868983393841563501871064140465346026070182549411334368203147869270925661986,,0.01000000,,0.01000000,ask_only,clob_rest,782.88850000,"{""asset_symbol"": ""ETH"", ""price_source"": ""BinanceCryptoTradeWebSocket"", ""market_active"": true, ""market_closed"": false, ""up_book_error"": null, ""binance_symbol"": ""ETHUSDT"", ""up_book_source"": ""clob_rest"", ""up_book_status"": ""found"", ""down_book_error"": null, ""market_archived"": false, ""down_book_source"": ""clob_rest"", ""down_book_status"": ""found"", ""market_accepting_orders"": true, ""market_enable_order_book"": true}"
ETH,2207366,0xef48ebd331e37e1df34cc1f720b242eb5389268c884cf2e9bb1502720c2a82a9,eth-updown-5m-1778392800,2026-05-10 09:00:00+03,2026-05-10 09:05:00+03,2026-05-10 09:04:51.142561+03,291.143,8.85743840,2328.26000000,2327.31000000,0.95000000,4.08196587,13782886928195295324683195934137142747125763430740042617218560165087680578485,0.99000000,,,0.99000000,bid_only,clob_rest,1015.64440000,15868983393841563501871064140465346026070182549411334368203147869270925661986,,0.01000000,,0.01000000,ask_only,clob_rest,1086.74090000,"{""asset_symbol"": ""ETH"", ""price_source"": ""BinanceCryptoTradeWebSocket"", ""market_active"": true, ""market_closed"": false, ""up_book_error"": null, ""binance_symbol"": ""ETHUSDT"", ""up_book_source"": ""clob_rest"", ""up_book_status"": ""found"", ""down_book_error"": null, ""market_archived"": false, ""down_book_source"": ""clob_rest"", ""down_book_status"": ""found"", ""market_accepting_orders"": true, ""market_enable_order_book"": true}"
ETH,2207366,0xef48ebd331e37e1df34cc1f720b242eb5389268c884cf2e9bb1502720c2a82a9,eth-updown-5m-1778392800,2026-05-10 09:00:00+03,2026-05-10 09:05:00+03,2026-05-10 09:04:57.032245+03,297.032,2.96775410,2328.31000000,2327.31000000,1.00000000,4.29680618,13782886928195295324683195934137142747125763430740042617218560165087680578485,0.99000000,,,0.99000000,bid_only,clob_rest,1320.06860000,15868983393841563501871064140465346026070182549411334368203147869270925661986,,0.01000000,,0.01000000,ask_only,clob_rest,1387.39990000,"{""asset_symbol"": ""ETH"", ""price_source"": ""BinanceCryptoTradeWebSocket"", ""market_active"": true, ""market_closed"": false, ""up_book_error"": null, ""binance_symbol"": ""ETHUSDT"", ""up_book_source"": ""clob_rest"", ""up_book_status"": ""found"", ""down_book_error"": null, ""market_archived"": false, ""down_book_source"": ""clob_rest"", ""down_book_status"": ""found"", ""market_accepting_orders"": true, ""market_enable_order_book"": true}"
SOL,2206777,0x2e0afa4c652b2dd9bbcf435fff2b3afa1d9886d6a17674732a0dbf4277e38503,sol-updown-5m-1778392200,2026-05-10 08:50:00+03,2026-05-10 08:55:00+03,2026-05-10 08:50:02.56502+03,2.565,297.43497970,93.39000000,93.39000000,0.00000000,0.00000000,15919681075178087163234762820802826179525053180317466328285309413256466015063,0.52000000,0.58000000,0.55000000,0.55000000,mid,clob_rest,749.41220000,55857496652603256880468046455843203903294264806345501053628564764058905897482,0.42000000,0.48000000,0.45000000,0.45000000,mid,clob_rest,744.17580000,"{""asset_symbol"": ""SOL"", ""price_source"": ""BinanceCryptoTradeWebSocket"", ""market_active"": true, ""market_closed"": false, ""up_book_error"": null, ""binance_symbol"": ""SOLUSDT"", ""up_book_source"": ""clob_rest"", ""up_book_status"": ""found"", ""down_book_error"": null, ""market_archived"": false, ""down_book_source"": ""clob_rest"", ""down_book_status"": ""found"", ""market_accepting_orders"": true, ""market_enable_order_book"": true}"
SOL,2206777,0x2e0afa4c652b2dd9bbcf435fff2b3afa1d9886d6a17674732a0dbf4277e38503,sol-updown-5m-1778392200,2026-05-10 08:50:00+03,2026-05-10 08:55:00+03,2026-05-10 08:50:08.594035+03,8.594,291.40596410,93.38000000,93.39000000,-0.01000000,-1.07077846,15919681075178087163234762820802826179525053180317466328285309413256466015063,0.36000000,0.43000000,0.39500000,0.39500000,mid,clob_rest,725.12140000,55857496652603256880468046455843203903294264806345501053628564764058905897482,0.57000000,0.64000000,0.60500000,0.60500000,mid,clob_rest,794.29660000,"{""asset_symbol"": ""SOL"", ""price_source"": ""BinanceCryptoTradeWebSocket"", ""market_active"": true, ""market_closed"": false, ""up_book_error"": null, ""binance_symbol"": ""SOLUSDT"", ""up_book_source"": ""clob_rest"", ""up_book_status"": ""found"", ""down_book_error"": null, ""market_archived"": false, ""down_book_source"": ""clob_rest"", ""down_book_status"": ""found"", ""market_accepting_orders"": true, ""market_enable_order_book"": true}"
SOL,2206777,0x2e0afa4c652b2dd9bbcf435fff2b3afa1d9886d6a17674732a0dbf4277e38503,sol-updown-5m-1778392200,2026-05-10 08:50:00+03,2026-05-10 08:55:00+03,2026-05-10 08:50:14.39761+03,14.398,285.60238990,93.38000000,93.39000000,-0.01000000,-1.07077846,15919681075178087163234762820802826179525053180317466328285309413256466015063,0.39000000,0.44000000,0.41500000,0.41500000,mid,clob_rest,765.67320000,55857496652603256880468046455843203903294264806345501053628564764058905897482,0.56000000,0.61000000,0.58500000,0.58500000,mid,clob_rest,780.75920000,"{""asset_symbol"": ""SOL"", ""price_source"": ""BinanceCryptoTradeWebSocket"", ""market_active"": true, ""market_closed"": false, ""up_book_error"": null, ""binance_symbol"": ""SOLUSDT"", ""up_book_source"": ""clob_rest"", ""up_book_status"": ""found"", ""down_book_error"": null, ""market_archived"": false, ""down_book_source"": ""clob_rest"", ""down_book_status"": ""found"", ""market_accepting_orders"": true, ""market_enable_order_book"": true}"
SOL,2206777,0x2e0afa4c652b2dd9bbcf435fff2b3afa1d9886d6a17674732a0dbf4277e38503,sol-updown-5m-1778392200,2026-05-10 08:50:00+03,2026-05-10 08:55:00+03,2026-05-10 08:50:20.127266+03,20.127,279.87273360,93.39000000,93.39000000,0.00000000,0.00000000,15919681075178087163234762820802826179525053180317466328285309413256466015063,0.44000000,0.45000000,0.44500000,0.44500000,mid,clob_rest,764.59710000,55857496652603256880468046455843203903294264806345501053628564764058905897482,0.55000000,0.56000000,0.55500000,0.55500000,mid,clob_rest,703.74720000,"{""asset_symbol"": ""SOL"", ""price_source"": ""BinanceCryptoTradeWebSocket"", ""market_active"": true, ""market_closed"": false, ""up_book_error"": null, ""binance_symbol"": ""SOLUSDT"", ""up_book_source"": ""clob_rest"", ""up_book_status"": ""found"", ""down_book_error"": null, ""market_archived"": false, ""down_book_source"": ""clob_rest"", ""down_book_status"": ""found"", ""market_accepting_orders"": true, ""market_enable_order_book"": true}"
SOL,2206777,0x2e0afa4c652b2dd9bbcf435fff2b3afa1d9886d6a17674732a0dbf4277e38503,sol-updown-5m-1778392200,2026-05-10 08:50:00+03,2026-05-10 08:55:00+03,2026-05-10 08:50:25.735309+03,25.735,274.26469070,93.37000000,93.39000000,-0.02000000,-2.14155691,15919681075178087163234762820802826179525053180317466328285309413256466015063,0.33000000,0.37000000,0.35000000,0.35000000,mid,clob_rest,744.13850000,55857496652603256880468046455843203903294264806345501053628564764058905897482,0.63000000,0.67000000,0.65000000,0.65000000,mid,clob_rest,813.27900000,"{""asset_symbol"": ""SOL"", ""price_source"": ""BinanceCryptoTradeWebSocket"", ""market_active"": true, ""market_closed"": false, ""up_book_error"": null, ""binance_symbol"": ""SOLUSDT"", ""up_book_source"": ""clob_rest"", ""up_book_status"": ""found"", ""down_book_error"": null, ""market_archived"": false, ""down_book_source"": ""clob_rest"", ""down_book_status"": ""found"", ""market_accepting_orders"": true, ""market_enable_order_book"": true}"
SOL,2206777,0x2e0afa4c652b2dd9bbcf435fff2b3afa1d9886d6a17674732a0dbf4277e38503,sol-updown-5m-1778392200,2026-05-10 08:50:00+03,2026-05-10 08:55:00+03,2026-05-10 08:50:31.732216+03,31.732,268.26778310,93.37000000,93.39000000,-0.02000000,-2.14155691,15919681075178087163234762820802826179525053180317466328285309413256466015063,0.27000000,0.32000000,0.29500000,0.29500000,mid,clob_rest,804.73480000,55857496652603256880468046455843203903294264806345501053628564764058905897482,0.68000000,0.73000000,0.70500000,0.70500000,mid,clob_rest,885.18860000,"{""asset_symbol"": ""SOL"", ""price_source"": ""BinanceCryptoTradeWebSocket"", ""market_active"": true, ""market_closed"": false, ""up_book_error"": null, ""binance_symbol"": ""SOLUSDT"", ""up_book_source"": ""clob_rest"", ""up_book_status"": ""found"", ""down_book_error"": null, ""market_archived"": false, ""down_book_source"": ""clob_rest"", ""down_book_status"": ""found"", ""market_accepting_orders"": true, ""market_enable_order_book"": true}"
SOL,2206777,0x2e0afa4c652b2dd9bbcf435fff2b3afa1d9886d6a17674732a0dbf4277e38503,sol-updown-5m-1778392200,2026-05-10 08:50:00+03,2026-05-10 08:55:00+03,2026-05-10 08:50:37.471669+03,37.472,262.52833100,93.34000000,93.39000000,-0.05000000,-5.35389228,15919681075178087163234762820802826179525053180317466328285309413256466015063,0.25000000,0.26000000,0.25500000,0.25500000,mid,clob_rest,720.16550000,55857496652603256880468046455843203903294264806345501053628564764058905897482,0.74000000,0.75000000,0.74500000,0.74500000,mid,clob_rest,747.28440000,"{""asset_symbol"": ""SOL"", ""price_source"": ""BinanceCryptoTradeWebSocket"", ""market_active"": true, ""market_closed"": false, ""up_book_error"": null, ""binance_symbol"": ""SOLUSDT"", ""up_book_source"": ""clob_rest"", ""up_book_status"": ""found"", ""down_book_error"": null, ""market_archived"": false, ""down_book_source"": ""clob_rest"", ""down_book_status"": ""found"", ""market_accepting_orders"": true, ""market_enable_order_book"": true}"
SOL,2206777,0x2e0afa4c652b2dd9bbcf435fff2b3afa1d9886d6a17674732a0dbf4277e38503,sol-updown-5m-1778392200,2026-05-10 08:50:00+03,2026-05-10 08:55:00+03,2026-05-10 08:50:43.198331+03,43.198,256.80166850,93.34000000,93.39000000,-0.05000000,-5.35389228,15919681075178087163234762820802826179525053180317466328285309413256466015063,0.17000000,0.18000000,0.17500000,0.17500000,mid,clob_rest,718.68870000,55857496652603256880468046455843203903294264806345501053628564764058905897482,0.82000000,0.83000000,0.82500000,0.82500000,mid,clob_rest,711.99900000,"{""asset_symbol"": ""SOL"", ""price_source"": ""BinanceCryptoTradeWebSocket"", ""market_active"": true, ""market_closed"": false, ""up_book_error"": null, ""binance_symbol"": ""SOLUSDT"", ""up_book_source"": ""clob_rest"", ""up_book_status"": ""found"", ""down_book_error"": null, ""market_archived"": false, ""down_book_source"": ""clob_rest"", ""down_book_status"": ""found"", ""market_accepting_orders"": true, ""market_enable_order_book"": true}"
SOL,2206777,0x2e0afa4c652b2dd9bbcf435fff2b3afa1d9886d6a17674732a0dbf4277e38503,sol-updown-5m-1778392200,2026-05-10 08:50:00+03,2026-05-10 08:55:00+03,2026-05-10 08:50:49.059626+03,49.060,250.94037360,93.33000000,93.39000000,-0.06000000,-6.42467074,15919681075178087163234762820802826179525053180317466328285309413256466015063,0.17000000,0.20000000,0.18500000,0.18500000,mid,clob_rest,824.51480000,55857496652603256880468046455843203903294264806345501053628564764058905897482,0.80000000,0.83000000,0.81500000,0.81500000,mid,clob_rest,790.39580000,"{""asset_symbol"": ""SOL"", ""price_source"": ""BinanceCryptoTradeWebSocket"", ""market_active"": true, ""market_closed"": false, ""up_book_error"": null, ""binance_symbol"": ""SOLUSDT"", ""up_book_source"": ""clob_rest"", ""up_book_status"": ""found"", ""down_book_error"": null, ""market_archived"": false, ""down_book_source"": ""clob_rest"", ""down_book_status"": ""found"", ""market_accepting_orders"": true, ""market_enable_order_book"": true}"
SOL,2206777,0x2e0afa4c652b2dd9bbcf435fff2b3afa1d9886d6a17674732a0dbf4277e38503,sol-updown-5m-1778392200,2026-05-10 08:50:00+03,2026-05-10 08:55:00+03,2026-05-10 08:50:54.92699+03,54.927,245.07300990,93.33000000,93.39000000,-0.06000000,-6.42467074,15919681075178087163234762820802826179525053180317466328285309413256466015063,0.17000000,0.19000000,0.18000000,0.18000000,mid,clob_rest,731.63130000,55857496652603256880468046455843203903294264806345501053628564764058905897482,0.81000000,0.83000000,0.82000000,0.82000000,mid,clob_rest,768.42080000,"{""asset_symbol"": ""SOL"", ""price_source"": ""BinanceCryptoTradeWebSocket"", ""market_active"": true, ""market_closed"": false, ""up_book_error"": null, ""binance_symbol"": ""SOLUSDT"", ""up_book_source"": ""clob_rest"", ""up_book_status"": ""found"", ""down_book_error"": null, ""market_archived"": false, ""down_book_source"": ""clob_rest"", ""down_book_status"": ""found"", ""market_accepting_orders"": true, ""market_enable_order_book"": true}"
SOL,2206777,0x2e0afa4c652b2dd9bbcf435fff2b3afa1d9886d6a17674732a0dbf4277e38503,sol-updown-5m-1778392200,2026-05-10 08:50:00+03,2026-05-10 08:55:00+03,2026-05-10 08:51:00.980248+03,60.980,239.01975160,93.35000000,93.39000000,-0.04000000,-4.28311382,15919681075178087163234762820802826179525053180317466328285309413256466015063,0.28000000,0.29000000,0.28500000,0.28500000,mid,clob_rest,720.01890000,55857496652603256880468046455843203903294264806345501053628564764058905897482,0.71000000,0.72000000,0.71500000,0.71500000,mid,clob_rest,717.83310000,"{""asset_symbol"": ""SOL"", ""price_source"": ""BinanceCryptoTradeWebSocket"", ""market_active"": true, ""market_closed"": false, ""up_book_error"": null, ""binance_symbol"": ""SOLUSDT"", ""up_book_source"": ""clob_rest"", ""up_book_status"": ""found"", ""down_book_error"": null, ""market_archived"": false, ""down_book_source"": ""clob_rest"", ""down_book_status"": ""found"", ""market_accepting_orders"": true, ""market_enable_order_book"": true}"
SOL,2206777,0x2e0afa4c652b2dd9bbcf435fff2b3afa1d9886d6a17674732a0dbf4277e38503,sol-updown-5m-1778392200,2026-05-10 08:50:00+03,2026-05-10 08:55:00+03,2026-05-10 08:51:06.895801+03,66.896,233.10419860,93.33000000,93.39000000,-0.06000000,-6.42467074,15919681075178087163234762820802826179525053180317466328285309413256466015063,0.14000000,0.20000000,0.17000000,0.17000000,mid,clob_rest,795.90140000,55857496652603256880468046455843203903294264806345501053628564764058905897482,0.80000000,0.86000000,0.83000000,0.83000000,mid,clob_rest,873.53910000,"{""asset_symbol"": ""SOL"", ""price_source"": ""BinanceCryptoTradeWebSocket"", ""market_active"": true, ""market_closed"": false, ""up_book_error"": null, ""binance_symbol"": ""SOLUSDT"", ""up_book_source"": ""clob_rest"", ""up_book_status"": ""found"", ""down_book_error"": null, ""market_archived"": false, ""down_book_source"": ""clob_rest"", ""down_book_status"": ""found"", ""market_accepting_orders"": true, ""market_enable_order_book"": true}"
SOL,2206777,0x2e0afa4c652b2dd9bbcf435fff2b3afa1d9886d6a17674732a0dbf4277e38503,sol-updown-5m-1778392200,2026-05-10 08:50:00+03,2026-05-10 08:55:00+03,2026-05-10 08:51:12.769586+03,72.770,227.23041370,93.34000000,93.39000000,-0.05000000,-5.35389228,15919681075178087163234762820802826179525053180317466328285309413256466015063,0.14000000,0.20000000,0.17000000,0.17000000,mid,clob_rest,755.68550000,55857496652603256880468046455843203903294264806345501053628564764058905897482,0.80000000,0.86000000,0.83000000,0.83000000,mid,clob_rest,824.72000000,"{""asset_symbol"": ""SOL"", ""price_source"": ""BinanceCryptoTradeWebSocket"", ""market_active"": true, ""market_closed"": false, ""up_book_error"": null, ""binance_symbol"": ""SOLUSDT"", ""up_book_source"": ""clob_rest"", ""up_book_status"": ""found"", ""down_book_error"": null, ""market_archived"": false, ""down_book_source"": ""clob_rest"", ""down_book_status"": ""found"", ""market_accepting_orders"": true, ""market_enable_order_book"": true}"
SOL,2206777,0x2e0afa4c652b2dd9bbcf435fff2b3afa1d9886d6a17674732a0dbf4277e38503,sol-updown-5m-1778392200,2026-05-10 08:50:00+03,2026-05-10 08:55:00+03,2026-05-10 08:51:44.409403+03,104.409,195.59059700,93.32000000,93.39000000,-0.07000000,-7.49544919,15919681075178087163234762820802826179525053180317466328285309413256466015063,0.08000000,0.09000000,0.08500000,0.08500000,mid,clob_rest,746.79690000,55857496652603256880468046455843203903294264806345501053628564764058905897482,0.91000000,0.92000000,0.91500000,0.91500000,mid,clob_rest,809.33860000,"{""asset_symbol"": ""SOL"", ""price_source"": ""BinanceCryptoTradeWebSocket"", ""market_active"": true, ""market_closed"": false, ""up_book_error"": null, ""binance_symbol"": ""SOLUSDT"", ""up_book_source"": ""clob_rest"", ""up_book_status"": ""found"", ""down_book_error"": null, ""market_archived"": false, ""down_book_source"": ""clob_rest"", ""down_book_status"": ""found"", ""market_accepting_orders"": true, ""market_enable_order_book"": true}"
SOL,2206777,0x2e0afa4c652b2dd9bbcf435fff2b3afa1d9886d6a17674732a0dbf4277e38503,sol-updown-5m-1778392200,2026-05-10 08:50:00+03,2026-05-10 08:55:00+03,2026-05-10 08:51:50.208139+03,110.208,189.79186070,93.32000000,93.39000000,-0.07000000,-7.49544919,15919681075178087163234762820802826179525053180317466328285309413256466015063,0.08000000,0.09000000,0.08500000,0.08500000,mid,clob_rest,1849.17180000,55857496652603256880468046455843203903294264806345501053628564764058905897482,0.91000000,0.92000000,0.91500000,0.91500000,mid,clob_rest,1915.91150000,"{""asset_symbol"": ""SOL"", ""price_source"": ""BinanceCryptoTradeWebSocket"", ""market_active"": true, ""market_closed"": false, ""up_book_error"": null, ""binance_symbol"": ""SOLUSDT"", ""up_book_source"": ""clob_rest"", ""up_book_status"": ""found"", ""down_book_error"": null, ""market_archived"": false, ""down_book_source"": ""clob_rest"", ""down_book_status"": ""found"", ""market_accepting_orders"": true, ""market_enable_order_book"": true}"
SOL,2206777,0x2e0afa4c652b2dd9bbcf435fff2b3afa1d9886d6a17674732a0dbf4277e38503,sol-updown-5m-1778392200,2026-05-10 08:50:00+03,2026-05-10 08:55:00+03,2026-05-10 08:51:56.151563+03,116.152,183.84843670,93.32000000,93.39000000,-0.07000000,-7.49544919,15919681075178087163234762820802826179525053180317466328285309413256466015063,0.08000000,0.09000000,0.08500000,0.08500000,mid,clob_rest,836.35860000,55857496652603256880468046455843203903294264806345501053628564764058905897482,0.91000000,0.92000000,0.91500000,0.91500000,mid,clob_rest,802.22730000,"{""asset_symbol"": ""SOL"", ""price_source"": ""BinanceCryptoTradeWebSocket"", ""market_active"": true, ""market_closed"": false, ""up_book_error"": null, ""binance_symbol"": ""SOLUSDT"", ""up_book_source"": ""clob_rest"", ""up_book_status"": ""found"", ""down_book_error"": null, ""market_archived"": false, ""down_book_source"": ""clob_rest"", ""down_book_status"": ""found"", ""market_accepting_orders"": true, ""market_enable_order_book"": true}"
SOL,2206777,0x2e0afa4c652b2dd9bbcf435fff2b3afa1d9886d6a17674732a0dbf4277e38503,sol-updown-5m-1778392200,2026-05-10 08:50:00+03,2026-05-10 08:55:00+03,2026-05-10 08:52:02.217781+03,122.218,177.78221880,93.31000000,93.39000000,-0.08000000,-8.56622765,15919681075178087163234762820802826179525053180317466328285309413256466015063,0.06000000,0.09000000,0.07500000,0.07500000,mid,clob_rest,735.27130000,55857496652603256880468046455843203903294264806345501053628564764058905897482,0.91000000,0.94000000,0.92500000,0.92500000,mid,clob_rest,717.24940000,"{""asset_symbol"": ""SOL"", ""price_source"": ""BinanceCryptoTradeWebSocket"", ""market_active"": true, ""market_closed"": false, ""up_book_error"": null, ""binance_symbol"": ""SOLUSDT"", ""up_book_source"": ""clob_rest"", ""up_book_status"": ""found"", ""down_book_error"": null, ""market_archived"": false, ""down_book_source"": ""clob_rest"", ""down_book_status"": ""found"", ""market_accepting_orders"": true, ""market_enable_order_book"": true}"
SOL,2206777,0x2e0afa4c652b2dd9bbcf435fff2b3afa1d9886d6a17674732a0dbf4277e38503,sol-updown-5m-1778392200,2026-05-10 08:50:00+03,2026-05-10 08:55:00+03,2026-05-10 08:52:08.051992+03,128.052,171.94800730,93.33000000,93.39000000,-0.06000000,-6.42467074,15919681075178087163234762820802826179525053180317466328285309413256466015063,0.07000000,0.12000000,0.09500000,0.09500000,mid,clob_rest,857.60480000,55857496652603256880468046455843203903294264806345501053628564764058905897482,0.88000000,0.93000000,0.90500000,0.90500000,mid,clob_rest,920.21040000,"{""asset_symbol"": ""SOL"", ""price_source"": ""BinanceCryptoTradeWebSocket"", ""market_active"": true, ""market_closed"": false, ""up_book_error"": null, ""binance_symbol"": ""SOLUSDT"", ""up_book_source"": ""clob_rest"", ""up_book_status"": ""found"", ""down_book_error"": null, ""market_archived"": false, ""down_book_source"": ""clob_rest"", ""down_book_status"": ""found"", ""market_accepting_orders"": true, ""market_enable_order_book"": true}"
SOL,2206777,0x2e0afa4c652b2dd9bbcf435fff2b3afa1d9886d6a17674732a0dbf4277e38503,sol-updown-5m-1778392200,2026-05-10 08:50:00+03,2026-05-10 08:55:00+03,2026-05-10 08:52:13.980122+03,133.980,166.01987760,93.33000000,93.39000000,-0.06000000,-6.42467074,15919681075178087163234762820802826179525053180317466328285309413256466015063,0.09000000,0.11000000,0.10000000,0.10000000,mid,clob_rest,1412.31570000,55857496652603256880468046455843203903294264806345501053628564764058905897482,0.89000000,0.91000000,0.90000000,0.90000000,mid,clob_rest,1487.30350000,"{""asset_symbol"": ""SOL"", ""price_source"": ""BinanceCryptoTradeWebSocket"", ""market_active"": true, ""market_closed"": false, ""up_book_error"": null, ""binance_symbol"": ""SOLUSDT"", ""up_book_source"": ""clob_rest"", ""up_book_status"": ""found"", ""down_book_error"": null, ""market_archived"": false, ""down_book_source"": ""clob_rest"", ""down_book_status"": ""found"", ""market_accepting_orders"": true, ""market_enable_order_book"": true}"
SOL,2206777,0x2e0afa4c652b2dd9bbcf435fff2b3afa1d9886d6a17674732a0dbf4277e38503,sol-updown-5m-1778392200,2026-05-10 08:50:00+03,2026-05-10 08:55:00+03,2026-05-10 08:52:20.053375+03,140.053,159.94662460,93.34000000,93.39000000,-0.05000000,-5.35389228,15919681075178087163234762820802826179525053180317466328285309413256466015063,0.09000000,0.12000000,0.10500000,0.10500000,mid,clob_rest,1008.19080000,55857496652603256880468046455843203903294264806345501053628564764058905897482,0.88000000,0.91000000,0.89500000,0.89500000,mid,clob_rest,771.78150000,"{""asset_symbol"": ""SOL"", ""price_source"": ""BinanceCryptoTradeWebSocket"", ""market_active"": true, ""market_closed"": false, ""up_book_error"": null, ""binance_symbol"": ""SOLUSDT"", ""up_book_source"": ""clob_rest"", ""up_book_status"": ""found"", ""down_book_error"": null, ""market_archived"": false, ""down_book_source"": ""clob_rest"", ""down_book_status"": ""found"", ""market_accepting_orders"": true, ""market_enable_order_book"": true}"
SOL,2206777,0x2e0afa4c652b2dd9bbcf435fff2b3afa1d9886d6a17674732a0dbf4277e38503,sol-updown-5m-1778392200,2026-05-10 08:50:00+03,2026-05-10 08:55:00+03,2026-05-10 08:52:26.080204+03,146.080,153.91979560,93.34000000,93.39000000,-0.05000000,-5.35389228,15919681075178087163234762820802826179525053180317466328285309413256466015063,0.09000000,0.11000000,0.10000000,0.10000000,mid,clob_rest,777.66060000,55857496652603256880468046455843203903294264806345501053628564764058905897482,0.89000000,0.91000000,0.90000000,0.90000000,mid,clob_rest,817.90250000,"{""asset_symbol"": ""SOL"", ""price_source"": ""BinanceCryptoTradeWebSocket"", ""market_active"": true, ""market_closed"": false, ""up_book_error"": null, ""binance_symbol"": ""SOLUSDT"", ""up_book_source"": ""clob_rest"", ""up_book_status"": ""found"", ""down_book_error"": null, ""market_archived"": false, ""down_book_source"": ""clob_rest"", ""down_book_status"": ""found"", ""market_accepting_orders"": true, ""market_enable_order_book"": true}"
SOL,2206777,0x2e0afa4c652b2dd9bbcf435fff2b3afa1d9886d6a17674732a0dbf4277e38503,sol-updown-5m-1778392200,2026-05-10 08:50:00+03,2026-05-10 08:55:00+03,2026-05-10 08:52:31.994+03,151.994,148.00599960,93.33000000,93.39000000,-0.06000000,-6.42467074,15919681075178087163234762820802826179525053180317466328285309413256466015063,0.09000000,0.11000000,0.10000000,0.10000000,mid,clob_rest,919.83240000,55857496652603256880468046455843203903294264806345501053628564764058905897482,0.89000000,0.91000000,0.90000000,0.90000000,mid,clob_rest,984.97950000,"{""asset_symbol"": ""SOL"", ""price_source"": ""BinanceCryptoTradeWebSocket"", ""market_active"": true, ""market_closed"": false, ""up_book_error"": null, ""binance_symbol"": ""SOLUSDT"", ""up_book_source"": ""clob_rest"", ""up_book_status"": ""found"", ""down_book_error"": null, ""market_archived"": false, ""down_book_source"": ""clob_rest"", ""down_book_status"": ""found"", ""market_accepting_orders"": true, ""market_enable_order_book"": true}"
SOL,2206777,0x2e0afa4c652b2dd9bbcf435fff2b3afa1d9886d6a17674732a0dbf4277e38503,sol-updown-5m-1778392200,2026-05-10 08:50:00+03,2026-05-10 08:55:00+03,2026-05-10 08:52:37.796102+03,157.796,142.20389720,93.34000000,93.39000000,-0.05000000,-5.35389228,15919681075178087163234762820802826179525053180317466328285309413256466015063,0.09000000,0.11000000,0.10000000,0.10000000,mid,clob_rest,1261.61690000,55857496652603256880468046455843203903294264806345501053628564764058905897482,0.89000000,0.91000000,0.90000000,0.90000000,mid,clob_rest,1326.19780000,"{""asset_symbol"": ""SOL"", ""price_source"": ""BinanceCryptoTradeWebSocket"", ""market_active"": true, ""market_closed"": false, ""up_book_error"": null, ""binance_symbol"": ""SOLUSDT"", ""up_book_source"": ""clob_rest"", ""up_book_status"": ""found"", ""down_book_error"": null, ""market_archived"": false, ""down_book_source"": ""clob_rest"", ""down_book_status"": ""found"", ""market_accepting_orders"": true, ""market_enable_order_book"": true}"
SOL,2206777,0x2e0afa4c652b2dd9bbcf435fff2b3afa1d9886d6a17674732a0dbf4277e38503,sol-updown-5m-1778392200,2026-05-10 08:50:00+03,2026-05-10 08:55:00+03,2026-05-10 08:52:43.691502+03,163.692,136.30849780,93.34000000,93.39000000,-0.05000000,-5.35389228,15919681075178087163234762820802826179525053180317466328285309413256466015063,0.09000000,0.10000000,0.09500000,0.09500000,mid,clob_rest,924.06270000,55857496652603256880468046455843203903294264806345501053628564764058905897482,0.90000000,0.91000000,0.90500000,0.90500000,mid,clob_rest,770.83840000,"{""asset_symbol"": ""SOL"", ""price_source"": ""BinanceCryptoTradeWebSocket"", ""market_active"": true, ""market_closed"": false, ""up_book_error"": null, ""binance_symbol"": ""SOLUSDT"", ""up_book_source"": ""clob_rest"", ""up_book_status"": ""found"", ""down_book_error"": null, ""market_archived"": false, ""down_book_source"": ""clob_rest"", ""down_book_status"": ""found"", ""market_accepting_orders"": true, ""market_enable_order_book"": true}"
SOL,2206777,0x2e0afa4c652b2dd9bbcf435fff2b3afa1d9886d6a17674732a0dbf4277e38503,sol-updown-5m-1778392200,2026-05-10 08:50:00+03,2026-05-10 08:55:00+03,2026-05-10 08:52:49.494575+03,169.495,130.50542450,93.34000000,93.39000000,-0.05000000,-5.35389228,15919681075178087163234762820802826179525053180317466328285309413256466015063,0.07000000,0.09000000,0.08000000,0.08000000,mid,clob_rest,798.62800000,55857496652603256880468046455843203903294264806345501053628564764058905897482,0.91000000,0.93000000,0.92000000,0.92000000,mid,clob_rest,930.31960000,"{""asset_symbol"": ""SOL"", ""price_source"": ""BinanceCryptoTradeWebSocket"", ""market_active"": true, ""market_closed"": false, ""up_book_error"": null, ""binance_symbol"": ""SOLUSDT"", ""up_book_source"": ""clob_rest"", ""up_book_status"": ""found"", ""down_book_error"": null, ""market_archived"": false, ""down_book_source"": ""clob_rest"", ""down_book_status"": ""found"", ""market_accepting_orders"": true, ""market_enable_order_book"": true}"
SOL,2206777,0x2e0afa4c652b2dd9bbcf435fff2b3afa1d9886d6a17674732a0dbf4277e38503,sol-updown-5m-1778392200,2026-05-10 08:50:00+03,2026-05-10 08:55:00+03,2026-05-10 08:52:55.381836+03,175.382,124.61816340,93.34000000,93.39000000,-0.05000000,-5.35389228,15919681075178087163234762820802826179525053180317466328285309413256466015063,0.07000000,0.09000000,0.08000000,0.08000000,mid,clob_rest,867.29690000,55857496652603256880468046455843203903294264806345501053628564764058905897482,0.91000000,0.93000000,0.92000000,0.92000000,mid,clob_rest,933.60920000,"{""asset_symbol"": ""SOL"", ""price_source"": ""BinanceCryptoTradeWebSocket"", ""market_active"": true, ""market_closed"": false, ""up_book_error"": null, ""binance_symbol"": ""SOLUSDT"", ""up_book_source"": ""clob_rest"", ""up_book_status"": ""found"", ""down_book_error"": null, ""market_archived"": false, ""down_book_source"": ""clob_rest"", ""down_book_status"": ""found"", ""market_accepting_orders"": true, ""market_enable_order_book"": true}"
SOL,2206777,0x2e0afa4c652b2dd9bbcf435fff2b3afa1d9886d6a17674732a0dbf4277e38503,sol-updown-5m-1778392200,2026-05-10 08:50:00+03,2026-05-10 08:55:00+03,2026-05-10 08:53:01.191757+03,181.192,118.80824300,93.34000000,93.39000000,-0.05000000,-5.35389228,15919681075178087163234762820802826179525053180317466328285309413256466015063,0.06000000,0.09000000,0.07500000,0.07500000,mid,clob_rest,727.24020000,55857496652603256880468046455843203903294264806345501053628564764058905897482,0.91000000,0.94000000,0.92500000,0.92500000,mid,clob_rest,770.94050000,"{""asset_symbol"": ""SOL"", ""price_source"": ""BinanceCryptoTradeWebSocket"", ""market_active"": true, ""market_closed"": false, ""up_book_error"": null, ""binance_symbol"": ""SOLUSDT"", ""up_book_source"": ""clob_rest"", ""up_book_status"": ""found"", ""down_book_error"": null, ""market_archived"": false, ""down_book_source"": ""clob_rest"", ""down_book_status"": ""found"", ""market_accepting_orders"": true, ""market_enable_order_book"": true}"
SOL,2206777,0x2e0afa4c652b2dd9bbcf435fff2b3afa1d9886d6a17674732a0dbf4277e38503,sol-updown-5m-1778392200,2026-05-10 08:50:00+03,2026-05-10 08:55:00+03,2026-05-10 08:53:07.212654+03,187.213,112.78734540,93.34000000,93.39000000,-0.05000000,-5.35389228,15919681075178087163234762820802826179525053180317466328285309413256466015063,0.06000000,0.08000000,0.07000000,0.07000000,mid,clob_rest,736.98440000,55857496652603256880468046455843203903294264806345501053628564764058905897482,0.92000000,0.94000000,0.93000000,0.93000000,mid,clob_rest,753.70910000,"{""asset_symbol"": ""SOL"", ""price_source"": ""BinanceCryptoTradeWebSocket"", ""market_active"": true, ""market_closed"": false, ""up_book_error"": null, ""binance_symbol"": ""SOLUSDT"", ""up_book_source"": ""clob_rest"", ""up_book_status"": ""found"", ""down_book_error"": null, ""market_archived"": false, ""down_book_source"": ""clob_rest"", ""down_book_status"": ""found"", ""market_accepting_orders"": true, ""market_enable_order_book"": true}"
SOL,2206777,0x2e0afa4c652b2dd9bbcf435fff2b3afa1d9886d6a17674732a0dbf4277e38503,sol-updown-5m-1778392200,2026-05-10 08:50:00+03,2026-05-10 08:55:00+03,2026-05-10 08:53:13.13382+03,193.134,106.86618000,93.34000000,93.39000000,-0.05000000,-5.35389228,15919681075178087163234762820802826179525053180317466328285309413256466015063,0.05000000,0.06000000,0.05500000,0.05500000,mid,clob_rest,748.75860000,55857496652603256880468046455843203903294264806345501053628564764058905897482,0.94000000,0.95000000,0.94500000,0.94500000,mid,clob_rest,815.61170000,"{""asset_symbol"": ""SOL"", ""price_source"": ""BinanceCryptoTradeWebSocket"", ""market_active"": true, ""market_closed"": false, ""up_book_error"": null, ""binance_symbol"": ""SOLUSDT"", ""up_book_source"": ""clob_rest"", ""up_book_status"": ""found"", ""down_book_error"": null, ""market_archived"": false, ""down_book_source"": ""clob_rest"", ""down_book_status"": ""found"", ""market_accepting_orders"": true, ""market_enable_order_book"": true}"
SOL,2206777,0x2e0afa4c652b2dd9bbcf435fff2b3afa1d9886d6a17674732a0dbf4277e38503,sol-updown-5m-1778392200,2026-05-10 08:50:00+03,2026-05-10 08:55:00+03,2026-05-10 08:53:18.913071+03,198.913,101.08692870,93.33000000,93.39000000,-0.06000000,-6.42467074,15919681075178087163234762820802826179525053180317466328285309413256466015063,0.05000000,0.06000000,0.05500000,0.05500000,mid,clob_rest,1020.96500000,55857496652603256880468046455843203903294264806345501053628564764058905897482,0.94000000,0.95000000,0.94500000,0.94500000,mid,clob_rest,775.78170000,"{""asset_symbol"": ""SOL"", ""price_source"": ""BinanceCryptoTradeWebSocket"", ""market_active"": true, ""market_closed"": false, ""up_book_error"": null, ""binance_symbol"": ""SOLUSDT"", ""up_book_source"": ""clob_rest"", ""up_book_status"": ""found"", ""down_book_error"": null, ""market_archived"": false, ""down_book_source"": ""clob_rest"", ""down_book_status"": ""found"", ""market_accepting_orders"": true, ""market_enable_order_book"": true}"
SOL,2206777,0x2e0afa4c652b2dd9bbcf435fff2b3afa1d9886d6a17674732a0dbf4277e38503,sol-updown-5m-1778392200,2026-05-10 08:50:00+03,2026-05-10 08:55:00+03,2026-05-10 08:53:24.887511+03,204.888,95.11248890,93.33000000,93.39000000,-0.06000000,-6.42467074,15919681075178087163234762820802826179525053180317466328285309413256466015063,0.05000000,0.06000000,0.05500000,0.05500000,mid,clob_rest,816.54810000,55857496652603256880468046455843203903294264806345501053628564764058905897482,0.94000000,0.95000000,0.94500000,0.94500000,mid,clob_rest,899.07730000,"{""asset_symbol"": ""SOL"", ""price_source"": ""BinanceCryptoTradeWebSocket"", ""market_active"": true, ""market_closed"": false, ""up_book_error"": null, ""binance_symbol"": ""SOLUSDT"", ""up_book_source"": ""clob_rest"", ""up_book_status"": ""found"", ""down_book_error"": null, ""market_archived"": false, ""down_book_source"": ""clob_rest"", ""down_book_status"": ""found"", ""market_accepting_orders"": true, ""market_enable_order_book"": true}"
SOL,2206777,0x2e0afa4c652b2dd9bbcf435fff2b3afa1d9886d6a17674732a0dbf4277e38503,sol-updown-5m-1778392200,2026-05-10 08:50:00+03,2026-05-10 08:55:00+03,2026-05-10 08:53:30.754419+03,210.754,89.24558030,93.33000000,93.39000000,-0.06000000,-6.42467074,15919681075178087163234762820802826179525053180317466328285309413256466015063,0.05000000,0.06000000,0.05500000,0.05500000,mid,clob_rest,787.90990000,55857496652603256880468046455843203903294264806345501053628564764058905897482,0.94000000,0.95000000,0.94500000,0.94500000,mid,clob_rest,912.86280000,"{""asset_symbol"": ""SOL"", ""price_source"": ""BinanceCryptoTradeWebSocket"", ""market_active"": true, ""market_closed"": false, ""up_book_error"": null, ""binance_symbol"": ""SOLUSDT"", ""up_book_source"": ""clob_rest"", ""up_book_status"": ""found"", ""down_book_error"": null, ""market_archived"": false, ""down_book_source"": ""clob_rest"", ""down_book_status"": ""found"", ""market_accepting_orders"": true, ""market_enable_order_book"": true}"
SOL,2206777,0x2e0afa4c652b2dd9bbcf435fff2b3afa1d9886d6a17674732a0dbf4277e38503,sol-updown-5m-1778392200,2026-05-10 08:50:00+03,2026-05-10 08:55:00+03,2026-05-10 08:53:36.694825+03,216.695,83.30517500,93.33000000,93.39000000,-0.06000000,-6.42467074,15919681075178087163234762820802826179525053180317466328285309413256466015063,0.03000000,0.04000000,0.03500000,0.03500000,mid,clob_rest,1041.29390000,55857496652603256880468046455843203903294264806345501053628564764058905897482,0.96000000,0.97000000,0.96500000,0.96500000,mid,clob_rest,1126.32790000,"{""asset_symbol"": ""SOL"", ""price_source"": ""BinanceCryptoTradeWebSocket"", ""market_active"": true, ""market_closed"": false, ""up_book_error"": null, ""binance_symbol"": ""SOLUSDT"", ""up_book_source"": ""clob_rest"", ""up_book_status"": ""found"", ""down_book_error"": null, ""market_archived"": false, ""down_book_source"": ""clob_rest"", ""down_book_status"": ""found"", ""market_accepting_orders"": true, ""market_enable_order_book"": true}"
SOL,2206777,0x2e0afa4c652b2dd9bbcf435fff2b3afa1d9886d6a17674732a0dbf4277e38503,sol-updown-5m-1778392200,2026-05-10 08:50:00+03,2026-05-10 08:55:00+03,2026-05-10 08:53:42.512436+03,222.512,77.48756400,93.33000000,93.39000000,-0.06000000,-6.42467074,15919681075178087163234762820802826179525053180317466328285309413256466015063,0.02000000,0.03000000,0.02500000,0.02500000,mid,clob_rest,716.32700000,55857496652603256880468046455843203903294264806345501053628564764058905897482,0.97000000,0.98000000,0.97500000,0.97500000,mid,clob_rest,782.77370000,"{""asset_symbol"": ""SOL"", ""price_source"": ""BinanceCryptoTradeWebSocket"", ""market_active"": true, ""market_closed"": false, ""up_book_error"": null, ""binance_symbol"": ""SOLUSDT"", ""up_book_source"": ""clob_rest"", ""up_book_status"": ""found"", ""down_book_error"": null, ""market_archived"": false, ""down_book_source"": ""clob_rest"", ""down_book_status"": ""found"", ""market_accepting_orders"": true, ""market_enable_order_book"": true}"
SOL,2206777,0x2e0afa4c652b2dd9bbcf435fff2b3afa1d9886d6a17674732a0dbf4277e38503,sol-updown-5m-1778392200,2026-05-10 08:50:00+03,2026-05-10 08:55:00+03,2026-05-10 08:53:48.355959+03,228.356,71.64404070,93.33000000,93.39000000,-0.06000000,-6.42467074,15919681075178087163234762820802826179525053180317466328285309413256466015063,0.02000000,0.04000000,0.03000000,0.03000000,mid,clob_rest,1683.59680000,55857496652603256880468046455843203903294264806345501053628564764058905897482,0.96000000,0.98000000,0.97000000,0.97000000,mid,clob_rest,1749.57010000,"{""asset_symbol"": ""SOL"", ""price_source"": ""BinanceCryptoTradeWebSocket"", ""market_active"": true, ""market_closed"": false, ""up_book_error"": null, ""binance_symbol"": ""SOLUSDT"", ""up_book_source"": ""clob_rest"", ""up_book_status"": ""found"", ""down_book_error"": null, ""market_archived"": false, ""down_book_source"": ""clob_rest"", ""down_book_status"": ""found"", ""market_accepting_orders"": true, ""market_enable_order_book"": true}"
SOL,2206777,0x2e0afa4c652b2dd9bbcf435fff2b3afa1d9886d6a17674732a0dbf4277e38503,sol-updown-5m-1778392200,2026-05-10 08:50:00+03,2026-05-10 08:55:00+03,2026-05-10 08:53:54.153591+03,234.154,65.84640890,93.33000000,93.39000000,-0.06000000,-6.42467074,15919681075178087163234762820802826179525053180317466328285309413256466015063,0.02000000,0.04000000,0.03000000,0.03000000,mid,clob_rest,916.77910000,55857496652603256880468046455843203903294264806345501053628564764058905897482,0.96000000,0.98000000,0.97000000,0.97000000,mid,clob_rest,773.88740000,"{""asset_symbol"": ""SOL"", ""price_source"": ""BinanceCryptoTradeWebSocket"", ""market_active"": true, ""market_closed"": false, ""up_book_error"": null, ""binance_symbol"": ""SOLUSDT"", ""up_book_source"": ""clob_rest"", ""up_book_status"": ""found"", ""down_book_error"": null, ""market_archived"": false, ""down_book_source"": ""clob_rest"", ""down_book_status"": ""found"", ""market_accepting_orders"": true, ""market_enable_order_book"": true}"
SOL,2206777,0x2e0afa4c652b2dd9bbcf435fff2b3afa1d9886d6a17674732a0dbf4277e38503,sol-updown-5m-1778392200,2026-05-10 08:50:00+03,2026-05-10 08:55:00+03,2026-05-10 08:53:59.768164+03,239.768,60.23183540,93.32000000,93.39000000,-0.07000000,-7.49544919,15919681075178087163234762820802826179525053180317466328285309413256466015063,0.02000000,0.03000000,0.02500000,0.02500000,mid,clob_rest,842.31700000,55857496652603256880468046455843203903294264806345501053628564764058905897482,0.97000000,0.98000000,0.97500000,0.97500000,mid,clob_rest,913.03670000,"{""asset_symbol"": ""SOL"", ""price_source"": ""BinanceCryptoTradeWebSocket"", ""market_active"": true, ""market_closed"": false, ""up_book_error"": null, ""binance_symbol"": ""SOLUSDT"", ""up_book_source"": ""clob_rest"", ""up_book_status"": ""found"", ""down_book_error"": null, ""market_archived"": false, ""down_book_source"": ""clob_rest"", ""down_book_status"": ""found"", ""market_accepting_orders"": true, ""market_enable_order_book"": true}"
SOL,2206777,0x2e0afa4c652b2dd9bbcf435fff2b3afa1d9886d6a17674732a0dbf4277e38503,sol-updown-5m-1778392200,2026-05-10 08:50:00+03,2026-05-10 08:55:00+03,2026-05-10 08:54:05.460093+03,245.460,54.53990700,93.34000000,93.39000000,-0.05000000,-5.35389228,15919681075178087163234762820802826179525053180317466328285309413256466015063,0.02000000,0.03000000,0.02500000,0.02500000,mid,clob_rest,808.62090000,55857496652603256880468046455843203903294264806345501053628564764058905897482,0.97000000,0.98000000,0.97500000,0.97500000,mid,clob_rest,760.08920000,"{""asset_symbol"": ""SOL"", ""price_source"": ""BinanceCryptoTradeWebSocket"", ""market_active"": true, ""market_closed"": false, ""up_book_error"": null, ""binance_symbol"": ""SOLUSDT"", ""up_book_source"": ""clob_rest"", ""up_book_status"": ""found"", ""down_book_error"": null, ""market_archived"": false, ""down_book_source"": ""clob_rest"", ""down_book_status"": ""found"", ""market_accepting_orders"": true, ""market_enable_order_book"": true}"
SOL,2206777,0x2e0afa4c652b2dd9bbcf435fff2b3afa1d9886d6a17674732a0dbf4277e38503,sol-updown-5m-1778392200,2026-05-10 08:50:00+03,2026-05-10 08:55:00+03,2026-05-10 08:54:11.387054+03,251.387,48.61294570,93.33000000,93.39000000,-0.06000000,-6.42467074,15919681075178087163234762820802826179525053180317466328285309413256466015063,0.02000000,0.03000000,0.02500000,0.02500000,mid,clob_rest,1374.36640000,55857496652603256880468046455843203903294264806345501053628564764058905897482,0.97000000,0.98000000,0.97500000,0.97500000,mid,clob_rest,1444.20930000,"{""asset_symbol"": ""SOL"", ""price_source"": ""BinanceCryptoTradeWebSocket"", ""market_active"": true, ""market_closed"": false, ""up_book_error"": null, ""binance_symbol"": ""SOLUSDT"", ""up_book_source"": ""clob_rest"", ""up_book_status"": ""found"", ""down_book_error"": null, ""market_archived"": false, ""down_book_source"": ""clob_rest"", ""down_book_status"": ""found"", ""market_accepting_orders"": true, ""market_enable_order_book"": true}"
SOL,2206777,0x2e0afa4c652b2dd9bbcf435fff2b3afa1d9886d6a17674732a0dbf4277e38503,sol-updown-5m-1778392200,2026-05-10 08:50:00+03,2026-05-10 08:55:00+03,2026-05-10 08:54:17.229259+03,257.229,42.77074070,93.34000000,93.39000000,-0.05000000,-5.35389228,15919681075178087163234762820802826179525053180317466328285309413256466015063,0.02000000,0.03000000,0.02500000,0.02500000,mid,clob_rest,4885.40730000,55857496652603256880468046455843203903294264806345501053628564764058905897482,0.97000000,0.98000000,0.97500000,0.97500000,mid,clob_rest,4952.41010000,"{""asset_symbol"": ""SOL"", ""price_source"": ""BinanceCryptoTradeWebSocket"", ""market_active"": true, ""market_closed"": false, ""up_book_error"": null, ""binance_symbol"": ""SOLUSDT"", ""up_book_source"": ""clob_rest"", ""up_book_status"": ""found"", ""down_book_error"": null, ""market_archived"": false, ""down_book_source"": ""clob_rest"", ""down_book_status"": ""found"", ""market_accepting_orders"": true, ""market_enable_order_book"": true}"
SOL,2206777,0x2e0afa4c652b2dd9bbcf435fff2b3afa1d9886d6a17674732a0dbf4277e38503,sol-updown-5m-1778392200,2026-05-10 08:50:00+03,2026-05-10 08:55:00+03,2026-05-10 08:54:23.103734+03,263.104,36.89626560,93.33000000,93.39000000,-0.06000000,-6.42467074,15919681075178087163234762820802826179525053180317466328285309413256466015063,0.02000000,0.03000000,0.02500000,0.02500000,mid,clob_rest,996.65910000,55857496652603256880468046455843203903294264806345501053628564764058905897482,0.97000000,0.98000000,0.97500000,0.97500000,mid,clob_rest,1070.90110000,"{""asset_symbol"": ""SOL"", ""price_source"": ""BinanceCryptoTradeWebSocket"", ""market_active"": true, ""market_closed"": false, ""up_book_error"": null, ""binance_symbol"": ""SOLUSDT"", ""up_book_source"": ""clob_rest"", ""up_book_status"": ""found"", ""down_book_error"": null, ""market_archived"": false, ""down_book_source"": ""clob_rest"", ""down_book_status"": ""found"", ""market_accepting_orders"": true, ""market_enable_order_book"": true}"
SOL,2206777,0x2e0afa4c652b2dd9bbcf435fff2b3afa1d9886d6a17674732a0dbf4277e38503,sol-updown-5m-1778392200,2026-05-10 08:50:00+03,2026-05-10 08:55:00+03,2026-05-10 08:54:28.916373+03,268.916,31.08362610,93.33000000,93.39000000,-0.06000000,-6.42467074,15919681075178087163234762820802826179525053180317466328285309413256466015063,0.02000000,0.03000000,0.02500000,0.02500000,mid,clob_rest,734.51600000,55857496652603256880468046455843203903294264806345501053628564764058905897482,0.97000000,0.98000000,0.97500000,0.97500000,mid,clob_rest,736.62640000,"{""asset_symbol"": ""SOL"", ""price_source"": ""BinanceCryptoTradeWebSocket"", ""market_active"": true, ""market_closed"": false, ""up_book_error"": null, ""binance_symbol"": ""SOLUSDT"", ""up_book_source"": ""clob_rest"", ""up_book_status"": ""found"", ""down_book_error"": null, ""market_archived"": false, ""down_book_source"": ""clob_rest"", ""down_book_status"": ""found"", ""market_accepting_orders"": true, ""market_enable_order_book"": true}"
SOL,2206777,0x2e0afa4c652b2dd9bbcf435fff2b3afa1d9886d6a17674732a0dbf4277e38503,sol-updown-5m-1778392200,2026-05-10 08:50:00+03,2026-05-10 08:55:00+03,2026-05-10 08:54:34.864149+03,274.864,25.13585080,93.33000000,93.39000000,-0.06000000,-6.42467074,15919681075178087163234762820802826179525053180317466328285309413256466015063,,0.01000000,,0.01000000,ask_only,clob_rest,796.72990000,55857496652603256880468046455843203903294264806345501053628564764058905897482,0.99000000,,,0.99000000,bid_only,clob_rest,957.84660000,"{""asset_symbol"": ""SOL"", ""price_source"": ""BinanceCryptoTradeWebSocket"", ""market_active"": true, ""market_closed"": false, ""up_book_error"": null, ""binance_symbol"": ""SOLUSDT"", ""up_book_source"": ""clob_rest"", ""up_book_status"": ""found"", ""down_book_error"": null, ""market_archived"": false, ""down_book_source"": ""clob_rest"", ""down_book_status"": ""found"", ""market_accepting_orders"": true, ""market_enable_order_book"": true}"
SOL,2206777,0x2e0afa4c652b2dd9bbcf435fff2b3afa1d9886d6a17674732a0dbf4277e38503,sol-updown-5m-1778392200,2026-05-10 08:50:00+03,2026-05-10 08:55:00+03,2026-05-10 08:54:40.891205+03,280.891,19.10879490,93.32000000,93.39000000,-0.07000000,-7.49544919,15919681075178087163234762820802826179525053180317466328285309413256466015063,,0.01000000,,0.01000000,ask_only,clob_rest,882.72490000,55857496652603256880468046455843203903294264806345501053628564764058905897482,0.99000000,,,0.99000000,bid_only,clob_rest,1005.80710000,"{""asset_symbol"": ""SOL"", ""price_source"": ""BinanceCryptoTradeWebSocket"", ""market_active"": true, ""market_closed"": false, ""up_book_error"": null, ""binance_symbol"": ""SOLUSDT"", ""up_book_source"": ""clob_rest"", ""up_book_status"": ""found"", ""down_book_error"": null, ""market_archived"": false, ""down_book_source"": ""clob_rest"", ""down_book_status"": ""found"", ""market_accepting_orders"": true, ""market_enable_order_book"": true}"
SOL,2206777,0x2e0afa4c652b2dd9bbcf435fff2b3afa1d9886d6a17674732a0dbf4277e38503,sol-updown-5m-1778392200,2026-05-10 08:50:00+03,2026-05-10 08:55:00+03,2026-05-10 08:54:46.916157+03,286.916,13.08384250,93.32000000,93.39000000,-0.07000000,-7.49544919,15919681075178087163234762820802826179525053180317466328285309413256466015063,,0.01000000,,0.01000000,ask_only,clob_rest,1180.79340000,55857496652603256880468046455843203903294264806345501053628564764058905897482,0.99000000,,,0.99000000,bid_only,clob_rest,1320.68840000,"{""asset_symbol"": ""SOL"", ""price_source"": ""BinanceCryptoTradeWebSocket"", ""market_active"": true, ""market_closed"": false, ""up_book_error"": null, ""binance_symbol"": ""SOLUSDT"", ""up_book_source"": ""clob_rest"", ""up_book_status"": ""found"", ""down_book_error"": null, ""market_archived"": false, ""down_book_source"": ""clob_rest"", ""down_book_status"": ""found"", ""market_accepting_orders"": true, ""market_enable_order_book"": true}"
SOL,2206777,0x2e0afa4c652b2dd9bbcf435fff2b3afa1d9886d6a17674732a0dbf4277e38503,sol-updown-5m-1778392200,2026-05-10 08:50:00+03,2026-05-10 08:55:00+03,2026-05-10 08:54:52.985625+03,292.986,7.01437460,93.32000000,93.39000000,-0.07000000,-7.49544919,15919681075178087163234762820802826179525053180317466328285309413256466015063,,0.01000000,,0.01000000,ask_only,clob_rest,1742.37310000,55857496652603256880468046455843203903294264806345501053628564764058905897482,0.99000000,,,0.99000000,bid_only,clob_rest,1832.82690000,"{""asset_symbol"": ""SOL"", ""price_source"": ""BinanceCryptoTradeWebSocket"", ""market_active"": true, ""market_closed"": false, ""up_book_error"": null, ""binance_symbol"": ""SOLUSDT"", ""up_book_source"": ""clob_rest"", ""up_book_status"": ""found"", ""down_book_error"": null, ""market_archived"": false, ""down_book_source"": ""clob_rest"", ""down_book_status"": ""found"", ""market_accepting_orders"": true, ""market_enable_order_book"": true}"
SOL,2206777,0x2e0afa4c652b2dd9bbcf435fff2b3afa1d9886d6a17674732a0dbf4277e38503,sol-updown-5m-1778392200,2026-05-10 08:50:00+03,2026-05-10 08:55:00+03,2026-05-10 08:54:58.90039+03,298.900,1.09961000,93.32000000,93.39000000,-0.07000000,-7.49544919,15919681075178087163234762820802826179525053180317466328285309413256466015063,,0.01000000,,0.01000000,ask_only,clob_rest,752.72050000,55857496652603256880468046455843203903294264806345501053628564764058905897482,0.99000000,,,0.99000000,bid_only,clob_rest,789.27760000,"{""asset_symbol"": ""SOL"", ""price_source"": ""BinanceCryptoTradeWebSocket"", ""market_active"": true, ""market_closed"": false, ""up_book_error"": null, ""binance_symbol"": ""SOLUSDT"", ""up_book_source"": ""clob_rest"", ""up_book_status"": ""found"", ""down_book_error"": null, ""market_archived"": false, ""down_book_source"": ""clob_rest"", ""down_book_status"": ""found"", ""market_accepting_orders"": true, ""market_enable_order_book"": true}"
SOL,2207353,0x2f332a0cffa021902c1f960e13d3cf3a24050ce4fedc45d809171e7b63ac747c,sol-updown-5m-1778392500,2026-05-10 08:55:00+03,2026-05-10 09:00:00+03,2026-05-10 08:55:04.75044+03,4.750,295.24956000,93.32000000,93.32000000,0.00000000,0.00000000,35672814427304000232608570986456424769177055401357018510623883776965698279197,0.56000000,0.61000000,0.58500000,0.58500000,mid,clob_rest,845.78070000,93042875584025208939766313296916375674852873293326912546063613160637114012278,0.39000000,0.44000000,0.41500000,0.41500000,mid,clob_rest,884.89120000,"{""asset_symbol"": ""SOL"", ""price_source"": ""BinanceCryptoTradeWebSocket"", ""market_active"": true, ""market_closed"": false, ""up_book_error"": null, ""binance_symbol"": ""SOLUSDT"", ""up_book_source"": ""clob_rest"", ""up_book_status"": ""found"", ""down_book_error"": null, ""market_archived"": false, ""down_book_source"": ""clob_rest"", ""down_book_status"": ""found"", ""market_accepting_orders"": true, ""market_enable_order_book"": true}"
SOL,2207353,0x2f332a0cffa021902c1f960e13d3cf3a24050ce4fedc45d809171e7b63ac747c,sol-updown-5m-1778392500,2026-05-10 08:55:00+03,2026-05-10 09:00:00+03,2026-05-10 08:55:10.667165+03,10.667,289.33283430,93.33000000,93.32000000,0.01000000,1.07158165,35672814427304000232608570986456424769177055401357018510623883776965698279197,0.56000000,0.64000000,0.60000000,0.60000000,mid,clob_rest,816.11480000,93042875584025208939766313296916375674852873293326912546063613160637114012278,0.36000000,0.42000000,0.39000000,0.39000000,mid,clob_rest,775.60010000,"{""asset_symbol"": ""SOL"", ""price_source"": ""BinanceCryptoTradeWebSocket"", ""market_active"": true, ""market_closed"": false, ""up_book_error"": null, ""binance_symbol"": ""SOLUSDT"", ""up_book_source"": ""clob_rest"", ""up_book_status"": ""found"", ""down_book_error"": null, ""market_archived"": false, ""down_book_source"": ""clob_rest"", ""down_book_status"": ""found"", ""market_accepting_orders"": true, ""market_enable_order_book"": true}"
SOL,2207353,0x2f332a0cffa021902c1f960e13d3cf3a24050ce4fedc45d809171e7b63ac747c,sol-updown-5m-1778392500,2026-05-10 08:55:00+03,2026-05-10 09:00:00+03,2026-05-10 08:55:16.583384+03,16.583,283.41661560,93.34000000,93.32000000,0.02000000,2.14316331,35672814427304000232608570986456424769177055401357018510623883776965698279197,0.56000000,0.60000000,0.58000000,0.58000000,mid,clob_rest,833.25380000,93042875584025208939766313296916375674852873293326912546063613160637114012278,0.40000000,0.44000000,0.42000000,0.42000000,mid,clob_rest,791.84970000,"{""asset_symbol"": ""SOL"", ""price_source"": ""BinanceCryptoTradeWebSocket"", ""market_active"": true, ""market_closed"": false, ""up_book_error"": null, ""binance_symbol"": ""SOLUSDT"", ""up_book_source"": ""clob_rest"", ""up_book_status"": ""found"", ""down_book_error"": null, ""market_archived"": false, ""down_book_source"": ""clob_rest"", ""down_book_status"": ""found"", ""market_accepting_orders"": true, ""market_enable_order_book"": true}"
SOL,2207353,0x2f332a0cffa021902c1f960e13d3cf3a24050ce4fedc45d809171e7b63ac747c,sol-updown-5m-1778392500,2026-05-10 08:55:00+03,2026-05-10 09:00:00+03,2026-05-10 08:55:22.483551+03,22.484,277.51644820,93.33000000,93.32000000,0.01000000,1.07158165,35672814427304000232608570986456424769177055401357018510623883776965698279197,0.60000000,0.65000000,0.62500000,0.62500000,mid,clob_rest,1133.20880000,93042875584025208939766313296916375674852873293326912546063613160637114012278,0.35000000,0.40000000,0.37500000,0.37500000,mid,clob_rest,1198.79220000,"{""asset_symbol"": ""SOL"", ""price_source"": ""BinanceCryptoTradeWebSocket"", ""market_active"": true, ""market_closed"": false, ""up_book_error"": null, ""binance_symbol"": ""SOLUSDT"", ""up_book_source"": ""clob_rest"", ""up_book_status"": ""found"", ""down_book_error"": null, ""market_archived"": false, ""down_book_source"": ""clob_rest"", ""down_book_status"": ""found"", ""market_accepting_orders"": true, ""market_enable_order_book"": true}"
SOL,2207353,0x2f332a0cffa021902c1f960e13d3cf3a24050ce4fedc45d809171e7b63ac747c,sol-updown-5m-1778392500,2026-05-10 08:55:00+03,2026-05-10 09:00:00+03,2026-05-10 08:55:28.268422+03,28.268,271.73157750,93.34000000,93.32000000,0.02000000,2.14316331,35672814427304000232608570986456424769177055401357018510623883776965698279197,0.62000000,0.65000000,0.63500000,0.63500000,mid,clob_rest,770.43530000,93042875584025208939766313296916375674852873293326912546063613160637114012278,0.35000000,0.38000000,0.36500000,0.36500000,mid,clob_rest,748.85330000,"{""asset_symbol"": ""SOL"", ""price_source"": ""BinanceCryptoTradeWebSocket"", ""market_active"": true, ""market_closed"": false, ""up_book_error"": null, ""binance_symbol"": ""SOLUSDT"", ""up_book_source"": ""clob_rest"", ""up_book_status"": ""found"", ""down_book_error"": null, ""market_archived"": false, ""down_book_source"": ""clob_rest"", ""down_book_status"": ""found"", ""market_accepting_orders"": true, ""market_enable_order_book"": true}"
SOL,2207353,0x2f332a0cffa021902c1f960e13d3cf3a24050ce4fedc45d809171e7b63ac747c,sol-updown-5m-1778392500,2026-05-10 08:55:00+03,2026-05-10 09:00:00+03,2026-05-10 08:55:34.04075+03,34.041,265.95924920,93.34000000,93.32000000,0.02000000,2.14316331,35672814427304000232608570986456424769177055401357018510623883776965698279197,0.55000000,0.56000000,0.55500000,0.55500000,mid,clob_rest,775.53900000,93042875584025208939766313296916375674852873293326912546063613160637114012278,0.44000000,0.45000000,0.44500000,0.44500000,mid,clob_rest,857.71480000,"{""asset_symbol"": ""SOL"", ""price_source"": ""BinanceCryptoTradeWebSocket"", ""market_active"": true, ""market_closed"": false, ""up_book_error"": null, ""binance_symbol"": ""SOLUSDT"", ""up_book_source"": ""clob_rest"", ""up_book_status"": ""found"", ""down_book_error"": null, ""market_archived"": false, ""down_book_source"": ""clob_rest"", ""down_book_status"": ""found"", ""market_accepting_orders"": true, ""market_enable_order_book"": true}"
SOL,2207353,0x2f332a0cffa021902c1f960e13d3cf3a24050ce4fedc45d809171e7b63ac747c,sol-updown-5m-1778392500,2026-05-10 08:55:00+03,2026-05-10 09:00:00+03,2026-05-10 08:55:39.992801+03,39.993,260.00719820,93.34000000,93.32000000,0.02000000,2.14316331,35672814427304000232608570986456424769177055401357018510623883776965698279197,0.51000000,0.61000000,0.56000000,0.56000000,mid,clob_rest,743.36180000,93042875584025208939766313296916375674852873293326912546063613160637114012278,0.39000000,0.49000000,0.44000000,0.44000000,mid,clob_rest,802.43470000,"{""asset_symbol"": ""SOL"", ""price_source"": ""BinanceCryptoTradeWebSocket"", ""market_active"": true, ""market_closed"": false, ""up_book_error"": null, ""binance_symbol"": ""SOLUSDT"", ""up_book_source"": ""clob_rest"", ""up_book_status"": ""found"", ""down_book_error"": null, ""market_archived"": false, ""down_book_source"": ""clob_rest"", ""down_book_status"": ""found"", ""market_accepting_orders"": true, ""market_enable_order_book"": true}"
SOL,2207353,0x2f332a0cffa021902c1f960e13d3cf3a24050ce4fedc45d809171e7b63ac747c,sol-updown-5m-1778392500,2026-05-10 08:55:00+03,2026-05-10 09:00:00+03,2026-05-10 08:55:45.852545+03,45.853,254.14745430,93.33000000,93.32000000,0.01000000,1.07158165,35672814427304000232608570986456424769177055401357018510623883776965698279197,0.54000000,0.59000000,0.56500000,0.56500000,mid,clob_rest,810.55380000,93042875584025208939766313296916375674852873293326912546063613160637114012278,0.41000000,0.46000000,0.43500000,0.43500000,mid,clob_rest,745.70200000,"{""asset_symbol"": ""SOL"", ""price_source"": ""BinanceCryptoTradeWebSocket"", ""market_active"": true, ""market_closed"": false, ""up_book_error"": null, ""binance_symbol"": ""SOLUSDT"", ""up_book_source"": ""clob_rest"", ""up_book_status"": ""found"", ""down_book_error"": null, ""market_archived"": false, ""down_book_source"": ""clob_rest"", ""down_book_status"": ""found"", ""market_accepting_orders"": true, ""market_enable_order_book"": true}"
SOL,2207353,0x2f332a0cffa021902c1f960e13d3cf3a24050ce4fedc45d809171e7b63ac747c,sol-updown-5m-1778392500,2026-05-10 08:55:00+03,2026-05-10 09:00:00+03,2026-05-10 08:55:51.691129+03,51.691,248.30887060,93.33000000,93.32000000,0.01000000,1.07158165,35672814427304000232608570986456424769177055401357018510623883776965698279197,0.57000000,0.60000000,0.58500000,0.58500000,mid,clob_rest,1062.97530000,93042875584025208939766313296916375674852873293326912546063613160637114012278,0.40000000,0.43000000,0.41500000,0.41500000,mid,clob_rest,1149.85530000,"{""asset_symbol"": ""SOL"", ""price_source"": ""BinanceCryptoTradeWebSocket"", ""market_active"": true, ""market_closed"": false, ""up_book_error"": null, ""binance_symbol"": ""SOLUSDT"", ""up_book_source"": ""clob_rest"", ""up_book_status"": ""found"", ""down_book_error"": null, ""market_archived"": false, ""down_book_source"": ""clob_rest"", ""down_book_status"": ""found"", ""market_accepting_orders"": true, ""market_enable_order_book"": true}"
SOL,2207353,0x2f332a0cffa021902c1f960e13d3cf3a24050ce4fedc45d809171e7b63ac747c,sol-updown-5m-1778392500,2026-05-10 08:55:00+03,2026-05-10 09:00:00+03,2026-05-10 08:55:57.786538+03,57.787,242.21346110,93.33000000,93.32000000,0.01000000,1.07158165,35672814427304000232608570986456424769177055401357018510623883776965698279197,0.57000000,0.60000000,0.58500000,0.58500000,mid,clob_rest,819.21070000,93042875584025208939766313296916375674852873293326912546063613160637114012278,0.40000000,0.43000000,0.41500000,0.41500000,mid,clob_rest,900.06870000,"{""asset_symbol"": ""SOL"", ""price_source"": ""BinanceCryptoTradeWebSocket"", ""market_active"": true, ""market_closed"": false, ""up_book_error"": null, ""binance_symbol"": ""SOLUSDT"", ""up_book_source"": ""clob_rest"", ""up_book_status"": ""found"", ""down_book_error"": null, ""market_archived"": false, ""down_book_source"": ""clob_rest"", ""down_book_status"": ""found"", ""market_accepting_orders"": true, ""market_enable_order_book"": true}"
SOL,2207353,0x2f332a0cffa021902c1f960e13d3cf3a24050ce4fedc45d809171e7b63ac747c,sol-updown-5m-1778392500,2026-05-10 08:55:00+03,2026-05-10 09:00:00+03,2026-05-10 08:56:03.663122+03,63.663,236.33687760,93.34000000,93.32000000,0.02000000,2.14316331,35672814427304000232608570986456424769177055401357018510623883776965698279197,0.57000000,0.58000000,0.57500000,0.57500000,mid,clob_rest,994.04190000,93042875584025208939766313296916375674852873293326912546063613160637114012278,0.42000000,0.43000000,0.42500000,0.42500000,mid,clob_rest,1066.60070000,"{""asset_symbol"": ""SOL"", ""price_source"": ""BinanceCryptoTradeWebSocket"", ""market_active"": true, ""market_closed"": false, ""up_book_error"": null, ""binance_symbol"": ""SOLUSDT"", ""up_book_source"": ""clob_rest"", ""up_book_status"": ""found"", ""down_book_error"": null, ""market_archived"": false, ""down_book_source"": ""clob_rest"", ""down_book_status"": ""found"", ""market_accepting_orders"": true, ""market_enable_order_book"": true}"
SOL,2207353,0x2f332a0cffa021902c1f960e13d3cf3a24050ce4fedc45d809171e7b63ac747c,sol-updown-5m-1778392500,2026-05-10 08:55:00+03,2026-05-10 09:00:00+03,2026-05-10 08:56:09.588551+03,69.589,230.41144870,93.33000000,93.32000000,0.01000000,1.07158165,35672814427304000232608570986456424769177055401357018510623883776965698279197,0.59000000,0.61000000,0.60000000,0.60000000,mid,clob_rest,1270.23840000,93042875584025208939766313296916375674852873293326912546063613160637114012278,0.39000000,0.41000000,0.40000000,0.40000000,mid,clob_rest,1332.54950000,"{""asset_symbol"": ""SOL"", ""price_source"": ""BinanceCryptoTradeWebSocket"", ""market_active"": true, ""market_closed"": false, ""up_book_error"": null, ""binance_symbol"": ""SOLUSDT"", ""up_book_source"": ""clob_rest"", ""up_book_status"": ""found"", ""down_book_error"": null, ""market_archived"": false, ""down_book_source"": ""clob_rest"", ""down_book_status"": ""found"", ""market_accepting_orders"": true, ""market_enable_order_book"": true}"
SOL,2207353,0x2f332a0cffa021902c1f960e13d3cf3a24050ce4fedc45d809171e7b63ac747c,sol-updown-5m-1778392500,2026-05-10 08:55:00+03,2026-05-10 09:00:00+03,2026-05-10 08:56:15.40367+03,75.404,224.59632950,93.33000000,93.32000000,0.01000000,1.07158165,35672814427304000232608570986456424769177055401357018510623883776965698279197,0.59000000,0.61000000,0.60000000,0.60000000,mid,clob_rest,753.54980000,93042875584025208939766313296916375674852873293326912546063613160637114012278,0.39000000,0.41000000,0.40000000,0.40000000,mid,clob_rest,825.80280000,"{""asset_symbol"": ""SOL"", ""price_source"": ""BinanceCryptoTradeWebSocket"", ""market_active"": true, ""market_closed"": false, ""up_book_error"": null, ""binance_symbol"": ""SOLUSDT"", ""up_book_source"": ""clob_rest"", ""up_book_status"": ""found"", ""down_book_error"": null, ""market_archived"": false, ""down_book_source"": ""clob_rest"", ""down_book_status"": ""found"", ""market_accepting_orders"": true, ""market_enable_order_book"": true}"
SOL,2207353,0x2f332a0cffa021902c1f960e13d3cf3a24050ce4fedc45d809171e7b63ac747c,sol-updown-5m-1778392500,2026-05-10 08:55:00+03,2026-05-10 09:00:00+03,2026-05-10 08:56:21.204214+03,81.204,218.79578540,93.34000000,93.32000000,0.02000000,2.14316331,35672814427304000232608570986456424769177055401357018510623883776965698279197,0.58000000,0.61000000,0.59500000,0.59500000,mid,clob_rest,1125.01760000,93042875584025208939766313296916375674852873293326912546063613160637114012278,0.39000000,0.42000000,0.40500000,0.40500000,mid,clob_rest,1197.71360000,"{""asset_symbol"": ""SOL"", ""price_source"": ""BinanceCryptoTradeWebSocket"", ""market_active"": true, ""market_closed"": false, ""up_book_error"": null, ""binance_symbol"": ""SOLUSDT"", ""up_book_source"": ""clob_rest"", ""up_book_status"": ""found"", ""down_book_error"": null, ""market_archived"": false, ""down_book_source"": ""clob_rest"", ""down_book_status"": ""found"", ""market_accepting_orders"": true, ""market_enable_order_book"": true}"
SOL,2207353,0x2f332a0cffa021902c1f960e13d3cf3a24050ce4fedc45d809171e7b63ac747c,sol-updown-5m-1778392500,2026-05-10 08:55:00+03,2026-05-10 09:00:00+03,2026-05-10 08:56:27.06311+03,87.063,212.93689000,93.34000000,93.32000000,0.02000000,2.14316331,35672814427304000232608570986456424769177055401357018510623883776965698279197,0.56000000,0.62000000,0.59000000,0.59000000,mid,clob_rest,821.62620000,93042875584025208939766313296916375674852873293326912546063613160637114012278,0.38000000,0.44000000,0.41000000,0.41000000,mid,clob_rest,734.44230000,"{""asset_symbol"": ""SOL"", ""price_source"": ""BinanceCryptoTradeWebSocket"", ""market_active"": true, ""market_closed"": false, ""up_book_error"": null, ""binance_symbol"": ""SOLUSDT"", ""up_book_source"": ""clob_rest"", ""up_book_status"": ""found"", ""down_book_error"": null, ""market_archived"": false, ""down_book_source"": ""clob_rest"", ""down_book_status"": ""found"", ""market_accepting_orders"": true, ""market_enable_order_book"": true}"
SOL,2207353,0x2f332a0cffa021902c1f960e13d3cf3a24050ce4fedc45d809171e7b63ac747c,sol-updown-5m-1778392500,2026-05-10 08:55:00+03,2026-05-10 09:00:00+03,2026-05-10 08:56:32.945297+03,92.945,207.05470260,93.34000000,93.32000000,0.02000000,2.14316331,35672814427304000232608570986456424769177055401357018510623883776965698279197,0.59000000,0.63000000,0.61000000,0.61000000,mid,clob_rest,933.04870000,93042875584025208939766313296916375674852873293326912546063613160637114012278,0.37000000,0.41000000,0.39000000,0.39000000,mid,clob_rest,1040.66300000,"{""asset_symbol"": ""SOL"", ""price_source"": ""BinanceCryptoTradeWebSocket"", ""market_active"": true, ""market_closed"": false, ""up_book_error"": null, ""binance_symbol"": ""SOLUSDT"", ""up_book_source"": ""clob_rest"", ""up_book_status"": ""found"", ""down_book_error"": null, ""market_archived"": false, ""down_book_source"": ""clob_rest"", ""down_book_status"": ""found"", ""market_accepting_orders"": true, ""market_enable_order_book"": true}"
SOL,2207353,0x2f332a0cffa021902c1f960e13d3cf3a24050ce4fedc45d809171e7b63ac747c,sol-updown-5m-1778392500,2026-05-10 08:55:00+03,2026-05-10 09:00:00+03,2026-05-10 08:56:38.858107+03,98.858,201.14189250,93.34000000,93.32000000,0.02000000,2.14316331,35672814427304000232608570986456424769177055401357018510623883776965698279197,0.59000000,0.63000000,0.61000000,0.61000000,mid,clob_rest,1816.38930000,93042875584025208939766313296916375674852873293326912546063613160637114012278,0.37000000,0.41000000,0.39000000,0.39000000,mid,clob_rest,1934.19580000,"{""asset_symbol"": ""SOL"", ""price_source"": ""BinanceCryptoTradeWebSocket"", ""market_active"": true, ""market_closed"": false, ""up_book_error"": null, ""binance_symbol"": ""SOLUSDT"", ""up_book_source"": ""clob_rest"", ""up_book_status"": ""found"", ""down_book_error"": null, ""market_archived"": false, ""down_book_source"": ""clob_rest"", ""down_book_status"": ""found"", ""market_accepting_orders"": true, ""market_enable_order_book"": true}"
SOL,2207353,0x2f332a0cffa021902c1f960e13d3cf3a24050ce4fedc45d809171e7b63ac747c,sol-updown-5m-1778392500,2026-05-10 08:55:00+03,2026-05-10 09:00:00+03,2026-05-10 08:56:44.706343+03,104.706,195.29365610,93.33000000,93.32000000,0.01000000,1.07158165,35672814427304000232608570986456424769177055401357018510623883776965698279197,0.60000000,0.62000000,0.61000000,0.61000000,mid,clob_rest,1065.95810000,93042875584025208939766313296916375674852873293326912546063613160637114012278,0.38000000,0.40000000,0.39000000,0.39000000,mid,clob_rest,1139.94480000,"{""asset_symbol"": ""SOL"", ""price_source"": ""BinanceCryptoTradeWebSocket"", ""market_active"": true, ""market_closed"": false, ""up_book_error"": null, ""binance_symbol"": ""SOLUSDT"", ""up_book_source"": ""clob_rest"", ""up_book_status"": ""found"", ""down_book_error"": null, ""market_archived"": false, ""down_book_source"": ""clob_rest"", ""down_book_status"": ""found"", ""market_accepting_orders"": true, ""market_enable_order_book"": true}"
SOL,2207353,0x2f332a0cffa021902c1f960e13d3cf3a24050ce4fedc45d809171e7b63ac747c,sol-updown-5m-1778392500,2026-05-10 08:55:00+03,2026-05-10 09:00:00+03,2026-05-10 08:56:50.462147+03,110.462,189.53785220,93.35000000,93.32000000,0.03000000,3.21474496,35672814427304000232608570986456424769177055401357018510623883776965698279197,0.74000000,0.79000000,0.76500000,0.76500000,mid,clob_rest,764.30200000,93042875584025208939766313296916375674852873293326912546063613160637114012278,0.21000000,0.26000000,0.23500000,0.23500000,mid,clob_rest,761.87000000,"{""asset_symbol"": ""SOL"", ""price_source"": ""BinanceCryptoTradeWebSocket"", ""market_active"": true, ""market_closed"": false, ""up_book_error"": null, ""binance_symbol"": ""SOLUSDT"", ""up_book_source"": ""clob_rest"", ""up_book_status"": ""found"", ""down_book_error"": null, ""market_archived"": false, ""down_book_source"": ""clob_rest"", ""down_book_status"": ""found"", ""market_accepting_orders"": true, ""market_enable_order_book"": true}"
SOL,2207353,0x2f332a0cffa021902c1f960e13d3cf3a24050ce4fedc45d809171e7b63ac747c,sol-updown-5m-1778392500,2026-05-10 08:55:00+03,2026-05-10 09:00:00+03,2026-05-10 08:56:56.274144+03,116.274,183.72585530,93.36000000,93.32000000,0.04000000,4.28632662,35672814427304000232608570986456424769177055401357018510623883776965698279197,0.76000000,0.83000000,0.79500000,0.79500000,mid,clob_rest,765.57970000,93042875584025208939766313296916375674852873293326912546063613160637114012278,0.17000000,0.24000000,0.20500000,0.20500000,mid,clob_rest,833.01770000,"{""asset_symbol"": ""SOL"", ""price_source"": ""BinanceCryptoTradeWebSocket"", ""market_active"": true, ""market_closed"": false, ""up_book_error"": null, ""binance_symbol"": ""SOLUSDT"", ""up_book_source"": ""clob_rest"", ""up_book_status"": ""found"", ""down_book_error"": null, ""market_archived"": false, ""down_book_source"": ""clob_rest"", ""down_book_status"": ""found"", ""market_accepting_orders"": true, ""market_enable_order_book"": true}"
SOL,2207353,0x2f332a0cffa021902c1f960e13d3cf3a24050ce4fedc45d809171e7b63ac747c,sol-updown-5m-1778392500,2026-05-10 08:55:00+03,2026-05-10 09:00:00+03,2026-05-10 08:57:02.368005+03,122.368,177.63199460,93.36000000,93.32000000,0.04000000,4.28632662,35672814427304000232608570986456424769177055401357018510623883776965698279197,0.73000000,0.78000000,0.75500000,0.75500000,mid,clob_rest,801.12820000,93042875584025208939766313296916375674852873293326912546063613160637114012278,0.22000000,0.27000000,0.24500000,0.24500000,mid,clob_rest,811.53030000,"{""asset_symbol"": ""SOL"", ""price_source"": ""BinanceCryptoTradeWebSocket"", ""market_active"": true, ""market_closed"": false, ""up_book_error"": null, ""binance_symbol"": ""SOLUSDT"", ""up_book_source"": ""clob_rest"", ""up_book_status"": ""found"", ""down_book_error"": null, ""market_archived"": false, ""down_book_source"": ""clob_rest"", ""down_book_status"": ""found"", ""market_accepting_orders"": true, ""market_enable_order_book"": true}"
SOL,2207353,0x2f332a0cffa021902c1f960e13d3cf3a24050ce4fedc45d809171e7b63ac747c,sol-updown-5m-1778392500,2026-05-10 08:55:00+03,2026-05-10 09:00:00+03,2026-05-10 08:57:08.273187+03,128.273,171.72681220,93.34000000,93.32000000,0.02000000,2.14316331,35672814427304000232608570986456424769177055401357018510623883776965698279197,0.56000000,0.64000000,0.60000000,0.60000000,mid,clob_rest,755.40350000,93042875584025208939766313296916375674852873293326912546063613160637114012278,0.36000000,0.44000000,0.40000000,0.40000000,mid,clob_rest,791.84890000,"{""asset_symbol"": ""SOL"", ""price_source"": ""BinanceCryptoTradeWebSocket"", ""market_active"": true, ""market_closed"": false, ""up_book_error"": null, ""binance_symbol"": ""SOLUSDT"", ""up_book_source"": ""clob_rest"", ""up_book_status"": ""found"", ""down_book_error"": null, ""market_archived"": false, ""down_book_source"": ""clob_rest"", ""down_book_status"": ""found"", ""market_accepting_orders"": true, ""market_enable_order_book"": true}"
SOL,2207353,0x2f332a0cffa021902c1f960e13d3cf3a24050ce4fedc45d809171e7b63ac747c,sol-updown-5m-1778392500,2026-05-10 08:55:00+03,2026-05-10 09:00:00+03,2026-05-10 08:57:14.281437+03,134.281,165.71856280,93.34000000,93.32000000,0.02000000,2.14316331,35672814427304000232608570986456424769177055401357018510623883776965698279197,0.62000000,0.66000000,0.64000000,0.64000000,mid,clob_rest,893.51560000,93042875584025208939766313296916375674852873293326912546063613160637114012278,0.34000000,0.38000000,0.36000000,0.36000000,mid,clob_rest,970.62210000,"{""asset_symbol"": ""SOL"", ""price_source"": ""BinanceCryptoTradeWebSocket"", ""market_active"": true, ""market_closed"": false, ""up_book_error"": null, ""binance_symbol"": ""SOLUSDT"", ""up_book_source"": ""clob_rest"", ""up_book_status"": ""found"", ""down_book_error"": null, ""market_archived"": false, ""down_book_source"": ""clob_rest"", ""down_book_status"": ""found"", ""market_accepting_orders"": true, ""market_enable_order_book"": true}"
SOL,2207353,0x2f332a0cffa021902c1f960e13d3cf3a24050ce4fedc45d809171e7b63ac747c,sol-updown-5m-1778392500,2026-05-10 08:55:00+03,2026-05-10 09:00:00+03,2026-05-10 08:57:20.153729+03,140.154,159.84627060,93.34000000,93.32000000,0.02000000,2.14316331,35672814427304000232608570986456424769177055401357018510623883776965698279197,0.62000000,0.65000000,0.63500000,0.63500000,mid,clob_rest,783.07310000,93042875584025208939766313296916375674852873293326912546063613160637114012278,0.35000000,0.38000000,0.36500000,0.36500000,mid,clob_rest,890.44450000,"{""asset_symbol"": ""SOL"", ""price_source"": ""BinanceCryptoTradeWebSocket"", ""market_active"": true, ""market_closed"": false, ""up_book_error"": null, ""binance_symbol"": ""SOLUSDT"", ""up_book_source"": ""clob_rest"", ""up_book_status"": ""found"", ""down_book_error"": null, ""market_archived"": false, ""down_book_source"": ""clob_rest"", ""down_book_status"": ""found"", ""market_accepting_orders"": true, ""market_enable_order_book"": true}"
SOL,2207353,0x2f332a0cffa021902c1f960e13d3cf3a24050ce4fedc45d809171e7b63ac747c,sol-updown-5m-1778392500,2026-05-10 08:55:00+03,2026-05-10 09:00:00+03,2026-05-10 08:57:26.258488+03,146.258,153.74151170,93.33000000,93.32000000,0.01000000,1.07158165,35672814427304000232608570986456424769177055401357018510623883776965698279197,0.66000000,0.67000000,0.66500000,0.66500000,mid,clob_rest,754.17230000,93042875584025208939766313296916375674852873293326912546063613160637114012278,0.33000000,0.34000000,0.33500000,0.33500000,mid,clob_rest,774.29780000,"{""asset_symbol"": ""SOL"", ""price_source"": ""BinanceCryptoTradeWebSocket"", ""market_active"": true, ""market_closed"": false, ""up_book_error"": null, ""binance_symbol"": ""SOLUSDT"", ""up_book_source"": ""clob_rest"", ""up_book_status"": ""found"", ""down_book_error"": null, ""market_archived"": false, ""down_book_source"": ""clob_rest"", ""down_book_status"": ""found"", ""market_accepting_orders"": true, ""market_enable_order_book"": true}"
SOL,2207353,0x2f332a0cffa021902c1f960e13d3cf3a24050ce4fedc45d809171e7b63ac747c,sol-updown-5m-1778392500,2026-05-10 08:55:00+03,2026-05-10 09:00:00+03,2026-05-10 08:57:32.297722+03,152.298,147.70227730,93.35000000,93.32000000,0.03000000,3.21474496,35672814427304000232608570986456424769177055401357018510623883776965698279197,0.80000000,0.81000000,0.80500000,0.80500000,mid,clob_rest,737.85810000,93042875584025208939766313296916375674852873293326912546063613160637114012278,0.19000000,0.20000000,0.19500000,0.19500000,mid,clob_rest,750.70330000,"{""asset_symbol"": ""SOL"", ""price_source"": ""BinanceCryptoTradeWebSocket"", ""market_active"": true, ""market_closed"": false, ""up_book_error"": null, ""binance_symbol"": ""SOLUSDT"", ""up_book_source"": ""clob_rest"", ""up_book_status"": ""found"", ""down_book_error"": null, ""market_archived"": false, ""down_book_source"": ""clob_rest"", ""down_book_status"": ""found"", ""market_accepting_orders"": true, ""market_enable_order_book"": true}"
SOL,2207353,0x2f332a0cffa021902c1f960e13d3cf3a24050ce4fedc45d809171e7b63ac747c,sol-updown-5m-1778392500,2026-05-10 08:55:00+03,2026-05-10 09:00:00+03,2026-05-10 08:57:38.192262+03,158.192,141.80773750,93.35000000,93.32000000,0.03000000,3.21474496,35672814427304000232608570986456424769177055401357018510623883776965698279197,0.80000000,0.81000000,0.80500000,0.80500000,mid,clob_rest,846.94640000,93042875584025208939766313296916375674852873293326912546063613160637114012278,0.19000000,0.20000000,0.19500000,0.19500000,mid,clob_rest,834.42500000,"{""asset_symbol"": ""SOL"", ""price_source"": ""BinanceCryptoTradeWebSocket"", ""market_active"": true, ""market_closed"": false, ""up_book_error"": null, ""binance_symbol"": ""SOLUSDT"", ""up_book_source"": ""clob_rest"", ""up_book_status"": ""found"", ""down_book_error"": null, ""market_archived"": false, ""down_book_source"": ""clob_rest"", ""down_book_status"": ""found"", ""market_accepting_orders"": true, ""market_enable_order_book"": true}"
SOL,2207353,0x2f332a0cffa021902c1f960e13d3cf3a24050ce4fedc45d809171e7b63ac747c,sol-updown-5m-1778392500,2026-05-10 08:55:00+03,2026-05-10 09:00:00+03,2026-05-10 08:57:44.105945+03,164.106,135.89405410,93.36000000,93.32000000,0.04000000,4.28632662,35672814427304000232608570986456424769177055401357018510623883776965698279197,0.80000000,0.81000000,0.80500000,0.80500000,mid,clob_rest,1210.53760000,93042875584025208939766313296916375674852873293326912546063613160637114012278,0.19000000,0.20000000,0.19500000,0.19500000,mid,clob_rest,1280.14250000,"{""asset_symbol"": ""SOL"", ""price_source"": ""BinanceCryptoTradeWebSocket"", ""market_active"": true, ""market_closed"": false, ""up_book_error"": null, ""binance_symbol"": ""SOLUSDT"", ""up_book_source"": ""clob_rest"", ""up_book_status"": ""found"", ""down_book_error"": null, ""market_archived"": false, ""down_book_source"": ""clob_rest"", ""down_book_status"": ""found"", ""market_accepting_orders"": true, ""market_enable_order_book"": true}"
SOL,2207353,0x2f332a0cffa021902c1f960e13d3cf3a24050ce4fedc45d809171e7b63ac747c,sol-updown-5m-1778392500,2026-05-10 08:55:00+03,2026-05-10 09:00:00+03,2026-05-10 08:57:49.932012+03,169.932,130.06798800,93.35000000,93.32000000,0.03000000,3.21474496,35672814427304000232608570986456424769177055401357018510623883776965698279197,0.80000000,0.86000000,0.83000000,0.83000000,mid,clob_rest,1140.31470000,93042875584025208939766313296916375674852873293326912546063613160637114012278,0.14000000,0.20000000,0.17000000,0.17000000,mid,clob_rest,1201.82670000,"{""asset_symbol"": ""SOL"", ""price_source"": ""BinanceCryptoTradeWebSocket"", ""market_active"": true, ""market_closed"": false, ""up_book_error"": null, ""binance_symbol"": ""SOLUSDT"", ""up_book_source"": ""clob_rest"", ""up_book_status"": ""found"", ""down_book_error"": null, ""market_archived"": false, ""down_book_source"": ""clob_rest"", ""down_book_status"": ""found"", ""market_accepting_orders"": true, ""market_enable_order_book"": true}"
SOL,2207353,0x2f332a0cffa021902c1f960e13d3cf3a24050ce4fedc45d809171e7b63ac747c,sol-updown-5m-1778392500,2026-05-10 08:55:00+03,2026-05-10 09:00:00+03,2026-05-10 08:57:55.852071+03,175.852,124.14792840,93.36000000,93.32000000,0.04000000,4.28632662,35672814427304000232608570986456424769177055401357018510623883776965698279197,0.81000000,0.86000000,0.83500000,0.83500000,mid,clob_rest,828.49710000,93042875584025208939766313296916375674852873293326912546063613160637114012278,0.14000000,0.19000000,0.16500000,0.16500000,mid,clob_rest,983.73190000,"{""asset_symbol"": ""SOL"", ""price_source"": ""BinanceCryptoTradeWebSocket"", ""market_active"": true, ""market_closed"": false, ""up_book_error"": null, ""binance_symbol"": ""SOLUSDT"", ""up_book_source"": ""clob_rest"", ""up_book_status"": ""found"", ""down_book_error"": null, ""market_archived"": false, ""down_book_source"": ""clob_rest"", ""down_book_status"": ""found"", ""market_accepting_orders"": true, ""market_enable_order_book"": true}"
SOL,2207353,0x2f332a0cffa021902c1f960e13d3cf3a24050ce4fedc45d809171e7b63ac747c,sol-updown-5m-1778392500,2026-05-10 08:55:00+03,2026-05-10 09:00:00+03,2026-05-10 08:58:01.943855+03,181.944,118.05614440,93.36000000,93.32000000,0.04000000,4.28632662,35672814427304000232608570986456424769177055401357018510623883776965698279197,0.84000000,0.90000000,0.87000000,0.87000000,mid,clob_rest,812.34340000,93042875584025208939766313296916375674852873293326912546063613160637114012278,0.10000000,0.16000000,0.13000000,0.13000000,mid,clob_rest,777.20940000,"{""asset_symbol"": ""SOL"", ""price_source"": ""BinanceCryptoTradeWebSocket"", ""market_active"": true, ""market_closed"": false, ""up_book_error"": null, ""binance_symbol"": ""SOLUSDT"", ""up_book_source"": ""clob_rest"", ""up_book_status"": ""found"", ""down_book_error"": null, ""market_archived"": false, ""down_book_source"": ""clob_rest"", ""down_book_status"": ""found"", ""market_accepting_orders"": true, ""market_enable_order_book"": true}"
SOL,2207353,0x2f332a0cffa021902c1f960e13d3cf3a24050ce4fedc45d809171e7b63ac747c,sol-updown-5m-1778392500,2026-05-10 08:55:00+03,2026-05-10 09:00:00+03,2026-05-10 08:58:07.761607+03,187.762,112.23839240,93.36000000,93.32000000,0.04000000,4.28632662,35672814427304000232608570986456424769177055401357018510623883776965698279197,0.85000000,0.90000000,0.87500000,0.87500000,mid,clob_rest,845.51580000,93042875584025208939766313296916375674852873293326912546063613160637114012278,0.10000000,0.15000000,0.12500000,0.12500000,mid,clob_rest,923.45190000,"{""asset_symbol"": ""SOL"", ""price_source"": ""BinanceCryptoTradeWebSocket"", ""market_active"": true, ""market_closed"": false, ""up_book_error"": null, ""binance_symbol"": ""SOLUSDT"", ""up_book_source"": ""clob_rest"", ""up_book_status"": ""found"", ""down_book_error"": null, ""market_archived"": false, ""down_book_source"": ""clob_rest"", ""down_book_status"": ""found"", ""market_accepting_orders"": true, ""market_enable_order_book"": true}"
SOL,2207353,0x2f332a0cffa021902c1f960e13d3cf3a24050ce4fedc45d809171e7b63ac747c,sol-updown-5m-1778392500,2026-05-10 08:55:00+03,2026-05-10 09:00:00+03,2026-05-10 08:58:13.640299+03,193.640,106.35970020,93.36000000,93.32000000,0.04000000,4.28632662,35672814427304000232608570986456424769177055401357018510623883776965698279197,0.85000000,0.90000000,0.87500000,0.87500000,mid,clob_rest,752.06780000,93042875584025208939766313296916375674852873293326912546063613160637114012278,0.10000000,0.15000000,0.12500000,0.12500000,mid,clob_rest,774.43230000,"{""asset_symbol"": ""SOL"", ""price_source"": ""BinanceCryptoTradeWebSocket"", ""market_active"": true, ""market_closed"": false, ""up_book_error"": null, ""binance_symbol"": ""SOLUSDT"", ""up_book_source"": ""clob_rest"", ""up_book_status"": ""found"", ""down_book_error"": null, ""market_archived"": false, ""down_book_source"": ""clob_rest"", ""down_book_status"": ""found"", ""market_accepting_orders"": true, ""market_enable_order_book"": true}"
SOL,2207353,0x2f332a0cffa021902c1f960e13d3cf3a24050ce4fedc45d809171e7b63ac747c,sol-updown-5m-1778392500,2026-05-10 08:55:00+03,2026-05-10 09:00:00+03,2026-05-10 08:58:19.434155+03,199.434,100.56584420,93.37000000,93.32000000,0.05000000,5.35790827,35672814427304000232608570986456424769177055401357018510623883776965698279197,0.86000000,0.90000000,0.88000000,0.88000000,mid,clob_rest,1345.52980000,93042875584025208939766313296916375674852873293326912546063613160637114012278,0.10000000,0.14000000,0.12000000,0.12000000,mid,clob_rest,875.36360000,"{""asset_symbol"": ""SOL"", ""price_source"": ""BinanceCryptoTradeWebSocket"", ""market_active"": true, ""market_closed"": false, ""up_book_error"": null, ""binance_symbol"": ""SOLUSDT"", ""up_book_source"": ""clob_rest"", ""up_book_status"": ""found"", ""down_book_error"": null, ""market_archived"": false, ""down_book_source"": ""clob_rest"", ""down_book_status"": ""found"", ""market_accepting_orders"": true, ""market_enable_order_book"": true}"
SOL,2207353,0x2f332a0cffa021902c1f960e13d3cf3a24050ce4fedc45d809171e7b63ac747c,sol-updown-5m-1778392500,2026-05-10 08:55:00+03,2026-05-10 09:00:00+03,2026-05-10 08:58:25.24673+03,205.247,94.75326940,93.36000000,93.32000000,0.04000000,4.28632662,35672814427304000232608570986456424769177055401357018510623883776965698279197,0.88000000,0.90000000,0.89000000,0.89000000,mid,clob_rest,733.49030000,93042875584025208939766313296916375674852873293326912546063613160637114012278,0.10000000,0.12000000,0.11000000,0.11000000,mid,clob_rest,732.97530000,"{""asset_symbol"": ""SOL"", ""price_source"": ""BinanceCryptoTradeWebSocket"", ""market_active"": true, ""market_closed"": false, ""up_book_error"": null, ""binance_symbol"": ""SOLUSDT"", ""up_book_source"": ""clob_rest"", ""up_book_status"": ""found"", ""down_book_error"": null, ""market_archived"": false, ""down_book_source"": ""clob_rest"", ""down_book_status"": ""found"", ""market_accepting_orders"": true, ""market_enable_order_book"": true}"
SOL,2207353,0x2f332a0cffa021902c1f960e13d3cf3a24050ce4fedc45d809171e7b63ac747c,sol-updown-5m-1778392500,2026-05-10 08:55:00+03,2026-05-10 09:00:00+03,2026-05-10 08:58:31.05772+03,211.058,88.94227960,93.36000000,93.32000000,0.04000000,4.28632662,35672814427304000232608570986456424769177055401357018510623883776965698279197,0.90000000,0.91000000,0.90500000,0.90500000,mid,clob_rest,1543.07160000,93042875584025208939766313296916375674852873293326912546063613160637114012278,0.09000000,0.10000000,0.09500000,0.09500000,mid,clob_rest,1615.16730000,"{""asset_symbol"": ""SOL"", ""price_source"": ""BinanceCryptoTradeWebSocket"", ""market_active"": true, ""market_closed"": false, ""up_book_error"": null, ""binance_symbol"": ""SOLUSDT"", ""up_book_source"": ""clob_rest"", ""up_book_status"": ""found"", ""down_book_error"": null, ""market_archived"": false, ""down_book_source"": ""clob_rest"", ""down_book_status"": ""found"", ""market_accepting_orders"": true, ""market_enable_order_book"": true}"
SOL,2207353,0x2f332a0cffa021902c1f960e13d3cf3a24050ce4fedc45d809171e7b63ac747c,sol-updown-5m-1778392500,2026-05-10 08:55:00+03,2026-05-10 09:00:00+03,2026-05-10 08:58:36.908761+03,216.909,83.09123830,93.36000000,93.32000000,0.04000000,4.28632662,35672814427304000232608570986456424769177055401357018510623883776965698279197,0.92000000,0.94000000,0.93000000,0.93000000,mid,clob_rest,1748.22220000,93042875584025208939766313296916375674852873293326912546063613160637114012278,0.06000000,0.08000000,0.07000000,0.07000000,mid,clob_rest,812.96930000,"{""asset_symbol"": ""SOL"", ""price_source"": ""BinanceCryptoTradeWebSocket"", ""market_active"": true, ""market_closed"": false, ""up_book_error"": null, ""binance_symbol"": ""SOLUSDT"", ""up_book_source"": ""clob_rest"", ""up_book_status"": ""found"", ""down_book_error"": null, ""market_archived"": false, ""down_book_source"": ""clob_rest"", ""down_book_status"": ""found"", ""market_accepting_orders"": true, ""market_enable_order_book"": true}"
SOL,2207353,0x2f332a0cffa021902c1f960e13d3cf3a24050ce4fedc45d809171e7b63ac747c,sol-updown-5m-1778392500,2026-05-10 08:55:00+03,2026-05-10 09:00:00+03,2026-05-10 08:58:42.909189+03,222.909,77.09081070,93.36000000,93.32000000,0.04000000,4.28632662,35672814427304000232608570986456424769177055401357018510623883776965698279197,0.92000000,0.94000000,0.93000000,0.93000000,mid,clob_rest,1151.02320000,93042875584025208939766313296916375674852873293326912546063613160637114012278,0.06000000,0.08000000,0.07000000,0.07000000,mid,clob_rest,1274.50620000,"{""asset_symbol"": ""SOL"", ""price_source"": ""BinanceCryptoTradeWebSocket"", ""market_active"": true, ""market_closed"": false, ""up_book_error"": null, ""binance_symbol"": ""SOLUSDT"", ""up_book_source"": ""clob_rest"", ""up_book_status"": ""found"", ""down_book_error"": null, ""market_archived"": false, ""down_book_source"": ""clob_rest"", ""down_book_status"": ""found"", ""market_accepting_orders"": true, ""market_enable_order_book"": true}"
SOL,2207353,0x2f332a0cffa021902c1f960e13d3cf3a24050ce4fedc45d809171e7b63ac747c,sol-updown-5m-1778392500,2026-05-10 08:55:00+03,2026-05-10 09:00:00+03,2026-05-10 08:58:48.95905+03,228.959,71.04094990,93.37000000,93.32000000,0.05000000,5.35790827,35672814427304000232608570986456424769177055401357018510623883776965698279197,0.93000000,0.94000000,0.93500000,0.93500000,mid,clob_rest,2349.19100000,93042875584025208939766313296916375674852873293326912546063613160637114012278,0.06000000,0.07000000,0.06500000,0.06500000,mid,clob_rest,2409.99580000,"{""asset_symbol"": ""SOL"", ""price_source"": ""BinanceCryptoTradeWebSocket"", ""market_active"": true, ""market_closed"": false, ""up_book_error"": null, ""binance_symbol"": ""SOLUSDT"", ""up_book_source"": ""clob_rest"", ""up_book_status"": ""found"", ""down_book_error"": null, ""market_archived"": false, ""down_book_source"": ""clob_rest"", ""down_book_status"": ""found"", ""market_accepting_orders"": true, ""market_enable_order_book"": true}"
SOL,2207353,0x2f332a0cffa021902c1f960e13d3cf3a24050ce4fedc45d809171e7b63ac747c,sol-updown-5m-1778392500,2026-05-10 08:55:00+03,2026-05-10 09:00:00+03,2026-05-10 08:58:54.809259+03,234.809,65.19074080,93.37000000,93.32000000,0.05000000,5.35790827,35672814427304000232608570986456424769177055401357018510623883776965698279197,0.93000000,0.94000000,0.93500000,0.93500000,mid,clob_rest,1497.60940000,93042875584025208939766313296916375674852873293326912546063613160637114012278,0.06000000,0.07000000,0.06500000,0.06500000,mid,clob_rest,1577.37240000,"{""asset_symbol"": ""SOL"", ""price_source"": ""BinanceCryptoTradeWebSocket"", ""market_active"": true, ""market_closed"": false, ""up_book_error"": null, ""binance_symbol"": ""SOLUSDT"", ""up_book_source"": ""clob_rest"", ""up_book_status"": ""found"", ""down_book_error"": null, ""market_archived"": false, ""down_book_source"": ""clob_rest"", ""down_book_status"": ""found"", ""market_accepting_orders"": true, ""market_enable_order_book"": true}"
SOL,2207353,0x2f332a0cffa021902c1f960e13d3cf3a24050ce4fedc45d809171e7b63ac747c,sol-updown-5m-1778392500,2026-05-10 08:55:00+03,2026-05-10 09:00:00+03,2026-05-10 08:59:00.654068+03,240.654,59.34593180,93.37000000,93.32000000,0.05000000,5.35790827,35672814427304000232608570986456424769177055401357018510623883776965698279197,0.93000000,0.95000000,0.94000000,0.94000000,mid,clob_rest,1399.33260000,93042875584025208939766313296916375674852873293326912546063613160637114012278,0.05000000,0.07000000,0.06000000,0.06000000,mid,clob_rest,755.99760000,"{""asset_symbol"": ""SOL"", ""price_source"": ""BinanceCryptoTradeWebSocket"", ""market_active"": true, ""market_closed"": false, ""up_book_error"": null, ""binance_symbol"": ""SOLUSDT"", ""up_book_source"": ""clob_rest"", ""up_book_status"": ""found"", ""down_book_error"": null, ""market_archived"": false, ""down_book_source"": ""clob_rest"", ""down_book_status"": ""found"", ""market_accepting_orders"": true, ""market_enable_order_book"": true}"
SOL,2207353,0x2f332a0cffa021902c1f960e13d3cf3a24050ce4fedc45d809171e7b63ac747c,sol-updown-5m-1778392500,2026-05-10 08:55:00+03,2026-05-10 09:00:00+03,2026-05-10 08:59:06.586277+03,246.586,53.41372210,93.37000000,93.32000000,0.05000000,5.35790827,35672814427304000232608570986456424769177055401357018510623883776965698279197,0.94000000,0.95000000,0.94500000,0.94500000,mid,clob_rest,1234.17890000,93042875584025208939766313296916375674852873293326912546063613160637114012278,0.05000000,0.06000000,0.05500000,0.05500000,mid,clob_rest,1300.49520000,"{""asset_symbol"": ""SOL"", ""price_source"": ""BinanceCryptoTradeWebSocket"", ""market_active"": true, ""market_closed"": false, ""up_book_error"": null, ""binance_symbol"": ""SOLUSDT"", ""up_book_source"": ""clob_rest"", ""up_book_status"": ""found"", ""down_book_error"": null, ""market_archived"": false, ""down_book_source"": ""clob_rest"", ""down_book_status"": ""found"", ""market_accepting_orders"": true, ""market_enable_order_book"": true}"
SOL,2207353,0x2f332a0cffa021902c1f960e13d3cf3a24050ce4fedc45d809171e7b63ac747c,sol-updown-5m-1778392500,2026-05-10 08:55:00+03,2026-05-10 09:00:00+03,2026-05-10 08:59:12.371792+03,252.372,47.62820740,93.37000000,93.32000000,0.05000000,5.35790827,35672814427304000232608570986456424769177055401357018510623883776965698279197,0.96000000,0.98000000,0.97000000,0.97000000,mid,clob_rest,964.52790000,93042875584025208939766313296916375674852873293326912546063613160637114012278,0.02000000,0.04000000,0.03000000,0.03000000,mid,clob_rest,1062.97040000,"{""asset_symbol"": ""SOL"", ""price_source"": ""BinanceCryptoTradeWebSocket"", ""market_active"": true, ""market_closed"": false, ""up_book_error"": null, ""binance_symbol"": ""SOLUSDT"", ""up_book_source"": ""clob_rest"", ""up_book_status"": ""found"", ""down_book_error"": null, ""market_archived"": false, ""down_book_source"": ""clob_rest"", ""down_book_status"": ""found"", ""market_accepting_orders"": true, ""market_enable_order_book"": true}"
SOL,2207353,0x2f332a0cffa021902c1f960e13d3cf3a24050ce4fedc45d809171e7b63ac747c,sol-updown-5m-1778392500,2026-05-10 08:55:00+03,2026-05-10 09:00:00+03,2026-05-10 08:59:18.145319+03,258.145,41.85468010,93.37000000,93.32000000,0.05000000,5.35790827,35672814427304000232608570986456424769177055401357018510623883776965698279197,0.97000000,0.98000000,0.97500000,0.97500000,mid,clob_rest,815.25050000,93042875584025208939766313296916375674852873293326912546063613160637114012278,0.02000000,0.03000000,0.02500000,0.02500000,mid,clob_rest,877.87820000,"{""asset_symbol"": ""SOL"", ""price_source"": ""BinanceCryptoTradeWebSocket"", ""market_active"": true, ""market_closed"": false, ""up_book_error"": null, ""binance_symbol"": ""SOLUSDT"", ""up_book_source"": ""clob_rest"", ""up_book_status"": ""found"", ""down_book_error"": null, ""market_archived"": false, ""down_book_source"": ""clob_rest"", ""down_book_status"": ""found"", ""market_accepting_orders"": true, ""market_enable_order_book"": true}"
SOL,2207353,0x2f332a0cffa021902c1f960e13d3cf3a24050ce4fedc45d809171e7b63ac747c,sol-updown-5m-1778392500,2026-05-10 08:55:00+03,2026-05-10 09:00:00+03,2026-05-10 08:59:23.746926+03,263.747,36.25307380,93.36000000,93.32000000,0.04000000,4.28632662,35672814427304000232608570986456424769177055401357018510623883776965698279197,0.86000000,0.93000000,0.89500000,0.89500000,mid,clob_rest,994.50370000,93042875584025208939766313296916375674852873293326912546063613160637114012278,0.07000000,0.14000000,0.10500000,0.10500000,mid,clob_rest,1070.33500000,"{""asset_symbol"": ""SOL"", ""price_source"": ""BinanceCryptoTradeWebSocket"", ""market_active"": true, ""market_closed"": false, ""up_book_error"": null, ""binance_symbol"": ""SOLUSDT"", ""up_book_source"": ""clob_rest"", ""up_book_status"": ""found"", ""down_book_error"": null, ""market_archived"": false, ""down_book_source"": ""clob_rest"", ""down_book_status"": ""found"", ""market_accepting_orders"": true, ""market_enable_order_book"": true}"
SOL,2207353,0x2f332a0cffa021902c1f960e13d3cf3a24050ce4fedc45d809171e7b63ac747c,sol-updown-5m-1778392500,2026-05-10 08:55:00+03,2026-05-10 09:00:00+03,2026-05-10 08:59:29.729139+03,269.729,30.27086040,93.35000000,93.32000000,0.03000000,3.21474496,35672814427304000232608570986456424769177055401357018510623883776965698279197,0.89000000,0.96000000,0.92500000,0.92500000,mid,clob_rest,1246.09040000,93042875584025208939766313296916375674852873293326912546063613160637114012278,0.04000000,0.11000000,0.07500000,0.07500000,mid,clob_rest,1332.52170000,"{""asset_symbol"": ""SOL"", ""price_source"": ""BinanceCryptoTradeWebSocket"", ""market_active"": true, ""market_closed"": false, ""up_book_error"": null, ""binance_symbol"": ""SOLUSDT"", ""up_book_source"": ""clob_rest"", ""up_book_status"": ""found"", ""down_book_error"": null, ""market_archived"": false, ""down_book_source"": ""clob_rest"", ""down_book_status"": ""found"", ""market_accepting_orders"": true, ""market_enable_order_book"": true}"
SOL,2207353,0x2f332a0cffa021902c1f960e13d3cf3a24050ce4fedc45d809171e7b63ac747c,sol-updown-5m-1778392500,2026-05-10 08:55:00+03,2026-05-10 09:00:00+03,2026-05-10 08:59:35.619672+03,275.620,24.38032720,93.36000000,93.32000000,0.04000000,4.28632662,35672814427304000232608570986456424769177055401357018510623883776965698279197,0.90000000,0.97000000,0.93500000,0.93500000,mid,clob_rest,1237.42130000,93042875584025208939766313296916375674852873293326912546063613160637114012278,0.03000000,0.10000000,0.06500000,0.06500000,mid,clob_rest,1298.25530000,"{""asset_symbol"": ""SOL"", ""price_source"": ""BinanceCryptoTradeWebSocket"", ""market_active"": true, ""market_closed"": false, ""up_book_error"": null, ""binance_symbol"": ""SOLUSDT"", ""up_book_source"": ""clob_rest"", ""up_book_status"": ""found"", ""down_book_error"": null, ""market_archived"": false, ""down_book_source"": ""clob_rest"", ""down_book_status"": ""found"", ""market_accepting_orders"": true, ""market_enable_order_book"": true}"
SOL,2207353,0x2f332a0cffa021902c1f960e13d3cf3a24050ce4fedc45d809171e7b63ac747c,sol-updown-5m-1778392500,2026-05-10 08:55:00+03,2026-05-10 09:00:00+03,2026-05-10 08:59:41.549741+03,281.550,18.45025840,93.36000000,93.32000000,0.04000000,4.28632662,35672814427304000232608570986456424769177055401357018510623883776965698279197,0.92000000,0.99000000,0.95500000,0.95500000,mid,clob_rest,748.40880000,93042875584025208939766313296916375674852873293326912546063613160637114012278,0.01000000,0.08000000,0.04500000,0.04500000,mid,clob_rest,834.81400000,"{""asset_symbol"": ""SOL"", ""price_source"": ""BinanceCryptoTradeWebSocket"", ""market_active"": true, ""market_closed"": false, ""up_book_error"": null, ""binance_symbol"": ""SOLUSDT"", ""up_book_source"": ""clob_rest"", ""up_book_status"": ""found"", ""down_book_error"": null, ""market_archived"": false, ""down_book_source"": ""clob_rest"", ""down_book_status"": ""found"", ""market_accepting_orders"": true, ""market_enable_order_book"": true}"
SOL,2207353,0x2f332a0cffa021902c1f960e13d3cf3a24050ce4fedc45d809171e7b63ac747c,sol-updown-5m-1778392500,2026-05-10 08:55:00+03,2026-05-10 09:00:00+03,2026-05-10 08:59:47.362188+03,287.362,12.63781180,93.35000000,93.32000000,0.03000000,3.21474496,35672814427304000232608570986456424769177055401357018510623883776965698279197,0.86000000,0.99000000,0.92500000,0.92500000,mid,clob_rest,1017.17130000,93042875584025208939766313296916375674852873293326912546063613160637114012278,0.01000000,0.14000000,0.07500000,0.07500000,mid,clob_rest,1099.63240000,"{""asset_symbol"": ""SOL"", ""price_source"": ""BinanceCryptoTradeWebSocket"", ""market_active"": true, ""market_closed"": false, ""up_book_error"": null, ""binance_symbol"": ""SOLUSDT"", ""up_book_source"": ""clob_rest"", ""up_book_status"": ""found"", ""down_book_error"": null, ""market_archived"": false, ""down_book_source"": ""clob_rest"", ""down_book_status"": ""found"", ""market_accepting_orders"": true, ""market_enable_order_book"": true}"
SOL,2207353,0x2f332a0cffa021902c1f960e13d3cf3a24050ce4fedc45d809171e7b63ac747c,sol-updown-5m-1778392500,2026-05-10 08:55:00+03,2026-05-10 09:00:00+03,2026-05-10 08:59:53.213957+03,293.214,6.78604240,93.34000000,93.32000000,0.02000000,2.14316331,35672814427304000232608570986456424769177055401357018510623883776965698279197,0.91000000,0.99000000,0.95000000,0.95000000,mid,clob_rest,1326.88790000,93042875584025208939766313296916375674852873293326912546063613160637114012278,0.01000000,0.09000000,0.05000000,0.05000000,mid,clob_rest,1414.99930000,"{""asset_symbol"": ""SOL"", ""price_source"": ""BinanceCryptoTradeWebSocket"", ""market_active"": true, ""market_closed"": false, ""up_book_error"": null, ""binance_symbol"": ""SOLUSDT"", ""up_book_source"": ""clob_rest"", ""up_book_status"": ""found"", ""down_book_error"": null, ""market_archived"": false, ""down_book_source"": ""clob_rest"", ""down_book_status"": ""found"", ""market_accepting_orders"": true, ""market_enable_order_book"": true}"
SOL,2207372,0x37be2e001f4d734c8e6cda189b3921ba29e309d351284c852f0a4d1a793136fd,sol-updown-5m-1778392800,2026-05-10 09:00:00+03,2026-05-10 09:05:00+03,2026-05-10 09:00:04.75846+03,4.758,295.24153980,93.34000000,93.34000000,0.00000000,0.00000000,92603061447205953323247887492496944507668319840720536231369665940163038399243,0.49000000,0.52000000,0.50500000,0.50500000,mid,clob_rest,766.75950000,81897508072574277189109752583258776803611024542705383404148917868967125479240,0.48000000,0.51000000,0.49500000,0.49500000,mid,clob_rest,827.40700000,"{""asset_symbol"": ""SOL"", ""price_source"": ""BinanceCryptoTradeWebSocket"", ""market_active"": true, ""market_closed"": false, ""up_book_error"": null, ""binance_symbol"": ""SOLUSDT"", ""up_book_source"": ""clob_rest"", ""up_book_status"": ""found"", ""down_book_error"": null, ""market_archived"": false, ""down_book_source"": ""clob_rest"", ""down_book_status"": ""found"", ""market_accepting_orders"": true, ""market_enable_order_book"": true}"
SOL,2207372,0x37be2e001f4d734c8e6cda189b3921ba29e309d351284c852f0a4d1a793136fd,sol-updown-5m-1778392800,2026-05-10 09:00:00+03,2026-05-10 09:05:00+03,2026-05-10 09:00:10.619703+03,10.620,289.38029630,93.31000000,93.34000000,-0.03000000,-3.21405614,92603061447205953323247887492496944507668319840720536231369665940163038399243,0.39000000,0.44000000,0.41500000,0.41500000,mid,clob_rest,1085.21860000,81897508072574277189109752583258776803611024542705383404148917868967125479240,0.56000000,0.61000000,0.58500000,0.58500000,mid,clob_rest,783.51790000,"{""asset_symbol"": ""SOL"", ""price_source"": ""BinanceCryptoTradeWebSocket"", ""market_active"": true, ""market_closed"": false, ""up_book_error"": null, ""binance_symbol"": ""SOLUSDT"", ""up_book_source"": ""clob_rest"", ""up_book_status"": ""found"", ""down_book_error"": null, ""market_archived"": false, ""down_book_source"": ""clob_rest"", ""down_book_status"": ""found"", ""market_accepting_orders"": true, ""market_enable_order_book"": true}"
SOL,2207372,0x37be2e001f4d734c8e6cda189b3921ba29e309d351284c852f0a4d1a793136fd,sol-updown-5m-1778392800,2026-05-10 09:00:00+03,2026-05-10 09:05:00+03,2026-05-10 09:00:16.598074+03,16.598,283.40192520,93.31000000,93.34000000,-0.03000000,-3.21405614,92603061447205953323247887492496944507668319840720536231369665940163038399243,0.34000000,0.35000000,0.34500000,0.34500000,mid,clob_rest,1353.67460000,81897508072574277189109752583258776803611024542705383404148917868967125479240,0.65000000,0.66000000,0.65500000,0.65500000,mid,clob_rest,1439.77990000,"{""asset_symbol"": ""SOL"", ""price_source"": ""BinanceCryptoTradeWebSocket"", ""market_active"": true, ""market_closed"": false, ""up_book_error"": null, ""binance_symbol"": ""SOLUSDT"", ""up_book_source"": ""clob_rest"", ""up_book_status"": ""found"", ""down_book_error"": null, ""market_archived"": false, ""down_book_source"": ""clob_rest"", ""down_book_status"": ""found"", ""market_accepting_orders"": true, ""market_enable_order_book"": true}"
SOL,2207372,0x37be2e001f4d734c8e6cda189b3921ba29e309d351284c852f0a4d1a793136fd,sol-updown-5m-1778392800,2026-05-10 09:00:00+03,2026-05-10 09:05:00+03,2026-05-10 09:00:22.485083+03,22.485,277.51491620,93.30000000,93.34000000,-0.04000000,-4.28540819,92603061447205953323247887492496944507668319840720536231369665940163038399243,0.32000000,0.35000000,0.33500000,0.33500000,mid,clob_rest,962.38310000,81897508072574277189109752583258776803611024542705383404148917868967125479240,0.65000000,0.68000000,0.66500000,0.66500000,mid,clob_rest,1030.30690000,"{""asset_symbol"": ""SOL"", ""price_source"": ""BinanceCryptoTradeWebSocket"", ""market_active"": true, ""market_closed"": false, ""up_book_error"": null, ""binance_symbol"": ""SOLUSDT"", ""up_book_source"": ""clob_rest"", ""up_book_status"": ""found"", ""down_book_error"": null, ""market_archived"": false, ""down_book_source"": ""clob_rest"", ""down_book_status"": ""found"", ""market_accepting_orders"": true, ""market_enable_order_book"": true}"
SOL,2207372,0x37be2e001f4d734c8e6cda189b3921ba29e309d351284c852f0a4d1a793136fd,sol-updown-5m-1778392800,2026-05-10 09:00:00+03,2026-05-10 09:05:00+03,2026-05-10 09:00:28.269604+03,28.270,271.73039570,93.31000000,93.34000000,-0.03000000,-3.21405614,92603061447205953323247887492496944507668319840720536231369665940163038399243,0.34000000,0.37000000,0.35500000,0.35500000,mid,clob_rest,788.28070000,81897508072574277189109752583258776803611024542705383404148917868967125479240,0.63000000,0.66000000,0.64500000,0.64500000,mid,clob_rest,782.35890000,"{""asset_symbol"": ""SOL"", ""price_source"": ""BinanceCryptoTradeWebSocket"", ""market_active"": true, ""market_closed"": false, ""up_book_error"": null, ""binance_symbol"": ""SOLUSDT"", ""up_book_source"": ""clob_rest"", ""up_book_status"": ""found"", ""down_book_error"": null, ""market_archived"": false, ""down_book_source"": ""clob_rest"", ""down_book_status"": ""found"", ""market_accepting_orders"": true, ""market_enable_order_book"": true}"
SOL,2207372,0x37be2e001f4d734c8e6cda189b3921ba29e309d351284c852f0a4d1a793136fd,sol-updown-5m-1778392800,2026-05-10 09:00:00+03,2026-05-10 09:05:00+03,2026-05-10 09:00:34.139434+03,34.139,265.86056560,93.30000000,93.34000000,-0.04000000,-4.28540819,92603061447205953323247887492496944507668319840720536231369665940163038399243,0.36000000,0.37000000,0.36500000,0.36500000,mid,clob_rest,864.12240000,81897508072574277189109752583258776803611024542705383404148917868967125479240,0.63000000,0.64000000,0.63500000,0.63500000,mid,clob_rest,949.42860000,"{""asset_symbol"": ""SOL"", ""price_source"": ""BinanceCryptoTradeWebSocket"", ""market_active"": true, ""market_closed"": false, ""up_book_error"": null, ""binance_symbol"": ""SOLUSDT"", ""up_book_source"": ""clob_rest"", ""up_book_status"": ""found"", ""down_book_error"": null, ""market_archived"": false, ""down_book_source"": ""clob_rest"", ""down_book_status"": ""found"", ""market_accepting_orders"": true, ""market_enable_order_book"": true}"
SOL,2207372,0x37be2e001f4d734c8e6cda189b3921ba29e309d351284c852f0a4d1a793136fd,sol-updown-5m-1778392800,2026-05-10 09:00:00+03,2026-05-10 09:05:00+03,2026-05-10 09:00:39.964741+03,39.965,260.03525830,93.30000000,93.34000000,-0.04000000,-4.28540819,92603061447205953323247887492496944507668319840720536231369665940163038399243,0.30000000,0.35000000,0.32500000,0.32500000,mid,clob_rest,780.80470000,81897508072574277189109752583258776803611024542705383404148917868967125479240,0.65000000,0.70000000,0.67500000,0.67500000,mid,clob_rest,774.91680000,"{""asset_symbol"": ""SOL"", ""price_source"": ""BinanceCryptoTradeWebSocket"", ""market_active"": true, ""market_closed"": false, ""up_book_error"": null, ""binance_symbol"": ""SOLUSDT"", ""up_book_source"": ""clob_rest"", ""up_book_status"": ""found"", ""down_book_error"": null, ""market_archived"": false, ""down_book_source"": ""clob_rest"", ""down_book_status"": ""found"", ""market_accepting_orders"": true, ""market_enable_order_book"": true}"
SOL,2207372,0x37be2e001f4d734c8e6cda189b3921ba29e309d351284c852f0a4d1a793136fd,sol-updown-5m-1778392800,2026-05-10 09:00:00+03,2026-05-10 09:05:00+03,2026-05-10 09:00:45.847839+03,45.848,254.15216070,93.34000000,93.34000000,0.00000000,0.00000000,92603061447205953323247887492496944507668319840720536231369665940163038399243,0.58000000,0.66000000,0.62000000,0.62000000,mid,clob_rest,1088.20420000,81897508072574277189109752583258776803611024542705383404148917868967125479240,0.34000000,0.42000000,0.38000000,0.38000000,mid,clob_rest,1167.88440000,"{""asset_symbol"": ""SOL"", ""price_source"": ""BinanceCryptoTradeWebSocket"", ""market_active"": true, ""market_closed"": false, ""up_book_error"": null, ""binance_symbol"": ""SOLUSDT"", ""up_book_source"": ""clob_rest"", ""up_book_status"": ""found"", ""down_book_error"": null, ""market_archived"": false, ""down_book_source"": ""clob_rest"", ""down_book_status"": ""found"", ""market_accepting_orders"": true, ""market_enable_order_book"": true}"
SOL,2207372,0x37be2e001f4d734c8e6cda189b3921ba29e309d351284c852f0a4d1a793136fd,sol-updown-5m-1778392800,2026-05-10 09:00:00+03,2026-05-10 09:05:00+03,2026-05-10 09:00:51.704908+03,51.705,248.29509180,93.34000000,93.34000000,0.00000000,0.00000000,92603061447205953323247887492496944507668319840720536231369665940163038399243,0.65000000,0.67000000,0.66000000,0.66000000,mid,clob_rest,749.31080000,81897508072574277189109752583258776803611024542705383404148917868967125479240,0.33000000,0.35000000,0.34000000,0.34000000,mid,clob_rest,745.85440000,"{""asset_symbol"": ""SOL"", ""price_source"": ""BinanceCryptoTradeWebSocket"", ""market_active"": true, ""market_closed"": false, ""up_book_error"": null, ""binance_symbol"": ""SOLUSDT"", ""up_book_source"": ""clob_rest"", ""up_book_status"": ""found"", ""down_book_error"": null, ""market_archived"": false, ""down_book_source"": ""clob_rest"", ""down_book_status"": ""found"", ""market_accepting_orders"": true, ""market_enable_order_book"": true}"
SOL,2207372,0x37be2e001f4d734c8e6cda189b3921ba29e309d351284c852f0a4d1a793136fd,sol-updown-5m-1778392800,2026-05-10 09:00:00+03,2026-05-10 09:05:00+03,2026-05-10 09:00:57.540888+03,57.541,242.45911170,93.34000000,93.34000000,0.00000000,0.00000000,92603061447205953323247887492496944507668319840720536231369665940163038399243,0.64000000,0.67000000,0.65500000,0.65500000,mid,clob_rest,842.96920000,81897508072574277189109752583258776803611024542705383404148917868967125479240,0.33000000,0.36000000,0.34500000,0.34500000,mid,clob_rest,744.56810000,"{""asset_symbol"": ""SOL"", ""price_source"": ""BinanceCryptoTradeWebSocket"", ""market_active"": true, ""market_closed"": false, ""up_book_error"": null, ""binance_symbol"": ""SOLUSDT"", ""up_book_source"": ""clob_rest"", ""up_book_status"": ""found"", ""down_book_error"": null, ""market_archived"": false, ""down_book_source"": ""clob_rest"", ""down_book_status"": ""found"", ""market_accepting_orders"": true, ""market_enable_order_book"": true}"
SOL,2207372,0x37be2e001f4d734c8e6cda189b3921ba29e309d351284c852f0a4d1a793136fd,sol-updown-5m-1778392800,2026-05-10 09:00:00+03,2026-05-10 09:05:00+03,2026-05-10 09:01:03.383439+03,63.383,236.61656080,93.35000000,93.34000000,0.01000000,1.07135205,92603061447205953323247887492496944507668319840720536231369665940163038399243,0.63000000,0.66000000,0.64500000,0.64500000,mid,clob_rest,781.03210000,81897508072574277189109752583258776803611024542705383404148917868967125479240,0.33000000,0.37000000,0.35000000,0.35000000,mid,clob_rest,761.32110000,"{""asset_symbol"": ""SOL"", ""price_source"": ""BinanceCryptoTradeWebSocket"", ""market_active"": true, ""market_closed"": false, ""up_book_error"": null, ""binance_symbol"": ""SOLUSDT"", ""up_book_source"": ""clob_rest"", ""up_book_status"": ""found"", ""down_book_error"": null, ""market_archived"": false, ""down_book_source"": ""clob_rest"", ""down_book_status"": ""found"", ""market_accepting_orders"": true, ""market_enable_order_book"": true}"
SOL,2207372,0x37be2e001f4d734c8e6cda189b3921ba29e309d351284c852f0a4d1a793136fd,sol-updown-5m-1778392800,2026-05-10 09:00:00+03,2026-05-10 09:05:00+03,2026-05-10 09:01:09.223064+03,69.223,230.77693520,93.37000000,93.34000000,0.03000000,3.21405614,92603061447205953323247887492496944507668319840720536231369665940163038399243,0.72000000,0.74000000,0.73000000,0.73000000,mid,clob_rest,762.17240000,81897508072574277189109752583258776803611024542705383404148917868967125479240,0.26000000,0.28000000,0.27000000,0.27000000,mid,clob_rest,826.52480000,"{""asset_symbol"": ""SOL"", ""price_source"": ""BinanceCryptoTradeWebSocket"", ""market_active"": true, ""market_closed"": false, ""up_book_error"": null, ""binance_symbol"": ""SOLUSDT"", ""up_book_source"": ""clob_rest"", ""up_book_status"": ""found"", ""down_book_error"": null, ""market_archived"": false, ""down_book_source"": ""clob_rest"", ""down_book_status"": ""found"", ""market_accepting_orders"": true, ""market_enable_order_book"": true}"
SOL,2207372,0x37be2e001f4d734c8e6cda189b3921ba29e309d351284c852f0a4d1a793136fd,sol-updown-5m-1778392800,2026-05-10 09:00:00+03,2026-05-10 09:05:00+03,2026-05-10 09:01:20.690674+03,80.691,219.30932510,93.37000000,93.34000000,0.03000000,3.21405614,92603061447205953323247887492496944507668319840720536231369665940163038399243,0.80000000,0.81000000,0.80500000,0.80500000,mid,clob_rest,989.63770000,81897508072574277189109752583258776803611024542705383404148917868967125479240,0.19000000,0.20000000,0.19500000,0.19500000,mid,clob_rest,1053.90630000,"{""asset_symbol"": ""SOL"", ""price_source"": ""BinanceCryptoTradeWebSocket"", ""market_active"": true, ""market_closed"": false, ""up_book_error"": null, ""binance_symbol"": ""SOLUSDT"", ""up_book_source"": ""clob_rest"", ""up_book_status"": ""found"", ""down_book_error"": null, ""market_archived"": false, ""down_book_source"": ""clob_rest"", ""down_book_status"": ""found"", ""market_accepting_orders"": true, ""market_enable_order_book"": true}"
SOL,2207372,0x37be2e001f4d734c8e6cda189b3921ba29e309d351284c852f0a4d1a793136fd,sol-updown-5m-1778392800,2026-05-10 09:00:00+03,2026-05-10 09:05:00+03,2026-05-10 09:01:26.561721+03,86.562,213.43827900,93.37000000,93.34000000,0.03000000,3.21405614,92603061447205953323247887492496944507668319840720536231369665940163038399243,0.80000000,0.82000000,0.81000000,0.81000000,mid,clob_rest,1262.91810000,81897508072574277189109752583258776803611024542705383404148917868967125479240,0.18000000,0.20000000,0.19000000,0.19000000,mid,clob_rest,745.99730000,"{""asset_symbol"": ""SOL"", ""price_source"": ""BinanceCryptoTradeWebSocket"", ""market_active"": true, ""market_closed"": false, ""up_book_error"": null, ""binance_symbol"": ""SOLUSDT"", ""up_book_source"": ""clob_rest"", ""up_book_status"": ""found"", ""down_book_error"": null, ""market_archived"": false, ""down_book_source"": ""clob_rest"", ""down_book_status"": ""found"", ""market_accepting_orders"": true, ""market_enable_order_book"": true}"
SOL,2207372,0x37be2e001f4d734c8e6cda189b3921ba29e309d351284c852f0a4d1a793136fd,sol-updown-5m-1778392800,2026-05-10 09:00:00+03,2026-05-10 09:05:00+03,2026-05-10 09:01:32.493998+03,92.494,207.50600180,93.36000000,93.34000000,0.02000000,2.14270409,92603061447205953323247887492496944507668319840720536231369665940163038399243,0.80000000,0.83000000,0.81500000,0.81500000,mid,clob_rest,1309.73930000,81897508072574277189109752583258776803611024542705383404148917868967125479240,0.17000000,0.20000000,0.18500000,0.18500000,mid,clob_rest,1393.53880000,"{""asset_symbol"": ""SOL"", ""price_source"": ""BinanceCryptoTradeWebSocket"", ""market_active"": true, ""market_closed"": false, ""up_book_error"": null, ""binance_symbol"": ""SOLUSDT"", ""up_book_source"": ""clob_rest"", ""up_book_status"": ""found"", ""down_book_error"": null, ""market_archived"": false, ""down_book_source"": ""clob_rest"", ""down_book_status"": ""found"", ""market_accepting_orders"": true, ""market_enable_order_book"": true}"
SOL,2207372,0x37be2e001f4d734c8e6cda189b3921ba29e309d351284c852f0a4d1a793136fd,sol-updown-5m-1778392800,2026-05-10 09:00:00+03,2026-05-10 09:05:00+03,2026-05-10 09:01:38.456041+03,98.456,201.54395840,93.40000000,93.34000000,0.06000000,6.42811228,92603061447205953323247887492496944507668319840720536231369665940163038399243,0.88000000,0.90000000,0.89000000,0.89000000,mid,clob_rest,751.56540000,81897508072574277189109752583258776803611024542705383404148917868967125479240,0.10000000,0.12000000,0.11000000,0.11000000,mid,clob_rest,830.51850000,"{""asset_symbol"": ""SOL"", ""price_source"": ""BinanceCryptoTradeWebSocket"", ""market_active"": true, ""market_closed"": false, ""up_book_error"": null, ""binance_symbol"": ""SOLUSDT"", ""up_book_source"": ""clob_rest"", ""up_book_status"": ""found"", ""down_book_error"": null, ""market_archived"": false, ""down_book_source"": ""clob_rest"", ""down_book_status"": ""found"", ""market_accepting_orders"": true, ""market_enable_order_book"": true}"
SOL,2207372,0x37be2e001f4d734c8e6cda189b3921ba29e309d351284c852f0a4d1a793136fd,sol-updown-5m-1778392800,2026-05-10 09:00:00+03,2026-05-10 09:05:00+03,2026-05-10 09:01:44.23035+03,104.230,195.76964950,93.40000000,93.34000000,0.06000000,6.42811228,92603061447205953323247887492496944507668319840720536231369665940163038399243,0.88000000,0.90000000,0.89000000,0.89000000,mid,clob_rest,1582.53470000,81897508072574277189109752583258776803611024542705383404148917868967125479240,0.10000000,0.12000000,0.11000000,0.11000000,mid,clob_rest,1651.84600000,"{""asset_symbol"": ""SOL"", ""price_source"": ""BinanceCryptoTradeWebSocket"", ""market_active"": true, ""market_closed"": false, ""up_book_error"": null, ""binance_symbol"": ""SOLUSDT"", ""up_book_source"": ""clob_rest"", ""up_book_status"": ""found"", ""down_book_error"": null, ""market_archived"": false, ""down_book_source"": ""clob_rest"", ""down_book_status"": ""found"", ""market_accepting_orders"": true, ""market_enable_order_book"": true}"
SOL,2207372,0x37be2e001f4d734c8e6cda189b3921ba29e309d351284c852f0a4d1a793136fd,sol-updown-5m-1778392800,2026-05-10 09:00:00+03,2026-05-10 09:05:00+03,2026-05-10 09:01:50.145379+03,110.145,189.85462100,93.40000000,93.34000000,0.06000000,6.42811228,92603061447205953323247887492496944507668319840720536231369665940163038399243,0.87000000,0.90000000,0.88500000,0.88500000,mid,clob_rest,847.13390000,81897508072574277189109752583258776803611024542705383404148917868967125479240,0.10000000,0.13000000,0.11500000,0.11500000,mid,clob_rest,913.50420000,"{""asset_symbol"": ""SOL"", ""price_source"": ""BinanceCryptoTradeWebSocket"", ""market_active"": true, ""market_closed"": false, ""up_book_error"": null, ""binance_symbol"": ""SOLUSDT"", ""up_book_source"": ""clob_rest"", ""up_book_status"": ""found"", ""down_book_error"": null, ""market_archived"": false, ""down_book_source"": ""clob_rest"", ""down_book_status"": ""found"", ""market_accepting_orders"": true, ""market_enable_order_book"": true}"
SOL,2207372,0x37be2e001f4d734c8e6cda189b3921ba29e309d351284c852f0a4d1a793136fd,sol-updown-5m-1778392800,2026-05-10 09:00:00+03,2026-05-10 09:05:00+03,2026-05-10 09:01:55.955116+03,115.955,184.04488370,93.39000000,93.34000000,0.05000000,5.35676023,92603061447205953323247887492496944507668319840720536231369665940163038399243,0.88000000,0.90000000,0.89000000,0.89000000,mid,clob_rest,790.15840000,81897508072574277189109752583258776803611024542705383404148917868967125479240,0.10000000,0.12000000,0.11000000,0.11000000,mid,clob_rest,870.93060000,"{""asset_symbol"": ""SOL"", ""price_source"": ""BinanceCryptoTradeWebSocket"", ""market_active"": true, ""market_closed"": false, ""up_book_error"": null, ""binance_symbol"": ""SOLUSDT"", ""up_book_source"": ""clob_rest"", ""up_book_status"": ""found"", ""down_book_error"": null, ""market_archived"": false, ""down_book_source"": ""clob_rest"", ""down_book_status"": ""found"", ""market_accepting_orders"": true, ""market_enable_order_book"": true}"
SOL,2207372,0x37be2e001f4d734c8e6cda189b3921ba29e309d351284c852f0a4d1a793136fd,sol-updown-5m-1778392800,2026-05-10 09:00:00+03,2026-05-10 09:05:00+03,2026-05-10 09:02:01.763359+03,121.763,178.23664080,93.40000000,93.34000000,0.06000000,6.42811228,92603061447205953323247887492496944507668319840720536231369665940163038399243,0.89000000,0.91000000,0.90000000,0.90000000,mid,clob_rest,1142.86360000,81897508072574277189109752583258776803611024542705383404148917868967125479240,0.09000000,0.11000000,0.10000000,0.10000000,mid,clob_rest,768.38020000,"{""asset_symbol"": ""SOL"", ""price_source"": ""BinanceCryptoTradeWebSocket"", ""market_active"": true, ""market_closed"": false, ""up_book_error"": null, ""binance_symbol"": ""SOLUSDT"", ""up_book_source"": ""clob_rest"", ""up_book_status"": ""found"", ""down_book_error"": null, ""market_archived"": false, ""down_book_source"": ""clob_rest"", ""down_book_status"": ""found"", ""market_accepting_orders"": true, ""market_enable_order_book"": true}"
SOL,2207372,0x37be2e001f4d734c8e6cda189b3921ba29e309d351284c852f0a4d1a793136fd,sol-updown-5m-1778392800,2026-05-10 09:00:00+03,2026-05-10 09:05:00+03,2026-05-10 09:02:07.704002+03,127.704,172.29599760,93.40000000,93.34000000,0.06000000,6.42811228,92603061447205953323247887492496944507668319840720536231369665940163038399243,0.89000000,0.92000000,0.90500000,0.90500000,mid,clob_rest,1058.45780000,81897508072574277189109752583258776803611024542705383404148917868967125479240,0.08000000,0.11000000,0.09500000,0.09500000,mid,clob_rest,1140.66870000,"{""asset_symbol"": ""SOL"", ""price_source"": ""BinanceCryptoTradeWebSocket"", ""market_active"": true, ""market_closed"": false, ""up_book_error"": null, ""binance_symbol"": ""SOLUSDT"", ""up_book_source"": ""clob_rest"", ""up_book_status"": ""found"", ""down_book_error"": null, ""market_archived"": false, ""down_book_source"": ""clob_rest"", ""down_book_status"": ""found"", ""market_accepting_orders"": true, ""market_enable_order_book"": true}"
SOL,2207372,0x37be2e001f4d734c8e6cda189b3921ba29e309d351284c852f0a4d1a793136fd,sol-updown-5m-1778392800,2026-05-10 09:00:00+03,2026-05-10 09:05:00+03,2026-05-10 09:02:13.612065+03,133.612,166.38793410,93.40000000,93.34000000,0.06000000,6.42811228,92603061447205953323247887492496944507668319840720536231369665940163038399243,0.91000000,0.92000000,0.91500000,0.91500000,mid,clob_rest,785.32820000,81897508072574277189109752583258776803611024542705383404148917868967125479240,0.08000000,0.09000000,0.08500000,0.08500000,mid,clob_rest,810.67690000,"{""asset_symbol"": ""SOL"", ""price_source"": ""BinanceCryptoTradeWebSocket"", ""market_active"": true, ""market_closed"": false, ""up_book_error"": null, ""binance_symbol"": ""SOLUSDT"", ""up_book_source"": ""clob_rest"", ""up_book_status"": ""found"", ""down_book_error"": null, ""market_archived"": false, ""down_book_source"": ""clob_rest"", ""down_book_status"": ""found"", ""market_accepting_orders"": true, ""market_enable_order_book"": true}"
SOL,2207372,0x37be2e001f4d734c8e6cda189b3921ba29e309d351284c852f0a4d1a793136fd,sol-updown-5m-1778392800,2026-05-10 09:00:00+03,2026-05-10 09:05:00+03,2026-05-10 09:02:19.331509+03,139.332,160.66849060,93.40000000,93.34000000,0.06000000,6.42811228,92603061447205953323247887492496944507668319840720536231369665940163038399243,0.91000000,0.92000000,0.91500000,0.91500000,mid,clob_rest,1677.01660000,81897508072574277189109752583258776803611024542705383404148917868967125479240,0.08000000,0.09000000,0.08500000,0.08500000,mid,clob_rest,1744.77000000,"{""asset_symbol"": ""SOL"", ""price_source"": ""BinanceCryptoTradeWebSocket"", ""market_active"": true, ""market_closed"": false, ""up_book_error"": null, ""binance_symbol"": ""SOLUSDT"", ""up_book_source"": ""clob_rest"", ""up_book_status"": ""found"", ""down_book_error"": null, ""market_archived"": false, ""down_book_source"": ""clob_rest"", ""down_book_status"": ""found"", ""market_accepting_orders"": true, ""market_enable_order_book"": true}"
SOL,2207372,0x37be2e001f4d734c8e6cda189b3921ba29e309d351284c852f0a4d1a793136fd,sol-updown-5m-1778392800,2026-05-10 09:00:00+03,2026-05-10 09:05:00+03,2026-05-10 09:02:30.681457+03,150.681,149.31854290,93.40000000,93.34000000,0.06000000,6.42811228,92603061447205953323247887492496944507668319840720536231369665940163038399243,0.92000000,0.93000000,0.92500000,0.92500000,mid,clob_rest,771.76000000,81897508072574277189109752583258776803611024542705383404148917868967125479240,0.07000000,0.08000000,0.07500000,0.07500000,mid,clob_rest,838.47980000,"{""asset_symbol"": ""SOL"", ""price_source"": ""BinanceCryptoTradeWebSocket"", ""market_active"": true, ""market_closed"": false, ""up_book_error"": null, ""binance_symbol"": ""SOLUSDT"", ""up_book_source"": ""clob_rest"", ""up_book_status"": ""found"", ""down_book_error"": null, ""market_archived"": false, ""down_book_source"": ""clob_rest"", ""down_book_status"": ""found"", ""market_accepting_orders"": true, ""market_enable_order_book"": true}"
SOL,2207372,0x37be2e001f4d734c8e6cda189b3921ba29e309d351284c852f0a4d1a793136fd,sol-updown-5m-1778392800,2026-05-10 09:00:00+03,2026-05-10 09:05:00+03,2026-05-10 09:02:36.374503+03,156.375,143.62549660,93.40000000,93.34000000,0.06000000,6.42811228,92603061447205953323247887492496944507668319840720536231369665940163038399243,0.92000000,0.93000000,0.92500000,0.92500000,mid,clob_rest,1743.51050000,81897508072574277189109752583258776803611024542705383404148917868967125479240,0.07000000,0.08000000,0.07500000,0.07500000,mid,clob_rest,1809.24010000,"{""asset_symbol"": ""SOL"", ""price_source"": ""BinanceCryptoTradeWebSocket"", ""market_active"": true, ""market_closed"": false, ""up_book_error"": null, ""binance_symbol"": ""SOLUSDT"", ""up_book_source"": ""clob_rest"", ""up_book_status"": ""found"", ""down_book_error"": null, ""market_archived"": false, ""down_book_source"": ""clob_rest"", ""down_book_status"": ""found"", ""market_accepting_orders"": true, ""market_enable_order_book"": true}"
SOL,2207372,0x37be2e001f4d734c8e6cda189b3921ba29e309d351284c852f0a4d1a793136fd,sol-updown-5m-1778392800,2026-05-10 09:00:00+03,2026-05-10 09:05:00+03,2026-05-10 09:02:42.124097+03,162.124,137.87590260,93.40000000,93.34000000,0.06000000,6.42811228,92603061447205953323247887492496944507668319840720536231369665940163038399243,0.93000000,0.94000000,0.93500000,0.93500000,mid,clob_rest,937.88240000,81897508072574277189109752583258776803611024542705383404148917868967125479240,0.06000000,0.07000000,0.06500000,0.06500000,mid,clob_rest,1046.94210000,"{""asset_symbol"": ""SOL"", ""price_source"": ""BinanceCryptoTradeWebSocket"", ""market_active"": true, ""market_closed"": false, ""up_book_error"": null, ""binance_symbol"": ""SOLUSDT"", ""up_book_source"": ""clob_rest"", ""up_book_status"": ""found"", ""down_book_error"": null, ""market_archived"": false, ""down_book_source"": ""clob_rest"", ""down_book_status"": ""found"", ""market_accepting_orders"": true, ""market_enable_order_book"": true}"
SOL,2207372,0x37be2e001f4d734c8e6cda189b3921ba29e309d351284c852f0a4d1a793136fd,sol-updown-5m-1778392800,2026-05-10 09:00:00+03,2026-05-10 09:05:00+03,2026-05-10 09:02:48.116383+03,168.116,131.88361690,93.39000000,93.34000000,0.05000000,5.35676023,92603061447205953323247887492496944507668319840720536231369665940163038399243,0.92000000,0.94000000,0.93000000,0.93000000,mid,clob_rest,1297.48950000,81897508072574277189109752583258776803611024542705383404148917868967125479240,0.06000000,0.08000000,0.07000000,0.07000000,mid,clob_rest,1368.11510000,"{""asset_symbol"": ""SOL"", ""price_source"": ""BinanceCryptoTradeWebSocket"", ""market_active"": true, ""market_closed"": false, ""up_book_error"": null, ""binance_symbol"": ""SOLUSDT"", ""up_book_source"": ""clob_rest"", ""up_book_status"": ""found"", ""down_book_error"": null, ""market_archived"": false, ""down_book_source"": ""clob_rest"", ""down_book_status"": ""found"", ""market_accepting_orders"": true, ""market_enable_order_book"": true}"
SOL,2207372,0x37be2e001f4d734c8e6cda189b3921ba29e309d351284c852f0a4d1a793136fd,sol-updown-5m-1778392800,2026-05-10 09:00:00+03,2026-05-10 09:05:00+03,2026-05-10 09:02:53.799712+03,173.800,126.20028800,93.38000000,93.34000000,0.04000000,4.28540819,92603061447205953323247887492496944507668319840720536231369665940163038399243,0.88000000,0.92000000,0.90000000,0.90000000,mid,clob_rest,750.02350000,81897508072574277189109752583258776803611024542705383404148917868967125479240,0.08000000,0.12000000,0.10000000,0.10000000,mid,clob_rest,763.95060000,"{""asset_symbol"": ""SOL"", ""price_source"": ""BinanceCryptoTradeWebSocket"", ""market_active"": true, ""market_closed"": false, ""up_book_error"": null, ""binance_symbol"": ""SOLUSDT"", ""up_book_source"": ""clob_rest"", ""up_book_status"": ""found"", ""down_book_error"": null, ""market_archived"": false, ""down_book_source"": ""clob_rest"", ""down_book_status"": ""found"", ""market_accepting_orders"": true, ""market_enable_order_book"": true}"
SOL,2207372,0x37be2e001f4d734c8e6cda189b3921ba29e309d351284c852f0a4d1a793136fd,sol-updown-5m-1778392800,2026-05-10 09:00:00+03,2026-05-10 09:05:00+03,2026-05-10 09:02:59.614474+03,179.614,120.38552520,93.39000000,93.34000000,0.05000000,5.35676023,92603061447205953323247887492496944507668319840720536231369665940163038399243,0.90000000,0.92000000,0.91000000,0.91000000,mid,clob_rest,1060.20010000,81897508072574277189109752583258776803611024542705383404148917868967125479240,0.08000000,0.10000000,0.09000000,0.09000000,mid,clob_rest,796.75920000,"{""asset_symbol"": ""SOL"", ""price_source"": ""BinanceCryptoTradeWebSocket"", ""market_active"": true, ""market_closed"": false, ""up_book_error"": null, ""binance_symbol"": ""SOLUSDT"", ""up_book_source"": ""clob_rest"", ""up_book_status"": ""found"", ""down_book_error"": null, ""market_archived"": false, ""down_book_source"": ""clob_rest"", ""down_book_status"": ""found"", ""market_accepting_orders"": true, ""market_enable_order_book"": true}"
SOL,2207372,0x37be2e001f4d734c8e6cda189b3921ba29e309d351284c852f0a4d1a793136fd,sol-updown-5m-1778392800,2026-05-10 09:00:00+03,2026-05-10 09:05:00+03,2026-05-10 09:03:05.689161+03,185.689,114.31083860,93.39000000,93.34000000,0.05000000,5.35676023,92603061447205953323247887492496944507668319840720536231369665940163038399243,0.91000000,0.94000000,0.92500000,0.92500000,mid,clob_rest,968.24700000,81897508072574277189109752583258776803611024542705383404148917868967125479240,0.06000000,0.09000000,0.07500000,0.07500000,mid,clob_rest,1086.57940000,"{""asset_symbol"": ""SOL"", ""price_source"": ""BinanceCryptoTradeWebSocket"", ""market_active"": true, ""market_closed"": false, ""up_book_error"": null, ""binance_symbol"": ""SOLUSDT"", ""up_book_source"": ""clob_rest"", ""up_book_status"": ""found"", ""down_book_error"": null, ""market_archived"": false, ""down_book_source"": ""clob_rest"", ""down_book_status"": ""found"", ""market_accepting_orders"": true, ""market_enable_order_book"": true}"
SOL,2207372,0x37be2e001f4d734c8e6cda189b3921ba29e309d351284c852f0a4d1a793136fd,sol-updown-5m-1778392800,2026-05-10 09:00:00+03,2026-05-10 09:05:00+03,2026-05-10 09:03:11.518045+03,191.518,108.48195410,93.39000000,93.34000000,0.05000000,5.35676023,92603061447205953323247887492496944507668319840720536231369665940163038399243,0.87000000,0.91000000,0.89000000,0.89000000,mid,clob_rest,761.70410000,81897508072574277189109752583258776803611024542705383404148917868967125479240,0.09000000,0.13000000,0.11000000,0.11000000,mid,clob_rest,792.12490000,"{""asset_symbol"": ""SOL"", ""price_source"": ""BinanceCryptoTradeWebSocket"", ""market_active"": true, ""market_closed"": false, ""up_book_error"": null, ""binance_symbol"": ""SOLUSDT"", ""up_book_source"": ""clob_rest"", ""up_book_status"": ""found"", ""down_book_error"": null, ""market_archived"": false, ""down_book_source"": ""clob_rest"", ""down_book_status"": ""found"", ""market_accepting_orders"": true, ""market_enable_order_book"": true}"
SOL,2207372,0x37be2e001f4d734c8e6cda189b3921ba29e309d351284c852f0a4d1a793136fd,sol-updown-5m-1778392800,2026-05-10 09:00:00+03,2026-05-10 09:05:00+03,2026-05-10 09:03:17.364215+03,197.364,102.63578500,93.38000000,93.34000000,0.04000000,4.28540819,92603061447205953323247887492496944507668319840720536231369665940163038399243,0.92000000,0.93000000,0.92500000,0.92500000,mid,clob_rest,746.32390000,81897508072574277189109752583258776803611024542705383404148917868967125479240,0.07000000,0.08000000,0.07500000,0.07500000,mid,clob_rest,790.30640000,"{""asset_symbol"": ""SOL"", ""price_source"": ""BinanceCryptoTradeWebSocket"", ""market_active"": true, ""market_closed"": false, ""up_book_error"": null, ""binance_symbol"": ""SOLUSDT"", ""up_book_source"": ""clob_rest"", ""up_book_status"": ""found"", ""down_book_error"": null, ""market_archived"": false, ""down_book_source"": ""clob_rest"", ""down_book_status"": ""found"", ""market_accepting_orders"": true, ""market_enable_order_book"": true}"
SOL,2207372,0x37be2e001f4d734c8e6cda189b3921ba29e309d351284c852f0a4d1a793136fd,sol-updown-5m-1778392800,2026-05-10 09:00:00+03,2026-05-10 09:05:00+03,2026-05-10 09:03:23.044715+03,203.045,96.95528410,93.39000000,93.34000000,0.05000000,5.35676023,92603061447205953323247887492496944507668319840720536231369665940163038399243,0.92000000,0.93000000,0.92500000,0.92500000,mid,clob_rest,773.47680000,81897508072574277189109752583258776803611024542705383404148917868967125479240,0.07000000,0.08000000,0.07500000,0.07500000,mid,clob_rest,844.97050000,"{""asset_symbol"": ""SOL"", ""price_source"": ""BinanceCryptoTradeWebSocket"", ""market_active"": true, ""market_closed"": false, ""up_book_error"": null, ""binance_symbol"": ""SOLUSDT"", ""up_book_source"": ""clob_rest"", ""up_book_status"": ""found"", ""down_book_error"": null, ""market_archived"": false, ""down_book_source"": ""clob_rest"", ""down_book_status"": ""found"", ""market_accepting_orders"": true, ""market_enable_order_book"": true}"
SOL,2207372,0x37be2e001f4d734c8e6cda189b3921ba29e309d351284c852f0a4d1a793136fd,sol-updown-5m-1778392800,2026-05-10 09:00:00+03,2026-05-10 09:05:00+03,2026-05-10 09:03:28.954353+03,208.954,91.04564620,93.39000000,93.34000000,0.05000000,5.35676023,92603061447205953323247887492496944507668319840720536231369665940163038399243,0.93000000,0.95000000,0.94000000,0.94000000,mid,clob_rest,840.15020000,81897508072574277189109752583258776803611024542705383404148917868967125479240,0.05000000,0.07000000,0.06000000,0.06000000,mid,clob_rest,908.97270000,"{""asset_symbol"": ""SOL"", ""price_source"": ""BinanceCryptoTradeWebSocket"", ""market_active"": true, ""market_closed"": false, ""up_book_error"": null, ""binance_symbol"": ""SOLUSDT"", ""up_book_source"": ""clob_rest"", ""up_book_status"": ""found"", ""down_book_error"": null, ""market_archived"": false, ""down_book_source"": ""clob_rest"", ""down_book_status"": ""found"", ""market_accepting_orders"": true, ""market_enable_order_book"": true}"
SOL,2207372,0x37be2e001f4d734c8e6cda189b3921ba29e309d351284c852f0a4d1a793136fd,sol-updown-5m-1778392800,2026-05-10 09:00:00+03,2026-05-10 09:05:00+03,2026-05-10 09:03:34.721369+03,214.721,85.27863030,93.40000000,93.34000000,0.06000000,6.42811228,92603061447205953323247887492496944507668319840720536231369665940163038399243,0.94000000,0.95000000,0.94500000,0.94500000,mid,clob_rest,835.18480000,81897508072574277189109752583258776803611024542705383404148917868967125479240,0.05000000,0.06000000,0.05500000,0.05500000,mid,clob_rest,910.85990000,"{""asset_symbol"": ""SOL"", ""price_source"": ""BinanceCryptoTradeWebSocket"", ""market_active"": true, ""market_closed"": false, ""up_book_error"": null, ""binance_symbol"": ""SOLUSDT"", ""up_book_source"": ""clob_rest"", ""up_book_status"": ""found"", ""down_book_error"": null, ""market_archived"": false, ""down_book_source"": ""clob_rest"", ""down_book_status"": ""found"", ""market_accepting_orders"": true, ""market_enable_order_book"": true}"
SOL,2207372,0x37be2e001f4d734c8e6cda189b3921ba29e309d351284c852f0a4d1a793136fd,sol-updown-5m-1778392800,2026-05-10 09:00:00+03,2026-05-10 09:05:00+03,2026-05-10 09:03:40.512046+03,220.512,79.48795350,93.40000000,93.34000000,0.06000000,6.42811228,92603061447205953323247887492496944507668319840720536231369665940163038399243,0.94000000,0.97000000,0.95500000,0.95500000,mid,clob_rest,921.71730000,81897508072574277189109752583258776803611024542705383404148917868967125479240,0.03000000,0.06000000,0.04500000,0.04500000,mid,clob_rest,982.16480000,"{""asset_symbol"": ""SOL"", ""price_source"": ""BinanceCryptoTradeWebSocket"", ""market_active"": true, ""market_closed"": false, ""up_book_error"": null, ""binance_symbol"": ""SOLUSDT"", ""up_book_source"": ""clob_rest"", ""up_book_status"": ""found"", ""down_book_error"": null, ""market_archived"": false, ""down_book_source"": ""clob_rest"", ""down_book_status"": ""found"", ""market_accepting_orders"": true, ""market_enable_order_book"": true}"
SOL,2207372,0x37be2e001f4d734c8e6cda189b3921ba29e309d351284c852f0a4d1a793136fd,sol-updown-5m-1778392800,2026-05-10 09:00:00+03,2026-05-10 09:05:00+03,2026-05-10 09:03:46.33827+03,226.338,73.66172920,93.40000000,93.34000000,0.06000000,6.42811228,92603061447205953323247887492496944507668319840720536231369665940163038399243,0.94000000,0.97000000,0.95500000,0.95500000,mid,clob_rest,917.47090000,81897508072574277189109752583258776803611024542705383404148917868967125479240,0.03000000,0.06000000,0.04500000,0.04500000,mid,clob_rest,810.99600000,"{""asset_symbol"": ""SOL"", ""price_source"": ""BinanceCryptoTradeWebSocket"", ""market_active"": true, ""market_closed"": false, ""up_book_error"": null, ""binance_symbol"": ""SOLUSDT"", ""up_book_source"": ""clob_rest"", ""up_book_status"": ""found"", ""down_book_error"": null, ""market_archived"": false, ""down_book_source"": ""clob_rest"", ""down_book_status"": ""found"", ""market_accepting_orders"": true, ""market_enable_order_book"": true}"
SOL,2207372,0x37be2e001f4d734c8e6cda189b3921ba29e309d351284c852f0a4d1a793136fd,sol-updown-5m-1778392800,2026-05-10 09:00:00+03,2026-05-10 09:05:00+03,2026-05-10 09:03:52.220314+03,232.220,67.77968590,93.39000000,93.34000000,0.05000000,5.35676023,92603061447205953323247887492496944507668319840720536231369665940163038399243,0.95000000,0.97000000,0.96000000,0.96000000,mid,clob_rest,1987.56840000,81897508072574277189109752583258776803611024542705383404148917868967125479240,0.03000000,0.05000000,0.04000000,0.04000000,mid,clob_rest,2079.37540000,"{""asset_symbol"": ""SOL"", ""price_source"": ""BinanceCryptoTradeWebSocket"", ""market_active"": true, ""market_closed"": false, ""up_book_error"": null, ""binance_symbol"": ""SOLUSDT"", ""up_book_source"": ""clob_rest"", ""up_book_status"": ""found"", ""down_book_error"": null, ""market_archived"": false, ""down_book_source"": ""clob_rest"", ""down_book_status"": ""found"", ""market_accepting_orders"": true, ""market_enable_order_book"": true}"
SOL,2207372,0x37be2e001f4d734c8e6cda189b3921ba29e309d351284c852f0a4d1a793136fd,sol-updown-5m-1778392800,2026-05-10 09:00:00+03,2026-05-10 09:05:00+03,2026-05-10 09:03:58.073944+03,238.074,61.92605510,93.40000000,93.34000000,0.06000000,6.42811228,92603061447205953323247887492496944507668319840720536231369665940163038399243,0.95000000,0.97000000,0.96000000,0.96000000,mid,clob_rest,993.15540000,81897508072574277189109752583258776803611024542705383404148917868967125479240,0.03000000,0.05000000,0.04000000,0.04000000,mid,clob_rest,844.39110000,"{""asset_symbol"": ""SOL"", ""price_source"": ""BinanceCryptoTradeWebSocket"", ""market_active"": true, ""market_closed"": false, ""up_book_error"": null, ""binance_symbol"": ""SOLUSDT"", ""up_book_source"": ""clob_rest"", ""up_book_status"": ""found"", ""down_book_error"": null, ""market_archived"": false, ""down_book_source"": ""clob_rest"", ""down_book_status"": ""found"", ""market_accepting_orders"": true, ""market_enable_order_book"": true}"
SOL,2207372,0x37be2e001f4d734c8e6cda189b3921ba29e309d351284c852f0a4d1a793136fd,sol-updown-5m-1778392800,2026-05-10 09:00:00+03,2026-05-10 09:05:00+03,2026-05-10 09:04:04.099295+03,244.099,55.90070470,93.41000000,93.34000000,0.07000000,7.49946432,92603061447205953323247887492496944507668319840720536231369665940163038399243,0.96000000,0.98000000,0.97000000,0.97000000,mid,clob_rest,776.30920000,81897508072574277189109752583258776803611024542705383404148917868967125479240,0.02000000,0.03000000,0.02500000,0.02500000,mid,clob_rest,810.49890000,"{""asset_symbol"": ""SOL"", ""price_source"": ""BinanceCryptoTradeWebSocket"", ""market_active"": true, ""market_closed"": false, ""up_book_error"": null, ""binance_symbol"": ""SOLUSDT"", ""up_book_source"": ""clob_rest"", ""up_book_status"": ""found"", ""down_book_error"": null, ""market_archived"": false, ""down_book_source"": ""clob_rest"", ""down_book_status"": ""found"", ""market_accepting_orders"": true, ""market_enable_order_book"": true}"
SOL,2207372,0x37be2e001f4d734c8e6cda189b3921ba29e309d351284c852f0a4d1a793136fd,sol-updown-5m-1778392800,2026-05-10 09:00:00+03,2026-05-10 09:05:00+03,2026-05-10 09:04:09.861989+03,249.862,50.13801030,93.42000000,93.34000000,0.08000000,8.57081637,92603061447205953323247887492496944507668319840720536231369665940163038399243,0.97000000,0.99000000,0.98000000,0.98000000,mid,clob_rest,766.32810000,81897508072574277189109752583258776803611024542705383404148917868967125479240,0.01000000,0.02000000,0.01500000,0.01500000,mid,clob_rest,782.95220000,"{""asset_symbol"": ""SOL"", ""price_source"": ""BinanceCryptoTradeWebSocket"", ""market_active"": true, ""market_closed"": false, ""up_book_error"": null, ""binance_symbol"": ""SOLUSDT"", ""up_book_source"": ""clob_rest"", ""up_book_status"": ""found"", ""down_book_error"": null, ""market_archived"": false, ""down_book_source"": ""clob_rest"", ""down_book_status"": ""found"", ""market_accepting_orders"": true, ""market_enable_order_book"": true}"
SOL,2207372,0x37be2e001f4d734c8e6cda189b3921ba29e309d351284c852f0a4d1a793136fd,sol-updown-5m-1778392800,2026-05-10 09:00:00+03,2026-05-10 09:05:00+03,2026-05-10 09:04:15.730117+03,255.730,44.26988250,93.43000000,93.34000000,0.09000000,9.64216842,92603061447205953323247887492496944507668319840720536231369665940163038399243,0.99000000,,,0.99000000,bid_only,clob_rest,794.27410000,81897508072574277189109752583258776803611024542705383404148917868967125479240,,0.01000000,,0.01000000,ask_only,clob_rest,863.08820000,"{""asset_symbol"": ""SOL"", ""price_source"": ""BinanceCryptoTradeWebSocket"", ""market_active"": true, ""market_closed"": false, ""up_book_error"": null, ""binance_symbol"": ""SOLUSDT"", ""up_book_source"": ""clob_rest"", ""up_book_status"": ""found"", ""down_book_error"": null, ""market_archived"": false, ""down_book_source"": ""clob_rest"", ""down_book_status"": ""found"", ""market_accepting_orders"": true, ""market_enable_order_book"": true}"
SOL,2207372,0x37be2e001f4d734c8e6cda189b3921ba29e309d351284c852f0a4d1a793136fd,sol-updown-5m-1778392800,2026-05-10 09:00:00+03,2026-05-10 09:05:00+03,2026-05-10 09:04:21.657501+03,261.658,38.34249820,93.43000000,93.34000000,0.09000000,9.64216842,92603061447205953323247887492496944507668319840720536231369665940163038399243,0.99000000,,,0.99000000,bid_only,clob_rest,2201.91990000,81897508072574277189109752583258776803611024542705383404148917868967125479240,,0.01000000,,0.01000000,ask_only,clob_rest,2262.61860000,"{""asset_symbol"": ""SOL"", ""price_source"": ""BinanceCryptoTradeWebSocket"", ""market_active"": true, ""market_closed"": false, ""up_book_error"": null, ""binance_symbol"": ""SOLUSDT"", ""up_book_source"": ""clob_rest"", ""up_book_status"": ""found"", ""down_book_error"": null, ""market_archived"": false, ""down_book_source"": ""clob_rest"", ""down_book_status"": ""found"", ""market_accepting_orders"": true, ""market_enable_order_book"": true}"
SOL,2207372,0x37be2e001f4d734c8e6cda189b3921ba29e309d351284c852f0a4d1a793136fd,sol-updown-5m-1778392800,2026-05-10 09:00:00+03,2026-05-10 09:05:00+03,2026-05-10 09:04:27.462496+03,267.462,32.53750390,93.42000000,93.34000000,0.08000000,8.57081637,92603061447205953323247887492496944507668319840720536231369665940163038399243,0.99000000,,,0.99000000,bid_only,clob_rest,1179.49080000,81897508072574277189109752583258776803611024542705383404148917868967125479240,,0.01000000,,0.01000000,ask_only,clob_rest,1366.25180000,"{""asset_symbol"": ""SOL"", ""price_source"": ""BinanceCryptoTradeWebSocket"", ""market_active"": true, ""market_closed"": false, ""up_book_error"": null, ""binance_symbol"": ""SOLUSDT"", ""up_book_source"": ""clob_rest"", ""up_book_status"": ""found"", ""down_book_error"": null, ""market_archived"": false, ""down_book_source"": ""clob_rest"", ""down_book_status"": ""found"", ""market_accepting_orders"": true, ""market_enable_order_book"": true}"
SOL,2207372,0x37be2e001f4d734c8e6cda189b3921ba29e309d351284c852f0a4d1a793136fd,sol-updown-5m-1778392800,2026-05-10 09:00:00+03,2026-05-10 09:05:00+03,2026-05-10 09:04:33.473531+03,273.474,26.52646890,93.39000000,93.34000000,0.05000000,5.35676023,92603061447205953323247887492496944507668319840720536231369665940163038399243,0.99000000,,,0.99000000,bid_only,clob_rest,2296.61790000,81897508072574277189109752583258776803611024542705383404148917868967125479240,,0.01000000,,0.01000000,ask_only,clob_rest,913.32310000,"{""asset_symbol"": ""SOL"", ""price_source"": ""BinanceCryptoTradeWebSocket"", ""market_active"": true, ""market_closed"": false, ""up_book_error"": null, ""binance_symbol"": ""SOLUSDT"", ""up_book_source"": ""clob_rest"", ""up_book_status"": ""found"", ""down_book_error"": null, ""market_archived"": false, ""down_book_source"": ""clob_rest"", ""down_book_status"": ""found"", ""market_accepting_orders"": true, ""market_enable_order_book"": true}"
SOL,2207372,0x37be2e001f4d734c8e6cda189b3921ba29e309d351284c852f0a4d1a793136fd,sol-updown-5m-1778392800,2026-05-10 09:00:00+03,2026-05-10 09:05:00+03,2026-05-10 09:04:39.482224+03,279.482,20.51777530,93.38000000,93.34000000,0.04000000,4.28540819,92603061447205953323247887492496944507668319840720536231369665940163038399243,0.86000000,,,0.86000000,bid_only,clob_rest,2231.19060000,81897508072574277189109752583258776803611024542705383404148917868967125479240,,0.14000000,,0.14000000,ask_only,clob_rest,2300.56440000,"{""asset_symbol"": ""SOL"", ""price_source"": ""BinanceCryptoTradeWebSocket"", ""market_active"": true, ""market_closed"": false, ""up_book_error"": null, ""binance_symbol"": ""SOLUSDT"", ""up_book_source"": ""clob_rest"", ""up_book_status"": ""found"", ""down_book_error"": null, ""market_archived"": false, ""down_book_source"": ""clob_rest"", ""down_book_status"": ""found"", ""market_accepting_orders"": true, ""market_enable_order_book"": true}"
SOL,2207372,0x37be2e001f4d734c8e6cda189b3921ba29e309d351284c852f0a4d1a793136fd,sol-updown-5m-1778392800,2026-05-10 09:00:00+03,2026-05-10 09:05:00+03,2026-05-10 09:04:45.31249+03,285.312,14.68750970,93.38000000,93.34000000,0.04000000,4.28540819,92603061447205953323247887492496944507668319840720536231369665940163038399243,0.91000000,,,0.91000000,bid_only,clob_rest,2048.62820000,81897508072574277189109752583258776803611024542705383404148917868967125479240,,0.09000000,,0.09000000,ask_only,clob_rest,2108.92340000,"{""asset_symbol"": ""SOL"", ""price_source"": ""BinanceCryptoTradeWebSocket"", ""market_active"": true, ""market_closed"": false, ""up_book_error"": null, ""binance_symbol"": ""SOLUSDT"", ""up_book_source"": ""clob_rest"", ""up_book_status"": ""found"", ""down_book_error"": null, ""market_archived"": false, ""down_book_source"": ""clob_rest"", ""down_book_status"": ""found"", ""market_accepting_orders"": true, ""market_enable_order_book"": true}"
SOL,2207372,0x37be2e001f4d734c8e6cda189b3921ba29e309d351284c852f0a4d1a793136fd,sol-updown-5m-1778392800,2026-05-10 09:00:00+03,2026-05-10 09:05:00+03,2026-05-10 09:04:51.142561+03,291.143,8.85743840,93.38000000,93.34000000,0.04000000,4.28540819,92603061447205953323247887492496944507668319840720536231369665940163038399243,0.99000000,,,0.99000000,bid_only,clob_rest,772.33150000,81897508072574277189109752583258776803611024542705383404148917868967125479240,,0.01000000,,0.01000000,ask_only,clob_rest,829.33040000,"{""asset_symbol"": ""SOL"", ""price_source"": ""BinanceCryptoTradeWebSocket"", ""market_active"": true, ""market_closed"": false, ""up_book_error"": null, ""binance_symbol"": ""SOLUSDT"", ""up_book_source"": ""clob_rest"", ""up_book_status"": ""found"", ""down_book_error"": null, ""market_archived"": false, ""down_book_source"": ""clob_rest"", ""down_book_status"": ""found"", ""market_accepting_orders"": true, ""market_enable_order_book"": true}"
SOL,2207372,0x37be2e001f4d734c8e6cda189b3921ba29e309d351284c852f0a4d1a793136fd,sol-updown-5m-1778392800,2026-05-10 09:00:00+03,2026-05-10 09:05:00+03,2026-05-10 09:04:57.032245+03,297.032,2.96775410,93.37000000,93.34000000,0.03000000,3.21405614,92603061447205953323247887492496944507668319840720536231369665940163038399243,0.99000000,,,0.99000000,bid_only,clob_rest,845.94660000,81897508072574277189109752583258776803611024542705383404148917868967125479240,,0.01000000,,0.01000000,ask_only,clob_rest,935.75510000,"{""asset_symbol"": ""SOL"", ""price_source"": ""BinanceCryptoTradeWebSocket"", ""market_active"": true, ""market_closed"": false, ""up_book_error"": null, ""binance_symbol"": ""SOLUSDT"", ""up_book_source"": ""clob_rest"", ""up_book_status"": ""found"", ""down_book_error"": null, ""market_archived"": false, ""down_book_source"": ""clob_rest"", ""down_book_status"": ""found"", ""market_accepting_orders"": true, ""market_enable_order_book"": true}"
