"sample_number","sample_utc","asset","market_slug","market_id","market_start_utc","market_end_utc","seconds_to_start","seconds_from_start","seconds_to_end","outcome","token_id","best_bid","best_bid_size","best_ask","best_ask_size","spread","bid_levels","ask_levels","top5_bid_size","top5_ask_size","total_bid_size","total_ask_size","book_timestamp","book_market","binance_price","start_reference_price","move_from_start_bps","error"
"1","2026-06-18T18:32:59.5096930+00:00","SOL","sol-updown-5m-1781807700","2585048","2026-06-18T18:35:00.0000000+00:00","2026-06-18T18:40:00.0000000+00:00","120.49","-120.49","420.49","Up","5718934818440668581581968206003614529786960382720153627545271500748299494477","0.49","137.09","0.5","10.05","0.01","49","50","667.15","285.55","16070.85","16016.67","1781807571693","0xec56a49dcd3ced1b7ab0924e4d158edc4ea782e17ff825d53c88e252b0a2d6ab","68.73000000",,,""
"1","2026-06-18T18:32:59.5096930+00:00","SOL","sol-updown-5m-1781807700","2585048","2026-06-18T18:35:00.0000000+00:00","2026-06-18T18:40:00.0000000+00:00","120.49","-120.49","420.49","Down","3229234571258476502341848318045383428101862893422608253097155093276200828639","0.5","10.05","0.51","137.09","0.01","50","49","285.55","667.15","16016.67","16070.85","1781807571693","0xec56a49dcd3ced1b7ab0924e4d158edc4ea782e17ff825d53c88e252b0a2d6ab","68.73000000",,,""
"1","2026-06-18T18:32:59.5096930+00:00","BTC","btc-updown-5m-1781807700","2585050","2026-06-18T18:35:00.0000000+00:00","2026-06-18T18:40:00.0000000+00:00","120.49","-120.49","420.49","Up","46402257018358606725498828349823690581856500639012482948187776046510407334125","0.5","971.94","0.51","216.12","0.01","50","49","2861.43","2392.25","73977.96","53298.08","1781807580231","0xfeb2801b5d1aaf991653b68c0833dc054e1289057bd055bd569e9b2c527774ef","62782.00000000",,,""
"1","2026-06-18T18:32:59.5096930+00:00","BTC","btc-updown-5m-1781807700","2585050","2026-06-18T18:35:00.0000000+00:00","2026-06-18T18:40:00.0000000+00:00","120.49","-120.49","420.49","Down","35139634345922391080903425544822142400697904488413383462188748186763652240871","0.49","216.12","0.5","966.94","0.01","49","50","2382.25","2856.43","53278.08","73987.96","1781807580354","0xfeb2801b5d1aaf991653b68c0833dc054e1289057bd055bd569e9b2c527774ef","62782.00000000",,,""
"1","2026-06-18T18:32:59.5096930+00:00","ETH","eth-updown-5m-1781807700","2585051","2026-06-18T18:35:00.0000000+00:00","2026-06-18T18:40:00.0000000+00:00","120.49","-120.49","420.49","Up","74461203961757261493458244738780826360022321825564372263353660790035729456590","0.48","201.44","0.49","85.05","0.01","48","51","1339.22","394.20","25687.32","25604.60","1781807579049","0xa91660566b52c51d7b67f790922ac2cbb9c1a984530c2f1e8c638582fe5b9987","1685.52000000",,,""
"1","2026-06-18T18:32:59.5096930+00:00","ETH","eth-updown-5m-1781807700","2585051","2026-06-18T18:35:00.0000000+00:00","2026-06-18T18:40:00.0000000+00:00","120.49","-120.49","420.49","Down","75286087574843676929308633186286345137325290048145693264847879249489792447013","0.51","85.05","0.52","201.44","0.01","51","48","394.20","1339.22","25604.60","25687.32","1781807579049","0xa91660566b52c51d7b67f790922ac2cbb9c1a984530c2f1e8c638582fe5b9987","1685.52000000",,,""
"1","2026-06-18T18:32:59.5096930+00:00","BTC","btc-updown-5m-1781808000","2585540","2026-06-18T18:40:00.0000000+00:00","2026-06-18T18:45:00.0000000+00:00","420.49","-420.49","720.49","Up","68879465934683457163131433626470896869720839796689695720987328811090538744534","0.5","183.02","0.51","216.26","0.01","50","49","1019.60","1447.82","45442.81","45309.79","1781807572136","0x37dff2886c68fce27cd0e881f9ba4b661221c1681afbb9b5ccf46d9807da43e7","62782.00000000",,,""
"1","2026-06-18T18:32:59.5096930+00:00","BTC","btc-updown-5m-1781808000","2585540","2026-06-18T18:40:00.0000000+00:00","2026-06-18T18:45:00.0000000+00:00","420.49","-420.49","720.49","Down","90994024001936624995449612087221105721743657631296606584972031902449014752715","0.49","216.26","0.5","183.02","0.01","49","50","1447.82","1019.60","45309.79","45442.81","1781807572136","0x37dff2886c68fce27cd0e881f9ba4b661221c1681afbb9b5ccf46d9807da43e7","62782.00000000",,,""
"1","2026-06-18T18:32:59.5096930+00:00","ETH","eth-updown-5m-1781808000","2585542","2026-06-18T18:40:00.0000000+00:00","2026-06-18T18:45:00.0000000+00:00","420.49","-420.49","720.49","Up","49849740713050321516107817410296468449911255652199205726679896866087747161393","0.49","1010","0.51","10","0.02","49","49","1440.28","290.28","25526.34","24537.72","1781807505261","0xc05fc868141ee0eae60f092abb7ecfb0de2dfb564074f18fefa847aadbfba555","1685.52000000",,,""
"1","2026-06-18T18:32:59.5096930+00:00","ETH","eth-updown-5m-1781808000","2585542","2026-06-18T18:40:00.0000000+00:00","2026-06-18T18:45:00.0000000+00:00","420.49","-420.49","720.49","Down","17591791386811154609095965976303693564520569177422496092498652550151428769695","0.49","10","0.51","1010","0.02","49","49","290.28","1440.28","24537.72","25526.34","1781807505261","0xc05fc868141ee0eae60f092abb7ecfb0de2dfb564074f18fefa847aadbfba555","1685.52000000",,,""
"1","2026-06-18T18:32:59.5096930+00:00","SOL","sol-updown-5m-1781808000","2585543","2026-06-18T18:40:00.0000000+00:00","2026-06-18T18:45:00.0000000+00:00","420.49","-420.49","720.49","Up","33883635556343746924049866166209953032521320774560384687032719094764384424169","0.48","5.07","0.52","3.14","0.04","48","48","464.26","462.33","12530.00","12458.07","1781807547101","0x8ea26f6fb06e218ad5a9ed6ab3e8175ea846920303fde49cb2f463f33415c44b","68.73000000",,,""
"1","2026-06-18T18:32:59.5096930+00:00","SOL","sol-updown-5m-1781808000","2585543","2026-06-18T18:40:00.0000000+00:00","2026-06-18T18:45:00.0000000+00:00","420.49","-420.49","720.49","Down","84425178885795678785795856280303190499382832162788080471884105518012716799398","0.48","3.14","0.52","5.07","0.04","48","48","462.33","464.26","12458.07","12530.00","1781807547101","0x8ea26f6fb06e218ad5a9ed6ab3e8175ea846920303fde49cb2f463f33415c44b","68.73000000",,,""
"1","2026-06-18T18:32:59.5096930+00:00","BTC","btc-updown-5m-1781808300","2585640","2026-06-18T18:45:00.0000000+00:00","2026-06-18T18:50:00.0000000+00:00","720.49","-720.49","1020.49","Up","96824105467343580693139780796131495794995377592943523159760401295298802171896","0.5","180.6","0.51","253.62","0.01","50","49","846.98","1254.07","42000.72","41518.81","1781807576381","0x276fe565b84e6f769293da985dc3b180e0cbecbff90c2eaa0bd8dadba73ab8c8","62782.00000000",,,""
"1","2026-06-18T18:32:59.5096930+00:00","BTC","btc-updown-5m-1781808300","2585640","2026-06-18T18:45:00.0000000+00:00","2026-06-18T18:50:00.0000000+00:00","720.49","-720.49","1020.49","Down","26034517743168909246241273147224929566684869610305877377037263223183270955032","0.49","253.62","0.5","180.6","0.01","49","50","1254.07","846.98","41518.81","42000.72","1781807576381","0x276fe565b84e6f769293da985dc3b180e0cbecbff90c2eaa0bd8dadba73ab8c8","62782.00000000",,,""
"1","2026-06-18T18:32:59.5096930+00:00","ETH","eth-updown-5m-1781808300","2585643","2026-06-18T18:45:00.0000000+00:00","2026-06-18T18:50:00.0000000+00:00","720.49","-720.49","1020.49","Up","102474497961668922711347552769699220123299855671283242332791480799824046437372","0.49","10","0.51","10","0.02","49","49","445.28","295.28","23344.85","23329.85","1781807556249","0x840a534e31b8aa9e3be0f55d32ac4df7d6ce18a9f83dbd0d9692bff516647896","1685.52000000",,,""
"1","2026-06-18T18:32:59.5096930+00:00","ETH","eth-updown-5m-1781808300","2585643","2026-06-18T18:45:00.0000000+00:00","2026-06-18T18:50:00.0000000+00:00","720.49","-720.49","1020.49","Down","33125718133241705192250673813857380107029209118508563554468406354215970429790","0.49","10","0.51","10","0.02","49","49","295.28","445.28","23329.85","23344.85","1781807556249","0x840a534e31b8aa9e3be0f55d32ac4df7d6ce18a9f83dbd0d9692bff516647896","1685.52000000",,,""
"1","2026-06-18T18:32:59.5096930+00:00","SOL","sol-updown-5m-1781808300","2585647","2026-06-18T18:45:00.0000000+00:00","2026-06-18T18:50:00.0000000+00:00","720.49","-720.49","1020.49","Up","78180369598222530494496686105271237794359355229256172907874710701699819593202","0.49","5","0.51","5","0.02","49","49","329.13","179.13","11398.35","11398.35","1781807547261","0x1f845170ad7636d870a6fd8677ea6ba340c9ae41df2ae093d51870e11f629bb5","68.73000000",,,""
"1","2026-06-18T18:32:59.5096930+00:00","SOL","sol-updown-5m-1781808300","2585647","2026-06-18T18:45:00.0000000+00:00","2026-06-18T18:50:00.0000000+00:00","720.49","-720.49","1020.49","Down","38718264108816871162926615169095462346059506567975488925103461747350867366676","0.49","5","0.51","5","0.02","49","49","179.13","329.13","11398.35","11398.35","1781807547261","0x1f845170ad7636d870a6fd8677ea6ba340c9ae41df2ae093d51870e11f629bb5","68.73000000",,,""
"2","2026-06-18T18:33:17.3151216+00:00","SOL","sol-updown-5m-1781807700","2585048","2026-06-18T18:35:00.0000000+00:00","2026-06-18T18:40:00.0000000+00:00","102.685","-102.685","402.685","Up","5718934818440668581581968206003614529786960382720153627545271500748299494477","0.49","188.11","0.5","10.05","0.01","49","50","633.17","265.55","15981.87","15956.67","1781807588523","0xec56a49dcd3ced1b7ab0924e4d158edc4ea782e17ff825d53c88e252b0a2d6ab","68.71000000",,,""
"2","2026-06-18T18:33:17.3151216+00:00","SOL","sol-updown-5m-1781807700","2585048","2026-06-18T18:35:00.0000000+00:00","2026-06-18T18:40:00.0000000+00:00","102.685","-102.685","402.685","Down","3229234571258476502341848318045383428101862893422608253097155093276200828639","0.5","10.05","0.51","188.11","0.01","50","49","265.55","633.17","15956.67","15981.87","1781807588523","0xec56a49dcd3ced1b7ab0924e4d158edc4ea782e17ff825d53c88e252b0a2d6ab","68.71000000",,,""
"2","2026-06-18T18:33:17.3151216+00:00","BTC","btc-updown-5m-1781807700","2585050","2026-06-18T18:35:00.0000000+00:00","2026-06-18T18:40:00.0000000+00:00","102.685","-102.685","402.685","Up","46402257018358606725498828349823690581856500639012482948187776046510407334125","0.5","944.94","0.51","236.43","0.01","50","49","2840.43","2364.56","74194.96","53454.39","1781807597447","0xfeb2801b5d1aaf991653b68c0833dc054e1289057bd055bd569e9b2c527774ef","62768.01000000",,,""
"2","2026-06-18T18:33:17.3151216+00:00","BTC","btc-updown-5m-1781807700","2585050","2026-06-18T18:35:00.0000000+00:00","2026-06-18T18:40:00.0000000+00:00","102.685","-102.685","402.685","Down","35139634345922391080903425544822142400697904488413383462188748186763652240871","0.49","236.43","0.5","944.94","0.01","49","50","2364.56","2840.43","53472.39","74189.96","1781807597980","0xfeb2801b5d1aaf991653b68c0833dc054e1289057bd055bd569e9b2c527774ef","62768.01000000",,,""
"2","2026-06-18T18:33:17.3151216+00:00","ETH","eth-updown-5m-1781807700","2585051","2026-06-18T18:35:00.0000000+00:00","2026-06-18T18:40:00.0000000+00:00","102.685","-102.685","402.685","Up","74461203961757261493458244738780826360022321825564372263353660790035729456590","0.48","201.44","0.49","85.05","0.01","48","51","1184.22","434.20","25717.32","25634.60","1781807589351","0xa91660566b52c51d7b67f790922ac2cbb9c1a984530c2f1e8c638582fe5b9987","1685.01000000",,,""
"2","2026-06-18T18:33:17.3151216+00:00","ETH","eth-updown-5m-1781807700","2585051","2026-06-18T18:35:00.0000000+00:00","2026-06-18T18:40:00.0000000+00:00","102.685","-102.685","402.685","Down","75286087574843676929308633186286345137325290048145693264847879249489792447013","0.51","85.05","0.52","201.44","0.01","51","48","434.20","1184.22","25634.60","25717.32","1781807589351","0xa91660566b52c51d7b67f790922ac2cbb9c1a984530c2f1e8c638582fe5b9987","1685.01000000",,,""
"2","2026-06-18T18:33:17.3151216+00:00","BTC","btc-updown-5m-1781808000","2585540","2026-06-18T18:40:00.0000000+00:00","2026-06-18T18:45:00.0000000+00:00","402.685","-402.685","702.685","Up","68879465934683457163131433626470896869720839796689695720987328811090538744534","0.5","183.02","0.51","216.26","0.01","50","49","1019.60","1454.49","45449.48","45316.46","1781807583525","0x37dff2886c68fce27cd0e881f9ba4b661221c1681afbb9b5ccf46d9807da43e7","62768.01000000",,,""
"2","2026-06-18T18:33:17.3151216+00:00","BTC","btc-updown-5m-1781808000","2585540","2026-06-18T18:40:00.0000000+00:00","2026-06-18T18:45:00.0000000+00:00","402.685","-402.685","702.685","Down","90994024001936624995449612087221105721743657631296606584972031902449014752715","0.49","216.26","0.5","183.02","0.01","49","50","1454.49","1019.60","45316.46","45449.48","1781807583525","0x37dff2886c68fce27cd0e881f9ba4b661221c1681afbb9b5ccf46d9807da43e7","62768.01000000",,,""
"2","2026-06-18T18:33:17.3151216+00:00","ETH","eth-updown-5m-1781808000","2585542","2026-06-18T18:40:00.0000000+00:00","2026-06-18T18:45:00.0000000+00:00","402.685","-402.685","702.685","Up","49849740713050321516107817410296468449911255652199205726679896866087747161393","0.49","1010","0.51","10","0.02","49","49","1440.28","290.28","25552.72","24537.72","1781807589706","0xc05fc868141ee0eae60f092abb7ecfb0de2dfb564074f18fefa847aadbfba555","1685.01000000",,,""
"2","2026-06-18T18:33:17.3151216+00:00","ETH","eth-updown-5m-1781808000","2585542","2026-06-18T18:40:00.0000000+00:00","2026-06-18T18:45:00.0000000+00:00","402.685","-402.685","702.685","Down","17591791386811154609095965976303693564520569177422496092498652550151428769695","0.49","10","0.51","1010","0.02","49","49","290.28","1440.28","24537.72","25552.72","1781807589706","0xc05fc868141ee0eae60f092abb7ecfb0de2dfb564074f18fefa847aadbfba555","1685.01000000",,,""
"2","2026-06-18T18:33:17.3151216+00:00","SOL","sol-updown-5m-1781808000","2585543","2026-06-18T18:40:00.0000000+00:00","2026-06-18T18:45:00.0000000+00:00","402.685","-402.685","702.685","Up","33883635556343746924049866166209953032521320774560384687032719094764384424169","0.48","5.07","0.52","3.14","0.04","48","48","464.26","462.33","12530.00","12458.07","1781807547101","0x8ea26f6fb06e218ad5a9ed6ab3e8175ea846920303fde49cb2f463f33415c44b","68.71000000",,,""
"2","2026-06-18T18:33:17.3151216+00:00","SOL","sol-updown-5m-1781808000","2585543","2026-06-18T18:40:00.0000000+00:00","2026-06-18T18:45:00.0000000+00:00","402.685","-402.685","702.685","Down","84425178885795678785795856280303190499382832162788080471884105518012716799398","0.48","3.14","0.52","5.07","0.04","48","48","462.33","464.26","12458.07","12530.00","1781807547101","0x8ea26f6fb06e218ad5a9ed6ab3e8175ea846920303fde49cb2f463f33415c44b","68.71000000",,,""
"2","2026-06-18T18:33:17.3151216+00:00","BTC","btc-updown-5m-1781808300","2585640","2026-06-18T18:45:00.0000000+00:00","2026-06-18T18:50:00.0000000+00:00","702.685","-702.685","1002.685","Up","96824105467343580693139780796131495794995377592943523159760401295298802171896","0.5","180.6","0.51","253.62","0.01","50","49","846.98","1254.07","42000.72","41518.81","1781807596384","0x276fe565b84e6f769293da985dc3b180e0cbecbff90c2eaa0bd8dadba73ab8c8","62768.01000000",,,""
"2","2026-06-18T18:33:17.3151216+00:00","BTC","btc-updown-5m-1781808300","2585640","2026-06-18T18:45:00.0000000+00:00","2026-06-18T18:50:00.0000000+00:00","702.685","-702.685","1002.685","Down","26034517743168909246241273147224929566684869610305877377037263223183270955032","0.49","253.62","0.5","180.6","0.01","49","50","1254.07","846.98","41518.81","42000.72","1781807596384","0x276fe565b84e6f769293da985dc3b180e0cbecbff90c2eaa0bd8dadba73ab8c8","62768.01000000",,,""
"2","2026-06-18T18:33:17.3151216+00:00","ETH","eth-updown-5m-1781808300","2585643","2026-06-18T18:45:00.0000000+00:00","2026-06-18T18:50:00.0000000+00:00","702.685","-702.685","1002.685","Up","102474497961668922711347552769699220123299855671283242332791480799824046437372","0.49","10","0.51","10","0.02","49","49","445.28","295.28","23344.85","23329.85","1781807556249","0x840a534e31b8aa9e3be0f55d32ac4df7d6ce18a9f83dbd0d9692bff516647896","1685.01000000",,,""
"2","2026-06-18T18:33:17.3151216+00:00","ETH","eth-updown-5m-1781808300","2585643","2026-06-18T18:45:00.0000000+00:00","2026-06-18T18:50:00.0000000+00:00","702.685","-702.685","1002.685","Down","33125718133241705192250673813857380107029209118508563554468406354215970429790","0.49","10","0.51","10","0.02","49","49","295.28","445.28","23329.85","23344.85","1781807556249","0x840a534e31b8aa9e3be0f55d32ac4df7d6ce18a9f83dbd0d9692bff516647896","1685.01000000",,,""
"2","2026-06-18T18:33:17.3151216+00:00","SOL","sol-updown-5m-1781808300","2585647","2026-06-18T18:45:00.0000000+00:00","2026-06-18T18:50:00.0000000+00:00","702.685","-702.685","1002.685","Up","78180369598222530494496686105271237794359355229256172907874710701699819593202","0.49","5","0.51","5","0.02","49","49","329.13","179.13","11398.35","11398.35","1781807547261","0x1f845170ad7636d870a6fd8677ea6ba340c9ae41df2ae093d51870e11f629bb5","68.71000000",,,""
"2","2026-06-18T18:33:17.3151216+00:00","SOL","sol-updown-5m-1781808300","2585647","2026-06-18T18:45:00.0000000+00:00","2026-06-18T18:50:00.0000000+00:00","702.685","-702.685","1002.685","Down","38718264108816871162926615169095462346059506567975488925103461747350867366676","0.49","5","0.51","5","0.02","49","49","179.13","329.13","11398.35","11398.35","1781807547261","0x1f845170ad7636d870a6fd8677ea6ba340c9ae41df2ae093d51870e11f629bb5","68.71000000",,,""
"3","2026-06-18T18:33:36.4084732+00:00","SOL","sol-updown-5m-1781807700","2585048","2026-06-18T18:35:00.0000000+00:00","2026-06-18T18:40:00.0000000+00:00","83.592","-83.592","383.592","Up","5718934818440668581581968206003614529786960382720153627545271500748299494477","0.49","163.11","0.5","35.05","0.01","49","50","773.17","265.55","16056.87","15951.67","1781807611005","0xec56a49dcd3ced1b7ab0924e4d158edc4ea782e17ff825d53c88e252b0a2d6ab","68.78000000",,,""
"3","2026-06-18T18:33:36.4084732+00:00","SOL","sol-updown-5m-1781807700","2585048","2026-06-18T18:35:00.0000000+00:00","2026-06-18T18:40:00.0000000+00:00","83.592","-83.592","383.592","Down","3229234571258476502341848318045383428101862893422608253097155093276200828639","0.5","35.05","0.51","163.11","0.01","50","49","265.55","773.17","15951.67","16056.87","1781807611006","0xec56a49dcd3ced1b7ab0924e4d158edc4ea782e17ff825d53c88e252b0a2d6ab","68.78000000",,,""
"3","2026-06-18T18:33:36.4084732+00:00","BTC","btc-updown-5m-1781807700","2585050","2026-06-18T18:35:00.0000000+00:00","2026-06-18T18:40:00.0000000+00:00","83.592","-83.592","383.592","Up","46402257018358606725498828349823690581856500639012482948187776046510407334125","0.5","916.04","0.51","249.51","0.01","50","49","2390.04","2417.64","74227.10","53605.47","1781807616135","0xfeb2801b5d1aaf991653b68c0833dc054e1289057bd055bd569e9b2c527774ef","62817.74000000",,,""
"3","2026-06-18T18:33:36.4084732+00:00","BTC","btc-updown-5m-1781807700","2585050","2026-06-18T18:35:00.0000000+00:00","2026-06-18T18:40:00.0000000+00:00","83.592","-83.592","383.592","Down","35139634345922391080903425544822142400697904488413383462188748186763652240871","0.49","249.51","0.5","916.04","0.01","49","50","2417.64","2390.04","53605.47","74227.10","1781807616135","0xfeb2801b5d1aaf991653b68c0833dc054e1289057bd055bd569e9b2c527774ef","62817.74000000",,,""
"3","2026-06-18T18:33:36.4084732+00:00","ETH","eth-updown-5m-1781807700","2585051","2026-06-18T18:35:00.0000000+00:00","2026-06-18T18:40:00.0000000+00:00","83.592","-83.592","383.592","Up","74461203961757261493458244738780826360022321825564372263353660790035729456590","0.48","211.44","0.49","74.05","0.01","48","51","1034.22","343.20","25262.32","25198.60","1781807615293","0xa91660566b52c51d7b67f790922ac2cbb9c1a984530c2f1e8c638582fe5b9987","1686.59000000",,,""
"3","2026-06-18T18:33:36.4084732+00:00","ETH","eth-updown-5m-1781807700","2585051","2026-06-18T18:35:00.0000000+00:00","2026-06-18T18:40:00.0000000+00:00","83.592","-83.592","383.592","Down","75286087574843676929308633186286345137325290048145693264847879249489792447013","0.51","74.05","0.52","211.44","0.01","51","48","343.20","1034.22","25198.60","25262.32","1781807615293","0xa91660566b52c51d7b67f790922ac2cbb9c1a984530c2f1e8c638582fe5b9987","1686.59000000",,,""
"3","2026-06-18T18:33:36.4084732+00:00","BTC","btc-updown-5m-1781808000","2585540","2026-06-18T18:40:00.0000000+00:00","2026-06-18T18:45:00.0000000+00:00","383.592","-383.592","683.592","Up","68879465934683457163131433626470896869720839796689695720987328811090538744534","0.5","158.02","0.51","216.26","0.01","50","49","1019.60","1479.49","45449.48","45341.46","1781807616651","0x37dff2886c68fce27cd0e881f9ba4b661221c1681afbb9b5ccf46d9807da43e7","62817.74000000",,,""
"3","2026-06-18T18:33:36.4084732+00:00","BTC","btc-updown-5m-1781808000","2585540","2026-06-18T18:40:00.0000000+00:00","2026-06-18T18:45:00.0000000+00:00","383.592","-383.592","683.592","Down","90994024001936624995449612087221105721743657631296606584972031902449014752715","0.49","216.26","0.5","158.02","0.01","49","50","1479.49","1019.60","45341.46","45449.48","1781807616651","0x37dff2886c68fce27cd0e881f9ba4b661221c1681afbb9b5ccf46d9807da43e7","62817.74000000",,,""
"3","2026-06-18T18:33:36.4084732+00:00","ETH","eth-updown-5m-1781808000","2585542","2026-06-18T18:40:00.0000000+00:00","2026-06-18T18:45:00.0000000+00:00","383.592","-383.592","683.592","Up","49849740713050321516107817410296468449911255652199205726679896866087747161393","0.49","1010","0.51","10","0.02","49","49","1440.28","290.28","25552.72","24537.72","1781807589706","0xc05fc868141ee0eae60f092abb7ecfb0de2dfb564074f18fefa847aadbfba555","1686.59000000",,,""
"3","2026-06-18T18:33:36.4084732+00:00","ETH","eth-updown-5m-1781808000","2585542","2026-06-18T18:40:00.0000000+00:00","2026-06-18T18:45:00.0000000+00:00","383.592","-383.592","683.592","Down","17591791386811154609095965976303693564520569177422496092498652550151428769695","0.49","10","0.51","1010","0.02","49","49","290.28","1440.28","24537.72","25552.72","1781807589706","0xc05fc868141ee0eae60f092abb7ecfb0de2dfb564074f18fefa847aadbfba555","1686.59000000",,,""
"3","2026-06-18T18:33:36.4084732+00:00","SOL","sol-updown-5m-1781808000","2585543","2026-06-18T18:40:00.0000000+00:00","2026-06-18T18:45:00.0000000+00:00","383.592","-383.592","683.592","Up","33883635556343746924049866166209953032521320774560384687032719094764384424169","0.48","5.07","0.52","3.14","0.04","48","48","464.26","462.33","12530.00","12458.07","1781807547101","0x8ea26f6fb06e218ad5a9ed6ab3e8175ea846920303fde49cb2f463f33415c44b","68.78000000",,,""
"3","2026-06-18T18:33:36.4084732+00:00","SOL","sol-updown-5m-1781808000","2585543","2026-06-18T18:40:00.0000000+00:00","2026-06-18T18:45:00.0000000+00:00","383.592","-383.592","683.592","Down","84425178885795678785795856280303190499382832162788080471884105518012716799398","0.48","3.14","0.52","5.07","0.04","48","48","462.33","464.26","12458.07","12530.00","1781807547101","0x8ea26f6fb06e218ad5a9ed6ab3e8175ea846920303fde49cb2f463f33415c44b","68.78000000",,,""
"3","2026-06-18T18:33:36.4084732+00:00","BTC","btc-updown-5m-1781808300","2585640","2026-06-18T18:45:00.0000000+00:00","2026-06-18T18:50:00.0000000+00:00","683.592","-683.592","983.592","Up","96824105467343580693139780796131495794995377592943523159760401295298802171896","0.5","180.6","0.51","253.62","0.01","50","49","836.98","1279.07","41964.34","41517.28","1781807619139","0x276fe565b84e6f769293da985dc3b180e0cbecbff90c2eaa0bd8dadba73ab8c8","62817.74000000",,,""
"3","2026-06-18T18:33:36.4084732+00:00","BTC","btc-updown-5m-1781808300","2585640","2026-06-18T18:45:00.0000000+00:00","2026-06-18T18:50:00.0000000+00:00","683.592","-683.592","983.592","Down","26034517743168909246241273147224929566684869610305877377037263223183270955032","0.49","253.62","0.5","180.6","0.01","49","50","1279.07","831.98","41517.28","41959.34","1781807619172","0x276fe565b84e6f769293da985dc3b180e0cbecbff90c2eaa0bd8dadba73ab8c8","62817.74000000",,,""
"3","2026-06-18T18:33:36.4084732+00:00","ETH","eth-updown-5m-1781808300","2585643","2026-06-18T18:45:00.0000000+00:00","2026-06-18T18:50:00.0000000+00:00","683.592","-683.592","983.592","Up","102474497961668922711347552769699220123299855671283242332791480799824046437372","0.49","10","0.51","10","0.02","49","49","445.28","295.28","23344.85","23329.85","1781807556249","0x840a534e31b8aa9e3be0f55d32ac4df7d6ce18a9f83dbd0d9692bff516647896","1686.59000000",,,""
"3","2026-06-18T18:33:36.4084732+00:00","ETH","eth-updown-5m-1781808300","2585643","2026-06-18T18:45:00.0000000+00:00","2026-06-18T18:50:00.0000000+00:00","683.592","-683.592","983.592","Down","33125718133241705192250673813857380107029209118508563554468406354215970429790","0.49","10","0.51","10","0.02","49","49","295.28","445.28","23329.85","23344.85","1781807556249","0x840a534e31b8aa9e3be0f55d32ac4df7d6ce18a9f83dbd0d9692bff516647896","1686.59000000",,,""
"3","2026-06-18T18:33:36.4084732+00:00","SOL","sol-updown-5m-1781808300","2585647","2026-06-18T18:45:00.0000000+00:00","2026-06-18T18:50:00.0000000+00:00","683.592","-683.592","983.592","Up","78180369598222530494496686105271237794359355229256172907874710701699819593202","0.49","5","0.51","5","0.02","49","49","329.13","179.13","11398.35","11398.35","1781807547261","0x1f845170ad7636d870a6fd8677ea6ba340c9ae41df2ae093d51870e11f629bb5","68.78000000",,,""
"3","2026-06-18T18:33:36.4084732+00:00","SOL","sol-updown-5m-1781808300","2585647","2026-06-18T18:45:00.0000000+00:00","2026-06-18T18:50:00.0000000+00:00","683.592","-683.592","983.592","Down","38718264108816871162926615169095462346059506567975488925103461747350867366676","0.49","5","0.51","5","0.02","49","49","179.13","329.13","11398.35","11398.35","1781807547261","0x1f845170ad7636d870a6fd8677ea6ba340c9ae41df2ae093d51870e11f629bb5","68.78000000",,,""
"4","2026-06-18T18:33:55.8400793+00:00","SOL","sol-updown-5m-1781807700","2585048","2026-06-18T18:35:00.0000000+00:00","2026-06-18T18:40:00.0000000+00:00","64.16","-64.16","364.16","Up","5718934818440668581581968206003614529786960382720153627545271500748299494477","0.49","239.13","0.5","10.05","0.01","49","50","736.13","267.05","16065.06","15908.84","1781807635241","0xec56a49dcd3ced1b7ab0924e4d158edc4ea782e17ff825d53c88e252b0a2d6ab","68.71000000",,,""
"4","2026-06-18T18:33:55.8400793+00:00","SOL","sol-updown-5m-1781807700","2585048","2026-06-18T18:35:00.0000000+00:00","2026-06-18T18:40:00.0000000+00:00","64.16","-64.16","364.16","Down","3229234571258476502341848318045383428101862893422608253097155093276200828639","0.5","10.05","0.51","239.13","0.01","50","49","267.05","736.13","15908.84","16065.06","1781807635241","0xec56a49dcd3ced1b7ab0924e4d158edc4ea782e17ff825d53c88e252b0a2d6ab","68.71000000",,,""
"4","2026-06-18T18:33:55.8400793+00:00","BTC","btc-updown-5m-1781807700","2585050","2026-06-18T18:35:00.0000000+00:00","2026-06-18T18:40:00.0000000+00:00","64.16","-64.16","364.16","Up","46402257018358606725498828349823690581856500639012482948187776046510407334125","0.5","916.05","0.51","510.63","0.01","50","49","1896.55","3490.70","74562.06","53963.54","1781807637171","0xfeb2801b5d1aaf991653b68c0833dc054e1289057bd055bd569e9b2c527774ef","62800.01000000",,,""
"4","2026-06-18T18:33:55.8400793+00:00","BTC","btc-updown-5m-1781807700","2585050","2026-06-18T18:35:00.0000000+00:00","2026-06-18T18:40:00.0000000+00:00","64.16","-64.16","364.16","Down","35139634345922391080903425544822142400697904488413383462188748186763652240871","0.49","510.63","0.5","916.05","0.01","49","50","3490.70","1901.55","53963.54","74567.06","1781807637426","0xfeb2801b5d1aaf991653b68c0833dc054e1289057bd055bd569e9b2c527774ef","62800.01000000",,,""
"4","2026-06-18T18:33:55.8400793+00:00","ETH","eth-updown-5m-1781807700","2585051","2026-06-18T18:35:00.0000000+00:00","2026-06-18T18:40:00.0000000+00:00","64.16","-64.16","364.16","Up","74461203961757261493458244738780826360022321825564372263353660790035729456590","0.48","303.52","0.49","74.05","0.01","48","51","1128.47","534.05","26201.57","25545.77","1781807637102","0xa91660566b52c51d7b67f790922ac2cbb9c1a984530c2f1e8c638582fe5b9987","1685.53000000",,,""
"4","2026-06-18T18:33:55.8400793+00:00","ETH","eth-updown-5m-1781807700","2585051","2026-06-18T18:35:00.0000000+00:00","2026-06-18T18:40:00.0000000+00:00","64.16","-64.16","364.16","Down","75286087574843676929308633186286345137325290048145693264847879249489792447013","0.51","74.05","0.52","303.52","0.01","51","48","534.05","1128.47","25545.77","26201.57","1781807637102","0xa91660566b52c51d7b67f790922ac2cbb9c1a984530c2f1e8c638582fe5b9987","1685.53000000",,,""
"4","2026-06-18T18:33:55.8400793+00:00","BTC","btc-updown-5m-1781808000","2585540","2026-06-18T18:40:00.0000000+00:00","2026-06-18T18:45:00.0000000+00:00","364.16","-364.16","664.16","Up","68879465934683457163131433626470896869720839796689695720987328811090538744534","0.5","158.02","0.51","216.26","0.01","50","49","1019.60","1454.49","45449.48","45316.46","1781807637183","0x37dff2886c68fce27cd0e881f9ba4b661221c1681afbb9b5ccf46d9807da43e7","62800.01000000",,,""
"4","2026-06-18T18:33:55.8400793+00:00","BTC","btc-updown-5m-1781808000","2585540","2026-06-18T18:40:00.0000000+00:00","2026-06-18T18:45:00.0000000+00:00","364.16","-364.16","664.16","Down","90994024001936624995449612087221105721743657631296606584972031902449014752715","0.49","216.26","0.5","158.02","0.01","49","50","1454.49","1019.60","45316.46","45449.48","1781807637183","0x37dff2886c68fce27cd0e881f9ba4b661221c1681afbb9b5ccf46d9807da43e7","62800.01000000",,,""
"4","2026-06-18T18:33:55.8400793+00:00","ETH","eth-updown-5m-1781808000","2585542","2026-06-18T18:40:00.0000000+00:00","2026-06-18T18:45:00.0000000+00:00","364.16","-364.16","664.16","Up","49849740713050321516107817410296468449911255652199205726679896866087747161393","0.49","1010","0.51","10","0.02","49","49","1440.28","290.28","25552.72","24537.72","1781807589706","0xc05fc868141ee0eae60f092abb7ecfb0de2dfb564074f18fefa847aadbfba555","1685.53000000",,,""
"4","2026-06-18T18:33:55.8400793+00:00","ETH","eth-updown-5m-1781808000","2585542","2026-06-18T18:40:00.0000000+00:00","2026-06-18T18:45:00.0000000+00:00","364.16","-364.16","664.16","Down","17591791386811154609095965976303693564520569177422496092498652550151428769695","0.49","10","0.51","1010","0.02","49","49","290.28","1440.28","24537.72","25552.72","1781807589706","0xc05fc868141ee0eae60f092abb7ecfb0de2dfb564074f18fefa847aadbfba555","1685.53000000",,,""
"4","2026-06-18T18:33:55.8400793+00:00","SOL","sol-updown-5m-1781808000","2585543","2026-06-18T18:40:00.0000000+00:00","2026-06-18T18:45:00.0000000+00:00","364.16","-364.16","664.16","Up","33883635556343746924049866166209953032521320774560384687032719094764384424169","0.48","5.07","0.52","3.14","0.04","48","48","464.26","462.33","12530.00","12458.07","1781807547101","0x8ea26f6fb06e218ad5a9ed6ab3e8175ea846920303fde49cb2f463f33415c44b","68.71000000",,,""
"4","2026-06-18T18:33:55.8400793+00:00","SOL","sol-updown-5m-1781808000","2585543","2026-06-18T18:40:00.0000000+00:00","2026-06-18T18:45:00.0000000+00:00","364.16","-364.16","664.16","Down","84425178885795678785795856280303190499382832162788080471884105518012716799398","0.48","3.14","0.52","5.07","0.04","48","48","462.33","464.26","12458.07","12530.00","1781807547101","0x8ea26f6fb06e218ad5a9ed6ab3e8175ea846920303fde49cb2f463f33415c44b","68.71000000",,,""
"4","2026-06-18T18:33:55.8400793+00:00","BTC","btc-updown-5m-1781808300","2585640","2026-06-18T18:45:00.0000000+00:00","2026-06-18T18:50:00.0000000+00:00","664.16","-664.16","964.16","Up","96824105467343580693139780796131495794995377592943523159760401295298802171896","0.5","180.6","0.51","253.62","0.01","50","49","846.98","1254.07","41974.34","41492.28","1781807637190","0x276fe565b84e6f769293da985dc3b180e0cbecbff90c2eaa0bd8dadba73ab8c8","62800.01000000",,,""
"4","2026-06-18T18:33:55.8400793+00:00","BTC","btc-updown-5m-1781808300","2585640","2026-06-18T18:45:00.0000000+00:00","2026-06-18T18:50:00.0000000+00:00","664.16","-664.16","964.16","Down","26034517743168909246241273147224929566684869610305877377037263223183270955032","0.49","253.62","0.5","180.6","0.01","49","50","1254.07","846.98","41492.28","41974.34","1781807637190","0x276fe565b84e6f769293da985dc3b180e0cbecbff90c2eaa0bd8dadba73ab8c8","62800.01000000",,,""
"4","2026-06-18T18:33:55.8400793+00:00","ETH","eth-updown-5m-1781808300","2585643","2026-06-18T18:45:00.0000000+00:00","2026-06-18T18:50:00.0000000+00:00","664.16","-664.16","964.16","Up","102474497961668922711347552769699220123299855671283242332791480799824046437372","0.49","10","0.51","10","0.02","49","49","445.28","295.28","23344.85","23329.85","1781807556249","0x840a534e31b8aa9e3be0f55d32ac4df7d6ce18a9f83dbd0d9692bff516647896","1685.53000000",,,""
"4","2026-06-18T18:33:55.8400793+00:00","ETH","eth-updown-5m-1781808300","2585643","2026-06-18T18:45:00.0000000+00:00","2026-06-18T18:50:00.0000000+00:00","664.16","-664.16","964.16","Down","33125718133241705192250673813857380107029209118508563554468406354215970429790","0.49","10","0.51","10","0.02","49","49","295.28","445.28","23329.85","23344.85","1781807556249","0x840a534e31b8aa9e3be0f55d32ac4df7d6ce18a9f83dbd0d9692bff516647896","1685.53000000",,,""
"4","2026-06-18T18:33:55.8400793+00:00","SOL","sol-updown-5m-1781808300","2585647","2026-06-18T18:45:00.0000000+00:00","2026-06-18T18:50:00.0000000+00:00","664.16","-664.16","964.16","Up","78180369598222530494496686105271237794359355229256172907874710701699819593202","0.49","5","0.51","5","0.02","49","49","329.13","179.13","11398.35","11398.35","1781807547261","0x1f845170ad7636d870a6fd8677ea6ba340c9ae41df2ae093d51870e11f629bb5","68.71000000",,,""
"4","2026-06-18T18:33:55.8400793+00:00","SOL","sol-updown-5m-1781808300","2585647","2026-06-18T18:45:00.0000000+00:00","2026-06-18T18:50:00.0000000+00:00","664.16","-664.16","964.16","Down","38718264108816871162926615169095462346059506567975488925103461747350867366676","0.49","5","0.51","5","0.02","49","49","179.13","329.13","11398.35","11398.35","1781807547261","0x1f845170ad7636d870a6fd8677ea6ba340c9ae41df2ae093d51870e11f629bb5","68.71000000",,,""
"5","2026-06-18T18:34:15.2717949+00:00","SOL","sol-updown-5m-1781807700","2585048","2026-06-18T18:35:00.0000000+00:00","2026-06-18T18:40:00.0000000+00:00","44.728","-44.728","344.728","Up","5718934818440668581581968206003614529786960382720153627545271500748299494477","0.49","239.13","0.5","10.05","0.01","49","50","591.13","267.05","15170.77","14991.69","1781807651962","0xec56a49dcd3ced1b7ab0924e4d158edc4ea782e17ff825d53c88e252b0a2d6ab","68.70000000",,,""
"5","2026-06-18T18:34:15.2717949+00:00","SOL","sol-updown-5m-1781807700","2585048","2026-06-18T18:35:00.0000000+00:00","2026-06-18T18:40:00.0000000+00:00","44.728","-44.728","344.728","Down","3229234571258476502341848318045383428101862893422608253097155093276200828639","0.5","10.05","0.51","239.13","0.01","50","49","267.05","591.13","14991.69","15170.77","1781807651962","0xec56a49dcd3ced1b7ab0924e4d158edc4ea782e17ff825d53c88e252b0a2d6ab","68.70000000",,,""
"5","2026-06-18T18:34:15.2717949+00:00","BTC","btc-updown-5m-1781807700","2585050","2026-06-18T18:35:00.0000000+00:00","2026-06-18T18:40:00.0000000+00:00","44.728","-44.728","344.728","Up","46402257018358606725498828349823690581856500639012482948187776046510407334125","0.5","926.45","0.51","265.72","0.01","50","49","2673.63","2370.47","72858.58","52282.85","1781807654001","0xfeb2801b5d1aaf991653b68c0833dc054e1289057bd055bd569e9b2c527774ef","62786.00000000",,,""
"5","2026-06-18T18:34:15.2717949+00:00","BTC","btc-updown-5m-1781807700","2585050","2026-06-18T18:35:00.0000000+00:00","2026-06-18T18:40:00.0000000+00:00","44.728","-44.728","344.728","Down","35139634345922391080903425544822142400697904488413383462188748186763652240871","0.49","265.72","0.5","931.5","0.01","49","50","2370.47","2678.68","52282.85","72863.63","1781807655928","0xfeb2801b5d1aaf991653b68c0833dc054e1289057bd055bd569e9b2c527774ef","62786.00000000",,,""
"5","2026-06-18T18:34:15.2717949+00:00","ETH","eth-updown-5m-1781807700","2585051","2026-06-18T18:35:00.0000000+00:00","2026-06-18T18:40:00.0000000+00:00","44.728","-44.728","344.728","Up","74461203961757261493458244738780826360022321825564372263353660790035729456590","0.48","298.38","0.49","74.05","0.01","48","51","1241.33","373.05","24861.87","24612.40","1781807653929","0xa91660566b52c51d7b67f790922ac2cbb9c1a984530c2f1e8c638582fe5b9987","1684.81000000",,,""
"5","2026-06-18T18:34:15.2717949+00:00","ETH","eth-updown-5m-1781807700","2585051","2026-06-18T18:35:00.0000000+00:00","2026-06-18T18:40:00.0000000+00:00","44.728","-44.728","344.728","Down","75286087574843676929308633186286345137325290048145693264847879249489792447013","0.51","74.05","0.52","298.38","0.01","51","48","373.05","1241.33","24612.40","24861.87","1781807653929","0xa91660566b52c51d7b67f790922ac2cbb9c1a984530c2f1e8c638582fe5b9987","1684.81000000",,,""
"5","2026-06-18T18:34:15.2717949+00:00","BTC","btc-updown-5m-1781808000","2585540","2026-06-18T18:40:00.0000000+00:00","2026-06-18T18:45:00.0000000+00:00","344.728","-344.728","644.728","Up","68879465934683457163131433626470896869720839796689695720987328811090538744534","0.5","183.02","0.51","216.26","0.01","50","49","1019.60","1429.49","45429.48","45271.46","1781807646730","0x37dff2886c68fce27cd0e881f9ba4b661221c1681afbb9b5ccf46d9807da43e7","62786.00000000",,,""
"5","2026-06-18T18:34:15.2717949+00:00","BTC","btc-updown-5m-1781808000","2585540","2026-06-18T18:40:00.0000000+00:00","2026-06-18T18:45:00.0000000+00:00","344.728","-344.728","644.728","Down","90994024001936624995449612087221105721743657631296606584972031902449014752715","0.49","216.26","0.5","183.02","0.01","49","50","1429.49","1019.60","45271.46","45429.48","1781807646730","0x37dff2886c68fce27cd0e881f9ba4b661221c1681afbb9b5ccf46d9807da43e7","62786.00000000",,,""
"5","2026-06-18T18:34:15.2717949+00:00","ETH","eth-updown-5m-1781808000","2585542","2026-06-18T18:40:00.0000000+00:00","2026-06-18T18:45:00.0000000+00:00","344.728","-344.728","644.728","Up","49849740713050321516107817410296468449911255652199205726679896866087747161393","0.49","1010","0.51","10","0.02","49","49","1440.28","290.28","25552.72","24537.72","1781807589706","0xc05fc868141ee0eae60f092abb7ecfb0de2dfb564074f18fefa847aadbfba555","1684.81000000",,,""
"5","2026-06-18T18:34:15.2717949+00:00","ETH","eth-updown-5m-1781808000","2585542","2026-06-18T18:40:00.0000000+00:00","2026-06-18T18:45:00.0000000+00:00","344.728","-344.728","644.728","Down","17591791386811154609095965976303693564520569177422496092498652550151428769695","0.49","10","0.51","1010","0.02","49","49","290.28","1440.28","24537.72","25552.72","1781807589706","0xc05fc868141ee0eae60f092abb7ecfb0de2dfb564074f18fefa847aadbfba555","1684.81000000",,,""
"5","2026-06-18T18:34:15.2717949+00:00","SOL","sol-updown-5m-1781808000","2585543","2026-06-18T18:40:00.0000000+00:00","2026-06-18T18:45:00.0000000+00:00","344.728","-344.728","644.728","Up","33883635556343746924049866166209953032521320774560384687032719094764384424169","0.48","5.07","0.52","3.14","0.04","48","48","464.26","462.33","12520.00","12448.07","1781807640000","0x8ea26f6fb06e218ad5a9ed6ab3e8175ea846920303fde49cb2f463f33415c44b","68.70000000",,,""
"5","2026-06-18T18:34:15.2717949+00:00","SOL","sol-updown-5m-1781808000","2585543","2026-06-18T18:40:00.0000000+00:00","2026-06-18T18:45:00.0000000+00:00","344.728","-344.728","644.728","Down","84425178885795678785795856280303190499382832162788080471884105518012716799398","0.48","3.14","0.52","5.07","0.04","48","48","462.33","464.26","12448.07","12520.00","1781807640000","0x8ea26f6fb06e218ad5a9ed6ab3e8175ea846920303fde49cb2f463f33415c44b","68.70000000",,,""
"5","2026-06-18T18:34:15.2717949+00:00","BTC","btc-updown-5m-1781808300","2585640","2026-06-18T18:45:00.0000000+00:00","2026-06-18T18:50:00.0000000+00:00","644.728","-644.728","944.728","Up","96824105467343580693139780796131495794995377592943523159760401295298802171896","0.5","180.6","0.51","253.62","0.01","50","49","851.98","1259.07","43144.34","42662.28","1781807642576","0x276fe565b84e6f769293da985dc3b180e0cbecbff90c2eaa0bd8dadba73ab8c8","62786.00000000",,,""
"5","2026-06-18T18:34:15.2717949+00:00","BTC","btc-updown-5m-1781808300","2585640","2026-06-18T18:45:00.0000000+00:00","2026-06-18T18:50:00.0000000+00:00","644.728","-644.728","944.728","Down","26034517743168909246241273147224929566684869610305877377037263223183270955032","0.49","253.62","0.5","180.6","0.01","49","50","1259.07","851.98","42662.28","43144.34","1781807642576","0x276fe565b84e6f769293da985dc3b180e0cbecbff90c2eaa0bd8dadba73ab8c8","62786.00000000",,,""
"5","2026-06-18T18:34:15.2717949+00:00","ETH","eth-updown-5m-1781808300","2585643","2026-06-18T18:45:00.0000000+00:00","2026-06-18T18:50:00.0000000+00:00","644.728","-644.728","944.728","Up","102474497961668922711347552769699220123299855671283242332791480799824046437372","0.49","10","0.51","10","0.02","49","49","445.28","295.28","24534.85","24519.85","1781807644367","0x840a534e31b8aa9e3be0f55d32ac4df7d6ce18a9f83dbd0d9692bff516647896","1684.81000000",,,""
"5","2026-06-18T18:34:15.2717949+00:00","ETH","eth-updown-5m-1781808300","2585643","2026-06-18T18:45:00.0000000+00:00","2026-06-18T18:50:00.0000000+00:00","644.728","-644.728","944.728","Down","33125718133241705192250673813857380107029209118508563554468406354215970429790","0.49","10","0.51","10","0.02","49","49","295.28","445.28","24519.85","24534.85","1781807644367","0x840a534e31b8aa9e3be0f55d32ac4df7d6ce18a9f83dbd0d9692bff516647896","1684.81000000",,,""
"5","2026-06-18T18:34:15.2717949+00:00","SOL","sol-updown-5m-1781808300","2585647","2026-06-18T18:45:00.0000000+00:00","2026-06-18T18:50:00.0000000+00:00","644.728","-644.728","944.728","Up","78180369598222530494496686105271237794359355229256172907874710701699819593202","0.49","5","0.51","5","0.02","49","49","329.13","179.13","12598.35","12598.35","1781807642541","0x1f845170ad7636d870a6fd8677ea6ba340c9ae41df2ae093d51870e11f629bb5","68.70000000",,,""
"5","2026-06-18T18:34:15.2717949+00:00","SOL","sol-updown-5m-1781808300","2585647","2026-06-18T18:45:00.0000000+00:00","2026-06-18T18:50:00.0000000+00:00","644.728","-644.728","944.728","Down","38718264108816871162926615169095462346059506567975488925103461747350867366676","0.49","5","0.51","5","0.02","49","49","179.13","329.13","12598.35","12598.35","1781807642541","0x1f845170ad7636d870a6fd8677ea6ba340c9ae41df2ae093d51870e11f629bb5","68.70000000",,,""
"6","2026-06-18T18:34:34.1673077+00:00","SOL","sol-updown-5m-1781807700","2585048","2026-06-18T18:35:00.0000000+00:00","2026-06-18T18:40:00.0000000+00:00","25.833","-25.833","325.833","Up","5718934818440668581581968206003614529786960382720153627545271500748299494477","0.49","239.13","0.5","10.05","0.01","49","50","651.13","247.05","14684.61","14528.39","1781807671156","0xec56a49dcd3ced1b7ab0924e4d158edc4ea782e17ff825d53c88e252b0a2d6ab","68.67000000",,,""
"6","2026-06-18T18:34:34.1673077+00:00","SOL","sol-updown-5m-1781807700","2585048","2026-06-18T18:35:00.0000000+00:00","2026-06-18T18:40:00.0000000+00:00","25.833","-25.833","325.833","Down","3229234571258476502341848318045383428101862893422608253097155093276200828639","0.5","10.05","0.51","239.13","0.01","50","49","247.05","651.13","14528.39","14684.61","1781807671156","0xec56a49dcd3ced1b7ab0924e4d158edc4ea782e17ff825d53c88e252b0a2d6ab","68.67000000",,,""
"6","2026-06-18T18:34:34.1673077+00:00","BTC","btc-updown-5m-1781807700","2585050","2026-06-18T18:35:00.0000000+00:00","2026-06-18T18:40:00.0000000+00:00","25.833","-25.833","325.833","Up","46402257018358606725498828349823690581856500639012482948187776046510407334125","0.5","1008.04","0.51","275.17","0.01","50","49","2626.22","2175.92","71797.02","51055.71","1781807674977","0xfeb2801b5d1aaf991653b68c0833dc054e1289057bd055bd569e9b2c527774ef","62783.88000000",,,""
"6","2026-06-18T18:34:34.1673077+00:00","BTC","btc-updown-5m-1781807700","2585050","2026-06-18T18:35:00.0000000+00:00","2026-06-18T18:40:00.0000000+00:00","25.833","-25.833","325.833","Down","35139634345922391080903425544822142400697904488413383462188748186763652240871","0.49","275.17","0.5","1008.04","0.01","49","50","2175.92","2636.22","51023.95","71807.02","1781807675234","0xfeb2801b5d1aaf991653b68c0833dc054e1289057bd055bd569e9b2c527774ef","62783.88000000",,,""
"6","2026-06-18T18:34:34.1673077+00:00","ETH","eth-updown-5m-1781807700","2585051","2026-06-18T18:35:00.0000000+00:00","2026-06-18T18:40:00.0000000+00:00","25.833","-25.833","325.833","Up","74461203961757261493458244738780826360022321825564372263353660790035729456590","0.48","472.2","0.49","10.05","0.01","48","51","1510.15","334.05","24418.77","24141.48","1781807675146","0xa91660566b52c51d7b67f790922ac2cbb9c1a984530c2f1e8c638582fe5b9987","1684.66000000",,,""
"6","2026-06-18T18:34:34.1673077+00:00","ETH","eth-updown-5m-1781807700","2585051","2026-06-18T18:35:00.0000000+00:00","2026-06-18T18:40:00.0000000+00:00","25.833","-25.833","325.833","Down","75286087574843676929308633186286345137325290048145693264847879249489792447013","0.51","10.05","0.52","472.2","0.01","51","48","334.05","1510.15","24141.48","24418.77","1781807675146","0xa91660566b52c51d7b67f790922ac2cbb9c1a984530c2f1e8c638582fe5b9987","1684.66000000",,,""
"6","2026-06-18T18:34:34.1673077+00:00","BTC","btc-updown-5m-1781808000","2585540","2026-06-18T18:40:00.0000000+00:00","2026-06-18T18:45:00.0000000+00:00","325.833","-325.833","625.833","Up","68879465934683457163131433626470896869720839796689695720987328811090538744534","0.5","173.02","0.51","216.26","0.01","50","49","1014.60","1434.49","45424.48","45276.46","1781807670712","0x37dff2886c68fce27cd0e881f9ba4b661221c1681afbb9b5ccf46d9807da43e7","62783.88000000",,,""
"6","2026-06-18T18:34:34.1673077+00:00","BTC","btc-updown-5m-1781808000","2585540","2026-06-18T18:40:00.0000000+00:00","2026-06-18T18:45:00.0000000+00:00","325.833","-325.833","625.833","Down","90994024001936624995449612087221105721743657631296606584972031902449014752715","0.49","216.26","0.5","173.02","0.01","49","50","1434.49","1014.60","45276.46","45424.48","1781807670712","0x37dff2886c68fce27cd0e881f9ba4b661221c1681afbb9b5ccf46d9807da43e7","62783.88000000",,,""
"6","2026-06-18T18:34:34.1673077+00:00","ETH","eth-updown-5m-1781808000","2585542","2026-06-18T18:40:00.0000000+00:00","2026-06-18T18:45:00.0000000+00:00","325.833","-325.833","625.833","Up","49849740713050321516107817410296468449911255652199205726679896866087747161393","0.49","1010","0.51","10","0.02","49","49","1440.28","290.28","25557.72","24537.72","1781807674915","0xc05fc868141ee0eae60f092abb7ecfb0de2dfb564074f18fefa847aadbfba555","1684.66000000",,,""
"6","2026-06-18T18:34:34.1673077+00:00","ETH","eth-updown-5m-1781808000","2585542","2026-06-18T18:40:00.0000000+00:00","2026-06-18T18:45:00.0000000+00:00","325.833","-325.833","625.833","Down","17591791386811154609095965976303693564520569177422496092498652550151428769695","0.49","10","0.51","1010","0.02","49","49","290.28","1440.28","24537.72","25557.72","1781807674915","0xc05fc868141ee0eae60f092abb7ecfb0de2dfb564074f18fefa847aadbfba555","1684.66000000",,,""
"6","2026-06-18T18:34:34.1673077+00:00","SOL","sol-updown-5m-1781808000","2585543","2026-06-18T18:40:00.0000000+00:00","2026-06-18T18:45:00.0000000+00:00","325.833","-325.833","625.833","Up","33883635556343746924049866166209953032521320774560384687032719094764384424169","0.48","5.07","0.52","3.14","0.04","48","48","464.26","462.33","12520.00","12448.07","1781807640000","0x8ea26f6fb06e218ad5a9ed6ab3e8175ea846920303fde49cb2f463f33415c44b","68.67000000",,,""
"6","2026-06-18T18:34:34.1673077+00:00","SOL","sol-updown-5m-1781808000","2585543","2026-06-18T18:40:00.0000000+00:00","2026-06-18T18:45:00.0000000+00:00","325.833","-325.833","625.833","Down","84425178885795678785795856280303190499382832162788080471884105518012716799398","0.48","3.14","0.52","5.07","0.04","48","48","462.33","464.26","12448.07","12520.00","1781807640000","0x8ea26f6fb06e218ad5a9ed6ab3e8175ea846920303fde49cb2f463f33415c44b","68.67000000",,,""
"6","2026-06-18T18:34:34.1673077+00:00","BTC","btc-updown-5m-1781808300","2585640","2026-06-18T18:45:00.0000000+00:00","2026-06-18T18:50:00.0000000+00:00","625.833","-625.833","925.833","Up","96824105467343580693139780796131495794995377592943523159760401295298802171896","0.5","180.6","0.51","253.62","0.01","50","49","851.98","1259.07","43144.34","42662.28","1781807642576","0x276fe565b84e6f769293da985dc3b180e0cbecbff90c2eaa0bd8dadba73ab8c8","62783.88000000",,,""
"6","2026-06-18T18:34:34.1673077+00:00","BTC","btc-updown-5m-1781808300","2585640","2026-06-18T18:45:00.0000000+00:00","2026-06-18T18:50:00.0000000+00:00","625.833","-625.833","925.833","Down","26034517743168909246241273147224929566684869610305877377037263223183270955032","0.49","253.62","0.5","180.6","0.01","49","50","1259.07","851.98","42662.28","43144.34","1781807642576","0x276fe565b84e6f769293da985dc3b180e0cbecbff90c2eaa0bd8dadba73ab8c8","62783.88000000",,,""
"6","2026-06-18T18:34:34.1673077+00:00","ETH","eth-updown-5m-1781808300","2585643","2026-06-18T18:45:00.0000000+00:00","2026-06-18T18:50:00.0000000+00:00","625.833","-625.833","925.833","Up","102474497961668922711347552769699220123299855671283242332791480799824046437372","0.49","10","0.51","10","0.02","49","49","445.28","295.28","24534.85","24519.85","1781807644367","0x840a534e31b8aa9e3be0f55d32ac4df7d6ce18a9f83dbd0d9692bff516647896","1684.66000000",,,""
"6","2026-06-18T18:34:34.1673077+00:00","ETH","eth-updown-5m-1781808300","2585643","2026-06-18T18:45:00.0000000+00:00","2026-06-18T18:50:00.0000000+00:00","625.833","-625.833","925.833","Down","33125718133241705192250673813857380107029209118508563554468406354215970429790","0.49","10","0.51","10","0.02","49","49","295.28","445.28","24519.85","24534.85","1781807644367","0x840a534e31b8aa9e3be0f55d32ac4df7d6ce18a9f83dbd0d9692bff516647896","1684.66000000",,,""
"6","2026-06-18T18:34:34.1673077+00:00","SOL","sol-updown-5m-1781808300","2585647","2026-06-18T18:45:00.0000000+00:00","2026-06-18T18:50:00.0000000+00:00","625.833","-625.833","925.833","Up","78180369598222530494496686105271237794359355229256172907874710701699819593202","0.49","5","0.51","5","0.02","49","49","329.13","179.13","12588.35","12588.35","1781807661001","0x1f845170ad7636d870a6fd8677ea6ba340c9ae41df2ae093d51870e11f629bb5","68.67000000",,,""
"6","2026-06-18T18:34:34.1673077+00:00","SOL","sol-updown-5m-1781808300","2585647","2026-06-18T18:45:00.0000000+00:00","2026-06-18T18:50:00.0000000+00:00","625.833","-625.833","925.833","Down","38718264108816871162926615169095462346059506567975488925103461747350867366676","0.49","5","0.51","5","0.02","49","49","179.13","329.13","12588.35","12588.35","1781807661001","0x1f845170ad7636d870a6fd8677ea6ba340c9ae41df2ae093d51870e11f629bb5","68.67000000",,,""
"7","2026-06-18T18:34:53.4676865+00:00","SOL","sol-updown-5m-1781807700","2585048","2026-06-18T18:35:00.0000000+00:00","2026-06-18T18:40:00.0000000+00:00","6.532","-6.532","306.532","Up","5718934818440668581581968206003614529786960382720153627545271500748299494477","0.49","265.15","0.5","10.05","0.01","49","49","617.15","242.05","14397.90","14167.80","1781807692246","0xec56a49dcd3ced1b7ab0924e4d158edc4ea782e17ff825d53c88e252b0a2d6ab","68.71000000",,,""
"7","2026-06-18T18:34:53.4676865+00:00","SOL","sol-updown-5m-1781807700","2585048","2026-06-18T18:35:00.0000000+00:00","2026-06-18T18:40:00.0000000+00:00","6.532","-6.532","306.532","Down","3229234571258476502341848318045383428101862893422608253097155093276200828639","0.5","10.05","0.51","265.15","0.01","49","49","242.05","617.15","14167.80","14397.90","1781807692246","0xec56a49dcd3ced1b7ab0924e4d158edc4ea782e17ff825d53c88e252b0a2d6ab","68.71000000",,,""
"7","2026-06-18T18:34:53.4676865+00:00","BTC","btc-updown-5m-1781807700","2585050","2026-06-18T18:35:00.0000000+00:00","2026-06-18T18:40:00.0000000+00:00","6.532","-6.532","306.532","Up","46402257018358606725498828349823690581856500639012482948187776046510407334125","0.5","801.59","0.51","112.59","0.01","50","49","2306.77","1712.49","67446.86","46721.78","1781807694147","0xfeb2801b5d1aaf991653b68c0833dc054e1289057bd055bd569e9b2c527774ef","62800.01000000",,,""
"7","2026-06-18T18:34:53.4676865+00:00","BTC","btc-updown-5m-1781807700","2585050","2026-06-18T18:35:00.0000000+00:00","2026-06-18T18:40:00.0000000+00:00","6.532","-6.532","306.532","Down","35139634345922391080903425544822142400697904488413383462188748186763652240871","0.49","112.59","0.5","801.59","0.01","49","50","1712.49","2306.77","46721.78","67446.86","1781807694147","0xfeb2801b5d1aaf991653b68c0833dc054e1289057bd055bd569e9b2c527774ef","62800.01000000",,,""
"7","2026-06-18T18:34:53.4676865+00:00","ETH","eth-updown-5m-1781807700","2585051","2026-06-18T18:35:00.0000000+00:00","2026-06-18T18:40:00.0000000+00:00","6.532","-6.532","306.532","Up","74461203961757261493458244738780826360022321825564372263353660790035729456590","0.48","272.34","0.49","10.05","0.01","47","49","974.85","249.20","23930.01","22969.58","1781807694142","0xa91660566b52c51d7b67f790922ac2cbb9c1a984530c2f1e8c638582fe5b9987","1684.90000000",,,""
"7","2026-06-18T18:34:53.4676865+00:00","ETH","eth-updown-5m-1781807700","2585051","2026-06-18T18:35:00.0000000+00:00","2026-06-18T18:40:00.0000000+00:00","6.532","-6.532","306.532","Down","75286087574843676929308633186286345137325290048145693264847879249489792447013","0.51","10.05","0.52","272.34","0.01","49","47","249.20","974.85","22569.58","23596.01","1781807694742","0xa91660566b52c51d7b67f790922ac2cbb9c1a984530c2f1e8c638582fe5b9987","1684.90000000",,,""
"7","2026-06-18T18:34:53.4676865+00:00","BTC","btc-updown-5m-1781808000","2585540","2026-06-18T18:40:00.0000000+00:00","2026-06-18T18:45:00.0000000+00:00","306.532","-306.532","606.532","Up","68879465934683457163131433626470896869720839796689695720987328811090538744534","0.5","178.07","0.51","171.31","0.01","50","49","974.65","1394.54","45499.53","45351.51","1781807690333","0x37dff2886c68fce27cd0e881f9ba4b661221c1681afbb9b5ccf46d9807da43e7","62800.01000000",,,""
"7","2026-06-18T18:34:53.4676865+00:00","BTC","btc-updown-5m-1781808000","2585540","2026-06-18T18:40:00.0000000+00:00","2026-06-18T18:45:00.0000000+00:00","306.532","-306.532","606.532","Down","90994024001936624995449612087221105721743657631296606584972031902449014752715","0.49","171.31","0.5","178.07","0.01","49","50","1394.54","974.65","45351.51","45499.53","1781807690333","0x37dff2886c68fce27cd0e881f9ba4b661221c1681afbb9b5ccf46d9807da43e7","62800.01000000",,,""
"7","2026-06-18T18:34:53.4676865+00:00","ETH","eth-updown-5m-1781808000","2585542","2026-06-18T18:40:00.0000000+00:00","2026-06-18T18:45:00.0000000+00:00","306.532","-306.532","606.532","Up","49849740713050321516107817410296468449911255652199205726679896866087747161393","0.49","1015.1","0.51","15.1","0.02","49","49","1445.38","295.38","25557.82","24516.44","1781807693005","0xc05fc868141ee0eae60f092abb7ecfb0de2dfb564074f18fefa847aadbfba555","1684.90000000",,,""
"7","2026-06-18T18:34:53.4676865+00:00","ETH","eth-updown-5m-1781808000","2585542","2026-06-18T18:40:00.0000000+00:00","2026-06-18T18:45:00.0000000+00:00","306.532","-306.532","606.532","Down","17591791386811154609095965976303693564520569177422496092498652550151428769695","0.49","15.1","0.51","1015.1","0.02","49","49","295.38","1445.38","24516.44","25557.82","1781807693005","0xc05fc868141ee0eae60f092abb7ecfb0de2dfb564074f18fefa847aadbfba555","1684.90000000",,,""
"7","2026-06-18T18:34:53.4676865+00:00","SOL","sol-updown-5m-1781808000","2585543","2026-06-18T18:40:00.0000000+00:00","2026-06-18T18:45:00.0000000+00:00","306.532","-306.532","606.532","Up","33883635556343746924049866166209953032521320774560384687032719094764384424169","0.48","10.27","0.52","8.34","0.04","48","48","469.46","467.53","12525.20","12453.27","1781807691431","0x8ea26f6fb06e218ad5a9ed6ab3e8175ea846920303fde49cb2f463f33415c44b","68.71000000",,,""
"7","2026-06-18T18:34:53.4676865+00:00","SOL","sol-updown-5m-1781808000","2585543","2026-06-18T18:40:00.0000000+00:00","2026-06-18T18:45:00.0000000+00:00","306.532","-306.532","606.532","Down","84425178885795678785795856280303190499382832162788080471884105518012716799398","0.48","8.34","0.52","10.27","0.04","48","48","467.53","469.46","12453.27","12525.20","1781807691431","0x8ea26f6fb06e218ad5a9ed6ab3e8175ea846920303fde49cb2f463f33415c44b","68.71000000",,,""
"7","2026-06-18T18:34:53.4676865+00:00","BTC","btc-updown-5m-1781808300","2585640","2026-06-18T18:45:00.0000000+00:00","2026-06-18T18:50:00.0000000+00:00","606.532","-606.532","906.532","Up","96824105467343580693139780796131495794995377592943523159760401295298802171896","0.5","180.6","0.51","253.62","0.01","50","49","851.98","1259.07","43144.34","42662.28","1781807642576","0x276fe565b84e6f769293da985dc3b180e0cbecbff90c2eaa0bd8dadba73ab8c8","62800.01000000",,,""
"7","2026-06-18T18:34:53.4676865+00:00","BTC","btc-updown-5m-1781808300","2585640","2026-06-18T18:45:00.0000000+00:00","2026-06-18T18:50:00.0000000+00:00","606.532","-606.532","906.532","Down","26034517743168909246241273147224929566684869610305877377037263223183270955032","0.49","253.62","0.5","180.6","0.01","49","50","1259.07","851.98","42662.28","43144.34","1781807642576","0x276fe565b84e6f769293da985dc3b180e0cbecbff90c2eaa0bd8dadba73ab8c8","62800.01000000",,,""
"7","2026-06-18T18:34:53.4676865+00:00","ETH","eth-updown-5m-1781808300","2585643","2026-06-18T18:45:00.0000000+00:00","2026-06-18T18:50:00.0000000+00:00","606.532","-606.532","906.532","Up","102474497961668922711347552769699220123299855671283242332791480799824046437372","0.49","10","0.51","10","0.02","49","49","445.28","295.28","24534.85","24519.85","1781807644367","0x840a534e31b8aa9e3be0f55d32ac4df7d6ce18a9f83dbd0d9692bff516647896","1684.90000000",,,""
"7","2026-06-18T18:34:53.4676865+00:00","ETH","eth-updown-5m-1781808300","2585643","2026-06-18T18:45:00.0000000+00:00","2026-06-18T18:50:00.0000000+00:00","606.532","-606.532","906.532","Down","33125718133241705192250673813857380107029209118508563554468406354215970429790","0.49","10","0.51","10","0.02","49","49","295.28","445.28","24519.85","24534.85","1781807644367","0x840a534e31b8aa9e3be0f55d32ac4df7d6ce18a9f83dbd0d9692bff516647896","1684.90000000",,,""
"7","2026-06-18T18:34:53.4676865+00:00","SOL","sol-updown-5m-1781808300","2585647","2026-06-18T18:45:00.0000000+00:00","2026-06-18T18:50:00.0000000+00:00","606.532","-606.532","906.532","Up","78180369598222530494496686105271237794359355229256172907874710701699819593202","0.48","5.07","0.52","5.07","0.04","48","48","457.90","457.90","12488.35","12488.35","1781807696013","0x1f845170ad7636d870a6fd8677ea6ba340c9ae41df2ae093d51870e11f629bb5","68.71000000",,,""
"7","2026-06-18T18:34:53.4676865+00:00","SOL","sol-updown-5m-1781808300","2585647","2026-06-18T18:45:00.0000000+00:00","2026-06-18T18:50:00.0000000+00:00","606.532","-606.532","906.532","Down","38718264108816871162926615169095462346059506567975488925103461747350867366676","0.48","5.07","0.52","5.07","0.04","48","48","457.90","457.90","12488.35","12488.35","1781807696013","0x1f845170ad7636d870a6fd8677ea6ba340c9ae41df2ae093d51870e11f629bb5","68.71000000",,,""
"8","2026-06-18T18:35:12.2492921+00:00","SOL","sol-updown-5m-1781807700","2585048","2026-06-18T18:35:00.0000000+00:00","2026-06-18T18:40:00.0000000+00:00","-12.249","12.249","287.751","Up","5718934818440668581581968206003614529786960382720153627545271500748299494477","0.44","0.99","0.45","225.4","0.01","31","31","51.79","724.3","3047.75","3920.36","1781807712577","0xec56a49dcd3ced1b7ab0924e4d158edc4ea782e17ff825d53c88e252b0a2d6ab","68.66000000","68.66000000","0",""
"8","2026-06-18T18:35:12.2492921+00:00","SOL","sol-updown-5m-1781807700","2585048","2026-06-18T18:35:00.0000000+00:00","2026-06-18T18:40:00.0000000+00:00","-12.249","12.249","287.751","Down","3229234571258476502341848318045383428101862893422608253097155093276200828639","0.55","225.4","0.56","0.99","0.01","31","31","724.3","51.79","3925.36","3042.75","1781807712649","0xec56a49dcd3ced1b7ab0924e4d158edc4ea782e17ff825d53c88e252b0a2d6ab","68.66000000","68.66000000","0",""
"8","2026-06-18T18:35:12.2492921+00:00","BTC","btc-updown-5m-1781807700","2585050","2026-06-18T18:35:00.0000000+00:00","2026-06-18T18:40:00.0000000+00:00","-12.249","12.249","287.751","Up","46402257018358606725498828349823690581856500639012482948187776046510407334125","0.44","586.07","0.45","124.08","0.01","44","55","2738.21","2633.90","54974.73","30962.22","1781807712937","0xfeb2801b5d1aaf991653b68c0833dc054e1289057bd055bd569e9b2c527774ef","62788.01000000","62788.01000000","0",""
"8","2026-06-18T18:35:12.2492921+00:00","BTC","btc-updown-5m-1781807700","2585050","2026-06-18T18:35:00.0000000+00:00","2026-06-18T18:40:00.0000000+00:00","-12.249","12.249","287.751","Down","35139634345922391080903425544822142400697904488413383462188748186763652240871","0.55","73.08","0.56","1443.22","0.01","55","44","2371.93","3806.41","31046.49","55954.57","1781807713094","0xfeb2801b5d1aaf991653b68c0833dc054e1289057bd055bd569e9b2c527774ef","62788.01000000","62788.01000000","0",""
"8","2026-06-18T18:35:12.2492921+00:00","ETH","eth-updown-5m-1781807700","2585051","2026-06-18T18:35:00.0000000+00:00","2026-06-18T18:40:00.0000000+00:00","-12.249","12.249","287.751","Up","74461203961757261493458244738780826360022321825564372263353660790035729456590","0.48","55.19","0.49","418.86","0.01","48","51","623.99","1581.16","9423.58","10412.19","1781807713249","0xa91660566b52c51d7b67f790922ac2cbb9c1a984530c2f1e8c638582fe5b9987","1684.51000000","1684.51000000","0",""
"8","2026-06-18T18:35:12.2492921+00:00","ETH","eth-updown-5m-1781807700","2585051","2026-06-18T18:35:00.0000000+00:00","2026-06-18T18:40:00.0000000+00:00","-12.249","12.249","287.751","Down","75286087574843676929308633186286345137325290048145693264847879249489792447013","0.51","418.86","0.52","55.19","0.01","51","48","1581.16","630.29","10217.19","9445.63","1781807713416","0xa91660566b52c51d7b67f790922ac2cbb9c1a984530c2f1e8c638582fe5b9987","1684.51000000","1684.51000000","0",""
"8","2026-06-18T18:35:12.2492921+00:00","BTC","btc-updown-5m-1781808000","2585540","2026-06-18T18:40:00.0000000+00:00","2026-06-18T18:45:00.0000000+00:00","287.751","-287.751","587.751","Up","68879465934683457163131433626470896869720839796689695720987328811090538744534","0.5","265.07","0.51","333.31","0.01","50","49","2037.65","2195.54","43914.25","43756.23","1781807713504","0x37dff2886c68fce27cd0e881f9ba4b661221c1681afbb9b5ccf46d9807da43e7","62788.01000000",,,""
"8","2026-06-18T18:35:12.2492921+00:00","BTC","btc-updown-5m-1781808000","2585540","2026-06-18T18:40:00.0000000+00:00","2026-06-18T18:45:00.0000000+00:00","287.751","-287.751","587.751","Down","90994024001936624995449612087221105721743657631296606584972031902449014752715","0.49","333.31","0.5","265.07","0.01","49","50","2195.54","2037.65","43761.23","43914.25","1781807713705","0x37dff2886c68fce27cd0e881f9ba4b661221c1681afbb9b5ccf46d9807da43e7","62788.01000000",,,""
"8","2026-06-18T18:35:12.2492921+00:00","ETH","eth-updown-5m-1781808000","2585542","2026-06-18T18:40:00.0000000+00:00","2026-06-18T18:45:00.0000000+00:00","287.751","-287.751","587.751","Up","49849740713050321516107817410296468449911255652199205726679896866087747161393","0.49","1015.1","0.5","75.44","0.01","49","50","1687.23","572.16","24544.32","23628.28","1781807713801","0xc05fc868141ee0eae60f092abb7ecfb0de2dfb564074f18fefa847aadbfba555","1684.51000000",,,""
"8","2026-06-18T18:35:12.2492921+00:00","ETH","eth-updown-5m-1781808000","2585542","2026-06-18T18:40:00.0000000+00:00","2026-06-18T18:45:00.0000000+00:00","287.751","-287.751","587.751","Down","17591791386811154609095965976303693564520569177422496092498652550151428769695","0.5","75.44","0.51","1015.1","0.01","50","49","572.16","1687.23","23628.28","24544.32","1781807713801","0xc05fc868141ee0eae60f092abb7ecfb0de2dfb564074f18fefa847aadbfba555","1684.51000000",,,""
"8","2026-06-18T18:35:12.2492921+00:00","SOL","sol-updown-5m-1781808000","2585543","2026-06-18T18:40:00.0000000+00:00","2026-06-18T18:45:00.0000000+00:00","287.751","-287.751","587.751","Up","33883635556343746924049866166209953032521320774560384687032719094764384424169","0.49","55.1","0.51","35.1","0.02","49","49","640.23","368.30","11370.86","11298.93","1781807713004","0x8ea26f6fb06e218ad5a9ed6ab3e8175ea846920303fde49cb2f463f33415c44b","68.66000000",,,""
"8","2026-06-18T18:35:12.2492921+00:00","SOL","sol-updown-5m-1781808000","2585543","2026-06-18T18:40:00.0000000+00:00","2026-06-18T18:45:00.0000000+00:00","287.751","-287.751","587.751","Down","84425178885795678785795856280303190499382832162788080471884105518012716799398","0.49","35.1","0.51","55.1","0.02","49","49","368.30","640.23","11298.93","11370.86","1781807713004","0x8ea26f6fb06e218ad5a9ed6ab3e8175ea846920303fde49cb2f463f33415c44b","68.66000000",,,""
"8","2026-06-18T18:35:12.2492921+00:00","BTC","btc-updown-5m-1781808300","2585640","2026-06-18T18:45:00.0000000+00:00","2026-06-18T18:50:00.0000000+00:00","587.751","-587.751","887.751","Up","96824105467343580693139780796131495794995377592943523159760401295298802171896","0.5","1180.6","0.51","273.62","0.01","50","49","1961.98","1420.18","44853.44","43371.38","1781807710829","0x276fe565b84e6f769293da985dc3b180e0cbecbff90c2eaa0bd8dadba73ab8c8","62788.01000000",,,""
"8","2026-06-18T18:35:12.2492921+00:00","BTC","btc-updown-5m-1781808300","2585640","2026-06-18T18:45:00.0000000+00:00","2026-06-18T18:50:00.0000000+00:00","587.751","-587.751","887.751","Down","26034517743168909246241273147224929566684869610305877377037263223183270955032","0.49","273.62","0.5","1180.6","0.01","49","50","1420.18","1961.98","43371.38","44853.44","1781807710829","0x276fe565b84e6f769293da985dc3b180e0cbecbff90c2eaa0bd8dadba73ab8c8","62788.01000000",,,""
"8","2026-06-18T18:35:12.2492921+00:00","ETH","eth-updown-5m-1781808300","2585643","2026-06-18T18:45:00.0000000+00:00","2026-06-18T18:50:00.0000000+00:00","587.751","-587.751","887.751","Up","102474497961668922711347552769699220123299855671283242332791480799824046437372","0.49","10","0.51","10","0.02","49","49","440.28","290.28","24540.19","24525.19","1781807712740","0x840a534e31b8aa9e3be0f55d32ac4df7d6ce18a9f83dbd0d9692bff516647896","1684.51000000",,,""
"8","2026-06-18T18:35:12.2492921+00:00","ETH","eth-updown-5m-1781808300","2585643","2026-06-18T18:45:00.0000000+00:00","2026-06-18T18:50:00.0000000+00:00","587.751","-587.751","887.751","Down","33125718133241705192250673813857380107029209118508563554468406354215970429790","0.49","10","0.51","10","0.02","49","49","290.28","440.28","24525.19","24540.19","1781807712740","0x840a534e31b8aa9e3be0f55d32ac4df7d6ce18a9f83dbd0d9692bff516647896","1684.51000000",,,""
"8","2026-06-18T18:35:12.2492921+00:00","SOL","sol-updown-5m-1781808300","2585647","2026-06-18T18:45:00.0000000+00:00","2026-06-18T18:50:00.0000000+00:00","587.751","-587.751","887.751","Up","78180369598222530494496686105271237794359355229256172907874710701699819593202","0.48","5.07","0.52","5.07","0.04","48","48","464.26","464.26","12508.76","12508.76","1781807706665","0x1f845170ad7636d870a6fd8677ea6ba340c9ae41df2ae093d51870e11f629bb5","68.66000000",,,""
"8","2026-06-18T18:35:12.2492921+00:00","SOL","sol-updown-5m-1781808300","2585647","2026-06-18T18:45:00.0000000+00:00","2026-06-18T18:50:00.0000000+00:00","587.751","-587.751","887.751","Down","38718264108816871162926615169095462346059506567975488925103461747350867366676","0.48","5.07","0.52","5.07","0.04","48","48","464.26","464.26","12508.76","12508.76","1781807706665","0x1f845170ad7636d870a6fd8677ea6ba340c9ae41df2ae093d51870e11f629bb5","68.66000000",,,""
"9","2026-06-18T18:35:31.4930236+00:00","SOL","sol-updown-5m-1781807700","2585048","2026-06-18T18:35:00.0000000+00:00","2026-06-18T18:40:00.0000000+00:00","-31.493","31.493","268.507","Up","5718934818440668581581968206003614529786960382720153627545271500748299494477","0.49","136.92","0.5","5","0.01","36","35","367.05","147.44","6471.76","4048.41","1781807731740","0xec56a49dcd3ced1b7ab0924e4d158edc4ea782e17ff825d53c88e252b0a2d6ab","68.69000000","68.66000000","4.3693562481794348965919020000",""
"9","2026-06-18T18:35:31.4930236+00:00","SOL","sol-updown-5m-1781807700","2585048","2026-06-18T18:35:00.0000000+00:00","2026-06-18T18:40:00.0000000+00:00","-31.493","31.493","268.507","Down","3229234571258476502341848318045383428101862893422608253097155093276200828639","0.5","5","0.51","136.92","0.01","36","36","147.44","379.05","4075.21","6478.16","1781807731917","0xec56a49dcd3ced1b7ab0924e4d158edc4ea782e17ff825d53c88e252b0a2d6ab","68.69000000","68.66000000","4.3693562481794348965919020000",""
"9","2026-06-18T18:35:31.4930236+00:00","BTC","btc-updown-5m-1781807700","2585050","2026-06-18T18:35:00.0000000+00:00","2026-06-18T18:40:00.0000000+00:00","-31.493","31.493","268.507","Up","46402257018358606725498828349823690581856500639012482948187776046510407334125","0.58","1229.82","0.59","212.37","0.01","58","41","4756.44","1369.63","67357.00","35169.58","1781807732065","0xfeb2801b5d1aaf991653b68c0833dc054e1289057bd055bd569e9b2c527774ef","62817.45000000","62788.01000000","4.6887932903113189922725690000",""
"9","2026-06-18T18:35:31.4930236+00:00","BTC","btc-updown-5m-1781807700","2585050","2026-06-18T18:35:00.0000000+00:00","2026-06-18T18:40:00.0000000+00:00","-31.493","31.493","268.507","Down","35139634345922391080903425544822142400697904488413383462188748186763652240871","0.4","240.44","0.42","1292.52","0.02","40","58","1607.26","4739.14","34869.50","67818.60","1781807732219","0xfeb2801b5d1aaf991653b68c0833dc054e1289057bd055bd569e9b2c527774ef","62817.45000000","62788.01000000","4.6887932903113189922725690000",""
"9","2026-06-18T18:35:31.4930236+00:00","ETH","eth-updown-5m-1781807700","2585051","2026-06-18T18:35:00.0000000+00:00","2026-06-18T18:40:00.0000000+00:00","-31.493","31.493","268.507","Up","74461203961757261493458244738780826360022321825564372263353660790035729456590","0.54","286.96","0.55","21.8","0.01","54","45","1601.49","1078.16","15295.30","14153.83","1781807732430","0xa91660566b52c51d7b67f790922ac2cbb9c1a984530c2f1e8c638582fe5b9987","1685.05000000","1684.51000000","3.205679990026773364361150000",""
"9","2026-06-18T18:35:31.4930236+00:00","ETH","eth-updown-5m-1781807700","2585051","2026-06-18T18:35:00.0000000+00:00","2026-06-18T18:40:00.0000000+00:00","-31.493","31.493","268.507","Down","75286087574843676929308633186286345137325290048145693264847879249489792447013","0.45","114.8","0.46","226.96","0.01","45","54","1357.16","1057.49","14371.13","13756.30","1781807732614","0xa91660566b52c51d7b67f790922ac2cbb9c1a984530c2f1e8c638582fe5b9987","1685.05000000","1684.51000000","3.205679990026773364361150000",""
"9","2026-06-18T18:35:31.4930236+00:00","BTC","btc-updown-5m-1781808000","2585540","2026-06-18T18:40:00.0000000+00:00","2026-06-18T18:45:00.0000000+00:00","268.507","-268.507","568.507","Up","68879465934683457163131433626470896869720839796689695720987328811090538744534","0.5","270.07","0.51","326.14","0.01","50","49","1202.65","2443.37","43254.25","48564.06","1781807731102","0x37dff2886c68fce27cd0e881f9ba4b661221c1681afbb9b5ccf46d9807da43e7","62817.45000000",,,""
"9","2026-06-18T18:35:31.4930236+00:00","BTC","btc-updown-5m-1781808000","2585540","2026-06-18T18:40:00.0000000+00:00","2026-06-18T18:45:00.0000000+00:00","268.507","-268.507","568.507","Down","90994024001936624995449612087221105721743657631296606584972031902449014752715","0.49","326.14","0.5","270.07","0.01","49","50","2443.37","1207.65","48564.06","43259.25","1781807733099","0x37dff2886c68fce27cd0e881f9ba4b661221c1681afbb9b5ccf46d9807da43e7","62817.45000000",,,""
"9","2026-06-18T18:35:31.4930236+00:00","ETH","eth-updown-5m-1781808000","2585542","2026-06-18T18:40:00.0000000+00:00","2026-06-18T18:45:00.0000000+00:00","268.507","-268.507","568.507","Up","49849740713050321516107817410296468449911255652199205726679896866087747161393","0.49","1015.1","0.5","75.44","0.01","49","50","1687.23","772.16","25338.72","24187.68","1781807730643","0xc05fc868141ee0eae60f092abb7ecfb0de2dfb564074f18fefa847aadbfba555","1685.05000000",,,""
"9","2026-06-18T18:35:31.4930236+00:00","ETH","eth-updown-5m-1781808000","2585542","2026-06-18T18:40:00.0000000+00:00","2026-06-18T18:45:00.0000000+00:00","268.507","-268.507","568.507","Down","17591791386811154609095965976303693564520569177422496092498652550151428769695","0.5","75.44","0.51","1015.1","0.01","50","49","772.16","1687.23","24187.68","25338.72","1781807730643","0xc05fc868141ee0eae60f092abb7ecfb0de2dfb564074f18fefa847aadbfba555","1685.05000000",,,""
"9","2026-06-18T18:35:31.4930236+00:00","SOL","sol-updown-5m-1781808000","2585543","2026-06-18T18:40:00.0000000+00:00","2026-06-18T18:45:00.0000000+00:00","268.507","-268.507","568.507","Up","33883635556343746924049866166209953032521320774560384687032719094764384424169","0.49","65.1","0.51","65.1","0.02","49","49","407.23","355.30","11317.86","11400.93","1781807729424","0x8ea26f6fb06e218ad5a9ed6ab3e8175ea846920303fde49cb2f463f33415c44b","68.69000000",,,""
"9","2026-06-18T18:35:31.4930236+00:00","SOL","sol-updown-5m-1781808000","2585543","2026-06-18T18:40:00.0000000+00:00","2026-06-18T18:45:00.0000000+00:00","268.507","-268.507","568.507","Down","84425178885795678785795856280303190499382832162788080471884105518012716799398","0.49","65.1","0.51","65.1","0.02","49","49","355.30","407.23","11400.93","11317.86","1781807729424","0x8ea26f6fb06e218ad5a9ed6ab3e8175ea846920303fde49cb2f463f33415c44b","68.69000000",,,""
"9","2026-06-18T18:35:31.4930236+00:00","BTC","btc-updown-5m-1781808300","2585640","2026-06-18T18:45:00.0000000+00:00","2026-06-18T18:50:00.0000000+00:00","568.507","-568.507","868.507","Up","96824105467343580693139780796131495794995377592943523159760401295298802171896","0.5","1220.6","0.51","273.62","0.01","50","49","2001.98","1445.18","44893.44","43396.38","1781807731197","0x276fe565b84e6f769293da985dc3b180e0cbecbff90c2eaa0bd8dadba73ab8c8","62817.45000000",,,""
"9","2026-06-18T18:35:31.4930236+00:00","BTC","btc-updown-5m-1781808300","2585640","2026-06-18T18:45:00.0000000+00:00","2026-06-18T18:50:00.0000000+00:00","568.507","-568.507","868.507","Down","26034517743168909246241273147224929566684869610305877377037263223183270955032","0.49","273.62","0.5","1220.6","0.01","49","50","1445.18","2001.98","43396.38","44893.44","1781807731197","0x276fe565b84e6f769293da985dc3b180e0cbecbff90c2eaa0bd8dadba73ab8c8","62817.45000000",,,""
"9","2026-06-18T18:35:31.4930236+00:00","ETH","eth-updown-5m-1781808300","2585643","2026-06-18T18:45:00.0000000+00:00","2026-06-18T18:50:00.0000000+00:00","568.507","-568.507","868.507","Up","102474497961668922711347552769699220123299855671283242332791480799824046437372","0.49","10","0.51","10","0.02","49","49","440.28","290.28","24540.19","24525.19","1781807712740","0x840a534e31b8aa9e3be0f55d32ac4df7d6ce18a9f83dbd0d9692bff516647896","1685.05000000",,,""
"9","2026-06-18T18:35:31.4930236+00:00","ETH","eth-updown-5m-1781808300","2585643","2026-06-18T18:45:00.0000000+00:00","2026-06-18T18:50:00.0000000+00:00","568.507","-568.507","868.507","Down","33125718133241705192250673813857380107029209118508563554468406354215970429790","0.49","10","0.51","10","0.02","49","49","290.28","440.28","24525.19","24540.19","1781807712740","0x840a534e31b8aa9e3be0f55d32ac4df7d6ce18a9f83dbd0d9692bff516647896","1685.05000000",,,""
"9","2026-06-18T18:35:31.4930236+00:00","SOL","sol-updown-5m-1781808300","2585647","2026-06-18T18:45:00.0000000+00:00","2026-06-18T18:50:00.0000000+00:00","568.507","-568.507","868.507","Up","78180369598222530494496686105271237794359355229256172907874710701699819593202","0.48","5.07","0.52","5.07","0.04","48","48","464.26","464.26","12508.76","12508.76","1781807706665","0x1f845170ad7636d870a6fd8677ea6ba340c9ae41df2ae093d51870e11f629bb5","68.69000000",,,""
"9","2026-06-18T18:35:31.4930236+00:00","SOL","sol-updown-5m-1781808300","2585647","2026-06-18T18:45:00.0000000+00:00","2026-06-18T18:50:00.0000000+00:00","568.507","-568.507","868.507","Down","38718264108816871162926615169095462346059506567975488925103461747350867366676","0.48","5.07","0.52","5.07","0.04","48","48","464.26","464.26","12508.76","12508.76","1781807706665","0x1f845170ad7636d870a6fd8677ea6ba340c9ae41df2ae093d51870e11f629bb5","68.69000000",,,""
"10","2026-06-18T18:35:50.4489753+00:00","SOL","sol-updown-5m-1781807700","2585048","2026-06-18T18:35:00.0000000+00:00","2026-06-18T18:40:00.0000000+00:00","-50.449","50.449","249.551","Up","5718934818440668581581968206003614529786960382720153627545271500748299494477","0.25","113.23","0.27","12.72","0.02","25","73","258.81","75.08","3381.66","4349.86","1781807751121","0xec56a49dcd3ced1b7ab0924e4d158edc4ea782e17ff825d53c88e252b0a2d6ab","68.60000000","68.66000000","-8.738712496358869793183804000",""
"10","2026-06-18T18:35:50.4489753+00:00","SOL","sol-updown-5m-1781807700","2585048","2026-06-18T18:35:00.0000000+00:00","2026-06-18T18:40:00.0000000+00:00","-50.449","50.449","249.551","Down","3229234571258476502341848318045383428101862893422608253097155093276200828639","0.74","6","0.75","111.72","0.01","73","25","68.36","246.75","4759.04","3794.60","1781807751348","0xec56a49dcd3ced1b7ab0924e4d158edc4ea782e17ff825d53c88e252b0a2d6ab","68.60000000","68.66000000","-8.738712496358869793183804000",""
"10","2026-06-18T18:35:50.4489753+00:00","BTC","btc-updown-5m-1781807700","2585050","2026-06-18T18:35:00.0000000+00:00","2026-06-18T18:40:00.0000000+00:00","-50.449","50.449","249.551","Up","46402257018358606725498828349823690581856500639012482948187776046510407334125","0.42","65","0.44","6","0.02","42","56","2724.81","903.27","59836.22","34325.29","1781807751544","0xfeb2801b5d1aaf991653b68c0833dc054e1289057bd055bd569e9b2c527774ef","62784.02000000","62788.01000000","-0.6354716449844484639662890000",""
"10","2026-06-18T18:35:50.4489753+00:00","BTC","btc-updown-5m-1781807700","2585050","2026-06-18T18:35:00.0000000+00:00","2026-06-18T18:40:00.0000000+00:00","-50.449","50.449","249.551","Down","35139634345922391080903425544822142400697904488413383462188748186763652240871","0.56","18","0.57","28","0.0099999999999999","54","43","1115.68","2990.09","33487.06","59905.81","1781807751831","0xfeb2801b5d1aaf991653b68c0833dc054e1289057bd055bd569e9b2c527774ef","62784.02000000","62788.01000000","-0.6354716449844484639662890000",""
"10","2026-06-18T18:35:50.4489753+00:00","ETH","eth-updown-5m-1781807700","2585051","2026-06-18T18:35:00.0000000+00:00","2026-06-18T18:40:00.0000000+00:00","-50.449","50.449","249.551","Up","74461203961757261493458244738780826360022321825564372263353660790035729456590","0.27","249.8","0.28","25","0.01","27","72","1641.95","402","11575.20","14597.06","1781807752086","0xa91660566b52c51d7b67f790922ac2cbb9c1a984530c2f1e8c638582fe5b9987","1682.97000000","1684.51000000","-9.142124416002279594659575000",""
"10","2026-06-18T18:35:50.4489753+00:00","ETH","eth-updown-5m-1781807700","2585051","2026-06-18T18:35:00.0000000+00:00","2026-06-18T18:40:00.0000000+00:00","-50.449","50.449","249.551","Down","75286087574843676929308633186286345137325290048145693264847879249489792447013","0.72","25","0.73","314.67","0.01","72","27","545","1861.27","15065.66","11970.01","1781807752303","0xa91660566b52c51d7b67f790922ac2cbb9c1a984530c2f1e8c638582fe5b9987","1682.97000000","1684.51000000","-9.142124416002279594659575000",""
"10","2026-06-18T18:35:50.4489753+00:00","BTC","btc-updown-5m-1781808000","2585540","2026-06-18T18:40:00.0000000+00:00","2026-06-18T18:45:00.0000000+00:00","249.551","-249.551","549.551","Up","68879465934683457163131433626470896869720839796689695720987328811090538744534","0.5","270.07","0.51","326.14","0.01","50","49","2162.65","2418.37","44574.25","49619.06","1781807752298","0x37dff2886c68fce27cd0e881f9ba4b661221c1681afbb9b5ccf46d9807da43e7","62784.02000000",,,""
"10","2026-06-18T18:35:50.4489753+00:00","BTC","btc-updown-5m-1781808000","2585540","2026-06-18T18:40:00.0000000+00:00","2026-06-18T18:45:00.0000000+00:00","249.551","-249.551","549.551","Down","90994024001936624995449612087221105721743657631296606584972031902449014752715","0.49","326.14","0.5","270.07","0.01","49","50","2418.37","2162.65","49619.06","44574.25","1781807752298","0x37dff2886c68fce27cd0e881f9ba4b661221c1681afbb9b5ccf46d9807da43e7","62784.02000000",,,""
"10","2026-06-18T18:35:50.4489753+00:00","ETH","eth-updown-5m-1781808000","2585542","2026-06-18T18:40:00.0000000+00:00","2026-06-18T18:45:00.0000000+00:00","249.551","-249.551","549.551","Up","49849740713050321516107817410296468449911255652199205726679896866087747161393","0.49","1090.1","0.5","10.05","0.01","49","50","1887.23","536.77","25192.34","24192.29","1781807751792","0xc05fc868141ee0eae60f092abb7ecfb0de2dfb564074f18fefa847aadbfba555","1682.97000000",,,""
"10","2026-06-18T18:35:50.4489753+00:00","ETH","eth-updown-5m-1781808000","2585542","2026-06-18T18:40:00.0000000+00:00","2026-06-18T18:45:00.0000000+00:00","249.551","-249.551","549.551","Down","17591791386811154609095965976303693564520569177422496092498652550151428769695","0.5","10.05","0.51","1090.1","0.01","50","49","536.77","1887.23","24192.29","25192.34","1781807751792","0xc05fc868141ee0eae60f092abb7ecfb0de2dfb564074f18fefa847aadbfba555","1682.97000000",,,""
"10","2026-06-18T18:35:50.4489753+00:00","SOL","sol-updown-5m-1781808000","2585543","2026-06-18T18:40:00.0000000+00:00","2026-06-18T18:45:00.0000000+00:00","249.551","-249.551","549.551","Up","33883635556343746924049866166209953032521320774560384687032719094764384424169","0.49","65.1","0.51","65.1","0.02","49","49","427.23","355.30","11517.86","11400.93","1781807746982","0x8ea26f6fb06e218ad5a9ed6ab3e8175ea846920303fde49cb2f463f33415c44b","68.60000000",,,""
"10","2026-06-18T18:35:50.4489753+00:00","SOL","sol-updown-5m-1781808000","2585543","2026-06-18T18:40:00.0000000+00:00","2026-06-18T18:45:00.0000000+00:00","249.551","-249.551","549.551","Down","84425178885795678785795856280303190499382832162788080471884105518012716799398","0.49","65.1","0.51","65.1","0.02","49","49","355.30","427.23","11400.93","11517.86","1781807746982","0x8ea26f6fb06e218ad5a9ed6ab3e8175ea846920303fde49cb2f463f33415c44b","68.60000000",,,""
"10","2026-06-18T18:35:50.4489753+00:00","BTC","btc-updown-5m-1781808300","2585640","2026-06-18T18:45:00.0000000+00:00","2026-06-18T18:50:00.0000000+00:00","549.551","-549.551","849.551","Up","96824105467343580693139780796131495794995377592943523159760401295298802171896","0.5","1220.6","0.51","273.62","0.01","50","49","2001.98","1425.18","44898.44","43402.91","1781807748723","0x276fe565b84e6f769293da985dc3b180e0cbecbff90c2eaa0bd8dadba73ab8c8","62784.02000000",,,""
"10","2026-06-18T18:35:50.4489753+00:00","BTC","btc-updown-5m-1781808300","2585640","2026-06-18T18:45:00.0000000+00:00","2026-06-18T18:50:00.0000000+00:00","549.551","-549.551","849.551","Down","26034517743168909246241273147224929566684869610305877377037263223183270955032","0.49","273.62","0.5","1220.6","0.01","49","50","1425.18","2001.98","43402.91","44898.44","1781807748723","0x276fe565b84e6f769293da985dc3b180e0cbecbff90c2eaa0bd8dadba73ab8c8","62784.02000000",,,""
"10","2026-06-18T18:35:50.4489753+00:00","ETH","eth-updown-5m-1781808300","2585643","2026-06-18T18:45:00.0000000+00:00","2026-06-18T18:50:00.0000000+00:00","549.551","-549.551","849.551","Up","102474497961668922711347552769699220123299855671283242332791480799824046437372","0.49","10","0.51","10","0.02","49","49","440.28","290.28","24528.64","24513.64","1781807745005","0x840a534e31b8aa9e3be0f55d32ac4df7d6ce18a9f83dbd0d9692bff516647896","1682.97000000",,,""
"10","2026-06-18T18:35:50.4489753+00:00","ETH","eth-updown-5m-1781808300","2585643","2026-06-18T18:45:00.0000000+00:00","2026-06-18T18:50:00.0000000+00:00","549.551","-549.551","849.551","Down","33125718133241705192250673813857380107029209118508563554468406354215970429790","0.49","10","0.51","10","0.02","49","49","290.28","440.28","24513.64","24528.64","1781807745005","0x840a534e31b8aa9e3be0f55d32ac4df7d6ce18a9f83dbd0d9692bff516647896","1682.97000000",,,""
"10","2026-06-18T18:35:50.4489753+00:00","SOL","sol-updown-5m-1781808300","2585647","2026-06-18T18:45:00.0000000+00:00","2026-06-18T18:50:00.0000000+00:00","549.551","-549.551","849.551","Up","78180369598222530494496686105271237794359355229256172907874710701699819593202","0.48","5.07","0.52","5.07","0.04","48","48","464.26","464.26","12508.76","12508.76","1781807706665","0x1f845170ad7636d870a6fd8677ea6ba340c9ae41df2ae093d51870e11f629bb5","68.60000000",,,""
"10","2026-06-18T18:35:50.4489753+00:00","SOL","sol-updown-5m-1781808300","2585647","2026-06-18T18:45:00.0000000+00:00","2026-06-18T18:50:00.0000000+00:00","549.551","-549.551","849.551","Down","38718264108816871162926615169095462346059506567975488925103461747350867366676","0.48","5.07","0.52","5.07","0.04","48","48","464.26","464.26","12508.76","12508.76","1781807706665","0x1f845170ad7636d870a6fd8677ea6ba340c9ae41df2ae093d51870e11f629bb5","68.60000000",,,""
"11","2026-06-18T18:36:10.1259078+00:00","SOL","sol-updown-5m-1781807700","2585048","2026-06-18T18:35:00.0000000+00:00","2026-06-18T18:40:00.0000000+00:00","-70.126","70.126","229.874","Up","5718934818440668581581968206003614529786960382720153627545271500748299494477","0.31","75.53","0.32","38.55","0.01","31","68","263.99","91.07","3630.45","5556.74","1781807770441","0xec56a49dcd3ced1b7ab0924e4d158edc4ea782e17ff825d53c88e252b0a2d6ab","68.63000000","68.66000000","-4.3693562481794348965919020000",""
"11","2026-06-18T18:36:10.1259078+00:00","SOL","sol-updown-5m-1781807700","2585048","2026-06-18T18:35:00.0000000+00:00","2026-06-18T18:40:00.0000000+00:00","-70.126","70.126","229.874","Down","3229234571258476502341848318045383428101862893422608253097155093276200828639","0.68","38.55","0.69","75.53","0.0099999999999999","68","31","91.07","253.44","6062.44","3989.41","1781807770581","0xec56a49dcd3ced1b7ab0924e4d158edc4ea782e17ff825d53c88e252b0a2d6ab","68.63000000","68.66000000","-4.3693562481794348965919020000",""
"11","2026-06-18T18:36:10.1259078+00:00","BTC","btc-updown-5m-1781807700","2585050","2026-06-18T18:35:00.0000000+00:00","2026-06-18T18:40:00.0000000+00:00","-70.126","70.126","229.874","Up","46402257018358606725498828349823690581856500639012482948187776046510407334125","0.61","302.45","0.64","188.5","0.03","61","36","4019.23","1323.16","71872.22","36851.87","1781807770701","0xfeb2801b5d1aaf991653b68c0833dc054e1289057bd055bd569e9b2c527774ef","62810.88000000","62788.01000000","3.6424151681188812959671760000",""
"11","2026-06-18T18:36:10.1259078+00:00","BTC","btc-updown-5m-1781807700","2585050","2026-06-18T18:35:00.0000000+00:00","2026-06-18T18:40:00.0000000+00:00","-70.126","70.126","229.874","Down","35139634345922391080903425544822142400697904488413383462188748186763652240871","0.36","172.9","0.39","302.45","0.03","36","61","1283.56","4249.64","36932.27","73160.53","1781807770881","0xfeb2801b5d1aaf991653b68c0833dc054e1289057bd055bd569e9b2c527774ef","62810.88000000","62788.01000000","3.6424151681188812959671760000",""
"11","2026-06-18T18:36:10.1259078+00:00","ETH","eth-updown-5m-1781807700","2585051","2026-06-18T18:35:00.0000000+00:00","2026-06-18T18:40:00.0000000+00:00","-70.126","70.126","229.874","Up","74461203961757261493458244738780826360022321825564372263353660790035729456590","0.42","150.85","0.43","22","0.01","42","56","1152.59","568.56","18713.80","14589.60","1781807771035","0xa91660566b52c51d7b67f790922ac2cbb9c1a984530c2f1e8c638582fe5b9987","1684.19000000","1684.51000000","-1.8996622163121619936954960000",""
"11","2026-06-18T18:36:10.1259078+00:00","ETH","eth-updown-5m-1781807700","2585051","2026-06-18T18:35:00.0000000+00:00","2026-06-18T18:40:00.0000000+00:00","-70.126","70.126","229.874","Down","75286087574843676929308633186286345137325290048145693264847879249489792447013","0.57","22","0.58","184.85","0.01","56","42","612.98","1191.59","14634.02","18819.80","1781807771154","0xa91660566b52c51d7b67f790922ac2cbb9c1a984530c2f1e8c638582fe5b9987","1684.19000000","1684.51000000","-1.8996622163121619936954960000",""
"11","2026-06-18T18:36:10.1259078+00:00","BTC","btc-updown-5m-1781808000","2585540","2026-06-18T18:40:00.0000000+00:00","2026-06-18T18:45:00.0000000+00:00","229.874","-229.874","529.874","Up","68879465934683457163131433626470896869720839796689695720987328811090538744534","0.5","245.07","0.51","376.14","0.01","50","49","2157.58","2500.30","46341.72","51423.53","1781807770180","0x37dff2886c68fce27cd0e881f9ba4b661221c1681afbb9b5ccf46d9807da43e7","62810.88000000",,,""
"11","2026-06-18T18:36:10.1259078+00:00","BTC","btc-updown-5m-1781808000","2585540","2026-06-18T18:40:00.0000000+00:00","2026-06-18T18:45:00.0000000+00:00","229.874","-229.874","529.874","Down","90994024001936624995449612087221105721743657631296606584972031902449014752715","0.49","376.14","0.5","245.07","0.01","49","50","2500.30","2157.58","51423.53","46341.72","1781807770180","0x37dff2886c68fce27cd0e881f9ba4b661221c1681afbb9b5ccf46d9807da43e7","62810.88000000",,,""
"11","2026-06-18T18:36:10.1259078+00:00","ETH","eth-updown-5m-1781808000","2585542","2026-06-18T18:40:00.0000000+00:00","2026-06-18T18:45:00.0000000+00:00","229.874","-229.874","529.874","Up","49849740713050321516107817410296468449911255652199205726679896866087747161393","0.49","1015.1","0.5","80.05","0.01","49","50","1767.16","506.70","26678.84","25697.01","1781807768754","0xc05fc868141ee0eae60f092abb7ecfb0de2dfb564074f18fefa847aadbfba555","1684.19000000",,,""
"11","2026-06-18T18:36:10.1259078+00:00","ETH","eth-updown-5m-1781808000","2585542","2026-06-18T18:40:00.0000000+00:00","2026-06-18T18:45:00.0000000+00:00","229.874","-229.874","529.874","Down","17591791386811154609095965976303693564520569177422496092498652550151428769695","0.5","80.05","0.51","1015.1","0.01","50","49","506.70","1767.16","25697.01","26678.84","1781807768754","0xc05fc868141ee0eae60f092abb7ecfb0de2dfb564074f18fefa847aadbfba555","1684.19000000",,,""
"11","2026-06-18T18:36:10.1259078+00:00","SOL","sol-updown-5m-1781808000","2585543","2026-06-18T18:40:00.0000000+00:00","2026-06-18T18:45:00.0000000+00:00","229.874","-229.874","529.874","Up","33883635556343746924049866166209953032521320774560384687032719094764384424169","0.49","65.1","0.51","65.1","0.02","49","49","547.16","397.16","12998.51","12923.51","1781807767320","0x8ea26f6fb06e218ad5a9ed6ab3e8175ea846920303fde49cb2f463f33415c44b","68.63000000",,,""
"11","2026-06-18T18:36:10.1259078+00:00","SOL","sol-updown-5m-1781808000","2585543","2026-06-18T18:40:00.0000000+00:00","2026-06-18T18:45:00.0000000+00:00","229.874","-229.874","529.874","Down","84425178885795678785795856280303190499382832162788080471884105518012716799398","0.49","65.1","0.51","65.1","0.02","49","49","397.16","547.16","12923.51","12998.51","1781807767320","0x8ea26f6fb06e218ad5a9ed6ab3e8175ea846920303fde49cb2f463f33415c44b","68.63000000",,,""
"11","2026-06-18T18:36:10.1259078+00:00","BTC","btc-updown-5m-1781808300","2585640","2026-06-18T18:45:00.0000000+00:00","2026-06-18T18:50:00.0000000+00:00","529.874","-529.874","829.874","Up","96824105467343580693139780796131495794995377592943523159760401295298802171896","0.5","1220.6","0.51","250.59","0.01","50","49","2001.98","1427.15","44924.82","43404.88","1781807770188","0x276fe565b84e6f769293da985dc3b180e0cbecbff90c2eaa0bd8dadba73ab8c8","62810.88000000",,,""
"11","2026-06-18T18:36:10.1259078+00:00","BTC","btc-updown-5m-1781808300","2585640","2026-06-18T18:45:00.0000000+00:00","2026-06-18T18:50:00.0000000+00:00","529.874","-529.874","829.874","Down","26034517743168909246241273147224929566684869610305877377037263223183270955032","0.49","250.59","0.5","1220.6","0.01","49","50","1427.15","2001.98","43404.88","44924.82","1781807770188","0x276fe565b84e6f769293da985dc3b180e0cbecbff90c2eaa0bd8dadba73ab8c8","62810.88000000",,,""
"11","2026-06-18T18:36:10.1259078+00:00","ETH","eth-updown-5m-1781808300","2585643","2026-06-18T18:45:00.0000000+00:00","2026-06-18T18:50:00.0000000+00:00","529.874","-529.874","829.874","Up","102474497961668922711347552769699220123299855671283242332791480799824046437372","0.49","10","0.52","20.07","0.03","49","48","445.28","626.41","24533.64","24508.64","1781807769296","0x840a534e31b8aa9e3be0f55d32ac4df7d6ce18a9f83dbd0d9692bff516647896","1684.19000000",,,""
"11","2026-06-18T18:36:10.1259078+00:00","ETH","eth-updown-5m-1781808300","2585643","2026-06-18T18:45:00.0000000+00:00","2026-06-18T18:50:00.0000000+00:00","529.874","-529.874","829.874","Down","33125718133241705192250673813857380107029209118508563554468406354215970429790","0.48","20.07","0.51","10","0.03","48","49","626.41","445.28","24508.64","24533.64","1781807769296","0x840a534e31b8aa9e3be0f55d32ac4df7d6ce18a9f83dbd0d9692bff516647896","1684.19000000",,,""
"11","2026-06-18T18:36:10.1259078+00:00","SOL","sol-updown-5m-1781808300","2585647","2026-06-18T18:45:00.0000000+00:00","2026-06-18T18:50:00.0000000+00:00","529.874","-529.874","829.874","Up","78180369598222530494496686105271237794359355229256172907874710701699819593202","0.48","5.07","0.52","5.07","0.04","48","48","469.26","469.26","12513.76","12513.76","1781807762126","0x1f845170ad7636d870a6fd8677ea6ba340c9ae41df2ae093d51870e11f629bb5","68.63000000",,,""
"11","2026-06-18T18:36:10.1259078+00:00","SOL","sol-updown-5m-1781808300","2585647","2026-06-18T18:45:00.0000000+00:00","2026-06-18T18:50:00.0000000+00:00","529.874","-529.874","829.874","Down","38718264108816871162926615169095462346059506567975488925103461747350867366676","0.48","5.07","0.52","5.07","0.04","48","48","469.26","469.26","12513.76","12513.76","1781807762126","0x1f845170ad7636d870a6fd8677ea6ba340c9ae41df2ae093d51870e11f629bb5","68.63000000",,,""
"12","2026-06-18T18:36:28.6850427+00:00","SOL","sol-updown-5m-1781807700","2585048","2026-06-18T18:35:00.0000000+00:00","2026-06-18T18:40:00.0000000+00:00","-88.685","88.685","211.315","Up","5718934818440668581581968206003614529786960382720153627545271500748299494477","0.25","10.6","0.26","160.01","0.01","25","74","308.84","336.49","3742.71","6512.94","1781807789328","0xec56a49dcd3ced1b7ab0924e4d158edc4ea782e17ff825d53c88e252b0a2d6ab","68.62000000","68.66000000","-5.825808330905913195455870000",""
"12","2026-06-18T18:36:28.6850427+00:00","SOL","sol-updown-5m-1781807700","2585048","2026-06-18T18:35:00.0000000+00:00","2026-06-18T18:40:00.0000000+00:00","-88.685","88.685","211.315","Down","3229234571258476502341848318045383428101862893422608253097155093276200828639","0.74","160.01","0.75","10.6","0.01","74","25","336.49","308.84","6517.94","3741.55","1781807789421","0xec56a49dcd3ced1b7ab0924e4d158edc4ea782e17ff825d53c88e252b0a2d6ab","68.62000000","68.66000000","-5.825808330905913195455870000",""
"12","2026-06-18T18:36:28.6850427+00:00","BTC","btc-updown-5m-1781807700","2585050","2026-06-18T18:35:00.0000000+00:00","2026-06-18T18:40:00.0000000+00:00","-88.685","88.685","211.315","Up","46402257018358606725498828349823690581856500639012482948187776046510407334125","0.66","2.05","0.67","643.5","0.01","66","33","2576.28","4019.89","74512.62","40980.32","1781807789854","0xfeb2801b5d1aaf991653b68c0833dc054e1289057bd055bd569e9b2c527774ef","62817.45000000","62788.01000000","4.6887932903113189922725690000",""
"12","2026-06-18T18:36:28.6850427+00:00","BTC","btc-updown-5m-1781807700","2585050","2026-06-18T18:35:00.0000000+00:00","2026-06-18T18:40:00.0000000+00:00","-88.685","88.685","211.315","Down","35139634345922391080903425544822142400697904488413383462188748186763652240871","0.33","658.5","0.34","2.05","0.01","33","66","4034.89","2471.28","41012.32","74977.62","1781807789962","0xfeb2801b5d1aaf991653b68c0833dc054e1289057bd055bd569e9b2c527774ef","62817.45000000","62788.01000000","4.6887932903113189922725690000",""
"12","2026-06-18T18:36:28.6850427+00:00","ETH","eth-updown-5m-1781807700","2585051","2026-06-18T18:35:00.0000000+00:00","2026-06-18T18:40:00.0000000+00:00","-88.685","88.685","211.315","Up","74461203961757261493458244738780826360022321825564372263353660790035729456590","0.31","192.98","0.32","135.5","0.01","31","68","1689.50","1302.84","12067.07","20063.30","1781807790154","0xa91660566b52c51d7b67f790922ac2cbb9c1a984530c2f1e8c638582fe5b9987","1683.84000000","1684.51000000","-3.9774177654035891742999450000",""
"12","2026-06-18T18:36:28.6850427+00:00","ETH","eth-updown-5m-1781807700","2585051","2026-06-18T18:35:00.0000000+00:00","2026-06-18T18:40:00.0000000+00:00","-88.685","88.685","211.315","Down","75286087574843676929308633186286345137325290048145693264847879249489792447013","0.71","265.54","0.72","4.93","0.01","71","27","1445.69","464.43","20396.07","8044.10","1781807790570","0xa91660566b52c51d7b67f790922ac2cbb9c1a984530c2f1e8c638582fe5b9987","1683.84000000","1684.51000000","-3.9774177654035891742999450000",""
"12","2026-06-18T18:36:28.6850427+00:00","BTC","btc-updown-5m-1781808000","2585540","2026-06-18T18:40:00.0000000+00:00","2026-06-18T18:45:00.0000000+00:00","211.315","-211.315","511.315","Up","68879465934683457163131433626470896869720839796689695720987328811090538744534","0.5","245.07","0.51","376.14","0.01","50","49","2157.58","2500.30","46346.72","51423.53","1781807790648","0x37dff2886c68fce27cd0e881f9ba4b661221c1681afbb9b5ccf46d9807da43e7","62817.45000000",,,""
"12","2026-06-18T18:36:28.6850427+00:00","BTC","btc-updown-5m-1781808000","2585540","2026-06-18T18:40:00.0000000+00:00","2026-06-18T18:45:00.0000000+00:00","211.315","-211.315","511.315","Down","90994024001936624995449612087221105721743657631296606584972031902449014752715","0.49","376.14","0.5","245.07","0.01","49","50","2500.30","2157.58","51423.53","46346.72","1781807790648","0x37dff2886c68fce27cd0e881f9ba4b661221c1681afbb9b5ccf46d9807da43e7","62817.45000000",,,""
"12","2026-06-18T18:36:28.6850427+00:00","ETH","eth-updown-5m-1781808000","2585542","2026-06-18T18:40:00.0000000+00:00","2026-06-18T18:45:00.0000000+00:00","211.315","-211.315","511.315","Up","49849740713050321516107817410296468449911255652199205726679896866087747161393","0.49","1015.1","0.5","80.05","0.01","49","50","1807.16","666.70","26958.84","26003.39","1781807785780","0xc05fc868141ee0eae60f092abb7ecfb0de2dfb564074f18fefa847aadbfba555","1683.84000000",,,""
"12","2026-06-18T18:36:28.6850427+00:00","ETH","eth-updown-5m-1781808000","2585542","2026-06-18T18:40:00.0000000+00:00","2026-06-18T18:45:00.0000000+00:00","211.315","-211.315","511.315","Down","17591791386811154609095965976303693564520569177422496092498652550151428769695","0.5","80.05","0.51","1015.1","0.01","50","49","666.70","1807.16","26003.39","23450.02","1781807791227","0xc05fc868141ee0eae60f092abb7ecfb0de2dfb564074f18fefa847aadbfba555","1683.84000000",,,""
"12","2026-06-18T18:36:28.6850427+00:00","SOL","sol-updown-5m-1781808000","2585543","2026-06-18T18:40:00.0000000+00:00","2026-06-18T18:45:00.0000000+00:00","211.315","-211.315","511.315","Up","33883635556343746924049866166209953032521320774560384687032719094764384424169","0.49","65.1","0.51","65.1","0.02","49","49","547.16","397.16","11104.89","11029.89","1781807791227","0x8ea26f6fb06e218ad5a9ed6ab3e8175ea846920303fde49cb2f463f33415c44b","68.62000000",,,""
"12","2026-06-18T18:36:28.6850427+00:00","SOL","sol-updown-5m-1781808000","2585543","2026-06-18T18:40:00.0000000+00:00","2026-06-18T18:45:00.0000000+00:00","211.315","-211.315","511.315","Down","84425178885795678785795856280303190499382832162788080471884105518012716799398","0.49","65.1","0.51","65.1","0.02","49","49","397.16","547.16","11029.89","11104.89","1781807791227","0x8ea26f6fb06e218ad5a9ed6ab3e8175ea846920303fde49cb2f463f33415c44b","68.62000000",,,""
"12","2026-06-18T18:36:28.6850427+00:00","BTC","btc-updown-5m-1781808300","2585640","2026-06-18T18:45:00.0000000+00:00","2026-06-18T18:50:00.0000000+00:00","511.315","-511.315","811.315","Up","96824105467343580693139780796131495794995377592943523159760401295298802171896","0.5","1220.6","0.51","260.79","0.01","50","49","2012.18","1437.35","44935.02","43415.08","1781807788930","0x276fe565b84e6f769293da985dc3b180e0cbecbff90c2eaa0bd8dadba73ab8c8","62817.45000000",,,""
"12","2026-06-18T18:36:28.6850427+00:00","BTC","btc-updown-5m-1781808300","2585640","2026-06-18T18:45:00.0000000+00:00","2026-06-18T18:50:00.0000000+00:00","511.315","-511.315","811.315","Down","26034517743168909246241273147224929566684869610305877377037263223183270955032","0.49","260.79","0.5","1220.6","0.01","49","50","1437.35","2012.18","43415.08","44935.02","1781807788930","0x276fe565b84e6f769293da985dc3b180e0cbecbff90c2eaa0bd8dadba73ab8c8","62817.45000000",,,""
"12","2026-06-18T18:36:28.6850427+00:00","ETH","eth-updown-5m-1781808300","2585643","2026-06-18T18:45:00.0000000+00:00","2026-06-18T18:50:00.0000000+00:00","511.315","-511.315","811.315","Up","102474497961668922711347552769699220123299855671283242332791480799824046437372","0.49","10","0.52","20.07","0.03","49","48","445.28","626.41","24533.64","24508.64","1781807769296","0x840a534e31b8aa9e3be0f55d32ac4df7d6ce18a9f83dbd0d9692bff516647896","1683.84000000",,,""
"12","2026-06-18T18:36:28.6850427+00:00","ETH","eth-updown-5m-1781808300","2585643","2026-06-18T18:45:00.0000000+00:00","2026-06-18T18:50:00.0000000+00:00","511.315","-511.315","811.315","Down","33125718133241705192250673813857380107029209118508563554468406354215970429790","0.48","20.07","0.51","10","0.03","48","49","626.41","445.28","24508.64","24533.64","1781807769296","0x840a534e31b8aa9e3be0f55d32ac4df7d6ce18a9f83dbd0d9692bff516647896","1683.84000000",,,""
"12","2026-06-18T18:36:28.6850427+00:00","SOL","sol-updown-5m-1781808300","2585647","2026-06-18T18:45:00.0000000+00:00","2026-06-18T18:50:00.0000000+00:00","511.315","-511.315","811.315","Up","78180369598222530494496686105271237794359355229256172907874710701699819593202","0.48","5.07","0.52","5.07","0.04","48","48","469.26","469.26","12513.76","12513.76","1781807762126","0x1f845170ad7636d870a6fd8677ea6ba340c9ae41df2ae093d51870e11f629bb5","68.62000000",,,""
"12","2026-06-18T18:36:28.6850427+00:00","SOL","sol-updown-5m-1781808300","2585647","2026-06-18T18:45:00.0000000+00:00","2026-06-18T18:50:00.0000000+00:00","511.315","-511.315","811.315","Down","38718264108816871162926615169095462346059506567975488925103461747350867366676","0.48","5.07","0.52","5.07","0.04","48","48","469.26","469.26","12513.76","12513.76","1781807762126","0x1f845170ad7636d870a6fd8677ea6ba340c9ae41df2ae093d51870e11f629bb5","68.62000000",,,""
"13","2026-06-18T18:36:49.2216956+00:00","SOL","sol-updown-5m-1781807700","2585048","2026-06-18T18:35:00.0000000+00:00","2026-06-18T18:40:00.0000000+00:00","-109.222","109.222","190.778","Up","5718934818440668581581968206003614529786960382720153627545271500748299494477","0.09","101","0.1","42.2","0.01","9","90","746.59","751.50","2680.08","6645.73","1781807809734","0xec56a49dcd3ced1b7ab0924e4d158edc4ea782e17ff825d53c88e252b0a2d6ab","68.53000000","68.66000000","-18.933877075444217885231576000",""
"13","2026-06-18T18:36:49.2216956+00:00","SOL","sol-updown-5m-1781807700","2585048","2026-06-18T18:35:00.0000000+00:00","2026-06-18T18:40:00.0000000+00:00","-109.222","109.222","190.778","Down","3229234571258476502341848318045383428101862893422608253097155093276200828639","0.9","42.2","0.91","101","0.01","90","9","817.13","807.74","6707.29","2741.23","1781807809863","0xec56a49dcd3ced1b7ab0924e4d158edc4ea782e17ff825d53c88e252b0a2d6ab","68.53000000","68.66000000","-18.933877075444217885231576000",""
"13","2026-06-18T18:36:49.2216956+00:00","BTC","btc-updown-5m-1781807700","2585050","2026-06-18T18:35:00.0000000+00:00","2026-06-18T18:40:00.0000000+00:00","-109.222","109.222","190.778","Up","46402257018358606725498828349823690581856500639012482948187776046510407334125","0.45","999.56","0.46","351.55","0.01","45","54","2845.04","2818.65","71024.40","45698.28","1781807811493","0xfeb2801b5d1aaf991653b68c0833dc054e1289057bd055bd569e9b2c527774ef","62786.00000000","62788.01000000","-0.3201248136387823089153490000",""
"13","2026-06-18T18:36:49.2216956+00:00","BTC","btc-updown-5m-1781807700","2585050","2026-06-18T18:35:00.0000000+00:00","2026-06-18T18:40:00.0000000+00:00","-109.222","109.222","190.778","Down","35139634345922391080903425544822142400697904488413383462188748186763652240871","0.54","294.16","0.55","159.45","0.01","54","44","2899.41","983.96","45399.87","68395.10","1781807811658","0xfeb2801b5d1aaf991653b68c0833dc054e1289057bd055bd569e9b2c527774ef","62786.00000000","62788.01000000","-0.3201248136387823089153490000",""
"13","2026-06-18T18:36:49.2216956+00:00","ETH","eth-updown-5m-1781807700","2585051","2026-06-18T18:35:00.0000000+00:00","2026-06-18T18:40:00.0000000+00:00","-109.222","109.222","190.778","Up","74461203961757261493458244738780826360022321825564372263353660790035729456590","0.09","107.11","0.1","308.22","0.01","9","90","3046.68","2554.42","7456.73","25666.72","1781807811793","0xa91660566b52c51d7b67f790922ac2cbb9c1a984530c2f1e8c638582fe5b9987","1681.42000000","1684.51000000","-18.343613276264314251622133000",""
"13","2026-06-18T18:36:49.2216956+00:00","ETH","eth-updown-5m-1781807700","2585051","2026-06-18T18:35:00.0000000+00:00","2026-06-18T18:40:00.0000000+00:00","-109.222","109.222","190.778","Down","75286087574843676929308633186286345137325290048145693264847879249489792447013","0.9","356.22","0.91","107.11","0.01","90","9","2636.42","2986.78","25558.72","7391.83","1781807812078","0xa91660566b52c51d7b67f790922ac2cbb9c1a984530c2f1e8c638582fe5b9987","1681.42000000","1684.51000000","-18.343613276264314251622133000",""
"13","2026-06-18T18:36:49.2216956+00:00","BTC","btc-updown-5m-1781808000","2585540","2026-06-18T18:40:00.0000000+00:00","2026-06-18T18:45:00.0000000+00:00","190.778","-190.778","490.778","Up","68879465934683457163131433626470896869720839796689695720987328811090538744534","0.5","270.07","0.51","427.16","0.01","50","49","1677.58","2526.32","45588.24","50816.07","1781807811720","0x37dff2886c68fce27cd0e881f9ba4b661221c1681afbb9b5ccf46d9807da43e7","62786.00000000",,,""
"13","2026-06-18T18:36:49.2216956+00:00","BTC","btc-updown-5m-1781808000","2585540","2026-06-18T18:40:00.0000000+00:00","2026-06-18T18:45:00.0000000+00:00","190.778","-190.778","490.778","Down","90994024001936624995449612087221105721743657631296606584972031902449014752715","0.49","427.16","0.5","270.07","0.01","49","50","2526.32","1677.58","50816.07","45588.24","1781807811720","0x37dff2886c68fce27cd0e881f9ba4b661221c1681afbb9b5ccf46d9807da43e7","62786.00000000",,,""
"13","2026-06-18T18:36:49.2216956+00:00","ETH","eth-updown-5m-1781808000","2585542","2026-06-18T18:40:00.0000000+00:00","2026-06-18T18:45:00.0000000+00:00","190.778","-190.778","490.778","Up","49849740713050321516107817410296468449911255652199205726679896866087747161393","0.49","1141.12","0.5","10.05","0.01","49","49","1898.18","1202.11","24006.04","22999.57","1781807807008","0xc05fc868141ee0eae60f092abb7ecfb0de2dfb564074f18fefa847aadbfba555","1681.42000000",,,""
"13","2026-06-18T18:36:49.2216956+00:00","ETH","eth-updown-5m-1781808000","2585542","2026-06-18T18:40:00.0000000+00:00","2026-06-18T18:45:00.0000000+00:00","190.778","-190.778","490.778","Down","17591791386811154609095965976303693564520569177422496092498652550151428769695","0.5","10.05","0.51","1141.12","0.01","49","49","1202.11","1898.18","22999.57","24006.04","1781807807008","0xc05fc868141ee0eae60f092abb7ecfb0de2dfb564074f18fefa847aadbfba555","1681.42000000",,,""
"13","2026-06-18T18:36:49.2216956+00:00","SOL","sol-updown-5m-1781808000","2585543","2026-06-18T18:40:00.0000000+00:00","2026-06-18T18:45:00.0000000+00:00","190.778","-190.778","490.778","Up","33883635556343746924049866166209953032521320774560384687032719094764384424169","0.5","30.05","0.51","10.1","0.01","50","49","237.55","415.16","11292.84","11217.89","1781807808891","0x8ea26f6fb06e218ad5a9ed6ab3e8175ea846920303fde49cb2f463f33415c44b","68.53000000",,,""
"13","2026-06-18T18:36:49.2216956+00:00","SOL","sol-updown-5m-1781808000","2585543","2026-06-18T18:40:00.0000000+00:00","2026-06-18T18:45:00.0000000+00:00","190.778","-190.778","490.778","Down","84425178885795678785795856280303190499382832162788080471884105518012716799398","0.49","10.1","0.5","30.05","0.01","49","50","415.16","237.55","11217.89","11292.84","1781807808891","0x8ea26f6fb06e218ad5a9ed6ab3e8175ea846920303fde49cb2f463f33415c44b","68.53000000",,,""
"13","2026-06-18T18:36:49.2216956+00:00","BTC","btc-updown-5m-1781808300","2585640","2026-06-18T18:45:00.0000000+00:00","2026-06-18T18:50:00.0000000+00:00","490.778","-490.778","790.778","Up","96824105467343580693139780796131495794995377592943523159760401295298802171896","0.5","1220.6","0.51","260.79","0.01","50","49","2012.18","1412.35","44925.02","43380.08","1781807802157","0x276fe565b84e6f769293da985dc3b180e0cbecbff90c2eaa0bd8dadba73ab8c8","62786.00000000",,,""
"13","2026-06-18T18:36:49.2216956+00:00","BTC","btc-updown-5m-1781808300","2585640","2026-06-18T18:45:00.0000000+00:00","2026-06-18T18:50:00.0000000+00:00","490.778","-490.778","790.778","Down","26034517743168909246241273147224929566684869610305877377037263223183270955032","0.49","260.79","0.5","1220.6","0.01","49","50","1412.35","2012.18","43380.08","44925.02","1781807802157","0x276fe565b84e6f769293da985dc3b180e0cbecbff90c2eaa0bd8dadba73ab8c8","62786.00000000",,,""
"13","2026-06-18T18:36:49.2216956+00:00","ETH","eth-updown-5m-1781808300","2585643","2026-06-18T18:45:00.0000000+00:00","2026-06-18T18:50:00.0000000+00:00","490.778","-490.778","790.778","Up","102474497961668922711347552769699220123299855671283242332791480799824046437372","0.49","10","0.52","20.07","0.03","49","48","445.28","626.41","24549.88","24510.19","1781807805390","0x840a534e31b8aa9e3be0f55d32ac4df7d6ce18a9f83dbd0d9692bff516647896","1681.42000000",,,""
"13","2026-06-18T18:36:49.2216956+00:00","ETH","eth-updown-5m-1781808300","2585643","2026-06-18T18:45:00.0000000+00:00","2026-06-18T18:50:00.0000000+00:00","490.778","-490.778","790.778","Down","33125718133241705192250673813857380107029209118508563554468406354215970429790","0.48","20.07","0.51","10","0.03","48","49","626.41","445.28","24510.19","24549.88","1781807805390","0x840a534e31b8aa9e3be0f55d32ac4df7d6ce18a9f83dbd0d9692bff516647896","1681.42000000",,,""
"13","2026-06-18T18:36:49.2216956+00:00","SOL","sol-updown-5m-1781808300","2585647","2026-06-18T18:45:00.0000000+00:00","2026-06-18T18:50:00.0000000+00:00","490.778","-490.778","790.778","Up","78180369598222530494496686105271237794359355229256172907874710701699819593202","0.48","5.07","0.52","5.07","0.04","48","48","469.26","469.26","12513.76","12513.76","1781807762126","0x1f845170ad7636d870a6fd8677ea6ba340c9ae41df2ae093d51870e11f629bb5","68.53000000",,,""
"13","2026-06-18T18:36:49.2216956+00:00","SOL","sol-updown-5m-1781808300","2585647","2026-06-18T18:45:00.0000000+00:00","2026-06-18T18:50:00.0000000+00:00","490.778","-490.778","790.778","Down","38718264108816871162926615169095462346059506567975488925103461747350867366676","0.48","5.07","0.52","5.07","0.04","48","48","469.26","469.26","12513.76","12513.76","1781807762126","0x1f845170ad7636d870a6fd8677ea6ba340c9ae41df2ae093d51870e11f629bb5","68.53000000",,,""
"14","2026-06-18T18:37:10.2257695+00:00","SOL","sol-updown-5m-1781807700","2585048","2026-06-18T18:35:00.0000000+00:00","2026-06-18T18:40:00.0000000+00:00","-130.226","130.226","169.774","Up","5718934818440668581581968206003614529786960382720153627545271500748299494477","0.19","205.52","0.2","13.6","0.01","19","80","721.87","99.6","3029.09","5709.48","1781807830545","0xec56a49dcd3ced1b7ab0924e4d158edc4ea782e17ff825d53c88e252b0a2d6ab","68.61000000","68.66000000","-7.2822604136323914943198370000",""
"14","2026-06-18T18:37:10.2257695+00:00","SOL","sol-updown-5m-1781807700","2585048","2026-06-18T18:35:00.0000000+00:00","2026-06-18T18:40:00.0000000+00:00","-130.226","130.226","169.774","Down","3229234571258476502341848318045383428101862893422608253097155093276200828639","0.8","13.6","0.81","205.52","0.01","80","19","99.6","721.87","5699.48","3084.09","1781807830626","0xec56a49dcd3ced1b7ab0924e4d158edc4ea782e17ff825d53c88e252b0a2d6ab","68.61000000","68.66000000","-7.2822604136323914943198370000",""
"14","2026-06-18T18:37:10.2257695+00:00","BTC","btc-updown-5m-1781807700","2585050","2026-06-18T18:35:00.0000000+00:00","2026-06-18T18:40:00.0000000+00:00","-130.226","130.226","169.774","Up","46402257018358606725498828349823690581856500639012482948187776046510407334125","0.7","115","0.71","176.5","0.01","70","29","3857.43","1688.21","51614.55","35993.73","1781807830797","0xfeb2801b5d1aaf991653b68c0833dc054e1289057bd055bd569e9b2c527774ef","62815.28000000","62788.01000000","4.3431859044425838627470440000",""
"14","2026-06-18T18:37:10.2257695+00:00","BTC","btc-updown-5m-1781807700","2585050","2026-06-18T18:35:00.0000000+00:00","2026-06-18T18:40:00.0000000+00:00","-130.226","130.226","169.774","Down","35139634345922391080903425544822142400697904488413383462188748186763652240871","0.29","203.11","0.3","1363.66","0.01","29","70","1753.06","4464.35","36582.58","53109.47","1781807830949","0xfeb2801b5d1aaf991653b68c0833dc054e1289057bd055bd569e9b2c527774ef","62815.28000000","62788.01000000","4.3431859044425838627470440000",""
"14","2026-06-18T18:37:10.2257695+00:00","ETH","eth-updown-5m-1781807700","2585051","2026-06-18T18:35:00.0000000+00:00","2026-06-18T18:40:00.0000000+00:00","-130.226","130.226","169.774","Up","74461203961757261493458244738780826360022321825564372263353660790035729456590","0.18","328.14","0.19","112.28","0.01","18","81","2398.99","874.19","12123.81","20387.47","1781807831084","0xa91660566b52c51d7b67f790922ac2cbb9c1a984530c2f1e8c638582fe5b9987","1682.81000000","1684.51000000","-10.091955524158360591507323000",""
"14","2026-06-18T18:37:10.2257695+00:00","ETH","eth-updown-5m-1781807700","2585051","2026-06-18T18:35:00.0000000+00:00","2026-06-18T18:40:00.0000000+00:00","-130.226","130.226","169.774","Down","75286087574843676929308633186286345137325290048145693264847879249489792447013","0.81","112.28","0.82","328.14","0.0099999999999999","81","18","874.19","2398.99","20387.47","12123.81","1781807831194","0xa91660566b52c51d7b67f790922ac2cbb9c1a984530c2f1e8c638582fe5b9987","1682.81000000","1684.51000000","-10.091955524158360591507323000",""
"14","2026-06-18T18:37:10.2257695+00:00","BTC","btc-updown-5m-1781808000","2585540","2026-06-18T18:40:00.0000000+00:00","2026-06-18T18:45:00.0000000+00:00","169.774","-169.774","469.774","Up","68879465934683457163131433626470896869720839796689695720987328811090538744534","0.5","245.07","0.51","377.16","0.01","50","49","2162.58","2476.32","49053.24","54106.07","1781807830032","0x37dff2886c68fce27cd0e881f9ba4b661221c1681afbb9b5ccf46d9807da43e7","62815.28000000",,,""
"14","2026-06-18T18:37:10.2257695+00:00","BTC","btc-updown-5m-1781808000","2585540","2026-06-18T18:40:00.0000000+00:00","2026-06-18T18:45:00.0000000+00:00","169.774","-169.774","469.774","Down","90994024001936624995449612087221105721743657631296606584972031902449014752715","0.49","377.16","0.5","245.07","0.01","49","50","2476.32","2162.58","54106.07","49053.24","1781807830032","0x37dff2886c68fce27cd0e881f9ba4b661221c1681afbb9b5ccf46d9807da43e7","62815.28000000",,,""
"14","2026-06-18T18:37:10.2257695+00:00","ETH","eth-updown-5m-1781808000","2585542","2026-06-18T18:40:00.0000000+00:00","2026-06-18T18:45:00.0000000+00:00","169.774","-169.774","469.774","Up","49849740713050321516107817410296468449911255652199205726679896866087747161393","0.49","1141.12","0.5","10.05","0.01","49","50","1858.18","531.70","26791.04","25749.57","1781807829836","0xc05fc868141ee0eae60f092abb7ecfb0de2dfb564074f18fefa847aadbfba555","1682.81000000",,,""
"14","2026-06-18T18:37:10.2257695+00:00","ETH","eth-updown-5m-1781808000","2585542","2026-06-18T18:40:00.0000000+00:00","2026-06-18T18:45:00.0000000+00:00","169.774","-169.774","469.774","Down","17591791386811154609095965976303693564520569177422496092498652550151428769695","0.5","10.05","0.51","1141.12","0.01","50","49","531.70","1858.18","25749.57","26791.04","1781807829836","0xc05fc868141ee0eae60f092abb7ecfb0de2dfb564074f18fefa847aadbfba555","1682.81000000",,,""
"14","2026-06-18T18:37:10.2257695+00:00","SOL","sol-updown-5m-1781808000","2585543","2026-06-18T18:40:00.0000000+00:00","2026-06-18T18:45:00.0000000+00:00","169.774","-169.774","469.774","Up","33883635556343746924049866166209953032521320774560384687032719094764384424169","0.5","5.05","0.51","35.1","0.01","50","49","297.55","355.16","14299.46","14224.51","1781807831391","0x8ea26f6fb06e218ad5a9ed6ab3e8175ea846920303fde49cb2f463f33415c44b","68.61000000",,,""
"14","2026-06-18T18:37:10.2257695+00:00","SOL","sol-updown-5m-1781808000","2585543","2026-06-18T18:40:00.0000000+00:00","2026-06-18T18:45:00.0000000+00:00","169.774","-169.774","469.774","Down","84425178885795678785795856280303190499382832162788080471884105518012716799398","0.49","35.1","0.5","5.05","0.01","49","50","355.16","297.55","14224.51","14299.46","1781807831391","0x8ea26f6fb06e218ad5a9ed6ab3e8175ea846920303fde49cb2f463f33415c44b","68.61000000",,,""
"14","2026-06-18T18:37:10.2257695+00:00","BTC","btc-updown-5m-1781808300","2585640","2026-06-18T18:45:00.0000000+00:00","2026-06-18T18:50:00.0000000+00:00","469.774","-469.774","769.774","Up","96824105467343580693139780796131495794995377592943523159760401295298802171896","0.5","1220.6","0.51","260.79","0.01","50","49","1992.18","1437.35","44905.02","43405.08","1781807832113","0x276fe565b84e6f769293da985dc3b180e0cbecbff90c2eaa0bd8dadba73ab8c8","62815.28000000",,,""
"14","2026-06-18T18:37:10.2257695+00:00","BTC","btc-updown-5m-1781808300","2585640","2026-06-18T18:45:00.0000000+00:00","2026-06-18T18:50:00.0000000+00:00","469.774","-469.774","769.774","Down","26034517743168909246241273147224929566684869610305877377037263223183270955032","0.49","260.79","0.5","1220.6","0.01","49","50","1437.35","2002.18","43405.08","44915.02","1781807832311","0x276fe565b84e6f769293da985dc3b180e0cbecbff90c2eaa0bd8dadba73ab8c8","62815.28000000",,,""
"14","2026-06-18T18:37:10.2257695+00:00","ETH","eth-updown-5m-1781808300","2585643","2026-06-18T18:45:00.0000000+00:00","2026-06-18T18:50:00.0000000+00:00","469.774","-469.774","769.774","Up","102474497961668922711347552769699220123299855671283242332791480799824046437372","0.49","10","0.52","10.07","0.03","49","48","445.28","616.41","24549.88","24500.19","1781807828823","0x840a534e31b8aa9e3be0f55d32ac4df7d6ce18a9f83dbd0d9692bff516647896","1682.81000000",,,""
"14","2026-06-18T18:37:10.2257695+00:00","ETH","eth-updown-5m-1781808300","2585643","2026-06-18T18:45:00.0000000+00:00","2026-06-18T18:50:00.0000000+00:00","469.774","-469.774","769.774","Down","33125718133241705192250673813857380107029209118508563554468406354215970429790","0.48","10.07","0.51","10","0.03","48","49","616.41","445.28","24500.19","24549.88","1781807828823","0x840a534e31b8aa9e3be0f55d32ac4df7d6ce18a9f83dbd0d9692bff516647896","1682.81000000",,,""
"14","2026-06-18T18:37:10.2257695+00:00","SOL","sol-updown-5m-1781808300","2585647","2026-06-18T18:45:00.0000000+00:00","2026-06-18T18:50:00.0000000+00:00","469.774","-469.774","769.774","Up","78180369598222530494496686105271237794359355229256172907874710701699819593202","0.48","5.07","0.52","5.07","0.04","48","48","469.26","469.26","12513.76","12513.76","1781807762126","0x1f845170ad7636d870a6fd8677ea6ba340c9ae41df2ae093d51870e11f629bb5","68.61000000",,,""
"14","2026-06-18T18:37:10.2257695+00:00","SOL","sol-updown-5m-1781808300","2585647","2026-06-18T18:45:00.0000000+00:00","2026-06-18T18:50:00.0000000+00:00","469.774","-469.774","769.774","Down","38718264108816871162926615169095462346059506567975488925103461747350867366676","0.48","5.07","0.52","5.07","0.04","48","48","469.26","469.26","12513.76","12513.76","1781807762126","0x1f845170ad7636d870a6fd8677ea6ba340c9ae41df2ae093d51870e11f629bb5","68.61000000",,,""
"15","2026-06-18T18:37:28.6544628+00:00","SOL","sol-updown-5m-1781807700","2585048","2026-06-18T18:35:00.0000000+00:00","2026-06-18T18:40:00.0000000+00:00","-148.654","148.654","151.346","Up","5718934818440668581581968206003614529786960382720153627545271500748299494477","0.26","109.6","0.27","41.94","0.01","26","73","391.02","231.34","3583.68","5847.42","1781807849019","0xec56a49dcd3ced1b7ab0924e4d158edc4ea782e17ff825d53c88e252b0a2d6ab","68.64000000","68.66000000","-2.9129041654529565977279350000",""
"15","2026-06-18T18:37:28.6544628+00:00","SOL","sol-updown-5m-1781807700","2585048","2026-06-18T18:35:00.0000000+00:00","2026-06-18T18:40:00.0000000+00:00","-148.654","148.654","151.346","Down","3229234571258476502341848318045383428101862893422608253097155093276200828639","0.73","41.94","0.74","109.6","0.01","73","26","231.34","391.02","5837.42","3588.68","1781807849136","0xec56a49dcd3ced1b7ab0924e4d158edc4ea782e17ff825d53c88e252b0a2d6ab","68.64000000","68.66000000","-2.9129041654529565977279350000",""
"15","2026-06-18T18:37:28.6544628+00:00","BTC","btc-updown-5m-1781807700","2585050","2026-06-18T18:35:00.0000000+00:00","2026-06-18T18:40:00.0000000+00:00","-148.654","148.654","151.346","Up","46402257018358606725498828349823690581856500639012482948187776046510407334125","0.83","81.6","0.84","930.46","0.01","83","16","1547.42","3071.85","53053.98","26951.96","1781807849272","0xfeb2801b5d1aaf991653b68c0833dc054e1289057bd055bd569e9b2c527774ef","62836.00000000","62788.01000000","7.6431790082214741317649660000",""
"15","2026-06-18T18:37:28.6544628+00:00","BTC","btc-updown-5m-1781807700","2585050","2026-06-18T18:35:00.0000000+00:00","2026-06-18T18:40:00.0000000+00:00","-148.654","148.654","151.346","Down","35139634345922391080903425544822142400697904488413383462188748186763652240871","0.16","729.13","0.17","77.26","0.01","16","83","2866.74","1583.08","26746.85","53534.64","1781807849406","0xfeb2801b5d1aaf991653b68c0833dc054e1289057bd055bd569e9b2c527774ef","62836.00000000","62788.01000000","7.6431790082214741317649660000",""
"15","2026-06-18T18:37:28.6544628+00:00","ETH","eth-updown-5m-1781807700","2585051","2026-06-18T18:35:00.0000000+00:00","2026-06-18T18:40:00.0000000+00:00","-148.654","148.654","151.346","Up","74461203961757261493458244738780826360022321825564372263353660790035729456590","0.28","389.33","0.29","110.34","0.00999999999999995","28","71","1868.75","746.72","14376.99","18497.23","1781807849488","0xa91660566b52c51d7b67f790922ac2cbb9c1a984530c2f1e8c638582fe5b9987","1683.74000000","1684.51000000","-4.5710622080011397973297870000",""
"15","2026-06-18T18:37:28.6544628+00:00","ETH","eth-updown-5m-1781807700","2585051","2026-06-18T18:35:00.0000000+00:00","2026-06-18T18:40:00.0000000+00:00","-148.654","148.654","151.346","Down","75286087574843676929308633186286345137325290048145693264847879249489792447013","0.71","110.34","0.72","389.33","0.01","71","28","746.72","1868.75","18461.73","14352.49","1781807849642","0xa91660566b52c51d7b67f790922ac2cbb9c1a984530c2f1e8c638582fe5b9987","1683.74000000","1684.51000000","-4.5710622080011397973297870000",""
"15","2026-06-18T18:37:28.6544628+00:00","BTC","btc-updown-5m-1781808000","2585540","2026-06-18T18:40:00.0000000+00:00","2026-06-18T18:45:00.0000000+00:00","151.346","-151.346","451.346","Up","68879465934683457163131433626470896869720839796689695720987328811090538744534","0.5","245.07","0.51","478.18","0.01","50","49","2257.58","2487.34","49148.24","53757.09","1781807849074","0x37dff2886c68fce27cd0e881f9ba4b661221c1681afbb9b5ccf46d9807da43e7","62836.00000000",,,""
"15","2026-06-18T18:37:28.6544628+00:00","BTC","btc-updown-5m-1781808000","2585540","2026-06-18T18:40:00.0000000+00:00","2026-06-18T18:45:00.0000000+00:00","151.346","-151.346","451.346","Down","90994024001936624995449612087221105721743657631296606584972031902449014752715","0.49","478.18","0.5","245.07","0.01","49","50","2487.34","2257.58","53757.09","49148.24","1781807849074","0x37dff2886c68fce27cd0e881f9ba4b661221c1681afbb9b5ccf46d9807da43e7","62836.00000000",,,""
"15","2026-06-18T18:37:28.6544628+00:00","ETH","eth-updown-5m-1781808000","2585542","2026-06-18T18:40:00.0000000+00:00","2026-06-18T18:45:00.0000000+00:00","151.346","-151.346","451.346","Up","49849740713050321516107817410296468449911255652199205726679896866087747161393","0.49","1117.14","0.5","80.05","0.01","49","50","1909.20","531.70","26842.06","25723.19","1781807846768","0xc05fc868141ee0eae60f092abb7ecfb0de2dfb564074f18fefa847aadbfba555","1683.74000000",,,""
"15","2026-06-18T18:37:28.6544628+00:00","ETH","eth-updown-5m-1781808000","2585542","2026-06-18T18:40:00.0000000+00:00","2026-06-18T18:45:00.0000000+00:00","151.346","-151.346","451.346","Down","17591791386811154609095965976303693564520569177422496092498652550151428769695","0.5","80.05","0.51","1117.14","0.01","50","49","531.70","1909.20","25723.19","26842.06","1781807846768","0xc05fc868141ee0eae60f092abb7ecfb0de2dfb564074f18fefa847aadbfba555","1683.74000000",,,""
"15","2026-06-18T18:37:28.6544628+00:00","SOL","sol-updown-5m-1781808000","2585543","2026-06-18T18:40:00.0000000+00:00","2026-06-18T18:45:00.0000000+00:00","151.346","-151.346","451.346","Up","33883635556343746924049866166209953032521320774560384687032719094764384424169","0.5","5.05","0.51","35.1","0.01","50","49","297.55","355.16","14299.46","14224.51","1781807831391","0x8ea26f6fb06e218ad5a9ed6ab3e8175ea846920303fde49cb2f463f33415c44b","68.64000000",,,""
"15","2026-06-18T18:37:28.6544628+00:00","SOL","sol-updown-5m-1781808000","2585543","2026-06-18T18:40:00.0000000+00:00","2026-06-18T18:45:00.0000000+00:00","151.346","-151.346","451.346","Down","84425178885795678785795856280303190499382832162788080471884105518012716799398","0.49","35.1","0.5","5.05","0.01","49","50","355.16","297.55","14224.51","14299.46","1781807831391","0x8ea26f6fb06e218ad5a9ed6ab3e8175ea846920303fde49cb2f463f33415c44b","68.64000000",,,""
"15","2026-06-18T18:37:28.6544628+00:00","BTC","btc-updown-5m-1781808300","2585640","2026-06-18T18:45:00.0000000+00:00","2026-06-18T18:50:00.0000000+00:00","451.346","-451.346","751.346","Up","96824105467343580693139780796131495794995377592943523159760401295298802171896","0.5","1220.6","0.51","260.79","0.01","50","49","1992.18","1442.35","44905.02","43410.08","1781807839337","0x276fe565b84e6f769293da985dc3b180e0cbecbff90c2eaa0bd8dadba73ab8c8","62836.00000000",,,""
"15","2026-06-18T18:37:28.6544628+00:00","BTC","btc-updown-5m-1781808300","2585640","2026-06-18T18:45:00.0000000+00:00","2026-06-18T18:50:00.0000000+00:00","451.346","-451.346","751.346","Down","26034517743168909246241273147224929566684869610305877377037263223183270955032","0.49","260.79","0.5","1220.6","0.01","49","50","1442.35","1992.18","43410.08","44905.02","1781807839337","0x276fe565b84e6f769293da985dc3b180e0cbecbff90c2eaa0bd8dadba73ab8c8","62836.00000000",,,""
"15","2026-06-18T18:37:28.6544628+00:00","ETH","eth-updown-5m-1781808300","2585643","2026-06-18T18:45:00.0000000+00:00","2026-06-18T18:50:00.0000000+00:00","451.346","-451.346","751.346","Up","102474497961668922711347552769699220123299855671283242332791480799824046437372","0.49","10","0.52","10.07","0.03","49","48","445.28","616.41","24549.88","24500.19","1781807828823","0x840a534e31b8aa9e3be0f55d32ac4df7d6ce18a9f83dbd0d9692bff516647896","1683.74000000",,,""
"15","2026-06-18T18:37:28.6544628+00:00","ETH","eth-updown-5m-1781808300","2585643","2026-06-18T18:45:00.0000000+00:00","2026-06-18T18:50:00.0000000+00:00","451.346","-451.346","751.346","Down","33125718133241705192250673813857380107029209118508563554468406354215970429790","0.48","10.07","0.51","10","0.03","48","49","616.41","445.28","24500.19","24549.88","1781807828823","0x840a534e31b8aa9e3be0f55d32ac4df7d6ce18a9f83dbd0d9692bff516647896","1683.74000000",,,""
"15","2026-06-18T18:37:28.6544628+00:00","SOL","sol-updown-5m-1781808300","2585647","2026-06-18T18:45:00.0000000+00:00","2026-06-18T18:50:00.0000000+00:00","451.346","-451.346","751.346","Up","78180369598222530494496686105271237794359355229256172907874710701699819593202","0.48","5.07","0.52","5.07","0.04","48","48","469.26","469.26","12513.76","12513.76","1781807762126","0x1f845170ad7636d870a6fd8677ea6ba340c9ae41df2ae093d51870e11f629bb5","68.64000000",,,""
"15","2026-06-18T18:37:28.6544628+00:00","SOL","sol-updown-5m-1781808300","2585647","2026-06-18T18:45:00.0000000+00:00","2026-06-18T18:50:00.0000000+00:00","451.346","-451.346","751.346","Down","38718264108816871162926615169095462346059506567975488925103461747350867366676","0.48","5.07","0.52","5.07","0.04","48","48","469.26","469.26","12513.76","12513.76","1781807762126","0x1f845170ad7636d870a6fd8677ea6ba340c9ae41df2ae093d51870e11f629bb5","68.64000000",,,""
"16","2026-06-18T18:37:47.2252443+00:00","SOL","sol-updown-5m-1781807700","2585048","2026-06-18T18:35:00.0000000+00:00","2026-06-18T18:40:00.0000000+00:00","-167.225","167.225","132.775","Up","5718934818440668581581968206003614529786960382720153627545271500748299494477","0.16","57","0.17","84.52","0.01","16","83","293.57","441.50","3002.65","6249.50","1781807867535","0xec56a49dcd3ced1b7ab0924e4d158edc4ea782e17ff825d53c88e252b0a2d6ab","68.62000000","68.66000000","-5.825808330905913195455870000",""
"16","2026-06-18T18:37:47.2252443+00:00","SOL","sol-updown-5m-1781807700","2585048","2026-06-18T18:35:00.0000000+00:00","2026-06-18T18:40:00.0000000+00:00","-167.225","167.225","132.775","Down","3229234571258476502341848318045383428101862893422608253097155093276200828639","0.83","4.52","0.84","132","0.01","83","16","215.94","339.57","6031.04","3025.65","1781807867683","0xec56a49dcd3ced1b7ab0924e4d158edc4ea782e17ff825d53c88e252b0a2d6ab","68.62000000","68.66000000","-5.825808330905913195455870000",""
"16","2026-06-18T18:37:47.2252443+00:00","BTC","btc-updown-5m-1781807700","2585050","2026-06-18T18:35:00.0000000+00:00","2026-06-18T18:40:00.0000000+00:00","-167.225","167.225","132.775","Up","46402257018358606725498828349823690581856500639012482948187776046510407334125","0.67","392.95","0.68","673.46","0.01","67","32","1909.60","3267.74","47063.07","39806.73","1781807867867","0xfeb2801b5d1aaf991653b68c0833dc054e1289057bd055bd569e9b2c527774ef","62808.98000000","62788.01000000","3.3398096228881915512213240000",""
"16","2026-06-18T18:37:47.2252443+00:00","BTC","btc-updown-5m-1781807700","2585050","2026-06-18T18:35:00.0000000+00:00","2026-06-18T18:40:00.0000000+00:00","-167.225","167.225","132.775","Down","35139634345922391080903425544822142400697904488413383462188748186763652240871","0.32","564.6","0.33","449.95","0.01","32","67","3098.21","1973.10","39965.60","47753.89","1781807868124","0xfeb2801b5d1aaf991653b68c0833dc054e1289057bd055bd569e9b2c527774ef","62808.98000000","62788.01000000","3.3398096228881915512213240000",""
"16","2026-06-18T18:37:47.2252443+00:00","ETH","eth-updown-5m-1781807700","2585051","2026-06-18T18:35:00.0000000+00:00","2026-06-18T18:40:00.0000000+00:00","-167.225","167.225","132.775","Up","74461203961757261493458244738780826360022321825564372263353660790035729456590","0.27","12.24","0.28","356.63","0.01","27","72","964.64","1618.01","12185.90","20295.21","1781807868271","0xa91660566b52c51d7b67f790922ac2cbb9c1a984530c2f1e8c638582fe5b9987","1683.81000000","1684.51000000","-4.1555110981828543612088980000",""
"16","2026-06-18T18:37:47.2252443+00:00","ETH","eth-updown-5m-1781807700","2585051","2026-06-18T18:35:00.0000000+00:00","2026-06-18T18:40:00.0000000+00:00","-167.225","167.225","132.775","Down","75286087574843676929308633186286345137325290048145693264847879249489792447013","0.72","278.91","0.73","12.24","0.01","72","27","1540.29","984.64","20228.19","12210.90","1781807868436","0xa91660566b52c51d7b67f790922ac2cbb9c1a984530c2f1e8c638582fe5b9987","1683.81000000","1684.51000000","-4.1555110981828543612088980000",""
"16","2026-06-18T18:37:47.2252443+00:00","BTC","btc-updown-5m-1781808000","2585540","2026-06-18T18:40:00.0000000+00:00","2026-06-18T18:45:00.0000000+00:00","132.775","-132.775","432.775","Up","68879465934683457163131433626470896869720839796689695720987328811090538744534","0.5","245.07","0.51","483.18","0.01","50","49","1802.58","2467.34","48693.24","53717.09","1781807868379","0x37dff2886c68fce27cd0e881f9ba4b661221c1681afbb9b5ccf46d9807da43e7","62808.98000000",,,""
"16","2026-06-18T18:37:47.2252443+00:00","BTC","btc-updown-5m-1781808000","2585540","2026-06-18T18:40:00.0000000+00:00","2026-06-18T18:45:00.0000000+00:00","132.775","-132.775","432.775","Down","90994024001936624995449612087221105721743657631296606584972031902449014752715","0.49","483.18","0.5","245.07","0.01","49","50","2467.34","1802.58","53717.09","48673.24","1781807869010","0x37dff2886c68fce27cd0e881f9ba4b661221c1681afbb9b5ccf46d9807da43e7","62808.98000000",,,""
"16","2026-06-18T18:37:47.2252443+00:00","ETH","eth-updown-5m-1781808000","2585542","2026-06-18T18:40:00.0000000+00:00","2026-06-18T18:45:00.0000000+00:00","132.775","-132.775","432.775","Up","49849740713050321516107817410296468449911255652199205726679896866087747161393","0.49","1117.14","0.5","80.05","0.01","49","50","1939.19","531.70","26867.05","25713.19","1781807869000","0xc05fc868141ee0eae60f092abb7ecfb0de2dfb564074f18fefa847aadbfba555","1683.81000000",,,""
"16","2026-06-18T18:37:47.2252443+00:00","ETH","eth-updown-5m-1781808000","2585542","2026-06-18T18:40:00.0000000+00:00","2026-06-18T18:45:00.0000000+00:00","132.775","-132.775","432.775","Down","17591791386811154609095965976303693564520569177422496092498652550151428769695","0.5","80.05","0.51","1117.14","0.01","50","49","531.70","1939.19","25713.19","26867.05","1781807869000","0xc05fc868141ee0eae60f092abb7ecfb0de2dfb564074f18fefa847aadbfba555","1683.81000000",,,""
"16","2026-06-18T18:37:47.2252443+00:00","SOL","sol-updown-5m-1781808000","2585543","2026-06-18T18:40:00.0000000+00:00","2026-06-18T18:45:00.0000000+00:00","132.775","-132.775","432.775","Up","33883635556343746924049866166209953032521320774560384687032719094764384424169","0.5","5.05","0.51","35.1","0.01","50","49","237.55","355.16","14229.46","14214.51","1781807869250","0x8ea26f6fb06e218ad5a9ed6ab3e8175ea846920303fde49cb2f463f33415c44b","68.62000000",,,""
"16","2026-06-18T18:37:47.2252443+00:00","SOL","sol-updown-5m-1781808000","2585543","2026-06-18T18:40:00.0000000+00:00","2026-06-18T18:45:00.0000000+00:00","132.775","-132.775","432.775","Down","84425178885795678785795856280303190499382832162788080471884105518012716799398","0.49","35.1","0.5","5.05","0.01","49","50","355.16","237.55","14214.51","14229.46","1781807869250","0x8ea26f6fb06e218ad5a9ed6ab3e8175ea846920303fde49cb2f463f33415c44b","68.62000000",,,""
"16","2026-06-18T18:37:47.2252443+00:00","BTC","btc-updown-5m-1781808300","2585640","2026-06-18T18:45:00.0000000+00:00","2026-06-18T18:50:00.0000000+00:00","432.775","-432.775","732.775","Up","96824105467343580693139780796131495794995377592943523159760401295298802171896","0.5","1220.6","0.51","260.79","0.01","50","49","2017.18","1442.35","44930.02","43410.08","1781807855697","0x276fe565b84e6f769293da985dc3b180e0cbecbff90c2eaa0bd8dadba73ab8c8","62808.98000000",,,""
"16","2026-06-18T18:37:47.2252443+00:00","BTC","btc-updown-5m-1781808300","2585640","2026-06-18T18:45:00.0000000+00:00","2026-06-18T18:50:00.0000000+00:00","432.775","-432.775","732.775","Down","26034517743168909246241273147224929566684869610305877377037263223183270955032","0.49","260.79","0.5","1220.6","0.01","49","50","1442.35","2017.18","43410.08","44930.02","1781807855697","0x276fe565b84e6f769293da985dc3b180e0cbecbff90c2eaa0bd8dadba73ab8c8","62808.98000000",,,""
"16","2026-06-18T18:37:47.2252443+00:00","ETH","eth-updown-5m-1781808300","2585643","2026-06-18T18:45:00.0000000+00:00","2026-06-18T18:50:00.0000000+00:00","432.775","-432.775","732.775","Up","102474497961668922711347552769699220123299855671283242332791480799824046437372","0.49","10","0.52","10.07","0.03","49","48","445.28","616.41","24537.58","24487.89","1781807868008","0x840a534e31b8aa9e3be0f55d32ac4df7d6ce18a9f83dbd0d9692bff516647896","1683.81000000",,,""
"16","2026-06-18T18:37:47.2252443+00:00","ETH","eth-updown-5m-1781808300","2585643","2026-06-18T18:45:00.0000000+00:00","2026-06-18T18:50:00.0000000+00:00","432.775","-432.775","732.775","Down","33125718133241705192250673813857380107029209118508563554468406354215970429790","0.48","10.07","0.51","10","0.03","48","49","616.41","445.28","24487.89","24537.58","1781807868008","0x840a534e31b8aa9e3be0f55d32ac4df7d6ce18a9f83dbd0d9692bff516647896","1683.81000000",,,""
"16","2026-06-18T18:37:47.2252443+00:00","SOL","sol-updown-5m-1781808300","2585647","2026-06-18T18:45:00.0000000+00:00","2026-06-18T18:50:00.0000000+00:00","432.775","-432.775","732.775","Up","78180369598222530494496686105271237794359355229256172907874710701699819593202","0.48","5.07","0.52","5.07","0.04","48","48","469.26","469.26","12513.76","12513.76","1781807762126","0x1f845170ad7636d870a6fd8677ea6ba340c9ae41df2ae093d51870e11f629bb5","68.62000000",,,""
"16","2026-06-18T18:37:47.2252443+00:00","SOL","sol-updown-5m-1781808300","2585647","2026-06-18T18:45:00.0000000+00:00","2026-06-18T18:50:00.0000000+00:00","432.775","-432.775","732.775","Down","38718264108816871162926615169095462346059506567975488925103461747350867366676","0.48","5.07","0.52","5.07","0.04","48","48","469.26","469.26","12513.76","12513.76","1781807762126","0x1f845170ad7636d870a6fd8677ea6ba340c9ae41df2ae093d51870e11f629bb5","68.62000000",,,""
"17","2026-06-18T18:38:06.7498269+00:00","SOL","sol-updown-5m-1781807700","2585048","2026-06-18T18:35:00.0000000+00:00","2026-06-18T18:40:00.0000000+00:00","-186.75","186.75","113.25","Up","5718934818440668581581968206003614529786960382720153627545271500748299494477","0.1","207.59","0.11","5","0.01","10","89","608.89","212.13","2702.47","6290.43","1781807887095","0xec56a49dcd3ced1b7ab0924e4d158edc4ea782e17ff825d53c88e252b0a2d6ab","68.58000000","68.66000000","-11.651616661811826390911739000",""
"17","2026-06-18T18:38:06.7498269+00:00","SOL","sol-updown-5m-1781807700","2585048","2026-06-18T18:35:00.0000000+00:00","2026-06-18T18:40:00.0000000+00:00","-186.75","186.75","113.25","Down","3229234571258476502341848318045383428101862893422608253097155093276200828639","0.89","5","0.9","207.59","0.01","89","10","181.63","591.89","6171.90","2685.47","1781807887230","0xec56a49dcd3ced1b7ab0924e4d158edc4ea782e17ff825d53c88e252b0a2d6ab","68.58000000","68.66000000","-11.651616661811826390911739000",""
"17","2026-06-18T18:38:06.7498269+00:00","BTC","btc-updown-5m-1781807700","2585050","2026-06-18T18:35:00.0000000+00:00","2026-06-18T18:40:00.0000000+00:00","-186.75","186.75","113.25","Up","46402257018358606725498828349823690581856500639012482948187776046510407334125","0.43","1138.71","0.44","76.1","0.01","43","56","3689.72","906.22","42153.32","39391.99","1781807887412","0xfeb2801b5d1aaf991653b68c0833dc054e1289057bd055bd569e9b2c527774ef","62770.08000000","62788.01000000","-2.8556407505190879596279610000",""
"17","2026-06-18T18:38:06.7498269+00:00","BTC","btc-updown-5m-1781807700","2585050","2026-06-18T18:35:00.0000000+00:00","2026-06-18T18:40:00.0000000+00:00","-186.75","186.75","113.25","Down","35139634345922391080903425544822142400697904488413383462188748186763652240871","0.56","70.6","0.57","1219.71","0.0099999999999999","56","43","770.72","3694.22","38739.49","41474.46","1781807887544","0xfeb2801b5d1aaf991653b68c0833dc054e1289057bd055bd569e9b2c527774ef","62770.08000000","62788.01000000","-2.8556407505190879596279610000",""
"17","2026-06-18T18:38:06.7498269+00:00","ETH","eth-updown-5m-1781807700","2585051","2026-06-18T18:35:00.0000000+00:00","2026-06-18T18:40:00.0000000+00:00","-186.75","186.75","113.25","Up","74461203961757261493458244738780826360022321825564372263353660790035729456590","0.21","52.24","0.23","99.87","0.02","21","77","1027.32","390.19","10316.04","17351.77","1781807887770","0xa91660566b52c51d7b67f790922ac2cbb9c1a984530c2f1e8c638582fe5b9987","1683.31000000","1684.51000000","-7.123733311170607476358110000",""
"17","2026-06-18T18:38:06.7498269+00:00","ETH","eth-updown-5m-1781807700","2585051","2026-06-18T18:35:00.0000000+00:00","2026-06-18T18:40:00.0000000+00:00","-186.75","186.75","113.25","Down","75286087574843676929308633186286345137325290048145693264847879249489792447013","0.77","184.87","0.78","94.72","0.01","77","22","596.64","434.75","18227.72","10531.38","1781807887994","0xa91660566b52c51d7b67f790922ac2cbb9c1a984530c2f1e8c638582fe5b9987","1683.31000000","1684.51000000","-7.123733311170607476358110000",""
"17","2026-06-18T18:38:06.7498269+00:00","BTC","btc-updown-5m-1781808000","2585540","2026-06-18T18:40:00.0000000+00:00","2026-06-18T18:45:00.0000000+00:00","113.25","-113.25","413.25","Up","68879465934683457163131433626470896869720839796689695720987328811090538744534","0.5","264.47","0.51","588.61","0.01","50","49","1311.98","2469.77","48501.64","54055.85","1781807888039","0x37dff2886c68fce27cd0e881f9ba4b661221c1681afbb9b5ccf46d9807da43e7","62770.08000000",,,""
"17","2026-06-18T18:38:06.7498269+00:00","BTC","btc-updown-5m-1781808000","2585540","2026-06-18T18:40:00.0000000+00:00","2026-06-18T18:45:00.0000000+00:00","113.25","-113.25","413.25","Down","90994024001936624995449612087221105721743657631296606584972031902449014752715","0.49","588.61","0.5","264.47","0.01","49","50","2469.77","1311.98","54055.85","48501.64","1781807888039","0x37dff2886c68fce27cd0e881f9ba4b661221c1681afbb9b5ccf46d9807da43e7","62770.08000000",,,""
"17","2026-06-18T18:38:06.7498269+00:00","ETH","eth-updown-5m-1781808000","2585542","2026-06-18T18:40:00.0000000+00:00","2026-06-18T18:45:00.0000000+00:00","113.25","-113.25","413.25","Up","49849740713050321516107817410296468449911255652199205726679896866087747161393","0.49","1192.14","0.5","8.05","0.01","49","50","1884.19","524.70","26772.05","25784.19","1781807888623","0xc05fc868141ee0eae60f092abb7ecfb0de2dfb564074f18fefa847aadbfba555","1683.31000000",,,""
"17","2026-06-18T18:38:06.7498269+00:00","ETH","eth-updown-5m-1781808000","2585542","2026-06-18T18:40:00.0000000+00:00","2026-06-18T18:45:00.0000000+00:00","113.25","-113.25","413.25","Down","17591791386811154609095965976303693564520569177422496092498652550151428769695","0.5","8.05","0.51","1192.14","0.01","50","49","524.70","1884.19","25784.19","26772.05","1781807888623","0xc05fc868141ee0eae60f092abb7ecfb0de2dfb564074f18fefa847aadbfba555","1683.31000000",,,""
"17","2026-06-18T18:38:06.7498269+00:00","SOL","sol-updown-5m-1781808000","2585543","2026-06-18T18:40:00.0000000+00:00","2026-06-18T18:45:00.0000000+00:00","113.25","-113.25","413.25","Up","33883635556343746924049866166209953032521320774560384687032719094764384424169","0.5","30.05","0.51","10.1","0.01","50","49","217.55","350.16","14169.46","14154.51","1781807881391","0x8ea26f6fb06e218ad5a9ed6ab3e8175ea846920303fde49cb2f463f33415c44b","68.58000000",,,""
"17","2026-06-18T18:38:06.7498269+00:00","SOL","sol-updown-5m-1781808000","2585543","2026-06-18T18:40:00.0000000+00:00","2026-06-18T18:45:00.0000000+00:00","113.25","-113.25","413.25","Down","84425178885795678785795856280303190499382832162788080471884105518012716799398","0.49","10.1","0.5","30.05","0.01","49","50","350.16","217.55","14154.51","14169.46","1781807881391","0x8ea26f6fb06e218ad5a9ed6ab3e8175ea846920303fde49cb2f463f33415c44b","68.58000000",,,""
"17","2026-06-18T18:38:06.7498269+00:00","BTC","btc-updown-5m-1781808300","2585640","2026-06-18T18:45:00.0000000+00:00","2026-06-18T18:50:00.0000000+00:00","413.25","-413.25","713.25","Up","96824105467343580693139780796131495794995377592943523159760401295298802171896","0.5","1245.6","0.51","260.79","0.01","50","49","2017.18","1399.02","44936.69","43366.75","1781807887521","0x276fe565b84e6f769293da985dc3b180e0cbecbff90c2eaa0bd8dadba73ab8c8","62770.08000000",,,""
"17","2026-06-18T18:38:06.7498269+00:00","BTC","btc-updown-5m-1781808300","2585640","2026-06-18T18:45:00.0000000+00:00","2026-06-18T18:50:00.0000000+00:00","413.25","-413.25","713.25","Down","26034517743168909246241273147224929566684869610305877377037263223183270955032","0.49","260.79","0.5","1245.6","0.01","49","50","1399.02","2017.18","43366.75","44936.69","1781807887521","0x276fe565b84e6f769293da985dc3b180e0cbecbff90c2eaa0bd8dadba73ab8c8","62770.08000000",,,""
"17","2026-06-18T18:38:06.7498269+00:00","ETH","eth-updown-5m-1781808300","2585643","2026-06-18T18:45:00.0000000+00:00","2026-06-18T18:50:00.0000000+00:00","413.25","-413.25","713.25","Up","102474497961668922711347552769699220123299855671283242332791480799824046437372","0.49","10","0.52","10.07","0.03","49","48","445.28","601.41","24537.58","24472.89","1781807889138","0x840a534e31b8aa9e3be0f55d32ac4df7d6ce18a9f83dbd0d9692bff516647896","1683.31000000",,,""
"17","2026-06-18T18:38:06.7498269+00:00","ETH","eth-updown-5m-1781808300","2585643","2026-06-18T18:45:00.0000000+00:00","2026-06-18T18:50:00.0000000+00:00","413.25","-413.25","713.25","Down","33125718133241705192250673813857380107029209118508563554468406354215970429790","0.48","10.07","0.51","10","0.03","48","49","601.41","445.28","24472.89","24537.58","1781807889138","0x840a534e31b8aa9e3be0f55d32ac4df7d6ce18a9f83dbd0d9692bff516647896","1683.31000000",,,""
"17","2026-06-18T18:38:06.7498269+00:00","SOL","sol-updown-5m-1781808300","2585647","2026-06-18T18:45:00.0000000+00:00","2026-06-18T18:50:00.0000000+00:00","413.25","-413.25","713.25","Up","78180369598222530494496686105271237794359355229256172907874710701699819593202","0.48","5.07","0.52","5.07","0.04","48","48","469.26","469.26","12540.00","12540.00","1781807876913","0x1f845170ad7636d870a6fd8677ea6ba340c9ae41df2ae093d51870e11f629bb5","68.58000000",,,""
"17","2026-06-18T18:38:06.7498269+00:00","SOL","sol-updown-5m-1781808300","2585647","2026-06-18T18:45:00.0000000+00:00","2026-06-18T18:50:00.0000000+00:00","413.25","-413.25","713.25","Down","38718264108816871162926615169095462346059506567975488925103461747350867366676","0.48","5.07","0.52","5.07","0.04","48","48","469.26","469.26","12540.00","12540.00","1781807876913","0x1f845170ad7636d870a6fd8677ea6ba340c9ae41df2ae093d51870e11f629bb5","68.58000000",,,""
"18","2026-06-18T18:38:27.5969142+00:00","SOL","sol-updown-5m-1781807700","2585048","2026-06-18T18:35:00.0000000+00:00","2026-06-18T18:40:00.0000000+00:00","-207.597","207.597","92.403","Up","5718934818440668581581968206003614529786960382720153627545271500748299494477","0.06","53.25","0.07","174.21","0.01","6","93","1154.21","622.59","2126.11","6845.39","1781807908014","0xec56a49dcd3ced1b7ab0924e4d158edc4ea782e17ff825d53c88e252b0a2d6ab","68.57000000","68.66000000","-13.108068744538304689775706000",""
"18","2026-06-18T18:38:27.5969142+00:00","SOL","sol-updown-5m-1781807700","2585048","2026-06-18T18:35:00.0000000+00:00","2026-06-18T18:40:00.0000000+00:00","-207.597","207.597","92.403","Down","3229234571258476502341848318045383428101862893422608253097155093276200828639","0.93","174.21","0.94","53.25","0.0099999999999999","93","6","622.59","1154.21","6845.39","2126.11","1781807908236","0xec56a49dcd3ced1b7ab0924e4d158edc4ea782e17ff825d53c88e252b0a2d6ab","68.57000000","68.66000000","-13.108068744538304689775706000",""
"18","2026-06-18T18:38:27.5969142+00:00","BTC","btc-updown-5m-1781807700","2585050","2026-06-18T18:35:00.0000000+00:00","2026-06-18T18:40:00.0000000+00:00","-207.597","207.597","92.403","Up","46402257018358606725498828349823690581856500639012482948187776046510407334125","0.15","672","0.16","794.25","0.01","15","84","1159.1","2429.62","12187.26","51310.26","1781807908464","0xfeb2801b5d1aaf991653b68c0833dc054e1289057bd055bd569e9b2c527774ef","62756.01000000","62788.01000000","-5.0965144459905641220354010000",""
"18","2026-06-18T18:38:27.5969142+00:00","BTC","btc-updown-5m-1781807700","2585050","2026-06-18T18:35:00.0000000+00:00","2026-06-18T18:40:00.0000000+00:00","-207.597","207.597","92.403","Down","35139634345922391080903425544822142400697904488413383462188748186763652240871","0.84","590.39","0.85","687.79","0.01","84","14","2741.90","1231.13","52419.36","11149.88","1781807908633","0xfeb2801b5d1aaf991653b68c0833dc054e1289057bd055bd569e9b2c527774ef","62756.01000000","62788.01000000","-5.0965144459905641220354010000",""
"18","2026-06-18T18:38:27.5969142+00:00","ETH","eth-updown-5m-1781807700","2585051","2026-06-18T18:35:00.0000000+00:00","2026-06-18T18:40:00.0000000+00:00","-207.597","207.597","92.403","Up","74461203961757261493458244738780826360022321825564372263353660790035729456590","0.07","165.68","0.08","192.71","0.01","7","92","2705.30","2133.25","5231.15","25336.60","1781807908968","0xa91660566b52c51d7b67f790922ac2cbb9c1a984530c2f1e8c638582fe5b9987","1682.45000000","1684.51000000","-12.229075517509542834414756000",""
"18","2026-06-18T18:38:27.5969142+00:00","ETH","eth-updown-5m-1781807700","2585051","2026-06-18T18:35:00.0000000+00:00","2026-06-18T18:40:00.0000000+00:00","-207.597","207.597","92.403","Down","75286087574843676929308633186286345137325290048145693264847879249489792447013","0.92","209.71","0.93","130.92","0.01","92","7","2150.25","2670.54","25348.60","5201.39","1781807909286","0xa91660566b52c51d7b67f790922ac2cbb9c1a984530c2f1e8c638582fe5b9987","1682.45000000","1684.51000000","-12.229075517509542834414756000",""
"18","2026-06-18T18:38:27.5969142+00:00","BTC","btc-updown-5m-1781808000","2585540","2026-06-18T18:40:00.0000000+00:00","2026-06-18T18:45:00.0000000+00:00","92.403","-92.403","392.403","Up","68879465934683457163131433626470896869720839796689695720987328811090538744534","0.5","261.47","0.51","538.61","0.01","50","49","1221.98","2599.77","48467.64","54233.85","1781807908710","0x37dff2886c68fce27cd0e881f9ba4b661221c1681afbb9b5ccf46d9807da43e7","62756.01000000",,,""
"18","2026-06-18T18:38:27.5969142+00:00","BTC","btc-updown-5m-1781808000","2585540","2026-06-18T18:40:00.0000000+00:00","2026-06-18T18:45:00.0000000+00:00","92.403","-92.403","392.403","Down","90994024001936624995449612087221105721743657631296606584972031902449014752715","0.49","588.61","0.5","261.47","0.01","49","50","2649.77","1221.98","54283.85","48467.64","1781807909652","0x37dff2886c68fce27cd0e881f9ba4b661221c1681afbb9b5ccf46d9807da43e7","62756.01000000",,,""
"18","2026-06-18T18:38:27.5969142+00:00","ETH","eth-updown-5m-1781808000","2585542","2026-06-18T18:40:00.0000000+00:00","2026-06-18T18:45:00.0000000+00:00","92.403","-92.403","392.403","Up","49849740713050321516107817410296468449911255652199205726679896866087747161393","0.49","1248.16","0.5","8.05","0.01","49","50","1940.21","484.70","26828.07","25744.19","1781807904738","0xc05fc868141ee0eae60f092abb7ecfb0de2dfb564074f18fefa847aadbfba555","1682.45000000",,,""
"18","2026-06-18T18:38:27.5969142+00:00","ETH","eth-updown-5m-1781808000","2585542","2026-06-18T18:40:00.0000000+00:00","2026-06-18T18:45:00.0000000+00:00","92.403","-92.403","392.403","Down","17591791386811154609095965976303693564520569177422496092498652550151428769695","0.5","8.05","0.51","1248.16","0.01","50","49","484.70","1940.21","25744.19","26828.07","1781807904738","0xc05fc868141ee0eae60f092abb7ecfb0de2dfb564074f18fefa847aadbfba555","1682.45000000",,,""
"18","2026-06-18T18:38:27.5969142+00:00","SOL","sol-updown-5m-1781808000","2585543","2026-06-18T18:40:00.0000000+00:00","2026-06-18T18:45:00.0000000+00:00","92.403","-92.403","392.403","Up","33883635556343746924049866166209953032521320774560384687032719094764384424169","0.5","35.05","0.51","10.1","0.01","50","49","302.55","350.16","14279.46","14199.51","1781807902421","0x8ea26f6fb06e218ad5a9ed6ab3e8175ea846920303fde49cb2f463f33415c44b","68.57000000",,,""
"18","2026-06-18T18:38:27.5969142+00:00","SOL","sol-updown-5m-1781808000","2585543","2026-06-18T18:40:00.0000000+00:00","2026-06-18T18:45:00.0000000+00:00","92.403","-92.403","392.403","Down","84425178885795678785795856280303190499382832162788080471884105518012716799398","0.49","10.1","0.5","35.05","0.01","49","50","350.16","302.55","14199.51","14279.46","1781807902421","0x8ea26f6fb06e218ad5a9ed6ab3e8175ea846920303fde49cb2f463f33415c44b","68.57000000",,,""
"18","2026-06-18T18:38:27.5969142+00:00","BTC","btc-updown-5m-1781808300","2585640","2026-06-18T18:45:00.0000000+00:00","2026-06-18T18:50:00.0000000+00:00","392.403","-392.403","692.403","Up","96824105467343580693139780796131495794995377592943523159760401295298802171896","0.5","1245.6","0.51","260.79","0.01","50","49","2017.18","1399.02","44936.69","43366.75","1781807887521","0x276fe565b84e6f769293da985dc3b180e0cbecbff90c2eaa0bd8dadba73ab8c8","62756.01000000",,,""
"18","2026-06-18T18:38:27.5969142+00:00","BTC","btc-updown-5m-1781808300","2585640","2026-06-18T18:45:00.0000000+00:00","2026-06-18T18:50:00.0000000+00:00","392.403","-392.403","692.403","Down","26034517743168909246241273147224929566684869610305877377037263223183270955032","0.49","260.79","0.5","1245.6","0.01","49","50","1399.02","2017.18","43366.75","44936.69","1781807887521","0x276fe565b84e6f769293da985dc3b180e0cbecbff90c2eaa0bd8dadba73ab8c8","62756.01000000",,,""
"18","2026-06-18T18:38:27.5969142+00:00","ETH","eth-updown-5m-1781808300","2585643","2026-06-18T18:45:00.0000000+00:00","2026-06-18T18:50:00.0000000+00:00","392.403","-392.403","692.403","Up","102474497961668922711347552769699220123299855671283242332791480799824046437372","0.49","10","0.52","10.07","0.03","49","48","445.28","601.41","24537.58","24472.89","1781807889138","0x840a534e31b8aa9e3be0f55d32ac4df7d6ce18a9f83dbd0d9692bff516647896","1682.45000000",,,""
"18","2026-06-18T18:38:27.5969142+00:00","ETH","eth-updown-5m-1781808300","2585643","2026-06-18T18:45:00.0000000+00:00","2026-06-18T18:50:00.0000000+00:00","392.403","-392.403","692.403","Down","33125718133241705192250673813857380107029209118508563554468406354215970429790","0.48","10.07","0.51","10","0.03","48","49","601.41","445.28","24472.89","24537.58","1781807889138","0x840a534e31b8aa9e3be0f55d32ac4df7d6ce18a9f83dbd0d9692bff516647896","1682.45000000",,,""
"18","2026-06-18T18:38:27.5969142+00:00","SOL","sol-updown-5m-1781808300","2585647","2026-06-18T18:45:00.0000000+00:00","2026-06-18T18:50:00.0000000+00:00","392.403","-392.403","692.403","Up","78180369598222530494496686105271237794359355229256172907874710701699819593202","0.48","5.07","0.52","5.07","0.04","48","48","469.26","469.26","12540.00","12540.00","1781807876913","0x1f845170ad7636d870a6fd8677ea6ba340c9ae41df2ae093d51870e11f629bb5","68.57000000",,,""
"18","2026-06-18T18:38:27.5969142+00:00","SOL","sol-updown-5m-1781808300","2585647","2026-06-18T18:45:00.0000000+00:00","2026-06-18T18:50:00.0000000+00:00","392.403","-392.403","692.403","Down","38718264108816871162926615169095462346059506567975488925103461747350867366676","0.48","5.07","0.52","5.07","0.04","48","48","469.26","469.26","12540.00","12540.00","1781807876913","0x1f845170ad7636d870a6fd8677ea6ba340c9ae41df2ae093d51870e11f629bb5","68.57000000",,,""
"19","2026-06-18T18:38:47.1434499+00:00","SOL","sol-updown-5m-1781807700","2585048","2026-06-18T18:35:00.0000000+00:00","2026-06-18T18:40:00.0000000+00:00","-227.143","227.143","72.857","Up","5718934818440668581581968206003614529786960382720153627545271500748299494477","0.03","37","0.04","127.44","0.01","3","96","1572.55","999.28","1572.55","7031.55","1781807927448","0xec56a49dcd3ced1b7ab0924e4d158edc4ea782e17ff825d53c88e252b0a2d6ab","68.56000000","68.66000000","-14.564520827264782988639674000",""
"19","2026-06-18T18:38:47.1434499+00:00","SOL","sol-updown-5m-1781807700","2585048","2026-06-18T18:35:00.0000000+00:00","2026-06-18T18:40:00.0000000+00:00","-227.143","227.143","72.857","Down","3229234571258476502341848318045383428101862893422608253097155093276200828639","0.96","127.44","0.97","37","0.01","96","3","999.28","1567.55","7006.55","1567.55","1781807927595","0xec56a49dcd3ced1b7ab0924e4d158edc4ea782e17ff825d53c88e252b0a2d6ab","68.56000000","68.66000000","-14.564520827264782988639674000",""
"19","2026-06-18T18:38:47.1434499+00:00","BTC","btc-updown-5m-1781807700","2585050","2026-06-18T18:35:00.0000000+00:00","2026-06-18T18:40:00.0000000+00:00","-227.143","227.143","72.857","Up","46402257018358606725498828349823690581856500639012482948187776046510407334125","0.06","36.88","0.07","1049.17","0.01","6","93","3581.76","6772.32","10954.49","53560.08","1781807927793","0xfeb2801b5d1aaf991653b68c0833dc054e1289057bd055bd569e9b2c527774ef","62732.40000000","62788.01000000","-8.856786510672977213324646000",""
"19","2026-06-18T18:38:47.1434499+00:00","BTC","btc-updown-5m-1781807700","2585050","2026-06-18T18:35:00.0000000+00:00","2026-06-18T18:40:00.0000000+00:00","-227.143","227.143","72.857","Down","35139634345922391080903425544822142400697904488413383462188748186763652240871","0.93","1131.42","0.94","0.27","0.0099999999999999","93","6","6897.98","4531.39","53700.74","11899.12","1781807927932","0xfeb2801b5d1aaf991653b68c0833dc054e1289057bd055bd569e9b2c527774ef","62732.40000000","62788.01000000","-8.856786510672977213324646000",""
"19","2026-06-18T18:38:47.1434499+00:00","ETH","eth-updown-5m-1781807700","2585051","2026-06-18T18:35:00.0000000+00:00","2026-06-18T18:40:00.0000000+00:00","-227.143","227.143","72.857","Up","74461203961757261493458244738780826360022321825564372263353660790035729456590","0.03","224.38","0.04","179.78","0.01","3","96","3119.98","3525.94","3119.98","28087.64","1781807928111","0xa91660566b52c51d7b67f790922ac2cbb9c1a984530c2f1e8c638582fe5b9987","1682.31000000","1684.51000000","-13.060177737146113706656535000",""
"19","2026-06-18T18:38:47.1434499+00:00","ETH","eth-updown-5m-1781807700","2585051","2026-06-18T18:35:00.0000000+00:00","2026-06-18T18:40:00.0000000+00:00","-227.143","227.143","72.857","Down","75286087574843676929308633186286345137325290048145693264847879249489792447013","0.96","254.78","0.97","224.38","0.01","96","3","3600.94","3569.98","28642.64","3569.98","1781807928332","0xa91660566b52c51d7b67f790922ac2cbb9c1a984530c2f1e8c638582fe5b9987","1682.31000000","1684.51000000","-13.060177737146113706656535000",""
"19","2026-06-18T18:38:47.1434499+00:00","BTC","btc-updown-5m-1781808000","2585540","2026-06-18T18:40:00.0000000+00:00","2026-06-18T18:45:00.0000000+00:00","72.857","-72.857","372.857","Up","68879465934683457163131433626470896869720839796689695720987328811090538744534","0.5","167.47","0.51","530.87","0.01","50","49","1118.49","2592.03","48787.91","54672.34","1781807927904","0x37dff2886c68fce27cd0e881f9ba4b661221c1681afbb9b5ccf46d9807da43e7","62732.40000000",,,""
"19","2026-06-18T18:38:47.1434499+00:00","BTC","btc-updown-5m-1781808000","2585540","2026-06-18T18:40:00.0000000+00:00","2026-06-18T18:45:00.0000000+00:00","72.857","-72.857","372.857","Down","90994024001936624995449612087221105721743657631296606584972031902449014752715","0.49","530.87","0.5","167.47","0.01","49","50","2592.03","1118.49","54672.34","48787.91","1781807927904","0x37dff2886c68fce27cd0e881f9ba4b661221c1681afbb9b5ccf46d9807da43e7","62732.40000000",,,""
"19","2026-06-18T18:38:47.1434499+00:00","ETH","eth-updown-5m-1781808000","2585542","2026-06-18T18:40:00.0000000+00:00","2026-06-18T18:45:00.0000000+00:00","72.857","-72.857","372.857","Up","49849740713050321516107817410296468449911255652199205726679896866087747161393","0.49","1248.16","0.5","8.05","0.01","49","50","1940.21","444.70","26658.07","25534.19","1781807921060","0xc05fc868141ee0eae60f092abb7ecfb0de2dfb564074f18fefa847aadbfba555","1682.31000000",,,""
"19","2026-06-18T18:38:47.1434499+00:00","ETH","eth-updown-5m-1781808000","2585542","2026-06-18T18:40:00.0000000+00:00","2026-06-18T18:45:00.0000000+00:00","72.857","-72.857","372.857","Down","17591791386811154609095965976303693564520569177422496092498652550151428769695","0.5","8.05","0.51","1248.16","0.01","50","49","444.70","1940.21","25534.19","26658.07","1781807921060","0xc05fc868141ee0eae60f092abb7ecfb0de2dfb564074f18fefa847aadbfba555","1682.31000000",,,""
"19","2026-06-18T18:38:47.1434499+00:00","SOL","sol-updown-5m-1781808000","2585543","2026-06-18T18:40:00.0000000+00:00","2026-06-18T18:45:00.0000000+00:00","72.857","-72.857","372.857","Up","33883635556343746924049866166209953032521320774560384687032719094764384424169","0.5","35.05","0.51","7.1","0.01","50","49","302.55","347.16","14254.46","14171.51","1781807926952","0x8ea26f6fb06e218ad5a9ed6ab3e8175ea846920303fde49cb2f463f33415c44b","68.56000000",,,""
"19","2026-06-18T18:38:47.1434499+00:00","SOL","sol-updown-5m-1781808000","2585543","2026-06-18T18:40:00.0000000+00:00","2026-06-18T18:45:00.0000000+00:00","72.857","-72.857","372.857","Down","84425178885795678785795856280303190499382832162788080471884105518012716799398","0.49","7.1","0.5","35.05","0.01","49","50","347.16","302.55","14171.51","14254.46","1781807926952","0x8ea26f6fb06e218ad5a9ed6ab3e8175ea846920303fde49cb2f463f33415c44b","68.56000000",,,""
"19","2026-06-18T18:38:47.1434499+00:00","BTC","btc-updown-5m-1781808300","2585640","2026-06-18T18:45:00.0000000+00:00","2026-06-18T18:50:00.0000000+00:00","372.857","-372.857","672.857","Up","96824105467343580693139780796131495794995377592943523159760401295298802171896","0.5","1245.6","0.51","260.79","0.01","50","49","2017.18","1399.02","44936.69","43366.75","1781807922018","0x276fe565b84e6f769293da985dc3b180e0cbecbff90c2eaa0bd8dadba73ab8c8","62732.40000000",,,""
"19","2026-06-18T18:38:47.1434499+00:00","BTC","btc-updown-5m-1781808300","2585640","2026-06-18T18:45:00.0000000+00:00","2026-06-18T18:50:00.0000000+00:00","372.857","-372.857","672.857","Down","26034517743168909246241273147224929566684869610305877377037263223183270955032","0.49","260.79","0.5","1245.6","0.01","49","50","1399.02","2017.18","43366.75","44936.69","1781807922018","0x276fe565b84e6f769293da985dc3b180e0cbecbff90c2eaa0bd8dadba73ab8c8","62732.40000000",,,""
"19","2026-06-18T18:38:47.1434499+00:00","ETH","eth-updown-5m-1781808300","2585643","2026-06-18T18:45:00.0000000+00:00","2026-06-18T18:50:00.0000000+00:00","372.857","-372.857","672.857","Up","102474497961668922711347552769699220123299855671283242332791480799824046437372","0.49","10","0.52","10.07","0.03","49","48","445.28","601.41","24537.58","24472.89","1781807889138","0x840a534e31b8aa9e3be0f55d32ac4df7d6ce18a9f83dbd0d9692bff516647896","1682.31000000",,,""
"19","2026-06-18T18:38:47.1434499+00:00","ETH","eth-updown-5m-1781808300","2585643","2026-06-18T18:45:00.0000000+00:00","2026-06-18T18:50:00.0000000+00:00","372.857","-372.857","672.857","Down","33125718133241705192250673813857380107029209118508563554468406354215970429790","0.48","10.07","0.51","10","0.03","48","49","601.41","445.28","24472.89","24537.58","1781807889138","0x840a534e31b8aa9e3be0f55d32ac4df7d6ce18a9f83dbd0d9692bff516647896","1682.31000000",,,""
"19","2026-06-18T18:38:47.1434499+00:00","SOL","sol-updown-5m-1781808300","2585647","2026-06-18T18:45:00.0000000+00:00","2026-06-18T18:50:00.0000000+00:00","372.857","-372.857","672.857","Up","78180369598222530494496686105271237794359355229256172907874710701699819593202","0.48","5.07","0.52","5.07","0.04","48","48","469.26","469.26","12540.00","12540.00","1781807876913","0x1f845170ad7636d870a6fd8677ea6ba340c9ae41df2ae093d51870e11f629bb5","68.56000000",,,""
"19","2026-06-18T18:38:47.1434499+00:00","SOL","sol-updown-5m-1781808300","2585647","2026-06-18T18:45:00.0000000+00:00","2026-06-18T18:50:00.0000000+00:00","372.857","-372.857","672.857","Down","38718264108816871162926615169095462346059506567975488925103461747350867366676","0.48","5.07","0.52","5.07","0.04","48","48","469.26","469.26","12540.00","12540.00","1781807876913","0x1f845170ad7636d870a6fd8677ea6ba340c9ae41df2ae093d51870e11f629bb5","68.56000000",,,""
"20","2026-06-18T18:39:06.3254890+00:00","SOL","sol-updown-5m-1781807700","2585048","2026-06-18T18:35:00.0000000+00:00","2026-06-18T18:40:00.0000000+00:00","-246.325","246.325","53.675","Up","5718934818440668581581968206003614529786960382720153627545271500748299494477","0.01","45.1","0.02","106.99","0.01",,"98","45.1","801.38","45.1","6876.74","1781807946668","0xec56a49dcd3ced1b7ab0924e4d158edc4ea782e17ff825d53c88e252b0a2d6ab","68.54000000","68.66000000","-17.477424992717739586367609000",""
"20","2026-06-18T18:39:06.3254890+00:00","SOL","sol-updown-5m-1781807700","2585048","2026-06-18T18:35:00.0000000+00:00","2026-06-18T18:40:00.0000000+00:00","-246.325","246.325","53.675","Down","3229234571258476502341848318045383428101862893422608253097155093276200828639","0.98","106.99","0.99","45.1","0.01","98",,"801.38","45.1","6876.74","45.1","1781807946787","0xec56a49dcd3ced1b7ab0924e4d158edc4ea782e17ff825d53c88e252b0a2d6ab","68.54000000","68.66000000","-17.477424992717739586367609000",""
"20","2026-06-18T18:39:06.3254890+00:00","BTC","btc-updown-5m-1781807700","2585050","2026-06-18T18:35:00.0000000+00:00","2026-06-18T18:40:00.0000000+00:00","-246.325","246.325","53.675","Up","46402257018358606725498828349823690581856500639012482948187776046510407334125","0.01","1961.57","0.02","1126.95","0.01",,"98","1961.57","3858.44","1961.57","47312.13","1781807946961","0xfeb2801b5d1aaf991653b68c0833dc054e1289057bd055bd569e9b2c527774ef","62720.08000000","62788.01000000","-10.818944572379344400308275000",""
"20","2026-06-18T18:39:06.3254890+00:00","BTC","btc-updown-5m-1781807700","2585050","2026-06-18T18:35:00.0000000+00:00","2026-06-18T18:40:00.0000000+00:00","-246.325","246.325","53.675","Down","35139634345922391080903425544822142400697904488413383462188748186763652240871","0.98","1074.43","0.99","2241.55","0.01","98",,"3471.42","2241.55","46933.50","2241.55","1781807947203","0xfeb2801b5d1aaf991653b68c0833dc054e1289057bd055bd569e9b2c527774ef","62720.08000000","62788.01000000","-10.818944572379344400308275000",""
"20","2026-06-18T18:39:06.3254890+00:00","ETH","eth-updown-5m-1781807700","2585051","2026-06-18T18:35:00.0000000+00:00","2026-06-18T18:40:00.0000000+00:00","-246.325","246.325","53.675","Up","74461203961757261493458244738780826360022321825564372263353660790035729456590",,,"0.01","183.46",,"0","99","0","1930.50","0","22611.53","1781807947335","0xa91660566b52c51d7b67f790922ac2cbb9c1a984530c2f1e8c638582fe5b9987","1682.03000000","1684.51000000","-14.722382176419255451140094000",""
"20","2026-06-18T18:39:06.3254890+00:00","ETH","eth-updown-5m-1781807700","2585051","2026-06-18T18:35:00.0000000+00:00","2026-06-18T18:40:00.0000000+00:00","-246.325","246.325","53.675","Down","75286087574843676929308633186286345137325290048145693264847879249489792447013","0.99","211.46",,,,"99","0","1958.50","0","22644.53","0","1781807947473","0xa91660566b52c51d7b67f790922ac2cbb9c1a984530c2f1e8c638582fe5b9987","1682.03000000","1684.51000000","-14.722382176419255451140094000",""
"20","2026-06-18T18:39:06.3254890+00:00","BTC","btc-updown-5m-1781808000","2585540","2026-06-18T18:40:00.0000000+00:00","2026-06-18T18:45:00.0000000+00:00","53.675","-53.675","353.675","Up","68879465934683457163131433626470896869720839796689695720987328811090538744534","0.49","40","0.5","272","0.01","49","50","2001.27","1807.25","47271.83","53201.82","1781807947673","0x37dff2886c68fce27cd0e881f9ba4b661221c1681afbb9b5ccf46d9807da43e7","62720.08000000",,,""
"20","2026-06-18T18:39:06.3254890+00:00","BTC","btc-updown-5m-1781808000","2585540","2026-06-18T18:40:00.0000000+00:00","2026-06-18T18:45:00.0000000+00:00","53.675","-53.675","353.675","Down","90994024001936624995449612087221105721743657631296606584972031902449014752715","0.5","272","0.51","40","0.01","50","49","1807.25","2001.27","53201.82","47271.83","1781807947673","0x37dff2886c68fce27cd0e881f9ba4b661221c1681afbb9b5ccf46d9807da43e7","62720.08000000",,,""
"20","2026-06-18T18:39:06.3254890+00:00","ETH","eth-updown-5m-1781808000","2585542","2026-06-18T18:40:00.0000000+00:00","2026-06-18T18:45:00.0000000+00:00","53.675","-53.675","353.675","Up","49849740713050321516107817410296468449911255652199205726679896866087747161393","0.49","1299.18","0.5","8.05","0.01","49","50","1821.17","430.20","25628.48","24445.36","1781807948000","0xc05fc868141ee0eae60f092abb7ecfb0de2dfb564074f18fefa847aadbfba555","1682.03000000",,,""
"20","2026-06-18T18:39:06.3254890+00:00","ETH","eth-updown-5m-1781808000","2585542","2026-06-18T18:40:00.0000000+00:00","2026-06-18T18:45:00.0000000+00:00","53.675","-53.675","353.675","Down","17591791386811154609095965976303693564520569177422496092498652550151428769695","0.5","8.05","0.51","1299.18","0.01","50","49","430.20","1821.17","24425.36","25628.48","1781807948690","0xc05fc868141ee0eae60f092abb7ecfb0de2dfb564074f18fefa847aadbfba555","1682.03000000",,,""
"20","2026-06-18T18:39:06.3254890+00:00","SOL","sol-updown-5m-1781808000","2585543","2026-06-18T18:40:00.0000000+00:00","2026-06-18T18:45:00.0000000+00:00","53.675","-53.675","353.675","Up","33883635556343746924049866166209953032521320774560384687032719094764384424169","0.5","35.05","0.51","7.1","0.01","50","49","364.05","324.1","13022.51","12884.56","1781807948001","0x8ea26f6fb06e218ad5a9ed6ab3e8175ea846920303fde49cb2f463f33415c44b","68.54000000",,,""
"20","2026-06-18T18:39:06.3254890+00:00","SOL","sol-updown-5m-1781808000","2585543","2026-06-18T18:40:00.0000000+00:00","2026-06-18T18:45:00.0000000+00:00","53.675","-53.675","353.675","Down","84425178885795678785795856280303190499382832162788080471884105518012716799398","0.49","7.1","0.5","35.05","0.01","49","50","324.1","364.05","12884.56","13022.51","1781807948001","0x8ea26f6fb06e218ad5a9ed6ab3e8175ea846920303fde49cb2f463f33415c44b","68.54000000",,,""
"20","2026-06-18T18:39:06.3254890+00:00","BTC","btc-updown-5m-1781808300","2585640","2026-06-18T18:45:00.0000000+00:00","2026-06-18T18:50:00.0000000+00:00","353.675","-353.675","653.675","Up","96824105467343580693139780796131495794995377592943523159760401295298802171896","0.5","1245.6","0.51","260.79","0.01","50","49","2017.18","1361.02","44926.69","43318.75","1781807947422","0x276fe565b84e6f769293da985dc3b180e0cbecbff90c2eaa0bd8dadba73ab8c8","62720.08000000",,,""
"20","2026-06-18T18:39:06.3254890+00:00","BTC","btc-updown-5m-1781808300","2585640","2026-06-18T18:45:00.0000000+00:00","2026-06-18T18:50:00.0000000+00:00","353.675","-353.675","653.675","Down","26034517743168909246241273147224929566684869610305877377037263223183270955032","0.49","260.79","0.5","1245.6","0.01","49","50","1361.02","2017.18","43318.75","44926.69","1781807947422","0x276fe565b84e6f769293da985dc3b180e0cbecbff90c2eaa0bd8dadba73ab8c8","62720.08000000",,,""
"20","2026-06-18T18:39:06.3254890+00:00","ETH","eth-updown-5m-1781808300","2585643","2026-06-18T18:45:00.0000000+00:00","2026-06-18T18:50:00.0000000+00:00","353.675","-353.675","653.675","Up","102474497961668922711347552769699220123299855671283242332791480799824046437372","0.49","1010","0.52","10.07","0.03","49","48","1445.28","601.41","25527.58","24462.89","1781807940434","0x840a534e31b8aa9e3be0f55d32ac4df7d6ce18a9f83dbd0d9692bff516647896","1682.03000000",,,""
"20","2026-06-18T18:39:06.3254890+00:00","ETH","eth-updown-5m-1781808300","2585643","2026-06-18T18:45:00.0000000+00:00","2026-06-18T18:50:00.0000000+00:00","353.675","-353.675","653.675","Down","33125718133241705192250673813857380107029209118508563554468406354215970429790","0.48","10.07","0.51","1010","0.03","48","49","601.41","1445.28","24462.89","25527.58","1781807940434","0x840a534e31b8aa9e3be0f55d32ac4df7d6ce18a9f83dbd0d9692bff516647896","1682.03000000",,,""
"20","2026-06-18T18:39:06.3254890+00:00","SOL","sol-updown-5m-1781808300","2585647","2026-06-18T18:45:00.0000000+00:00","2026-06-18T18:50:00.0000000+00:00","353.675","-353.675","653.675","Up","78180369598222530494496686105271237794359355229256172907874710701699819593202","0.48","5.07","0.52","5.07","0.04","48","48","469.26","469.26","12540.00","12540.00","1781807876913","0x1f845170ad7636d870a6fd8677ea6ba340c9ae41df2ae093d51870e11f629bb5","68.54000000",,,""
"20","2026-06-18T18:39:06.3254890+00:00","SOL","sol-updown-5m-1781808300","2585647","2026-06-18T18:45:00.0000000+00:00","2026-06-18T18:50:00.0000000+00:00","353.675","-353.675","653.675","Down","38718264108816871162926615169095462346059506567975488925103461747350867366676","0.48","5.07","0.52","5.07","0.04","48","48","469.26","469.26","12540.00","12540.00","1781807876913","0x1f845170ad7636d870a6fd8677ea6ba340c9ae41df2ae093d51870e11f629bb5","68.54000000",,,""
"21","2026-06-18T18:39:27.3197107+00:00","SOL","sol-updown-5m-1781807700","2585048","2026-06-18T18:35:00.0000000+00:00","2026-06-18T18:40:00.0000000+00:00","-267.32","267.32","32.68","Up","5718934818440668581581968206003614529786960382720153627545271500748299494477",,,"0.01","2502.81",,"0","98","0","3221.09","0","9390.21","1781807967748","0xec56a49dcd3ced1b7ab0924e4d158edc4ea782e17ff825d53c88e252b0a2d6ab","68.54000000","68.66000000","-17.477424992717739586367609000",""
"21","2026-06-18T18:39:27.3197107+00:00","SOL","sol-updown-5m-1781807700","2585048","2026-06-18T18:35:00.0000000+00:00","2026-06-18T18:40:00.0000000+00:00","-267.32","267.32","32.68","Down","3229234571258476502341848318045383428101862893422608253097155093276200828639","0.99","2502.81",,,,"98","0","3221.09","0","9423.21","0","1781807967918","0xec56a49dcd3ced1b7ab0924e4d158edc4ea782e17ff825d53c88e252b0a2d6ab","68.54000000","68.66000000","-17.477424992717739586367609000",""
"21","2026-06-18T18:39:27.3197107+00:00","BTC","btc-updown-5m-1781807700","2585050","2026-06-18T18:35:00.0000000+00:00","2026-06-18T18:40:00.0000000+00:00","-267.32","267.32","32.68","Up","46402257018358606725498828349823690581856500639012482948187776046510407334125",,,"0.01","1517.15",,"0","99","0","3607.07","0","47755.44","1781807968067","0xfeb2801b5d1aaf991653b68c0833dc054e1289057bd055bd569e9b2c527774ef","62712.05000000","62788.01000000","-12.097851166170101584681534000",""
"21","2026-06-18T18:39:27.3197107+00:00","BTC","btc-updown-5m-1781807700","2585050","2026-06-18T18:35:00.0000000+00:00","2026-06-18T18:40:00.0000000+00:00","-267.32","267.32","32.68","Down","35139634345922391080903425544822142400697904488413383462188748186763652240871","0.99","1636.15",,,,"99","0","3782.47","0","47987.44","0","1781807968309","0xfeb2801b5d1aaf991653b68c0833dc054e1289057bd055bd569e9b2c527774ef","62712.05000000","62788.01000000","-12.097851166170101584681534000",""
"21","2026-06-18T18:39:27.3197107+00:00","ETH","eth-updown-5m-1781807700","2585051","2026-06-18T18:35:00.0000000+00:00","2026-06-18T18:40:00.0000000+00:00","-267.32","267.32","32.68","Up","74461203961757261493458244738780826360022321825564372263353660790035729456590",,,"0.01","3346.6",,"0","99","0","5423.84","0","25538.41","1781807968562","0xa91660566b52c51d7b67f790922ac2cbb9c1a984530c2f1e8c638582fe5b9987","1682.19000000","1684.51000000","-13.772551068263174454292346000",""
"21","2026-06-18T18:39:27.3197107+00:00","ETH","eth-updown-5m-1781807700","2585051","2026-06-18T18:35:00.0000000+00:00","2026-06-18T18:40:00.0000000+00:00","-267.32","267.32","32.68","Down","75286087574843676929308633186286345137325290048145693264847879249489792447013","0.99","3346.6",,,,"99","0","5623.84","0","25523.41","0","1781807968753","0xa91660566b52c51d7b67f790922ac2cbb9c1a984530c2f1e8c638582fe5b9987","1682.19000000","1684.51000000","-13.772551068263174454292346000",""
"21","2026-06-18T18:39:27.3197107+00:00","BTC","btc-updown-5m-1781808000","2585540","2026-06-18T18:40:00.0000000+00:00","2026-06-18T18:45:00.0000000+00:00","32.68","-32.68","332.68","Up","68879465934683457163131433626470896869720839796689695720987328811090538744534","0.49","296.87","0.5","194.6","0.01","49","50","2660.14","1512.02","47574.10","52014.42","1781807968634","0x37dff2886c68fce27cd0e881f9ba4b661221c1681afbb9b5ccf46d9807da43e7","62712.05000000",,,""
"21","2026-06-18T18:39:27.3197107+00:00","BTC","btc-updown-5m-1781808000","2585540","2026-06-18T18:40:00.0000000+00:00","2026-06-18T18:45:00.0000000+00:00","32.68","-32.68","332.68","Down","90994024001936624995449612087221105721743657631296606584972031902449014752715","0.5","188.81","0.51","296.87","0.01","50","49","1506.23","2660.14","52013.67","47574.10","1781807969440","0x37dff2886c68fce27cd0e881f9ba4b661221c1681afbb9b5ccf46d9807da43e7","62712.05000000",,,""
"21","2026-06-18T18:39:27.3197107+00:00","ETH","eth-updown-5m-1781808000","2585542","2026-06-18T18:40:00.0000000+00:00","2026-06-18T18:45:00.0000000+00:00","32.68","-32.68","332.68","Up","49849740713050321516107817410296468449911255652199205726679896866087747161393","0.5","1020.05","0.51","47.94","0.01","50","49","1728.27","582.94","25533.64","24185.46","1781807969776","0xc05fc868141ee0eae60f092abb7ecfb0de2dfb564074f18fefa847aadbfba555","1682.19000000",,,""
"21","2026-06-18T18:39:27.3197107+00:00","ETH","eth-updown-5m-1781808000","2585542","2026-06-18T18:40:00.0000000+00:00","2026-06-18T18:45:00.0000000+00:00","32.68","-32.68","332.68","Down","17591791386811154609095965976303693564520569177422496092498652550151428769695","0.49","47.94","0.5","1049.4","0.01","49","50","582.94","1757.62","24185.46","25562.99","1781807970106","0xc05fc868141ee0eae60f092abb7ecfb0de2dfb564074f18fefa847aadbfba555","1682.19000000",,,""
"21","2026-06-18T18:39:27.3197107+00:00","SOL","sol-updown-5m-1781808000","2585543","2026-06-18T18:40:00.0000000+00:00","2026-06-18T18:45:00.0000000+00:00","32.68","-32.68","332.68","Up","33883635556343746924049866166209953032521320774560384687032719094764384424169","0.51","20","0.52","33.11","0.01","51","48","234.05","435.47","13011.91","12884.97","1781807970462","0x8ea26f6fb06e218ad5a9ed6ab3e8175ea846920303fde49cb2f463f33415c44b","68.54000000",,,""
"21","2026-06-18T18:39:27.3197107+00:00","SOL","sol-updown-5m-1781808000","2585543","2026-06-18T18:40:00.0000000+00:00","2026-06-18T18:45:00.0000000+00:00","32.68","-32.68","332.68","Down","84425178885795678785795856280303190499382832162788080471884105518012716799398","0.48","33.11","0.49","20","0.01","48","51","435.47","234.05","12884.97","13016.91","1781807970739","0x8ea26f6fb06e218ad5a9ed6ab3e8175ea846920303fde49cb2f463f33415c44b","68.54000000",,,""
"21","2026-06-18T18:39:27.3197107+00:00","BTC","btc-updown-5m-1781808300","2585640","2026-06-18T18:45:00.0000000+00:00","2026-06-18T18:50:00.0000000+00:00","332.68","-332.68","632.68","Up","96824105467343580693139780796131495794995377592943523159760401295298802171896","0.5","1235.6","0.51","260.79","0.01","50","49","2012.18","1366.02","44895.31","43297.22","1781807970860","0x276fe565b84e6f769293da985dc3b180e0cbecbff90c2eaa0bd8dadba73ab8c8","62712.05000000",,,""
"21","2026-06-18T18:39:27.3197107+00:00","BTC","btc-updown-5m-1781808300","2585640","2026-06-18T18:45:00.0000000+00:00","2026-06-18T18:50:00.0000000+00:00","332.68","-332.68","632.68","Down","26034517743168909246241273147224929566684869610305877377037263223183270955032","0.49","260.79","0.5","1235.6","0.01","49","50","1366.02","2012.18","43297.22","44895.31","1781807970860","0x276fe565b84e6f769293da985dc3b180e0cbecbff90c2eaa0bd8dadba73ab8c8","62712.05000000",,,""
"21","2026-06-18T18:39:27.3197107+00:00","ETH","eth-updown-5m-1781808300","2585643","2026-06-18T18:45:00.0000000+00:00","2026-06-18T18:50:00.0000000+00:00","332.68","-332.68","632.68","Up","102474497961668922711347552769699220123299855671283242332791480799824046437372","0.49","1010","0.52","10.07","0.03","49","48","1445.28","601.41","25527.58","24462.89","1781807940434","0x840a534e31b8aa9e3be0f55d32ac4df7d6ce18a9f83dbd0d9692bff516647896","1682.19000000",,,""
"21","2026-06-18T18:39:27.3197107+00:00","ETH","eth-updown-5m-1781808300","2585643","2026-06-18T18:45:00.0000000+00:00","2026-06-18T18:50:00.0000000+00:00","332.68","-332.68","632.68","Down","33125718133241705192250673813857380107029209118508563554468406354215970429790","0.48","10.07","0.51","1010","0.03","48","49","601.41","1445.28","24462.89","25527.58","1781807940434","0x840a534e31b8aa9e3be0f55d32ac4df7d6ce18a9f83dbd0d9692bff516647896","1682.19000000",,,""
"21","2026-06-18T18:39:27.3197107+00:00","SOL","sol-updown-5m-1781808300","2585647","2026-06-18T18:45:00.0000000+00:00","2026-06-18T18:50:00.0000000+00:00","332.68","-332.68","632.68","Up","78180369598222530494496686105271237794359355229256172907874710701699819593202","0.48","5.07","0.52","5.07","0.04","48","48","469.26","469.26","12540.00","12540.00","1781807958133","0x1f845170ad7636d870a6fd8677ea6ba340c9ae41df2ae093d51870e11f629bb5","68.54000000",,,""
"21","2026-06-18T18:39:27.3197107+00:00","SOL","sol-updown-5m-1781808300","2585647","2026-06-18T18:45:00.0000000+00:00","2026-06-18T18:50:00.0000000+00:00","332.68","-332.68","632.68","Down","38718264108816871162926615169095462346059506567975488925103461747350867366676","0.48","5.07","0.52","5.07","0.04","48","48","469.26","469.26","12540.00","12540.00","1781807958133","0x1f845170ad7636d870a6fd8677ea6ba340c9ae41df2ae093d51870e11f629bb5","68.54000000",,,""
"22","2026-06-18T18:39:49.0253265+00:00","SOL","sol-updown-5m-1781807700","2585048","2026-06-18T18:35:00.0000000+00:00","2026-06-18T18:40:00.0000000+00:00","-289.025","289.025","10.975","Up","5718934818440668581581968206003614529786960382720153627545271500748299494477",,,"0.01","4515.26",,"0","29","0","4896.21","0","7386.53","1781807989417","0xec56a49dcd3ced1b7ab0924e4d158edc4ea782e17ff825d53c88e252b0a2d6ab","68.52000000","68.66000000","-20.390329158170696184095543000",""
"22","2026-06-18T18:39:49.0253265+00:00","SOL","sol-updown-5m-1781807700","2585048","2026-06-18T18:35:00.0000000+00:00","2026-06-18T18:40:00.0000000+00:00","-289.025","289.025","10.975","Down","3229234571258476502341848318045383428101862893422608253097155093276200828639","0.99","4515.26",,,,"31","0","4896.21","0","7528.53","0","1781807989774","0xec56a49dcd3ced1b7ab0924e4d158edc4ea782e17ff825d53c88e252b0a2d6ab","68.52000000","68.66000000","-20.390329158170696184095543000",""
"22","2026-06-18T18:39:49.0253265+00:00","BTC","btc-updown-5m-1781807700","2585050","2026-06-18T18:35:00.0000000+00:00","2026-06-18T18:40:00.0000000+00:00","-289.025","289.025","10.975","Up","46402257018358606725498828349823690581856500639012482948187776046510407334125",,,"0.01","14419.16",,"0","83","0","16136.34","0","37722.73","1781807989899","0xfeb2801b5d1aaf991653b68c0833dc054e1289057bd055bd569e9b2c527774ef","62716.00000000","62788.01000000","-11.468750164243141325867789000",""
"22","2026-06-18T18:39:49.0253265+00:00","BTC","btc-updown-5m-1781807700","2585050","2026-06-18T18:35:00.0000000+00:00","2026-06-18T18:40:00.0000000+00:00","-289.025","289.025","10.975","Down","35139634345922391080903425544822142400697904488413383462188748186763652240871","0.99","14419.16",,,,"83","0","16136.34","0","37712.73","0","1781807990010","0xfeb2801b5d1aaf991653b68c0833dc054e1289057bd055bd569e9b2c527774ef","62716.00000000","62788.01000000","-11.468750164243141325867789000",""
"22","2026-06-18T18:39:49.0253265+00:00","ETH","eth-updown-5m-1781807700","2585051","2026-06-18T18:35:00.0000000+00:00","2026-06-18T18:40:00.0000000+00:00","-289.025","289.025","10.975","Up","74461203961757261493458244738780826360022321825564372263353660790035729456590",,,"0.01","13936.23",,"0","99","0","14659.42","0","22401.77","1781807990131","0xa91660566b52c51d7b67f790922ac2cbb9c1a984530c2f1e8c638582fe5b9987","1681.83000000","1684.51000000","-15.909671061614356697199779000",""
"22","2026-06-18T18:39:49.0253265+00:00","ETH","eth-updown-5m-1781807700","2585051","2026-06-18T18:35:00.0000000+00:00","2026-06-18T18:40:00.0000000+00:00","-289.025","289.025","10.975","Down","75286087574843676929308633186286345137325290048145693264847879249489792447013","0.99","13954.28",,,,"99","0","14679.47","0","22421.82","0","1781807990615","0xa91660566b52c51d7b67f790922ac2cbb9c1a984530c2f1e8c638582fe5b9987","1681.83000000","1684.51000000","-15.909671061614356697199779000",""
"22","2026-06-18T18:39:49.0253265+00:00","BTC","btc-updown-5m-1781808000","2585540","2026-06-18T18:40:00.0000000+00:00","2026-06-18T18:45:00.0000000+00:00","10.975","-10.975","310.975","Up","68879465934683457163131433626470896869720839796689695720987328811090538744534","0.49","75","0.5","343.78","0.01","49","50","2147.27","1662.76","65906.76","51092.22","1781807990766","0x37dff2886c68fce27cd0e881f9ba4b661221c1681afbb9b5ccf46d9807da43e7","62716.00000000",,,""
"22","2026-06-18T18:39:49.0253265+00:00","BTC","btc-updown-5m-1781808000","2585540","2026-06-18T18:40:00.0000000+00:00","2026-06-18T18:45:00.0000000+00:00","10.975","-10.975","310.975","Down","90994024001936624995449612087221105721743657631296606584972031902449014752715","0.5","151.88","0.51","56.68","0.01","50","49","1260.86","1958.99","50602.69","65630.85","1781807991010","0x37dff2886c68fce27cd0e881f9ba4b661221c1681afbb9b5ccf46d9807da43e7","62716.00000000",,,""
"22","2026-06-18T18:39:49.0253265+00:00","ETH","eth-updown-5m-1781808000","2585542","2026-06-18T18:40:00.0000000+00:00","2026-06-18T18:45:00.0000000+00:00","10.975","-10.975","310.975","Up","49849740713050321516107817410296468449911255652199205726679896866087747161393","0.5","1029.4","0.51","5.05","0.01","50","49","1487.62","470.20","24637.78","24087.36","1781807990982","0xc05fc868141ee0eae60f092abb7ecfb0de2dfb564074f18fefa847aadbfba555","1681.83000000",,,""
"22","2026-06-18T18:39:49.0253265+00:00","ETH","eth-updown-5m-1781808000","2585542","2026-06-18T18:40:00.0000000+00:00","2026-06-18T18:45:00.0000000+00:00","10.975","-10.975","310.975","Down","17591791386811154609095965976303693564520569177422496092498652550151428769695","0.49","5.05","0.5","1029.4","0.01","49","50","470.20","1487.62","24087.36","24637.78","1781807990982","0xc05fc868141ee0eae60f092abb7ecfb0de2dfb564074f18fefa847aadbfba555","1681.83000000",,,""
"22","2026-06-18T18:39:49.0253265+00:00","SOL","sol-updown-5m-1781808000","2585543","2026-06-18T18:40:00.0000000+00:00","2026-06-18T18:45:00.0000000+00:00","10.975","-10.975","310.975","Up","33883635556343746924049866166209953032521320774560384687032719094764384424169","0.51","5.09","0.52","35.1","0.01","50","48","199.09","367.46","12463.51","12355.18","1781807991851","0x8ea26f6fb06e218ad5a9ed6ab3e8175ea846920303fde49cb2f463f33415c44b","68.52000000",,,""
"22","2026-06-18T18:39:49.0253265+00:00","SOL","sol-updown-5m-1781808000","2585543","2026-06-18T18:40:00.0000000+00:00","2026-06-18T18:45:00.0000000+00:00","10.975","-10.975","310.975","Down","84425178885795678785795856280303190499382832162788080471884105518012716799398","0.48","35.1","0.49","5.09","0.01","48","50","367.46","199.09","12388.52","12463.51","1781807991933","0x8ea26f6fb06e218ad5a9ed6ab3e8175ea846920303fde49cb2f463f33415c44b","68.52000000",,,""
"22","2026-06-18T18:39:49.0253265+00:00","BTC","btc-updown-5m-1781808300","2585640","2026-06-18T18:45:00.0000000+00:00","2026-06-18T18:50:00.0000000+00:00","310.975","-310.975","610.975","Up","96824105467343580693139780796131495794995377592943523159760401295298802171896","0.5","1240.65","0.51","215.84","0.01","50","49","1972.23","1326.07","44930.36","43332.27","1781807991702","0x276fe565b84e6f769293da985dc3b180e0cbecbff90c2eaa0bd8dadba73ab8c8","62716.00000000",,,""
"22","2026-06-18T18:39:49.0253265+00:00","BTC","btc-updown-5m-1781808300","2585640","2026-06-18T18:45:00.0000000+00:00","2026-06-18T18:50:00.0000000+00:00","310.975","-310.975","610.975","Down","26034517743168909246241273147224929566684869610305877377037263223183270955032","0.49","215.84","0.5","1240.65","0.01","49","50","1326.07","1972.23","43332.27","44930.36","1781807991702","0x276fe565b84e6f769293da985dc3b180e0cbecbff90c2eaa0bd8dadba73ab8c8","62716.00000000",,,""
"22","2026-06-18T18:39:49.0253265+00:00","ETH","eth-updown-5m-1781808300","2585643","2026-06-18T18:45:00.0000000+00:00","2026-06-18T18:50:00.0000000+00:00","310.975","-310.975","610.975","Up","102474497961668922711347552769699220123299855671283242332791480799824046437372","0.49","1015.15","0.52","15.22","0.03","49","48","1450.43","606.56","25476.49","24426.49","1781807992003","0x840a534e31b8aa9e3be0f55d32ac4df7d6ce18a9f83dbd0d9692bff516647896","1681.83000000",,,""
"22","2026-06-18T18:39:49.0253265+00:00","ETH","eth-updown-5m-1781808300","2585643","2026-06-18T18:45:00.0000000+00:00","2026-06-18T18:50:00.0000000+00:00","310.975","-310.975","610.975","Down","33125718133241705192250673813857380107029209118508563554468406354215970429790","0.48","15.22","0.51","1015.15","0.03","48","49","606.56","1450.43","24426.49","25476.49","1781807992003","0x840a534e31b8aa9e3be0f55d32ac4df7d6ce18a9f83dbd0d9692bff516647896","1681.83000000",,,""
"22","2026-06-18T18:39:49.0253265+00:00","SOL","sol-updown-5m-1781808300","2585647","2026-06-18T18:45:00.0000000+00:00","2026-06-18T18:50:00.0000000+00:00","310.975","-310.975","610.975","Up","78180369598222530494496686105271237794359355229256172907874710701699819593202","0.48","10.27","0.52","10.27","0.04","48","48","474.46","474.46","12525.20","12525.20","1781807991247","0x1f845170ad7636d870a6fd8677ea6ba340c9ae41df2ae093d51870e11f629bb5","68.52000000",,,""
"22","2026-06-18T18:39:49.0253265+00:00","SOL","sol-updown-5m-1781808300","2585647","2026-06-18T18:45:00.0000000+00:00","2026-06-18T18:50:00.0000000+00:00","310.975","-310.975","610.975","Down","38718264108816871162926615169095462346059506567975488925103461747350867366676","0.48","10.27","0.52","10.27","0.04","48","48","474.46","474.46","12525.20","12525.20","1781807991247","0x1f845170ad7636d870a6fd8677ea6ba340c9ae41df2ae093d51870e11f629bb5","68.52000000",,,""
"23","2026-06-18T18:40:09.1647269+00:00","SOL","sol-updown-5m-1781807700","2585048","2026-06-18T18:35:00.0000000+00:00","2026-06-18T18:40:00.0000000+00:00","-309.165","309.165","-9.165","Up","5718934818440668581581968206003614529786960382720153627545271500748299494477",,,"0.01","466719.87",,"0","39","0","470843.31","0","650938.68","1781808007532","0xec56a49dcd3ced1b7ab0924e4d158edc4ea782e17ff825d53c88e252b0a2d6ab","68.56000000","68.66000000","-14.564520827264782988639674000",""
"23","2026-06-18T18:40:09.1647269+00:00","SOL","sol-updown-5m-1781807700","2585048","2026-06-18T18:35:00.0000000+00:00","2026-06-18T18:40:00.0000000+00:00","-309.165","309.165","-9.165","Down","3229234571258476502341848318045383428101862893422608253097155093276200828639","0.99","466719.87",,,,"39","0","470843.31","0","650938.68","0","1781808007532","0xec56a49dcd3ced1b7ab0924e4d158edc4ea782e17ff825d53c88e252b0a2d6ab","68.56000000","68.66000000","-14.564520827264782988639674000",""
"23","2026-06-18T18:40:09.1647269+00:00","BTC","btc-updown-5m-1781807700","2585050","2026-06-18T18:35:00.0000000+00:00","2026-06-18T18:40:00.0000000+00:00","-309.165","309.165","-9.165","Up","46402257018358606725498828349823690581856500639012482948187776046510407334125",,,"0.01","913045.99",,"0","61","0","918050.39","0","1127533.52","1781808009097","0xfeb2801b5d1aaf991653b68c0833dc054e1289057bd055bd569e9b2c527774ef","62722.91000000","62788.01000000","-10.368221576062053885765770000",""
"23","2026-06-18T18:40:09.1647269+00:00","BTC","btc-updown-5m-1781807700","2585050","2026-06-18T18:35:00.0000000+00:00","2026-06-18T18:40:00.0000000+00:00","-309.165","309.165","-9.165","Down","35139634345922391080903425544822142400697904488413383462188748186763652240871","0.99","913045.99",,,,"61","0","918050.39","0","1127533.52","0","1781808009097","0xfeb2801b5d1aaf991653b68c0833dc054e1289057bd055bd569e9b2c527774ef","62722.91000000","62788.01000000","-10.368221576062053885765770000",""
"23","2026-06-18T18:40:09.1647269+00:00","ETH","eth-updown-5m-1781807700","2585051","2026-06-18T18:35:00.0000000+00:00","2026-06-18T18:40:00.0000000+00:00","-309.165","309.165","-9.165","Up","74461203961757261493458244738780826360022321825564372263353660790035729456590",,,"0.01","549883.13",,"0","38","0","554079.72","0","736413.43","1781808007253","0xa91660566b52c51d7b67f790922ac2cbb9c1a984530c2f1e8c638582fe5b9987","1682.20000000","1684.51000000","-13.713186624003419391989362000",""
"23","2026-06-18T18:40:09.1647269+00:00","ETH","eth-updown-5m-1781807700","2585051","2026-06-18T18:35:00.0000000+00:00","2026-06-18T18:40:00.0000000+00:00","-309.165","309.165","-9.165","Down","75286087574843676929308633186286345137325290048145693264847879249489792447013","0.99","549883.13",,,,"38","0","554079.72","0","736413.43","0","1781808007253","0xa91660566b52c51d7b67f790922ac2cbb9c1a984530c2f1e8c638582fe5b9987","1682.20000000","1684.51000000","-13.713186624003419391989362000",""
"23","2026-06-18T18:40:09.1647269+00:00","BTC","btc-updown-5m-1781808000","2585540","2026-06-18T18:40:00.0000000+00:00","2026-06-18T18:45:00.0000000+00:00","-9.165","9.165","290.835","Up","68879465934683457163131433626470896869720839796689695720987328811090538744534","0.52","98.57","0.53","703.18","0.01","52","47","2252.92","3518.91","51891.82","28705.79","1781808010809","0x37dff2886c68fce27cd0e881f9ba4b661221c1681afbb9b5ccf46d9807da43e7","62722.91000000","62722.91000000","0",""
"23","2026-06-18T18:40:09.1647269+00:00","BTC","btc-updown-5m-1781808000","2585540","2026-06-18T18:40:00.0000000+00:00","2026-06-18T18:45:00.0000000+00:00","-9.165","9.165","290.835","Down","90994024001936624995449612087221105721743657631296606584972031902449014752715","0.47","926.94","0.48","84.57","0.01","47","52","3781.77","2052.99","28843.65","51237.24","1781808011049","0x37dff2886c68fce27cd0e881f9ba4b661221c1681afbb9b5ccf46d9807da43e7","62722.91000000","62722.91000000","0",""
"23","2026-06-18T18:40:09.1647269+00:00","ETH","eth-updown-5m-1781808000","2585542","2026-06-18T18:40:00.0000000+00:00","2026-06-18T18:45:00.0000000+00:00","-9.165","9.165","290.835","Up","49849740713050321516107817410296468449911255652199205726679896866087747161393","0.49","290.63","0.5","63.44","0.01","49","50","973.53","964.51","8739.80","9212.42","1781808011319","0xc05fc868141ee0eae60f092abb7ecfb0de2dfb564074f18fefa847aadbfba555","1682.20000000","1682.20000000","0",""
"23","2026-06-18T18:40:09.1647269+00:00","ETH","eth-updown-5m-1781808000","2585542","2026-06-18T18:40:00.0000000+00:00","2026-06-18T18:45:00.0000000+00:00","-9.165","9.165","290.835","Down","17591791386811154609095965976303693564520569177422496092498652550151428769695","0.5","63.44","0.51","278.17","0.01","50","49","984.51","1030.07","9237.42","8828.34","1781808011505","0xc05fc868141ee0eae60f092abb7ecfb0de2dfb564074f18fefa847aadbfba555","1682.20000000","1682.20000000","0",""
"23","2026-06-18T18:40:09.1647269+00:00","SOL","sol-updown-5m-1781808000","2585543","2026-06-18T18:40:00.0000000+00:00","2026-06-18T18:45:00.0000000+00:00","-9.165","9.165","290.835","Up","33883635556343746924049866166209953032521320774560384687032719094764384424169","0.54","16.2","0.55","101.8","0.01","54","45","231.92","322.64","3209.38","3013.12","1781808011646","0x8ea26f6fb06e218ad5a9ed6ab3e8175ea846920303fde49cb2f463f33415c44b","68.56000000","68.56000000","0",""
"23","2026-06-18T18:40:09.1647269+00:00","SOL","sol-updown-5m-1781808000","2585543","2026-06-18T18:40:00.0000000+00:00","2026-06-18T18:45:00.0000000+00:00","-9.165","9.165","290.835","Down","84425178885795678785795856280303190499382832162788080471884105518012716799398","0.45","6","0.46","114.81","0.01","45","54","131.84","411.85","2810.96","3373.98","1781808011848","0x8ea26f6fb06e218ad5a9ed6ab3e8175ea846920303fde49cb2f463f33415c44b","68.56000000","68.56000000","0",""
"23","2026-06-18T18:40:09.1647269+00:00","BTC","btc-updown-5m-1781808300","2585640","2026-06-18T18:45:00.0000000+00:00","2026-06-18T18:50:00.0000000+00:00","290.835","-290.835","590.835","Up","96824105467343580693139780796131495794995377592943523159760401295298802171896","0.5","1397.85","0.51","540.87","0.01","50","49","2190.43","3278.10","43361.91","41887.80","1781808011578","0x276fe565b84e6f769293da985dc3b180e0cbecbff90c2eaa0bd8dadba73ab8c8","62722.91000000",,,""
"23","2026-06-18T18:40:09.1647269+00:00","BTC","btc-updown-5m-1781808300","2585640","2026-06-18T18:45:00.0000000+00:00","2026-06-18T18:50:00.0000000+00:00","290.835","-290.835","590.835","Down","26034517743168909246241273147224929566684869610305877377037263223183270955032","0.49","540.87","0.5","1397.85","0.01","49","50","3278.10","2190.43","41887.80","43361.91","1781808011578","0x276fe565b84e6f769293da985dc3b180e0cbecbff90c2eaa0bd8dadba73ab8c8","62722.91000000",,,""
"23","2026-06-18T18:40:09.1647269+00:00","ETH","eth-updown-5m-1781808300","2585643","2026-06-18T18:45:00.0000000+00:00","2026-06-18T18:50:00.0000000+00:00","290.835","-290.835","590.835","Up","102474497961668922711347552769699220123299855671283242332791480799824046437372","0.5","1010.15","0.51","80.05","0.01","50","49","1464.87","621.25","24840.51","23786.33","1781808011575","0x840a534e31b8aa9e3be0f55d32ac4df7d6ce18a9f83dbd0d9692bff516647896","1682.20000000",,,""
"23","2026-06-18T18:40:09.1647269+00:00","ETH","eth-updown-5m-1781808300","2585643","2026-06-18T18:45:00.0000000+00:00","2026-06-18T18:50:00.0000000+00:00","290.835","-290.835","590.835","Down","33125718133241705192250673813857380107029209118508563554468406354215970429790","0.49","80.05","0.5","1010.15","0.01","49","50","461.25","1464.87","23626.33","24720.51","1781808012635","0x840a534e31b8aa9e3be0f55d32ac4df7d6ce18a9f83dbd0d9692bff516647896","1682.20000000",,,""
"23","2026-06-18T18:40:09.1647269+00:00","SOL","sol-updown-5m-1781808300","2585647","2026-06-18T18:45:00.0000000+00:00","2026-06-18T18:50:00.0000000+00:00","290.835","-290.835","590.835","Up","78180369598222530494496686105271237794359355229256172907874710701699819593202","0.5","35.1","0.52","40.27","0.02","50","48","293.67","514.46","11285.10","11280.20","1781808011682","0x1f845170ad7636d870a6fd8677ea6ba340c9ae41df2ae093d51870e11f629bb5","68.56000000",,,""
"23","2026-06-18T18:40:09.1647269+00:00","SOL","sol-updown-5m-1781808300","2585647","2026-06-18T18:45:00.0000000+00:00","2026-06-18T18:50:00.0000000+00:00","290.835","-290.835","590.835","Down","38718264108816871162926615169095462346059506567975488925103461747350867366676","0.48","70.27","0.5","35.1","0.02","48","50","592.46","362.67","11358.20","11402.10","1781808012982","0x1f845170ad7636d870a6fd8677ea6ba340c9ae41df2ae093d51870e11f629bb5","68.56000000",,,""
"24","2026-06-18T18:40:28.6915788+00:00","SOL","sol-updown-5m-1781807700","2585048","2026-06-18T18:35:00.0000000+00:00","2026-06-18T18:40:00.0000000+00:00","-328.692","328.692","-28.692","Up","5718934818440668581581968206003614529786960382720153627545271500748299494477",,,"0.01","462058.82",,"0","39","0","466182.26","0","646277.63","1781808022457","0xec56a49dcd3ced1b7ab0924e4d158edc4ea782e17ff825d53c88e252b0a2d6ab","68.59000000","68.66000000","-10.195164579085348092047772000",""
"24","2026-06-18T18:40:28.6915788+00:00","SOL","sol-updown-5m-1781807700","2585048","2026-06-18T18:35:00.0000000+00:00","2026-06-18T18:40:00.0000000+00:00","-328.692","328.692","-28.692","Down","3229234571258476502341848318045383428101862893422608253097155093276200828639","0.99","462058.82",,,,"39","0","466182.26","0","646277.63","0","1781808022457","0xec56a49dcd3ced1b7ab0924e4d158edc4ea782e17ff825d53c88e252b0a2d6ab","68.59000000","68.66000000","-10.195164579085348092047772000",""
"24","2026-06-18T18:40:28.6915788+00:00","BTC","btc-updown-5m-1781807700","2585050","2026-06-18T18:35:00.0000000+00:00","2026-06-18T18:40:00.0000000+00:00","-328.692","328.692","-28.692","Up","46402257018358606725498828349823690581856500639012482948187776046510407334125",,,"0.01","907442.93",,"0","61","0","912442.18","0","1121925.31","1781808024453","0xfeb2801b5d1aaf991653b68c0833dc054e1289057bd055bd569e9b2c527774ef","62729.49000000","62788.01000000","-9.320250793105244138172240000",""
"24","2026-06-18T18:40:28.6915788+00:00","BTC","btc-updown-5m-1781807700","2585050","2026-06-18T18:35:00.0000000+00:00","2026-06-18T18:40:00.0000000+00:00","-328.692","328.692","-28.692","Down","35139634345922391080903425544822142400697904488413383462188748186763652240871","0.99","907442.93",,,,"61","0","912442.18","0","1121925.31","0","1781808024453","0xfeb2801b5d1aaf991653b68c0833dc054e1289057bd055bd569e9b2c527774ef","62729.49000000","62788.01000000","-9.320250793105244138172240000",""
"24","2026-06-18T18:40:28.6915788+00:00","ETH","eth-updown-5m-1781807700","2585051","2026-06-18T18:35:00.0000000+00:00","2026-06-18T18:40:00.0000000+00:00","-328.692","328.692","-28.692","Up","74461203961757261493458244738780826360022321825564372263353660790035729456590",,,"0.01","545068.81",,"0","38","0","549255.21","0","731588.92","1781808017454","0xa91660566b52c51d7b67f790922ac2cbb9c1a984530c2f1e8c638582fe5b9987","1682.86000000","1684.51000000","-9.795133302859585279992401000",""
"24","2026-06-18T18:40:28.6915788+00:00","ETH","eth-updown-5m-1781807700","2585051","2026-06-18T18:35:00.0000000+00:00","2026-06-18T18:40:00.0000000+00:00","-328.692","328.692","-28.692","Down","75286087574843676929308633186286345137325290048145693264847879249489792447013","0.99","545068.81",,,,"38","0","549255.21","0","731588.92","0","1781808017454","0xa91660566b52c51d7b67f790922ac2cbb9c1a984530c2f1e8c638582fe5b9987","1682.86000000","1684.51000000","-9.795133302859585279992401000",""
"24","2026-06-18T18:40:28.6915788+00:00","BTC","btc-updown-5m-1781808000","2585540","2026-06-18T18:40:00.0000000+00:00","2026-06-18T18:45:00.0000000+00:00","-28.692","28.692","271.308","Up","68879465934683457163131433626470896869720839796689695720987328811090538744534","0.53","1623.65","0.54","30.91","0.01","53","46","4586.48","2499.44","59381.51","37146.43","1781808030119","0x37dff2886c68fce27cd0e881f9ba4b661221c1681afbb9b5ccf46d9807da43e7","62729.49000000","62722.91000000","1.0490584700231542190883680000",""
"24","2026-06-18T18:40:28.6915788+00:00","BTC","btc-updown-5m-1781808000","2585540","2026-06-18T18:40:00.0000000+00:00","2026-06-18T18:45:00.0000000+00:00","-28.692","28.692","271.308","Down","90994024001936624995449612087221105721743657631296606584972031902449014752715","0.46","15.91","0.47","1503.54","0.00999999999999995","46","53","2537.81","4458.37","37147.20","58360.40","1781808030327","0x37dff2886c68fce27cd0e881f9ba4b661221c1681afbb9b5ccf46d9807da43e7","62729.49000000","62722.91000000","1.0490584700231542190883680000",""
"24","2026-06-18T18:40:28.6915788+00:00","ETH","eth-updown-5m-1781808000","2585542","2026-06-18T18:40:00.0000000+00:00","2026-06-18T18:45:00.0000000+00:00","-28.692","28.692","271.308","Up","49849740713050321516107817410296468449911255652199205726679896866087747161393","0.59","66.35","0.6","193.37","0.01","59","40","1269.79","1215.52","14776.96","14167.56","1781808030473","0xc05fc868141ee0eae60f092abb7ecfb0de2dfb564074f18fefa847aadbfba555","1682.86000000","1682.20000000","3.9234335988586374985138510000",""
"24","2026-06-18T18:40:28.6915788+00:00","ETH","eth-updown-5m-1781808000","2585542","2026-06-18T18:40:00.0000000+00:00","2026-06-18T18:45:00.0000000+00:00","-28.692","28.692","271.308","Down","17591791386811154609095965976303693564520569177422496092498652550151428769695","0.4","168.43","0.41","71.35","0.00999999999999995","40","59","1196.88","1274.79","14168.92","14781.96","1781808030635","0xc05fc868141ee0eae60f092abb7ecfb0de2dfb564074f18fefa847aadbfba555","1682.86000000","1682.20000000","3.9234335988586374985138510000",""
"24","2026-06-18T18:40:28.6915788+00:00","SOL","sol-updown-5m-1781808000","2585543","2026-06-18T18:40:00.0000000+00:00","2026-06-18T18:45:00.0000000+00:00","-28.692","28.692","271.308","Up","33883635556343746924049866166209953032521320774560384687032719094764384424169","0.64","147","0.65","12","0.01","64","35","567.76","323.44","5015.73","5754.95","1781808030752","0x8ea26f6fb06e218ad5a9ed6ab3e8175ea846920303fde49cb2f463f33415c44b","68.59000000","68.56000000","4.3757292882147024504084010000",""
"24","2026-06-18T18:40:28.6915788+00:00","SOL","sol-updown-5m-1781808000","2585543","2026-06-18T18:40:00.0000000+00:00","2026-06-18T18:45:00.0000000+00:00","-28.692","28.692","271.308","Down","84425178885795678785795856280303190499382832162788080471884105518012716799398","0.35","12","0.36","147","0.01","35","64","323.44","567.76","5759.95","5015.73","1781808030916","0x8ea26f6fb06e218ad5a9ed6ab3e8175ea846920303fde49cb2f463f33415c44b","68.59000000","68.56000000","4.3757292882147024504084010000",""
"24","2026-06-18T18:40:28.6915788+00:00","BTC","btc-updown-5m-1781808300","2585640","2026-06-18T18:45:00.0000000+00:00","2026-06-18T18:50:00.0000000+00:00","271.308","-271.308","571.308","Up","96824105467343580693139780796131495794995377592943523159760401295298802171896","0.5","1318.85","0.51","611.94","0.01","50","49","2255.43","3501.17","44114.99","47850.95","1781808027154","0x276fe565b84e6f769293da985dc3b180e0cbecbff90c2eaa0bd8dadba73ab8c8","62729.49000000",,,""
"24","2026-06-18T18:40:28.6915788+00:00","BTC","btc-updown-5m-1781808300","2585640","2026-06-18T18:45:00.0000000+00:00","2026-06-18T18:50:00.0000000+00:00","271.308","-271.308","571.308","Down","26034517743168909246241273147224929566684869610305877377037263223183270955032","0.49","371.94","0.5","1318.85","0.01","49","50","1821.17","2255.43","46170.95","42674.99","1781808031212","0x276fe565b84e6f769293da985dc3b180e0cbecbff90c2eaa0bd8dadba73ab8c8","62729.49000000",,,""
"24","2026-06-18T18:40:28.6915788+00:00","ETH","eth-updown-5m-1781808300","2585643","2026-06-18T18:45:00.0000000+00:00","2026-06-18T18:50:00.0000000+00:00","271.308","-271.308","571.308","Up","102474497961668922711347552769699220123299855671283242332791480799824046437372","0.5","1015.15","0.51","80.05","0.01","50","49","1538.87","738.25","25330.24","24271.06","1781808027623","0x840a534e31b8aa9e3be0f55d32ac4df7d6ce18a9f83dbd0d9692bff516647896","1682.86000000",,,""
"24","2026-06-18T18:40:28.6915788+00:00","ETH","eth-updown-5m-1781808300","2585643","2026-06-18T18:45:00.0000000+00:00","2026-06-18T18:50:00.0000000+00:00","271.308","-271.308","571.308","Down","33125718133241705192250673813857380107029209118508563554468406354215970429790","0.49","80.05","0.5","1015.15","0.01","49","50","738.25","1538.87","24271.06","25330.24","1781808027623","0x840a534e31b8aa9e3be0f55d32ac4df7d6ce18a9f83dbd0d9692bff516647896","1682.86000000",,,""
"24","2026-06-18T18:40:28.6915788+00:00","SOL","sol-updown-5m-1781808300","2585647","2026-06-18T18:45:00.0000000+00:00","2026-06-18T18:50:00.0000000+00:00","271.308","-271.308","571.308","Up","78180369598222530494496686105271237794359355229256172907874710701699819593202","0.5","35.1","0.52","70.27","0.02","50","48","362.67","631.46","11564.19","11564.29","1781808029313","0x1f845170ad7636d870a6fd8677ea6ba340c9ae41df2ae093d51870e11f629bb5","68.59000000",,,""
"24","2026-06-18T18:40:28.6915788+00:00","SOL","sol-updown-5m-1781808300","2585647","2026-06-18T18:45:00.0000000+00:00","2026-06-18T18:50:00.0000000+00:00","271.308","-271.308","571.308","Down","38718264108816871162926615169095462346059506567975488925103461747350867366676","0.48","70.27","0.5","35.1","0.02","48","50","631.46","362.67","11564.29","11564.19","1781808029313","0x1f845170ad7636d870a6fd8677ea6ba340c9ae41df2ae093d51870e11f629bb5","68.59000000",,,""
"25","2026-06-18T18:40:47.7134500+00:00","SOL","sol-updown-5m-1781807700","2585048","2026-06-18T18:35:00.0000000+00:00","2026-06-18T18:40:00.0000000+00:00","-347.713","347.713","-47.713","Up","5718934818440668581581968206003614529786960382720153627545271500748299494477",,,"0.01","461947.92",,"0","39","0","466071.36","0","646161.73","1781808045007","0xec56a49dcd3ced1b7ab0924e4d158edc4ea782e17ff825d53c88e252b0a2d6ab","68.61000000","68.66000000","-7.2822604136323914943198370000",""
"25","2026-06-18T18:40:47.7134500+00:00","SOL","sol-updown-5m-1781807700","2585048","2026-06-18T18:35:00.0000000+00:00","2026-06-18T18:40:00.0000000+00:00","-347.713","347.713","-47.713","Down","3229234571258476502341848318045383428101862893422608253097155093276200828639","0.99","461947.92",,,,"39","0","466071.36","0","646161.73","0","1781808045007","0xec56a49dcd3ced1b7ab0924e4d158edc4ea782e17ff825d53c88e252b0a2d6ab","68.61000000","68.66000000","-7.2822604136323914943198370000",""
"25","2026-06-18T18:40:47.7134500+00:00","BTC","btc-updown-5m-1781807700","2585050","2026-06-18T18:35:00.0000000+00:00","2026-06-18T18:40:00.0000000+00:00","-347.713","347.713","-47.713","Up","46402257018358606725498828349823690581856500639012482948187776046510407334125",,,"0.01","907123.63",,"0","61","0","912122.88","0","1121201.01","1781808047241","0xfeb2801b5d1aaf991653b68c0833dc054e1289057bd055bd569e9b2c527774ef","62725.23000000","62788.01000000","-9.998724278727737986918203000",""
"25","2026-06-18T18:40:47.7134500+00:00","BTC","btc-updown-5m-1781807700","2585050","2026-06-18T18:35:00.0000000+00:00","2026-06-18T18:40:00.0000000+00:00","-347.713","347.713","-47.713","Down","35139634345922391080903425544822142400697904488413383462188748186763652240871","0.99","907123.63",,,,"61","0","912122.88","0","1121201.01","0","1781808047241","0xfeb2801b5d1aaf991653b68c0833dc054e1289057bd055bd569e9b2c527774ef","62725.23000000","62788.01000000","-9.998724278727737986918203000",""
"25","2026-06-18T18:40:47.7134500+00:00","ETH","eth-updown-5m-1781807700","2585051","2026-06-18T18:35:00.0000000+00:00","2026-06-18T18:40:00.0000000+00:00","-347.713","347.713","-47.713","Up","74461203961757261493458244738780826360022321825564372263353660790035729456590",,,"0.01","544957.91",,"0","38","0","549144.31","0","731478.02","1781808035685","0xa91660566b52c51d7b67f790922ac2cbb9c1a984530c2f1e8c638582fe5b9987","1683.17000000","1684.51000000","-7.954835530807178348599890000",""
"25","2026-06-18T18:40:47.7134500+00:00","ETH","eth-updown-5m-1781807700","2585051","2026-06-18T18:35:00.0000000+00:00","2026-06-18T18:40:00.0000000+00:00","-347.713","347.713","-47.713","Down","75286087574843676929308633186286345137325290048145693264847879249489792447013","0.99","544957.91",,,,"38","0","549144.31","0","731478.02","0","1781808035685","0xa91660566b52c51d7b67f790922ac2cbb9c1a984530c2f1e8c638582fe5b9987","1683.17000000","1684.51000000","-7.954835530807178348599890000",""
"25","2026-06-18T18:40:47.7134500+00:00","BTC","btc-updown-5m-1781808000","2585540","2026-06-18T18:40:00.0000000+00:00","2026-06-18T18:45:00.0000000+00:00","-47.713","47.713","252.287","Up","68879465934683457163131433626470896869720839796689695720987328811090538744534","0.53","96.72","0.54","987.38","0.01","53","46","1727.17","6513.98","54923.95","40000.25","1781808048887","0x37dff2886c68fce27cd0e881f9ba4b661221c1681afbb9b5ccf46d9807da43e7","62725.23000000","62722.91000000","0.369880797941294496699850000",""
"25","2026-06-18T18:40:47.7134500+00:00","BTC","btc-updown-5m-1781808000","2585540","2026-06-18T18:40:00.0000000+00:00","2026-06-18T18:45:00.0000000+00:00","-47.713","47.713","252.287","Down","90994024001936624995449612087221105721743657631296606584972031902449014752715","0.47","100","0.48","393.81","0.01","47","52","5818.80","2225.15","40814.71","55245.73","1781808048985","0x37dff2886c68fce27cd0e881f9ba4b661221c1681afbb9b5ccf46d9807da43e7","62725.23000000","62722.91000000","0.369880797941294496699850000",""
"25","2026-06-18T18:40:47.7134500+00:00","ETH","eth-updown-5m-1781808000","2585542","2026-06-18T18:40:00.0000000+00:00","2026-06-18T18:45:00.0000000+00:00","-47.713","47.713","252.287","Up","49849740713050321516107817410296468449911255652199205726679896866087747161393","0.63","15","0.64","349.83","0.01","63","36","790.75","1840.92","16137.83","15425.75","1781808049112","0xc05fc868141ee0eae60f092abb7ecfb0de2dfb564074f18fefa847aadbfba555","1683.17000000","1682.20000000","5.7662584710498157175127810000",""
"25","2026-06-18T18:40:47.7134500+00:00","ETH","eth-updown-5m-1781808000","2585542","2026-06-18T18:40:00.0000000+00:00","2026-06-18T18:45:00.0000000+00:00","-47.713","47.713","252.287","Down","17591791386811154609095965976303693564520569177422496092498652550151428769695","0.36","162.83","0.37","145.94","0.01","36","63","1395.32","1087.86","15104.52","16234.12","1781808049366","0xc05fc868141ee0eae60f092abb7ecfb0de2dfb564074f18fefa847aadbfba555","1683.17000000","1682.20000000","5.7662584710498157175127810000",""
"25","2026-06-18T18:40:47.7134500+00:00","SOL","sol-updown-5m-1781808000","2585543","2026-06-18T18:40:00.0000000+00:00","2026-06-18T18:45:00.0000000+00:00","-47.713","47.713","252.287","Up","33883635556343746924049866166209953032521320774560384687032719094764384424169","0.7","146.05","0.71","50","0.01","70","29","525.42","270.54","5677.20","4021.55","1781808049511","0x8ea26f6fb06e218ad5a9ed6ab3e8175ea846920303fde49cb2f463f33415c44b","68.61000000","68.56000000","7.2928821470245040840140020000",""
"25","2026-06-18T18:40:47.7134500+00:00","SOL","sol-updown-5m-1781808000","2585543","2026-06-18T18:40:00.0000000+00:00","2026-06-18T18:45:00.0000000+00:00","-47.713","47.713","252.287","Down","84425178885795678785795856280303190499382832162788080471884105518012716799398","0.29","48.39","0.3","162.85","0.01","29","70","338.21","522.22","4123.42","5669.00","1781808049608","0x8ea26f6fb06e218ad5a9ed6ab3e8175ea846920303fde49cb2f463f33415c44b","68.61000000","68.56000000","7.2928821470245040840140020000",""
"25","2026-06-18T18:40:47.7134500+00:00","BTC","btc-updown-5m-1781808300","2585640","2026-06-18T18:45:00.0000000+00:00","2026-06-18T18:50:00.0000000+00:00","252.287","-252.287","552.287","Up","96824105467343580693139780796131495794995377592943523159760401295298802171896","0.5","1318.85","0.51","371.94","0.01","50","49","2735.43","2781.17","44119.99","47850.95","1781808048170","0x276fe565b84e6f769293da985dc3b180e0cbecbff90c2eaa0bd8dadba73ab8c8","62725.23000000",,,""
"25","2026-06-18T18:40:47.7134500+00:00","BTC","btc-updown-5m-1781808300","2585640","2026-06-18T18:45:00.0000000+00:00","2026-06-18T18:50:00.0000000+00:00","252.287","-252.287","552.287","Down","26034517743168909246241273147224929566684869610305877377037263223183270955032","0.49","371.94","0.5","1318.85","0.01","49","50","2781.17","2735.43","47850.95","44119.99","1781808048170","0x276fe565b84e6f769293da985dc3b180e0cbecbff90c2eaa0bd8dadba73ab8c8","62725.23000000",,,""
"25","2026-06-18T18:40:47.7134500+00:00","ETH","eth-updown-5m-1781808300","2585643","2026-06-18T18:45:00.0000000+00:00","2026-06-18T18:50:00.0000000+00:00","252.287","-252.287","552.287","Up","102474497961668922711347552769699220123299855671283242332791480799824046437372","0.5","1015.15","0.51","80.05","0.01","50","49","1538.87","618.25","25210.24","24297.59","1781808049595","0x840a534e31b8aa9e3be0f55d32ac4df7d6ce18a9f83dbd0d9692bff516647896","1683.17000000",,,""
"25","2026-06-18T18:40:47.7134500+00:00","ETH","eth-updown-5m-1781808300","2585643","2026-06-18T18:45:00.0000000+00:00","2026-06-18T18:50:00.0000000+00:00","252.287","-252.287","552.287","Down","33125718133241705192250673813857380107029209118508563554468406354215970429790","0.49","80.05","0.5","1015.15","0.01","49","50","618.25","1538.87","24177.59","25210.24","1781808049595","0x840a534e31b8aa9e3be0f55d32ac4df7d6ce18a9f83dbd0d9692bff516647896","1683.17000000",,,""
"25","2026-06-18T18:40:47.7134500+00:00","SOL","sol-updown-5m-1781808300","2585647","2026-06-18T18:45:00.0000000+00:00","2026-06-18T18:50:00.0000000+00:00","252.287","-252.287","552.287","Up","78180369598222530494496686105271237794359355229256172907874710701699819593202","0.5","35.1","0.52","70.27","0.02","50","48","362.67","511.46","11590.43","11590.82","1781808037193","0x1f845170ad7636d870a6fd8677ea6ba340c9ae41df2ae093d51870e11f629bb5","68.61000000",,,""
"25","2026-06-18T18:40:47.7134500+00:00","SOL","sol-updown-5m-1781808300","2585647","2026-06-18T18:45:00.0000000+00:00","2026-06-18T18:50:00.0000000+00:00","252.287","-252.287","552.287","Down","38718264108816871162926615169095462346059506567975488925103461747350867366676","0.48","70.27","0.5","35.1","0.02","48","50","511.46","362.67","11590.82","11590.43","1781808037193","0x1f845170ad7636d870a6fd8677ea6ba340c9ae41df2ae093d51870e11f629bb5","68.61000000",,,""
"26","2026-06-18T18:41:06.5046147+00:00","SOL","sol-updown-5m-1781807700","2585048","2026-06-18T18:35:00.0000000+00:00","2026-06-18T18:40:00.0000000+00:00","-366.505","366.505","-66.505","Up","5718934818440668581581968206003614529786960382720153627545271500748299494477",,,"0.01","461927.92",,"0","38","0","466051.36","0","646136.73","1781808060377","0xec56a49dcd3ced1b7ab0924e4d158edc4ea782e17ff825d53c88e252b0a2d6ab","68.61000000","68.66000000","-7.2822604136323914943198370000",""
"26","2026-06-18T18:41:06.5046147+00:00","SOL","sol-updown-5m-1781807700","2585048","2026-06-18T18:35:00.0000000+00:00","2026-06-18T18:40:00.0000000+00:00","-366.505","366.505","-66.505","Down","3229234571258476502341848318045383428101862893422608253097155093276200828639","0.99","461927.92",,,,"38","0","466051.36","0","646136.73","0","1781808060377","0xec56a49dcd3ced1b7ab0924e4d158edc4ea782e17ff825d53c88e252b0a2d6ab","68.61000000","68.66000000","-7.2822604136323914943198370000",""
"26","2026-06-18T18:41:06.5046147+00:00","BTC","btc-updown-5m-1781807700","2585050","2026-06-18T18:35:00.0000000+00:00","2026-06-18T18:40:00.0000000+00:00","-366.505","366.505","-66.505","Up","46402257018358606725498828349823690581856500639012482948187776046510407334125",,,"0.01","906435.22",,"0","61","0","911414.47","0","1120497.60","1781808065069","0xfeb2801b5d1aaf991653b68c0833dc054e1289057bd055bd569e9b2c527774ef","62718.56000000","62788.01000000","-11.061029008563896196104957000",""
"26","2026-06-18T18:41:06.5046147+00:00","BTC","btc-updown-5m-1781807700","2585050","2026-06-18T18:35:00.0000000+00:00","2026-06-18T18:40:00.0000000+00:00","-366.505","366.505","-66.505","Down","35139634345922391080903425544822142400697904488413383462188748186763652240871","0.99","906435.22",,,,"61","0","911414.47","0","1120497.60","0","1781808065069","0xfeb2801b5d1aaf991653b68c0833dc054e1289057bd055bd569e9b2c527774ef","62718.56000000","62788.01000000","-11.061029008563896196104957000",""
"26","2026-06-18T18:41:06.5046147+00:00","ETH","eth-updown-5m-1781807700","2585051","2026-06-18T18:35:00.0000000+00:00","2026-06-18T18:40:00.0000000+00:00","-366.505","366.505","-66.505","Up","74461203961757261493458244738780826360022321825564372263353660790035729456590",,,"0.01","544696.41",,"0","38","0","548882.81","0","731216.52","1781808066962","0xa91660566b52c51d7b67f790922ac2cbb9c1a984530c2f1e8c638582fe5b9987","1683.25000000","1684.51000000","-7.4799199767291378501760160000",""
"26","2026-06-18T18:41:06.5046147+00:00","ETH","eth-updown-5m-1781807700","2585051","2026-06-18T18:35:00.0000000+00:00","2026-06-18T18:40:00.0000000+00:00","-366.505","366.505","-66.505","Down","75286087574843676929308633186286345137325290048145693264847879249489792447013","0.99","543876.41",,,,"38","0","548062.81","0","730396.52","0","1781808067649","0xa91660566b52c51d7b67f790922ac2cbb9c1a984530c2f1e8c638582fe5b9987","1683.25000000","1684.51000000","-7.4799199767291378501760160000",""
"26","2026-06-18T18:41:06.5046147+00:00","BTC","btc-updown-5m-1781808000","2585540","2026-06-18T18:40:00.0000000+00:00","2026-06-18T18:45:00.0000000+00:00","-66.505","66.505","233.495","Up","68879465934683457163131433626470896869720839796689695720987328811090538744534","0.47","217.55","0.48","1145.16","0.01","47","52","1372.66","5863.22","61718.87","49044.90","1781808067850","0x37dff2886c68fce27cd0e881f9ba4b661221c1681afbb9b5ccf46d9807da43e7","62718.56000000","62722.91000000","-0.6935264961399271813122190000",""
"26","2026-06-18T18:41:06.5046147+00:00","BTC","btc-updown-5m-1781808000","2585540","2026-06-18T18:40:00.0000000+00:00","2026-06-18T18:45:00.0000000+00:00","-66.505","66.505","233.495","Down","90994024001936624995449612087221105721743657631296606584972031902449014752715","0.52","1121.52","0.53","217.55","0.01","52","47","6116.86","1383.26","49328.54","62136.47","1781808068085","0x37dff2886c68fce27cd0e881f9ba4b661221c1681afbb9b5ccf46d9807da43e7","62718.56000000","62722.91000000","-0.6935264961399271813122190000",""
"26","2026-06-18T18:41:06.5046147+00:00","ETH","eth-updown-5m-1781808000","2585542","2026-06-18T18:40:00.0000000+00:00","2026-06-18T18:45:00.0000000+00:00","-66.505","66.505","233.495","Up","49849740713050321516107817410296468449911255652199205726679896866087747161393","0.65","178.09","0.66","154.03","0.01","65","34","1304.92","1457.76","20515.05","14209.92","1781808068236","0xc05fc868141ee0eae60f092abb7ecfb0de2dfb564074f18fefa847aadbfba555","1683.25000000","1682.20000000","6.2418261800023778385447630000",""
"26","2026-06-18T18:41:06.5046147+00:00","ETH","eth-updown-5m-1781808000","2585542","2026-06-18T18:40:00.0000000+00:00","2026-06-18T18:45:00.0000000+00:00","-66.505","66.505","233.495","Down","17591791386811154609095965976303693564520569177422496092498652550151428769695","0.34","10","0.35","237.76","0.00999999999999995","34","65","861.62","1560.59","13731.78","20660.72","1781808068397","0xc05fc868141ee0eae60f092abb7ecfb0de2dfb564074f18fefa847aadbfba555","1683.25000000","1682.20000000","6.2418261800023778385447630000",""
"26","2026-06-18T18:41:06.5046147+00:00","SOL","sol-updown-5m-1781808000","2585543","2026-06-18T18:40:00.0000000+00:00","2026-06-18T18:45:00.0000000+00:00","-66.505","66.505","233.495","Up","33883635556343746924049866166209953032521320774560384687032719094764384424169","0.71","5","0.72","20","0.01","71","28","271.20","418.26","6789.61","3943.67","1781808068597","0x8ea26f6fb06e218ad5a9ed6ab3e8175ea846920303fde49cb2f463f33415c44b","68.61000000","68.56000000","7.2928821470245040840140020000",""
"26","2026-06-18T18:41:06.5046147+00:00","SOL","sol-updown-5m-1781808000","2585543","2026-06-18T18:40:00.0000000+00:00","2026-06-18T18:45:00.0000000+00:00","-66.505","66.505","233.495","Down","84425178885795678785795856280303190499382832162788080471884105518012716799398","0.28","20","0.29","5","0.00999999999999995","28","71","453.57","309.47","3983.98","6822.88","1781808068740","0x8ea26f6fb06e218ad5a9ed6ab3e8175ea846920303fde49cb2f463f33415c44b","68.61000000","68.56000000","7.2928821470245040840140020000",""
"26","2026-06-18T18:41:06.5046147+00:00","BTC","btc-updown-5m-1781808300","2585640","2026-06-18T18:45:00.0000000+00:00","2026-06-18T18:50:00.0000000+00:00","233.495","-233.495","533.495","Up","96824105467343580693139780796131495794995377592943523159760401295298802171896","0.5","1328.85","0.51","616.21","0.01","50","49","2260.36","3512.37","44655.92","48348.15","1781808068114","0x276fe565b84e6f769293da985dc3b180e0cbecbff90c2eaa0bd8dadba73ab8c8","62718.56000000",,,""
"26","2026-06-18T18:41:06.5046147+00:00","BTC","btc-updown-5m-1781808300","2585640","2026-06-18T18:45:00.0000000+00:00","2026-06-18T18:50:00.0000000+00:00","233.495","-233.495","533.495","Down","26034517743168909246241273147224929566684869610305877377037263223183270955032","0.49","616.21","0.5","1328.85","0.01","49","50","3512.37","2260.36","48348.15","44655.92","1781808068114","0x276fe565b84e6f769293da985dc3b180e0cbecbff90c2eaa0bd8dadba73ab8c8","62718.56000000",,,""
"26","2026-06-18T18:41:06.5046147+00:00","ETH","eth-updown-5m-1781808300","2585643","2026-06-18T18:45:00.0000000+00:00","2026-06-18T18:50:00.0000000+00:00","233.495","-233.495","533.495","Up","102474497961668922711347552769699220123299855671283242332791480799824046437372","0.5","1015.15","0.51","80.05","0.01","50","49","1493.80","903.25","25872.55","24818.59","1781808068259","0x840a534e31b8aa9e3be0f55d32ac4df7d6ce18a9f83dbd0d9692bff516647896","1683.25000000",,,""
"26","2026-06-18T18:41:06.5046147+00:00","ETH","eth-updown-5m-1781808300","2585643","2026-06-18T18:45:00.0000000+00:00","2026-06-18T18:50:00.0000000+00:00","233.495","-233.495","533.495","Down","33125718133241705192250673813857380107029209118508563554468406354215970429790","0.49","80.05","0.5","1015.15","0.01","49","50","903.25","1493.80","24818.59","25872.55","1781808068259","0x840a534e31b8aa9e3be0f55d32ac4df7d6ce18a9f83dbd0d9692bff516647896","1683.25000000",,,""
"26","2026-06-18T18:41:06.5046147+00:00","SOL","sol-updown-5m-1781808300","2585647","2026-06-18T18:45:00.0000000+00:00","2026-06-18T18:50:00.0000000+00:00","233.495","-233.495","533.495","Up","78180369598222530494496686105271237794359355229256172907874710701699819593202","0.5","35.1","0.52","85.2","0.02","50","48","217.60","686.39","11575.36","11575.75","1781808067893","0x1f845170ad7636d870a6fd8677ea6ba340c9ae41df2ae093d51870e11f629bb5","68.61000000",,,""
"26","2026-06-18T18:41:06.5046147+00:00","SOL","sol-updown-5m-1781808300","2585647","2026-06-18T18:45:00.0000000+00:00","2026-06-18T18:50:00.0000000+00:00","233.495","-233.495","533.495","Down","38718264108816871162926615169095462346059506567975488925103461747350867366676","0.48","85.2","0.5","35.1","0.02","48","50","686.39","217.60","11575.75","11575.36","1781808067893","0x1f845170ad7636d870a6fd8677ea6ba340c9ae41df2ae093d51870e11f629bb5","68.61000000",,,""
"27","2026-06-18T18:41:25.5220656+00:00","SOL","sol-updown-5m-1781807700","2585048","2026-06-18T18:35:00.0000000+00:00","2026-06-18T18:40:00.0000000+00:00","-385.522","385.522","-85.522","Up","5718934818440668581581968206003614529786960382720153627545271500748299494477",,,"0.01","461862.82",,"0","38","0","465986.26","0","646071.63","1781808075110","0xec56a49dcd3ced1b7ab0924e4d158edc4ea782e17ff825d53c88e252b0a2d6ab","68.61000000","68.66000000","-7.2822604136323914943198370000",""
"27","2026-06-18T18:41:25.5220656+00:00","SOL","sol-updown-5m-1781807700","2585048","2026-06-18T18:35:00.0000000+00:00","2026-06-18T18:40:00.0000000+00:00","-385.522","385.522","-85.522","Down","3229234571258476502341848318045383428101862893422608253097155093276200828639","0.99","461862.82",,,,"38","0","465986.26","0","646071.63","0","1781808075110","0xec56a49dcd3ced1b7ab0924e4d158edc4ea782e17ff825d53c88e252b0a2d6ab","68.61000000","68.66000000","-7.2822604136323914943198370000",""
"27","2026-06-18T18:41:25.5220656+00:00","BTC","btc-updown-5m-1781807700","2585050","2026-06-18T18:35:00.0000000+00:00","2026-06-18T18:40:00.0000000+00:00","-385.522","385.522","-85.522","Up","46402257018358606725498828349823690581856500639012482948187776046510407334125",,,"0.01","905195.22",,"0","61","0","910174.47","0","1119173.60","1781808084568","0xfeb2801b5d1aaf991653b68c0833dc054e1289057bd055bd569e9b2c527774ef","62686.00000000","62788.01000000","-16.246732457359295190275978000",""
"27","2026-06-18T18:41:25.5220656+00:00","BTC","btc-updown-5m-1781807700","2585050","2026-06-18T18:35:00.0000000+00:00","2026-06-18T18:40:00.0000000+00:00","-385.522","385.522","-85.522","Down","35139634345922391080903425544822142400697904488413383462188748186763652240871","0.99","905195.22",,,,"61","0","910174.47","0","1119173.60","0","1781808084568","0xfeb2801b5d1aaf991653b68c0833dc054e1289057bd055bd569e9b2c527774ef","62686.00000000","62788.01000000","-16.246732457359295190275978000",""
"27","2026-06-18T18:41:25.5220656+00:00","ETH","eth-updown-5m-1781807700","2585051","2026-06-18T18:35:00.0000000+00:00","2026-06-18T18:40:00.0000000+00:00","-385.522","385.522","-85.522","Up","74461203961757261493458244738780826360022321825564372263353660790035729456590",,,"0.01","543876.41",,"0","38","0","548062.81","0","730396.52","1781808067649","0xa91660566b52c51d7b67f790922ac2cbb9c1a984530c2f1e8c638582fe5b9987","1683.30000000","1684.51000000","-7.1830977554303625386610940000",""
"27","2026-06-18T18:41:25.5220656+00:00","ETH","eth-updown-5m-1781807700","2585051","2026-06-18T18:35:00.0000000+00:00","2026-06-18T18:40:00.0000000+00:00","-385.522","385.522","-85.522","Down","75286087574843676929308633186286345137325290048145693264847879249489792447013","0.99","543876.41",,,,"38","0","548062.81","0","730396.52","0","1781808067649","0xa91660566b52c51d7b67f790922ac2cbb9c1a984530c2f1e8c638582fe5b9987","1683.30000000","1684.51000000","-7.1830977554303625386610940000",""
"27","2026-06-18T18:41:25.5220656+00:00","BTC","btc-updown-5m-1781808000","2585540","2026-06-18T18:40:00.0000000+00:00","2026-06-18T18:45:00.0000000+00:00","-85.522","85.522","214.478","Up","68879465934683457163131433626470896869720839796689695720987328811090538744534","0.36","75.68","0.37","610.25","0.01","36","63","680.17","2360.56","54693.44","43501.64","1781808087156","0x37dff2886c68fce27cd0e881f9ba4b661221c1681afbb9b5ccf46d9807da43e7","62686.00000000","62722.91000000","-5.8846121775918878763756340000",""
"27","2026-06-18T18:41:25.5220656+00:00","BTC","btc-updown-5m-1781808000","2585540","2026-06-18T18:40:00.0000000+00:00","2026-06-18T18:45:00.0000000+00:00","-85.522","85.522","214.478","Down","90994024001936624995449612087221105721743657631296606584972031902449014752715","0.63","1329.66","0.64","266.22","0.01","63","36","4258.82","2127.73","49128.72","60352.74","1781808087724","0x37dff2886c68fce27cd0e881f9ba4b661221c1681afbb9b5ccf46d9807da43e7","62686.00000000","62722.91000000","-5.8846121775918878763756340000",""
"27","2026-06-18T18:41:25.5220656+00:00","ETH","eth-updown-5m-1781808000","2585542","2026-06-18T18:40:00.0000000+00:00","2026-06-18T18:45:00.0000000+00:00","-85.522","85.522","214.478","Up","49849740713050321516107817410296468449911255652199205726679896866087747161393","0.7","13.4","0.71","333.4","0.01","70","29","870.16","1862.89","20705.37","13108.56","1781808087890","0xc05fc868141ee0eae60f092abb7ecfb0de2dfb564074f18fefa847aadbfba555","1683.30000000","1682.20000000","6.5390559980977291641897520000",""
"27","2026-06-18T18:41:25.5220656+00:00","ETH","eth-updown-5m-1781808000","2585542","2026-06-18T18:40:00.0000000+00:00","2026-06-18T18:45:00.0000000+00:00","-85.522","85.522","214.478","Down","17591791386811154609095965976303693564520569177422496092498652550151428769695","0.29","333.4","0.3","10","0.01","29","70","1862.89","1019.76","13113.56","20855.46","1781808087987","0xc05fc868141ee0eae60f092abb7ecfb0de2dfb564074f18fefa847aadbfba555","1683.30000000","1682.20000000","6.5390559980977291641897520000",""
"27","2026-06-18T18:41:25.5220656+00:00","SOL","sol-updown-5m-1781808000","2585543","2026-06-18T18:40:00.0000000+00:00","2026-06-18T18:45:00.0000000+00:00","-85.522","85.522","214.478","Up","33883635556343746924049866166209953032521320774560384687032719094764384424169","0.74","5","0.75","42.5","0.01","74","25","222.63","427.34","6560.17","3752.91","1781808088160","0x8ea26f6fb06e218ad5a9ed6ab3e8175ea846920303fde49cb2f463f33415c44b","68.61000000","68.56000000","7.2928821470245040840140020000",""
"27","2026-06-18T18:41:25.5220656+00:00","SOL","sol-updown-5m-1781808000","2585543","2026-06-18T18:40:00.0000000+00:00","2026-06-18T18:45:00.0000000+00:00","-85.522","85.522","214.478","Down","84425178885795678785795856280303190499382832162788080471884105518012716799398","0.25","37.5","0.26","5","0.01","25","74","442.34","252.63","3772.91","6599.97","1781808088356","0x8ea26f6fb06e218ad5a9ed6ab3e8175ea846920303fde49cb2f463f33415c44b","68.61000000","68.56000000","7.2928821470245040840140020000",""
"27","2026-06-18T18:41:25.5220656+00:00","BTC","btc-updown-5m-1781808300","2585640","2026-06-18T18:45:00.0000000+00:00","2026-06-18T18:50:00.0000000+00:00","214.478","-214.478","514.478","Up","96824105467343580693139780796131495794995377592943523159760401295298802171896","0.5","1401.85","0.51","541.21","0.01","50","49","2308.36","3512.37","44753.92","48398.15","1781808085283","0x276fe565b84e6f769293da985dc3b180e0cbecbff90c2eaa0bd8dadba73ab8c8","62686.00000000",,,""
"27","2026-06-18T18:41:25.5220656+00:00","BTC","btc-updown-5m-1781808300","2585640","2026-06-18T18:45:00.0000000+00:00","2026-06-18T18:50:00.0000000+00:00","214.478","-214.478","514.478","Down","26034517743168909246241273147224929566684869610305877377037263223183270955032","0.49","541.21","0.5","1401.85","0.01","49","50","3512.37","2308.36","48398.15","44753.92","1781808085283","0x276fe565b84e6f769293da985dc3b180e0cbecbff90c2eaa0bd8dadba73ab8c8","62686.00000000",,,""
"27","2026-06-18T18:41:25.5220656+00:00","ETH","eth-updown-5m-1781808300","2585643","2026-06-18T18:45:00.0000000+00:00","2026-06-18T18:50:00.0000000+00:00","214.478","-214.478","514.478","Up","102474497961668922711347552769699220123299855671283242332791480799824046437372","0.5","1015.15","0.51","120.05","0.01","50","49","1443.80","1023.25","25912.55","24868.59","1781808079173","0x840a534e31b8aa9e3be0f55d32ac4df7d6ce18a9f83dbd0d9692bff516647896","1683.30000000",,,""
"27","2026-06-18T18:41:25.5220656+00:00","ETH","eth-updown-5m-1781808300","2585643","2026-06-18T18:45:00.0000000+00:00","2026-06-18T18:50:00.0000000+00:00","214.478","-214.478","514.478","Down","33125718133241705192250673813857380107029209118508563554468406354215970429790","0.49","120.05","0.5","1015.15","0.01","49","50","1023.25","1443.80","24868.59","25912.55","1781808079173","0x840a534e31b8aa9e3be0f55d32ac4df7d6ce18a9f83dbd0d9692bff516647896","1683.30000000",,,""
"27","2026-06-18T18:41:25.5220656+00:00","SOL","sol-updown-5m-1781808300","2585647","2026-06-18T18:45:00.0000000+00:00","2026-06-18T18:50:00.0000000+00:00","214.478","-214.478","514.478","Up","78180369598222530494496686105271237794359355229256172907874710701699819593202","0.5","35.1","0.52","85.2","0.02","50","48","217.60","686.39","11625.36","11625.75","1781808087473","0x1f845170ad7636d870a6fd8677ea6ba340c9ae41df2ae093d51870e11f629bb5","68.61000000",,,""
"27","2026-06-18T18:41:25.5220656+00:00","SOL","sol-updown-5m-1781808300","2585647","2026-06-18T18:45:00.0000000+00:00","2026-06-18T18:50:00.0000000+00:00","214.478","-214.478","514.478","Down","38718264108816871162926615169095462346059506567975488925103461747350867366676","0.48","85.2","0.5","35.1","0.02","48","50","686.39","217.60","11625.75","11625.36","1781808087473","0x1f845170ad7636d870a6fd8677ea6ba340c9ae41df2ae093d51870e11f629bb5","68.61000000",,,""
"28","2026-06-18T18:41:45.9342124+00:00","SOL","sol-updown-5m-1781807700","2585048","2026-06-18T18:35:00.0000000+00:00","2026-06-18T18:40:00.0000000+00:00","-405.934","405.934","-105.934","Up","5718934818440668581581968206003614529786960382720153627545271500748299494477",,,"0.01","461862.82",,"0","38","0","465986.26","0","646071.63","1781808075110","0xec56a49dcd3ced1b7ab0924e4d158edc4ea782e17ff825d53c88e252b0a2d6ab","68.61000000","68.66000000","-7.2822604136323914943198370000",""
"28","2026-06-18T18:41:45.9342124+00:00","SOL","sol-updown-5m-1781807700","2585048","2026-06-18T18:35:00.0000000+00:00","2026-06-18T18:40:00.0000000+00:00","-405.934","405.934","-105.934","Down","3229234571258476502341848318045383428101862893422608253097155093276200828639","0.99","461862.82",,,,"38","0","465986.26","0","646071.63","0","1781808075110","0xec56a49dcd3ced1b7ab0924e4d158edc4ea782e17ff825d53c88e252b0a2d6ab","68.61000000","68.66000000","-7.2822604136323914943198370000",""
"28","2026-06-18T18:41:45.9342124+00:00","BTC","btc-updown-5m-1781807700","2585050","2026-06-18T18:35:00.0000000+00:00","2026-06-18T18:40:00.0000000+00:00","-405.934","405.934","-105.934","Up","46402257018358606725498828349823690581856500639012482948187776046510407334125",,,"0.01","905182.72",,"0","61","0","910161.97","0","1119161.10","1781808094175","0xfeb2801b5d1aaf991653b68c0833dc054e1289057bd055bd569e9b2c527774ef","62713.99000000","62788.01000000","-11.788874977881923634783138000",""
"28","2026-06-18T18:41:45.9342124+00:00","BTC","btc-updown-5m-1781807700","2585050","2026-06-18T18:35:00.0000000+00:00","2026-06-18T18:40:00.0000000+00:00","-405.934","405.934","-105.934","Down","35139634345922391080903425544822142400697904488413383462188748186763652240871","0.99","905182.72",,,,"61","0","910161.97","0","1119161.10","0","1781808094175","0xfeb2801b5d1aaf991653b68c0833dc054e1289057bd055bd569e9b2c527774ef","62713.99000000","62788.01000000","-11.788874977881923634783138000",""
"28","2026-06-18T18:41:45.9342124+00:00","ETH","eth-updown-5m-1781807700","2585051","2026-06-18T18:35:00.0000000+00:00","2026-06-18T18:40:00.0000000+00:00","-405.934","405.934","-105.934","Up","74461203961757261493458244738780826360022321825564372263353660790035729456590",,,"0.01","543876.41",,"0","38","0","548062.81","0","730396.52","1781808067649","0xa91660566b52c51d7b67f790922ac2cbb9c1a984530c2f1e8c638582fe5b9987","1683.70000000","1684.51000000","-4.8085199850401600465417240000",""
"28","2026-06-18T18:41:45.9342124+00:00","ETH","eth-updown-5m-1781807700","2585051","2026-06-18T18:35:00.0000000+00:00","2026-06-18T18:40:00.0000000+00:00","-405.934","405.934","-105.934","Down","75286087574843676929308633186286345137325290048145693264847879249489792447013","0.99","543876.41",,,,"38","0","548062.81","0","730396.52","0","1781808067649","0xa91660566b52c51d7b67f790922ac2cbb9c1a984530c2f1e8c638582fe5b9987","1683.70000000","1684.51000000","-4.8085199850401600465417240000",""
"28","2026-06-18T18:41:45.9342124+00:00","BTC","btc-updown-5m-1781808000","2585540","2026-06-18T18:40:00.0000000+00:00","2026-06-18T18:45:00.0000000+00:00","-105.934","105.934","194.066","Up","68879465934683457163131433626470896869720839796689695720987328811090538744534","0.43","312.56","0.44","521.17","0.01","43","56","2682.02","4227.71","56883.54","48999.46","1781808107471","0x37dff2886c68fce27cd0e881f9ba4b661221c1681afbb9b5ccf46d9807da43e7","62713.99000000","62722.91000000","-1.4221278955329081511045960000",""
"28","2026-06-18T18:41:45.9342124+00:00","BTC","btc-updown-5m-1781808000","2585540","2026-06-18T18:40:00.0000000+00:00","2026-06-18T18:45:00.0000000+00:00","-105.934","105.934","194.066","Down","90994024001936624995449612087221105721743657631296606584972031902449014752715","0.56","234.54","0.57","277.84","0.0099999999999999","56","43","3934.08","2667.30","48785.83","56980.02","1781808107651","0x37dff2886c68fce27cd0e881f9ba4b661221c1681afbb9b5ccf46d9807da43e7","62713.99000000","62722.91000000","-1.4221278955329081511045960000",""
"28","2026-06-18T18:41:45.9342124+00:00","ETH","eth-updown-5m-1781808000","2585542","2026-06-18T18:40:00.0000000+00:00","2026-06-18T18:45:00.0000000+00:00","-105.934","105.934","194.066","Up","49849740713050321516107817410296468449911255652199205726679896866087747161393","0.73","47.93","0.75","289.02","0.02","73","25","914.92","1711.33","19109.69","10041.40","1781808107905","0xc05fc868141ee0eae60f092abb7ecfb0de2dfb564074f18fefa847aadbfba555","1683.70000000","1682.20000000","8.916894542860539769349661000",""
"28","2026-06-18T18:41:45.9342124+00:00","ETH","eth-updown-5m-1781808000","2585542","2026-06-18T18:40:00.0000000+00:00","2026-06-18T18:45:00.0000000+00:00","-105.934","105.934","194.066","Down","17591791386811154609095965976303693564520569177422496092498652550151428769695","0.29","217.69","0.3","6.3","0.01","29","70","1177.77","814.91","10695.46","18203.90","1781808108160","0xc05fc868141ee0eae60f092abb7ecfb0de2dfb564074f18fefa847aadbfba555","1683.70000000","1682.20000000","8.916894542860539769349661000",""
"28","2026-06-18T18:41:45.9342124+00:00","SOL","sol-updown-5m-1781808000","2585543","2026-06-18T18:40:00.0000000+00:00","2026-06-18T18:45:00.0000000+00:00","-105.934","105.934","194.066","Up","33883635556343746924049866166209953032521320774560384687032719094764384424169","0.72","7","0.73","138.69","0.01","72","27","143.44","663.96","5586.94","3257.94","1781808108335","0x8ea26f6fb06e218ad5a9ed6ab3e8175ea846920303fde49cb2f463f33415c44b","68.61000000","68.56000000","7.2928821470245040840140020000",""
"28","2026-06-18T18:41:45.9342124+00:00","SOL","sol-updown-5m-1781808000","2585543","2026-06-18T18:40:00.0000000+00:00","2026-06-18T18:45:00.0000000+00:00","-105.934","105.934","194.066","Down","84425178885795678785795856280303190499382832162788080471884105518012716799398","0.27","138.69","0.28","7","0.01","27","72","661.55","143.44","3704.23","5949.03","1781808108479","0x8ea26f6fb06e218ad5a9ed6ab3e8175ea846920303fde49cb2f463f33415c44b","68.61000000","68.56000000","7.2928821470245040840140020000",""
"28","2026-06-18T18:41:45.9342124+00:00","BTC","btc-updown-5m-1781808300","2585640","2026-06-18T18:45:00.0000000+00:00","2026-06-18T18:50:00.0000000+00:00","194.066","-194.066","494.066","Up","96824105467343580693139780796131495794995377592943523159760401295298802171896","0.5","1392.05","0.51","352.23","0.01","50","49","3088.56","2123.39","40973.92","44728.82","1781808105462","0x276fe565b84e6f769293da985dc3b180e0cbecbff90c2eaa0bd8dadba73ab8c8","62713.99000000",,,""
"28","2026-06-18T18:41:45.9342124+00:00","BTC","btc-updown-5m-1781808300","2585640","2026-06-18T18:45:00.0000000+00:00","2026-06-18T18:50:00.0000000+00:00","194.066","-194.066","494.066","Down","26034517743168909246241273147224929566684869610305877377037263223183270955032","0.49","352.23","0.5","1392.05","0.01","49","50","2123.39","3088.56","44728.82","40973.92","1781808105462","0x276fe565b84e6f769293da985dc3b180e0cbecbff90c2eaa0bd8dadba73ab8c8","62713.99000000",,,""
"28","2026-06-18T18:41:45.9342124+00:00","ETH","eth-updown-5m-1781808300","2585643","2026-06-18T18:45:00.0000000+00:00","2026-06-18T18:50:00.0000000+00:00","194.066","-194.066","494.066","Up","102474497961668922711347552769699220123299855671283242332791480799824046437372","0.5","1015.15","0.51","80.05","0.01","50","49","1523.80","783.25","22578.73","21534.77","1781808104845","0x840a534e31b8aa9e3be0f55d32ac4df7d6ce18a9f83dbd0d9692bff516647896","1683.70000000",,,""
"28","2026-06-18T18:41:45.9342124+00:00","ETH","eth-updown-5m-1781808300","2585643","2026-06-18T18:45:00.0000000+00:00","2026-06-18T18:50:00.0000000+00:00","194.066","-194.066","494.066","Down","33125718133241705192250673813857380107029209118508563554468406354215970429790","0.49","80.05","0.5","1015.15","0.01","49","50","783.25","1523.80","21534.77","22578.73","1781808104845","0x840a534e31b8aa9e3be0f55d32ac4df7d6ce18a9f83dbd0d9692bff516647896","1683.70000000",,,""
"28","2026-06-18T18:41:45.9342124+00:00","SOL","sol-updown-5m-1781808300","2585647","2026-06-18T18:45:00.0000000+00:00","2026-06-18T18:50:00.0000000+00:00","194.066","-194.066","494.066","Up","78180369598222530494496686105271237794359355229256172907874710701699819593202","0.5","35.1","0.52","65.2","0.02","50","48","297.60","566.39","9849.12","9849.22","1781808108898","0x1f845170ad7636d870a6fd8677ea6ba340c9ae41df2ae093d51870e11f629bb5","68.61000000",,,""
"28","2026-06-18T18:41:45.9342124+00:00","SOL","sol-updown-5m-1781808300","2585647","2026-06-18T18:45:00.0000000+00:00","2026-06-18T18:50:00.0000000+00:00","194.066","-194.066","494.066","Down","38718264108816871162926615169095462346059506567975488925103461747350867366676","0.48","65.2","0.5","35.1","0.02","48","50","566.39","297.60","9849.22","9849.12","1781808108898","0x1f845170ad7636d870a6fd8677ea6ba340c9ae41df2ae093d51870e11f629bb5","68.61000000",,,""
"29","2026-06-18T18:42:05.2346965+00:00","SOL","sol-updown-5m-1781807700","2585048","2026-06-18T18:35:00.0000000+00:00","2026-06-18T18:40:00.0000000+00:00","-425.235","425.235","-125.235","Up","5718934818440668581581968206003614529786960382720153627545271500748299494477",,,,,,"0","0",,,,,"","","68.57000000","68.66000000","-13.108068744538304689775706000","The remote server returned an error: (404) Not Found."
"29","2026-06-18T18:42:05.2346965+00:00","SOL","sol-updown-5m-1781807700","2585048","2026-06-18T18:35:00.0000000+00:00","2026-06-18T18:40:00.0000000+00:00","-425.235","425.235","-125.235","Down","3229234571258476502341848318045383428101862893422608253097155093276200828639",,,,,,"0","0",,,,,"","","68.57000000","68.66000000","-13.108068744538304689775706000","The remote server returned an error: (404) Not Found."
"29","2026-06-18T18:42:05.2346965+00:00","BTC","btc-updown-5m-1781807700","2585050","2026-06-18T18:35:00.0000000+00:00","2026-06-18T18:40:00.0000000+00:00","-425.235","425.235","-125.235","Up","46402257018358606725498828349823690581856500639012482948187776046510407334125",,,,,,"0","0",,,,,"","","62680.04000000","62788.01000000","-17.195958272925037758005071000","The remote server returned an error: (404) Not Found."
"29","2026-06-18T18:42:05.2346965+00:00","BTC","btc-updown-5m-1781807700","2585050","2026-06-18T18:35:00.0000000+00:00","2026-06-18T18:40:00.0000000+00:00","-425.235","425.235","-125.235","Down","35139634345922391080903425544822142400697904488413383462188748186763652240871",,,,,,"0","0",,,,,"","","62680.04000000","62788.01000000","-17.195958272925037758005071000","The remote server returned an error: (404) Not Found."
"29","2026-06-18T18:42:05.2346965+00:00","ETH","eth-updown-5m-1781807700","2585051","2026-06-18T18:35:00.0000000+00:00","2026-06-18T18:40:00.0000000+00:00","-425.235","425.235","-125.235","Up","74461203961757261493458244738780826360022321825564372263353660790035729456590",,,,,,"0","0",,,,,"","","1682.93000000","1684.51000000","-9.379582193041299843871512000","The remote server returned an error: (404) Not Found."
"29","2026-06-18T18:42:05.2346965+00:00","ETH","eth-updown-5m-1781807700","2585051","2026-06-18T18:35:00.0000000+00:00","2026-06-18T18:40:00.0000000+00:00","-425.235","425.235","-125.235","Down","75286087574843676929308633186286345137325290048145693264847879249489792447013",,,,,,"0","0",,,,,"","","1682.93000000","1684.51000000","-9.379582193041299843871512000","The remote server returned an error: (404) Not Found."
"29","2026-06-18T18:42:05.2346965+00:00","BTC","btc-updown-5m-1781808000","2585540","2026-06-18T18:40:00.0000000+00:00","2026-06-18T18:45:00.0000000+00:00","-125.235","125.235","174.765","Up","68879465934683457163131433626470896869720839796689695720987328811090538744534","0.29","4347.19","0.3","1500.26","0.01","29","70","5223.42","5436.79","48016.47","50542.09","1781808126381","0x37dff2886c68fce27cd0e881f9ba4b661221c1681afbb9b5ccf46d9807da43e7","62680.04000000","62722.91000000","-6.8348231929927996006562830000",""
"29","2026-06-18T18:42:05.2346965+00:00","BTC","btc-updown-5m-1781808000","2585540","2026-06-18T18:40:00.0000000+00:00","2026-06-18T18:45:00.0000000+00:00","-125.235","125.235","174.765","Down","90994024001936624995449612087221105721743657631296606584972031902449014752715","0.7","1494.26","0.71","4465.84","0.01","70","29","5430.79","5337.07","50547.08","48146.62","1781808126510","0x37dff2886c68fce27cd0e881f9ba4b661221c1681afbb9b5ccf46d9807da43e7","62680.04000000","62722.91000000","-6.8348231929927996006562830000",""
"29","2026-06-18T18:42:05.2346965+00:00","ETH","eth-updown-5m-1781808000","2585542","2026-06-18T18:40:00.0000000+00:00","2026-06-18T18:45:00.0000000+00:00","-125.235","125.235","174.765","Up","49849740713050321516107817410296468449911255652199205726679896866087747161393","0.66","228.53","0.67","11","0.01","66","33","1859.31","1049.64","19293.25","15306.14","1781808126722","0xc05fc868141ee0eae60f092abb7ecfb0de2dfb564074f18fefa847aadbfba555","1682.93000000","1682.20000000","4.3395553441921293544168350000",""
"29","2026-06-18T18:42:05.2346965+00:00","ETH","eth-updown-5m-1781808000","2585542","2026-06-18T18:40:00.0000000+00:00","2026-06-18T18:45:00.0000000+00:00","-125.235","125.235","174.765","Down","17591791386811154609095965976303693564520569177422496092498652550151428769695","0.33","5","0.34","336.5","0.01","33","66","537.40","1960.68","14122.00","19007.32","1781808126902","0xc05fc868141ee0eae60f092abb7ecfb0de2dfb564074f18fefa847aadbfba555","1682.93000000","1682.20000000","4.3395553441921293544168350000",""
"29","2026-06-18T18:42:05.2346965+00:00","SOL","sol-updown-5m-1781808000","2585543","2026-06-18T18:40:00.0000000+00:00","2026-06-18T18:45:00.0000000+00:00","-125.235","125.235","174.765","Up","33883635556343746924049866166209953032521320774560384687032719094764384424169","0.65","27.39","0.66","21","0.01","65","34","391.29","271.68","6147.23","6489.90","1781808127110","0x8ea26f6fb06e218ad5a9ed6ab3e8175ea846920303fde49cb2f463f33415c44b","68.57000000","68.56000000","1.45857642940490081680280000",""
"29","2026-06-18T18:42:05.2346965+00:00","SOL","sol-updown-5m-1781808000","2585543","2026-06-18T18:40:00.0000000+00:00","2026-06-18T18:45:00.0000000+00:00","-125.235","125.235","174.765","Down","84425178885795678785795856280303190499382832162788080471884105518012716799398","0.34","21","0.35","5","0.00999999999999995","34","65","316.24","293.90","6523.06","6053.04","1781808127308","0x8ea26f6fb06e218ad5a9ed6ab3e8175ea846920303fde49cb2f463f33415c44b","68.57000000","68.56000000","1.45857642940490081680280000",""
"29","2026-06-18T18:42:05.2346965+00:00","BTC","btc-updown-5m-1781808300","2585640","2026-06-18T18:45:00.0000000+00:00","2026-06-18T18:50:00.0000000+00:00","174.765","-174.765","474.765","Up","96824105467343580693139780796131495794995377592943523159760401295298802171896","0.5","1392.05","0.51","352.23","0.01","50","49","3088.56","2433.39","44368.92","48073.82","1781808126649","0x276fe565b84e6f769293da985dc3b180e0cbecbff90c2eaa0bd8dadba73ab8c8","62680.04000000",,,""
"29","2026-06-18T18:42:05.2346965+00:00","BTC","btc-updown-5m-1781808300","2585640","2026-06-18T18:45:00.0000000+00:00","2026-06-18T18:50:00.0000000+00:00","174.765","-174.765","474.765","Down","26034517743168909246241273147224929566684869610305877377037263223183270955032","0.49","352.23","0.5","1392.05","0.01","49","50","2433.39","3088.56","48073.82","44368.92","1781808126649","0x276fe565b84e6f769293da985dc3b180e0cbecbff90c2eaa0bd8dadba73ab8c8","62680.04000000",,,""
"29","2026-06-18T18:42:05.2346965+00:00","ETH","eth-updown-5m-1781808300","2585643","2026-06-18T18:45:00.0000000+00:00","2026-06-18T18:50:00.0000000+00:00","174.765","-174.765","474.765","Up","102474497961668922711347552769699220123299855671283242332791480799824046437372","0.5","1015.15","0.51","80.05","0.01","50","49","1643.80","663.25","22782.35","21733.24","1781808127804","0x840a534e31b8aa9e3be0f55d32ac4df7d6ce18a9f83dbd0d9692bff516647896","1682.93000000",,,""
"29","2026-06-18T18:42:05.2346965+00:00","ETH","eth-updown-5m-1781808300","2585643","2026-06-18T18:45:00.0000000+00:00","2026-06-18T18:50:00.0000000+00:00","174.765","-174.765","474.765","Down","33125718133241705192250673813857380107029209118508563554468406354215970429790","0.49","80.05","0.5","1015.15","0.01","49","50","663.25","1643.80","21733.24","22782.35","1781808127804","0x840a534e31b8aa9e3be0f55d32ac4df7d6ce18a9f83dbd0d9692bff516647896","1682.93000000",,,""
"29","2026-06-18T18:42:05.2346965+00:00","SOL","sol-updown-5m-1781808300","2585647","2026-06-18T18:45:00.0000000+00:00","2026-06-18T18:50:00.0000000+00:00","174.765","-174.765","474.765","Up","78180369598222530494496686105271237794359355229256172907874710701699819593202","0.5","35.1","0.52","65.2","0.02","50","48","297.60","566.39","9849.12","9849.22","1781808108898","0x1f845170ad7636d870a6fd8677ea6ba340c9ae41df2ae093d51870e11f629bb5","68.57000000",,,""
"29","2026-06-18T18:42:05.2346965+00:00","SOL","sol-updown-5m-1781808300","2585647","2026-06-18T18:45:00.0000000+00:00","2026-06-18T18:50:00.0000000+00:00","174.765","-174.765","474.765","Down","38718264108816871162926615169095462346059506567975488925103461747350867366676","0.48","65.2","0.5","35.1","0.02","48","50","566.39","297.60","9849.22","9849.12","1781808108898","0x1f845170ad7636d870a6fd8677ea6ba340c9ae41df2ae093d51870e11f629bb5","68.57000000",,,""
"30","2026-06-18T18:42:24.0846466+00:00","SOL","sol-updown-5m-1781807700","2585048","2026-06-18T18:35:00.0000000+00:00","2026-06-18T18:40:00.0000000+00:00","-444.085","444.085","-144.085","Up","5718934818440668581581968206003614529786960382720153627545271500748299494477",,,,,,"0","0",,,,,"","","68.61000000","68.66000000","-7.2822604136323914943198370000","The remote server returned an error: (404) Not Found."
"30","2026-06-18T18:42:24.0846466+00:00","SOL","sol-updown-5m-1781807700","2585048","2026-06-18T18:35:00.0000000+00:00","2026-06-18T18:40:00.0000000+00:00","-444.085","444.085","-144.085","Down","3229234571258476502341848318045383428101862893422608253097155093276200828639",,,,,,"0","0",,,,,"","","68.61000000","68.66000000","-7.2822604136323914943198370000","The remote server returned an error: (404) Not Found."
"30","2026-06-18T18:42:24.0846466+00:00","BTC","btc-updown-5m-1781807700","2585050","2026-06-18T18:35:00.0000000+00:00","2026-06-18T18:40:00.0000000+00:00","-444.085","444.085","-144.085","Up","46402257018358606725498828349823690581856500639012482948187776046510407334125",,,,,,"0","0",,,,,"","","62696.00000000","62788.01000000","-14.654071692987243902139915000","The remote server returned an error: (404) Not Found."
"30","2026-06-18T18:42:24.0846466+00:00","BTC","btc-updown-5m-1781807700","2585050","2026-06-18T18:35:00.0000000+00:00","2026-06-18T18:40:00.0000000+00:00","-444.085","444.085","-144.085","Down","35139634345922391080903425544822142400697904488413383462188748186763652240871",,,,,,"0","0",,,,,"","","62696.00000000","62788.01000000","-14.654071692987243902139915000","The remote server returned an error: (404) Not Found."
"30","2026-06-18T18:42:24.0846466+00:00","ETH","eth-updown-5m-1781807700","2585051","2026-06-18T18:35:00.0000000+00:00","2026-06-18T18:40:00.0000000+00:00","-444.085","444.085","-144.085","Up","74461203961757261493458244738780826360022321825564372263353660790035729456590",,,,,,"0","0",,,,,"","","1683.70000000","1684.51000000","-4.8085199850401600465417240000","The remote server returned an error: (404) Not Found."
"30","2026-06-18T18:42:24.0846466+00:00","ETH","eth-updown-5m-1781807700","2585051","2026-06-18T18:35:00.0000000+00:00","2026-06-18T18:40:00.0000000+00:00","-444.085","444.085","-144.085","Down","75286087574843676929308633186286345137325290048145693264847879249489792447013",,,,,,"0","0",,,,,"","","1683.70000000","1684.51000000","-4.8085199850401600465417240000","The remote server returned an error: (404) Not Found."
"30","2026-06-18T18:42:24.0846466+00:00","BTC","btc-updown-5m-1781808000","2585540","2026-06-18T18:40:00.0000000+00:00","2026-06-18T18:45:00.0000000+00:00","-144.085","144.085","155.915","Up","68879465934683457163131433626470896869720839796689695720987328811090538744534","0.36","34.46","0.37","1151.93","0.01","36","63","835.30","5082.28","38724.61","47827.47","1781808144925","0x37dff2886c68fce27cd0e881f9ba4b661221c1681afbb9b5ccf46d9807da43e7","62696.00000000","62722.91000000","-4.2902983933621702181866240000",""
"30","2026-06-18T18:42:24.0846466+00:00","BTC","btc-updown-5m-1781808000","2585540","2026-06-18T18:40:00.0000000+00:00","2026-06-18T18:45:00.0000000+00:00","-144.085","144.085","155.915","Down","90994024001936624995449612087221105721743657631296606584972031902449014752715","0.63","1069.75","0.64","43.21","0.01","63","36","5074.76","853.38","48861.01","40107.72","1781808145052","0x37dff2886c68fce27cd0e881f9ba4b661221c1681afbb9b5ccf46d9807da43e7","62696.00000000","62722.91000000","-4.2902983933621702181866240000",""
"30","2026-06-18T18:42:24.0846466+00:00","ETH","eth-updown-5m-1781808000","2585542","2026-06-18T18:40:00.0000000+00:00","2026-06-18T18:45:00.0000000+00:00","-144.085","144.085","155.915","Up","49849740713050321516107817410296468449911255652199205726679896866087747161393","0.78","82","0.79","377.31","0.01","78","21","1018.59","2275.27","21571.89","10919.25","1781808145171","0xc05fc868141ee0eae60f092abb7ecfb0de2dfb564074f18fefa847aadbfba555","1683.70000000","1682.20000000","8.916894542860539769349661000",""
"30","2026-06-18T18:42:24.0846466+00:00","ETH","eth-updown-5m-1781808000","2585542","2026-06-18T18:40:00.0000000+00:00","2026-06-18T18:45:00.0000000+00:00","-144.085","144.085","155.915","Down","17591791386811154609095965976303693564520569177422496092498652550151428769695","0.21","361.81","0.22","82","0.01","21","78","2259.77","1182.59","10898.75","21755.89","1781808145381","0xc05fc868141ee0eae60f092abb7ecfb0de2dfb564074f18fefa847aadbfba555","1683.70000000","1682.20000000","8.916894542860539769349661000",""
"30","2026-06-18T18:42:24.0846466+00:00","SOL","sol-updown-5m-1781808000","2585543","2026-06-18T18:40:00.0000000+00:00","2026-06-18T18:45:00.0000000+00:00","-144.085","144.085","155.915","Up","33883635556343746924049866166209953032521320774560384687032719094764384424169","0.76","136.37","0.77","64.22","0.01","76","23","410.01","382.36","6599.07","3149.49","1781808145499","0x8ea26f6fb06e218ad5a9ed6ab3e8175ea846920303fde49cb2f463f33415c44b","68.61000000","68.56000000","7.2928821470245040840140020000",""
"30","2026-06-18T18:42:24.0846466+00:00","SOL","sol-updown-5m-1781808000","2585543","2026-06-18T18:40:00.0000000+00:00","2026-06-18T18:45:00.0000000+00:00","-144.085","144.085","155.915","Down","84425178885795678785795856280303190499382832162788080471884105518012716799398","0.23","43.22","0.24","136.37","0.00999999999999998","23","76","390.36","410.01","3112.49","6586.07","1781808145712","0x8ea26f6fb06e218ad5a9ed6ab3e8175ea846920303fde49cb2f463f33415c44b","68.61000000","68.56000000","7.2928821470245040840140020000",""
"30","2026-06-18T18:42:24.0846466+00:00","BTC","btc-updown-5m-1781808300","2585640","2026-06-18T18:45:00.0000000+00:00","2026-06-18T18:50:00.0000000+00:00","155.915","-155.915","455.915","Up","96824105467343580693139780796131495794995377592943523159760401295298802171896","0.5","1512.05","0.51","349.75","0.01","50","49","3448.56","2070.91","47333.92","51036.34","1781808140228","0x276fe565b84e6f769293da985dc3b180e0cbecbff90c2eaa0bd8dadba73ab8c8","62696.00000000",,,""
"30","2026-06-18T18:42:24.0846466+00:00","BTC","btc-updown-5m-1781808300","2585640","2026-06-18T18:45:00.0000000+00:00","2026-06-18T18:50:00.0000000+00:00","155.915","-155.915","455.915","Down","26034517743168909246241273147224929566684869610305877377037263223183270955032","0.49","349.75","0.5","1512.05","0.01","49","50","2070.91","3448.56","51036.34","47333.92","1781808140228","0x276fe565b84e6f769293da985dc3b180e0cbecbff90c2eaa0bd8dadba73ab8c8","62696.00000000",,,""
"30","2026-06-18T18:42:24.0846466+00:00","ETH","eth-updown-5m-1781808300","2585643","2026-06-18T18:45:00.0000000+00:00","2026-06-18T18:50:00.0000000+00:00","155.915","-155.915","455.915","Up","102474497961668922711347552769699220123299855671283242332791480799824046437372","0.5","1015.15","0.51","80.05","0.01","50","49","1643.80","663.25","25737.35","24693.24","1781808130834","0x840a534e31b8aa9e3be0f55d32ac4df7d6ce18a9f83dbd0d9692bff516647896","1683.70000000",,,""
"30","2026-06-18T18:42:24.0846466+00:00","ETH","eth-updown-5m-1781808300","2585643","2026-06-18T18:45:00.0000000+00:00","2026-06-18T18:50:00.0000000+00:00","155.915","-155.915","455.915","Down","33125718133241705192250673813857380107029209118508563554468406354215970429790","0.49","80.05","0.5","1015.15","0.01","49","50","663.25","1643.80","24693.24","25737.35","1781808130834","0x840a534e31b8aa9e3be0f55d32ac4df7d6ce18a9f83dbd0d9692bff516647896","1683.70000000",,,""
"30","2026-06-18T18:42:24.0846466+00:00","SOL","sol-updown-5m-1781808300","2585647","2026-06-18T18:45:00.0000000+00:00","2026-06-18T18:50:00.0000000+00:00","155.915","-155.915","455.915","Up","78180369598222530494496686105271237794359355229256172907874710701699819593202","0.5","35.1","0.52","65.2","0.02","50","48","297.60","566.39","12832.12","12832.22","1781808132413","0x1f845170ad7636d870a6fd8677ea6ba340c9ae41df2ae093d51870e11f629bb5","68.61000000",,,""
"30","2026-06-18T18:42:24.0846466+00:00","SOL","sol-updown-5m-1781808300","2585647","2026-06-18T18:45:00.0000000+00:00","2026-06-18T18:50:00.0000000+00:00","155.915","-155.915","455.915","Down","38718264108816871162926615169095462346059506567975488925103461747350867366676","0.48","65.2","0.5","35.1","0.02","48","50","566.39","297.60","12832.22","12832.12","1781808132413","0x1f845170ad7636d870a6fd8677ea6ba340c9ae41df2ae093d51870e11f629bb5","68.61000000",,,""
"31","2026-06-18T18:42:42.5250397+00:00","SOL","sol-updown-5m-1781807700","2585048","2026-06-18T18:35:00.0000000+00:00","2026-06-18T18:40:00.0000000+00:00","-462.525","462.525","-162.525","Up","5718934818440668581581968206003614529786960382720153627545271500748299494477",,,,,,"0","0",,,,,"","","68.64000000","68.66000000","-2.9129041654529565977279350000","The remote server returned an error: (404) Not Found."
"31","2026-06-18T18:42:42.5250397+00:00","SOL","sol-updown-5m-1781807700","2585048","2026-06-18T18:35:00.0000000+00:00","2026-06-18T18:40:00.0000000+00:00","-462.525","462.525","-162.525","Down","3229234571258476502341848318045383428101862893422608253097155093276200828639",,,,,,"0","0",,,,,"","","68.64000000","68.66000000","-2.9129041654529565977279350000","The remote server returned an error: (404) Not Found."
"31","2026-06-18T18:42:42.5250397+00:00","BTC","btc-updown-5m-1781807700","2585050","2026-06-18T18:35:00.0000000+00:00","2026-06-18T18:40:00.0000000+00:00","-462.525","462.525","-162.525","Up","46402257018358606725498828349823690581856500639012482948187776046510407334125",,,,,,"0","0",,,,,"","","62742.26000000","62788.01000000","-7.2864229970021346432224880000","The remote server returned an error: (404) Not Found."
"31","2026-06-18T18:42:42.5250397+00:00","BTC","btc-updown-5m-1781807700","2585050","2026-06-18T18:35:00.0000000+00:00","2026-06-18T18:40:00.0000000+00:00","-462.525","462.525","-162.525","Down","35139634345922391080903425544822142400697904488413383462188748186763652240871",,,,,,"0","0",,,,,"","","62742.26000000","62788.01000000","-7.2864229970021346432224880000","The remote server returned an error: (404) Not Found."
"31","2026-06-18T18:42:42.5250397+00:00","ETH","eth-updown-5m-1781807700","2585051","2026-06-18T18:35:00.0000000+00:00","2026-06-18T18:40:00.0000000+00:00","-462.525","462.525","-162.525","Up","74461203961757261493458244738780826360022321825564372263353660790035729456590",,,,,,"0","0",,,,,"","","1684.17000000","1684.51000000","-2.0183911048316721183014650000","The remote server returned an error: (404) Not Found."
"31","2026-06-18T18:42:42.5250397+00:00","ETH","eth-updown-5m-1781807700","2585051","2026-06-18T18:35:00.0000000+00:00","2026-06-18T18:40:00.0000000+00:00","-462.525","462.525","-162.525","Down","75286087574843676929308633186286345137325290048145693264847879249489792447013",,,,,,"0","0",,,,,"","","1684.17000000","1684.51000000","-2.0183911048316721183014650000","The remote server returned an error: (404) Not Found."
"31","2026-06-18T18:42:42.5250397+00:00","BTC","btc-updown-5m-1781808000","2585540","2026-06-18T18:40:00.0000000+00:00","2026-06-18T18:45:00.0000000+00:00","-162.525","162.525","137.475","Up","68879465934683457163131433626470896869720839796689695720987328811090538744534","0.65","79.16","0.66","852.84","0.01","65","34","695.03","3441.85","45224.61","35425.32","1781808163593","0x37dff2886c68fce27cd0e881f9ba4b661221c1681afbb9b5ccf46d9807da43e7","62742.26000000","62722.91000000","3.0849971724845036685957330000",""
"31","2026-06-18T18:42:42.5250397+00:00","BTC","btc-updown-5m-1781808000","2585540","2026-06-18T18:40:00.0000000+00:00","2026-06-18T18:45:00.0000000+00:00","-162.525","162.525","137.475","Down","90994024001936624995449612087221105721743657631296606584972031902449014752715","0.34","1732.17","0.41","18.8","0.07","34","59","4497.22","541.70","36176.69","43575.85","1781808163781","0x37dff2886c68fce27cd0e881f9ba4b661221c1681afbb9b5ccf46d9807da43e7","62742.26000000","62722.91000000","3.0849971724845036685957330000",""
"31","2026-06-18T18:42:42.5250397+00:00","ETH","eth-updown-5m-1781808000","2585542","2026-06-18T18:40:00.0000000+00:00","2026-06-18T18:45:00.0000000+00:00","-162.525","162.525","137.475","Up","49849740713050321516107817410296468449911255652199205726679896866087747161393","0.8","29","0.81","234.09","0.01","80","19","752.09","2051.66","19872.29","12839.91","1781808163919","0xc05fc868141ee0eae60f092abb7ecfb0de2dfb564074f18fefa847aadbfba555","1684.17000000","1682.20000000","11.710854832956842230412555000",""
"31","2026-06-18T18:42:42.5250397+00:00","ETH","eth-updown-5m-1781808000","2585542","2026-06-18T18:40:00.0000000+00:00","2026-06-18T18:45:00.0000000+00:00","-162.525","162.525","137.475","Down","17591791386811154609095965976303693564520569177422496092498652550151428769695","0.19","238.49","0.2","49","0.01","19","80","2077.06","789.09","13137.31","20271.79","1781808164145","0xc05fc868141ee0eae60f092abb7ecfb0de2dfb564074f18fefa847aadbfba555","1684.17000000","1682.20000000","11.710854832956842230412555000",""
"31","2026-06-18T18:42:42.5250397+00:00","SOL","sol-updown-5m-1781808000","2585543","2026-06-18T18:40:00.0000000+00:00","2026-06-18T18:45:00.0000000+00:00","-162.525","162.525","137.475","Up","33883635556343746924049866166209953032521320774560384687032719094764384424169","0.81","68.02","0.83","24.92","0.0199999999999999","81","17","169.94","209.97","6118.86","2596.85","1781808164393","0x8ea26f6fb06e218ad5a9ed6ab3e8175ea846920303fde49cb2f463f33415c44b","68.64000000","68.56000000","11.668611435239206534422404000",""
"31","2026-06-18T18:42:42.5250397+00:00","SOL","sol-updown-5m-1781808000","2585543","2026-06-18T18:40:00.0000000+00:00","2026-06-18T18:45:00.0000000+00:00","-162.525","162.525","137.475","Down","84425178885795678785795856280303190499382832162788080471884105518012716799398","0.18","113.66","0.19","69.02","0.01","18","81","439.77","170.94","2447.85","5867.79","1781808164601","0x8ea26f6fb06e218ad5a9ed6ab3e8175ea846920303fde49cb2f463f33415c44b","68.64000000","68.56000000","11.668611435239206534422404000",""
"31","2026-06-18T18:42:42.5250397+00:00","BTC","btc-updown-5m-1781808300","2585640","2026-06-18T18:45:00.0000000+00:00","2026-06-18T18:50:00.0000000+00:00","137.475","-137.475","437.475","Up","96824105467343580693139780796131495794995377592943523159760401295298802171896","0.5","1301.05","0.51","397.33","0.01","50","49","3122.56","2453.49","47367.92","51058.92","1781808164231","0x276fe565b84e6f769293da985dc3b180e0cbecbff90c2eaa0bd8dadba73ab8c8","62742.26000000",,,""
"31","2026-06-18T18:42:42.5250397+00:00","BTC","btc-updown-5m-1781808300","2585640","2026-06-18T18:45:00.0000000+00:00","2026-06-18T18:50:00.0000000+00:00","137.475","-137.475","437.475","Down","26034517743168909246241273147224929566684869610305877377037263223183270955032","0.49","397.33","0.5","1301.05","0.01","49","50","2453.49","3122.56","51058.92","47367.92","1781808164231","0x276fe565b84e6f769293da985dc3b180e0cbecbff90c2eaa0bd8dadba73ab8c8","62742.26000000",,,""
"31","2026-06-18T18:42:42.5250397+00:00","ETH","eth-updown-5m-1781808300","2585643","2026-06-18T18:45:00.0000000+00:00","2026-06-18T18:50:00.0000000+00:00","137.475","-137.475","437.475","Up","102474497961668922711347552769699220123299855671283242332791480799824046437372","0.5","1015.15","0.51","80.05","0.01","50","49","1643.80","663.25","25737.35","24693.24","1781808165720","0x840a534e31b8aa9e3be0f55d32ac4df7d6ce18a9f83dbd0d9692bff516647896","1684.17000000",,,""
"31","2026-06-18T18:42:42.5250397+00:00","ETH","eth-updown-5m-1781808300","2585643","2026-06-18T18:45:00.0000000+00:00","2026-06-18T18:50:00.0000000+00:00","137.475","-137.475","437.475","Down","33125718133241705192250673813857380107029209118508563554468406354215970429790","0.49","80.05","0.5","1015.15","0.01","49","50","663.25","1643.80","24693.24","25737.35","1781808165720","0x840a534e31b8aa9e3be0f55d32ac4df7d6ce18a9f83dbd0d9692bff516647896","1684.17000000",,,""
"31","2026-06-18T18:42:42.5250397+00:00","SOL","sol-updown-5m-1781808300","2585647","2026-06-18T18:45:00.0000000+00:00","2026-06-18T18:50:00.0000000+00:00","137.475","-137.475","437.475","Up","78180369598222530494496686105271237794359355229256172907874710701699819593202","0.5","35.1","0.52","65.2","0.02","50","48","297.60","566.39","12832.12","12832.22","1781808150977","0x1f845170ad7636d870a6fd8677ea6ba340c9ae41df2ae093d51870e11f629bb5","68.64000000",,,""
"31","2026-06-18T18:42:42.5250397+00:00","SOL","sol-updown-5m-1781808300","2585647","2026-06-18T18:45:00.0000000+00:00","2026-06-18T18:50:00.0000000+00:00","137.475","-137.475","437.475","Down","38718264108816871162926615169095462346059506567975488925103461747350867366676","0.48","65.2","0.5","35.1","0.02","48","50","566.39","297.60","12832.22","12832.12","1781808150977","0x1f845170ad7636d870a6fd8677ea6ba340c9ae41df2ae093d51870e11f629bb5","68.64000000",,,""
"32","2026-06-18T18:43:02.2811711+00:00","SOL","sol-updown-5m-1781807700","2585048","2026-06-18T18:35:00.0000000+00:00","2026-06-18T18:40:00.0000000+00:00","-482.281","482.281","-182.281","Up","5718934818440668581581968206003614529786960382720153627545271500748299494477",,,,,,"0","0",,,,,"","","68.67000000","68.66000000","1.4564520827264782988639670000","The remote server returned an error: (404) Not Found."
"32","2026-06-18T18:43:02.2811711+00:00","SOL","sol-updown-5m-1781807700","2585048","2026-06-18T18:35:00.0000000+00:00","2026-06-18T18:40:00.0000000+00:00","-482.281","482.281","-182.281","Down","3229234571258476502341848318045383428101862893422608253097155093276200828639",,,,,,"0","0",,,,,"","","68.67000000","68.66000000","1.4564520827264782988639670000","The remote server returned an error: (404) Not Found."
"32","2026-06-18T18:43:02.2811711+00:00","BTC","btc-updown-5m-1781807700","2585050","2026-06-18T18:35:00.0000000+00:00","2026-06-18T18:40:00.0000000+00:00","-482.281","482.281","-182.281","Up","46402257018358606725498828349823690581856500639012482948187776046510407334125",,,,,,"0","0",,,,,"","","62716.01000000","62788.01000000","-11.467157503478769274579653000","The remote server returned an error: (404) Not Found."
"32","2026-06-18T18:43:02.2811711+00:00","BTC","btc-updown-5m-1781807700","2585050","2026-06-18T18:35:00.0000000+00:00","2026-06-18T18:40:00.0000000+00:00","-482.281","482.281","-182.281","Down","35139634345922391080903425544822142400697904488413383462188748186763652240871",,,,,,"0","0",,,,,"","","62716.01000000","62788.01000000","-11.467157503478769274579653000","The remote server returned an error: (404) Not Found."
"32","2026-06-18T18:43:02.2811711+00:00","ETH","eth-updown-5m-1781807700","2585051","2026-06-18T18:35:00.0000000+00:00","2026-06-18T18:40:00.0000000+00:00","-482.281","482.281","-182.281","Up","74461203961757261493458244738780826360022321825564372263353660790035729456590",,,,,,"0","0",,,,,"","","1684.42000000","1684.51000000","-0.5342799983377955607268580000","The remote server returned an error: (404) Not Found."
"32","2026-06-18T18:43:02.2811711+00:00","ETH","eth-updown-5m-1781807700","2585051","2026-06-18T18:35:00.0000000+00:00","2026-06-18T18:40:00.0000000+00:00","-482.281","482.281","-182.281","Down","75286087574843676929308633186286345137325290048145693264847879249489792447013",,,,,,"0","0",,,,,"","","1684.42000000","1684.51000000","-0.5342799983377955607268580000","The remote server returned an error: (404) Not Found."
"32","2026-06-18T18:43:02.2811711+00:00","BTC","btc-updown-5m-1781808000","2585540","2026-06-18T18:40:00.0000000+00:00","2026-06-18T18:45:00.0000000+00:00","-182.281","182.281","117.719","Up","68879465934683457163131433626470896869720839796689695720987328811090538744534","0.56","53.72","0.57","568.84","0.0099999999999999","56","43","1534.02","3237.02","45161.37","42024.87","1781808183267","0x37dff2886c68fce27cd0e881f9ba4b661221c1681afbb9b5ccf46d9807da43e7","62716.01000000","62722.91000000","-1.1000765111185051841504160000",""
"32","2026-06-18T18:43:02.2811711+00:00","BTC","btc-updown-5m-1781808000","2585540","2026-06-18T18:40:00.0000000+00:00","2026-06-18T18:45:00.0000000+00:00","-182.281","182.281","117.719","Down","90994024001936624995449612087221105721743657631296606584972031902449014752715","0.43","496.84","0.44","41.72","0.01","43","56","3177.25","1546.91","41974.14","50157.33","1781808183413","0x37dff2886c68fce27cd0e881f9ba4b661221c1681afbb9b5ccf46d9807da43e7","62716.01000000","62722.91000000","-1.1000765111185051841504160000",""
"32","2026-06-18T18:43:02.2811711+00:00","ETH","eth-updown-5m-1781808000","2585542","2026-06-18T18:40:00.0000000+00:00","2026-06-18T18:45:00.0000000+00:00","-182.281","182.281","117.719","Up","49849740713050321516107817410296468449911255652199205726679896866087747161393","0.91","60","0.92","300.18","0.01","91","8","1222.9","2901.36","25339.19","5846.98","1781808183585","0xc05fc868141ee0eae60f092abb7ecfb0de2dfb564074f18fefa847aadbfba555","1684.42000000","1682.20000000","13.197003923433598858637499000",""
"32","2026-06-18T18:43:02.2811711+00:00","ETH","eth-updown-5m-1781808000","2585542","2026-06-18T18:40:00.0000000+00:00","2026-06-18T18:45:00.0000000+00:00","-182.281","182.281","117.719","Down","17591791386811154609095965976303693564520569177422496092498652550151428769695","0.08","316.69","0.09","60","0.01","8","91","2908.44","1664.09","5854.06","25775.38","1781808183700","0xc05fc868141ee0eae60f092abb7ecfb0de2dfb564074f18fefa847aadbfba555","1684.42000000","1682.20000000","13.197003923433598858637499000",""
"32","2026-06-18T18:43:02.2811711+00:00","SOL","sol-updown-5m-1781808000","2585543","2026-06-18T18:40:00.0000000+00:00","2026-06-18T18:45:00.0000000+00:00","-182.281","182.281","117.719","Up","33883635556343746924049866166209953032521320774560384687032719094764384424169","0.92","101.93","0.93","90.43","0.01","92","7","399.23","1346.13","7165.34","2375.02","1781808183927","0x8ea26f6fb06e218ad5a9ed6ab3e8175ea846920303fde49cb2f463f33415c44b","68.67000000","68.56000000","16.044340723453908984830805000",""
"32","2026-06-18T18:43:02.2811711+00:00","SOL","sol-updown-5m-1781808000","2585543","2026-06-18T18:40:00.0000000+00:00","2026-06-18T18:45:00.0000000+00:00","-182.281","182.281","117.719","Down","84425178885795678785795856280303190499382832162788080471884105518012716799398","0.07","90.43","0.08","101.93","0.01","7","92","1346.13","388.23","2380.02","7168.34","1781808184040","0x8ea26f6fb06e218ad5a9ed6ab3e8175ea846920303fde49cb2f463f33415c44b","68.67000000","68.56000000","16.044340723453908984830805000",""
"32","2026-06-18T18:43:02.2811711+00:00","BTC","btc-updown-5m-1781808300","2585640","2026-06-18T18:45:00.0000000+00:00","2026-06-18T18:50:00.0000000+00:00","117.719","-117.719","417.719","Up","96824105467343580693139780796131495794995377592943523159760401295298802171896","0.5","1301.05","0.51","462","0.01","50","49","2762.57","2148.17","47642.93","51398.60","1781808183577","0x276fe565b84e6f769293da985dc3b180e0cbecbff90c2eaa0bd8dadba73ab8c8","62716.01000000",,,""
"32","2026-06-18T18:43:02.2811711+00:00","BTC","btc-updown-5m-1781808300","2585640","2026-06-18T18:45:00.0000000+00:00","2026-06-18T18:50:00.0000000+00:00","117.719","-117.719","417.719","Down","26034517743168909246241273147224929566684869610305877377037263223183270955032","0.49","462","0.5","1301.05","0.01","49","50","2148.17","2762.57","51398.60","47642.93","1781808183577","0x276fe565b84e6f769293da985dc3b180e0cbecbff90c2eaa0bd8dadba73ab8c8","62716.01000000",,,""
"32","2026-06-18T18:43:02.2811711+00:00","ETH","eth-updown-5m-1781808300","2585643","2026-06-18T18:45:00.0000000+00:00","2026-06-18T18:50:00.0000000+00:00","117.719","-117.719","417.719","Up","102474497961668922711347552769699220123299855671283242332791480799824046437372","0.5","1010.15","0.51","80.05","0.01","49","49","1822.36","648.25","25702.35","24663.24","1781808180872","0x840a534e31b8aa9e3be0f55d32ac4df7d6ce18a9f83dbd0d9692bff516647896","1684.42000000",,,""
"32","2026-06-18T18:43:02.2811711+00:00","ETH","eth-updown-5m-1781808300","2585643","2026-06-18T18:45:00.0000000+00:00","2026-06-18T18:50:00.0000000+00:00","117.719","-117.719","417.719","Down","33125718133241705192250673813857380107029209118508563554468406354215970429790","0.49","80.05","0.5","1010.15","0.01","49","49","648.25","1822.36","24663.24","25702.35","1781808180872","0x840a534e31b8aa9e3be0f55d32ac4df7d6ce18a9f83dbd0d9692bff516647896","1684.42000000",,,""
"32","2026-06-18T18:43:02.2811711+00:00","SOL","sol-updown-5m-1781808300","2585647","2026-06-18T18:45:00.0000000+00:00","2026-06-18T18:50:00.0000000+00:00","117.719","-117.719","417.719","Up","78180369598222530494496686105271237794359355229256172907874710701699819593202","0.5","35.1","0.52","65.2","0.02","50","48","237.60","491.39","12822.12","12822.22","1781808180958","0x1f845170ad7636d870a6fd8677ea6ba340c9ae41df2ae093d51870e11f629bb5","68.67000000",,,""
"32","2026-06-18T18:43:02.2811711+00:00","SOL","sol-updown-5m-1781808300","2585647","2026-06-18T18:45:00.0000000+00:00","2026-06-18T18:50:00.0000000+00:00","117.719","-117.719","417.719","Down","38718264108816871162926615169095462346059506567975488925103461747350867366676","0.48","65.2","0.5","35.1","0.02","48","50","491.39","237.60","12822.22","12822.12","1781808180958","0x1f845170ad7636d870a6fd8677ea6ba340c9ae41df2ae093d51870e11f629bb5","68.67000000",,,""
"33","2026-06-18T18:43:22.3698341+00:00","SOL","sol-updown-5m-1781807700","2585048","2026-06-18T18:35:00.0000000+00:00","2026-06-18T18:40:00.0000000+00:00","-502.37","502.37","-202.37","Up","5718934818440668581581968206003614529786960382720153627545271500748299494477",,,,,,"0","0",,,,,"","","68.72000000","68.66000000","8.738712496358869793183804000","The remote server returned an error: (404) Not Found."
"33","2026-06-18T18:43:22.3698341+00:00","SOL","sol-updown-5m-1781807700","2585048","2026-06-18T18:35:00.0000000+00:00","2026-06-18T18:40:00.0000000+00:00","-502.37","502.37","-202.37","Down","3229234571258476502341848318045383428101862893422608253097155093276200828639",,,,,,"0","0",,,,,"","","68.72000000","68.66000000","8.738712496358869793183804000","The remote server returned an error: (404) Not Found."
"33","2026-06-18T18:43:22.3698341+00:00","BTC","btc-updown-5m-1781807700","2585050","2026-06-18T18:35:00.0000000+00:00","2026-06-18T18:40:00.0000000+00:00","-502.37","502.37","-202.37","Up","46402257018358606725498828349823690581856500639012482948187776046510407334125",,,,,,"0","0",,,,,"","","62744.01000000","62788.01000000","-7.0077073632370256677986770000","The remote server returned an error: (404) Not Found."
"33","2026-06-18T18:43:22.3698341+00:00","BTC","btc-updown-5m-1781807700","2585050","2026-06-18T18:35:00.0000000+00:00","2026-06-18T18:40:00.0000000+00:00","-502.37","502.37","-202.37","Down","35139634345922391080903425544822142400697904488413383462188748186763652240871",,,,,,"0","0",,,,,"","","62744.01000000","62788.01000000","-7.0077073632370256677986770000","The remote server returned an error: (404) Not Found."
"33","2026-06-18T18:43:22.3698341+00:00","ETH","eth-updown-5m-1781807700","2585051","2026-06-18T18:35:00.0000000+00:00","2026-06-18T18:40:00.0000000+00:00","-502.37","502.37","-202.37","Up","74461203961757261493458244738780826360022321825564372263353660790035729456590",,,,,,"0","0",,,,,"","","1685.28000000","1684.51000000","4.5710622080011397973297870000","The remote server returned an error: (404) Not Found."
"33","2026-06-18T18:43:22.3698341+00:00","ETH","eth-updown-5m-1781807700","2585051","2026-06-18T18:35:00.0000000+00:00","2026-06-18T18:40:00.0000000+00:00","-502.37","502.37","-202.37","Down","75286087574843676929308633186286345137325290048145693264847879249489792447013",,,,,,"0","0",,,,,"","","1685.28000000","1684.51000000","4.5710622080011397973297870000","The remote server returned an error: (404) Not Found."
"33","2026-06-18T18:43:22.3698341+00:00","BTC","btc-updown-5m-1781808000","2585540","2026-06-18T18:40:00.0000000+00:00","2026-06-18T18:45:00.0000000+00:00","-202.37","202.37","97.63","Up","68879465934683457163131433626470896869720839796689695720987328811090538744534","0.78","449.93","0.79","273.02","0.01","78","21","1968.84","3514.36","52601.12","30484.19","1781808203224","0x37dff2886c68fce27cd0e881f9ba4b661221c1681afbb9b5ccf46d9807da43e7","62744.01000000","62722.91000000","3.364002084724704258778810000",""
"33","2026-06-18T18:43:22.3698341+00:00","BTC","btc-updown-5m-1781808000","2585540","2026-06-18T18:40:00.0000000+00:00","2026-06-18T18:45:00.0000000+00:00","-202.37","202.37","97.63","Down","90994024001936624995449612087221105721743657631296606584972031902449014752715","0.21","281.02","0.22","501.93","0.01","21","78","3522.36","2060.84","30594.19","51953.33","1781808203366","0x37dff2886c68fce27cd0e881f9ba4b661221c1681afbb9b5ccf46d9807da43e7","62744.01000000","62722.91000000","3.364002084724704258778810000",""
"33","2026-06-18T18:43:22.3698341+00:00","ETH","eth-updown-5m-1781808000","2585542","2026-06-18T18:40:00.0000000+00:00","2026-06-18T18:45:00.0000000+00:00","-202.37","202.37","97.63","Up","49849740713050321516107817410296468449911255652199205726679896866087747161393","0.97","22.88","0.98","258.94","0.01","97","2","3011.84","2181.48","26649.78","2181.48","1781808203540","0xc05fc868141ee0eae60f092abb7ecfb0de2dfb564074f18fefa847aadbfba555","1685.28000000","1682.20000000","18.309356794673641659731304000",""
"33","2026-06-18T18:43:22.3698341+00:00","ETH","eth-updown-5m-1781808000","2585542","2026-06-18T18:40:00.0000000+00:00","2026-06-18T18:45:00.0000000+00:00","-202.37","202.37","97.63","Down","17591791386811154609095965976303693564520569177422496092498652550151428769695","0.02","183.94","0.03","29.44","0.01","2","97","1706.48","2682.40","1706.48","26230.84","1781808203701","0xc05fc868141ee0eae60f092abb7ecfb0de2dfb564074f18fefa847aadbfba555","1685.28000000","1682.20000000","18.309356794673641659731304000",""
"33","2026-06-18T18:43:22.3698341+00:00","SOL","sol-updown-5m-1781808000","2585543","2026-06-18T18:40:00.0000000+00:00","2026-06-18T18:45:00.0000000+00:00","-202.37","202.37","97.63","Up","33883635556343746924049866166209953032521320774560384687032719094764384424169","0.97","233.45","0.98","48.21","0.01","97","2","886.10","688.42","7401.77","688.42","1781808203858","0x8ea26f6fb06e218ad5a9ed6ab3e8175ea846920303fde49cb2f463f33415c44b","68.72000000","68.56000000","23.337222870478413068844807000",""
"33","2026-06-18T18:43:22.3698341+00:00","SOL","sol-updown-5m-1781808000","2585543","2026-06-18T18:40:00.0000000+00:00","2026-06-18T18:45:00.0000000+00:00","-202.37","202.37","97.63","Down","84425178885795678785795856280303190499382832162788080471884105518012716799398","0.02","43.52","0.03","233.45","0.01","2","97","1215.03","1294.58","1215.03","7827.54","1781808204051","0x8ea26f6fb06e218ad5a9ed6ab3e8175ea846920303fde49cb2f463f33415c44b","68.72000000","68.56000000","23.337222870478413068844807000",""
"33","2026-06-18T18:43:22.3698341+00:00","BTC","btc-updown-5m-1781808300","2585640","2026-06-18T18:45:00.0000000+00:00","2026-06-18T18:50:00.0000000+00:00","97.63","-97.63","397.63","Up","96824105467343580693139780796131495794995377592943523159760401295298802171896","0.5","1350.15","0.51","387","0.01","50","49","3096.67","2508.17","47689.03","51470.60","1781808201983","0x276fe565b84e6f769293da985dc3b180e0cbecbff90c2eaa0bd8dadba73ab8c8","62744.01000000",,,""
"33","2026-06-18T18:43:22.3698341+00:00","BTC","btc-updown-5m-1781808300","2585640","2026-06-18T18:45:00.0000000+00:00","2026-06-18T18:50:00.0000000+00:00","97.63","-97.63","397.63","Down","26034517743168909246241273147224929566684869610305877377037263223183270955032","0.49","387","0.5","1350.15","0.01","49","50","2508.17","3096.67","51470.60","47689.03","1781808201983","0x276fe565b84e6f769293da985dc3b180e0cbecbff90c2eaa0bd8dadba73ab8c8","62744.01000000",,,""
"33","2026-06-18T18:43:22.3698341+00:00","ETH","eth-updown-5m-1781808300","2585643","2026-06-18T18:45:00.0000000+00:00","2026-06-18T18:50:00.0000000+00:00","97.63","-97.63","397.63","Up","102474497961668922711347552769699220123299855671283242332791480799824046437372","0.5","10.15","0.51","80.05","0.01","49","49","822.36","768.25","24617.35","24578.24","1781808203796","0x840a534e31b8aa9e3be0f55d32ac4df7d6ce18a9f83dbd0d9692bff516647896","1685.28000000",,,""
"33","2026-06-18T18:43:22.3698341+00:00","ETH","eth-updown-5m-1781808300","2585643","2026-06-18T18:45:00.0000000+00:00","2026-06-18T18:50:00.0000000+00:00","97.63","-97.63","397.63","Down","33125718133241705192250673813857380107029209118508563554468406354215970429790","0.49","80.05","0.5","10.15","0.01","49","49","768.25","822.36","24578.24","24617.35","1781808203796","0x840a534e31b8aa9e3be0f55d32ac4df7d6ce18a9f83dbd0d9692bff516647896","1685.28000000",,,""
"33","2026-06-18T18:43:22.3698341+00:00","SOL","sol-updown-5m-1781808300","2585647","2026-06-18T18:45:00.0000000+00:00","2026-06-18T18:50:00.0000000+00:00","97.63","-97.63","397.63","Up","78180369598222530494496686105271237794359355229256172907874710701699819593202","0.5","10.1","0.51","30.05","0.01","50","49","237.60","285.11","12807.12","12807.07","1781808201006","0x1f845170ad7636d870a6fd8677ea6ba340c9ae41df2ae093d51870e11f629bb5","68.72000000",,,""
"33","2026-06-18T18:43:22.3698341+00:00","SOL","sol-updown-5m-1781808300","2585647","2026-06-18T18:45:00.0000000+00:00","2026-06-18T18:50:00.0000000+00:00","97.63","-97.63","397.63","Down","38718264108816871162926615169095462346059506567975488925103461747350867366676","0.49","30.05","0.5","10.1","0.01","49","50","285.11","237.60","12807.07","12807.12","1781808201006","0x1f845170ad7636d870a6fd8677ea6ba340c9ae41df2ae093d51870e11f629bb5","68.72000000",,,""
"34","2026-06-18T18:43:40.9367440+00:00","SOL","sol-updown-5m-1781807700","2585048","2026-06-18T18:35:00.0000000+00:00","2026-06-18T18:40:00.0000000+00:00","-520.937","520.937","-220.937","Up","5718934818440668581581968206003614529786960382720153627545271500748299494477",,,,,,"0","0",,,,,"","","68.73000000","68.66000000","10.195164579085348092047772000","The remote server returned an error: (404) Not Found."
"34","2026-06-18T18:43:40.9367440+00:00","SOL","sol-updown-5m-1781807700","2585048","2026-06-18T18:35:00.0000000+00:00","2026-06-18T18:40:00.0000000+00:00","-520.937","520.937","-220.937","Down","3229234571258476502341848318045383428101862893422608253097155093276200828639",,,,,,"0","0",,,,,"","","68.73000000","68.66000000","10.195164579085348092047772000","The remote server returned an error: (404) Not Found."
"34","2026-06-18T18:43:40.9367440+00:00","BTC","btc-updown-5m-1781807700","2585050","2026-06-18T18:35:00.0000000+00:00","2026-06-18T18:40:00.0000000+00:00","-520.937","520.937","-220.937","Up","46402257018358606725498828349823690581856500639012482948187776046510407334125",,,,,,"0","0",,,,,"","","62773.99000000","62788.01000000","-2.232910391649615905966760000","The remote server returned an error: (404) Not Found."
"34","2026-06-18T18:43:40.9367440+00:00","BTC","btc-updown-5m-1781807700","2585050","2026-06-18T18:35:00.0000000+00:00","2026-06-18T18:40:00.0000000+00:00","-520.937","520.937","-220.937","Down","35139634345922391080903425544822142400697904488413383462188748186763652240871",,,,,,"0","0",,,,,"","","62773.99000000","62788.01000000","-2.232910391649615905966760000","The remote server returned an error: (404) Not Found."
"34","2026-06-18T18:43:40.9367440+00:00","ETH","eth-updown-5m-1781807700","2585051","2026-06-18T18:35:00.0000000+00:00","2026-06-18T18:40:00.0000000+00:00","-520.937","520.937","-220.937","Up","74461203961757261493458244738780826360022321825564372263353660790035729456590",,,,,,"0","0",,,,,"","","1685.81000000","1684.51000000","7.7173777537681580993879530000","The remote server returned an error: (404) Not Found."
"34","2026-06-18T18:43:40.9367440+00:00","ETH","eth-updown-5m-1781807700","2585051","2026-06-18T18:35:00.0000000+00:00","2026-06-18T18:40:00.0000000+00:00","-520.937","520.937","-220.937","Down","75286087574843676929308633186286345137325290048145693264847879249489792447013",,,,,,"0","0",,,,,"","","1685.81000000","1684.51000000","7.7173777537681580993879530000","The remote server returned an error: (404) Not Found."
"34","2026-06-18T18:43:40.9367440+00:00","BTC","btc-updown-5m-1781808000","2585540","2026-06-18T18:40:00.0000000+00:00","2026-06-18T18:45:00.0000000+00:00","-220.937","220.937","79.063","Up","68879465934683457163131433626470896869720839796689695720987328811090538744534","0.94","627.54","0.96","834.79","0.02","94","4","3434.76","10688.84","56159.10","10688.84","1781808222494","0x37dff2886c68fce27cd0e881f9ba4b661221c1681afbb9b5ccf46d9807da43e7","62773.99000000","62722.91000000","8.143754809845397798029460000",""
"34","2026-06-18T18:43:40.9367440+00:00","BTC","btc-updown-5m-1781808000","2585540","2026-06-18T18:40:00.0000000+00:00","2026-06-18T18:45:00.0000000+00:00","-220.937","220.937","79.063","Down","90994024001936624995449612087221105721743657631296606584972031902449014752715","0.04","662.26","0.05","1612.67","0.01","4","95","8702.95","5160.69","8702.95","57135.36","1781808222753","0x37dff2886c68fce27cd0e881f9ba4b661221c1681afbb9b5ccf46d9807da43e7","62773.99000000","62722.91000000","8.143754809845397798029460000",""
"34","2026-06-18T18:43:40.9367440+00:00","ETH","eth-updown-5m-1781808000","2585542","2026-06-18T18:40:00.0000000+00:00","2026-06-18T18:45:00.0000000+00:00","-220.937","220.937","79.063","Up","49849740713050321516107817410296468449911255652199205726679896866087747161393","0.98","507.18","0.99","257.57","0.01","98",,"4027.59","257.57","27939.48","257.57","1781808222993","0xc05fc868141ee0eae60f092abb7ecfb0de2dfb564074f18fefa847aadbfba555","1685.81000000","1682.20000000","21.459992866484365711568185000",""
"34","2026-06-18T18:43:40.9367440+00:00","ETH","eth-updown-5m-1781808000","2585542","2026-06-18T18:40:00.0000000+00:00","2026-06-18T18:45:00.0000000+00:00","-220.937","220.937","79.063","Down","17591791386811154609095965976303693564520569177422496092498652550151428769695","0.01","344.2","0.02","142.5","0.01",,"98","344.2","3658.75","344.2","27586.54","1781808223621","0xc05fc868141ee0eae60f092abb7ecfb0de2dfb564074f18fefa847aadbfba555","1685.81000000","1682.20000000","21.459992866484365711568185000",""
"34","2026-06-18T18:43:40.9367440+00:00","SOL","sol-updown-5m-1781808000","2585543","2026-06-18T18:40:00.0000000+00:00","2026-06-18T18:45:00.0000000+00:00","-220.937","220.937","79.063","Up","33883635556343746924049866166209953032521320774560384687032719094764384424169","0.98","323.19","0.99","154.7","0.01","98",,"1641.98","154.7","8691.50","154.7","1781808223752","0x8ea26f6fb06e218ad5a9ed6ab3e8175ea846920303fde49cb2f463f33415c44b","68.73000000","68.56000000","24.795799299883313885647608000",""
"34","2026-06-18T18:43:40.9367440+00:00","SOL","sol-updown-5m-1781808000","2585543","2026-06-18T18:40:00.0000000+00:00","2026-06-18T18:45:00.0000000+00:00","-220.937","220.937","79.063","Down","84425178885795678785795856280303190499382832162788080471884105518012716799398","0.01","154.7","0.02","323.19","0.01",,"98","154.7","1641.98","154.7","8691.50","1781808223993","0x8ea26f6fb06e218ad5a9ed6ab3e8175ea846920303fde49cb2f463f33415c44b","68.73000000","68.56000000","24.795799299883313885647608000",""
"34","2026-06-18T18:43:40.9367440+00:00","BTC","btc-updown-5m-1781808300","2585640","2026-06-18T18:45:00.0000000+00:00","2026-06-18T18:50:00.0000000+00:00","79.063","-79.063","379.063","Up","96824105467343580693139780796131495794995377592943523159760401295298802171896","0.5","375.15","0.51","430.09","0.01","50","49","2436.18","2126.26","46596.07","51398.69","1781808223785","0x276fe565b84e6f769293da985dc3b180e0cbecbff90c2eaa0bd8dadba73ab8c8","62773.99000000",,,""
"34","2026-06-18T18:43:40.9367440+00:00","BTC","btc-updown-5m-1781808300","2585640","2026-06-18T18:45:00.0000000+00:00","2026-06-18T18:50:00.0000000+00:00","79.063","-79.063","379.063","Down","26034517743168909246241273147224929566684869610305877377037263223183270955032","0.49","430.09","0.5","375.15","0.01","49","50","2126.26","2436.18","51398.69","46596.07","1781808223785","0x276fe565b84e6f769293da985dc3b180e0cbecbff90c2eaa0bd8dadba73ab8c8","62773.99000000",,,""
"34","2026-06-18T18:43:40.9367440+00:00","ETH","eth-updown-5m-1781808300","2585643","2026-06-18T18:45:00.0000000+00:00","2026-06-18T18:50:00.0000000+00:00","79.063","-79.063","379.063","Up","102474497961668922711347552769699220123299855671283242332791480799824046437372","0.5","10.15","0.51","80.05","0.01","49","49","822.36","888.25","24677.35","24648.24","1781808224227","0x840a534e31b8aa9e3be0f55d32ac4df7d6ce18a9f83dbd0d9692bff516647896","1685.81000000",,,""
"34","2026-06-18T18:43:40.9367440+00:00","ETH","eth-updown-5m-1781808300","2585643","2026-06-18T18:45:00.0000000+00:00","2026-06-18T18:50:00.0000000+00:00","79.063","-79.063","379.063","Down","33125718133241705192250673813857380107029209118508563554468406354215970429790","0.49","80.05","0.5","10.15","0.01","49","49","888.25","822.36","24648.24","24677.35","1781808224227","0x840a534e31b8aa9e3be0f55d32ac4df7d6ce18a9f83dbd0d9692bff516647896","1685.81000000",,,""
"34","2026-06-18T18:43:40.9367440+00:00","SOL","sol-updown-5m-1781808300","2585647","2026-06-18T18:45:00.0000000+00:00","2026-06-18T18:50:00.0000000+00:00","79.063","-79.063","379.063","Up","78180369598222530494496686105271237794359355229256172907874710701699819593202","0.5","10.1","0.51","30.05","0.01","50","49","297.60","305.11","12757.12","12747.07","1781808224000","0x1f845170ad7636d870a6fd8677ea6ba340c9ae41df2ae093d51870e11f629bb5","68.73000000",,,""
"34","2026-06-18T18:43:40.9367440+00:00","SOL","sol-updown-5m-1781808300","2585647","2026-06-18T18:45:00.0000000+00:00","2026-06-18T18:50:00.0000000+00:00","79.063","-79.063","379.063","Down","38718264108816871162926615169095462346059506567975488925103461747350867366676","0.49","30.05","0.5","10.1","0.01","49","50","305.11","297.60","12747.07","12757.12","1781808224000","0x1f845170ad7636d870a6fd8677ea6ba340c9ae41df2ae093d51870e11f629bb5","68.73000000",,,""
"35","2026-06-18T18:44:00.6358615+00:00","SOL","sol-updown-5m-1781807700","2585048","2026-06-18T18:35:00.0000000+00:00","2026-06-18T18:40:00.0000000+00:00","-540.636","540.636","-240.636","Up","5718934818440668581581968206003614529786960382720153627545271500748299494477",,,,,,"0","0",,,,,"","","68.74000000","68.66000000","11.651616661811826390911739000","The remote server returned an error: (404) Not Found."
"35","2026-06-18T18:44:00.6358615+00:00","SOL","sol-updown-5m-1781807700","2585048","2026-06-18T18:35:00.0000000+00:00","2026-06-18T18:40:00.0000000+00:00","-540.636","540.636","-240.636","Down","3229234571258476502341848318045383428101862893422608253097155093276200828639",,,,,,"0","0",,,,,"","","68.74000000","68.66000000","11.651616661811826390911739000","The remote server returned an error: (404) Not Found."
"35","2026-06-18T18:44:00.6358615+00:00","BTC","btc-updown-5m-1781807700","2585050","2026-06-18T18:35:00.0000000+00:00","2026-06-18T18:40:00.0000000+00:00","-540.636","540.636","-240.636","Up","46402257018358606725498828349823690581856500639012482948187776046510407334125",,,,,,"0","0",,,,,"","","62784.01000000","62788.01000000","-0.6370643057488205152544250000","The remote server returned an error: (404) Not Found."
"35","2026-06-18T18:44:00.6358615+00:00","BTC","btc-updown-5m-1781807700","2585050","2026-06-18T18:35:00.0000000+00:00","2026-06-18T18:40:00.0000000+00:00","-540.636","540.636","-240.636","Down","35139634345922391080903425544822142400697904488413383462188748186763652240871",,,,,,"0","0",,,,,"","","62784.01000000","62788.01000000","-0.6370643057488205152544250000","The remote server returned an error: (404) Not Found."
"35","2026-06-18T18:44:00.6358615+00:00","ETH","eth-updown-5m-1781807700","2585051","2026-06-18T18:35:00.0000000+00:00","2026-06-18T18:40:00.0000000+00:00","-540.636","540.636","-240.636","Up","74461203961757261493458244738780826360022321825564372263353660790035729456590",,,,,,"0","0",,,,,"","","1685.70000000","1684.51000000","7.0643688669108524140551260000","The remote server returned an error: (404) Not Found."
"35","2026-06-18T18:44:00.6358615+00:00","ETH","eth-updown-5m-1781807700","2585051","2026-06-18T18:35:00.0000000+00:00","2026-06-18T18:40:00.0000000+00:00","-540.636","540.636","-240.636","Down","75286087574843676929308633186286345137325290048145693264847879249489792447013",,,,,,"0","0",,,,,"","","1685.70000000","1684.51000000","7.0643688669108524140551260000","The remote server returned an error: (404) Not Found."
"35","2026-06-18T18:44:00.6358615+00:00","BTC","btc-updown-5m-1781808000","2585540","2026-06-18T18:40:00.0000000+00:00","2026-06-18T18:45:00.0000000+00:00","-240.636","240.636","59.364","Up","68879465934683457163131433626470896869720839796689695720987328811090538744534","0.96","180.72","0.97","275.88","0.01","96","3","3268.79","8001.93","55833.42","8001.93","1781808242460","0x37dff2886c68fce27cd0e881f9ba4b661221c1681afbb9b5ccf46d9807da43e7","62784.01000000","62722.91000000","9.741257221643574891534847000",""
"35","2026-06-18T18:44:00.6358615+00:00","BTC","btc-updown-5m-1781808000","2585540","2026-06-18T18:40:00.0000000+00:00","2026-06-18T18:45:00.0000000+00:00","-240.636","240.636","59.364","Down","90994024001936624995449612087221105721743657631296606584972031902449014752715","0.03","745.21","0.04","107","0.01","3","96","8521.26","3109.50","8521.26","54908.26","1781808242630","0x37dff2886c68fce27cd0e881f9ba4b661221c1681afbb9b5ccf46d9807da43e7","62784.01000000","62722.91000000","9.741257221643574891534847000",""
"35","2026-06-18T18:44:00.6358615+00:00","ETH","eth-updown-5m-1781808000","2585542","2026-06-18T18:40:00.0000000+00:00","2026-06-18T18:45:00.0000000+00:00","-240.636","240.636","59.364","Up","49849740713050321516107817410296468449911255652199205726679896866087747161393","0.99","1893.16",,,,"99","0","3252.03","0","23351.02","0","1781808243316","0xc05fc868141ee0eae60f092abb7ecfb0de2dfb564074f18fefa847aadbfba555","1685.70000000","1682.20000000","20.806087266674592795149209000",""
"35","2026-06-18T18:44:00.6358615+00:00","ETH","eth-updown-5m-1781808000","2585542","2026-06-18T18:40:00.0000000+00:00","2026-06-18T18:45:00.0000000+00:00","-240.636","240.636","59.364","Down","17591791386811154609095965976303693564520569177422496092498652550151428769695",,,"0.01","1893.16",,"0","99","0","3252.03","0","23357.02","1781808243422","0xc05fc868141ee0eae60f092abb7ecfb0de2dfb564074f18fefa847aadbfba555","1685.70000000","1682.20000000","20.806087266674592795149209000",""
"35","2026-06-18T18:44:00.6358615+00:00","SOL","sol-updown-5m-1781808000","2585543","2026-06-18T18:40:00.0000000+00:00","2026-06-18T18:45:00.0000000+00:00","-240.636","240.636","59.364","Up","33883635556343746924049866166209953032521320774560384687032719094764384424169","0.99","537.5",,,,"99","0","1530.59","0","8864.33","0","1781808243540","0x8ea26f6fb06e218ad5a9ed6ab3e8175ea846920303fde49cb2f463f33415c44b","68.74000000","68.56000000","26.254375729288214702450408000",""
"35","2026-06-18T18:44:00.6358615+00:00","SOL","sol-updown-5m-1781808000","2585543","2026-06-18T18:40:00.0000000+00:00","2026-06-18T18:45:00.0000000+00:00","-240.636","240.636","59.364","Down","84425178885795678785795856280303190499382832162788080471884105518012716799398",,,"0.01","537.5",,"0","99","0","1430.59","0","8859.33","1781808244466","0x8ea26f6fb06e218ad5a9ed6ab3e8175ea846920303fde49cb2f463f33415c44b","68.74000000","68.56000000","26.254375729288214702450408000",""
"35","2026-06-18T18:44:00.6358615+00:00","BTC","btc-updown-5m-1781808300","2585640","2026-06-18T18:45:00.0000000+00:00","2026-06-18T18:50:00.0000000+00:00","59.364","-59.364","359.364","Up","96824105467343580693139780796131495794995377592943523159760401295298802171896","0.5","1368.15","0.51","405.22","0.01","50","49","3307.35","2038.00","47009.06","50867.81","1781808244462","0x276fe565b84e6f769293da985dc3b180e0cbecbff90c2eaa0bd8dadba73ab8c8","62784.01000000",,,""
"35","2026-06-18T18:44:00.6358615+00:00","BTC","btc-updown-5m-1781808300","2585640","2026-06-18T18:45:00.0000000+00:00","2026-06-18T18:50:00.0000000+00:00","59.364","-59.364","359.364","Down","26034517743168909246241273147224929566684869610305877377037263223183270955032","0.49","405.22","0.5","1356.94","0.01","49","50","2038.00","3296.14","50867.81","46997.85","1781808244781","0x276fe565b84e6f769293da985dc3b180e0cbecbff90c2eaa0bd8dadba73ab8c8","62784.01000000",,,""
"35","2026-06-18T18:44:00.6358615+00:00","ETH","eth-updown-5m-1781808300","2585643","2026-06-18T18:45:00.0000000+00:00","2026-06-18T18:50:00.0000000+00:00","59.364","-59.364","359.364","Up","102474497961668922711347552769699220123299855671283242332791480799824046437372","0.48","1035","0.51","110.05","0.03","48","49","2041.19","735.19","24982.57","23930.41","1781808244035","0x840a534e31b8aa9e3be0f55d32ac4df7d6ce18a9f83dbd0d9692bff516647896","1685.70000000",,,""
"35","2026-06-18T18:44:00.6358615+00:00","ETH","eth-updown-5m-1781808300","2585643","2026-06-18T18:45:00.0000000+00:00","2026-06-18T18:50:00.0000000+00:00","59.364","-59.364","359.364","Down","33125718133241705192250673813857380107029209118508563554468406354215970429790","0.49","110.05","0.52","1035","0.03","49","48","735.19","2041.19","23930.41","24987.57","1781808245273","0x840a534e31b8aa9e3be0f55d32ac4df7d6ce18a9f83dbd0d9692bff516647896","1685.70000000",,,""
"35","2026-06-18T18:44:00.6358615+00:00","SOL","sol-updown-5m-1781808300","2585647","2026-06-18T18:45:00.0000000+00:00","2026-06-18T18:50:00.0000000+00:00","59.364","-59.364","359.364","Up","78180369598222530494496686105271237794359355229256172907874710701699819593202","0.5","10.1","0.51","30.05","0.01","50","49","279.1","282.05","12019.29","12019.24","1781808244004","0x1f845170ad7636d870a6fd8677ea6ba340c9ae41df2ae093d51870e11f629bb5","68.74000000",,,""
"35","2026-06-18T18:44:00.6358615+00:00","SOL","sol-updown-5m-1781808300","2585647","2026-06-18T18:45:00.0000000+00:00","2026-06-18T18:50:00.0000000+00:00","59.364","-59.364","359.364","Down","38718264108816871162926615169095462346059506567975488925103461747350867366676","0.49","30.05","0.5","10.1","0.01","49","50","282.05","279.1","12019.24","12019.29","1781808244004","0x1f845170ad7636d870a6fd8677ea6ba340c9ae41df2ae093d51870e11f629bb5","68.74000000",,,""
"36","2026-06-18T18:44:21.6468905+00:00","SOL","sol-updown-5m-1781807700","2585048","2026-06-18T18:35:00.0000000+00:00","2026-06-18T18:40:00.0000000+00:00","-561.647","561.647","-261.647","Up","5718934818440668581581968206003614529786960382720153627545271500748299494477",,,,,,"0","0",,,,,"","","68.75000000","68.66000000","13.108068744538304689775706000","The remote server returned an error: (404) Not Found."
"36","2026-06-18T18:44:21.6468905+00:00","SOL","sol-updown-5m-1781807700","2585048","2026-06-18T18:35:00.0000000+00:00","2026-06-18T18:40:00.0000000+00:00","-561.647","561.647","-261.647","Down","3229234571258476502341848318045383428101862893422608253097155093276200828639",,,,,,"0","0",,,,,"","","68.75000000","68.66000000","13.108068744538304689775706000","The remote server returned an error: (404) Not Found."
"36","2026-06-18T18:44:21.6468905+00:00","BTC","btc-updown-5m-1781807700","2585050","2026-06-18T18:35:00.0000000+00:00","2026-06-18T18:40:00.0000000+00:00","-561.647","561.647","-261.647","Up","46402257018358606725498828349823690581856500639012482948187776046510407334125",,,,,,"0","0",,,,,"","","62780.00000000","62788.01000000","-1.2757212722620130817969860000","The remote server returned an error: (404) Not Found."
"36","2026-06-18T18:44:21.6468905+00:00","BTC","btc-updown-5m-1781807700","2585050","2026-06-18T18:35:00.0000000+00:00","2026-06-18T18:40:00.0000000+00:00","-561.647","561.647","-261.647","Down","35139634345922391080903425544822142400697904488413383462188748186763652240871",,,,,,"0","0",,,,,"","","62780.00000000","62788.01000000","-1.2757212722620130817969860000","The remote server returned an error: (404) Not Found."
"36","2026-06-18T18:44:21.6468905+00:00","ETH","eth-updown-5m-1781807700","2585051","2026-06-18T18:35:00.0000000+00:00","2026-06-18T18:40:00.0000000+00:00","-561.647","561.647","-261.647","Up","74461203961757261493458244738780826360022321825564372263353660790035729456590",,,,,,"0","0",,,,,"","","1685.57000000","1684.51000000","6.2926310915340366041163310000","The remote server returned an error: (404) Not Found."
"36","2026-06-18T18:44:21.6468905+00:00","ETH","eth-updown-5m-1781807700","2585051","2026-06-18T18:35:00.0000000+00:00","2026-06-18T18:40:00.0000000+00:00","-561.647","561.647","-261.647","Down","75286087574843676929308633186286345137325290048145693264847879249489792447013",,,,,,"0","0",,,,,"","","1685.57000000","1684.51000000","6.2926310915340366041163310000","The remote server returned an error: (404) Not Found."
"36","2026-06-18T18:44:21.6468905+00:00","BTC","btc-updown-5m-1781808000","2585540","2026-06-18T18:40:00.0000000+00:00","2026-06-18T18:45:00.0000000+00:00","-261.647","261.647","38.353","Up","68879465934683457163131433626470896869720839796689695720987328811090538744534","0.98","1669.61","0.99","462.02","0.01","98",,"6989.63","462.02","55768.66","462.02","1781808263385","0x37dff2886c68fce27cd0e881f9ba4b661221c1681afbb9b5ccf46d9807da43e7","62780.00000000","62722.91000000","9.101937394167458110601055000",""
"36","2026-06-18T18:44:21.6468905+00:00","BTC","btc-updown-5m-1781808000","2585540","2026-06-18T18:40:00.0000000+00:00","2026-06-18T18:45:00.0000000+00:00","-261.647","261.647","38.353","Down","90994024001936624995449612087221105721743657631296606584972031902449014752715","0.01","135.02","0.02","1441.45","0.01",,"98","135.02","6761.47","135.02","56545.50","1781808263532","0x37dff2886c68fce27cd0e881f9ba4b661221c1681afbb9b5ccf46d9807da43e7","62780.00000000","62722.91000000","9.101937394167458110601055000",""
"36","2026-06-18T18:44:21.6468905+00:00","ETH","eth-updown-5m-1781808000","2585542","2026-06-18T18:40:00.0000000+00:00","2026-06-18T18:45:00.0000000+00:00","-261.647","261.647","38.353","Up","49849740713050321516107817410296468449911255652199205726679896866087747161393","0.99","11822.83",,,,"99","0","13210.61","0","33923.34","0","1781808263581","0xc05fc868141ee0eae60f092abb7ecfb0de2dfb564074f18fefa847aadbfba555","1685.57000000","1682.20000000","20.033289739626679348472239000",""
"36","2026-06-18T18:44:21.6468905+00:00","ETH","eth-updown-5m-1781808000","2585542","2026-06-18T18:40:00.0000000+00:00","2026-06-18T18:45:00.0000000+00:00","-261.647","261.647","38.353","Down","17591791386811154609095965976303693564520569177422496092498652550151428769695",,,"0.01","11822.83",,"0","99","0","13210.61","0","33923.34","1781808263786","0xc05fc868141ee0eae60f092abb7ecfb0de2dfb564074f18fefa847aadbfba555","1685.57000000","1682.20000000","20.033289739626679348472239000",""
"36","2026-06-18T18:44:21.6468905+00:00","SOL","sol-updown-5m-1781808000","2585543","2026-06-18T18:40:00.0000000+00:00","2026-06-18T18:45:00.0000000+00:00","-261.647","261.647","38.353","Up","33883635556343746924049866166209953032521320774560384687032719094764384424169","0.99","5330.81",,,,"99","0","6485.05","0","13527.70","0","1781808263792","0x8ea26f6fb06e218ad5a9ed6ab3e8175ea846920303fde49cb2f463f33415c44b","68.75000000","68.56000000","27.712952158693115519253209000",""
"36","2026-06-18T18:44:21.6468905+00:00","SOL","sol-updown-5m-1781808000","2585543","2026-06-18T18:40:00.0000000+00:00","2026-06-18T18:45:00.0000000+00:00","-261.647","261.647","38.353","Down","84425178885795678785795856280303190499382832162788080471884105518012716799398",,,"0.01","5330.81",,"0","99","0","6485.05","0","13527.70","1781808264032","0x8ea26f6fb06e218ad5a9ed6ab3e8175ea846920303fde49cb2f463f33415c44b","68.75000000","68.56000000","27.712952158693115519253209000",""
"36","2026-06-18T18:44:21.6468905+00:00","BTC","btc-updown-5m-1781808300","2585640","2026-06-18T18:45:00.0000000+00:00","2026-06-18T18:50:00.0000000+00:00","38.353","-38.353","338.353","Up","96824105467343580693139780796131495794995377592943523159760401295298802171896","0.5","981.64","0.51","410.61","0.01","50","49","2675.84","2398.39","46948.72","50597.70","1781808263984","0x276fe565b84e6f769293da985dc3b180e0cbecbff90c2eaa0bd8dadba73ab8c8","62780.00000000",,,""
"36","2026-06-18T18:44:21.6468905+00:00","BTC","btc-updown-5m-1781808300","2585640","2026-06-18T18:45:00.0000000+00:00","2026-06-18T18:50:00.0000000+00:00","38.353","-38.353","338.353","Down","26034517743168909246241273147224929566684869610305877377037263223183270955032","0.49","410.61","0.5","981.64","0.01","49","50","2398.39","2675.84","50597.70","46958.72","1781808264321","0x276fe565b84e6f769293da985dc3b180e0cbecbff90c2eaa0bd8dadba73ab8c8","62780.00000000",,,""
"36","2026-06-18T18:44:21.6468905+00:00","ETH","eth-updown-5m-1781808300","2585643","2026-06-18T18:45:00.0000000+00:00","2026-06-18T18:50:00.0000000+00:00","38.353","-38.353","338.353","Up","102474497961668922711347552769699220123299855671283242332791480799824046437372","0.48","1029.96","0.49","80.05","0.01","48","51","1905.95","464.05","24872.33","23844.42","1781808259385","0x840a534e31b8aa9e3be0f55d32ac4df7d6ce18a9f83dbd0d9692bff516647896","1685.57000000",,,""
"36","2026-06-18T18:44:21.6468905+00:00","ETH","eth-updown-5m-1781808300","2585643","2026-06-18T18:45:00.0000000+00:00","2026-06-18T18:50:00.0000000+00:00","38.353","-38.353","338.353","Down","33125718133241705192250673813857380107029209118508563554468406354215970429790","0.51","80.05","0.52","1029.96","0.01","51","48","464.05","1905.95","23844.42","24872.33","1781808259385","0x840a534e31b8aa9e3be0f55d32ac4df7d6ce18a9f83dbd0d9692bff516647896","1685.57000000",,,""
"36","2026-06-18T18:44:21.6468905+00:00","SOL","sol-updown-5m-1781808300","2585647","2026-06-18T18:45:00.0000000+00:00","2026-06-18T18:50:00.0000000+00:00","38.353","-38.353","338.353","Up","78180369598222530494496686105271237794359355229256172907874710701699819593202","0.5","5.15","0.51","30.05","0.01","50","49","274.15","282.05","11894.34","11899.24","1781808260722","0x1f845170ad7636d870a6fd8677ea6ba340c9ae41df2ae093d51870e11f629bb5","68.75000000",,,""
"36","2026-06-18T18:44:21.6468905+00:00","SOL","sol-updown-5m-1781808300","2585647","2026-06-18T18:45:00.0000000+00:00","2026-06-18T18:50:00.0000000+00:00","38.353","-38.353","338.353","Down","38718264108816871162926615169095462346059506567975488925103461747350867366676","0.49","30.05","0.5","5.15","0.01","49","50","282.05","274.15","11899.24","11894.34","1781808260722","0x1f845170ad7636d870a6fd8677ea6ba340c9ae41df2ae093d51870e11f629bb5","68.75000000",,,""
"37","2026-06-18T18:44:42.3108255+00:00","SOL","sol-updown-5m-1781807700","2585048","2026-06-18T18:35:00.0000000+00:00","2026-06-18T18:40:00.0000000+00:00","-582.311","582.311","-282.311","Up","5718934818440668581581968206003614529786960382720153627545271500748299494477",,,,,,"0","0",,,,,"","","68.73000000","68.66000000","10.195164579085348092047772000","The remote server returned an error: (404) Not Found."
"37","2026-06-18T18:44:42.3108255+00:00","SOL","sol-updown-5m-1781807700","2585048","2026-06-18T18:35:00.0000000+00:00","2026-06-18T18:40:00.0000000+00:00","-582.311","582.311","-282.311","Down","3229234571258476502341848318045383428101862893422608253097155093276200828639",,,,,,"0","0",,,,,"","","68.73000000","68.66000000","10.195164579085348092047772000","The remote server returned an error: (404) Not Found."
"37","2026-06-18T18:44:42.3108255+00:00","BTC","btc-updown-5m-1781807700","2585050","2026-06-18T18:35:00.0000000+00:00","2026-06-18T18:40:00.0000000+00:00","-582.311","582.311","-282.311","Up","46402257018358606725498828349823690581856500639012482948187776046510407334125",,,,,,"0","0",,,,,"","","62778.00000000","62788.01000000","-1.5942534251364233394241990000","The remote server returned an error: (404) Not Found."
"37","2026-06-18T18:44:42.3108255+00:00","BTC","btc-updown-5m-1781807700","2585050","2026-06-18T18:35:00.0000000+00:00","2026-06-18T18:40:00.0000000+00:00","-582.311","582.311","-282.311","Down","35139634345922391080903425544822142400697904488413383462188748186763652240871",,,,,,"0","0",,,,,"","","62778.00000000","62788.01000000","-1.5942534251364233394241990000","The remote server returned an error: (404) Not Found."
"37","2026-06-18T18:44:42.3108255+00:00","ETH","eth-updown-5m-1781807700","2585051","2026-06-18T18:35:00.0000000+00:00","2026-06-18T18:40:00.0000000+00:00","-582.311","582.311","-282.311","Up","74461203961757261493458244738780826360022321825564372263353660790035729456590",,,,,,"0","0",,,,,"","","1685.52000000","1684.51000000","5.9958088702352612926014090000","The remote server returned an error: (404) Not Found."
"37","2026-06-18T18:44:42.3108255+00:00","ETH","eth-updown-5m-1781807700","2585051","2026-06-18T18:35:00.0000000+00:00","2026-06-18T18:40:00.0000000+00:00","-582.311","582.311","-282.311","Down","75286087574843676929308633186286345137325290048145693264847879249489792447013",,,,,,"0","0",,,,,"","","1685.52000000","1684.51000000","5.9958088702352612926014090000","The remote server returned an error: (404) Not Found."
"37","2026-06-18T18:44:42.3108255+00:00","BTC","btc-updown-5m-1781808000","2585540","2026-06-18T18:40:00.0000000+00:00","2026-06-18T18:45:00.0000000+00:00","-282.311","282.311","17.689","Up","68879465934683457163131433626470896869720839796689695720987328811090538744534","0.99","6176.92",,,,"99","0","12057.96","0","54337.22","0","1781808283208","0x37dff2886c68fce27cd0e881f9ba4b661221c1681afbb9b5ccf46d9807da43e7","62778.00000000","62722.91000000","8.783074637321514578963253000",""
"37","2026-06-18T18:44:42.3108255+00:00","BTC","btc-updown-5m-1781808000","2585540","2026-06-18T18:40:00.0000000+00:00","2026-06-18T18:45:00.0000000+00:00","-282.311","282.311","17.689","Down","90994024001936624995449612087221105721743657631296606584972031902449014752715",,,"0.01","6176.92",,"0","99","0","12057.96","0","54332.22","1781808283340","0x37dff2886c68fce27cd0e881f9ba4b661221c1681afbb9b5ccf46d9807da43e7","62778.00000000","62722.91000000","8.783074637321514578963253000",""
"37","2026-06-18T18:44:42.3108255+00:00","ETH","eth-updown-5m-1781808000","2585542","2026-06-18T18:40:00.0000000+00:00","2026-06-18T18:45:00.0000000+00:00","-282.311","282.311","17.689","Up","49849740713050321516107817410296468449911255652199205726679896866087747161393","0.99","13681.82",,,,"99","0","14877.84","0","32300.21","0","1781808283486","0xc05fc868141ee0eae60f092abb7ecfb0de2dfb564074f18fefa847aadbfba555","1685.52000000","1682.20000000","19.736059921531328022827250000",""
"37","2026-06-18T18:44:42.3108255+00:00","ETH","eth-updown-5m-1781808000","2585542","2026-06-18T18:40:00.0000000+00:00","2026-06-18T18:45:00.0000000+00:00","-282.311","282.311","17.689","Down","17591791386811154609095965976303693564520569177422496092498652550151428769695",,,"0.01","13671.74",,"0","99","0","14867.76","0","32305.13","1781808283728","0xc05fc868141ee0eae60f092abb7ecfb0de2dfb564074f18fefa847aadbfba555","1685.52000000","1682.20000000","19.736059921531328022827250000",""
"37","2026-06-18T18:44:42.3108255+00:00","SOL","sol-updown-5m-1781808000","2585543","2026-06-18T18:40:00.0000000+00:00","2026-06-18T18:45:00.0000000+00:00","-282.311","282.311","17.689","Up","33883635556343746924049866166209953032521320774560384687032719094764384424169","0.99","5723.25",,,,"99","0","6531.93","0","10746.31","0","1781808283876","0x8ea26f6fb06e218ad5a9ed6ab3e8175ea846920303fde49cb2f463f33415c44b","68.73000000","68.56000000","24.795799299883313885647608000",""
"37","2026-06-18T18:44:42.3108255+00:00","SOL","sol-updown-5m-1781808000","2585543","2026-06-18T18:40:00.0000000+00:00","2026-06-18T18:45:00.0000000+00:00","-282.311","282.311","17.689","Down","84425178885795678785795856280303190499382832162788080471884105518012716799398",,,"0.01","5723.25",,"0","99","0","6531.93","0","10741.31","1781808284009","0x8ea26f6fb06e218ad5a9ed6ab3e8175ea846920303fde49cb2f463f33415c44b","68.73000000","68.56000000","24.795799299883313885647608000",""
"37","2026-06-18T18:44:42.3108255+00:00","BTC","btc-updown-5m-1781808300","2585640","2026-06-18T18:45:00.0000000+00:00","2026-06-18T18:50:00.0000000+00:00","17.689","-17.689","317.689","Up","96824105467343580693139780796131495794995377592943523159760401295298802171896","0.5","777.28","0.51","129.45","0.01","50","49","2485.48","2002.48","45820.34","49868.77","1781808284217","0x276fe565b84e6f769293da985dc3b180e0cbecbff90c2eaa0bd8dadba73ab8c8","62778.00000000",,,""
"37","2026-06-18T18:44:42.3108255+00:00","BTC","btc-updown-5m-1781808300","2585640","2026-06-18T18:45:00.0000000+00:00","2026-06-18T18:50:00.0000000+00:00","17.689","-17.689","317.689","Down","26034517743168909246241273147224929566684869610305877377037263223183270955032","0.49","129.45","0.5","792.28","0.01","49","50","2002.48","2500.48","50268.77","46235.34","1781808284419","0x276fe565b84e6f769293da985dc3b180e0cbecbff90c2eaa0bd8dadba73ab8c8","62778.00000000",,,""
"37","2026-06-18T18:44:42.3108255+00:00","ETH","eth-updown-5m-1781808300","2585643","2026-06-18T18:45:00.0000000+00:00","2026-06-18T18:50:00.0000000+00:00","17.689","-17.689","317.689","Up","102474497961668922711347552769699220123299855671283242332791480799824046437372","0.49","1060.3","0.5","54.99","0.01","49","50","1772.26","484.14","25436.77","24333.65","1781808283778","0x840a534e31b8aa9e3be0f55d32ac4df7d6ce18a9f83dbd0d9692bff516647896","1685.52000000",,,""
"37","2026-06-18T18:44:42.3108255+00:00","ETH","eth-updown-5m-1781808300","2585643","2026-06-18T18:45:00.0000000+00:00","2026-06-18T18:50:00.0000000+00:00","17.689","-17.689","317.689","Down","33125718133241705192250673813857380107029209118508563554468406354215970429790","0.5","54.99","0.51","1060.3","0.01","50","49","484.14","1772.26","24333.65","25436.77","1781808283778","0x840a534e31b8aa9e3be0f55d32ac4df7d6ce18a9f83dbd0d9692bff516647896","1685.52000000",,,""
"37","2026-06-18T18:44:42.3108255+00:00","SOL","sol-updown-5m-1781808300","2585647","2026-06-18T18:45:00.0000000+00:00","2026-06-18T18:50:00.0000000+00:00","17.689","-17.689","317.689","Up","78180369598222530494496686105271237794359355229256172907874710701699819593202","0.5","5.15","0.51","30.05","0.01","49","48","274.15","282.05","12073.63","12078.53","1781808282618","0x1f845170ad7636d870a6fd8677ea6ba340c9ae41df2ae093d51870e11f629bb5","68.73000000",,,""
"37","2026-06-18T18:44:42.3108255+00:00","SOL","sol-updown-5m-1781808300","2585647","2026-06-18T18:45:00.0000000+00:00","2026-06-18T18:50:00.0000000+00:00","17.689","-17.689","317.689","Down","38718264108816871162926615169095462346059506567975488925103461747350867366676","0.49","30.05","0.5","5.15","0.01","48","49","282.05","274.15","12078.53","12073.63","1781808282618","0x1f845170ad7636d870a6fd8677ea6ba340c9ae41df2ae093d51870e11f629bb5","68.73000000",,,""
"38","2026-06-18T18:45:00.7873491+00:00","SOL","sol-updown-5m-1781807700","2585048","2026-06-18T18:35:00.0000000+00:00","2026-06-18T18:40:00.0000000+00:00","-600.787","600.787","-300.787","Up","5718934818440668581581968206003614529786960382720153627545271500748299494477",,,,,,"0","0",,,,,"","","68.73000000","68.66000000","10.195164579085348092047772000","The remote server returned an error: (404) Not Found."
"38","2026-06-18T18:45:00.7873491+00:00","SOL","sol-updown-5m-1781807700","2585048","2026-06-18T18:35:00.0000000+00:00","2026-06-18T18:40:00.0000000+00:00","-600.787","600.787","-300.787","Down","3229234571258476502341848318045383428101862893422608253097155093276200828639",,,,,,"0","0",,,,,"","","68.73000000","68.66000000","10.195164579085348092047772000","The remote server returned an error: (404) Not Found."
"38","2026-06-18T18:45:00.7873491+00:00","BTC","btc-updown-5m-1781807700","2585050","2026-06-18T18:35:00.0000000+00:00","2026-06-18T18:40:00.0000000+00:00","-600.787","600.787","-300.787","Up","46402257018358606725498828349823690581856500639012482948187776046510407334125",,,,,,"0","0",,,,,"","","62772.01000000","62788.01000000","-2.5482572229952820610177010000","The remote server returned an error: (404) Not Found."
"38","2026-06-18T18:45:00.7873491+00:00","BTC","btc-updown-5m-1781807700","2585050","2026-06-18T18:35:00.0000000+00:00","2026-06-18T18:40:00.0000000+00:00","-600.787","600.787","-300.787","Down","35139634345922391080903425544822142400697904488413383462188748186763652240871",,,,,,"0","0",,,,,"","","62772.01000000","62788.01000000","-2.5482572229952820610177010000","The remote server returned an error: (404) Not Found."
"38","2026-06-18T18:45:00.7873491+00:00","ETH","eth-updown-5m-1781807700","2585051","2026-06-18T18:35:00.0000000+00:00","2026-06-18T18:40:00.0000000+00:00","-600.787","600.787","-300.787","Up","74461203961757261493458244738780826360022321825564372263353660790035729456590",,,,,,"0","0",,,,,"","","1685.40000000","1684.51000000","5.2834355391182005449655980000","The remote server returned an error: (404) Not Found."
"38","2026-06-18T18:45:00.7873491+00:00","ETH","eth-updown-5m-1781807700","2585051","2026-06-18T18:35:00.0000000+00:00","2026-06-18T18:40:00.0000000+00:00","-600.787","600.787","-300.787","Down","75286087574843676929308633186286345137325290048145693264847879249489792447013",,,,,,"0","0",,,,,"","","1685.40000000","1684.51000000","5.2834355391182005449655980000","The remote server returned an error: (404) Not Found."
"38","2026-06-18T18:45:00.7873491+00:00","BTC","btc-updown-5m-1781808000","2585540","2026-06-18T18:40:00.0000000+00:00","2026-06-18T18:45:00.0000000+00:00","-300.787","300.787","-0.787","Up","68879465934683457163131433626470896869720839796689695720987328811090538744534","0.99","951228.19",,,,"65","0","957050.33","0","1228866.36","0","1781808301910","0x37dff2886c68fce27cd0e881f9ba4b661221c1681afbb9b5ccf46d9807da43e7","62772.01000000","62722.91000000","7.8280806805679137017080360000",""
"38","2026-06-18T18:45:00.7873491+00:00","BTC","btc-updown-5m-1781808000","2585540","2026-06-18T18:40:00.0000000+00:00","2026-06-18T18:45:00.0000000+00:00","-300.787","300.787","-0.787","Down","90994024001936624995449612087221105721743657631296606584972031902449014752715",,,"0.01","951218.19",,"0","64","0","957040.33","0","1228839.69","1781808302058","0x37dff2886c68fce27cd0e881f9ba4b661221c1681afbb9b5ccf46d9807da43e7","62772.01000000","62722.91000000","7.8280806805679137017080360000",""
"38","2026-06-18T18:45:00.7873491+00:00","ETH","eth-updown-5m-1781808000","2585542","2026-06-18T18:40:00.0000000+00:00","2026-06-18T18:45:00.0000000+00:00","-300.787","300.787","-0.787","Up","49849740713050321516107817410296468449911255652199205726679896866087747161393","0.99","573150.1",,,,"38","0","577246.76","0","759956.84","0","1781808302173","0xc05fc868141ee0eae60f092abb7ecfb0de2dfb564074f18fefa847aadbfba555","1685.40000000","1682.20000000","19.022708358102484841279277000",""
"38","2026-06-18T18:45:00.7873491+00:00","ETH","eth-updown-5m-1781808000","2585542","2026-06-18T18:40:00.0000000+00:00","2026-06-18T18:45:00.0000000+00:00","-300.787","300.787","-0.787","Down","17591791386811154609095965976303693564520569177422496092498652550151428769695",,,"0.01","573150.1",,"0","38","0","577246.76","0","759956.84","1781808302173","0xc05fc868141ee0eae60f092abb7ecfb0de2dfb564074f18fefa847aadbfba555","1685.40000000","1682.20000000","19.022708358102484841279277000",""
"38","2026-06-18T18:45:00.7873491+00:00","SOL","sol-updown-5m-1781808000","2585543","2026-06-18T18:40:00.0000000+00:00","2026-06-18T18:45:00.0000000+00:00","-300.787","300.787","-0.787","Up","33883635556343746924049866166209953032521320774560384687032719094764384424169","0.99","478071.42",,,,"37","0","482121.62","0","662597.28","0","1781808301929","0x8ea26f6fb06e218ad5a9ed6ab3e8175ea846920303fde49cb2f463f33415c44b","68.73000000","68.56000000","24.795799299883313885647608000",""
"38","2026-06-18T18:45:00.7873491+00:00","SOL","sol-updown-5m-1781808000","2585543","2026-06-18T18:40:00.0000000+00:00","2026-06-18T18:45:00.0000000+00:00","-300.787","300.787","-0.787","Down","84425178885795678785795856280303190499382832162788080471884105518012716799398",,,"0.01","478076.42",,"0","37","0","482126.62","0","662602.28","1781808302970","0x8ea26f6fb06e218ad5a9ed6ab3e8175ea846920303fde49cb2f463f33415c44b","68.73000000","68.56000000","24.795799299883313885647608000",""
"38","2026-06-18T18:45:00.7873491+00:00","BTC","btc-updown-5m-1781808300","2585640","2026-06-18T18:45:00.0000000+00:00","2026-06-18T18:50:00.0000000+00:00","-0.787","0.787","299.213","Up","96824105467343580693139780796131495794995377592943523159760401295298802171896","0.57","535.15","0.58","18.29","0.01","57","42","2412.59","1332.97","27647.69","26340.87","1781808303303","0x276fe565b84e6f769293da985dc3b180e0cbecbff90c2eaa0bd8dadba73ab8c8","62772.01000000","62772.01000000","0",""
"38","2026-06-18T18:45:00.7873491+00:00","BTC","btc-updown-5m-1781808300","2585640","2026-06-18T18:45:00.0000000+00:00","2026-06-18T18:50:00.0000000+00:00","-0.787","0.787","299.213","Down","26034517743168909246241273147224929566684869610305877377037263223183270955032","0.42","18.29","0.43","592.42","0.01","42","57","1274.07","2584.87","26308.53","28070.28","1781808303486","0x276fe565b84e6f769293da985dc3b180e0cbecbff90c2eaa0bd8dadba73ab8c8","62772.01000000","62772.01000000","0",""
"38","2026-06-18T18:45:00.7873491+00:00","ETH","eth-updown-5m-1781808300","2585643","2026-06-18T18:45:00.0000000+00:00","2026-06-18T18:50:00.0000000+00:00","-0.787","0.787","299.213","Up","102474497961668922711347552769699220123299855671283242332791480799824046437372","0.56","40.45","0.57","29.44","0.0099999999999999","56","43","551.45","880.44","8915.70","7577.68","1781808303648","0x840a534e31b8aa9e3be0f55d32ac4df7d6ce18a9f83dbd0d9692bff516647896","1685.40000000","1685.40000000","0",""
"38","2026-06-18T18:45:00.7873491+00:00","ETH","eth-updown-5m-1781808300","2585643","2026-06-18T18:45:00.0000000+00:00","2026-06-18T18:50:00.0000000+00:00","-0.787","0.787","299.213","Down","33125718133241705192250673813857380107029209118508563554468406354215970429790","0.43","153.68","0.44","16","0.01","43","56","1010.68","522","7830.92","8995.55","1781808303841","0x840a534e31b8aa9e3be0f55d32ac4df7d6ce18a9f83dbd0d9692bff516647896","1685.40000000","1685.40000000","0",""
"38","2026-06-18T18:45:00.7873491+00:00","SOL","sol-updown-5m-1781808300","2585647","2026-06-18T18:45:00.0000000+00:00","2026-06-18T18:50:00.0000000+00:00","-0.787","0.787","299.213","Up","78180369598222530494496686105271237794359355229256172907874710701699819593202","0.5","5","0.51","81.23","0.01","27","27","56","129.23","3107.56","3204.68","1781808304010","0x1f845170ad7636d870a6fd8677ea6ba340c9ae41df2ae093d51870e11f629bb5","68.73000000","68.73000000","0",""
"38","2026-06-18T18:45:00.7873491+00:00","SOL","sol-updown-5m-1781808300","2585647","2026-06-18T18:45:00.0000000+00:00","2026-06-18T18:50:00.0000000+00:00","-0.787","0.787","299.213","Down","38718264108816871162926615169095462346059506567975488925103461747350867366676","0.49","81.23","0.5","11","0.01","28","26","124.23","54","3204.68","3099.46","1781808304166","0x1f845170ad7636d870a6fd8677ea6ba340c9ae41df2ae093d51870e11f629bb5","68.73000000","68.73000000","0",""
"39","2026-06-18T18:45:19.8651900+00:00","SOL","sol-updown-5m-1781807700","2585048","2026-06-18T18:35:00.0000000+00:00","2026-06-18T18:40:00.0000000+00:00","-619.865","619.865","-319.865","Up","5718934818440668581581968206003614529786960382720153627545271500748299494477",,,,,,"0","0",,,,,"","","68.72000000","68.66000000","8.738712496358869793183804000","The remote server returned an error: (404) Not Found."
"39","2026-06-18T18:45:19.8651900+00:00","SOL","sol-updown-5m-1781807700","2585048","2026-06-18T18:35:00.0000000+00:00","2026-06-18T18:40:00.0000000+00:00","-619.865","619.865","-319.865","Down","3229234571258476502341848318045383428101862893422608253097155093276200828639",,,,,,"0","0",,,,,"","","68.72000000","68.66000000","8.738712496358869793183804000","The remote server returned an error: (404) Not Found."
"39","2026-06-18T18:45:19.8651900+00:00","BTC","btc-updown-5m-1781807700","2585050","2026-06-18T18:35:00.0000000+00:00","2026-06-18T18:40:00.0000000+00:00","-619.865","619.865","-319.865","Up","46402257018358606725498828349823690581856500639012482948187776046510407334125",,,,,,"0","0",,,,,"","","62786.27000000","62788.01000000","-0.2771229730007369241356750000","The remote server returned an error: (404) Not Found."
"39","2026-06-18T18:45:19.8651900+00:00","BTC","btc-updown-5m-1781807700","2585050","2026-06-18T18:35:00.0000000+00:00","2026-06-18T18:40:00.0000000+00:00","-619.865","619.865","-319.865","Down","35139634345922391080903425544822142400697904488413383462188748186763652240871",,,,,,"0","0",,,,,"","","62786.27000000","62788.01000000","-0.2771229730007369241356750000","The remote server returned an error: (404) Not Found."
"39","2026-06-18T18:45:19.8651900+00:00","ETH","eth-updown-5m-1781807700","2585051","2026-06-18T18:35:00.0000000+00:00","2026-06-18T18:40:00.0000000+00:00","-619.865","619.865","-319.865","Up","74461203961757261493458244738780826360022321825564372263353660790035729456590",,,,,,"0","0",,,,,"","","1685.56000000","1684.51000000","6.2332666472742815418133460000","The remote server returned an error: (404) Not Found."
"39","2026-06-18T18:45:19.8651900+00:00","ETH","eth-updown-5m-1781807700","2585051","2026-06-18T18:35:00.0000000+00:00","2026-06-18T18:40:00.0000000+00:00","-619.865","619.865","-319.865","Down","75286087574843676929308633186286345137325290048145693264847879249489792447013",,,,,,"0","0",,,,,"","","1685.56000000","1684.51000000","6.2332666472742815418133460000","The remote server returned an error: (404) Not Found."
"39","2026-06-18T18:45:19.8651900+00:00","BTC","btc-updown-5m-1781808000","2585540","2026-06-18T18:40:00.0000000+00:00","2026-06-18T18:45:00.0000000+00:00","-319.865","319.865","-19.865","Up","68879465934683457163131433626470896869720839796689695720987328811090538744534","0.99","947716.36",,,,"64","0","953497.41","0","1224689.11","0","1781808317033","0x37dff2886c68fce27cd0e881f9ba4b661221c1681afbb9b5ccf46d9807da43e7","62786.27000000","62722.91000000","10.101572136879491082285564000",""
"39","2026-06-18T18:45:19.8651900+00:00","BTC","btc-updown-5m-1781808000","2585540","2026-06-18T18:40:00.0000000+00:00","2026-06-18T18:45:00.0000000+00:00","-319.865","319.865","-19.865","Down","90994024001936624995449612087221105721743657631296606584972031902449014752715",,,"0.01","947664.21",,"0","64","0","953445.26","0","1224636.96","1781808320965","0x37dff2886c68fce27cd0e881f9ba4b661221c1681afbb9b5ccf46d9807da43e7","62786.27000000","62722.91000000","10.101572136879491082285564000",""
"39","2026-06-18T18:45:19.8651900+00:00","ETH","eth-updown-5m-1781808000","2585542","2026-06-18T18:40:00.0000000+00:00","2026-06-18T18:45:00.0000000+00:00","-319.865","319.865","-19.865","Up","49849740713050321516107817410296468449911255652199205726679896866087747161393","0.99","567338",,,,"38","0","571416.47","0","753759.89","0","1781808318021","0xc05fc868141ee0eae60f092abb7ecfb0de2dfb564074f18fefa847aadbfba555","1685.56000000","1682.20000000","19.973843776007609083343241000",""
"39","2026-06-18T18:45:19.8651900+00:00","ETH","eth-updown-5m-1781808000","2585542","2026-06-18T18:40:00.0000000+00:00","2026-06-18T18:45:00.0000000+00:00","-319.865","319.865","-19.865","Down","17591791386811154609095965976303693564520569177422496092498652550151428769695",,,"0.01","567338",,"0","38","0","571416.47","0","753759.89","1781808318021","0xc05fc868141ee0eae60f092abb7ecfb0de2dfb564074f18fefa847aadbfba555","1685.56000000","1682.20000000","19.973843776007609083343241000",""
"39","2026-06-18T18:45:19.8651900+00:00","SOL","sol-updown-5m-1781808000","2585543","2026-06-18T18:40:00.0000000+00:00","2026-06-18T18:45:00.0000000+00:00","-319.865","319.865","-19.865","Up","33883635556343746924049866166209953032521320774560384687032719094764384424169","0.99","471400.37",,,,"37","0","475450.57","0","655539.57","0","1781808314740","0x8ea26f6fb06e218ad5a9ed6ab3e8175ea846920303fde49cb2f463f33415c44b","68.72000000","68.56000000","23.337222870478413068844807000",""
"39","2026-06-18T18:45:19.8651900+00:00","SOL","sol-updown-5m-1781808000","2585543","2026-06-18T18:40:00.0000000+00:00","2026-06-18T18:45:00.0000000+00:00","-319.865","319.865","-19.865","Down","84425178885795678785795856280303190499382832162788080471884105518012716799398",,,"0.01","471400.37",,"0","37","0","475450.57","0","655539.57","1781808314740","0x8ea26f6fb06e218ad5a9ed6ab3e8175ea846920303fde49cb2f463f33415c44b","68.72000000","68.56000000","23.337222870478413068844807000",""
"39","2026-06-18T18:45:19.8651900+00:00","BTC","btc-updown-5m-1781808300","2585640","2026-06-18T18:45:00.0000000+00:00","2026-06-18T18:50:00.0000000+00:00","-19.865","19.865","280.135","Up","96824105467343580693139780796131495794995377592943523159760401295298802171896","0.57","20","0.58","1229.03","0.01","57","42","2018.75","4900.94","33894.75","32810.01","1781808321819","0x276fe565b84e6f769293da985dc3b180e0cbecbff90c2eaa0bd8dadba73ab8c8","62786.27000000","62772.01000000","2.2717131409365416210186670000",""
"39","2026-06-18T18:45:19.8651900+00:00","BTC","btc-updown-5m-1781808300","2585640","2026-06-18T18:45:00.0000000+00:00","2026-06-18T18:50:00.0000000+00:00","-19.865","19.865","280.135","Down","26034517743168909246241273147224929566684869610305877377037263223183270955032","0.42","674.96","0.43","20","0.01","42","57","4340.87","1763.73","32570.94","34170.37","1781808321930","0x276fe565b84e6f769293da985dc3b180e0cbecbff90c2eaa0bd8dadba73ab8c8","62786.27000000","62772.01000000","2.2717131409365416210186670000",""
"39","2026-06-18T18:45:19.8651900+00:00","ETH","eth-updown-5m-1781808300","2585643","2026-06-18T18:45:00.0000000+00:00","2026-06-18T18:50:00.0000000+00:00","-19.865","19.865","280.135","Up","102474497961668922711347552769699220123299855671283242332791480799824046437372","0.53","107.04","0.54","149.61","0.01","53","46","1413.91","1002.95","11272.16","9887.44","1781808322005","0x840a534e31b8aa9e3be0f55d32ac4df7d6ce18a9f83dbd0d9692bff516647896","1685.56000000","1685.40000000","0.9493295360151892725762430000",""
"39","2026-06-18T18:45:19.8651900+00:00","ETH","eth-updown-5m-1781808300","2585643","2026-06-18T18:45:00.0000000+00:00","2026-06-18T18:50:00.0000000+00:00","-19.865","19.865","280.135","Down","33125718133241705192250673813857380107029209118508563554468406354215970429790","0.46","237.65","0.47","5","0.00999999999999995","46","53","1407.99","749.84","9295.48","9660.94","1781808322195","0x840a534e31b8aa9e3be0f55d32ac4df7d6ce18a9f83dbd0d9692bff516647896","1685.56000000","1685.40000000","0.9493295360151892725762430000",""
"39","2026-06-18T18:45:19.8651900+00:00","SOL","sol-updown-5m-1781808300","2585647","2026-06-18T18:45:00.0000000+00:00","2026-06-18T18:50:00.0000000+00:00","-19.865","19.865","280.135","Up","78180369598222530494496686105271237794359355229256172907874710701699819593202","0.49","101.88","0.5","17","0.01","49","50","243.95","228.16","3660.37","3269.18","1781808322314","0x1f845170ad7636d870a6fd8677ea6ba340c9ae41df2ae093d51870e11f629bb5","68.72000000","68.73000000","-1.4549687181725592899752660000",""
"39","2026-06-18T18:45:19.8651900+00:00","SOL","sol-updown-5m-1781808300","2585647","2026-06-18T18:45:00.0000000+00:00","2026-06-18T18:50:00.0000000+00:00","-19.865","19.865","280.135","Down","38718264108816871162926615169095462346059506567975488925103461747350867366676","0.5","17","0.51","21.88","0.01","50","49","235.16","163.95","3276.18","3495.37","1781808322428","0x1f845170ad7636d870a6fd8677ea6ba340c9ae41df2ae093d51870e11f629bb5","68.72000000","68.73000000","-1.4549687181725592899752660000",""
"40","2026-06-18T18:45:38.2029528+00:00","SOL","sol-updown-5m-1781807700","2585048","2026-06-18T18:35:00.0000000+00:00","2026-06-18T18:40:00.0000000+00:00","-638.203","638.203","-338.203","Up","5718934818440668581581968206003614529786960382720153627545271500748299494477",,,,,,"0","0",,,,,"","","68.74000000","68.66000000","11.651616661811826390911739000","The remote server returned an error: (404) Not Found."
"40","2026-06-18T18:45:38.2029528+00:00","SOL","sol-updown-5m-1781807700","2585048","2026-06-18T18:35:00.0000000+00:00","2026-06-18T18:40:00.0000000+00:00","-638.203","638.203","-338.203","Down","3229234571258476502341848318045383428101862893422608253097155093276200828639",,,,,,"0","0",,,,,"","","68.74000000","68.66000000","11.651616661811826390911739000","The remote server returned an error: (404) Not Found."
"40","2026-06-18T18:45:38.2029528+00:00","BTC","btc-updown-5m-1781807700","2585050","2026-06-18T18:35:00.0000000+00:00","2026-06-18T18:40:00.0000000+00:00","-638.203","638.203","-338.203","Up","46402257018358606725498828349823690581856500639012482948187776046510407334125",,,,,,"0","0",,,,,"","","62794.01000000","62788.01000000","0.9555964586232307728816380000","The remote server returned an error: (404) Not Found."
"40","2026-06-18T18:45:38.2029528+00:00","BTC","btc-updown-5m-1781807700","2585050","2026-06-18T18:35:00.0000000+00:00","2026-06-18T18:40:00.0000000+00:00","-638.203","638.203","-338.203","Down","35139634345922391080903425544822142400697904488413383462188748186763652240871",,,,,,"0","0",,,,,"","","62794.01000000","62788.01000000","0.9555964586232307728816380000","The remote server returned an error: (404) Not Found."
"40","2026-06-18T18:45:38.2029528+00:00","ETH","eth-updown-5m-1781807700","2585051","2026-06-18T18:35:00.0000000+00:00","2026-06-18T18:40:00.0000000+00:00","-638.203","638.203","-338.203","Up","74461203961757261493458244738780826360022321825564372263353660790035729456590",,,,,,"0","0",,,,,"","","1685.65000000","1684.51000000","6.7675466456120771025402050000","The remote server returned an error: (404) Not Found."
"40","2026-06-18T18:45:38.2029528+00:00","ETH","eth-updown-5m-1781807700","2585051","2026-06-18T18:35:00.0000000+00:00","2026-06-18T18:40:00.0000000+00:00","-638.203","638.203","-338.203","Down","75286087574843676929308633186286345137325290048145693264847879249489792447013",,,,,,"0","0",,,,,"","","1685.65000000","1684.51000000","6.7675466456120771025402050000","The remote server returned an error: (404) Not Found."
"40","2026-06-18T18:45:38.2029528+00:00","BTC","btc-updown-5m-1781808000","2585540","2026-06-18T18:40:00.0000000+00:00","2026-06-18T18:45:00.0000000+00:00","-338.203","338.203","-38.203","Up","68879465934683457163131433626470896869720839796689695720987328811090538744534","0.999","336906.77",,,,"67","0","1283197.04","0","1558162.01","0","1781808333000","0x37dff2886c68fce27cd0e881f9ba4b661221c1681afbb9b5ccf46d9807da43e7","62794.01000000","62722.91000000","11.335571005873292549723857000",""
"40","2026-06-18T18:45:38.2029528+00:00","BTC","btc-updown-5m-1781808000","2585540","2026-06-18T18:40:00.0000000+00:00","2026-06-18T18:45:00.0000000+00:00","-338.203","338.203","-38.203","Down","90994024001936624995449612087221105721743657631296606584972031902449014752715",,,"0.001","336906.77",,"0","67","0","1283197.04","0","1558162.01","1781808333000","0x37dff2886c68fce27cd0e881f9ba4b661221c1681afbb9b5ccf46d9807da43e7","62794.01000000","62722.91000000","11.335571005873292549723857000",""
"40","2026-06-18T18:45:38.2029528+00:00","ETH","eth-updown-5m-1781808000","2585542","2026-06-18T18:40:00.0000000+00:00","2026-06-18T18:45:00.0000000+00:00","-338.203","338.203","-38.203","Up","49849740713050321516107817410296468449911255652199205726679896866087747161393","0.999","232766.38",,,,"41","0","798464.89","0","984928.31","0","1781808333000","0xc05fc868141ee0eae60f092abb7ecfb0de2dfb564074f18fefa847aadbfba555","1685.65000000","1682.20000000","20.508857448579241469504221000",""
"40","2026-06-18T18:45:38.2029528+00:00","ETH","eth-updown-5m-1781808000","2585542","2026-06-18T18:40:00.0000000+00:00","2026-06-18T18:45:00.0000000+00:00","-338.203","338.203","-38.203","Down","17591791386811154609095965976303693564520569177422496092498652550151428769695",,,"0.001","232766.38",,"0","41","0","798464.89","0","984928.31","1781808333000","0xc05fc868141ee0eae60f092abb7ecfb0de2dfb564074f18fefa847aadbfba555","1685.65000000","1682.20000000","20.508857448579241469504221000",""
"40","2026-06-18T18:45:38.2029528+00:00","SOL","sol-updown-5m-1781808000","2585543","2026-06-18T18:40:00.0000000+00:00","2026-06-18T18:45:00.0000000+00:00","-338.203","338.203","-38.203","Up","33883635556343746924049866166209953032521320774560384687032719094764384424169","0.999","171649.86",,,,"40","0","641373.53","0","825582.53","0","1781808334511","0x8ea26f6fb06e218ad5a9ed6ab3e8175ea846920303fde49cb2f463f33415c44b","68.74000000","68.56000000","26.254375729288214702450408000",""
"40","2026-06-18T18:45:38.2029528+00:00","SOL","sol-updown-5m-1781808000","2585543","2026-06-18T18:40:00.0000000+00:00","2026-06-18T18:45:00.0000000+00:00","-338.203","338.203","-38.203","Down","84425178885795678785795856280303190499382832162788080471884105518012716799398",,,"0.001","171649.86",,"0","40","0","641373.53","0","825582.53","1781808334511","0x8ea26f6fb06e218ad5a9ed6ab3e8175ea846920303fde49cb2f463f33415c44b","68.74000000","68.56000000","26.254375729288214702450408000",""
"40","2026-06-18T18:45:38.2029528+00:00","BTC","btc-updown-5m-1781808300","2585640","2026-06-18T18:45:00.0000000+00:00","2026-06-18T18:50:00.0000000+00:00","-38.203","38.203","261.797","Up","96824105467343580693139780796131495794995377592943523159760401295298802171896","0.6","1136.34","0.61","263.89","0.01","60","39","3665.22","4236.16","40292.65","39676.92","1781808340093","0x276fe565b84e6f769293da985dc3b180e0cbecbff90c2eaa0bd8dadba73ab8c8","62794.01000000","62772.01000000","3.5047467812485214349516610000",""
"40","2026-06-18T18:45:38.2029528+00:00","BTC","btc-updown-5m-1781808300","2585640","2026-06-18T18:45:00.0000000+00:00","2026-06-18T18:50:00.0000000+00:00","-38.203","38.203","261.797","Down","26034517743168909246241273147224929566684869610305877377037263223183270955032","0.39","263.89","0.4","1146.07","0.01","39","60","4244.16","3678.95","39709.71","40331.38","1781808340250","0x276fe565b84e6f769293da985dc3b180e0cbecbff90c2eaa0bd8dadba73ab8c8","62794.01000000","62772.01000000","3.5047467812485214349516610000",""
"40","2026-06-18T18:45:38.2029528+00:00","ETH","eth-updown-5m-1781808300","2585643","2026-06-18T18:45:00.0000000+00:00","2026-06-18T18:50:00.0000000+00:00","-38.203","38.203","261.797","Up","102474497961668922711347552769699220123299855671283242332791480799824046437372","0.53","255.78","0.54","5","0.01","53","46","1357.93","1030.00","13843.00","16195.41","1781808340416","0x840a534e31b8aa9e3be0f55d32ac4df7d6ce18a9f83dbd0d9692bff516647896","1685.65000000","1685.40000000","1.483327400023733238400380000",""
"40","2026-06-18T18:45:38.2029528+00:00","ETH","eth-updown-5m-1781808300","2585643","2026-06-18T18:45:00.0000000+00:00","2026-06-18T18:50:00.0000000+00:00","-38.203","38.203","261.797","Down","33125718133241705192250673813857380107029209118508563554468406354215970429790","0.46","5","0.47","255.78","0.00999999999999995","46","53","1030.00","1357.93","16195.41","13848.60","1781808340615","0x840a534e31b8aa9e3be0f55d32ac4df7d6ce18a9f83dbd0d9692bff516647896","1685.65000000","1685.40000000","1.483327400023733238400380000",""
"40","2026-06-18T18:45:38.2029528+00:00","SOL","sol-updown-5m-1781808300","2585647","2026-06-18T18:45:00.0000000+00:00","2026-06-18T18:50:00.0000000+00:00","-38.203","38.203","261.797","Up","78180369598222530494496686105271237794359355229256172907874710701699819593202","0.55","105.61","0.56","5","0.01","55","44","414.79","236.08","5109.64","6866.71","1781808340673","0x1f845170ad7636d870a6fd8677ea6ba340c9ae41df2ae093d51870e11f629bb5","68.74000000","68.73000000","1.4549687181725592899752660000",""
"40","2026-06-18T18:45:38.2029528+00:00","SOL","sol-updown-5m-1781808300","2585647","2026-06-18T18:45:00.0000000+00:00","2026-06-18T18:50:00.0000000+00:00","-38.203","38.203","261.797","Down","38718264108816871162926615169095462346059506567975488925103461747350867366676","0.44","5","0.45","105.61","0.01","44","55","231.08","414.79","6869.71","5115.34","1781808340859","0x1f845170ad7636d870a6fd8677ea6ba340c9ae41df2ae093d51870e11f629bb5","68.74000000","68.73000000","1.4549687181725592899752660000",""
"41","2026-06-18T18:45:56.6942037+00:00","SOL","sol-updown-5m-1781807700","2585048","2026-06-18T18:35:00.0000000+00:00","2026-06-18T18:40:00.0000000+00:00","-656.694","656.694","-356.694","Up","5718934818440668581581968206003614529786960382720153627545271500748299494477",,,,,,"0","0",,,,,"","","68.76000000","68.66000000","14.564520827264782988639674000","The remote server returned an error: (404) Not Found."
"41","2026-06-18T18:45:56.6942037+00:00","SOL","sol-updown-5m-1781807700","2585048","2026-06-18T18:35:00.0000000+00:00","2026-06-18T18:40:00.0000000+00:00","-656.694","656.694","-356.694","Down","3229234571258476502341848318045383428101862893422608253097155093276200828639",,,,,,"0","0",,,,,"","","68.76000000","68.66000000","14.564520827264782988639674000","The remote server returned an error: (404) Not Found."
"41","2026-06-18T18:45:56.6942037+00:00","BTC","btc-updown-5m-1781807700","2585050","2026-06-18T18:35:00.0000000+00:00","2026-06-18T18:40:00.0000000+00:00","-656.694","656.694","-356.694","Up","46402257018358606725498828349823690581856500639012482948187776046510407334125",,,,,,"0","0",,,,,"","","62785.99000000","62788.01000000","-0.3217174744031543602034850000","The remote server returned an error: (404) Not Found."
"41","2026-06-18T18:45:56.6942037+00:00","BTC","btc-updown-5m-1781807700","2585050","2026-06-18T18:35:00.0000000+00:00","2026-06-18T18:40:00.0000000+00:00","-656.694","656.694","-356.694","Down","35139634345922391080903425544822142400697904488413383462188748186763652240871",,,,,,"0","0",,,,,"","","62785.99000000","62788.01000000","-0.3217174744031543602034850000","The remote server returned an error: (404) Not Found."
"41","2026-06-18T18:45:56.6942037+00:00","ETH","eth-updown-5m-1781807700","2585051","2026-06-18T18:35:00.0000000+00:00","2026-06-18T18:40:00.0000000+00:00","-656.694","656.694","-356.694","Up","74461203961757261493458244738780826360022321825564372263353660790035729456590",,,,,,"0","0",,,,,"","","1685.69000000","1684.51000000","7.0050044226510973517521420000","The remote server returned an error: (404) Not Found."
"41","2026-06-18T18:45:56.6942037+00:00","ETH","eth-updown-5m-1781807700","2585051","2026-06-18T18:35:00.0000000+00:00","2026-06-18T18:40:00.0000000+00:00","-656.694","656.694","-356.694","Down","75286087574843676929308633186286345137325290048145693264847879249489792447013",,,,,,"0","0",,,,,"","","1685.69000000","1684.51000000","7.0050044226510973517521420000","The remote server returned an error: (404) Not Found."
"41","2026-06-18T18:45:56.6942037+00:00","BTC","btc-updown-5m-1781808000","2585540","2026-06-18T18:40:00.0000000+00:00","2026-06-18T18:45:00.0000000+00:00","-356.694","356.694","-56.694","Up","68879465934683457163131433626470896869720839796689695720987328811090538744534","0.999","336898.69",,,,"67","0","1283009.96","0","1557974.93","0","1781808357366","0x37dff2886c68fce27cd0e881f9ba4b661221c1681afbb9b5ccf46d9807da43e7","62785.99000000","62722.91000000","10.056931350921058987856271000",""
"41","2026-06-18T18:45:56.6942037+00:00","BTC","btc-updown-5m-1781808000","2585540","2026-06-18T18:40:00.0000000+00:00","2026-06-18T18:45:00.0000000+00:00","-356.694","356.694","-56.694","Down","90994024001936624995449612087221105721743657631296606584972031902449014752715",,,"0.001","336898.69",,"0","67","0","1283009.96","0","1557974.93","1781808357366","0x37dff2886c68fce27cd0e881f9ba4b661221c1681afbb9b5ccf46d9807da43e7","62785.99000000","62722.91000000","10.056931350921058987856271000",""
"41","2026-06-18T18:45:56.6942037+00:00","ETH","eth-updown-5m-1781808000","2585542","2026-06-18T18:40:00.0000000+00:00","2026-06-18T18:45:00.0000000+00:00","-356.694","356.694","-56.694","Up","49849740713050321516107817410296468449911255652199205726679896866087747161393","0.999","232766.38",,,,"41","0","798324.89","0","984783.31","0","1781808357727","0xc05fc868141ee0eae60f092abb7ecfb0de2dfb564074f18fefa847aadbfba555","1685.69000000","1682.20000000","20.746641303055522530020212000",""
"41","2026-06-18T18:45:56.6942037+00:00","ETH","eth-updown-5m-1781808000","2585542","2026-06-18T18:40:00.0000000+00:00","2026-06-18T18:45:00.0000000+00:00","-356.694","356.694","-56.694","Down","17591791386811154609095965976303693564520569177422496092498652550151428769695",,,"0.001","232766.38",,"0","41","0","798324.89","0","984783.31","1781808357727","0xc05fc868141ee0eae60f092abb7ecfb0de2dfb564074f18fefa847aadbfba555","1685.69000000","1682.20000000","20.746641303055522530020212000",""
"41","2026-06-18T18:45:56.6942037+00:00","SOL","sol-updown-5m-1781808000","2585543","2026-06-18T18:40:00.0000000+00:00","2026-06-18T18:45:00.0000000+00:00","-356.694","356.694","-56.694","Up","33883635556343746924049866166209953032521320774560384687032719094764384424169","0.999","171649.86",,,,"40","0","641373.53","0","825582.53","0","1781808342845","0x8ea26f6fb06e218ad5a9ed6ab3e8175ea846920303fde49cb2f463f33415c44b","68.76000000","68.56000000","29.171528588098016336056009000",""
"41","2026-06-18T18:45:56.6942037+00:00","SOL","sol-updown-5m-1781808000","2585543","2026-06-18T18:40:00.0000000+00:00","2026-06-18T18:45:00.0000000+00:00","-356.694","356.694","-56.694","Down","84425178885795678785795856280303190499382832162788080471884105518012716799398",,,"0.001","171649.86",,"0","40","0","641373.53","0","825582.53","1781808342845","0x8ea26f6fb06e218ad5a9ed6ab3e8175ea846920303fde49cb2f463f33415c44b","68.76000000","68.56000000","29.171528588098016336056009000",""
"41","2026-06-18T18:45:56.6942037+00:00","BTC","btc-updown-5m-1781808300","2585640","2026-06-18T18:45:00.0000000+00:00","2026-06-18T18:50:00.0000000+00:00","-56.694","56.694","243.306","Up","96824105467343580693139780796131495794995377592943523159760401295298802171896","0.59","1501.76","0.6","19","0.01","59","40","5052.28","2341.93","40800.17","39776.03","1781808358375","0x276fe565b84e6f769293da985dc3b180e0cbecbff90c2eaa0bd8dadba73ab8c8","62785.99000000","62772.01000000","2.2271072728115604391192830000",""
"41","2026-06-18T18:45:56.6942037+00:00","BTC","btc-updown-5m-1781808300","2585640","2026-06-18T18:45:00.0000000+00:00","2026-06-18T18:50:00.0000000+00:00","-56.694","56.694","243.306","Down","26034517743168909246241273147224929566684869610305877377037263223183270955032","0.39","21.29","0.41","1706.76","0.02","39","59","2300.02","5310.62","38986.10","40714.50","1781808358484","0x276fe565b84e6f769293da985dc3b180e0cbecbff90c2eaa0bd8dadba73ab8c8","62785.99000000","62772.01000000","2.2271072728115604391192830000",""
"41","2026-06-18T18:45:56.6942037+00:00","ETH","eth-updown-5m-1781808300","2585643","2026-06-18T18:45:00.0000000+00:00","2026-06-18T18:50:00.0000000+00:00","-56.694","56.694","243.306","Up","102474497961668922711347552769699220123299855671283242332791480799824046437372","0.57","159.44","0.58","34","0.01","57","42","1390.48","948.54","15012.60","13792.96","1781808358608","0x840a534e31b8aa9e3be0f55d32ac4df7d6ce18a9f83dbd0d9692bff516647896","1685.69000000","1685.40000000","1.720659784027530556544440000",""
"41","2026-06-18T18:45:56.6942037+00:00","ETH","eth-updown-5m-1781808300","2585643","2026-06-18T18:45:00.0000000+00:00","2026-06-18T18:50:00.0000000+00:00","-56.694","56.694","243.306","Down","33125718133241705192250673813857380107029209118508563554468406354215970429790","0.41","165.14","0.42","46.49","0.01","41","58","1211.04","560.78","14294.85","15010.99","1781808358712","0x840a534e31b8aa9e3be0f55d32ac4df7d6ce18a9f83dbd0d9692bff516647896","1685.69000000","1685.40000000","1.720659784027530556544440000",""
"41","2026-06-18T18:45:56.6942037+00:00","SOL","sol-updown-5m-1781808300","2585647","2026-06-18T18:45:00.0000000+00:00","2026-06-18T18:50:00.0000000+00:00","-56.694","56.694","243.306","Up","78180369598222530494496686105271237794359355229256172907874710701699819593202","0.61","5.6","0.63","5.6","0.02","59","37","155.0","240.51","4647.35","6268.67","1781808358809","0x1f845170ad7636d870a6fd8677ea6ba340c9ae41df2ae093d51870e11f629bb5","68.76000000","68.73000000","4.3649061545176778699257970000",""
"41","2026-06-18T18:45:56.6942037+00:00","SOL","sol-updown-5m-1781808300","2585647","2026-06-18T18:45:00.0000000+00:00","2026-06-18T18:50:00.0000000+00:00","-56.694","56.694","243.306","Down","38718264108816871162926615169095462346059506567975488925103461747350867366676","0.38","119.92","0.39","5.6","0.01","38","60","612.87","67.6","6782.43","4644.55","1781808358924","0x1f845170ad7636d870a6fd8677ea6ba340c9ae41df2ae093d51870e11f629bb5","68.76000000","68.73000000","4.3649061545176778699257970000",""
"42","2026-06-18T18:46:14.7130475+00:00","SOL","sol-updown-5m-1781807700","2585048","2026-06-18T18:35:00.0000000+00:00","2026-06-18T18:40:00.0000000+00:00","-674.713","674.713","-374.713","Up","5718934818440668581581968206003614529786960382720153627545271500748299494477",,,,,,"0","0",,,,,"","","68.76000000","68.66000000","14.564520827264782988639674000","The remote server returned an error: (404) Not Found."
"42","2026-06-18T18:46:14.7130475+00:00","SOL","sol-updown-5m-1781807700","2585048","2026-06-18T18:35:00.0000000+00:00","2026-06-18T18:40:00.0000000+00:00","-674.713","674.713","-374.713","Down","3229234571258476502341848318045383428101862893422608253097155093276200828639",,,,,,"0","0",,,,,"","","68.76000000","68.66000000","14.564520827264782988639674000","The remote server returned an error: (404) Not Found."
"42","2026-06-18T18:46:14.7130475+00:00","BTC","btc-updown-5m-1781807700","2585050","2026-06-18T18:35:00.0000000+00:00","2026-06-18T18:40:00.0000000+00:00","-674.713","674.713","-374.713","Up","46402257018358606725498828349823690581856500639012482948187776046510407334125",,,,,,"0","0",,,,,"","","62789.04000000","62788.01000000","0.1640440587303212826780140000","The remote server returned an error: (404) Not Found."
"42","2026-06-18T18:46:14.7130475+00:00","BTC","btc-updown-5m-1781807700","2585050","2026-06-18T18:35:00.0000000+00:00","2026-06-18T18:40:00.0000000+00:00","-674.713","674.713","-374.713","Down","35139634345922391080903425544822142400697904488413383462188748186763652240871",,,,,,"0","0",,,,,"","","62789.04000000","62788.01000000","0.1640440587303212826780140000","The remote server returned an error: (404) Not Found."
"42","2026-06-18T18:46:14.7130475+00:00","ETH","eth-updown-5m-1781807700","2585051","2026-06-18T18:35:00.0000000+00:00","2026-06-18T18:40:00.0000000+00:00","-674.713","674.713","-374.713","Up","74461203961757261493458244738780826360022321825564372263353660790035729456590",,,,,,"0","0",,,,,"","","1685.67000000","1684.51000000","6.8862755341315872271461730000","The remote server returned an error: (404) Not Found."
"42","2026-06-18T18:46:14.7130475+00:00","ETH","eth-updown-5m-1781807700","2585051","2026-06-18T18:35:00.0000000+00:00","2026-06-18T18:40:00.0000000+00:00","-674.713","674.713","-374.713","Down","75286087574843676929308633186286345137325290048145693264847879249489792447013",,,,,,"0","0",,,,,"","","1685.67000000","1684.51000000","6.8862755341315872271461730000","The remote server returned an error: (404) Not Found."
"42","2026-06-18T18:46:14.7130475+00:00","BTC","btc-updown-5m-1781808000","2585540","2026-06-18T18:40:00.0000000+00:00","2026-06-18T18:45:00.0000000+00:00","-374.713","374.713","-74.713","Up","68879465934683457163131433626470896869720839796689695720987328811090538744534","0.999","337236.5",,,,"67","0","1282056.52","0","1556902.57","0","1781808373473","0x37dff2886c68fce27cd0e881f9ba4b661221c1681afbb9b5ccf46d9807da43e7","62789.04000000","62722.91000000","10.543197055111122873603919000",""
"42","2026-06-18T18:46:14.7130475+00:00","BTC","btc-updown-5m-1781808000","2585540","2026-06-18T18:40:00.0000000+00:00","2026-06-18T18:45:00.0000000+00:00","-374.713","374.713","-74.713","Down","90994024001936624995449612087221105721743657631296606584972031902449014752715",,,"0.001","337236.5",,"0","67","0","1282056.52","0","1556902.57","1781808373473","0x37dff2886c68fce27cd0e881f9ba4b661221c1681afbb9b5ccf46d9807da43e7","62789.04000000","62722.91000000","10.543197055111122873603919000",""
"42","2026-06-18T18:46:14.7130475+00:00","ETH","eth-updown-5m-1781808000","2585542","2026-06-18T18:40:00.0000000+00:00","2026-06-18T18:45:00.0000000+00:00","-374.713","374.713","-74.713","Up","49849740713050321516107817410296468449911255652199205726679896866087747161393","0.999","233006.38",,,,"41","0","797739.89","0","984198.31","0","1781808373393","0xc05fc868141ee0eae60f092abb7ecfb0de2dfb564074f18fefa847aadbfba555","1685.67000000","1682.20000000","20.627749375817381999762216000",""
"42","2026-06-18T18:46:14.7130475+00:00","ETH","eth-updown-5m-1781808000","2585542","2026-06-18T18:40:00.0000000+00:00","2026-06-18T18:45:00.0000000+00:00","-374.713","374.713","-74.713","Down","17591791386811154609095965976303693564520569177422496092498652550151428769695",,,"0.001","233006.38",,"0","41","0","797739.89","0","984198.31","1781808373393","0xc05fc868141ee0eae60f092abb7ecfb0de2dfb564074f18fefa847aadbfba555","1685.67000000","1682.20000000","20.627749375817381999762216000",""
"42","2026-06-18T18:46:14.7130475+00:00","SOL","sol-updown-5m-1781808000","2585543","2026-06-18T18:40:00.0000000+00:00","2026-06-18T18:45:00.0000000+00:00","-374.713","374.713","-74.713","Up","33883635556343746924049866166209953032521320774560384687032719094764384424169","0.999","171889.86",,,,"40","0","641522.43","0","825731.43","0","1781808372629","0x8ea26f6fb06e218ad5a9ed6ab3e8175ea846920303fde49cb2f463f33415c44b","68.76000000","68.56000000","29.171528588098016336056009000",""
"42","2026-06-18T18:46:14.7130475+00:00","SOL","sol-updown-5m-1781808000","2585543","2026-06-18T18:40:00.0000000+00:00","2026-06-18T18:45:00.0000000+00:00","-374.713","374.713","-74.713","Down","84425178885795678785795856280303190499382832162788080471884105518012716799398",,,"0.001","171889.86",,"0","40","0","641522.43","0","825731.43","1781808372629","0x8ea26f6fb06e218ad5a9ed6ab3e8175ea846920303fde49cb2f463f33415c44b","68.76000000","68.56000000","29.171528588098016336056009000",""
"42","2026-06-18T18:46:14.7130475+00:00","BTC","btc-updown-5m-1781808300","2585640","2026-06-18T18:45:00.0000000+00:00","2026-06-18T18:50:00.0000000+00:00","-74.713","74.713","225.287","Up","96824105467343580693139780796131495794995377592943523159760401295298802171896","0.62","1325.14","0.63","0.06","0.01","62","37","5572.65","2400.57","46930.26","43181.04","1781808378835","0x276fe565b84e6f769293da985dc3b180e0cbecbff90c2eaa0bd8dadba73ab8c8","62789.04000000","62772.01000000","2.7129926220301054562375810000",""
"42","2026-06-18T18:46:14.7130475+00:00","BTC","btc-updown-5m-1781808300","2585640","2026-06-18T18:45:00.0000000+00:00","2026-06-18T18:50:00.0000000+00:00","-74.713","74.713","225.287","Down","26034517743168909246241273147224929566684869610305877377037263223183270955032","0.37","0.06","0.38","1318.57","0.01","37","62","2407.82","5566.08","42568.29","46151.66","1781808379093","0x276fe565b84e6f769293da985dc3b180e0cbecbff90c2eaa0bd8dadba73ab8c8","62789.04000000","62772.01000000","2.7129926220301054562375810000",""
"42","2026-06-18T18:46:14.7130475+00:00","ETH","eth-updown-5m-1781808300","2585643","2026-06-18T18:45:00.0000000+00:00","2026-06-18T18:50:00.0000000+00:00","-74.713","74.713","225.287","Up","102474497961668922711347552769699220123299855671283242332791480799824046437372","0.6","177.34","0.61","159.5","0.01","60","39","967.94","527.21","15785.03","15793.00","1781808379308","0x840a534e31b8aa9e3be0f55d32ac4df7d6ce18a9f83dbd0d9692bff516647896","1685.67000000","1685.40000000","1.601993592025631897472410000",""
"42","2026-06-18T18:46:14.7130475+00:00","ETH","eth-updown-5m-1781808300","2585643","2026-06-18T18:45:00.0000000+00:00","2026-06-18T18:50:00.0000000+00:00","-74.713","74.713","225.287","Down","33125718133241705192250673813857380107029209118508563554468406354215970429790","0.39","159.5","0.4","172.34","0.01","39","60","522.21","962.94","15788.00","15800.03","1781808379637","0x840a534e31b8aa9e3be0f55d32ac4df7d6ce18a9f83dbd0d9692bff516647896","1685.67000000","1685.40000000","1.601993592025631897472410000",""
"42","2026-06-18T18:46:14.7130475+00:00","SOL","sol-updown-5m-1781808300","2585647","2026-06-18T18:45:00.0000000+00:00","2026-06-18T18:50:00.0000000+00:00","-74.713","74.713","225.287","Up","78180369598222530494496686105271237794359355229256172907874710701699819593202","0.65","137.03","0.66","47.71","0.01","65","34","419.19","137.15","6878.74","7047.03","1781808379892","0x1f845170ad7636d870a6fd8677ea6ba340c9ae41df2ae093d51870e11f629bb5","68.76000000","68.73000000","4.3649061545176778699257970000",""
"42","2026-06-18T18:46:14.7130475+00:00","SOL","sol-updown-5m-1781808300","2585647","2026-06-18T18:45:00.0000000+00:00","2026-06-18T18:50:00.0000000+00:00","-74.713","74.713","225.287","Down","38718264108816871162926615169095462346059506567975488925103461747350867366676","0.34","16.76","0.35","137.03","0.00999999999999995","34","65","106.20","419.19","7021.08","6873.74","1781808380049","0x1f845170ad7636d870a6fd8677ea6ba340c9ae41df2ae093d51870e11f629bb5","68.76000000","68.73000000","4.3649061545176778699257970000",""
"43","2026-06-18T18:46:35.7799239+00:00","SOL","sol-updown-5m-1781807700","2585048","2026-06-18T18:35:00.0000000+00:00","2026-06-18T18:40:00.0000000+00:00","-695.78","695.78","-395.78","Up","5718934818440668581581968206003614529786960382720153627545271500748299494477",,,,,,"0","0",,,,,"","","68.71000000","68.66000000","7.2822604136323914943198370000","The remote server returned an error: (404) Not Found."
"43","2026-06-18T18:46:35.7799239+00:00","SOL","sol-updown-5m-1781807700","2585048","2026-06-18T18:35:00.0000000+00:00","2026-06-18T18:40:00.0000000+00:00","-695.78","695.78","-395.78","Down","3229234571258476502341848318045383428101862893422608253097155093276200828639",,,,,,"0","0",,,,,"","","68.71000000","68.66000000","7.2822604136323914943198370000","The remote server returned an error: (404) Not Found."
"43","2026-06-18T18:46:35.7799239+00:00","BTC","btc-updown-5m-1781807700","2585050","2026-06-18T18:35:00.0000000+00:00","2026-06-18T18:40:00.0000000+00:00","-695.78","695.78","-395.78","Up","46402257018358606725498828349823690581856500639012482948187776046510407334125",,,,,,"0","0",,,,,"","","62751.04000000","62788.01000000","-5.8880668458834736122390250000","The remote server returned an error: (404) Not Found."
"43","2026-06-18T18:46:35.7799239+00:00","BTC","btc-updown-5m-1781807700","2585050","2026-06-18T18:35:00.0000000+00:00","2026-06-18T18:40:00.0000000+00:00","-695.78","695.78","-395.78","Down","35139634345922391080903425544822142400697904488413383462188748186763652240871",,,,,,"0","0",,,,,"","","62751.04000000","62788.01000000","-5.8880668458834736122390250000","The remote server returned an error: (404) Not Found."
"43","2026-06-18T18:46:35.7799239+00:00","ETH","eth-updown-5m-1781807700","2585051","2026-06-18T18:35:00.0000000+00:00","2026-06-18T18:40:00.0000000+00:00","-695.78","695.78","-395.78","Up","74461203961757261493458244738780826360022321825564372263353660790035729456590",,,,,,"0","0",,,,,"","","1684.72000000","1684.51000000","1.2466533294548563083626690000","The remote server returned an error: (404) Not Found."
"43","2026-06-18T18:46:35.7799239+00:00","ETH","eth-updown-5m-1781807700","2585051","2026-06-18T18:35:00.0000000+00:00","2026-06-18T18:40:00.0000000+00:00","-695.78","695.78","-395.78","Down","75286087574843676929308633186286345137325290048145693264847879249489792447013",,,,,,"0","0",,,,,"","","1684.72000000","1684.51000000","1.2466533294548563083626690000","The remote server returned an error: (404) Not Found."
"43","2026-06-18T18:46:35.7799239+00:00","BTC","btc-updown-5m-1781808000","2585540","2026-06-18T18:40:00.0000000+00:00","2026-06-18T18:45:00.0000000+00:00","-395.78","395.78","-95.78","Up","68879465934683457163131433626470896869720839796689695720987328811090538744534","0.999","337236.5",,,,"67","0","1282096.52","0","1556880.20","0","1781808381107","0x37dff2886c68fce27cd0e881f9ba4b661221c1681afbb9b5ccf46d9807da43e7","62751.04000000","62722.91000000","4.4848046750381957724856830000",""
"43","2026-06-18T18:46:35.7799239+00:00","BTC","btc-updown-5m-1781808000","2585540","2026-06-18T18:40:00.0000000+00:00","2026-06-18T18:45:00.0000000+00:00","-395.78","395.78","-95.78","Down","90994024001936624995449612087221105721743657631296606584972031902449014752715",,,"0.001","337236.5",,"0","67","0","1282096.52","0","1556880.20","1781808381107","0x37dff2886c68fce27cd0e881f9ba4b661221c1681afbb9b5ccf46d9807da43e7","62751.04000000","62722.91000000","4.4848046750381957724856830000",""
"43","2026-06-18T18:46:35.7799239+00:00","ETH","eth-updown-5m-1781808000","2585542","2026-06-18T18:40:00.0000000+00:00","2026-06-18T18:45:00.0000000+00:00","-395.78","395.78","-95.78","Up","49849740713050321516107817410296468449911255652199205726679896866087747161393","0.999","233006.38",,,,"41","0","797739.89","0","984198.31","0","1781808373393","0xc05fc868141ee0eae60f092abb7ecfb0de2dfb564074f18fefa847aadbfba555","1684.72000000","1682.20000000","14.980382832005706812507431000",""
"43","2026-06-18T18:46:35.7799239+00:00","ETH","eth-updown-5m-1781808000","2585542","2026-06-18T18:40:00.0000000+00:00","2026-06-18T18:45:00.0000000+00:00","-395.78","395.78","-95.78","Down","17591791386811154609095965976303693564520569177422496092498652550151428769695",,,"0.001","233006.38",,"0","41","0","797739.89","0","984198.31","1781808373393","0xc05fc868141ee0eae60f092abb7ecfb0de2dfb564074f18fefa847aadbfba555","1684.72000000","1682.20000000","14.980382832005706812507431000",""
"43","2026-06-18T18:46:35.7799239+00:00","SOL","sol-updown-5m-1781808000","2585543","2026-06-18T18:40:00.0000000+00:00","2026-06-18T18:45:00.0000000+00:00","-395.78","395.78","-95.78","Up","33883635556343746924049866166209953032521320774560384687032719094764384424169","0.999","171889.86",,,,"40","0","641522.43","0","825731.43","0","1781808372629","0x8ea26f6fb06e218ad5a9ed6ab3e8175ea846920303fde49cb2f463f33415c44b","68.71000000","68.56000000","21.878646441073512252042007000",""
"43","2026-06-18T18:46:35.7799239+00:00","SOL","sol-updown-5m-1781808000","2585543","2026-06-18T18:40:00.0000000+00:00","2026-06-18T18:45:00.0000000+00:00","-395.78","395.78","-95.78","Down","84425178885795678785795856280303190499382832162788080471884105518012716799398",,,"0.001","171889.86",,"0","40","0","641522.43","0","825731.43","1781808372629","0x8ea26f6fb06e218ad5a9ed6ab3e8175ea846920303fde49cb2f463f33415c44b","68.71000000","68.56000000","21.878646441073512252042007000",""
"43","2026-06-18T18:46:35.7799239+00:00","BTC","btc-updown-5m-1781808300","2585640","2026-06-18T18:45:00.0000000+00:00","2026-06-18T18:50:00.0000000+00:00","-95.78","95.78","204.22","Up","96824105467343580693139780796131495794995377592943523159760401295298802171896","0.4","558.21","0.41","328.62","0.00999999999999995","40","59","3554.82","2215.46","41063.16","49906.17","1781808397509","0x276fe565b84e6f769293da985dc3b180e0cbecbff90c2eaa0bd8dadba73ab8c8","62751.04000000","62772.01000000","-3.3406609092173406586789240000",""
"43","2026-06-18T18:46:35.7799239+00:00","BTC","btc-updown-5m-1781808300","2585640","2026-06-18T18:45:00.0000000+00:00","2026-06-18T18:50:00.0000000+00:00","-95.78","95.78","204.22","Down","26034517743168909246241273147224929566684869610305877377037263223183270955032","0.59","432.65","0.6","466.21","0.01","59","40","2371.86","3409.30","49992.10","40968.84","1781808397630","0x276fe565b84e6f769293da985dc3b180e0cbecbff90c2eaa0bd8dadba73ab8c8","62751.04000000","62772.01000000","-3.3406609092173406586789240000",""
"43","2026-06-18T18:46:35.7799239+00:00","ETH","eth-updown-5m-1781808300","2585643","2026-06-18T18:45:00.0000000+00:00","2026-06-18T18:50:00.0000000+00:00","-95.78","95.78","204.22","Up","102474497961668922711347552769699220123299855671283242332791480799824046437372","0.43","34","0.44","226.69","0.01","43","56","656.43","930.61","14485.51","19052.06","1781808397770","0x840a534e31b8aa9e3be0f55d32ac4df7d6ce18a9f83dbd0d9692bff516647896","1684.72000000","1685.40000000","-4.0346505280645544084490330000",""
"43","2026-06-18T18:46:35.7799239+00:00","ETH","eth-updown-5m-1781808300","2585643","2026-06-18T18:45:00.0000000+00:00","2026-06-18T18:50:00.0000000+00:00","-95.78","95.78","204.22","Down","33125718133241705192250673813857380107029209118508563554468406354215970429790","0.56","120.75","0.57","23.82","0.0099999999999999","56","43","894.67","662.55","19017.12","16697.33","1781808397896","0x840a534e31b8aa9e3be0f55d32ac4df7d6ce18a9f83dbd0d9692bff516647896","1684.72000000","1685.40000000","-4.0346505280645544084490330000",""
"43","2026-06-18T18:46:35.7799239+00:00","SOL","sol-updown-5m-1781808300","2585647","2026-06-18T18:45:00.0000000+00:00","2026-06-18T18:50:00.0000000+00:00","-95.78","95.78","204.22","Up","78180369598222530494496686105271237794359355229256172907874710701699819593202","0.43","114.32","0.44","5.57","0.01","43","56","293.76","176.01","5219.68","7902.72","1781808397983","0x1f845170ad7636d870a6fd8677ea6ba340c9ae41df2ae093d51870e11f629bb5","68.71000000","68.73000000","-2.9099374363451185799505310000",""
"43","2026-06-18T18:46:35.7799239+00:00","SOL","sol-updown-5m-1781808300","2585647","2026-06-18T18:45:00.0000000+00:00","2026-06-18T18:50:00.0000000+00:00","-95.78","95.78","204.22","Down","38718264108816871162926615169095462346059506567975488925103461747350867366676","0.56","5.57","0.57","114.32","0.0099999999999999","56","43","176.01","299.36","7914.42","5230.98","1781808398170","0x1f845170ad7636d870a6fd8677ea6ba340c9ae41df2ae093d51870e11f629bb5","68.71000000","68.73000000","-2.9099374363451185799505310000",""
"44","2026-06-18T18:46:53.8766404+00:00","SOL","sol-updown-5m-1781807700","2585048","2026-06-18T18:35:00.0000000+00:00","2026-06-18T18:40:00.0000000+00:00","-713.877","713.877","-413.877","Up","5718934818440668581581968206003614529786960382720153627545271500748299494477",,,,,,"0","0",,,,,"","","68.71000000","68.66000000","7.2822604136323914943198370000","The remote server returned an error: (404) Not Found."
"44","2026-06-18T18:46:53.8766404+00:00","SOL","sol-updown-5m-1781807700","2585048","2026-06-18T18:35:00.0000000+00:00","2026-06-18T18:40:00.0000000+00:00","-713.877","713.877","-413.877","Down","3229234571258476502341848318045383428101862893422608253097155093276200828639",,,,,,"0","0",,,,,"","","68.71000000","68.66000000","7.2822604136323914943198370000","The remote server returned an error: (404) Not Found."
"44","2026-06-18T18:46:53.8766404+00:00","BTC","btc-updown-5m-1781807700","2585050","2026-06-18T18:35:00.0000000+00:00","2026-06-18T18:40:00.0000000+00:00","-713.877","713.877","-413.877","Up","46402257018358606725498828349823690581856500639012482948187776046510407334125",,,,,,"0","0",,,,,"","","62764.01000000","62788.01000000","-3.8223858344929230915265510000","The remote server returned an error: (404) Not Found."
"44","2026-06-18T18:46:53.8766404+00:00","BTC","btc-updown-5m-1781807700","2585050","2026-06-18T18:35:00.0000000+00:00","2026-06-18T18:40:00.0000000+00:00","-713.877","713.877","-413.877","Down","35139634345922391080903425544822142400697904488413383462188748186763652240871",,,,,,"0","0",,,,,"","","62764.01000000","62788.01000000","-3.8223858344929230915265510000","The remote server returned an error: (404) Not Found."
"44","2026-06-18T18:46:53.8766404+00:00","ETH","eth-updown-5m-1781807700","2585051","2026-06-18T18:35:00.0000000+00:00","2026-06-18T18:40:00.0000000+00:00","-713.877","713.877","-413.877","Up","74461203961757261493458244738780826360022321825564372263353660790035729456590",,,,,,"0","0",,,,,"","","1684.80000000","1684.51000000","1.7215688835328968067865430000","The remote server returned an error: (404) Not Found."
"44","2026-06-18T18:46:53.8766404+00:00","ETH","eth-updown-5m-1781807700","2585051","2026-06-18T18:35:00.0000000+00:00","2026-06-18T18:40:00.0000000+00:00","-713.877","713.877","-413.877","Down","75286087574843676929308633186286345137325290048145693264847879249489792447013",,,,,,"0","0",,,,,"","","1684.80000000","1684.51000000","1.7215688835328968067865430000","The remote server returned an error: (404) Not Found."
"44","2026-06-18T18:46:53.8766404+00:00","BTC","btc-updown-5m-1781808000","2585540","2026-06-18T18:40:00.0000000+00:00","2026-06-18T18:45:00.0000000+00:00","-413.877","413.877","-113.877","Up","68879465934683457163131433626470896869720839796689695720987328811090538744534","0.999","337236.5",,,,"67","0","1282026.52","0","1556810.20","0","1781808405533","0x37dff2886c68fce27cd0e881f9ba4b661221c1681afbb9b5ccf46d9807da43e7","62764.01000000","62722.91000000","6.5526296531841395751568290000",""
"44","2026-06-18T18:46:53.8766404+00:00","BTC","btc-updown-5m-1781808000","2585540","2026-06-18T18:40:00.0000000+00:00","2026-06-18T18:45:00.0000000+00:00","-413.877","413.877","-113.877","Down","90994024001936624995449612087221105721743657631296606584972031902449014752715",,,"0.001","337236.5",,"0","67","0","1282026.52","0","1556810.20","1781808405533","0x37dff2886c68fce27cd0e881f9ba4b661221c1681afbb9b5ccf46d9807da43e7","62764.01000000","62722.91000000","6.5526296531841395751568290000",""
"44","2026-06-18T18:46:53.8766404+00:00","ETH","eth-updown-5m-1781808000","2585542","2026-06-18T18:40:00.0000000+00:00","2026-06-18T18:45:00.0000000+00:00","-413.877","413.877","-113.877","Up","49849740713050321516107817410296468449911255652199205726679896866087747161393","0.999","233006.38",,,,"41","0","797739.89","0","984198.31","0","1781808373393","0xc05fc868141ee0eae60f092abb7ecfb0de2dfb564074f18fefa847aadbfba555","1684.80000000","1682.20000000","15.455950540958268933539413000",""
"44","2026-06-18T18:46:53.8766404+00:00","ETH","eth-updown-5m-1781808000","2585542","2026-06-18T18:40:00.0000000+00:00","2026-06-18T18:45:00.0000000+00:00","-413.877","413.877","-113.877","Down","17591791386811154609095965976303693564520569177422496092498652550151428769695",,,"0.001","233006.38",,"0","41","0","797739.89","0","984198.31","1781808373393","0xc05fc868141ee0eae60f092abb7ecfb0de2dfb564074f18fefa847aadbfba555","1684.80000000","1682.20000000","15.455950540958268933539413000",""
"44","2026-06-18T18:46:53.8766404+00:00","SOL","sol-updown-5m-1781808000","2585543","2026-06-18T18:40:00.0000000+00:00","2026-06-18T18:45:00.0000000+00:00","-413.877","413.877","-113.877","Up","33883635556343746924049866166209953032521320774560384687032719094764384424169","0.999","171889.86",,,,"40","0","641522.43","0","825731.43","0","1781808372629","0x8ea26f6fb06e218ad5a9ed6ab3e8175ea846920303fde49cb2f463f33415c44b","68.71000000","68.56000000","21.878646441073512252042007000",""
"44","2026-06-18T18:46:53.8766404+00:00","SOL","sol-updown-5m-1781808000","2585543","2026-06-18T18:40:00.0000000+00:00","2026-06-18T18:45:00.0000000+00:00","-413.877","413.877","-113.877","Down","84425178885795678785795856280303190499382832162788080471884105518012716799398",,,"0.001","171889.86",,"0","40","0","641522.43","0","825731.43","1781808372629","0x8ea26f6fb06e218ad5a9ed6ab3e8175ea846920303fde49cb2f463f33415c44b","68.71000000","68.56000000","21.878646441073512252042007000",""
"44","2026-06-18T18:46:53.8766404+00:00","BTC","btc-updown-5m-1781808300","2585640","2026-06-18T18:45:00.0000000+00:00","2026-06-18T18:50:00.0000000+00:00","-113.877","113.877","186.123","Up","96824105467343580693139780796131495794995377592943523159760401295298802171896","0.45","234.55","0.46","951.13","0.01","45","54","2246.06","5092.28","43596.34","50384.42","1781808415377","0x276fe565b84e6f769293da985dc3b180e0cbecbff90c2eaa0bd8dadba73ab8c8","62764.01000000","62772.01000000","-1.2744533749994623399824220000",""
"44","2026-06-18T18:46:53.8766404+00:00","BTC","btc-updown-5m-1781808300","2585640","2026-06-18T18:45:00.0000000+00:00","2026-06-18T18:50:00.0000000+00:00","-113.877","113.877","186.123","Down","26034517743168909246241273147224929566684869610305877377037263223183270955032","0.54","942.7","0.55","234.55","0.01","54","45","5096.23","2246.06","50319.67","43716.34","1781808415512","0x276fe565b84e6f769293da985dc3b180e0cbecbff90c2eaa0bd8dadba73ab8c8","62764.01000000","62772.01000000","-1.2744533749994623399824220000",""
"44","2026-06-18T18:46:53.8766404+00:00","ETH","eth-updown-5m-1781808300","2585643","2026-06-18T18:45:00.0000000+00:00","2026-06-18T18:50:00.0000000+00:00","-113.877","113.877","186.123","Up","102474497961668922711347552769699220123299855671283242332791480799824046437372","0.39","180.56","0.4","60.47","0.01","39","60","914.54","851.82","15863.93","16727.45","1781808415627","0x840a534e31b8aa9e3be0f55d32ac4df7d6ce18a9f83dbd0d9692bff516647896","1684.80000000","1685.40000000","-3.5599857600569597721609110000",""
"44","2026-06-18T18:46:53.8766404+00:00","ETH","eth-updown-5m-1781808300","2585643","2026-06-18T18:45:00.0000000+00:00","2026-06-18T18:50:00.0000000+00:00","-113.877","113.877","186.123","Down","33125718133241705192250673813857380107029209118508563554468406354215970429790","0.6","60.47","0.61","180.56","0.01","60","39","929.32","914.54","16835.85","15868.93","1781808415801","0x840a534e31b8aa9e3be0f55d32ac4df7d6ce18a9f83dbd0d9692bff516647896","1684.80000000","1685.40000000","-3.5599857600569597721609110000",""
"44","2026-06-18T18:46:53.8766404+00:00","SOL","sol-updown-5m-1781808300","2585647","2026-06-18T18:45:00.0000000+00:00","2026-06-18T18:50:00.0000000+00:00","-113.877","113.877","186.123","Up","78180369598222530494496686105271237794359355229256172907874710701699819593202","0.45","95","0.46","7","0.01","45","54","328.24","168.82","7493.36","5681.38","1781808415970","0x1f845170ad7636d870a6fd8677ea6ba340c9ae41df2ae093d51870e11f629bb5","68.71000000","68.73000000","-2.9099374363451185799505310000",""
"44","2026-06-18T18:46:53.8766404+00:00","SOL","sol-updown-5m-1781808300","2585647","2026-06-18T18:45:00.0000000+00:00","2026-06-18T18:50:00.0000000+00:00","-113.877","113.877","186.123","Down","38718264108816871162926615169095462346059506567975488925103461747350867366676","0.54","7","0.55","109.25","0.01","54","45","188.82","375.49","5696.38","7513.21","1781808416063","0x1f845170ad7636d870a6fd8677ea6ba340c9ae41df2ae093d51870e11f629bb5","68.71000000","68.73000000","-2.9099374363451185799505310000",""
"45","2026-06-18T18:47:11.7724592+00:00","SOL","sol-updown-5m-1781807700","2585048","2026-06-18T18:35:00.0000000+00:00","2026-06-18T18:40:00.0000000+00:00","-731.772","731.772","-431.772","Up","5718934818440668581581968206003614529786960382720153627545271500748299494477",,,,,,"0","0",,,,,"","","68.74000000","68.66000000","11.651616661811826390911739000","The remote server returned an error: (404) Not Found."
"45","2026-06-18T18:47:11.7724592+00:00","SOL","sol-updown-5m-1781807700","2585048","2026-06-18T18:35:00.0000000+00:00","2026-06-18T18:40:00.0000000+00:00","-731.772","731.772","-431.772","Down","3229234571258476502341848318045383428101862893422608253097155093276200828639",,,,,,"0","0",,,,,"","","68.74000000","68.66000000","11.651616661811826390911739000","The remote server returned an error: (404) Not Found."
"45","2026-06-18T18:47:11.7724592+00:00","BTC","btc-updown-5m-1781807700","2585050","2026-06-18T18:35:00.0000000+00:00","2026-06-18T18:40:00.0000000+00:00","-731.772","731.772","-431.772","Up","46402257018358606725498828349823690581856500639012482948187776046510407334125",,,,,,"0","0",,,,,"","","62786.81000000","62788.01000000","-0.1911192917246461545763280000","The remote server returned an error: (404) Not Found."
"45","2026-06-18T18:47:11.7724592+00:00","BTC","btc-updown-5m-1781807700","2585050","2026-06-18T18:35:00.0000000+00:00","2026-06-18T18:40:00.0000000+00:00","-731.772","731.772","-431.772","Down","35139634345922391080903425544822142400697904488413383462188748186763652240871",,,,,,"0","0",,,,,"","","62786.81000000","62788.01000000","-0.1911192917246461545763280000","The remote server returned an error: (404) Not Found."
"45","2026-06-18T18:47:11.7724592+00:00","ETH","eth-updown-5m-1781807700","2585051","2026-06-18T18:35:00.0000000+00:00","2026-06-18T18:40:00.0000000+00:00","-731.772","731.772","-431.772","Up","74461203961757261493458244738780826360022321825564372263353660790035729456590",,,,,,"0","0",,,,,"","","1685.67000000","1684.51000000","6.8862755341315872271461730000","The remote server returned an error: (404) Not Found."
"45","2026-06-18T18:47:11.7724592+00:00","ETH","eth-updown-5m-1781807700","2585051","2026-06-18T18:35:00.0000000+00:00","2026-06-18T18:40:00.0000000+00:00","-731.772","731.772","-431.772","Down","75286087574843676929308633186286345137325290048145693264847879249489792447013",,,,,,"0","0",,,,,"","","1685.67000000","1684.51000000","6.8862755341315872271461730000","The remote server returned an error: (404) Not Found."
"45","2026-06-18T18:47:11.7724592+00:00","BTC","btc-updown-5m-1781808000","2585540","2026-06-18T18:40:00.0000000+00:00","2026-06-18T18:45:00.0000000+00:00","-431.772","431.772","-131.772","Up","68879465934683457163131433626470896869720839796689695720987328811090538744534",,,,,,"0","0",,,,,"","","62786.81000000","62722.91000000","10.187665081227895835827770000","The remote server returned an error: (404) Not Found."
"45","2026-06-18T18:47:11.7724592+00:00","BTC","btc-updown-5m-1781808000","2585540","2026-06-18T18:40:00.0000000+00:00","2026-06-18T18:45:00.0000000+00:00","-431.772","431.772","-131.772","Down","90994024001936624995449612087221105721743657631296606584972031902449014752715",,,,,,"0","0",,,,,"","","62786.81000000","62722.91000000","10.187665081227895835827770000","The remote server returned an error: (404) Not Found."
"45","2026-06-18T18:47:11.7724592+00:00","ETH","eth-updown-5m-1781808000","2585542","2026-06-18T18:40:00.0000000+00:00","2026-06-18T18:45:00.0000000+00:00","-431.772","431.772","-131.772","Up","49849740713050321516107817410296468449911255652199205726679896866087747161393",,,,,,"0","0",,,,,"","","1685.67000000","1682.20000000","20.627749375817381999762216000","The remote server returned an error: (404) Not Found."
"45","2026-06-18T18:47:11.7724592+00:00","ETH","eth-updown-5m-1781808000","2585542","2026-06-18T18:40:00.0000000+00:00","2026-06-18T18:45:00.0000000+00:00","-431.772","431.772","-131.772","Down","17591791386811154609095965976303693564520569177422496092498652550151428769695",,,,,,"0","0",,,,,"","","1685.67000000","1682.20000000","20.627749375817381999762216000","The remote server returned an error: (404) Not Found."
"45","2026-06-18T18:47:11.7724592+00:00","SOL","sol-updown-5m-1781808000","2585543","2026-06-18T18:40:00.0000000+00:00","2026-06-18T18:45:00.0000000+00:00","-431.772","431.772","-131.772","Up","33883635556343746924049866166209953032521320774560384687032719094764384424169",,,,,,"0","0",,,,,"","","68.74000000","68.56000000","26.254375729288214702450408000","The remote server returned an error: (404) Not Found."
"45","2026-06-18T18:47:11.7724592+00:00","SOL","sol-updown-5m-1781808000","2585543","2026-06-18T18:40:00.0000000+00:00","2026-06-18T18:45:00.0000000+00:00","-431.772","431.772","-131.772","Down","84425178885795678785795856280303190499382832162788080471884105518012716799398",,,,,,"0","0",,,,,"","","68.74000000","68.56000000","26.254375729288214702450408000","The remote server returned an error: (404) Not Found."
"45","2026-06-18T18:47:11.7724592+00:00","BTC","btc-updown-5m-1781808300","2585640","2026-06-18T18:45:00.0000000+00:00","2026-06-18T18:50:00.0000000+00:00","-131.772","131.772","168.228","Up","96824105467343580693139780796131495794995377592943523159760401295298802171896","0.64","0.15","0.65","605.18","0.01","64","35","1304.15","2670.95","39939.24","39267.21","1781808433499","0x276fe565b84e6f769293da985dc3b180e0cbecbff90c2eaa0bd8dadba73ab8c8","62786.81000000","62772.01000000","2.3577387437490053289674810000",""
"45","2026-06-18T18:47:11.7724592+00:00","BTC","btc-updown-5m-1781808300","2585640","2026-06-18T18:45:00.0000000+00:00","2026-06-18T18:50:00.0000000+00:00","-131.772","131.772","168.228","Down","26034517743168909246241273147224929566684869610305877377037263223183270955032","0.36","30","0.38","325.87","0.02","36","62","2324.27","2056.41","39758.11","39698.96","1781808433624","0x276fe565b84e6f769293da985dc3b180e0cbecbff90c2eaa0bd8dadba73ab8c8","62786.81000000","62772.01000000","2.3577387437490053289674810000",""
"45","2026-06-18T18:47:11.7724592+00:00","ETH","eth-updown-5m-1781808300","2585643","2026-06-18T18:45:00.0000000+00:00","2026-06-18T18:50:00.0000000+00:00","-131.772","131.772","168.228","Up","102474497961668922711347552769699220123299855671283242332791480799824046437372","0.59","20","0.6","284.64","0.01","59","40","530.53","1115.08","16089.52","16967.57","1781808433750","0x840a534e31b8aa9e3be0f55d32ac4df7d6ce18a9f83dbd0d9692bff516647896","1685.67000000","1685.40000000","1.601993592025631897472410000",""
"45","2026-06-18T18:47:11.7724592+00:00","ETH","eth-updown-5m-1781808300","2585643","2026-06-18T18:45:00.0000000+00:00","2026-06-18T18:50:00.0000000+00:00","-131.772","131.772","168.228","Down","33125718133241705192250673813857380107029209118508563554468406354215970429790","0.4","343.64","0.41","10","0.00999999999999995","40","59","1115.08","472.13","16967.57","16016.12","1781808433900","0x840a534e31b8aa9e3be0f55d32ac4df7d6ce18a9f83dbd0d9692bff516647896","1685.67000000","1685.40000000","1.601993592025631897472410000",""
"45","2026-06-18T18:47:11.7724592+00:00","SOL","sol-updown-5m-1781808300","2585647","2026-06-18T18:45:00.0000000+00:00","2026-06-18T18:50:00.0000000+00:00","-131.772","131.772","168.228","Up","78180369598222530494496686105271237794359355229256172907874710701699819593202","0.57","10","0.58","205.21","0.01","57","42","100.25","368.27","5725.57","7674.55","1781808434058","0x1f845170ad7636d870a6fd8677ea6ba340c9ae41df2ae093d51870e11f629bb5","68.74000000","68.73000000","1.4549687181725592899752660000",""
"45","2026-06-18T18:47:11.7724592+00:00","SOL","sol-updown-5m-1781808300","2585647","2026-06-18T18:45:00.0000000+00:00","2026-06-18T18:50:00.0000000+00:00","-131.772","131.772","168.228","Down","38718264108816871162926615169095462346059506567975488925103461747350867366676","0.42","200.21","0.43","10","0.01","42","57","363.27","138.85","7663.95","5730.87","1781808434206","0x1f845170ad7636d870a6fd8677ea6ba340c9ae41df2ae093d51870e11f629bb5","68.74000000","68.73000000","1.4549687181725592899752660000",""
"46","2026-06-18T18:47:30.0286896+00:00","SOL","sol-updown-5m-1781807700","2585048","2026-06-18T18:35:00.0000000+00:00","2026-06-18T18:40:00.0000000+00:00","-750.029","750.029","-450.029","Up","5718934818440668581581968206003614529786960382720153627545271500748299494477",,,,,,"0","0",,,,,"","","68.75000000","68.66000000","13.108068744538304689775706000","The remote server returned an error: (404) Not Found."
"46","2026-06-18T18:47:30.0286896+00:00","SOL","sol-updown-5m-1781807700","2585048","2026-06-18T18:35:00.0000000+00:00","2026-06-18T18:40:00.0000000+00:00","-750.029","750.029","-450.029","Down","3229234571258476502341848318045383428101862893422608253097155093276200828639",,,,,,"0","0",,,,,"","","68.75000000","68.66000000","13.108068744538304689775706000","The remote server returned an error: (404) Not Found."
"46","2026-06-18T18:47:30.0286896+00:00","BTC","btc-updown-5m-1781807700","2585050","2026-06-18T18:35:00.0000000+00:00","2026-06-18T18:40:00.0000000+00:00","-750.029","750.029","-450.029","Up","46402257018358606725498828349823690581856500639012482948187776046510407334125",,,,,,"0","0",,,,,"","","62795.59000000","62788.01000000","1.2072368593940148764071360000","The remote server returned an error: (404) Not Found."
"46","2026-06-18T18:47:30.0286896+00:00","BTC","btc-updown-5m-1781807700","2585050","2026-06-18T18:35:00.0000000+00:00","2026-06-18T18:40:00.0000000+00:00","-750.029","750.029","-450.029","Down","35139634345922391080903425544822142400697904488413383462188748186763652240871",,,,,,"0","0",,,,,"","","62795.59000000","62788.01000000","1.2072368593940148764071360000","The remote server returned an error: (404) Not Found."
"46","2026-06-18T18:47:30.0286896+00:00","ETH","eth-updown-5m-1781807700","2585051","2026-06-18T18:35:00.0000000+00:00","2026-06-18T18:40:00.0000000+00:00","-750.029","750.029","-450.029","Up","74461203961757261493458244738780826360022321825564372263353660790035729456590",,,,,,"0","0",,,,,"","","1685.63000000","1684.51000000","6.6488177570925669779342360000","The remote server returned an error: (404) Not Found."
"46","2026-06-18T18:47:30.0286896+00:00","ETH","eth-updown-5m-1781807700","2585051","2026-06-18T18:35:00.0000000+00:00","2026-06-18T18:40:00.0000000+00:00","-750.029","750.029","-450.029","Down","75286087574843676929308633186286345137325290048145693264847879249489792447013",,,,,,"0","0",,,,,"","","1685.63000000","1684.51000000","6.6488177570925669779342360000","The remote server returned an error: (404) Not Found."
"46","2026-06-18T18:47:30.0286896+00:00","BTC","btc-updown-5m-1781808000","2585540","2026-06-18T18:40:00.0000000+00:00","2026-06-18T18:45:00.0000000+00:00","-450.029","450.029","-150.029","Up","68879465934683457163131433626470896869720839796689695720987328811090538744534",,,,,,"0","0",,,,,"","","62795.59000000","62722.91000000","11.587472583781587939717720000","The remote server returned an error: (404) Not Found."
"46","2026-06-18T18:47:30.0286896+00:00","BTC","btc-updown-5m-1781808000","2585540","2026-06-18T18:40:00.0000000+00:00","2026-06-18T18:45:00.0000000+00:00","-450.029","450.029","-150.029","Down","90994024001936624995449612087221105721743657631296606584972031902449014752715",,,,,,"0","0",,,,,"","","62795.59000000","62722.91000000","11.587472583781587939717720000","The remote server returned an error: (404) Not Found."
"46","2026-06-18T18:47:30.0286896+00:00","ETH","eth-updown-5m-1781808000","2585542","2026-06-18T18:40:00.0000000+00:00","2026-06-18T18:45:00.0000000+00:00","-450.029","450.029","-150.029","Up","49849740713050321516107817410296468449911255652199205726679896866087747161393",,,,,,"0","0",,,,,"","","1685.63000000","1682.20000000","20.389965521341100939246225000","The remote server returned an error: (404) Not Found."
"46","2026-06-18T18:47:30.0286896+00:00","ETH","eth-updown-5m-1781808000","2585542","2026-06-18T18:40:00.0000000+00:00","2026-06-18T18:45:00.0000000+00:00","-450.029","450.029","-150.029","Down","17591791386811154609095965976303693564520569177422496092498652550151428769695",,,,,,"0","0",,,,,"","","1685.63000000","1682.20000000","20.389965521341100939246225000","The remote server returned an error: (404) Not Found."
"46","2026-06-18T18:47:30.0286896+00:00","SOL","sol-updown-5m-1781808000","2585543","2026-06-18T18:40:00.0000000+00:00","2026-06-18T18:45:00.0000000+00:00","-450.029","450.029","-150.029","Up","33883635556343746924049866166209953032521320774560384687032719094764384424169",,,,,,"0","0",,,,,"","","68.75000000","68.56000000","27.712952158693115519253209000","The remote server returned an error: (404) Not Found."
"46","2026-06-18T18:47:30.0286896+00:00","SOL","sol-updown-5m-1781808000","2585543","2026-06-18T18:40:00.0000000+00:00","2026-06-18T18:45:00.0000000+00:00","-450.029","450.029","-150.029","Down","84425178885795678785795856280303190499382832162788080471884105518012716799398",,,,,,"0","0",,,,,"","","68.75000000","68.56000000","27.712952158693115519253209000","The remote server returned an error: (404) Not Found."
"46","2026-06-18T18:47:30.0286896+00:00","BTC","btc-updown-5m-1781808300","2585640","2026-06-18T18:45:00.0000000+00:00","2026-06-18T18:50:00.0000000+00:00","-150.029","150.029","149.971","Up","96824105467343580693139780796131495794995377592943523159760401295298802171896","0.7","147","0.71","879.52","0.01","70","29","1714.73","4190.65","40599.08","37784.83","1781808451462","0x276fe565b84e6f769293da985dc3b180e0cbecbff90c2eaa0bd8dadba73ab8c8","62795.59000000","62772.01000000","3.7564513228109152470981890000",""
"46","2026-06-18T18:47:30.0286896+00:00","BTC","btc-updown-5m-1781808300","2585640","2026-06-18T18:45:00.0000000+00:00","2026-06-18T18:50:00.0000000+00:00","-150.029","150.029","149.971","Down","26034517743168909246241273147224929566684869610305877377037263223183270955032","0.29","1295.75","0.3","177","0.01","29","70","4526.75","1573.86","38136.93","40541.83","1781808451625","0x276fe565b84e6f769293da985dc3b180e0cbecbff90c2eaa0bd8dadba73ab8c8","62795.59000000","62772.01000000","3.7564513228109152470981890000",""
"46","2026-06-18T18:47:30.0286896+00:00","ETH","eth-updown-5m-1781808300","2585643","2026-06-18T18:45:00.0000000+00:00","2026-06-18T18:50:00.0000000+00:00","-150.029","150.029","149.971","Up","102474497961668922711347552769699220123299855671283242332791480799824046437372","0.61","125.95","0.62","258.95","0.01","61","38","779.68","1064.06","17457.75","16789.56","1781808451702","0x840a534e31b8aa9e3be0f55d32ac4df7d6ce18a9f83dbd0d9692bff516647896","1685.63000000","1685.40000000","1.3646612080218345793283490000",""
"46","2026-06-18T18:47:30.0286896+00:00","ETH","eth-updown-5m-1781808300","2585643","2026-06-18T18:45:00.0000000+00:00","2026-06-18T18:50:00.0000000+00:00","-150.029","150.029","149.971","Down","33125718133241705192250673813857380107029209118508563554468406354215970429790","0.38","258.95","0.39","122.36","0.01","38","61","1064.06","771.09","16821.06","17449.16","1781808451873","0x840a534e31b8aa9e3be0f55d32ac4df7d6ce18a9f83dbd0d9692bff516647896","1685.63000000","1685.40000000","1.3646612080218345793283490000",""
"46","2026-06-18T18:47:30.0286896+00:00","SOL","sol-updown-5m-1781808300","2585647","2026-06-18T18:45:00.0000000+00:00","2026-06-18T18:50:00.0000000+00:00","-150.029","150.029","149.971","Up","78180369598222530494496686105271237794359355229256172907874710701699819593202","0.63","17","0.64","147.9","0.01","63","36","169.16","411.36","6039.00","7151.14","1781808452029","0x1f845170ad7636d870a6fd8677ea6ba340c9ae41df2ae093d51870e11f629bb5","68.75000000","68.73000000","2.9099374363451185799505310000",""
"46","2026-06-18T18:47:30.0286896+00:00","SOL","sol-updown-5m-1781808300","2585647","2026-06-18T18:45:00.0000000+00:00","2026-06-18T18:50:00.0000000+00:00","-150.029","150.029","149.971","Down","38718264108816871162926615169095462346059506567975488925103461747350867366676","0.36","85.9","0.37","17","0.01","36","63","343.83","169.16","7143.61","6054.00","1781808452146","0x1f845170ad7636d870a6fd8677ea6ba340c9ae41df2ae093d51870e11f629bb5","68.75000000","68.73000000","2.9099374363451185799505310000",""
"47","2026-06-18T18:47:47.9915885+00:00","SOL","sol-updown-5m-1781807700","2585048","2026-06-18T18:35:00.0000000+00:00","2026-06-18T18:40:00.0000000+00:00","-767.992","767.992","-467.992","Up","5718934818440668581581968206003614529786960382720153627545271500748299494477",,,,,,"0","0",,,,,"","","68.72000000","68.66000000","8.738712496358869793183804000","The remote server returned an error: (404) Not Found."
"47","2026-06-18T18:47:47.9915885+00:00","SOL","sol-updown-5m-1781807700","2585048","2026-06-18T18:35:00.0000000+00:00","2026-06-18T18:40:00.0000000+00:00","-767.992","767.992","-467.992","Down","3229234571258476502341848318045383428101862893422608253097155093276200828639",,,,,,"0","0",,,,,"","","68.72000000","68.66000000","8.738712496358869793183804000","The remote server returned an error: (404) Not Found."
"47","2026-06-18T18:47:47.9915885+00:00","BTC","btc-updown-5m-1781807700","2585050","2026-06-18T18:35:00.0000000+00:00","2026-06-18T18:40:00.0000000+00:00","-767.992","767.992","-467.992","Up","46402257018358606725498828349823690581856500639012482948187776046510407334125",,,,,,"0","0",,,,,"","","62754.01000000","62788.01000000","-5.4150465988649743796626140000","The remote server returned an error: (404) Not Found."
"47","2026-06-18T18:47:47.9915885+00:00","BTC","btc-updown-5m-1781807700","2585050","2026-06-18T18:35:00.0000000+00:00","2026-06-18T18:40:00.0000000+00:00","-767.992","767.992","-467.992","Down","35139634345922391080903425544822142400697904488413383462188748186763652240871",,,,,,"0","0",,,,,"","","62754.01000000","62788.01000000","-5.4150465988649743796626140000","The remote server returned an error: (404) Not Found."
"47","2026-06-18T18:47:47.9915885+00:00","ETH","eth-updown-5m-1781807700","2585051","2026-06-18T18:35:00.0000000+00:00","2026-06-18T18:40:00.0000000+00:00","-767.992","767.992","-467.992","Up","74461203961757261493458244738780826360022321825564372263353660790035729456590",,,,,,"0","0",,,,,"","","1684.81000000","1684.51000000","1.7809333277926518690895280000","The remote server returned an error: (404) Not Found."
"47","2026-06-18T18:47:47.9915885+00:00","ETH","eth-updown-5m-1781807700","2585051","2026-06-18T18:35:00.0000000+00:00","2026-06-18T18:40:00.0000000+00:00","-767.992","767.992","-467.992","Down","75286087574843676929308633186286345137325290048145693264847879249489792447013",,,,,,"0","0",,,,,"","","1684.81000000","1684.51000000","1.7809333277926518690895280000","The remote server returned an error: (404) Not Found."
"47","2026-06-18T18:47:47.9915885+00:00","BTC","btc-updown-5m-1781808000","2585540","2026-06-18T18:40:00.0000000+00:00","2026-06-18T18:45:00.0000000+00:00","-467.992","467.992","-167.992","Up","68879465934683457163131433626470896869720839796689695720987328811090538744534",,,,,,"0","0",,,,,"","","62754.01000000","62722.91000000","4.9583158689544219169678190000","The remote server returned an error: (404) Not Found."
"47","2026-06-18T18:47:47.9915885+00:00","BTC","btc-updown-5m-1781808000","2585540","2026-06-18T18:40:00.0000000+00:00","2026-06-18T18:45:00.0000000+00:00","-467.992","467.992","-167.992","Down","90994024001936624995449612087221105721743657631296606584972031902449014752715",,,,,,"0","0",,,,,"","","62754.01000000","62722.91000000","4.9583158689544219169678190000","The remote server returned an error: (404) Not Found."
"47","2026-06-18T18:47:47.9915885+00:00","ETH","eth-updown-5m-1781808000","2585542","2026-06-18T18:40:00.0000000+00:00","2026-06-18T18:45:00.0000000+00:00","-467.992","467.992","-167.992","Up","49849740713050321516107817410296468449911255652199205726679896866087747161393",,,,,,"0","0",,,,,"","","1684.81000000","1682.20000000","15.515396504577339198668410000","The remote server returned an error: (404) Not Found."
"47","2026-06-18T18:47:47.9915885+00:00","ETH","eth-updown-5m-1781808000","2585542","2026-06-18T18:40:00.0000000+00:00","2026-06-18T18:45:00.0000000+00:00","-467.992","467.992","-167.992","Down","17591791386811154609095965976303693564520569177422496092498652550151428769695",,,,,,"0","0",,,,,"","","1684.81000000","1682.20000000","15.515396504577339198668410000","The remote server returned an error: (404) Not Found."
"47","2026-06-18T18:47:47.9915885+00:00","SOL","sol-updown-5m-1781808000","2585543","2026-06-18T18:40:00.0000000+00:00","2026-06-18T18:45:00.0000000+00:00","-467.992","467.992","-167.992","Up","33883635556343746924049866166209953032521320774560384687032719094764384424169",,,,,,"0","0",,,,,"","","68.72000000","68.56000000","23.337222870478413068844807000","The remote server returned an error: (404) Not Found."
"47","2026-06-18T18:47:47.9915885+00:00","SOL","sol-updown-5m-1781808000","2585543","2026-06-18T18:40:00.0000000+00:00","2026-06-18T18:45:00.0000000+00:00","-467.992","467.992","-167.992","Down","84425178885795678785795856280303190499382832162788080471884105518012716799398",,,,,,"0","0",,,,,"","","68.72000000","68.56000000","23.337222870478413068844807000","The remote server returned an error: (404) Not Found."
"47","2026-06-18T18:47:47.9915885+00:00","BTC","btc-updown-5m-1781808300","2585640","2026-06-18T18:45:00.0000000+00:00","2026-06-18T18:50:00.0000000+00:00","-167.992","167.992","132.008","Up","96824105467343580693139780796131495794995377592943523159760401295298802171896","0.42","386.67","0.43","191.43","0.01","42","57","3036.00","2580.75","39491.18","47541.76","1781808469547","0x276fe565b84e6f769293da985dc3b180e0cbecbff90c2eaa0bd8dadba73ab8c8","62754.01000000","62772.01000000","-2.867520093748790264960450000",""
"47","2026-06-18T18:47:47.9915885+00:00","BTC","btc-updown-5m-1781808300","2585640","2026-06-18T18:45:00.0000000+00:00","2026-06-18T18:50:00.0000000+00:00","-167.992","167.992","132.008","Down","26034517743168909246241273147224929566684869610305877377037263223183270955032","0.57","141.43","0.58","486.67","0.01","57","42","2556.05","3056.00","47413.86","39156.18","1781808469658","0x276fe565b84e6f769293da985dc3b180e0cbecbff90c2eaa0bd8dadba73ab8c8","62754.01000000","62772.01000000","-2.867520093748790264960450000",""
"47","2026-06-18T18:47:47.9915885+00:00","ETH","eth-updown-5m-1781808300","2585643","2026-06-18T18:45:00.0000000+00:00","2026-06-18T18:50:00.0000000+00:00","-167.992","167.992","132.008","Up","102474497961668922711347552769699220123299855671283242332791480799824046437372","0.41","388.03","0.42","41.12","0.01","41","58","1289.69","466.47","16811.83","16708.97","1781808469771","0x840a534e31b8aa9e3be0f55d32ac4df7d6ce18a9f83dbd0d9692bff516647896","1684.81000000","1685.40000000","-3.5006526640560104426248960000",""
"47","2026-06-18T18:47:47.9915885+00:00","ETH","eth-updown-5m-1781808300","2585643","2026-06-18T18:45:00.0000000+00:00","2026-06-18T18:50:00.0000000+00:00","-167.992","167.992","132.008","Down","33125718133241705192250673813857380107029209118508563554468406354215970429790","0.58","41.12","0.59","321.4","0.01","58","41","466.47","1220.79","16698.97","16747.93","1781808469932","0x840a534e31b8aa9e3be0f55d32ac4df7d6ce18a9f83dbd0d9692bff516647896","1684.81000000","1685.40000000","-3.5006526640560104426248960000",""
"47","2026-06-18T18:47:47.9915885+00:00","SOL","sol-updown-5m-1781808300","2585647","2026-06-18T18:45:00.0000000+00:00","2026-06-18T18:50:00.0000000+00:00","-167.992","167.992","132.008","Up","78180369598222530494496686105271237794359355229256172907874710701699819593202","0.44","34.92","0.45","117.52","0.01","44","55","122.33","318.04","7561.54","5939.31","1781808470150","0x1f845170ad7636d870a6fd8677ea6ba340c9ae41df2ae093d51870e11f629bb5","68.72000000","68.73000000","-1.4549687181725592899752660000",""
"47","2026-06-18T18:47:47.9915885+00:00","SOL","sol-updown-5m-1781808300","2585647","2026-06-18T18:45:00.0000000+00:00","2026-06-18T18:50:00.0000000+00:00","-167.992","167.992","132.008","Down","38718264108816871162926615169095462346059506567975488925103461747350867366676","0.55","137.52","0.56","34.92","0.01","55","44","338.04","122.33","5959.51","7600.55","1781808470312","0x1f845170ad7636d870a6fd8677ea6ba340c9ae41df2ae093d51870e11f629bb5","68.72000000","68.73000000","-1.4549687181725592899752660000",""
"48","2026-06-18T18:48:06.0835071+00:00","SOL","sol-updown-5m-1781807700","2585048","2026-06-18T18:35:00.0000000+00:00","2026-06-18T18:40:00.0000000+00:00","-786.084","786.084","-486.084","Up","5718934818440668581581968206003614529786960382720153627545271500748299494477",,,,,,"0","0",,,,,"","","68.69000000","68.66000000","4.3693562481794348965919020000","The remote server returned an error: (404) Not Found."
"48","2026-06-18T18:48:06.0835071+00:00","SOL","sol-updown-5m-1781807700","2585048","2026-06-18T18:35:00.0000000+00:00","2026-06-18T18:40:00.0000000+00:00","-786.084","786.084","-486.084","Down","3229234571258476502341848318045383428101862893422608253097155093276200828639",,,,,,"0","0",,,,,"","","68.69000000","68.66000000","4.3693562481794348965919020000","The remote server returned an error: (404) Not Found."
"48","2026-06-18T18:48:06.0835071+00:00","BTC","btc-updown-5m-1781807700","2585050","2026-06-18T18:35:00.0000000+00:00","2026-06-18T18:40:00.0000000+00:00","-786.084","786.084","-486.084","Up","46402257018358606725498828349823690581856500639012482948187776046510407334125",,,,,,"0","0",,,,,"","","62752.00000000","62788.01000000","-5.7351714125037566885779630000","The remote server returned an error: (404) Not Found."
"48","2026-06-18T18:48:06.0835071+00:00","BTC","btc-updown-5m-1781807700","2585050","2026-06-18T18:35:00.0000000+00:00","2026-06-18T18:40:00.0000000+00:00","-786.084","786.084","-486.084","Down","35139634345922391080903425544822142400697904488413383462188748186763652240871",,,,,,"0","0",,,,,"","","62752.00000000","62788.01000000","-5.7351714125037566885779630000","The remote server returned an error: (404) Not Found."
"48","2026-06-18T18:48:06.0835071+00:00","ETH","eth-updown-5m-1781807700","2585051","2026-06-18T18:35:00.0000000+00:00","2026-06-18T18:40:00.0000000+00:00","-786.084","786.084","-486.084","Up","74461203961757261493458244738780826360022321825564372263353660790035729456590",,,,,,"0","0",,,,,"","","1684.49000000","1684.51000000","-0.1187288885195101246059690000","The remote server returned an error: (404) Not Found."
"48","2026-06-18T18:48:06.0835071+00:00","ETH","eth-updown-5m-1781807700","2585051","2026-06-18T18:35:00.0000000+00:00","2026-06-18T18:40:00.0000000+00:00","-786.084","786.084","-486.084","Down","75286087574843676929308633186286345137325290048145693264847879249489792447013",,,,,,"0","0",,,,,"","","1684.49000000","1684.51000000","-0.1187288885195101246059690000","The remote server returned an error: (404) Not Found."
"48","2026-06-18T18:48:06.0835071+00:00","BTC","btc-updown-5m-1781808000","2585540","2026-06-18T18:40:00.0000000+00:00","2026-06-18T18:45:00.0000000+00:00","-486.084","486.084","-186.084","Up","68879465934683457163131433626470896869720839796689695720987328811090538744534",,,,,,"0","0",,,,,"","","62752.00000000","62722.91000000","4.6378587983242486676718280000","The remote server returned an error: (404) Not Found."
"48","2026-06-18T18:48:06.0835071+00:00","BTC","btc-updown-5m-1781808000","2585540","2026-06-18T18:40:00.0000000+00:00","2026-06-18T18:45:00.0000000+00:00","-486.084","486.084","-186.084","Down","90994024001936624995449612087221105721743657631296606584972031902449014752715",,,,,,"0","0",,,,,"","","62752.00000000","62722.91000000","4.6378587983242486676718280000","The remote server returned an error: (404) Not Found."
"48","2026-06-18T18:48:06.0835071+00:00","ETH","eth-updown-5m-1781808000","2585542","2026-06-18T18:40:00.0000000+00:00","2026-06-18T18:45:00.0000000+00:00","-486.084","486.084","-186.084","Up","49849740713050321516107817410296468449911255652199205726679896866087747161393",,,,,,"0","0",,,,,"","","1684.49000000","1682.20000000","13.613125668767090714540483000","The remote server returned an error: (404) Not Found."
"48","2026-06-18T18:48:06.0835071+00:00","ETH","eth-updown-5m-1781808000","2585542","2026-06-18T18:40:00.0000000+00:00","2026-06-18T18:45:00.0000000+00:00","-486.084","486.084","-186.084","Down","17591791386811154609095965976303693564520569177422496092498652550151428769695",,,,,,"0","0",,,,,"","","1684.49000000","1682.20000000","13.613125668767090714540483000","The remote server returned an error: (404) Not Found."
"48","2026-06-18T18:48:06.0835071+00:00","SOL","sol-updown-5m-1781808000","2585543","2026-06-18T18:40:00.0000000+00:00","2026-06-18T18:45:00.0000000+00:00","-486.084","486.084","-186.084","Up","33883635556343746924049866166209953032521320774560384687032719094764384424169",,,,,,"0","0",,,,,"","","68.69000000","68.56000000","18.961493582263710618436406000","The remote server returned an error: (404) Not Found."
"48","2026-06-18T18:48:06.0835071+00:00","SOL","sol-updown-5m-1781808000","2585543","2026-06-18T18:40:00.0000000+00:00","2026-06-18T18:45:00.0000000+00:00","-486.084","486.084","-186.084","Down","84425178885795678785795856280303190499382832162788080471884105518012716799398",,,,,,"0","0",,,,,"","","68.69000000","68.56000000","18.961493582263710618436406000","The remote server returned an error: (404) Not Found."
"48","2026-06-18T18:48:06.0835071+00:00","BTC","btc-updown-5m-1781808300","2585640","2026-06-18T18:45:00.0000000+00:00","2026-06-18T18:50:00.0000000+00:00","-186.084","186.084","113.916","Up","96824105467343580693139780796131495794995377592943523159760401295298802171896","0.5","700.56","0.51","311.5","0.01","50","49","2315.51","1361.23","44727.30","40505.95","1781808488375","0x276fe565b84e6f769293da985dc3b180e0cbecbff90c2eaa0bd8dadba73ab8c8","62752.00000000","62772.01000000","-3.1877265042174051778810330000",""
"48","2026-06-18T18:48:06.0835071+00:00","BTC","btc-updown-5m-1781808300","2585640","2026-06-18T18:45:00.0000000+00:00","2026-06-18T18:50:00.0000000+00:00","-186.084","186.084","113.916","Down","26034517743168909246241273147224929566684869610305877377037263223183270955032","0.49","367.52","0.5","880.26","0.01","49","50","1262.25","2503.09","40389.12","70682.87","1781808488602","0x276fe565b84e6f769293da985dc3b180e0cbecbff90c2eaa0bd8dadba73ab8c8","62752.00000000","62772.01000000","-3.1877265042174051778810330000",""
"48","2026-06-18T18:48:06.0835071+00:00","ETH","eth-updown-5m-1781808300","2585643","2026-06-18T18:45:00.0000000+00:00","2026-06-18T18:50:00.0000000+00:00","-186.084","186.084","113.916","Up","102474497961668922711347552769699220123299855671283242332791480799824046437372","0.35","49","0.36","156.54","0.01","35","64","708.98","627.01","11480.92","16857.72","1781808488740","0x840a534e31b8aa9e3be0f55d32ac4df7d6ce18a9f83dbd0d9692bff516647896","1684.49000000","1685.40000000","-5.3993117360863889877773820000",""
"48","2026-06-18T18:48:06.0835071+00:00","ETH","eth-updown-5m-1781808300","2585643","2026-06-18T18:45:00.0000000+00:00","2026-06-18T18:50:00.0000000+00:00","-186.084","186.084","113.916","Down","33125718133241705192250673813857380107029209118508563554468406354215970429790","0.64","7.56","0.65","252.35","0.01","64","35","124.37","1075.63","15297.06","10846.52","1781808489132","0x840a534e31b8aa9e3be0f55d32ac4df7d6ce18a9f83dbd0d9692bff516647896","1684.49000000","1685.40000000","-5.3993117360863889877773820000",""
"48","2026-06-18T18:48:06.0835071+00:00","SOL","sol-updown-5m-1781808300","2585647","2026-06-18T18:45:00.0000000+00:00","2026-06-18T18:50:00.0000000+00:00","-186.084","186.084","113.916","Up","78180369598222530494496686105271237794359355229256172907874710701699819593202","0.37","149.12","0.38","5","0.01","37","57","380.32","38","6990.44","5698.25","1781808489253","0x1f845170ad7636d870a6fd8677ea6ba340c9ae41df2ae093d51870e11f629bb5","68.69000000","68.73000000","-5.8198748726902371599010620000",""
"48","2026-06-18T18:48:06.0835071+00:00","SOL","sol-updown-5m-1781808300","2585647","2026-06-18T18:45:00.0000000+00:00","2026-06-18T18:50:00.0000000+00:00","-186.084","186.084","113.916","Down","38718264108816871162926615169095462346059506567975488925103461747350867366676","0.62","5","0.63","177.12","0.01","56","37","33","380.32","5272.28","6595.54","1781808489364","0x1f845170ad7636d870a6fd8677ea6ba340c9ae41df2ae093d51870e11f629bb5","68.69000000","68.73000000","-5.8198748726902371599010620000",""
"49","2026-06-18T18:48:25.0813397+00:00","SOL","sol-updown-5m-1781807700","2585048","2026-06-18T18:35:00.0000000+00:00","2026-06-18T18:40:00.0000000+00:00","-805.081","805.081","-505.081","Up","5718934818440668581581968206003614529786960382720153627545271500748299494477",,,,,,"0","0",,,,,"","","68.75000000","68.66000000","13.108068744538304689775706000","The remote server returned an error: (404) Not Found."
"49","2026-06-18T18:48:25.0813397+00:00","SOL","sol-updown-5m-1781807700","2585048","2026-06-18T18:35:00.0000000+00:00","2026-06-18T18:40:00.0000000+00:00","-805.081","805.081","-505.081","Down","3229234571258476502341848318045383428101862893422608253097155093276200828639",,,,,,"0","0",,,,,"","","68.75000000","68.66000000","13.108068744538304689775706000","The remote server returned an error: (404) Not Found."
"49","2026-06-18T18:48:25.0813397+00:00","BTC","btc-updown-5m-1781807700","2585050","2026-06-18T18:35:00.0000000+00:00","2026-06-18T18:40:00.0000000+00:00","-805.081","805.081","-505.081","Up","46402257018358606725498828349823690581856500639012482948187776046510407334125",,,,,,"0","0",,,,,"","","62783.99000000","62788.01000000","-0.6402496272775646178306970000","The remote server returned an error: (404) Not Found."
"49","2026-06-18T18:48:25.0813397+00:00","BTC","btc-updown-5m-1781807700","2585050","2026-06-18T18:35:00.0000000+00:00","2026-06-18T18:40:00.0000000+00:00","-805.081","805.081","-505.081","Down","35139634345922391080903425544822142400697904488413383462188748186763652240871",,,,,,"0","0",,,,,"","","62783.99000000","62788.01000000","-0.6402496272775646178306970000","The remote server returned an error: (404) Not Found."
"49","2026-06-18T18:48:25.0813397+00:00","ETH","eth-updown-5m-1781807700","2585051","2026-06-18T18:35:00.0000000+00:00","2026-06-18T18:40:00.0000000+00:00","-805.081","805.081","-505.081","Up","74461203961757261493458244738780826360022321825564372263353660790035729456590",,,,,,"0","0",,,,,"","","1685.58000000","1684.51000000","6.3519955357937916664193150000","The remote server returned an error: (404) Not Found."
"49","2026-06-18T18:48:25.0813397+00:00","ETH","eth-updown-5m-1781807700","2585051","2026-06-18T18:35:00.0000000+00:00","2026-06-18T18:40:00.0000000+00:00","-805.081","805.081","-505.081","Down","75286087574843676929308633186286345137325290048145693264847879249489792447013",,,,,,"0","0",,,,,"","","1685.58000000","1684.51000000","6.3519955357937916664193150000","The remote server returned an error: (404) Not Found."
"49","2026-06-18T18:48:25.0813397+00:00","BTC","btc-updown-5m-1781808000","2585540","2026-06-18T18:40:00.0000000+00:00","2026-06-18T18:45:00.0000000+00:00","-505.081","505.081","-205.081","Up","68879465934683457163131433626470896869720839796689695720987328811090538744534",,,,,,"0","0",,,,,"","","62783.99000000","62722.91000000","9.738068594075115456218469000","The remote server returned an error: (404) Not Found."
"49","2026-06-18T18:48:25.0813397+00:00","BTC","btc-updown-5m-1781808000","2585540","2026-06-18T18:40:00.0000000+00:00","2026-06-18T18:45:00.0000000+00:00","-505.081","505.081","-205.081","Down","90994024001936624995449612087221105721743657631296606584972031902449014752715",,,,,,"0","0",,,,,"","","62783.99000000","62722.91000000","9.738068594075115456218469000","The remote server returned an error: (404) Not Found."
"49","2026-06-18T18:48:25.0813397+00:00","ETH","eth-updown-5m-1781808000","2585542","2026-06-18T18:40:00.0000000+00:00","2026-06-18T18:45:00.0000000+00:00","-505.081","505.081","-205.081","Up","49849740713050321516107817410296468449911255652199205726679896866087747161393",,,,,,"0","0",,,,,"","","1685.58000000","1682.20000000","20.092735703245749613601236000","The remote server returned an error: (404) Not Found."
"49","2026-06-18T18:48:25.0813397+00:00","ETH","eth-updown-5m-1781808000","2585542","2026-06-18T18:40:00.0000000+00:00","2026-06-18T18:45:00.0000000+00:00","-505.081","505.081","-205.081","Down","17591791386811154609095965976303693564520569177422496092498652550151428769695",,,,,,"0","0",,,,,"","","1685.58000000","1682.20000000","20.092735703245749613601236000","The remote server returned an error: (404) Not Found."
"49","2026-06-18T18:48:25.0813397+00:00","SOL","sol-updown-5m-1781808000","2585543","2026-06-18T18:40:00.0000000+00:00","2026-06-18T18:45:00.0000000+00:00","-505.081","505.081","-205.081","Up","33883635556343746924049866166209953032521320774560384687032719094764384424169",,,,,,"0","0",,,,,"","","68.75000000","68.56000000","27.712952158693115519253209000","The remote server returned an error: (404) Not Found."
"49","2026-06-18T18:48:25.0813397+00:00","SOL","sol-updown-5m-1781808000","2585543","2026-06-18T18:40:00.0000000+00:00","2026-06-18T18:45:00.0000000+00:00","-505.081","505.081","-205.081","Down","84425178885795678785795856280303190499382832162788080471884105518012716799398",,,,,,"0","0",,,,,"","","68.75000000","68.56000000","27.712952158693115519253209000","The remote server returned an error: (404) Not Found."
"49","2026-06-18T18:48:25.0813397+00:00","BTC","btc-updown-5m-1781808300","2585640","2026-06-18T18:45:00.0000000+00:00","2026-06-18T18:50:00.0000000+00:00","-205.081","205.081","94.919","Up","96824105467343580693139780796131495794995377592943523159760401295298802171896","0.79","85","0.8","906.25","0.01","79","20","414.18","2552.65","69923.65","31638.44","1781808506943","0x276fe565b84e6f769293da985dc3b180e0cbecbff90c2eaa0bd8dadba73ab8c8","62783.99000000","62772.01000000","1.9084939290616948541236770000",""
"49","2026-06-18T18:48:25.0813397+00:00","BTC","btc-updown-5m-1781808300","2585640","2026-06-18T18:45:00.0000000+00:00","2026-06-18T18:50:00.0000000+00:00","-205.081","205.081","94.919","Down","26034517743168909246241273147224929566684869610305877377037263223183270955032","0.2","1041.88","0.21","50","0.00999999999999998","20","79","2688.28","497.18","31897.07","65934.58","1781808507124","0x276fe565b84e6f769293da985dc3b180e0cbecbff90c2eaa0bd8dadba73ab8c8","62783.99000000","62772.01000000","1.9084939290616948541236770000",""
"49","2026-06-18T18:48:25.0813397+00:00","ETH","eth-updown-5m-1781808300","2585643","2026-06-18T18:45:00.0000000+00:00","2026-06-18T18:50:00.0000000+00:00","-205.081","205.081","94.919","Up","102474497961668922711347552769699220123299855671283242332791480799824046437372","0.56","87.05","0.57","221.1","0.0099999999999999","56","43","652.24","936.62","15033.71","14663.99","1781808507452","0x840a534e31b8aa9e3be0f55d32ac4df7d6ce18a9f83dbd0d9692bff516647896","1685.58000000","1685.40000000","1.0679957280170879316482730000",""
"49","2026-06-18T18:48:25.0813397+00:00","ETH","eth-updown-5m-1781808300","2585643","2026-06-18T18:45:00.0000000+00:00","2026-06-18T18:50:00.0000000+00:00","-205.081","205.081","94.919","Down","33125718133241705192250673813857380107029209118508563554468406354215970429790","0.44","75.63","0.45","67","0.01","44","55","497.94","867.19","14374.31","14964.17","1781808507617","0x840a534e31b8aa9e3be0f55d32ac4df7d6ce18a9f83dbd0d9692bff516647896","1685.58000000","1685.40000000","1.0679957280170879316482730000",""
"49","2026-06-18T18:48:25.0813397+00:00","SOL","sol-updown-5m-1781808300","2585647","2026-06-18T18:45:00.0000000+00:00","2026-06-18T18:50:00.0000000+00:00","-205.081","205.081","94.919","Up","78180369598222530494496686105271237794359355229256172907874710701699819593202","0.66","0.4","0.67","164.22","0.01","66","33","43.6","456.94","5906.84","6984.36","1781808507788","0x1f845170ad7636d870a6fd8677ea6ba340c9ae41df2ae093d51870e11f629bb5","68.75000000","68.73000000","2.9099374363451185799505310000",""
"49","2026-06-18T18:48:25.0813397+00:00","SOL","sol-updown-5m-1781808300","2585647","2026-06-18T18:45:00.0000000+00:00","2026-06-18T18:50:00.0000000+00:00","-205.081","205.081","94.919","Down","38718264108816871162926615169095462346059506567975488925103461747350867366676","0.33","164.22","0.34","0.4","0.01","33","66","466.64","43.6","6999.06","5917.32","1781808507971","0x1f845170ad7636d870a6fd8677ea6ba340c9ae41df2ae093d51870e11f629bb5","68.75000000","68.73000000","2.9099374363451185799505310000",""
"50","2026-06-18T18:48:43.6786512+00:00","SOL","sol-updown-5m-1781807700","2585048","2026-06-18T18:35:00.0000000+00:00","2026-06-18T18:40:00.0000000+00:00","-823.679","823.679","-523.679","Up","5718934818440668581581968206003614529786960382720153627545271500748299494477",,,,,,"0","0",,,,,"","","68.76000000","68.66000000","14.564520827264782988639674000","The remote server returned an error: (404) Not Found."
"50","2026-06-18T18:48:43.6786512+00:00","SOL","sol-updown-5m-1781807700","2585048","2026-06-18T18:35:00.0000000+00:00","2026-06-18T18:40:00.0000000+00:00","-823.679","823.679","-523.679","Down","3229234571258476502341848318045383428101862893422608253097155093276200828639",,,,,,"0","0",,,,,"","","68.76000000","68.66000000","14.564520827264782988639674000","The remote server returned an error: (404) Not Found."
"50","2026-06-18T18:48:43.6786512+00:00","BTC","btc-updown-5m-1781807700","2585050","2026-06-18T18:35:00.0000000+00:00","2026-06-18T18:40:00.0000000+00:00","-823.679","823.679","-523.679","Up","46402257018358606725498828349823690581856500639012482948187776046510407334125",,,,,,"0","0",,,,,"","","62783.99000000","62788.01000000","-0.6402496272775646178306970000","The remote server returned an error: (404) Not Found."
"50","2026-06-18T18:48:43.6786512+00:00","BTC","btc-updown-5m-1781807700","2585050","2026-06-18T18:35:00.0000000+00:00","2026-06-18T18:40:00.0000000+00:00","-823.679","823.679","-523.679","Down","35139634345922391080903425544822142400697904488413383462188748186763652240871",,,,,,"0","0",,,,,"","","62783.99000000","62788.01000000","-0.6402496272775646178306970000","The remote server returned an error: (404) Not Found."
"50","2026-06-18T18:48:43.6786512+00:00","ETH","eth-updown-5m-1781807700","2585051","2026-06-18T18:35:00.0000000+00:00","2026-06-18T18:40:00.0000000+00:00","-823.679","823.679","-523.679","Up","74461203961757261493458244738780826360022321825564372263353660790035729456590",,,,,,"0","0",,,,,"","","1685.53000000","1684.51000000","6.0551733144950163549043940000","The remote server returned an error: (404) Not Found."
"50","2026-06-18T18:48:43.6786512+00:00","ETH","eth-updown-5m-1781807700","2585051","2026-06-18T18:35:00.0000000+00:00","2026-06-18T18:40:00.0000000+00:00","-823.679","823.679","-523.679","Down","75286087574843676929308633186286345137325290048145693264847879249489792447013",,,,,,"0","0",,,,,"","","1685.53000000","1684.51000000","6.0551733144950163549043940000","The remote server returned an error: (404) Not Found."
"50","2026-06-18T18:48:43.6786512+00:00","BTC","btc-updown-5m-1781808000","2585540","2026-06-18T18:40:00.0000000+00:00","2026-06-18T18:45:00.0000000+00:00","-523.679","523.679","-223.679","Up","68879465934683457163131433626470896869720839796689695720987328811090538744534",,,,,,"0","0",,,,,"","","62783.99000000","62722.91000000","9.738068594075115456218469000","The remote server returned an error: (404) Not Found."
"50","2026-06-18T18:48:43.6786512+00:00","BTC","btc-updown-5m-1781808000","2585540","2026-06-18T18:40:00.0000000+00:00","2026-06-18T18:45:00.0000000+00:00","-523.679","523.679","-223.679","Down","90994024001936624995449612087221105721743657631296606584972031902449014752715",,,,,,"0","0",,,,,"","","62783.99000000","62722.91000000","9.738068594075115456218469000","The remote server returned an error: (404) Not Found."
"50","2026-06-18T18:48:43.6786512+00:00","ETH","eth-updown-5m-1781808000","2585542","2026-06-18T18:40:00.0000000+00:00","2026-06-18T18:45:00.0000000+00:00","-523.679","523.679","-223.679","Up","49849740713050321516107817410296468449911255652199205726679896866087747161393",,,,,,"0","0",,,,,"","","1685.53000000","1682.20000000","19.795505885150398287956248000","The remote server returned an error: (404) Not Found."
"50","2026-06-18T18:48:43.6786512+00:00","ETH","eth-updown-5m-1781808000","2585542","2026-06-18T18:40:00.0000000+00:00","2026-06-18T18:45:00.0000000+00:00","-523.679","523.679","-223.679","Down","17591791386811154609095965976303693564520569177422496092498652550151428769695",,,,,,"0","0",,,,,"","","1685.53000000","1682.20000000","19.795505885150398287956248000","The remote server returned an error: (404) Not Found."
"50","2026-06-18T18:48:43.6786512+00:00","SOL","sol-updown-5m-1781808000","2585543","2026-06-18T18:40:00.0000000+00:00","2026-06-18T18:45:00.0000000+00:00","-523.679","523.679","-223.679","Up","33883635556343746924049866166209953032521320774560384687032719094764384424169",,,,,,"0","0",,,,,"","","68.76000000","68.56000000","29.171528588098016336056009000","The remote server returned an error: (404) Not Found."
"50","2026-06-18T18:48:43.6786512+00:00","SOL","sol-updown-5m-1781808000","2585543","2026-06-18T18:40:00.0000000+00:00","2026-06-18T18:45:00.0000000+00:00","-523.679","523.679","-223.679","Down","84425178885795678785795856280303190499382832162788080471884105518012716799398",,,,,,"0","0",,,,,"","","68.76000000","68.56000000","29.171528588098016336056009000","The remote server returned an error: (404) Not Found."
"50","2026-06-18T18:48:43.6786512+00:00","BTC","btc-updown-5m-1781808300","2585640","2026-06-18T18:45:00.0000000+00:00","2026-06-18T18:50:00.0000000+00:00","-223.679","223.679","76.321","Up","96824105467343580693139780796131495794995377592943523159760401295298802171896","0.76","155","0.77","259.22","0.01","76","23","945.91","1601.66","44752.00","31113.47","1781808526893","0x276fe565b84e6f769293da985dc3b180e0cbecbff90c2eaa0bd8dadba73ab8c8","62783.99000000","62772.01000000","1.9084939290616948541236770000",""
"50","2026-06-18T18:48:43.6786512+00:00","BTC","btc-updown-5m-1781808300","2585640","2026-06-18T18:45:00.0000000+00:00","2026-06-18T18:50:00.0000000+00:00","-223.679","223.679","76.321","Down","26034517743168909246241273147224929566684869610305877377037263223183270955032","0.23","130.62","0.24","206.9","0.00999999999999998","23","76","1417.11","871.11","31092.36","45738.65","1781808527978","0x276fe565b84e6f769293da985dc3b180e0cbecbff90c2eaa0bd8dadba73ab8c8","62783.99000000","62772.01000000","1.9084939290616948541236770000",""
"50","2026-06-18T18:48:43.6786512+00:00","ETH","eth-updown-5m-1781808300","2585643","2026-06-18T18:45:00.0000000+00:00","2026-06-18T18:50:00.0000000+00:00","-223.679","223.679","76.321","Up","102474497961668922711347552769699220123299855671283242332791480799824046437372","0.55","158.3","0.56","147.03","0.01","55","44","782.96","642.80","16732.69","16848.28","1781808528152","0x840a534e31b8aa9e3be0f55d32ac4df7d6ce18a9f83dbd0d9692bff516647896","1685.53000000","1685.40000000","0.7713302480123412839681970000",""
"50","2026-06-18T18:48:43.6786512+00:00","ETH","eth-updown-5m-1781808300","2585643","2026-06-18T18:45:00.0000000+00:00","2026-06-18T18:50:00.0000000+00:00","-223.679","223.679","76.321","Down","33125718133241705192250673813857380107029209118508563554468406354215970429790","0.44","147.03","0.45","158.3","0.01","44","55","642.80","781.96","16853.28","16726.89","1781808528267","0x840a534e31b8aa9e3be0f55d32ac4df7d6ce18a9f83dbd0d9692bff516647896","1685.53000000","1685.40000000","0.7713302480123412839681970000",""
"50","2026-06-18T18:48:43.6786512+00:00","SOL","sol-updown-5m-1781808300","2585647","2026-06-18T18:45:00.0000000+00:00","2026-06-18T18:50:00.0000000+00:00","-223.679","223.679","76.321","Up","78180369598222530494496686105271237794359355229256172907874710701699819593202","0.7","100","0.71","24","0.01","70","29","531.12","183.68","6578.76","4387.90","1781808528709","0x1f845170ad7636d870a6fd8677ea6ba340c9ae41df2ae093d51870e11f629bb5","68.76000000","68.73000000","4.3649061545176778699257970000",""
"50","2026-06-18T18:48:43.6786512+00:00","SOL","sol-updown-5m-1781808300","2585647","2026-06-18T18:45:00.0000000+00:00","2026-06-18T18:50:00.0000000+00:00","-223.679","223.679","76.321","Down","38718264108816871162926615169095462346059506567975488925103461747350867366676","0.29","24","0.3","100","0.01","29","70","183.68","531.12","4387.90","6591.36","1781808528840","0x1f845170ad7636d870a6fd8677ea6ba340c9ae41df2ae093d51870e11f629bb5","68.76000000","68.73000000","4.3649061545176778699257970000",""
"51","2026-06-18T18:49:06.2478287+00:00","SOL","sol-updown-5m-1781807700","2585048","2026-06-18T18:35:00.0000000+00:00","2026-06-18T18:40:00.0000000+00:00","-846.248","846.248","-546.248","Up","5718934818440668581581968206003614529786960382720153627545271500748299494477",,,,,,"0","0",,,,,"","","68.78000000","68.66000000","17.477424992717739586367609000","The remote server returned an error: (404) Not Found."
"51","2026-06-18T18:49:06.2478287+00:00","SOL","sol-updown-5m-1781807700","2585048","2026-06-18T18:35:00.0000000+00:00","2026-06-18T18:40:00.0000000+00:00","-846.248","846.248","-546.248","Down","3229234571258476502341848318045383428101862893422608253097155093276200828639",,,,,,"0","0",,,,,"","","68.78000000","68.66000000","17.477424992717739586367609000","The remote server returned an error: (404) Not Found."
"51","2026-06-18T18:49:06.2478287+00:00","BTC","btc-updown-5m-1781807700","2585050","2026-06-18T18:35:00.0000000+00:00","2026-06-18T18:40:00.0000000+00:00","-846.248","846.248","-546.248","Up","46402257018358606725498828349823690581856500639012482948187776046510407334125",,,,,,"0","0",,,,,"","","62788.00000000","62788.01000000","-0.0015926607643720512881360000","The remote server returned an error: (404) Not Found."
"51","2026-06-18T18:49:06.2478287+00:00","BTC","btc-updown-5m-1781807700","2585050","2026-06-18T18:35:00.0000000+00:00","2026-06-18T18:40:00.0000000+00:00","-846.248","846.248","-546.248","Down","35139634345922391080903425544822142400697904488413383462188748186763652240871",,,,,,"0","0",,,,,"","","62788.00000000","62788.01000000","-0.0015926607643720512881360000","The remote server returned an error: (404) Not Found."
"51","2026-06-18T18:49:06.2478287+00:00","ETH","eth-updown-5m-1781807700","2585051","2026-06-18T18:35:00.0000000+00:00","2026-06-18T18:40:00.0000000+00:00","-846.248","846.248","-546.248","Up","74461203961757261493458244738780826360022321825564372263353660790035729456590",,,,,,"0","0",,,,,"","","1685.59000000","1684.51000000","6.4113599800535467287222990000","The remote server returned an error: (404) Not Found."
"51","2026-06-18T18:49:06.2478287+00:00","ETH","eth-updown-5m-1781807700","2585051","2026-06-18T18:35:00.0000000+00:00","2026-06-18T18:40:00.0000000+00:00","-846.248","846.248","-546.248","Down","75286087574843676929308633186286345137325290048145693264847879249489792447013",,,,,,"0","0",,,,,"","","1685.59000000","1684.51000000","6.4113599800535467287222990000","The remote server returned an error: (404) Not Found."
"51","2026-06-18T18:49:06.2478287+00:00","BTC","btc-updown-5m-1781808000","2585540","2026-06-18T18:40:00.0000000+00:00","2026-06-18T18:45:00.0000000+00:00","-546.248","546.248","-246.248","Up","68879465934683457163131433626470896869720839796689695720987328811090538744534",,,,,,"0","0",,,,,"","","62788.00000000","62722.91000000","10.377388421551232237152262000","The remote server returned an error: (404) Not Found."
"51","2026-06-18T18:49:06.2478287+00:00","BTC","btc-updown-5m-1781808000","2585540","2026-06-18T18:40:00.0000000+00:00","2026-06-18T18:45:00.0000000+00:00","-546.248","546.248","-246.248","Down","90994024001936624995449612087221105721743657631296606584972031902449014752715",,,,,,"0","0",,,,,"","","62788.00000000","62722.91000000","10.377388421551232237152262000","The remote server returned an error: (404) Not Found."
"51","2026-06-18T18:49:06.2478287+00:00","ETH","eth-updown-5m-1781808000","2585542","2026-06-18T18:40:00.0000000+00:00","2026-06-18T18:45:00.0000000+00:00","-546.248","546.248","-246.248","Up","49849740713050321516107817410296468449911255652199205726679896866087747161393",,,,,,"0","0",,,,,"","","1685.59000000","1682.20000000","20.152181666864819878730234000","The remote server returned an error: (404) Not Found."
"51","2026-06-18T18:49:06.2478287+00:00","ETH","eth-updown-5m-1781808000","2585542","2026-06-18T18:40:00.0000000+00:00","2026-06-18T18:45:00.0000000+00:00","-546.248","546.248","-246.248","Down","17591791386811154609095965976303693564520569177422496092498652550151428769695",,,,,,"0","0",,,,,"","","1685.59000000","1682.20000000","20.152181666864819878730234000","The remote server returned an error: (404) Not Found."
"51","2026-06-18T18:49:06.2478287+00:00","SOL","sol-updown-5m-1781808000","2585543","2026-06-18T18:40:00.0000000+00:00","2026-06-18T18:45:00.0000000+00:00","-546.248","546.248","-246.248","Up","33883635556343746924049866166209953032521320774560384687032719094764384424169",,,,,,"0","0",,,,,"","","68.78000000","68.56000000","32.088681446907817969661610000","The remote server returned an error: (404) Not Found."
"51","2026-06-18T18:49:06.2478287+00:00","SOL","sol-updown-5m-1781808000","2585543","2026-06-18T18:40:00.0000000+00:00","2026-06-18T18:45:00.0000000+00:00","-546.248","546.248","-246.248","Down","84425178885795678785795856280303190499382832162788080471884105518012716799398",,,,,,"0","0",,,,,"","","68.78000000","68.56000000","32.088681446907817969661610000","The remote server returned an error: (404) Not Found."
"51","2026-06-18T18:49:06.2478287+00:00","BTC","btc-updown-5m-1781808300","2585640","2026-06-18T18:45:00.0000000+00:00","2026-06-18T18:50:00.0000000+00:00","-246.248","246.248","53.752","Up","96824105467343580693139780796131495794995377592943523159760401295298802171896","0.84","85.03","0.85","52.2","0.01","84","15","513.68","1099.77","43866.70","21951.76","1781808547711","0x276fe565b84e6f769293da985dc3b180e0cbecbff90c2eaa0bd8dadba73ab8c8","62788.00000000","62772.01000000","2.5473136832801753520398660000",""
"51","2026-06-18T18:49:06.2478287+00:00","BTC","btc-updown-5m-1781808300","2585640","2026-06-18T18:45:00.0000000+00:00","2026-06-18T18:50:00.0000000+00:00","-246.248","246.248","53.752","Down","26034517743168909246241273147224929566684869610305877377037263223183270955032","0.14","143.14","0.15","58.78","0.00999999999999998","14","85","2559.40","470.03","22386.96","43305.29","1781808547865","0x276fe565b84e6f769293da985dc3b180e0cbecbff90c2eaa0bd8dadba73ab8c8","62788.00000000","62772.01000000","2.5473136832801753520398660000",""
"51","2026-06-18T18:49:06.2478287+00:00","ETH","eth-updown-5m-1781808300","2585643","2026-06-18T18:45:00.0000000+00:00","2026-06-18T18:50:00.0000000+00:00","-246.248","246.248","53.752","Up","102474497961668922711347552769699220123299855671283242332791480799824046437372","0.64","13","0.65","184.05","0.01","64","35","642.12","938.58","17387.95","16020.45","1781808548051","0x840a534e31b8aa9e3be0f55d32ac4df7d6ce18a9f83dbd0d9692bff516647896","1685.59000000","1685.40000000","1.1273288240180372611842890000",""
"51","2026-06-18T18:49:06.2478287+00:00","ETH","eth-updown-5m-1781808300","2585643","2026-06-18T18:45:00.0000000+00:00","2026-06-18T18:50:00.0000000+00:00","-246.248","246.248","53.752","Down","33125718133241705192250673813857380107029209118508563554468406354215970429790","0.35","189.05","0.36","13","0.01","35","64","943.58","642.12","16066.75","17372.95","1781808548251","0x840a534e31b8aa9e3be0f55d32ac4df7d6ce18a9f83dbd0d9692bff516647896","1685.59000000","1685.40000000","1.1273288240180372611842890000",""
"51","2026-06-18T18:49:06.2478287+00:00","SOL","sol-updown-5m-1781808300","2585647","2026-06-18T18:45:00.0000000+00:00","2026-06-18T18:50:00.0000000+00:00","-246.248","246.248","53.752","Up","78180369598222530494496686105271237794359355229256172907874710701699819593202","0.88","17.4","0.89","50","0.01","88","11","190.80","443.69","6722.11","2291.38","1781808548516","0x1f845170ad7636d870a6fd8677ea6ba340c9ae41df2ae093d51870e11f629bb5","68.78000000","68.73000000","7.2748435908627964498763280000",""
"51","2026-06-18T18:49:06.2478287+00:00","SOL","sol-updown-5m-1781808300","2585647","2026-06-18T18:45:00.0000000+00:00","2026-06-18T18:50:00.0000000+00:00","-246.248","246.248","53.752","Down","38718264108816871162926615169095462346059506567975488925103461747350867366676","0.11","50","0.12","42.4","0.01","11","88","393.79","209.83","2261.48","6750.04","1781808548678","0x1f845170ad7636d870a6fd8677ea6ba340c9ae41df2ae093d51870e11f629bb5","68.78000000","68.73000000","7.2748435908627964498763280000",""
"52","2026-06-18T18:49:24.5482059+00:00","SOL","sol-updown-5m-1781807700","2585048","2026-06-18T18:35:00.0000000+00:00","2026-06-18T18:40:00.0000000+00:00","-864.548","864.548","-564.548","Up","5718934818440668581581968206003614529786960382720153627545271500748299494477",,,,,,"0","0",,,,,"","","68.75000000","68.66000000","13.108068744538304689775706000","The remote server returned an error: (404) Not Found."
"52","2026-06-18T18:49:24.5482059+00:00","SOL","sol-updown-5m-1781807700","2585048","2026-06-18T18:35:00.0000000+00:00","2026-06-18T18:40:00.0000000+00:00","-864.548","864.548","-564.548","Down","3229234571258476502341848318045383428101862893422608253097155093276200828639",,,,,,"0","0",,,,,"","","68.75000000","68.66000000","13.108068744538304689775706000","The remote server returned an error: (404) Not Found."
"52","2026-06-18T18:49:24.5482059+00:00","BTC","btc-updown-5m-1781807700","2585050","2026-06-18T18:35:00.0000000+00:00","2026-06-18T18:40:00.0000000+00:00","-864.548","864.548","-564.548","Up","46402257018358606725498828349823690581856500639012482948187776046510407334125",,,,,,"0","0",,,,,"","","62762.01000000","62788.01000000","-4.1409179873673333491537640000","The remote server returned an error: (404) Not Found."
"52","2026-06-18T18:49:24.5482059+00:00","BTC","btc-updown-5m-1781807700","2585050","2026-06-18T18:35:00.0000000+00:00","2026-06-18T18:40:00.0000000+00:00","-864.548","864.548","-564.548","Down","35139634345922391080903425544822142400697904488413383462188748186763652240871",,,,,,"0","0",,,,,"","","62762.01000000","62788.01000000","-4.1409179873673333491537640000","The remote server returned an error: (404) Not Found."
"52","2026-06-18T18:49:24.5482059+00:00","ETH","eth-updown-5m-1781807700","2585051","2026-06-18T18:35:00.0000000+00:00","2026-06-18T18:40:00.0000000+00:00","-864.548","864.548","-564.548","Up","74461203961757261493458244738780826360022321825564372263353660790035729456590",,,,,,"0","0",,,,,"","","1684.91000000","1684.51000000","2.374577770390202492119370000","The remote server returned an error: (404) Not Found."
"52","2026-06-18T18:49:24.5482059+00:00","ETH","eth-updown-5m-1781807700","2585051","2026-06-18T18:35:00.0000000+00:00","2026-06-18T18:40:00.0000000+00:00","-864.548","864.548","-564.548","Down","75286087574843676929308633186286345137325290048145693264847879249489792447013",,,,,,"0","0",,,,,"","","1684.91000000","1684.51000000","2.374577770390202492119370000","The remote server returned an error: (404) Not Found."
"52","2026-06-18T18:49:24.5482059+00:00","BTC","btc-updown-5m-1781808000","2585540","2026-06-18T18:40:00.0000000+00:00","2026-06-18T18:45:00.0000000+00:00","-564.548","564.548","-264.548","Up","68879465934683457163131433626470896869720839796689695720987328811090538744534",,,,,,"0","0",,,,,"","","62762.01000000","62722.91000000","6.2337668963381960435190270000","The remote server returned an error: (404) Not Found."
"52","2026-06-18T18:49:24.5482059+00:00","BTC","btc-updown-5m-1781808000","2585540","2026-06-18T18:40:00.0000000+00:00","2026-06-18T18:45:00.0000000+00:00","-564.548","564.548","-264.548","Down","90994024001936624995449612087221105721743657631296606584972031902449014752715",,,,,,"0","0",,,,,"","","62762.01000000","62722.91000000","6.2337668963381960435190270000","The remote server returned an error: (404) Not Found."
"52","2026-06-18T18:49:24.5482059+00:00","ETH","eth-updown-5m-1781808000","2585542","2026-06-18T18:40:00.0000000+00:00","2026-06-18T18:45:00.0000000+00:00","-564.548","564.548","-264.548","Up","49849740713050321516107817410296468449911255652199205726679896866087747161393",,,,,,"0","0",,,,,"","","1684.91000000","1682.20000000","16.109856140768041849958388000","The remote server returned an error: (404) Not Found."
"52","2026-06-18T18:49:24.5482059+00:00","ETH","eth-updown-5m-1781808000","2585542","2026-06-18T18:40:00.0000000+00:00","2026-06-18T18:45:00.0000000+00:00","-564.548","564.548","-264.548","Down","17591791386811154609095965976303693564520569177422496092498652550151428769695",,,,,,"0","0",,,,,"","","1684.91000000","1682.20000000","16.109856140768041849958388000","The remote server returned an error: (404) Not Found."
"52","2026-06-18T18:49:24.5482059+00:00","SOL","sol-updown-5m-1781808000","2585543","2026-06-18T18:40:00.0000000+00:00","2026-06-18T18:45:00.0000000+00:00","-564.548","564.548","-264.548","Up","33883635556343746924049866166209953032521320774560384687032719094764384424169",,,,,,"0","0",,,,,"","","68.75000000","68.56000000","27.712952158693115519253209000","The remote server returned an error: (404) Not Found."
"52","2026-06-18T18:49:24.5482059+00:00","SOL","sol-updown-5m-1781808000","2585543","2026-06-18T18:40:00.0000000+00:00","2026-06-18T18:45:00.0000000+00:00","-564.548","564.548","-264.548","Down","84425178885795678785795856280303190499382832162788080471884105518012716799398",,,,,,"0","0",,,,,"","","68.75000000","68.56000000","27.712952158693115519253209000","The remote server returned an error: (404) Not Found."
"52","2026-06-18T18:49:24.5482059+00:00","BTC","btc-updown-5m-1781808300","2585640","2026-06-18T18:45:00.0000000+00:00","2026-06-18T18:50:00.0000000+00:00","-264.548","264.548","35.452","Up","96824105467343580693139780796131495794995377592943523159760401295298802171896","0.67","409.28","0.68","21.76","0.01","67","30","598.57","167.36","34875.69","22069.09","1781808566198","0x276fe565b84e6f769293da985dc3b180e0cbecbff90c2eaa0bd8dadba73ab8c8","62762.01000000","62772.01000000","-1.5930667187493279249780280000",""
"52","2026-06-18T18:49:24.5482059+00:00","BTC","btc-updown-5m-1781808300","2585640","2026-06-18T18:45:00.0000000+00:00","2026-06-18T18:50:00.0000000+00:00","-264.548","264.548","35.452","Down","26034517743168909246241273147224929566684869610305877377037263223183270955032","0.32","14.14","0.33","254.31","0.01","30","67","167.89","451.34","22105.62","34873.47","1781808566365","0x276fe565b84e6f769293da985dc3b180e0cbecbff90c2eaa0bd8dadba73ab8c8","62762.01000000","62772.01000000","-1.5930667187493279249780280000",""
"52","2026-06-18T18:49:24.5482059+00:00","ETH","eth-updown-5m-1781808300","2585643","2026-06-18T18:45:00.0000000+00:00","2026-06-18T18:50:00.0000000+00:00","-264.548","264.548","35.452","Up","102474497961668922711347552769699220123299855671283242332791480799824046437372","0.41","209.67","0.42","10","0.01","41","58","907.51","68","14929.64","14583.65","1781808566513","0x840a534e31b8aa9e3be0f55d32ac4df7d6ce18a9f83dbd0d9692bff516647896","1684.91000000","1685.40000000","-2.9073217040465171472647440000",""
"52","2026-06-18T18:49:24.5482059+00:00","ETH","eth-updown-5m-1781808300","2585643","2026-06-18T18:45:00.0000000+00:00","2026-06-18T18:50:00.0000000+00:00","-264.548","264.548","35.452","Down","33125718133241705192250673813857380107029209118508563554468406354215970429790","0.58","10","0.59","227.78","0.01","58","41","68","925.62","14678.65","14923.25","1781808566675","0x840a534e31b8aa9e3be0f55d32ac4df7d6ce18a9f83dbd0d9692bff516647896","1684.91000000","1685.40000000","-2.9073217040465171472647440000",""
"52","2026-06-18T18:49:24.5482059+00:00","SOL","sol-updown-5m-1781808300","2585647","2026-06-18T18:45:00.0000000+00:00","2026-06-18T18:50:00.0000000+00:00","-264.548","264.548","35.452","Up","78180369598222530494496686105271237794359355229256172907874710701699819593202","0.81","5","0.82","0.9","0.0099999999999999","81","18","218.36","154.34","6563.35","3046.59","1781808566812","0x1f845170ad7636d870a6fd8677ea6ba340c9ae41df2ae093d51870e11f629bb5","68.75000000","68.73000000","2.9099374363451185799505310000",""
"52","2026-06-18T18:49:24.5482059+00:00","SOL","sol-updown-5m-1781808300","2585647","2026-06-18T18:45:00.0000000+00:00","2026-06-18T18:50:00.0000000+00:00","-264.548","264.548","35.452","Down","38718264108816871162926615169095462346059506567975488925103461747350867366676","0.17","43.88","0.19","5","0.02","17","81","220.37","225.36","3074.62","6567.25","1781808566944","0x1f845170ad7636d870a6fd8677ea6ba340c9ae41df2ae093d51870e11f629bb5","68.75000000","68.73000000","2.9099374363451185799505310000",""
"53","2026-06-18T18:49:42.9676834+00:00","SOL","sol-updown-5m-1781807700","2585048","2026-06-18T18:35:00.0000000+00:00","2026-06-18T18:40:00.0000000+00:00","-882.968","882.968","-582.968","Up","5718934818440668581581968206003614529786960382720153627545271500748299494477",,,,,,"0","0",,,,,"","","68.80000000","68.66000000","20.390329158170696184095543000","The remote server returned an error: (404) Not Found."
"53","2026-06-18T18:49:42.9676834+00:00","SOL","sol-updown-5m-1781807700","2585048","2026-06-18T18:35:00.0000000+00:00","2026-06-18T18:40:00.0000000+00:00","-882.968","882.968","-582.968","Down","3229234571258476502341848318045383428101862893422608253097155093276200828639",,,,,,"0","0",,,,,"","","68.80000000","68.66000000","20.390329158170696184095543000","The remote server returned an error: (404) Not Found."
"53","2026-06-18T18:49:42.9676834+00:00","BTC","btc-updown-5m-1781807700","2585050","2026-06-18T18:35:00.0000000+00:00","2026-06-18T18:40:00.0000000+00:00","-882.968","882.968","-582.968","Up","46402257018358606725498828349823690581856500639012482948187776046510407334125",,,,,,"0","0",,,,,"","","62778.00000000","62788.01000000","-1.5942534251364233394241990000","The remote server returned an error: (404) Not Found."
"53","2026-06-18T18:49:42.9676834+00:00","BTC","btc-updown-5m-1781807700","2585050","2026-06-18T18:35:00.0000000+00:00","2026-06-18T18:40:00.0000000+00:00","-882.968","882.968","-582.968","Down","35139634345922391080903425544822142400697904488413383462188748186763652240871",,,,,,"0","0",,,,,"","","62778.00000000","62788.01000000","-1.5942534251364233394241990000","The remote server returned an error: (404) Not Found."
"53","2026-06-18T18:49:42.9676834+00:00","ETH","eth-updown-5m-1781807700","2585051","2026-06-18T18:35:00.0000000+00:00","2026-06-18T18:40:00.0000000+00:00","-882.968","882.968","-582.968","Up","74461203961757261493458244738780826360022321825564372263353660790035729456590",,,,,,"0","0",,,,,"","","1685.62000000","1684.51000000","6.5894533128328119156312520000","The remote server returned an error: (404) Not Found."
"53","2026-06-18T18:49:42.9676834+00:00","ETH","eth-updown-5m-1781807700","2585051","2026-06-18T18:35:00.0000000+00:00","2026-06-18T18:40:00.0000000+00:00","-882.968","882.968","-582.968","Down","75286087574843676929308633186286345137325290048145693264847879249489792447013",,,,,,"0","0",,,,,"","","1685.62000000","1684.51000000","6.5894533128328119156312520000","The remote server returned an error: (404) Not Found."
"53","2026-06-18T18:49:42.9676834+00:00","BTC","btc-updown-5m-1781808000","2585540","2026-06-18T18:40:00.0000000+00:00","2026-06-18T18:45:00.0000000+00:00","-582.968","582.968","-282.968","Up","68879465934683457163131433626470896869720839796689695720987328811090538744534",,,,,,"0","0",,,,,"","","62778.00000000","62722.91000000","8.783074637321514578963253000","The remote server returned an error: (404) Not Found."
"53","2026-06-18T18:49:42.9676834+00:00","BTC","btc-updown-5m-1781808000","2585540","2026-06-18T18:40:00.0000000+00:00","2026-06-18T18:45:00.0000000+00:00","-582.968","582.968","-282.968","Down","90994024001936624995449612087221105721743657631296606584972031902449014752715",,,,,,"0","0",,,,,"","","62778.00000000","62722.91000000","8.783074637321514578963253000","The remote server returned an error: (404) Not Found."
"53","2026-06-18T18:49:42.9676834+00:00","ETH","eth-updown-5m-1781808000","2585542","2026-06-18T18:40:00.0000000+00:00","2026-06-18T18:45:00.0000000+00:00","-582.968","582.968","-282.968","Up","49849740713050321516107817410296468449911255652199205726679896866087747161393",,,,,,"0","0",,,,,"","","1685.62000000","1682.20000000","20.330519557722030674117227000","The remote server returned an error: (404) Not Found."
"53","2026-06-18T18:49:42.9676834+00:00","ETH","eth-updown-5m-1781808000","2585542","2026-06-18T18:40:00.0000000+00:00","2026-06-18T18:45:00.0000000+00:00","-582.968","582.968","-282.968","Down","17591791386811154609095965976303693564520569177422496092498652550151428769695",,,,,,"0","0",,,,,"","","1685.62000000","1682.20000000","20.330519557722030674117227000","The remote server returned an error: (404) Not Found."
"53","2026-06-18T18:49:42.9676834+00:00","SOL","sol-updown-5m-1781808000","2585543","2026-06-18T18:40:00.0000000+00:00","2026-06-18T18:45:00.0000000+00:00","-582.968","582.968","-282.968","Up","33883635556343746924049866166209953032521320774560384687032719094764384424169",,,,,,"0","0",,,,,"","","68.80000000","68.56000000","35.005834305717619603267211000","The remote server returned an error: (404) Not Found."
"53","2026-06-18T18:49:42.9676834+00:00","SOL","sol-updown-5m-1781808000","2585543","2026-06-18T18:40:00.0000000+00:00","2026-06-18T18:45:00.0000000+00:00","-582.968","582.968","-282.968","Down","84425178885795678785795856280303190499382832162788080471884105518012716799398",,,,,,"0","0",,,,,"","","68.80000000","68.56000000","35.005834305717619603267211000","The remote server returned an error: (404) Not Found."
"53","2026-06-18T18:49:42.9676834+00:00","BTC","btc-updown-5m-1781808300","2585640","2026-06-18T18:45:00.0000000+00:00","2026-06-18T18:50:00.0000000+00:00","-282.968","282.968","17.032","Up","96824105467343580693139780796131495794995377592943523159760401295298802171896","0.91","49.18","0.92","52.71","0.01","91","8","191.47","1208.63","38737.14","16426.73","1781808584501","0x276fe565b84e6f769293da985dc3b180e0cbecbff90c2eaa0bd8dadba73ab8c8","62778.00000000","62772.01000000","0.9542469645308474270618390000",""
"53","2026-06-18T18:49:42.9676834+00:00","BTC","btc-updown-5m-1781808300","2585640","2026-06-18T18:45:00.0000000+00:00","2026-06-18T18:50:00.0000000+00:00","-282.968","282.968","17.032","Down","26034517743168909246241273147224929566684869610305877377037263223183270955032","0.12","18","0.13","58.17","0.01","11","87","101.64","229.83","16605.98","38523.19","1781808584664","0x276fe565b84e6f769293da985dc3b180e0cbecbff90c2eaa0bd8dadba73ab8c8","62778.00000000","62772.01000000","0.9542469645308474270618390000",""
"53","2026-06-18T18:49:42.9676834+00:00","ETH","eth-updown-5m-1781808300","2585643","2026-06-18T18:45:00.0000000+00:00","2026-06-18T18:50:00.0000000+00:00","-282.968","282.968","17.032","Up","102474497961668922711347552769699220123299855671283242332791480799824046437372","0.79","119.49","0.8","13.25","0.01","79","20","380.39","535.43","15331.82","6912.38","1781808584817","0x840a534e31b8aa9e3be0f55d32ac4df7d6ce18a9f83dbd0d9692bff516647896","1685.62000000","1685.40000000","1.3053281120208852497923340000",""
"53","2026-06-18T18:49:42.9676834+00:00","ETH","eth-updown-5m-1781808300","2585643","2026-06-18T18:45:00.0000000+00:00","2026-06-18T18:50:00.0000000+00:00","-282.968","282.968","17.032","Down","33125718133241705192250673813857380107029209118508563554468406354215970429790","0.2","13.25","0.21","119.49","0.00999999999999998","20","79","535.43","380.39","6912.38","15336.82","1781808584922","0x840a534e31b8aa9e3be0f55d32ac4df7d6ce18a9f83dbd0d9692bff516647896","1685.62000000","1685.40000000","1.3053281120208852497923340000",""
"53","2026-06-18T18:49:42.9676834+00:00","SOL","sol-updown-5m-1781808300","2585647","2026-06-18T18:45:00.0000000+00:00","2026-06-18T18:50:00.0000000+00:00","-282.968","282.968","17.032","Up","78180369598222530494496686105271237794359355229256172907874710701699819593202","0.98","20.1","0.99","140.59","0.01","97",,"156.38","140.59","3378.95","140.59","1781808585091","0x1f845170ad7636d870a6fd8677ea6ba340c9ae41df2ae093d51870e11f629bb5","68.80000000","68.73000000","10.184781027207915029826859000",""
"53","2026-06-18T18:49:42.9676834+00:00","SOL","sol-updown-5m-1781808300","2585647","2026-06-18T18:45:00.0000000+00:00","2026-06-18T18:50:00.0000000+00:00","-282.968","282.968","17.032","Down","38718264108816871162926615169095462346059506567975488925103461747350867366676","0.01","140.59","0.02","20.1","0.01",,"97","140.59","156.38","140.59","3393.95","1781808585266","0x1f845170ad7636d870a6fd8677ea6ba340c9ae41df2ae093d51870e11f629bb5","68.80000000","68.73000000","10.184781027207915029826859000",""
"54","2026-06-18T18:50:01.1902713+00:00","SOL","sol-updown-5m-1781807700","2585048","2026-06-18T18:35:00.0000000+00:00","2026-06-18T18:40:00.0000000+00:00","-901.19","901.19","-601.19","Up","5718934818440668581581968206003614529786960382720153627545271500748299494477",,,,,,"0","0",,,,,"","","68.84000000","68.66000000","26.216137489076609379551413000","The remote server returned an error: (404) Not Found."
"54","2026-06-18T18:50:01.1902713+00:00","SOL","sol-updown-5m-1781807700","2585048","2026-06-18T18:35:00.0000000+00:00","2026-06-18T18:40:00.0000000+00:00","-901.19","901.19","-601.19","Down","3229234571258476502341848318045383428101862893422608253097155093276200828639",,,,,,"0","0",,,,,"","","68.84000000","68.66000000","26.216137489076609379551413000","The remote server returned an error: (404) Not Found."
"54","2026-06-18T18:50:01.1902713+00:00","BTC","btc-updown-5m-1781807700","2585050","2026-06-18T18:35:00.0000000+00:00","2026-06-18T18:40:00.0000000+00:00","-901.19","901.19","-601.19","Up","46402257018358606725498828349823690581856500639012482948187776046510407334125",,,,,,"0","0",,,,,"","","62785.96000000","62788.01000000","-0.3264954566962705140678930000","The remote server returned an error: (404) Not Found."
"54","2026-06-18T18:50:01.1902713+00:00","BTC","btc-updown-5m-1781807700","2585050","2026-06-18T18:35:00.0000000+00:00","2026-06-18T18:40:00.0000000+00:00","-901.19","901.19","-601.19","Down","35139634345922391080903425544822142400697904488413383462188748186763652240871",,,,,,"0","0",,,,,"","","62785.96000000","62788.01000000","-0.3264954566962705140678930000","The remote server returned an error: (404) Not Found."
"54","2026-06-18T18:50:01.1902713+00:00","ETH","eth-updown-5m-1781807700","2585051","2026-06-18T18:35:00.0000000+00:00","2026-06-18T18:40:00.0000000+00:00","-901.19","901.19","-601.19","Up","74461203961757261493458244738780826360022321825564372263353660790035729456590",,,,,,"0","0",,,,,"","","1686.01000000","1684.51000000","8.904666638963259345447638000","The remote server returned an error: (404) Not Found."
"54","2026-06-18T18:50:01.1902713+00:00","ETH","eth-updown-5m-1781807700","2585051","2026-06-18T18:35:00.0000000+00:00","2026-06-18T18:40:00.0000000+00:00","-901.19","901.19","-601.19","Down","75286087574843676929308633186286345137325290048145693264847879249489792447013",,,,,,"0","0",,,,,"","","1686.01000000","1684.51000000","8.904666638963259345447638000","The remote server returned an error: (404) Not Found."
"54","2026-06-18T18:50:01.1902713+00:00","BTC","btc-updown-5m-1781808000","2585540","2026-06-18T18:40:00.0000000+00:00","2026-06-18T18:45:00.0000000+00:00","-601.19","601.19","-301.19","Up","68879465934683457163131433626470896869720839796689695720987328811090538744534",,,,,,"0","0",,,,,"","","62785.96000000","62722.91000000","10.052148409568369834881704000","The remote server returned an error: (404) Not Found."
"54","2026-06-18T18:50:01.1902713+00:00","BTC","btc-updown-5m-1781808000","2585540","2026-06-18T18:40:00.0000000+00:00","2026-06-18T18:45:00.0000000+00:00","-601.19","601.19","-301.19","Down","90994024001936624995449612087221105721743657631296606584972031902449014752715",,,,,,"0","0",,,,,"","","62785.96000000","62722.91000000","10.052148409568369834881704000","The remote server returned an error: (404) Not Found."
"54","2026-06-18T18:50:01.1902713+00:00","ETH","eth-updown-5m-1781808000","2585542","2026-06-18T18:40:00.0000000+00:00","2026-06-18T18:45:00.0000000+00:00","-601.19","601.19","-301.19","Up","49849740713050321516107817410296468449911255652199205726679896866087747161393",,,,,,"0","0",,,,,"","","1686.01000000","1682.20000000","22.648912138865771014148139000","The remote server returned an error: (404) Not Found."
"54","2026-06-18T18:50:01.1902713+00:00","ETH","eth-updown-5m-1781808000","2585542","2026-06-18T18:40:00.0000000+00:00","2026-06-18T18:45:00.0000000+00:00","-601.19","601.19","-301.19","Down","17591791386811154609095965976303693564520569177422496092498652550151428769695",,,,,,"0","0",,,,,"","","1686.01000000","1682.20000000","22.648912138865771014148139000","The remote server returned an error: (404) Not Found."
"54","2026-06-18T18:50:01.1902713+00:00","SOL","sol-updown-5m-1781808000","2585543","2026-06-18T18:40:00.0000000+00:00","2026-06-18T18:45:00.0000000+00:00","-601.19","601.19","-301.19","Up","33883635556343746924049866166209953032521320774560384687032719094764384424169",,,,,,"0","0",,,,,"","","68.84000000","68.56000000","40.840140023337222870478413000","The remote server returned an error: (404) Not Found."
"54","2026-06-18T18:50:01.1902713+00:00","SOL","sol-updown-5m-1781808000","2585543","2026-06-18T18:40:00.0000000+00:00","2026-06-18T18:45:00.0000000+00:00","-601.19","601.19","-301.19","Down","84425178885795678785795856280303190499382832162788080471884105518012716799398",,,,,,"0","0",,,,,"","","68.84000000","68.56000000","40.840140023337222870478413000","The remote server returned an error: (404) Not Found."
"54","2026-06-18T18:50:01.1902713+00:00","BTC","btc-updown-5m-1781808300","2585640","2026-06-18T18:45:00.0000000+00:00","2026-06-18T18:50:00.0000000+00:00","-301.19","301.19","-1.19","Up","96824105467343580693139780796131495794995377592943523159760401295298802171896","0.99","749291.24",,,,"57","0","754994.13","0","1027421.70","0","1781808603230","0x276fe565b84e6f769293da985dc3b180e0cbecbff90c2eaa0bd8dadba73ab8c8","62785.96000000","62772.01000000","2.2223280726553124553443490000",""
"54","2026-06-18T18:50:01.1902713+00:00","BTC","btc-updown-5m-1781808300","2585640","2026-06-18T18:45:00.0000000+00:00","2026-06-18T18:50:00.0000000+00:00","-301.19","301.19","-1.19","Down","26034517743168909246241273147224929566684869610305877377037263223183270955032",,,"0.01","749291.24",,"0","57","0","754994.13","0","1027421.70","1781808603230","0x276fe565b84e6f769293da985dc3b180e0cbecbff90c2eaa0bd8dadba73ab8c8","62785.96000000","62772.01000000","2.2223280726553124553443490000",""
"54","2026-06-18T18:50:01.1902713+00:00","ETH","eth-updown-5m-1781808300","2585643","2026-06-18T18:45:00.0000000+00:00","2026-06-18T18:50:00.0000000+00:00","-301.19","301.19","-1.19","Up","102474497961668922711347552769699220123299855671283242332791480799824046437372","0.99","378721.08",,,,"38","0","384777.18","0","565989.32","0","1781808603271","0x840a534e31b8aa9e3be0f55d32ac4df7d6ce18a9f83dbd0d9692bff516647896","1686.01000000","1685.40000000","3.6193188560579091016969270000",""
"54","2026-06-18T18:50:01.1902713+00:00","ETH","eth-updown-5m-1781808300","2585643","2026-06-18T18:45:00.0000000+00:00","2026-06-18T18:50:00.0000000+00:00","-301.19","301.19","-1.19","Down","33125718133241705192250673813857380107029209118508563554468406354215970429790",,,"0.01","378721.08",,"0","38","0","384777.18","0","565989.32","1781808603271","0x840a534e31b8aa9e3be0f55d32ac4df7d6ce18a9f83dbd0d9692bff516647896","1686.01000000","1685.40000000","3.6193188560579091016969270000",""
"54","2026-06-18T18:50:01.1902713+00:00","SOL","sol-updown-5m-1781808300","2585647","2026-06-18T18:45:00.0000000+00:00","2026-06-18T18:50:00.0000000+00:00","-301.19","301.19","-1.19","Up","78180369598222530494496686105271237794359355229256172907874710701699819593202","0.99","288871.75",,,,"38","0","292956.85","0","473066.37","0","1781808604066","0x1f845170ad7636d870a6fd8677ea6ba340c9ae41df2ae093d51870e11f629bb5","68.84000000","68.73000000","16.004655899898152189727921000",""
"54","2026-06-18T18:50:01.1902713+00:00","SOL","sol-updown-5m-1781808300","2585647","2026-06-18T18:45:00.0000000+00:00","2026-06-18T18:50:00.0000000+00:00","-301.19","301.19","-1.19","Down","38718264108816871162926615169095462346059506567975488925103461747350867366676",,,"0.01","288863.16",,"0","38","0","292948.26","0","473057.78","1781808604179","0x1f845170ad7636d870a6fd8677ea6ba340c9ae41df2ae093d51870e11f629bb5","68.84000000","68.73000000","16.004655899898152189727921000",""
